{"type":"FeatureCollection","features":[{"type":"Feature","properties":{"uai_primary":"0020002S","uai_all":"0020002S","is_merged":false},"geometry":{"type":"Polygon","coordinates":[[[3.389586,49.486982],[3.388912,49.487447],[3.388795,49.48809],[3.388562,49.488222],[3.388541,49.488631],[3.388061,49.489388],[3.388256,49.490264],[3.38724,49.491563],[3.387091,49.492393],[3.387715,49.493462],[3.387749,49.494661],[3.389409,49.496327],[3.390217,49.496412],[3.392182,49.497465],[3.392976,49.497671],[3.395631,49.50022],[3.396179,49.501363],[3.39528,49.502493],[3.394013,49.503157],[3.39328,49.50388],[3.393574,49.506217],[3.394488,49.507213],[3.394551,49.509727],[3.395559,49.511709],[3.395432,49.512651],[3.396682,49.512677],[3.396745,49.514667],[3.397042,49.514676],[3.397373,49.515855],[3.397755,49.516366],[3.398134,49.516399],[3.397898,49.517311],[3.396984,49.517439],[3.396898,49.518638],[3.395939,49.519419],[3.396875,49.520347],[3.398187,49.520425],[3.398686,49.52123],[3.399057,49.525089],[3.399602,49.528103],[3.400772,49.527903],[3.404095,49.528459],[3.405242,49.528328],[3.406178,49.529069],[3.404871,49.529304],[3.403409,49.531932],[3.40201,49.533159],[3.401211,49.534704],[3.402757,49.535284],[3.402819,49.540571],[3.403001,49.541053],[3.400838,49.54374],[3.39953,49.546744],[3.398827,49.546689],[3.390354,49.54829],[3.397779,49.551249],[3.403361,49.553664],[3.402221,49.554695],[3.402949,49.555258],[3.411781,49.558593],[3.416843,49.5626],[3.417269,49.56377],[3.417512,49.565901],[3.417223,49.57081],[3.421977,49.567686],[3.424647,49.56752],[3.426706,49.566476],[3.429084,49.566305],[3.431101,49.565243],[3.450691,49.57425],[3.459059,49.576743],[3.46092,49.574686],[3.461025,49.57269],[3.462985,49.57133],[3.463227,49.569938],[3.464083,49.569486],[3.464805,49.569255],[3.465969,49.569423],[3.470035,49.56907],[3.471706,49.569099],[3.474387,49.568658],[3.477168,49.569983],[3.477804,49.57014],[3.479117,49.570018],[3.482101,49.570926],[3.482853,49.570703],[3.483544,49.570732],[3.488601,49.571391],[3.490499,49.571436],[3.492635,49.572078],[3.501472,49.573456],[3.504583,49.573382],[3.506096,49.573492],[3.507461,49.573742],[3.509837,49.574736],[3.515571,49.573242],[3.520229,49.57158],[3.523944,49.571463],[3.522613,49.569272],[3.523746,49.568393],[3.527352,49.567604],[3.527458,49.567241],[3.529477,49.56735],[3.531433,49.567206],[3.532245,49.565771],[3.52735,49.564233],[3.525261,49.564063],[3.523911,49.563142],[3.51963,49.560789],[3.520568,49.55841],[3.523495,49.558471],[3.52362,49.557605],[3.524585,49.557551],[3.525399,49.556914],[3.525445,49.550477],[3.520647,49.548449],[3.511598,49.544281],[3.514718,49.540462],[3.52397,49.537588],[3.525857,49.536456],[3.527606,49.53814],[3.530861,49.539779],[3.531673,49.539988],[3.532304,49.539904],[3.533112,49.539512],[3.533396,49.538354],[3.53406,49.537321],[3.5369,49.533922],[3.537674,49.533571],[3.53967,49.533287],[3.540645,49.532777],[3.541322,49.532797],[3.542627,49.532139],[3.54295,49.531237],[3.544038,49.530553],[3.544696,49.529189],[3.548127,49.525427],[3.54899,49.524018],[3.549045,49.523433],[3.548467,49.522361],[3.548893,49.519219],[3.549461,49.519121],[3.550873,49.519211],[3.553846,49.518775],[3.553769,49.517564],[3.553065,49.517528],[3.551132,49.516854],[3.550816,49.515994],[3.550132,49.516117],[3.548095,49.515989],[3.544929,49.516243],[3.543407,49.516078],[3.542447,49.515817],[3.542276,49.515483],[3.542232,49.513556],[3.542405,49.512914],[3.543522,49.512206],[3.545097,49.51165],[3.547908,49.510993],[3.550869,49.510694],[3.552102,49.510368],[3.553411,49.509563],[3.562143,49.510482],[3.568869,49.506772],[3.569214,49.507017],[3.571197,49.505946],[3.572545,49.500374],[3.573759,49.499548],[3.574534,49.498417],[3.575644,49.497598],[3.575575,49.497241],[3.575062,49.496691],[3.581077,49.495338],[3.585397,49.49455],[3.587643,49.493783],[3.587977,49.494069],[3.588748,49.492759],[3.591561,49.492061],[3.594115,49.492181],[3.597216,49.492545],[3.600278,49.492039],[3.601714,49.493189],[3.603791,49.493034],[3.604814,49.493265],[3.61019,49.495218],[3.610838,49.491901],[3.609328,49.490454],[3.607632,49.489349],[3.603733,49.486193],[3.602142,49.482081],[3.601157,49.480946],[3.600509,49.479848],[3.599333,49.47878],[3.598395,49.477063],[3.599265,49.474373],[3.600925,49.471659],[3.602421,49.469778],[3.602684,49.468706],[3.602827,49.468714],[3.602934,49.467552],[3.603782,49.467368],[3.603539,49.465892],[3.604448,49.465413],[3.60317,49.463616],[3.604167,49.463465],[3.604581,49.463593],[3.605033,49.462855],[3.605383,49.462624],[3.604743,49.462381],[3.604783,49.462158],[3.607089,49.461285],[3.608496,49.460965],[3.609747,49.460955],[3.609846,49.461284],[3.610332,49.461408],[3.611079,49.461275],[3.61199,49.46138],[3.612209,49.461243],[3.613374,49.461329],[3.613424,49.461696],[3.613954,49.461896],[3.614711,49.461789],[3.615367,49.462095],[3.616186,49.462186],[3.616005,49.460746],[3.615233,49.45879],[3.615304,49.457533],[3.615095,49.456952],[3.614139,49.455994],[3.614106,49.453567],[3.612074,49.453621],[3.6121,49.452578],[3.608156,49.451073],[3.604636,49.450918],[3.604096,49.450645],[3.602442,49.449231],[3.601286,49.448843],[3.599374,49.448442],[3.593006,49.448453],[3.592973,49.448217],[3.587903,49.444759],[3.585575,49.444987],[3.575959,49.446754],[3.568002,49.446283],[3.568032,49.445188],[3.561984,49.445264],[3.559753,49.445143],[3.551931,49.44032],[3.54991,49.439569],[3.547293,49.438101],[3.546144,49.437796],[3.54473,49.437149],[3.543413,49.436931],[3.542984,49.435724],[3.543119,49.439769],[3.541708,49.447183],[3.538246,49.448064],[3.538275,49.4484],[3.537468,49.44975],[3.52992,49.448198],[3.529271,49.448533],[3.527638,49.453481],[3.526876,49.454845],[3.526805,49.455323],[3.520293,49.457565],[3.518739,49.457889],[3.503573,49.45823],[3.495688,49.458591],[3.488272,49.455359],[3.483927,49.455152],[3.482969,49.454707],[3.482676,49.454836],[3.474637,49.452061],[3.459354,49.451096],[3.459402,49.450981],[3.45715,49.450495],[3.454141,49.450248],[3.45441,49.449791],[3.451847,49.449726],[3.45186,49.449564],[3.450129,49.44875],[3.447767,49.446615],[3.447873,49.444547],[3.446415,49.443157],[3.445987,49.442457],[3.445738,49.442508],[3.445012,49.442293],[3.444578,49.441853],[3.442969,49.441399],[3.441311,49.441683],[3.441068,49.441542],[3.440043,49.441602],[3.43719,49.442023],[3.437379,49.439724],[3.437243,49.438299],[3.436795,49.436715],[3.436255,49.435809],[3.43467,49.435585],[3.434325,49.436003],[3.433829,49.436244],[3.432306,49.435411],[3.432343,49.435016],[3.432073,49.43476],[3.431326,49.434452],[3.430457,49.434455],[3.429798,49.433935],[3.429232,49.434837],[3.429103,49.435588],[3.427729,49.43552],[3.424296,49.433554],[3.423346,49.434335],[3.420851,49.435124],[3.4216,49.435951],[3.421357,49.436039],[3.421441,49.436297],[3.419684,49.43721],[3.416625,49.438355],[3.408651,49.445423],[3.407235,49.447972],[3.400477,49.44397],[3.400101,49.444233],[3.396101,49.443189],[3.394808,49.443865],[3.391207,49.444321],[3.39011,49.444843],[3.38987,49.445002],[3.390623,49.445575],[3.391106,49.446214],[3.391001,49.4465],[3.390151,49.446911],[3.390929,49.447722],[3.389776,49.448507],[3.389339,49.448588],[3.38851,49.449929],[3.387803,49.449685],[3.387018,49.450507],[3.387455,49.450829],[3.386988,49.451101],[3.386613,49.45194],[3.387393,49.453689],[3.384952,49.455647],[3.385814,49.457946],[3.378702,49.463332],[3.376424,49.463116],[3.376484,49.465761],[3.376877,49.467407],[3.376152,49.467626],[3.376457,49.468246],[3.376234,49.468347],[3.37722,49.469492],[3.377337,49.469954],[3.376426,49.472268],[3.376555,49.473146],[3.376945,49.473735],[3.374998,49.473829],[3.374133,49.474306],[3.373796,49.474857],[3.373848,49.475643],[3.375273,49.478044],[3.375794,49.479994],[3.375524,49.481945],[3.374822,49.482347],[3.374565,49.484755],[3.374871,49.485415],[3.385768,49.486212],[3.387876,49.486537],[3.389586,49.486982]]]}},{"type":"Feature","properties":{"uai_primary":"0020004U","uai_all":"0020004U","is_merged":false},"geometry":{"type":"Polygon","coordinates":[[[3.255114,49.934127],[3.254544,49.936887],[3.251948,49.939549],[3.249775,49.939103],[3.249188,49.94017],[3.248218,49.939833],[3.24746,49.941108],[3.246437,49.940839],[3.246787,49.940385],[3.244285,49.939332],[3.24287,49.940338],[3.240301,49.938857],[3.239392,49.939482],[3.237974,49.938603],[3.237637,49.93892],[3.236065,49.938808],[3.233289,49.939865],[3.232361,49.939858],[3.232128,49.937648],[3.229443,49.937294],[3.225347,49.93821],[3.224848,49.937351],[3.222726,49.935837],[3.222584,49.935224],[3.220619,49.937896],[3.223037,49.938344],[3.224171,49.938206],[3.224615,49.938668],[3.224508,49.938907],[3.223487,49.938831],[3.221856,49.94074],[3.22242,49.940718],[3.224841,49.941209],[3.223699,49.942981],[3.223121,49.945804],[3.222404,49.945853],[3.218777,49.949762],[3.217473,49.949863],[3.217453,49.951403],[3.214571,49.95151],[3.213153,49.951229],[3.213199,49.952134],[3.212013,49.951848],[3.210797,49.951898],[3.208803,49.952347],[3.208604,49.953388],[3.209234,49.954589],[3.206695,49.954901],[3.20622,49.954923],[3.207957,49.950253],[3.206278,49.948624],[3.206752,49.948354],[3.205825,49.94763],[3.206515,49.947345],[3.20623,49.945638],[3.204428,49.945721],[3.203811,49.945055],[3.20272,49.945422],[3.202256,49.945019],[3.199969,49.94596],[3.197376,49.943243],[3.196585,49.942673],[3.19346,49.939143],[3.190693,49.939348],[3.190185,49.939841],[3.190089,49.940641],[3.189197,49.940632],[3.18919,49.939847],[3.188391,49.939855],[3.186821,49.941243],[3.185439,49.942131],[3.184786,49.943138],[3.184416,49.943056],[3.182659,49.94489],[3.182268,49.944747],[3.181462,49.946021],[3.180834,49.946392],[3.178412,49.947127],[3.17776,49.947029],[3.17736,49.946442],[3.174099,49.944475],[3.173271,49.943532],[3.171639,49.940651],[3.171665,49.939541],[3.168905,49.938431],[3.168986,49.939327],[3.16644,49.942379],[3.166623,49.942569],[3.16402,49.94551],[3.165273,49.946569],[3.1647,49.947493],[3.16628,49.950092],[3.16522,49.950157],[3.164369,49.949736],[3.164097,49.950003],[3.16323,49.949593],[3.161182,49.951213],[3.160868,49.951055],[3.159438,49.9522],[3.161024,49.952959],[3.160671,49.953582],[3.163554,49.955512],[3.164566,49.955997],[3.162582,49.957288],[3.165776,49.958717],[3.1659,49.958645],[3.168026,49.961405],[3.162808,49.961748],[3.163475,49.963124],[3.162628,49.963718],[3.163318,49.964063],[3.162622,49.965015],[3.164284,49.965691],[3.165031,49.965384],[3.166815,49.966326],[3.166902,49.96621],[3.168788,49.967431],[3.168667,49.967522],[3.172596,49.968523],[3.173133,49.968847],[3.173428,49.969477],[3.174724,49.970696],[3.177247,49.97199],[3.179537,49.972633],[3.181215,49.972788],[3.180781,49.973338],[3.182441,49.974857],[3.183094,49.976306],[3.184553,49.975303],[3.185134,49.97636],[3.18556,49.976155],[3.187084,49.977649],[3.190712,49.976094],[3.199316,49.982236],[3.202109,49.983857],[3.20102,49.984519],[3.202769,49.985482],[3.20192,49.985951],[3.198701,49.984686],[3.195546,49.985353],[3.197214,49.98699],[3.195055,49.987882],[3.19469,49.987532],[3.19247,49.988877],[3.194641,49.990628],[3.194604,49.992282],[3.194015,49.992411],[3.194802,49.993938],[3.193952,49.99459],[3.189058,49.992216],[3.187421,49.994514],[3.185967,49.994883],[3.184876,49.993691],[3.183303,49.993072],[3.178979,49.994918],[3.176081,49.993739],[3.174895,49.994797],[3.178636,49.996888],[3.175471,49.999671],[3.173903,50.002097],[3.171223,50.002869],[3.171999,50.005089],[3.172533,50.009963],[3.169437,50.010241],[3.171016,50.012125],[3.17252,50.011892],[3.172961,50.011312],[3.173815,50.011858],[3.178834,50.012718],[3.179542,50.012227],[3.183416,50.012754],[3.183367,50.013104],[3.183912,50.013112],[3.184628,50.013341],[3.184529,50.013013],[3.186507,50.013782],[3.186669,50.013615],[3.189909,50.01509],[3.190063,50.014962],[3.194025,50.016195],[3.196195,50.017212],[3.19658,50.014802],[3.197795,50.015051],[3.197555,50.015878],[3.1979,50.015885],[3.197831,50.01661],[3.200313,50.016621],[3.201214,50.016984],[3.201793,50.017523],[3.202555,50.017672],[3.202758,50.018001],[3.203964,50.017694],[3.204224,50.018483],[3.205148,50.01838],[3.206704,50.018464],[3.206601,50.018974],[3.208863,50.019801],[3.208979,50.019703],[3.211954,50.021019],[3.212064,50.02091],[3.213419,50.021285],[3.213292,50.021578],[3.214434,50.021902],[3.214237,50.022184],[3.215818,50.02262],[3.217295,50.023533],[3.218023,50.023678],[3.22106,50.026984],[3.222572,50.026506],[3.22307,50.026003],[3.223588,50.026813],[3.223739,50.028842],[3.225173,50.02989],[3.226219,50.029652],[3.226788,50.030243],[3.227314,50.032504],[3.228945,50.032587],[3.230688,50.032485],[3.230619,50.03148],[3.231691,50.029821],[3.232066,50.030043],[3.234383,50.027816],[3.236321,50.028861],[3.236245,50.028999],[3.238083,50.029312],[3.239493,50.029913],[3.241614,50.030421],[3.244239,50.030771],[3.244835,50.030125],[3.245209,50.028118],[3.258244,50.024374],[3.257986,50.027593],[3.258257,50.028451],[3.25748,50.028957],[3.257634,50.029642],[3.258074,50.029715],[3.258178,50.029973],[3.257687,50.031104],[3.258096,50.032013],[3.26186,50.03107],[3.27124,50.029266],[3.271927,50.02736],[3.273271,50.026967],[3.273646,50.026282],[3.274898,50.024933],[3.278218,50.021791],[3.27639,50.020843],[3.276001,50.02113],[3.273383,50.020411],[3.276724,50.018012],[3.275148,50.017],[3.275506,50.016239],[3.276736,50.016381],[3.277153,50.015418],[3.277061,50.015117],[3.277587,50.01436],[3.280567,50.015386],[3.284043,50.015984],[3.285946,50.01362],[3.290273,50.015754],[3.291784,50.01527],[3.293543,50.015897],[3.296576,50.017484],[3.300001,50.018085],[3.300435,50.017388],[3.309307,50.019352],[3.313077,50.019951],[3.314968,50.018825],[3.316483,50.018874],[3.321451,50.016842],[3.325131,50.016416],[3.325595,50.016197],[3.327858,50.015847],[3.329375,50.015902],[3.330143,50.016703],[3.33711,50.017099],[3.340195,50.014281],[3.340952,50.01378],[3.343584,50.013032],[3.343584,50.012697],[3.354519,50.012268],[3.354427,50.011696],[3.355937,50.010946],[3.356857,50.00898],[3.361833,50.009484],[3.362928,50.008261],[3.363208,50.006948],[3.366106,50.007889],[3.366633,50.007047],[3.368497,50.007742],[3.375842,50.002932],[3.374657,49.999564],[3.373526,49.997428],[3.374156,49.996832],[3.375518,49.996598],[3.377304,49.996572],[3.378125,49.996904],[3.37769,49.9961],[3.377688,49.99561],[3.37826,49.993895],[3.378195,49.993536],[3.376216,49.988819],[3.36937,49.987303],[3.369211,49.988008],[3.366466,49.986579],[3.354405,49.986457],[3.351973,49.986312],[3.35373,49.982164],[3.352586,49.980553],[3.350661,49.979521],[3.348906,49.978114],[3.348367,49.978328],[3.34781,49.978332],[3.346963,49.9778],[3.343962,49.977421],[3.343415,49.977875],[3.342997,49.977878],[3.342442,49.977435],[3.338956,49.978538],[3.338902,49.979223],[3.338628,49.979404],[3.338071,49.97941],[3.335464,49.977859],[3.33378,49.977155],[3.332769,49.977029],[3.332786,49.976364],[3.332492,49.976391],[3.332314,49.974811],[3.331162,49.975138],[3.33158,49.974782],[3.329762,49.973803],[3.330349,49.973244],[3.329072,49.972631],[3.329357,49.97221],[3.327511,49.972043],[3.328186,49.971292],[3.325927,49.970432],[3.327307,49.969541],[3.325211,49.968662],[3.324998,49.968449],[3.325246,49.968269],[3.322866,49.967029],[3.323535,49.966572],[3.322842,49.965884],[3.321325,49.965013],[3.319686,49.963682],[3.3206,49.963199],[3.32002,49.962641],[3.32043,49.962415],[3.316855,49.960458],[3.317348,49.96045],[3.31582,49.958125],[3.316288,49.957699],[3.315474,49.957346],[3.316422,49.95657],[3.314909,49.955909],[3.316745,49.954607],[3.315461,49.953445],[3.314198,49.953941],[3.31287,49.952281],[3.309343,49.949174],[3.309022,49.949309],[3.308874,49.949165],[3.307159,49.949853],[3.306976,49.949802],[3.304127,49.947142],[3.303339,49.947304],[3.303055,49.946542],[3.303056,49.945414],[3.302251,49.943636],[3.300051,49.944722],[3.298125,49.942462],[3.297326,49.942824],[3.295688,49.941328],[3.29232,49.943189],[3.290331,49.941541],[3.292246,49.940753],[3.29167,49.939892],[3.293149,49.939511],[3.291786,49.937725],[3.292674,49.937323],[3.292317,49.936177],[3.291603,49.935154],[3.29212,49.93511],[3.291668,49.933427],[3.290082,49.931493],[3.288919,49.931588],[3.287159,49.931452],[3.285185,49.93067],[3.283895,49.930685],[3.281035,49.929855],[3.280976,49.930191],[3.279889,49.930941],[3.278575,49.93027],[3.278656,49.930084],[3.278417,49.929795],[3.274037,49.928232],[3.273412,49.928448],[3.270979,49.927163],[3.266146,49.925374],[3.264786,49.927951],[3.264509,49.927997],[3.260063,49.926059],[3.254993,49.930667],[3.256109,49.93133],[3.257564,49.931908],[3.254864,49.934039],[3.255114,49.934127]]]}},{"type":"Feature","properties":{"uai_primary":"0020007X","uai_all":"0020007X","is_merged":false},"geometry":{"type":"Polygon","coordinates":[[[3.428242,50.022065],[3.436262,50.022192],[3.43898,50.02236],[3.438911,50.02267],[3.44309,50.0227],[3.447056,50.02244],[3.4511,50.021909],[3.452176,50.022387],[3.455469,50.022566],[3.455392,50.022425],[3.456941,50.022044],[3.456796,50.02156],[3.458131,50.021449],[3.459338,50.021047],[3.465423,50.019928],[3.467091,50.019778],[3.467701,50.020415],[3.469522,50.021631],[3.471694,50.021343],[3.472952,50.020889],[3.47526,50.020884],[3.490337,50.018932],[3.488178,50.015599],[3.492309,50.013968],[3.494221,50.012749],[3.495391,50.01221],[3.494468,50.011501],[3.495227,50.010265],[3.495776,50.01002],[3.49804,50.010841],[3.498071,50.010351],[3.497633,50.009153],[3.499033,50.008143],[3.499469,50.007059],[3.503575,50.006252],[3.504243,50.006038],[3.504977,50.005538],[3.505586,50.003558],[3.507132,50.001239],[3.504349,50.000249],[3.504627,49.999465],[3.505257,49.999036],[3.504892,49.998105],[3.505582,49.993482],[3.506862,49.992192],[3.507855,49.992245],[3.507744,49.991077],[3.507926,49.990424],[3.50744,49.989543],[3.508065,49.988717],[3.508848,49.987809],[3.511386,49.986459],[3.510849,49.984457],[3.511938,49.983711],[3.512496,49.983602],[3.514377,49.984846],[3.520705,49.98629],[3.52759,49.988161],[3.532809,49.986175],[3.535831,49.983437],[3.538438,49.981981],[3.539259,49.981935],[3.539212,49.980889],[3.538385,49.979495],[3.537011,49.975344],[3.533434,49.968395],[3.532367,49.966725],[3.534481,49.966296],[3.535758,49.967753],[3.536766,49.967549],[3.537091,49.968316],[3.53804,49.96955],[3.540006,49.971163],[3.542057,49.97165],[3.546234,49.971258],[3.547579,49.971389],[3.547798,49.969774],[3.548325,49.969435],[3.549587,49.969024],[3.551508,49.969433],[3.555265,49.968671],[3.554999,49.965227],[3.55356,49.96417],[3.552974,49.96319],[3.553761,49.961993],[3.554208,49.961919],[3.554566,49.961643],[3.554007,49.960216],[3.553167,49.960239],[3.552407,49.958976],[3.552393,49.958224],[3.552761,49.957368],[3.552329,49.955934],[3.552496,49.955226],[3.551641,49.953746],[3.549886,49.952479],[3.548335,49.950923],[3.549769,49.950082],[3.549025,49.949098],[3.549619,49.949132],[3.549309,49.946243],[3.549739,49.946177],[3.549374,49.944863],[3.551758,49.944341],[3.552442,49.943493],[3.55466,49.943644],[3.555455,49.943424],[3.555411,49.941982],[3.556616,49.939332],[3.552764,49.939181],[3.552766,49.93798],[3.550514,49.937701],[3.549732,49.936805],[3.550829,49.936326],[3.548207,49.935661],[3.545916,49.93551],[3.545202,49.931971],[3.544569,49.930738],[3.545272,49.929981],[3.542957,49.929211],[3.542589,49.930374],[3.5393,49.929989],[3.536252,49.928506],[3.535344,49.928979],[3.538835,49.930915],[3.538866,49.931065],[3.538542,49.932484],[3.537772,49.933239],[3.536318,49.934135],[3.535928,49.934955],[3.533976,49.934322],[3.532561,49.934909],[3.531311,49.935796],[3.530011,49.935244],[3.527558,49.936933],[3.525791,49.939133],[3.523614,49.939685],[3.523046,49.938118],[3.522204,49.936944],[3.521471,49.937842],[3.516789,49.939837],[3.51343,49.937753],[3.512609,49.938091],[3.511117,49.936798],[3.509009,49.937653],[3.50741,49.938665],[3.508904,49.93988],[3.507357,49.941534],[3.50712,49.942113],[3.505902,49.941802],[3.504863,49.943345],[3.502603,49.94466],[3.501993,49.945861],[3.500164,49.945453],[3.500146,49.948622],[3.499497,49.949006],[3.499579,49.953144],[3.496541,49.952774],[3.496778,49.951593],[3.495355,49.951401],[3.49557,49.948454],[3.495293,49.947202],[3.493573,49.94697],[3.494558,49.945328],[3.492743,49.944763],[3.495042,49.942828],[3.491707,49.942102],[3.490738,49.943731],[3.489392,49.94358],[3.488099,49.944025],[3.486648,49.94647],[3.482196,49.946388],[3.482061,49.945965],[3.478467,49.945866],[3.478434,49.946367],[3.4747,49.946369],[3.476068,49.950209],[3.474484,49.950574],[3.473579,49.951005],[3.471244,49.950976],[3.47121,49.950714],[3.46985,49.950636],[3.46981,49.950394],[3.46879,49.950366],[3.468412,49.949466],[3.46976,49.947043],[3.468184,49.946734],[3.468266,49.946541],[3.463939,49.9461],[3.462326,49.945752],[3.461765,49.946536],[3.461055,49.946566],[3.461035,49.947294],[3.459307,49.94738],[3.458541,49.946655],[3.452574,49.946471],[3.452315,49.947266],[3.452801,49.947432],[3.452487,49.94821],[3.450291,49.947776],[3.450461,49.949012],[3.450153,49.951343],[3.452671,49.952868],[3.453474,49.953004],[3.455731,49.958268],[3.455235,49.96011],[3.45324,49.962494],[3.453457,49.963574],[3.451209,49.964091],[3.446733,49.966256],[3.43984,49.969125],[3.441278,49.970813],[3.438728,49.970807],[3.437628,49.972327],[3.438958,49.974476],[3.439357,49.976053],[3.438373,49.976657],[3.438252,49.976986],[3.436839,49.978061],[3.436152,49.977682],[3.435907,49.974775],[3.4356,49.973916],[3.435089,49.973379],[3.434526,49.973583],[3.432157,49.972416],[3.427055,49.971169],[3.425946,49.971374],[3.425521,49.972176],[3.424679,49.972311],[3.423679,49.972171],[3.421497,49.973455],[3.421236,49.973989],[3.420969,49.973945],[3.420936,49.97179],[3.419454,49.970227],[3.417915,49.969204],[3.413855,49.967745],[3.41225,49.967393],[3.401915,49.963912],[3.399732,49.963337],[3.392717,49.961959],[3.392198,49.961456],[3.385285,49.962806],[3.381095,49.957356],[3.376675,49.95926],[3.378054,49.960102],[3.374522,49.96245],[3.375089,49.963155],[3.375486,49.964428],[3.376087,49.965166],[3.373814,49.967705],[3.370562,49.966218],[3.367584,49.969089],[3.368671,49.969857],[3.37036,49.97053],[3.369902,49.97135],[3.370822,49.971817],[3.370717,49.973094],[3.368927,49.974734],[3.370367,49.975516],[3.365876,49.977153],[3.367437,49.980576],[3.368826,49.982747],[3.369761,49.983586],[3.370306,49.985142],[3.368957,49.985796],[3.367698,49.985491],[3.366466,49.986579],[3.369211,49.988008],[3.36937,49.987303],[3.376216,49.988819],[3.378195,49.993536],[3.37826,49.993895],[3.377688,49.99561],[3.37769,49.9961],[3.378125,49.996904],[3.377304,49.996572],[3.375518,49.996598],[3.374156,49.996832],[3.373526,49.997428],[3.374657,49.999564],[3.375842,50.002932],[3.368497,50.007742],[3.366633,50.007047],[3.366106,50.007889],[3.363208,50.006948],[3.362928,50.008261],[3.361833,50.009484],[3.356857,50.00898],[3.355937,50.010946],[3.354427,50.011696],[3.354519,50.012268],[3.343584,50.012697],[3.343584,50.013032],[3.340952,50.01378],[3.340195,50.014281],[3.33711,50.017099],[3.338917,50.020091],[3.339793,50.02227],[3.341467,50.022179],[3.341874,50.026409],[3.346775,50.027295],[3.350964,50.02732],[3.351842,50.02947],[3.351971,50.030361],[3.351099,50.032375],[3.350238,50.032478],[3.350219,50.033392],[3.350565,50.033924],[3.350385,50.034581],[3.352492,50.035815],[3.352846,50.035794],[3.353254,50.036004],[3.354071,50.03551],[3.355184,50.035809],[3.356067,50.035857],[3.357102,50.035309],[3.357658,50.035305],[3.358521,50.035625],[3.358364,50.03613],[3.358862,50.036237],[3.359061,50.035742],[3.360951,50.036176],[3.362068,50.036256],[3.363674,50.03685],[3.36408,50.036335],[3.364972,50.036422],[3.366193,50.036176],[3.369142,50.036394],[3.370319,50.035918],[3.370946,50.036333],[3.372136,50.035729],[3.375694,50.03658],[3.377486,50.036665],[3.37756,50.035891],[3.377836,50.035709],[3.378642,50.035701],[3.378863,50.03585],[3.380127,50.035547],[3.379429,50.034619],[3.380164,50.033516],[3.382253,50.034228],[3.382517,50.034012],[3.382191,50.033329],[3.383408,50.031523],[3.385857,50.03204],[3.389153,50.030567],[3.39129,50.031904],[3.392595,50.031045],[3.398905,50.034756],[3.40735,50.030134],[3.407987,50.030623],[3.411361,50.027357],[3.413534,50.025685],[3.416061,50.026476],[3.421025,50.029045],[3.421754,50.028548],[3.424925,50.027486],[3.42697,50.025145],[3.429638,50.024511],[3.428242,50.022065]]]}},{"type":"Feature","properties":{"uai_primary":"0020009Z","uai_all":"0020009Z","is_merged":false},"geometry":{"type":"Polygon","coordinates":[[[3.561393,49.371336],[3.564681,49.370626],[3.566413,49.368984],[3.567239,49.368518],[3.577002,49.36481],[3.582461,49.365588],[3.589486,49.365802],[3.597858,49.371958],[3.601734,49.375646],[3.599906,49.379129],[3.599533,49.381004],[3.600012,49.383151],[3.600201,49.385509],[3.605615,49.385174],[3.607641,49.385311],[3.609303,49.385683],[3.612536,49.385254],[3.614294,49.384619],[3.615918,49.384897],[3.619475,49.384639],[3.620771,49.384744],[3.621187,49.384874],[3.622136,49.386525],[3.62256,49.386857],[3.625192,49.385743],[3.62559,49.386451],[3.626772,49.391265],[3.629517,49.39097],[3.629338,49.390385],[3.631776,49.389559],[3.631972,49.389798],[3.634798,49.388726],[3.635107,49.38869],[3.635242,49.389354],[3.637061,49.389043],[3.638862,49.387473],[3.640657,49.387139],[3.641743,49.387067],[3.642089,49.387856],[3.642164,49.388959],[3.643205,49.390671],[3.64527,49.390164],[3.64656,49.390338],[3.647142,49.390685],[3.647634,49.389032],[3.648488,49.388915],[3.651778,49.38877],[3.655354,49.38887],[3.658148,49.38878],[3.656826,49.393822],[3.657941,49.393884],[3.659298,49.394269],[3.659795,49.394555],[3.661338,49.394694],[3.662466,49.395022],[3.664147,49.395052],[3.664565,49.394961],[3.666649,49.39298],[3.667615,49.392392],[3.669485,49.39173],[3.672282,49.390301],[3.674841,49.390181],[3.675521,49.390063],[3.676172,49.389644],[3.676746,49.388737],[3.677644,49.388247],[3.678212,49.38772],[3.678573,49.385592],[3.678534,49.384619],[3.679565,49.383753],[3.680046,49.383107],[3.681021,49.382984],[3.682619,49.383758],[3.683473,49.377047],[3.685246,49.376103],[3.691583,49.376057],[3.691719,49.378287],[3.696082,49.378308],[3.696108,49.377239],[3.696528,49.376127],[3.697525,49.376086],[3.698341,49.374276],[3.700644,49.374669],[3.702948,49.372726],[3.706179,49.372342],[3.716022,49.366959],[3.719912,49.367859],[3.721624,49.367896],[3.72287,49.36756],[3.723396,49.367595],[3.725955,49.368289],[3.72738,49.369244],[3.72722,49.368826],[3.727495,49.368104],[3.726757,49.365885],[3.732729,49.360928],[3.735469,49.359256],[3.737743,49.357445],[3.737273,49.353108],[3.739114,49.347907],[3.741003,49.348149],[3.740835,49.346943],[3.741971,49.339893],[3.742166,49.336821],[3.731683,49.335024],[3.730958,49.3356],[3.72114,49.335835],[3.711917,49.333784],[3.703105,49.332944],[3.701293,49.332508],[3.699129,49.332213],[3.696301,49.330858],[3.694616,49.329831],[3.693271,49.328756],[3.691874,49.329508],[3.691675,49.329922],[3.68931,49.327115],[3.684132,49.327147],[3.684146,49.326637],[3.683492,49.326052],[3.680114,49.325079],[3.677433,49.324609],[3.671641,49.324454],[3.6715,49.325267],[3.669392,49.325109],[3.66527,49.320737],[3.665177,49.319795],[3.65866,49.318079],[3.658584,49.317801],[3.656089,49.317548],[3.655976,49.317125],[3.654078,49.316406],[3.647597,49.315954],[3.645819,49.313637],[3.644925,49.313602],[3.644218,49.312801],[3.64394,49.312714],[3.643816,49.308349],[3.643262,49.308175],[3.643219,49.306468],[3.643552,49.30606],[3.64362,49.303034],[3.642378,49.302699],[3.640871,49.301748],[3.64055,49.301746],[3.640134,49.302016],[3.639773,49.301935],[3.63882,49.30125],[3.638224,49.301242],[3.638305,49.301014],[3.638628,49.300907],[3.641252,49.297225],[3.641787,49.296636],[3.642802,49.296041],[3.64845,49.293949],[3.649805,49.29317],[3.650977,49.292843],[3.653304,49.292503],[3.655947,49.291081],[3.657318,49.291021],[3.657629,49.2871],[3.658995,49.28677],[3.656807,49.285043],[3.652631,49.282842],[3.651609,49.278361],[3.652156,49.278219],[3.653025,49.277303],[3.656188,49.274797],[3.658751,49.273016],[3.66028,49.271104],[3.661563,49.270122],[3.665127,49.269433],[3.661789,49.268346],[3.661182,49.268803],[3.659095,49.267702],[3.658249,49.266858],[3.658158,49.26596],[3.656601,49.264136],[3.655414,49.263384],[3.655321,49.262981],[3.654687,49.263078],[3.653879,49.26368],[3.65209,49.263936],[3.651163,49.263858],[3.647013,49.262852],[3.641836,49.261761],[3.641183,49.261734],[3.634984,49.260101],[3.634366,49.259228],[3.63444,49.258914],[3.633784,49.258769],[3.631657,49.2588],[3.630541,49.258678],[3.630922,49.257451],[3.633377,49.25369],[3.632338,49.253381],[3.629519,49.253042],[3.627393,49.253351],[3.626613,49.252902],[3.624034,49.252662],[3.622317,49.252697],[3.621678,49.250672],[3.621313,49.250182],[3.619022,49.248084],[3.618891,49.247228],[3.615202,49.243673],[3.615093,49.243453],[3.616051,49.243068],[3.614564,49.241093],[3.612433,49.239346],[3.611257,49.23775],[3.611117,49.237707],[3.610353,49.238319],[3.609236,49.23676],[3.608419,49.236054],[3.607812,49.236331],[3.607492,49.236205],[3.605815,49.234695],[3.60338,49.232084],[3.602084,49.232256],[3.601942,49.231381],[3.600695,49.228381],[3.599675,49.228488],[3.593906,49.230264],[3.592321,49.230936],[3.591466,49.230334],[3.589796,49.233667],[3.589632,49.234391],[3.588032,49.234864],[3.586558,49.236067],[3.585643,49.236975],[3.583912,49.239413],[3.582748,49.240314],[3.583065,49.242108],[3.582803,49.242559],[3.581116,49.243799],[3.582592,49.245177],[3.583018,49.245801],[3.579798,49.247722],[3.576007,49.245635],[3.574454,49.244877],[3.573745,49.244705],[3.573148,49.243778],[3.57245,49.243607],[3.569156,49.243356],[3.564688,49.242379],[3.564376,49.242811],[3.562551,49.243726],[3.562493,49.246112],[3.562791,49.247097],[3.565409,49.250394],[3.56608,49.25205],[3.565883,49.252411],[3.567269,49.252982],[3.566872,49.253615],[3.567162,49.254285],[3.568607,49.254405],[3.568689,49.254944],[3.568291,49.255532],[3.567754,49.256032],[3.566732,49.256366],[3.568014,49.258284],[3.559826,49.25747],[3.555411,49.261415],[3.55521,49.262198],[3.555607,49.263898],[3.552677,49.264944],[3.551804,49.265102],[3.550041,49.266758],[3.548976,49.266347],[3.548755,49.265967],[3.548131,49.265832],[3.547743,49.265567],[3.546597,49.265214],[3.545274,49.265064],[3.545284,49.264858],[3.544696,49.264798],[3.543109,49.264087],[3.542636,49.264079],[3.542475,49.263887],[3.541885,49.263804],[3.541776,49.26356],[3.541268,49.263324],[3.54106,49.263462],[3.540409,49.263138],[3.538923,49.263176],[3.538819,49.263007],[3.537933,49.262959],[3.536328,49.262294],[3.536109,49.262136],[3.536063,49.261461],[3.535143,49.261187],[3.53481,49.260844],[3.534767,49.259765],[3.534469,49.259483],[3.529348,49.260493],[3.524784,49.262278],[3.515526,49.266446],[3.515256,49.266657],[3.517687,49.268709],[3.518698,49.270279],[3.518862,49.271007],[3.518736,49.27139],[3.517859,49.271816],[3.521098,49.272171],[3.519444,49.275611],[3.50801,49.27761],[3.508089,49.278086],[3.508955,49.278119],[3.508722,49.279012],[3.508761,49.282868],[3.50185,49.281588],[3.498215,49.281202],[3.493055,49.281022],[3.493248,49.277833],[3.49358,49.276144],[3.494577,49.27479],[3.493713,49.274568],[3.493836,49.273894],[3.491089,49.273875],[3.491195,49.272481],[3.491054,49.272348],[3.488312,49.272554],[3.488158,49.271791],[3.482118,49.272478],[3.479863,49.269849],[3.478683,49.269276],[3.477655,49.269852],[3.47593,49.270359],[3.4767,49.27252],[3.476557,49.274288],[3.475843,49.274389],[3.475151,49.278231],[3.472282,49.27812],[3.473842,49.280114],[3.473434,49.280297],[3.473927,49.280877],[3.474416,49.281231],[3.475941,49.281235],[3.47571,49.282131],[3.475759,49.284351],[3.473251,49.284486],[3.470684,49.286397],[3.470622,49.286712],[3.469296,49.287892],[3.467603,49.289939],[3.467228,49.291341],[3.467205,49.29285],[3.467471,49.293831],[3.472447,49.30275],[3.472537,49.303263],[3.468739,49.306019],[3.470224,49.307848],[3.471389,49.307747],[3.472587,49.317808],[3.471106,49.317921],[3.470809,49.319573],[3.463666,49.320164],[3.458289,49.320389],[3.452529,49.312027],[3.451894,49.312828],[3.450747,49.313503],[3.442852,49.316003],[3.436724,49.317622],[3.429151,49.321089],[3.43039,49.323265],[3.429792,49.329001],[3.427681,49.331098],[3.427514,49.332808],[3.428752,49.333],[3.42981,49.333883],[3.431127,49.336865],[3.431313,49.340018],[3.431834,49.341157],[3.431825,49.341556],[3.432289,49.342192],[3.432327,49.343338],[3.43212,49.343813],[3.431044,49.34434],[3.431095,49.344781],[3.43087,49.344941],[3.432329,49.345596],[3.43321,49.345132],[3.434011,49.34496],[3.435222,49.345883],[3.436066,49.345566],[3.437783,49.345289],[3.438791,49.344873],[3.439235,49.345204],[3.440077,49.34499],[3.440273,49.345207],[3.440871,49.344973],[3.442278,49.346749],[3.443661,49.347386],[3.442813,49.347316],[3.441898,49.347646],[3.445813,49.352397],[3.43785,49.356999],[3.437279,49.357176],[3.432721,49.361994],[3.427955,49.363857],[3.426394,49.36808],[3.426954,49.368246],[3.426564,49.368513],[3.429629,49.369917],[3.431022,49.371132],[3.431229,49.371736],[3.432534,49.372568],[3.433135,49.373728],[3.432741,49.374185],[3.435656,49.376049],[3.438162,49.378192],[3.439295,49.378897],[3.441071,49.380618],[3.444035,49.382863],[3.445104,49.38388],[3.448104,49.38602],[3.451055,49.387074],[3.458449,49.388176],[3.461256,49.388797],[3.463192,49.389759],[3.466676,49.393117],[3.467464,49.393592],[3.467743,49.393695],[3.4681,49.393387],[3.467968,49.392862],[3.468297,49.392683],[3.469202,49.39265],[3.469687,49.393203],[3.470935,49.393022],[3.470878,49.392661],[3.470028,49.392348],[3.470093,49.391995],[3.470393,49.391883],[3.471001,49.392179],[3.471262,49.392043],[3.471837,49.391084],[3.471207,49.390858],[3.471127,49.390554],[3.471338,49.390488],[3.471983,49.390661],[3.472701,49.390559],[3.472838,49.389576],[3.474057,49.390094],[3.473918,49.390556],[3.473424,49.390934],[3.473635,49.391195],[3.47406,49.391283],[3.474269,49.390996],[3.475311,49.390631],[3.475422,49.390284],[3.475025,49.390047],[3.474321,49.389948],[3.474109,49.389604],[3.474215,49.388855],[3.47464,49.388627],[3.475082,49.388696],[3.474559,49.389133],[3.47472,49.389296],[3.475447,49.388929],[3.476803,49.389205],[3.477279,49.389043],[3.477449,49.388326],[3.477919,49.387953],[3.479628,49.388081],[3.479977,49.388807],[3.480381,49.388843],[3.480767,49.388543],[3.483567,49.38985],[3.479737,49.393267],[3.478159,49.395163],[3.474731,49.398535],[3.476261,49.399005],[3.478599,49.399305],[3.480242,49.39978],[3.486042,49.403197],[3.501236,49.393468],[3.504603,49.395401],[3.509479,49.396308],[3.507706,49.390234],[3.50798,49.385927],[3.510301,49.382406],[3.528474,49.381408],[3.528644,49.381524],[3.534866,49.381562],[3.541014,49.38061],[3.546572,49.378769],[3.549682,49.377463],[3.556094,49.375248],[3.561393,49.371336]]]}},{"type":"Feature","properties":{"uai_primary":"0020011B","uai_all":"0020011B","is_merged":false},"geometry":{"type":"Polygon","coordinates":[[[3.378395,49.003837],[3.378903,49.005992],[3.37896,49.007805],[3.378747,49.009717],[3.378166,49.011373],[3.380658,49.01146],[3.38694,49.011315],[3.387483,49.011176],[3.400474,49.00492],[3.401365,49.004618],[3.403931,49.003202],[3.405189,49.001249],[3.405858,49.000569],[3.411104,48.996702],[3.413266,48.99556],[3.42051,48.995844],[3.427786,48.996413],[3.451762,48.958635],[3.452443,48.958347],[3.453768,48.956819],[3.455505,48.953641],[3.459934,48.947514],[3.460387,48.94613],[3.463687,48.940251],[3.46413,48.938829],[3.461823,48.935408],[3.461685,48.932183],[3.461031,48.930967],[3.46051,48.930426],[3.457764,48.931139],[3.456278,48.931972],[3.453728,48.932435],[3.452872,48.932398],[3.451204,48.932695],[3.449869,48.932228],[3.446049,48.930267],[3.443795,48.929585],[3.441284,48.929308],[3.438318,48.92965],[3.436259,48.93047],[3.433291,48.931356],[3.431633,48.93161],[3.427591,48.930873],[3.425594,48.930352],[3.424622,48.929641],[3.423753,48.928644],[3.420368,48.926472],[3.418819,48.926045],[3.416757,48.925956],[3.414868,48.92627],[3.413392,48.927216],[3.411411,48.928253],[3.40972,48.928922],[3.406658,48.930656],[3.405781,48.931378],[3.404919,48.933196],[3.40418,48.933808],[3.39827,48.933636],[3.397306,48.93387],[3.396491,48.93473],[3.39513,48.935569],[3.39301,48.935929],[3.373227,48.936191],[3.37013,48.934692],[3.365453,48.934397],[3.366657,48.932656],[3.367756,48.931772],[3.368088,48.92985],[3.368016,48.928771],[3.367478,48.928319],[3.367152,48.928351],[3.367058,48.928072],[3.367972,48.926378],[3.367109,48.922308],[3.366072,48.923063],[3.363038,48.920323],[3.363073,48.920184],[3.361647,48.919104],[3.359742,48.91802],[3.357147,48.917153],[3.353572,48.915243],[3.350304,48.918037],[3.349998,48.917004],[3.349162,48.915644],[3.346838,48.91709],[3.346425,48.91662],[3.345597,48.916324],[3.344447,48.915517],[3.343077,48.914962],[3.340956,48.913101],[3.338643,48.91206],[3.337757,48.910961],[3.337324,48.909903],[3.336731,48.909421],[3.336006,48.909714],[3.335424,48.910291],[3.334332,48.910651],[3.330294,48.908707],[3.326652,48.912885],[3.320172,48.916583],[3.317315,48.918432],[3.315531,48.920131],[3.31326,48.92125],[3.312882,48.924309],[3.313245,48.929316],[3.312625,48.933803],[3.311515,48.936126],[3.310616,48.938841],[3.307373,48.945365],[3.306351,48.946887],[3.304411,48.94878],[3.300307,48.946627],[3.290671,48.943336],[3.284526,48.940531],[3.273899,48.938939],[3.271866,48.937552],[3.268469,48.937872],[3.264926,48.938788],[3.264112,48.94007],[3.263853,48.941735],[3.262374,48.942556],[3.261259,48.943679],[3.260613,48.943895],[3.260607,48.944375],[3.260173,48.94479],[3.260635,48.944934],[3.260525,48.945303],[3.26141,48.946147],[3.261419,48.946644],[3.261887,48.946926],[3.261763,48.947644],[3.262968,48.949032],[3.261525,48.949583],[3.260158,48.950547],[3.2587,48.951003],[3.257058,48.952723],[3.25931,48.953577],[3.257828,48.955905],[3.256825,48.957936],[3.25524,48.961879],[3.255103,48.963764],[3.254315,48.967312],[3.252262,48.971656],[3.251473,48.972927],[3.249364,48.974349],[3.244963,48.976464],[3.243436,48.976954],[3.240922,48.977226],[3.239477,48.977575],[3.237599,48.977618],[3.233792,48.977339],[3.232616,48.977037],[3.231156,48.976945],[3.231092,48.978108],[3.229891,48.978049],[3.229836,48.978853],[3.229829,48.979163],[3.230318,48.979104],[3.2304,48.979864],[3.230804,48.979822],[3.231001,48.981377],[3.2293,48.981585],[3.229332,48.981846],[3.227158,48.981934],[3.227007,48.98251],[3.226741,48.984796],[3.226962,48.985357],[3.229249,48.987464],[3.229411,48.98858],[3.224709,48.987524],[3.224258,48.988148],[3.223727,48.990006],[3.224724,48.990699],[3.225146,48.99132],[3.211764,48.993382],[3.209439,48.993972],[3.208618,48.998478],[3.207843,48.999815],[3.207399,48.999869],[3.207269,49.000703],[3.205381,49.000873],[3.204624,49.000718],[3.202974,49.000774],[3.203502,49.001707],[3.202169,49.003023],[3.200565,49.003627],[3.200463,49.004571],[3.199392,49.005789],[3.199461,49.006197],[3.198584,49.005552],[3.196092,49.00481],[3.195785,49.005595],[3.19606,49.006069],[3.196011,49.006633],[3.196765,49.007266],[3.197241,49.007862],[3.197255,49.008201],[3.197652,49.008358],[3.197691,49.008642],[3.198218,49.008843],[3.19135,49.00856],[3.186585,49.00979],[3.183499,49.011426],[3.181032,49.012981],[3.180378,49.013015],[3.179678,49.012922],[3.179358,49.01273],[3.179126,49.012818],[3.177074,49.012522],[3.175948,49.012575],[3.175367,49.012464],[3.174793,49.012649],[3.17326,49.012365],[3.167452,49.012459],[3.168585,49.016994],[3.166087,49.020702],[3.163197,49.019998],[3.162935,49.020201],[3.161843,49.02158],[3.161143,49.024275],[3.163965,49.026818],[3.165462,49.027146],[3.167866,49.027995],[3.171254,49.029809],[3.171763,49.029351],[3.174067,49.028541],[3.174791,49.028734],[3.175924,49.029627],[3.176485,49.029862],[3.176627,49.030133],[3.177131,49.030112],[3.177361,49.030805],[3.176961,49.031193],[3.177074,49.031599],[3.17671,49.032156],[3.176742,49.032637],[3.178191,49.033157],[3.178778,49.033641],[3.179599,49.03392],[3.17871,49.037151],[3.1789,49.038079],[3.181423,49.038862],[3.182023,49.040297],[3.183067,49.041198],[3.18301,49.041693],[3.180944,49.042722],[3.179836,49.042745],[3.180689,49.044637],[3.189907,49.046029],[3.19028,49.046651],[3.190732,49.049099],[3.190735,49.051283],[3.189789,49.05123],[3.190132,49.052648],[3.182151,49.05194],[3.181774,49.052878],[3.182258,49.054645],[3.181216,49.055652],[3.180622,49.055485],[3.180922,49.056384],[3.181242,49.056261],[3.182906,49.05674],[3.182929,49.057064],[3.183681,49.057151],[3.190026,49.05684],[3.190671,49.056967],[3.190586,49.057087],[3.19257,49.059682],[3.190643,49.06014],[3.19176,49.061605],[3.191904,49.062699],[3.191767,49.063034],[3.196008,49.063643],[3.196102,49.064553],[3.195065,49.067465],[3.194376,49.070278],[3.194726,49.073098],[3.195099,49.073216],[3.194998,49.073444],[3.198287,49.075468],[3.197038,49.079929],[3.199859,49.080326],[3.199993,49.079913],[3.200572,49.079292],[3.200742,49.078703],[3.201701,49.077773],[3.203125,49.075526],[3.204291,49.074846],[3.205176,49.073593],[3.208778,49.071153],[3.211523,49.069042],[3.211881,49.068415],[3.212505,49.067923],[3.212711,49.06695],[3.213344,49.0671],[3.214126,49.066954],[3.214284,49.066713],[3.214971,49.06693],[3.215933,49.067003],[3.217016,49.066771],[3.216957,49.066513],[3.218533,49.066146],[3.218811,49.066421],[3.219213,49.066476],[3.22122,49.066243],[3.222919,49.065563],[3.223655,49.065752],[3.224383,49.0651],[3.22471,49.064304],[3.225991,49.064922],[3.226126,49.064673],[3.226688,49.06454],[3.227179,49.065445],[3.229532,49.067185],[3.229714,49.067686],[3.231491,49.069228],[3.231465,49.069619],[3.22975,49.069906],[3.229956,49.070065],[3.228947,49.071409],[3.231621,49.072294],[3.233155,49.073125],[3.23789,49.070444],[3.23843,49.070311],[3.238882,49.070502],[3.239388,49.070275],[3.238539,49.068534],[3.235043,49.066505],[3.238067,49.064655],[3.241781,49.061976],[3.244005,49.060162],[3.244015,49.059675],[3.245557,49.058927],[3.250256,49.057094],[3.252297,49.056585],[3.25721,49.056008],[3.258098,49.056001],[3.258415,49.062289],[3.260409,49.062858],[3.263453,49.067912],[3.264854,49.069752],[3.280936,49.069617],[3.281033,49.066498],[3.285549,49.067603],[3.287672,49.071496],[3.292139,49.07191],[3.292477,49.071682],[3.292399,49.071144],[3.292796,49.070466],[3.292709,49.069434],[3.292356,49.068798],[3.291519,49.067951],[3.292993,49.066322],[3.291192,49.065797],[3.29233,49.06444],[3.292811,49.064616],[3.293712,49.065328],[3.296086,49.063466],[3.29021,49.060817],[3.288922,49.059168],[3.2924,49.054334],[3.294725,49.053729],[3.294717,49.053323],[3.293585,49.051031],[3.29248,49.047445],[3.294268,49.044367],[3.295837,49.044174],[3.294398,49.041687],[3.294073,49.041739],[3.293521,49.040912],[3.301514,49.033425],[3.30285,49.031751],[3.304602,49.028424],[3.305971,49.026955],[3.305259,49.026682],[3.306274,49.026128],[3.31177,49.019987],[3.314425,49.018189],[3.316326,49.017201],[3.321272,49.012306],[3.32214,49.011265],[3.324836,49.005797],[3.325505,49.005027],[3.330411,49.000889],[3.331901,48.999842],[3.334253,49.004695],[3.335628,49.006778],[3.334768,49.007197],[3.334437,49.007784],[3.334785,49.008096],[3.338299,49.009334],[3.338504,49.010243],[3.337857,49.010856],[3.34266,49.012619],[3.344806,49.014341],[3.347612,49.015338],[3.348892,49.016075],[3.358542,49.015925],[3.360884,49.017566],[3.365317,49.01358],[3.367873,49.01158],[3.372834,49.006856],[3.37458,49.005402],[3.378395,49.003837]]]}},{"type":"Feature","properties":{"uai_primary":"0020015F","uai_all":"0020015F","is_merged":false},"geometry":{"type":"Polygon","coordinates":[[[3.212004,49.612947],[3.21231,49.613108],[3.212488,49.613012],[3.212004,49.612947]],[[3.219861,49.625469],[3.219739,49.624957],[3.219332,49.625515],[3.219799,49.625591],[3.219861,49.625469]],[[3.207892,49.593908],[3.208767,49.593122],[3.209636,49.593417],[3.211192,49.592078],[3.211871,49.59249],[3.213221,49.592454],[3.217816,49.594315],[3.218137,49.594091],[3.219147,49.594489],[3.219665,49.59445],[3.221129,49.593899],[3.221936,49.592749],[3.221819,49.591201],[3.225053,49.590494],[3.227523,49.585797],[3.229321,49.58184],[3.230027,49.581946],[3.230512,49.58063],[3.231255,49.575861],[3.232743,49.576221],[3.233157,49.576068],[3.234188,49.576203],[3.235156,49.575587],[3.236499,49.575113],[3.235895,49.573735],[3.235652,49.572523],[3.236288,49.570424],[3.230204,49.569577],[3.233206,49.567031],[3.233791,49.565981],[3.232933,49.565802],[3.230579,49.565737],[3.227363,49.566216],[3.225397,49.563339],[3.222137,49.562921],[3.222004,49.563331],[3.220987,49.564001],[3.221133,49.56451],[3.220863,49.564785],[3.219836,49.564711],[3.219258,49.565203],[3.214672,49.567019],[3.213865,49.567245],[3.209346,49.567166],[3.206913,49.568622],[3.205529,49.568949],[3.204138,49.568968],[3.204041,49.567533],[3.203106,49.565874],[3.201887,49.565495],[3.20121,49.565774],[3.199924,49.565284],[3.197469,49.561316],[3.197424,49.560403],[3.195548,49.557412],[3.195897,49.555962],[3.19288,49.55639],[3.19047,49.550591],[3.190085,49.54924],[3.190173,49.54777],[3.19053,49.546895],[3.19166,49.54548],[3.193282,49.544275],[3.193416,49.542341],[3.192539,49.54236],[3.191652,49.542951],[3.190811,49.542237],[3.190729,49.541475],[3.189552,49.541168],[3.18921,49.54144],[3.188866,49.541443],[3.188858,49.540994],[3.188376,49.541042],[3.188505,49.540547],[3.187883,49.540462],[3.187409,49.541049],[3.186442,49.540921],[3.186159,49.540519],[3.185247,49.54048],[3.185075,49.541784],[3.182834,49.541431],[3.182091,49.542672],[3.184141,49.543863],[3.184045,49.544313],[3.183259,49.544454],[3.182778,49.544363],[3.167201,49.549697],[3.167608,49.548694],[3.167486,49.547831],[3.166862,49.547476],[3.165609,49.544911],[3.166295,49.544758],[3.166376,49.544473],[3.165991,49.543749],[3.164606,49.544316],[3.16359,49.542739],[3.162237,49.543561],[3.162723,49.544979],[3.164176,49.545717],[3.164237,49.545922],[3.162428,49.546074],[3.162601,49.546495],[3.160366,49.546814],[3.160613,49.547272],[3.161102,49.547194],[3.162099,49.548659],[3.163032,49.550885],[3.161485,49.551512],[3.160157,49.551747],[3.159823,49.551742],[3.159422,49.551455],[3.158216,49.549884],[3.157037,49.550016],[3.154055,49.549682],[3.151493,49.550476],[3.148799,49.550369],[3.14882,49.549896],[3.146604,49.550058],[3.144456,49.548994],[3.143814,49.548338],[3.143413,49.547343],[3.141308,49.547936],[3.140124,49.546597],[3.14112,49.54622],[3.140677,49.545459],[3.139365,49.544969],[3.139253,49.544461],[3.13464,49.544276],[3.133758,49.544365],[3.131824,49.543766],[3.131668,49.546091],[3.131281,49.547027],[3.130779,49.547371],[3.130258,49.548176],[3.129813,49.548153],[3.129604,49.549217],[3.130146,49.549404],[3.12919,49.550496],[3.12938,49.550707],[3.128729,49.551444],[3.128483,49.551393],[3.127845,49.552075],[3.128052,49.552516],[3.12788,49.552985],[3.128498,49.554282],[3.129633,49.555046],[3.128743,49.555646],[3.1322,49.557287],[3.1335,49.558531],[3.133737,49.559647],[3.133539,49.560256],[3.133108,49.560642],[3.130697,49.560479],[3.130475,49.561198],[3.131062,49.561381],[3.130521,49.561409],[3.129906,49.561239],[3.129397,49.562195],[3.128562,49.562732],[3.128076,49.562739],[3.126989,49.563593],[3.127164,49.563649],[3.126917,49.563883],[3.126748,49.563798],[3.125959,49.564759],[3.12612,49.565238],[3.125723,49.567649],[3.125773,49.569798],[3.125856,49.570078],[3.126494,49.569957],[3.126486,49.572902],[3.127255,49.573271],[3.127892,49.573309],[3.128437,49.572909],[3.128489,49.572289],[3.128948,49.572159],[3.129833,49.573151],[3.130251,49.573261],[3.13146,49.573109],[3.132386,49.573359],[3.133126,49.574139],[3.13353,49.574322],[3.135368,49.574657],[3.137646,49.574524],[3.138844,49.575112],[3.14068,49.575096],[3.140698,49.575215],[3.140521,49.576355],[3.138333,49.576016],[3.137635,49.578727],[3.13683,49.579822],[3.136424,49.580746],[3.135454,49.580597],[3.130955,49.589296],[3.133359,49.590008],[3.130841,49.592146],[3.130531,49.591672],[3.129739,49.592176],[3.129987,49.592331],[3.128244,49.594142],[3.127532,49.593894],[3.126536,49.594899],[3.124903,49.594368],[3.123708,49.596315],[3.125129,49.59678],[3.12437,49.597928],[3.125852,49.598485],[3.124538,49.599457],[3.122944,49.598879],[3.121569,49.601321],[3.122623,49.601548],[3.122491,49.602082],[3.127194,49.603232],[3.125881,49.605215],[3.125115,49.605885],[3.136126,49.608534],[3.142823,49.609786],[3.146608,49.609838],[3.154335,49.609215],[3.156928,49.609187],[3.15697,49.609954],[3.158007,49.610816],[3.158745,49.613322],[3.159564,49.613265],[3.166067,49.613851],[3.175192,49.616296],[3.176038,49.616445],[3.176733,49.616366],[3.176508,49.615931],[3.176729,49.615334],[3.178344,49.612727],[3.178881,49.612912],[3.179701,49.611719],[3.179606,49.611601],[3.181582,49.610391],[3.182489,49.610078],[3.183303,49.609031],[3.183652,49.607847],[3.183602,49.606501],[3.184082,49.604205],[3.184037,49.603097],[3.181159,49.602962],[3.181489,49.602546],[3.181513,49.60114],[3.182868,49.600804],[3.182945,49.600955],[3.183912,49.600849],[3.185347,49.600405],[3.187164,49.600456],[3.187882,49.599425],[3.189108,49.59954],[3.188788,49.598494],[3.189305,49.597634],[3.189661,49.59743],[3.1911,49.597344],[3.191968,49.597536],[3.195001,49.594963],[3.203379,49.598579],[3.203294,49.598429],[3.207892,49.593908]],[[3.19926,49.680044],[3.202048,49.68074],[3.202779,49.679786],[3.201431,49.679119],[3.201609,49.678454],[3.206457,49.674477],[3.211742,49.673438],[3.216776,49.671455],[3.216346,49.670941],[3.217648,49.670683],[3.218579,49.671608],[3.220797,49.671468],[3.22089,49.669324],[3.222237,49.667991],[3.22586,49.668593],[3.227014,49.667875],[3.230372,49.669152],[3.233073,49.668961],[3.233126,49.66872],[3.236208,49.669065],[3.237404,49.667205],[3.238027,49.667291],[3.239152,49.664309],[3.241528,49.661822],[3.241711,49.66042],[3.242951,49.659404],[3.243731,49.6596],[3.245227,49.65964],[3.245855,49.659985],[3.246086,49.662348],[3.24566,49.663204],[3.244684,49.664007],[3.245046,49.665074],[3.248554,49.667068],[3.249879,49.667597],[3.250936,49.668712],[3.257455,49.668797],[3.257058,49.666735],[3.258799,49.666587],[3.258916,49.662311],[3.257249,49.661964],[3.257374,49.661245],[3.258616,49.66101],[3.263403,49.661019],[3.265693,49.661451],[3.270893,49.654486],[3.266936,49.653708],[3.264972,49.65296],[3.265094,49.652669],[3.263655,49.652159],[3.263913,49.651791],[3.261894,49.651087],[3.264121,49.647592],[3.260689,49.646712],[3.261346,49.645682],[3.264293,49.642259],[3.267774,49.639717],[3.268068,49.636776],[3.266333,49.634449],[3.266116,49.633879],[3.26895,49.629181],[3.269941,49.628967],[3.269893,49.627782],[3.269303,49.627602],[3.270277,49.626118],[3.270763,49.626249],[3.272414,49.625059],[3.272249,49.621789],[3.271276,49.621502],[3.271246,49.620753],[3.274201,49.618067],[3.273989,49.617907],[3.276458,49.616351],[3.276599,49.613517],[3.275299,49.613364],[3.278772,49.611888],[3.275788,49.610145],[3.274156,49.610043],[3.271375,49.610459],[3.269368,49.610076],[3.267329,49.61024],[3.26662,49.60981],[3.267172,49.608453],[3.266975,49.608162],[3.26603,49.60794],[3.264686,49.607896],[3.264075,49.608038],[3.263912,49.60854],[3.263801,49.609653],[3.264197,49.610426],[3.263837,49.61069],[3.262958,49.610717],[3.262249,49.610314],[3.261539,49.608004],[3.261162,49.607705],[3.26061,49.607572],[3.25828,49.607889],[3.255538,49.606563],[3.255003,49.605763],[3.254743,49.605681],[3.254095,49.605778],[3.253391,49.606567],[3.252943,49.606809],[3.252325,49.606939],[3.251754,49.606833],[3.250025,49.605437],[3.249847,49.604911],[3.249988,49.604029],[3.248546,49.602414],[3.247951,49.602053],[3.244302,49.601183],[3.241658,49.601328],[3.240378,49.601599],[3.240094,49.601786],[3.239554,49.602583],[3.239554,49.602975],[3.240315,49.603977],[3.240184,49.604473],[3.239898,49.604665],[3.239003,49.604836],[3.236847,49.604481],[3.235845,49.604501],[3.23533,49.60469],[3.234414,49.605416],[3.23356,49.605581],[3.232206,49.604971],[3.230139,49.605442],[3.229656,49.604614],[3.22883,49.603803],[3.225754,49.602472],[3.225792,49.601298],[3.224455,49.601271],[3.224086,49.601031],[3.224029,49.600739],[3.222467,49.601204],[3.222011,49.602598],[3.22273,49.604273],[3.222504,49.605341],[3.223207,49.606302],[3.222936,49.606369],[3.223156,49.606568],[3.222802,49.606795],[3.222519,49.606752],[3.222559,49.60722],[3.221773,49.608164],[3.22204,49.608627],[3.2215,49.608603],[3.221263,49.608787],[3.220765,49.60885],[3.22041,49.609218],[3.220715,49.609577],[3.22033,49.609998],[3.219834,49.610006],[3.21914,49.610867],[3.21887,49.610948],[3.218494,49.610428],[3.217862,49.61051],[3.217744,49.610875],[3.217139,49.610735],[3.216938,49.610909],[3.215738,49.611077],[3.21579,49.611226],[3.215041,49.611864],[3.214136,49.611916],[3.214494,49.612308],[3.212761,49.612783],[3.212566,49.61301],[3.212707,49.613505],[3.212374,49.614025],[3.21284,49.614369],[3.2128,49.615165],[3.213807,49.61532],[3.214342,49.6149],[3.214437,49.615049],[3.215221,49.615104],[3.215256,49.614762],[3.216336,49.614425],[3.216563,49.614628],[3.216567,49.614989],[3.216097,49.615484],[3.21676,49.615263],[3.216936,49.61547],[3.217616,49.615633],[3.218061,49.615282],[3.218799,49.615431],[3.21861,49.6156],[3.217911,49.615692],[3.217942,49.61582],[3.218457,49.615835],[3.219059,49.616172],[3.21981,49.616251],[3.220925,49.617336],[3.220712,49.617902],[3.219184,49.6176],[3.219845,49.61844],[3.221078,49.618584],[3.221126,49.618694],[3.22022,49.618747],[3.219859,49.618511],[3.218282,49.619102],[3.218999,49.619488],[3.218431,49.61983],[3.218529,49.62007],[3.218177,49.620114],[3.218601,49.620365],[3.218616,49.620583],[3.219464,49.620869],[3.219108,49.621047],[3.219379,49.621556],[3.219116,49.621654],[3.219184,49.621946],[3.21872,49.621992],[3.218891,49.622313],[3.218745,49.622677],[3.216956,49.623476],[3.217723,49.623576],[3.218923,49.624639],[3.22074,49.625162],[3.220904,49.625425],[3.221569,49.625738],[3.220064,49.625906],[3.220054,49.626193],[3.219675,49.626508],[3.218491,49.626939],[3.21827,49.627248],[3.218285,49.628802],[3.218591,49.630416],[3.22224,49.635419],[3.222725,49.63889],[3.221115,49.639986],[3.220003,49.643596],[3.220488,49.643714],[3.219904,49.644831],[3.214732,49.6435],[3.214932,49.643139],[3.209591,49.642189],[3.20742,49.642311],[3.20696,49.641008],[3.205205,49.641189],[3.205144,49.641573],[3.204839,49.641863],[3.204176,49.641735],[3.203832,49.641872],[3.20216,49.641075],[3.201537,49.641125],[3.200714,49.64149],[3.198482,49.641097],[3.195432,49.640298],[3.19174,49.639084],[3.18937,49.638777],[3.188394,49.640615],[3.186958,49.642435],[3.186283,49.644088],[3.18359,49.643865],[3.183001,49.645093],[3.182684,49.646566],[3.181388,49.648695],[3.181191,49.64937],[3.181839,49.650892],[3.180275,49.65252],[3.180834,49.65283],[3.180494,49.653472],[3.179588,49.653286],[3.176222,49.656269],[3.178068,49.657035],[3.177927,49.657555],[3.178544,49.659428],[3.177418,49.659599],[3.178641,49.660186],[3.176355,49.660584],[3.176212,49.662041],[3.17574,49.662763],[3.176237,49.663523],[3.175754,49.663526],[3.174472,49.665556],[3.173918,49.665515],[3.173722,49.666289],[3.172722,49.666381],[3.173683,49.668583],[3.172687,49.669709],[3.178015,49.669624],[3.178644,49.669522],[3.179144,49.669253],[3.179469,49.670253],[3.179774,49.670242],[3.180193,49.670934],[3.182161,49.67087],[3.180442,49.672413],[3.176458,49.673924],[3.175292,49.673972],[3.175253,49.674082],[3.173024,49.673847],[3.171049,49.674053],[3.171713,49.675893],[3.173281,49.676223],[3.172997,49.676655],[3.175676,49.678124],[3.177927,49.678355],[3.186095,49.680732],[3.18817,49.680557],[3.18853,49.681294],[3.193352,49.681247],[3.193527,49.680067],[3.194848,49.680073],[3.195807,49.680403],[3.195998,49.680177],[3.19926,49.680044]],[[3.21637,49.611345],[3.216139,49.611187],[3.217285,49.61133],[3.216551,49.61162],[3.21637,49.611345]],[[3.213902,49.614874],[3.213945,49.615042],[3.213902,49.614874]],[[3.226346,49.625298],[3.226941,49.625437],[3.227172,49.625794],[3.22647,49.625774],[3.225806,49.625465],[3.226056,49.625277],[3.226346,49.625298]]]}},{"type":"Feature","properties":{"uai_primary":"0020016G","uai_all":"0020016G","is_merged":false},"geometry":{"type":"Polygon","coordinates":[[[3.612519,49.03357],[3.614914,49.033504],[3.615978,49.033181],[3.615637,49.03449],[3.616904,49.036472],[3.619938,49.037373],[3.630089,49.039587],[3.634046,49.039927],[3.638413,49.039391],[3.640416,49.039289],[3.64277,49.0371],[3.645035,49.039827],[3.64654,49.040946],[3.64797,49.041611],[3.6499,49.042796],[3.650003,49.043013],[3.651139,49.041445],[3.65106,49.04111],[3.655061,49.040454],[3.657703,49.038025],[3.65867,49.037726],[3.659033,49.037454],[3.660071,49.037664],[3.660208,49.037224],[3.664184,49.03755],[3.66431,49.036925],[3.665701,49.034803],[3.666248,49.033215],[3.668334,49.030547],[3.668763,49.029725],[3.67006,49.028421],[3.670941,49.026763],[3.671257,49.026634],[3.673812,49.021598],[3.676181,49.020629],[3.677403,49.019299],[3.67908,49.018396],[3.677669,49.0158],[3.677784,49.013917],[3.676535,49.013844],[3.674949,49.011727],[3.665312,49.005628],[3.679981,48.998673],[3.690334,48.988616],[3.686754,48.987705],[3.686157,48.987274],[3.685607,48.987208],[3.684082,48.987724],[3.683512,48.987443],[3.683005,48.986917],[3.682619,48.987024],[3.6823,48.987435],[3.679081,48.986288],[3.679231,48.986016],[3.675344,48.984046],[3.671503,48.981277],[3.671588,48.980783],[3.669751,48.979551],[3.667986,48.97667],[3.666391,48.975253],[3.66432,48.974588],[3.663353,48.974521],[3.663052,48.974005],[3.663361,48.973919],[3.663346,48.973711],[3.664076,48.972932],[3.662566,48.971015],[3.662394,48.970809],[3.661491,48.970943],[3.659346,48.96808],[3.658351,48.968441],[3.657795,48.967633],[3.65772,48.965384],[3.654709,48.959929],[3.654761,48.959299],[3.654271,48.957524],[3.654693,48.956603],[3.654434,48.955348],[3.654844,48.955257],[3.654584,48.954674],[3.653189,48.954074],[3.651254,48.953724],[3.64846,48.952827],[3.64691,48.951777],[3.638406,48.957606],[3.638959,48.958031],[3.637966,48.960033],[3.638016,48.960249],[3.638549,48.9606],[3.637898,48.961971],[3.634313,48.964681],[3.632612,48.965227],[3.631712,48.965256],[3.630632,48.965762],[3.629183,48.965954],[3.62782,48.965565],[3.627355,48.96518],[3.627002,48.965177],[3.626848,48.965319],[3.625599,48.965215],[3.624743,48.965732],[3.621074,48.966079],[3.619339,48.965605],[3.61683,48.965242],[3.611696,48.966117],[3.610588,48.966908],[3.606658,48.964684],[3.605078,48.964016],[3.603197,48.965638],[3.600948,48.966327],[3.600718,48.965785],[3.599686,48.965311],[3.598696,48.96423],[3.591408,48.960454],[3.592053,48.959085],[3.593765,48.957611],[3.596225,48.956102],[3.597105,48.955815],[3.601785,48.953474],[3.600296,48.951628],[3.599449,48.951326],[3.599148,48.950227],[3.599278,48.949696],[3.600172,48.949371],[3.602907,48.944031],[3.602191,48.943726],[3.601327,48.944007],[3.597797,48.944283],[3.595812,48.944731],[3.59341,48.94469],[3.590575,48.944399],[3.584317,48.942317],[3.582716,48.941276],[3.576755,48.939943],[3.575417,48.939816],[3.574346,48.939023],[3.572691,48.940679],[3.569875,48.941943],[3.564359,48.945051],[3.562406,48.944621],[3.560582,48.944603],[3.560536,48.943731],[3.559742,48.94368],[3.559296,48.943939],[3.558818,48.943907],[3.555252,48.943146],[3.552202,48.942964],[3.552255,48.941033],[3.550401,48.941301],[3.549232,48.94181],[3.54076,48.939982],[3.529443,48.944129],[3.528776,48.942439],[3.525181,48.942073],[3.517977,48.940545],[3.516334,48.939258],[3.516398,48.93808],[3.515502,48.937082],[3.514901,48.935848],[3.513522,48.934585],[3.513051,48.933245],[3.514806,48.929216],[3.514935,48.922695],[3.512016,48.92412],[3.509487,48.925089],[3.508955,48.925544],[3.50509,48.927471],[3.502334,48.928487],[3.498179,48.930288],[3.496185,48.931864],[3.494371,48.933863],[3.493648,48.934991],[3.491222,48.936923],[3.490226,48.938309],[3.489108,48.940741],[3.488362,48.941818],[3.483901,48.939332],[3.483161,48.938765],[3.483042,48.938117],[3.482226,48.93702],[3.481286,48.937092],[3.480402,48.936047],[3.478584,48.936426],[3.477846,48.93512],[3.478319,48.93491],[3.4778,48.934285],[3.477329,48.934569],[3.476637,48.934072],[3.474297,48.93333],[3.473696,48.932853],[3.472864,48.93261],[3.467842,48.938029],[3.465963,48.939449],[3.465833,48.939738],[3.46413,48.938829],[3.463687,48.940251],[3.460387,48.94613],[3.459934,48.947514],[3.455505,48.953641],[3.453768,48.956819],[3.452443,48.958347],[3.451762,48.958635],[3.444194,48.970703],[3.445036,48.970853],[3.447586,48.970922],[3.448235,48.972128],[3.448761,48.972595],[3.450897,48.973519],[3.451936,48.974229],[3.452154,48.974744],[3.454143,48.975459],[3.455709,48.975751],[3.460381,48.97554],[3.461491,48.97593],[3.464202,48.977389],[3.468823,48.978054],[3.470879,48.977354],[3.472191,48.977251],[3.473689,48.977475],[3.474917,48.977479],[3.47625,48.976641],[3.477222,48.977396],[3.477913,48.97835],[3.478035,48.980183],[3.478379,48.980315],[3.479799,48.980567],[3.482338,48.978825],[3.484792,48.978867],[3.487493,48.980055],[3.488072,48.980529],[3.488951,48.982971],[3.48726,48.983096],[3.482069,48.986076],[3.477537,48.985765],[3.477379,48.99012],[3.477079,48.99193],[3.473111,48.994754],[3.465876,48.99493],[3.468146,49.003591],[3.469295,49.004461],[3.469416,49.004734],[3.469272,49.006191],[3.473127,49.009035],[3.476512,49.00902],[3.481355,49.008704],[3.482766,49.00816],[3.484288,49.009186],[3.48562,49.009746],[3.486599,49.010467],[3.48902,49.011821],[3.487304,49.014146],[3.489775,49.016458],[3.495422,49.020364],[3.497343,49.024466],[3.495023,49.026097],[3.494721,49.02751],[3.49271,49.033182],[3.491233,49.036253],[3.494771,49.041665],[3.495754,49.045181],[3.497926,49.048855],[3.500911,49.055679],[3.498244,49.055615],[3.49787,49.057282],[3.496366,49.059677],[3.494896,49.061265],[3.487919,49.070968],[3.48637,49.070182],[3.484462,49.06994],[3.483765,49.069317],[3.483224,49.068378],[3.482702,49.068176],[3.481892,49.067267],[3.477278,49.060228],[3.476603,49.057523],[3.475923,49.056093],[3.470946,49.058583],[3.467495,49.061429],[3.465906,49.066722],[3.461246,49.067629],[3.459643,49.07021],[3.456488,49.074622],[3.451342,49.074601],[3.45006,49.076847],[3.452765,49.077833],[3.456124,49.078206],[3.458614,49.078811],[3.456452,49.086335],[3.461734,49.08705],[3.461834,49.092014],[3.462557,49.093549],[3.464422,49.094639],[3.463232,49.095692],[3.467046,49.097792],[3.465967,49.098522],[3.465559,49.098615],[3.467957,49.101289],[3.467277,49.101475],[3.467177,49.103183],[3.467659,49.103268],[3.4678,49.103491],[3.46931,49.103702],[3.469721,49.103698],[3.469921,49.103471],[3.47164,49.103814],[3.472604,49.104075],[3.472611,49.10439],[3.474381,49.104013],[3.47516,49.105219],[3.476075,49.105705],[3.476754,49.105429],[3.479625,49.106592],[3.484107,49.106841],[3.483863,49.105091],[3.49063,49.104747],[3.490758,49.104297],[3.492672,49.104233],[3.492749,49.104637],[3.49885,49.104443],[3.49888,49.102735],[3.498591,49.101666],[3.500523,49.10155],[3.502975,49.101154],[3.505728,49.10047],[3.508099,49.101918],[3.5089,49.104075],[3.510559,49.104769],[3.511626,49.105936],[3.513603,49.105593],[3.513419,49.106547],[3.513715,49.107532],[3.51506,49.109452],[3.517811,49.110054],[3.518289,49.110004],[3.520572,49.108086],[3.52461,49.105079],[3.526555,49.103353],[3.527552,49.102121],[3.527538,49.101716],[3.5272,49.101269],[3.525791,49.100198],[3.52493,49.099227],[3.523389,49.096884],[3.523137,49.09635],[3.523237,49.095993],[3.529074,49.093717],[3.529607,49.093338],[3.530775,49.093177],[3.535422,49.095246],[3.536774,49.096464],[3.536492,49.096995],[3.536948,49.096954],[3.53824,49.097981],[3.538821,49.097657],[3.539526,49.098677],[3.540331,49.09881],[3.542285,49.097116],[3.543356,49.098677],[3.544203,49.097677],[3.544167,49.097151],[3.545705,49.095241],[3.542866,49.094678],[3.541804,49.09311],[3.540684,49.092358],[3.540587,49.091781],[3.538018,49.090145],[3.541488,49.089391],[3.540452,49.086659],[3.541882,49.086545],[3.546382,49.085652],[3.548643,49.08495],[3.550865,49.083827],[3.552734,49.081999],[3.554557,49.07991],[3.557393,49.074309],[3.559015,49.070645],[3.559065,49.069356],[3.559445,49.067705],[3.556722,49.067216],[3.553531,49.065845],[3.55565,49.062083],[3.551608,49.060638],[3.551522,49.05992],[3.551243,49.059654],[3.551642,49.059201],[3.550952,49.058938],[3.550928,49.058444],[3.549759,49.058186],[3.549222,49.058596],[3.548609,49.058692],[3.546523,49.05723],[3.543527,49.057755],[3.542502,49.05781],[3.539069,49.057171],[3.5388,49.057398],[3.538391,49.057447],[3.53707,49.057192],[3.536425,49.054274],[3.53612,49.054012],[3.535535,49.051941],[3.537269,49.050943],[3.542627,49.048418],[3.543,49.048048],[3.545972,49.046335],[3.548376,49.045868],[3.549532,49.043074],[3.556304,49.043295],[3.563627,49.041641],[3.563223,49.040722],[3.566879,49.039201],[3.567688,49.038743],[3.567335,49.038298],[3.569698,49.037333],[3.572681,49.040242],[3.578054,49.037773],[3.580024,49.039559],[3.580318,49.04041],[3.585134,49.038988],[3.587609,49.033809],[3.595756,49.034433],[3.601035,49.035084],[3.607924,49.034056],[3.609241,49.03366],[3.612519,49.03357]]]}},{"type":"Feature","properties":{"uai_primary":"0020017H","uai_all":"0020017H","is_merged":false},"geometry":{"type":"Polygon","coordinates":[[[3.668315,49.483398],[3.66911,49.482179],[3.670341,49.481701],[3.671149,49.483218],[3.671645,49.483759],[3.672113,49.484944],[3.675078,49.489266],[3.676142,49.491444],[3.676727,49.492101],[3.677046,49.492108],[3.678512,49.493874],[3.677653,49.496083],[3.677278,49.499787],[3.676201,49.501277],[3.675509,49.503263],[3.674344,49.504601],[3.673858,49.505711],[3.674329,49.506067],[3.675918,49.506777],[3.677563,49.505416],[3.678257,49.504553],[3.680009,49.503433],[3.680642,49.503296],[3.68132,49.502911],[3.683627,49.502798],[3.685171,49.50224],[3.691323,49.50492],[3.694754,49.506124],[3.698043,49.507833],[3.695531,49.509799],[3.699108,49.512406],[3.699019,49.512854],[3.702467,49.514675],[3.700738,49.514824],[3.702423,49.518128],[3.703543,49.518121],[3.70417,49.517957],[3.705027,49.518143],[3.70627,49.518094],[3.706342,49.518609],[3.706017,49.519524],[3.707286,49.520094],[3.70924,49.519326],[3.709598,49.518844],[3.710488,49.51838],[3.71171,49.51795],[3.712995,49.517818],[3.713168,49.517642],[3.714738,49.517957],[3.717163,49.518718],[3.717435,49.51986],[3.718717,49.520471],[3.718592,49.521197],[3.718242,49.521253],[3.717812,49.522699],[3.717138,49.52361],[3.71761,49.523991],[3.718816,49.523652],[3.721167,49.523781],[3.722244,49.524188],[3.724871,49.526256],[3.726085,49.525558],[3.728878,49.526992],[3.730332,49.52736],[3.73104,49.528554],[3.733934,49.530574],[3.734721,49.529267],[3.73643,49.528516],[3.737052,49.528286],[3.738351,49.529016],[3.739996,49.528235],[3.741035,49.527371],[3.741209,49.527308],[3.741536,49.52749],[3.744276,49.525029],[3.744518,49.524214],[3.744086,49.521159],[3.743713,49.519153],[3.743199,49.518478],[3.743029,49.517302],[3.743887,49.516506],[3.746191,49.515442],[3.762255,49.510172],[3.762426,49.510505],[3.764922,49.510662],[3.776482,49.514571],[3.776626,49.51424],[3.778008,49.513532],[3.778533,49.512712],[3.777908,49.51101],[3.77888,49.508381],[3.780181,49.508627],[3.780721,49.507276],[3.783577,49.506343],[3.785999,49.506105],[3.797198,49.506359],[3.809477,49.507353],[3.809374,49.509765],[3.809586,49.510653],[3.812056,49.510796],[3.815691,49.512095],[3.818946,49.508935],[3.821844,49.506546],[3.827252,49.506449],[3.830886,49.50618],[3.831337,49.50582],[3.831126,49.50523],[3.831277,49.504682],[3.832359,49.504678],[3.833551,49.504418],[3.833975,49.504709],[3.834085,49.504546],[3.835142,49.504314],[3.835062,49.504201],[3.836242,49.504032],[3.836354,49.504177],[3.838874,49.503789],[3.838963,49.503675],[3.839892,49.503579],[3.843585,49.502163],[3.843799,49.502364],[3.844818,49.502419],[3.845475,49.503381],[3.848279,49.503356],[3.851815,49.502843],[3.853186,49.502812],[3.85343,49.502999],[3.854082,49.502896],[3.854148,49.502996],[3.856405,49.502606],[3.857161,49.503727],[3.858555,49.503359],[3.858958,49.503813],[3.860967,49.502994],[3.864722,49.502505],[3.86438,49.501655],[3.874376,49.499351],[3.874681,49.497537],[3.874554,49.497148],[3.886725,49.494037],[3.883738,49.493139],[3.883176,49.492832],[3.879985,49.489608],[3.880405,49.48946],[3.879822,49.488621],[3.88599,49.485234],[3.881447,49.482801],[3.880991,49.483118],[3.878169,49.481571],[3.876703,49.47987],[3.877177,49.479549],[3.873017,49.476909],[3.868624,49.473744],[3.863682,49.470894],[3.862357,49.469775],[3.861141,49.467885],[3.858495,49.465491],[3.858072,49.46457],[3.858881,49.462037],[3.85926,49.453884],[3.857164,49.453122],[3.857654,49.452805],[3.855751,49.449886],[3.85533,49.449577],[3.845805,49.445237],[3.88205,49.416425],[3.88345,49.416534],[3.883746,49.416785],[3.886564,49.416564],[3.887147,49.416733],[3.887589,49.416378],[3.88821,49.416471],[3.888918,49.41628],[3.88923,49.41672],[3.889463,49.416792],[3.889609,49.416651],[3.890164,49.417182],[3.890905,49.417239],[3.89137,49.417429],[3.891542,49.417918],[3.891933,49.417558],[3.89238,49.417693],[3.892214,49.417947],[3.892611,49.417986],[3.892525,49.41834],[3.893045,49.418801],[3.893776,49.418749],[3.894165,49.419381],[3.893678,49.420372],[3.893724,49.421072],[3.895471,49.421028],[3.895552,49.421189],[3.895182,49.421453],[3.895164,49.421695],[3.895793,49.421987],[3.896857,49.422205],[3.899337,49.42133],[3.903425,49.415594],[3.909117,49.417957],[3.920826,49.421924],[3.922911,49.419834],[3.92689,49.417837],[3.925609,49.416722],[3.924782,49.41468],[3.92344,49.413405],[3.923317,49.413066],[3.923273,49.412447],[3.923509,49.411846],[3.925035,49.41157],[3.925488,49.411173],[3.925193,49.410632],[3.924446,49.410309],[3.924237,49.40934],[3.924239,49.408701],[3.925023,49.407068],[3.92488,49.406486],[3.924078,49.405844],[3.922358,49.405413],[3.920937,49.404591],[3.918942,49.404127],[3.917961,49.404166],[3.915663,49.403386],[3.914725,49.403314],[3.915248,49.402204],[3.915133,49.400326],[3.915548,49.399621],[3.914891,49.399399],[3.914895,49.398288],[3.913218,49.397861],[3.909835,49.39477],[3.903592,49.394013],[3.902643,49.394098],[3.895679,49.392938],[3.894197,49.395862],[3.893561,49.396102],[3.893241,49.396836],[3.893141,49.397861],[3.893383,49.399083],[3.89082,49.399671],[3.889479,49.400715],[3.885852,49.401845],[3.884363,49.402488],[3.882902,49.403562],[3.882537,49.404612],[3.881313,49.405292],[3.878392,49.405618],[3.875661,49.405189],[3.874348,49.404762],[3.872296,49.404847],[3.871357,49.405119],[3.871045,49.405506],[3.870976,49.406329],[3.87021,49.4068],[3.868422,49.40655],[3.863786,49.405105],[3.861785,49.404224],[3.859957,49.403706],[3.858389,49.403055],[3.857149,49.402326],[3.856056,49.401207],[3.854527,49.400978],[3.85242,49.400992],[3.849895,49.40149],[3.849125,49.401945],[3.848688,49.402948],[3.848105,49.403297],[3.847673,49.40336],[3.846087,49.403236],[3.845277,49.402772],[3.8447,49.402164],[3.844775,49.401685],[3.84673,49.401152],[3.846873,49.400696],[3.846309,49.400529],[3.841722,49.400961],[3.837685,49.401572],[3.834959,49.402438],[3.834002,49.402031],[3.832597,49.401942],[3.832,49.402208],[3.831285,49.402842],[3.830893,49.402931],[3.829448,49.402697],[3.826373,49.402569],[3.823794,49.402199],[3.822997,49.402316],[3.822582,49.402541],[3.822629,49.401993],[3.8235,49.400844],[3.8235,49.400407],[3.827094,49.400631],[3.827849,49.400521],[3.82918,49.400136],[3.835108,49.397707],[3.837474,49.396545],[3.839592,49.391001],[3.840015,49.391157],[3.844857,49.391642],[3.845226,49.390672],[3.846559,49.388801],[3.848324,49.388066],[3.849709,49.387629],[3.850607,49.387536],[3.851518,49.387775],[3.851522,49.387628],[3.853644,49.388269],[3.853649,49.388148],[3.854891,49.388954],[3.85498,49.387732],[3.856176,49.387744],[3.857867,49.387529],[3.859858,49.38615],[3.861087,49.386],[3.857995,49.3845],[3.85966,49.381796],[3.856351,49.381165],[3.85675,49.379374],[3.858722,49.376406],[3.8595,49.37474],[3.859835,49.372663],[3.859057,49.371723],[3.858828,49.370777],[3.857979,49.369956],[3.856805,49.369578],[3.856062,49.368345],[3.856295,49.368029],[3.853335,49.367346],[3.852772,49.366904],[3.852619,49.366411],[3.852605,49.365643],[3.855189,49.365838],[3.8561,49.364235],[3.850652,49.363648],[3.85011,49.364819],[3.847841,49.364558],[3.848271,49.363336],[3.84874,49.362799],[3.848338,49.362311],[3.848581,49.361931],[3.849369,49.361466],[3.849603,49.361146],[3.850577,49.360874],[3.852622,49.359354],[3.855423,49.357755],[3.855211,49.356886],[3.855397,49.356659],[3.856635,49.355829],[3.857669,49.355396],[3.857243,49.355009],[3.858742,49.354118],[3.857495,49.352148],[3.856171,49.350881],[3.855164,49.350284],[3.855452,49.350165],[3.855133,49.349506],[3.857446,49.348842],[3.853663,49.346343],[3.852841,49.344969],[3.845337,49.346904],[3.841231,49.348796],[3.8401,49.349137],[3.838923,49.349138],[3.836231,49.349504],[3.832924,49.350217],[3.832942,49.350344],[3.827895,49.352662],[3.82406,49.354038],[3.823935,49.357401],[3.822917,49.356993],[3.822472,49.356967],[3.821179,49.357337],[3.819586,49.357561],[3.818154,49.357321],[3.814081,49.357123],[3.809968,49.358047],[3.805311,49.358442],[3.802738,49.358916],[3.796276,49.35792],[3.793075,49.356665],[3.788936,49.354728],[3.784622,49.353924],[3.782337,49.352773],[3.779614,49.351952],[3.777726,49.355977],[3.774528,49.354799],[3.772029,49.35332],[3.770358,49.352937],[3.765064,49.35087],[3.763779,49.351616],[3.762407,49.350946],[3.757666,49.347717],[3.755728,49.348357],[3.752393,49.348393],[3.75191,49.348802],[3.740809,49.347612],[3.741003,49.348149],[3.739114,49.347907],[3.737273,49.353108],[3.737743,49.357445],[3.735469,49.359256],[3.732729,49.360928],[3.726757,49.365885],[3.727495,49.368104],[3.72722,49.368826],[3.72738,49.369244],[3.725955,49.368289],[3.723396,49.367595],[3.72287,49.36756],[3.721624,49.367896],[3.719912,49.367859],[3.716022,49.366959],[3.706179,49.372342],[3.702948,49.372726],[3.700644,49.374669],[3.698341,49.374276],[3.697525,49.376086],[3.696528,49.376127],[3.696108,49.377239],[3.696082,49.378308],[3.691719,49.378287],[3.691583,49.376057],[3.685246,49.376103],[3.683473,49.377047],[3.682619,49.383758],[3.681021,49.382984],[3.680046,49.383107],[3.679565,49.383753],[3.678534,49.384619],[3.678573,49.385592],[3.678212,49.38772],[3.677644,49.388247],[3.676746,49.388737],[3.676172,49.389644],[3.675521,49.390063],[3.674841,49.390181],[3.672282,49.390301],[3.669485,49.39173],[3.66734,49.392517],[3.665445,49.394107],[3.666242,49.394711],[3.666382,49.39551],[3.667641,49.397602],[3.667807,49.398652],[3.668467,49.399814],[3.669897,49.399832],[3.671854,49.399278],[3.672626,49.399553],[3.673408,49.399],[3.674963,49.399935],[3.676783,49.400163],[3.677851,49.402],[3.67944,49.403032],[3.679488,49.403289],[3.678363,49.403568],[3.678216,49.404019],[3.678833,49.404632],[3.675946,49.407704],[3.6762,49.407937],[3.676456,49.408832],[3.676881,49.409238],[3.679104,49.41031],[3.678867,49.412084],[3.678213,49.413705],[3.678427,49.413745],[3.678775,49.414468],[3.679409,49.414709],[3.679852,49.41521],[3.680427,49.415508],[3.682148,49.415611],[3.682299,49.41547],[3.682715,49.415798],[3.682756,49.416168],[3.683076,49.416169],[3.683057,49.41642],[3.683472,49.416547],[3.683614,49.416382],[3.685094,49.416578],[3.686449,49.41734],[3.686378,49.417616],[3.685568,49.417836],[3.686738,49.418569],[3.686605,49.41876],[3.687442,49.419312],[3.688187,49.420372],[3.687848,49.420507],[3.687612,49.420907],[3.688059,49.421203],[3.688728,49.422421],[3.689206,49.422837],[3.688277,49.42352],[3.689637,49.424368],[3.687649,49.425732],[3.686424,49.427081],[3.685027,49.425664],[3.683805,49.426562],[3.684635,49.42764],[3.684432,49.427745],[3.684723,49.428301],[3.687084,49.430379],[3.686212,49.431097],[3.690324,49.433728],[3.691099,49.434393],[3.691657,49.434701],[3.692903,49.434911],[3.693601,49.435263],[3.696415,49.437477],[3.699628,49.440531],[3.688811,49.441009],[3.677038,49.4375],[3.676394,49.437487],[3.676035,49.437031],[3.672992,49.435973],[3.67069,49.434675],[3.665552,49.436611],[3.663921,49.440649],[3.656458,49.444865],[3.646723,49.443485],[3.636327,49.443887],[3.635995,49.444467],[3.636022,49.445493],[3.635503,49.44679],[3.627538,49.447604],[3.619701,49.44733],[3.615947,49.447936],[3.612246,49.448738],[3.61088,49.449203],[3.609453,49.450026],[3.608156,49.451073],[3.6121,49.452578],[3.612074,49.453621],[3.614106,49.453567],[3.614139,49.455994],[3.615095,49.456952],[3.615304,49.457533],[3.615233,49.45879],[3.616005,49.460746],[3.616186,49.462186],[3.615367,49.462095],[3.614711,49.461789],[3.613954,49.461896],[3.613424,49.461696],[3.613374,49.461329],[3.612209,49.461243],[3.61199,49.46138],[3.611079,49.461275],[3.610332,49.461408],[3.609846,49.461284],[3.609747,49.460955],[3.608496,49.460965],[3.607089,49.461285],[3.604783,49.462158],[3.604743,49.462381],[3.605383,49.462624],[3.605033,49.462855],[3.604581,49.463593],[3.604167,49.463465],[3.60317,49.463616],[3.604448,49.465413],[3.603539,49.465892],[3.603782,49.467368],[3.602934,49.467552],[3.602827,49.468714],[3.602684,49.468706],[3.602421,49.469778],[3.600925,49.471659],[3.599265,49.474373],[3.598395,49.477063],[3.599333,49.47878],[3.600509,49.479848],[3.601157,49.480946],[3.602142,49.482081],[3.603733,49.486193],[3.607632,49.489349],[3.609328,49.490454],[3.610838,49.491901],[3.611374,49.492032],[3.613543,49.493554],[3.616881,49.494415],[3.640304,49.499544],[3.641181,49.497939],[3.643484,49.498659],[3.644641,49.499221],[3.646107,49.4968],[3.6466,49.495182],[3.650714,49.495817],[3.651792,49.495453],[3.652733,49.494858],[3.656969,49.49685],[3.658426,49.496622],[3.659851,49.494351],[3.661794,49.49219],[3.663248,49.492766],[3.66759,49.493676],[3.668263,49.49501],[3.668687,49.495409],[3.669755,49.495867],[3.66984,49.496181],[3.670464,49.495969],[3.674205,49.491822],[3.671284,49.489327],[3.670321,49.488768],[3.669256,49.487591],[3.668898,49.487513],[3.667831,49.484606],[3.668315,49.483398]]]}},{"type":"Feature","properties":{"uai_primary":"0020018J","uai_all":"0020018J","is_merged":false},"geometry":{"type":"Polygon","coordinates":[[[3.396179,49.501363],[3.395631,49.50022],[3.392976,49.497671],[3.392182,49.497465],[3.390217,49.496412],[3.389409,49.496327],[3.387749,49.494661],[3.387715,49.493462],[3.387091,49.492393],[3.38724,49.491563],[3.388256,49.490264],[3.388061,49.489388],[3.388541,49.488631],[3.388562,49.488222],[3.388795,49.48809],[3.388912,49.487447],[3.389586,49.486982],[3.387876,49.486537],[3.385768,49.486212],[3.374871,49.485415],[3.374565,49.484755],[3.374822,49.482347],[3.375524,49.481945],[3.375794,49.479994],[3.375273,49.478044],[3.373848,49.475643],[3.373796,49.474857],[3.374133,49.474306],[3.374998,49.473829],[3.376945,49.473735],[3.376555,49.473146],[3.376426,49.472268],[3.377337,49.469954],[3.37722,49.469492],[3.376234,49.468347],[3.376457,49.468246],[3.376152,49.467626],[3.376877,49.467407],[3.376484,49.465761],[3.376416,49.462704],[3.376089,49.461261],[3.375003,49.459123],[3.373977,49.458523],[3.372897,49.457603],[3.371161,49.454853],[3.3684,49.454979],[3.36067,49.454816],[3.357417,49.455467],[3.353023,49.456931],[3.347255,49.457545],[3.344432,49.457333],[3.34425,49.457011],[3.345347,49.456526],[3.345361,49.455764],[3.339938,49.456296],[3.339883,49.457799],[3.336001,49.458534],[3.322995,49.463667],[3.318793,49.464983],[3.31545,49.465844],[3.309821,49.467958],[3.30739,49.468531],[3.305984,49.469258],[3.298125,49.466717],[3.288604,49.464147],[3.288059,49.478704],[3.285492,49.478625],[3.282658,49.47887],[3.28251,49.478242],[3.277063,49.478284],[3.272346,49.479374],[3.271981,49.479775],[3.271243,49.479772],[3.271239,49.479654],[3.265357,49.479601],[3.258958,49.480705],[3.255042,49.485296],[3.25222,49.490905],[3.247795,49.490077],[3.244083,49.488987],[3.239179,49.488525],[3.238006,49.485872],[3.233712,49.485075],[3.233603,49.483501],[3.224561,49.48326],[3.224933,49.478587],[3.22474,49.478589],[3.214651,49.479125],[3.200714,49.480718],[3.19708,49.481447],[3.19533,49.482107],[3.189178,49.483661],[3.187188,49.484638],[3.181357,49.486266],[3.178901,49.487213],[3.179385,49.48842],[3.174252,49.491296],[3.171684,49.493656],[3.170003,49.4949],[3.16407,49.493289],[3.155256,49.494134],[3.154555,49.493111],[3.150471,49.493246],[3.148272,49.490871],[3.146668,49.490903],[3.143509,49.491334],[3.139652,49.492093],[3.137743,49.492119],[3.133386,49.492596],[3.131349,49.492665],[3.127206,49.493051],[3.126188,49.493311],[3.125659,49.493182],[3.122683,49.493785],[3.121581,49.493807],[3.119677,49.494446],[3.116565,49.495024],[3.115872,49.495489],[3.115245,49.496438],[3.115679,49.49709],[3.114318,49.497769],[3.109851,49.502079],[3.107018,49.503576],[3.105231,49.504044],[3.102056,49.505164],[3.102359,49.505317],[3.101089,49.505581],[3.100824,49.505428],[3.100143,49.505913],[3.101272,49.5066],[3.099729,49.507879],[3.099627,49.509124],[3.099142,49.510265],[3.096804,49.51204],[3.095474,49.513615],[3.095502,49.513942],[3.095962,49.517999],[3.097334,49.518265],[3.10129,49.518249],[3.102653,49.518662],[3.104617,49.518717],[3.105408,49.519012],[3.105732,49.518809],[3.110609,49.520646],[3.113535,49.521032],[3.113713,49.520627],[3.116956,49.521293],[3.117963,49.52145],[3.118048,49.521305],[3.118958,49.521519],[3.121494,49.520815],[3.12182,49.520113],[3.121677,49.519718],[3.122743,49.519594],[3.123048,49.52011],[3.123009,49.520801],[3.123596,49.521836],[3.125718,49.523356],[3.12519,49.523817],[3.125291,49.523948],[3.124325,49.524426],[3.125825,49.525898],[3.12626,49.525602],[3.126432,49.525643],[3.128166,49.527564],[3.127719,49.527702],[3.126888,49.529348],[3.12741,49.529979],[3.127615,49.531262],[3.128685,49.532912],[3.12899,49.533959],[3.128177,49.535609],[3.127259,49.535678],[3.127026,49.538659],[3.126785,49.539128],[3.126056,49.539708],[3.126212,49.54011],[3.125974,49.54216],[3.127408,49.542418],[3.127186,49.543019],[3.131711,49.543955],[3.131824,49.543766],[3.133758,49.544365],[3.13464,49.544276],[3.139253,49.544461],[3.139365,49.544969],[3.140677,49.545459],[3.14112,49.54622],[3.140124,49.546597],[3.141308,49.547936],[3.143413,49.547343],[3.143814,49.548338],[3.144456,49.548994],[3.146604,49.550058],[3.14882,49.549896],[3.148799,49.550369],[3.151493,49.550476],[3.154055,49.549682],[3.157037,49.550016],[3.158216,49.549884],[3.159823,49.551742],[3.161485,49.551512],[3.163032,49.550885],[3.162099,49.548659],[3.161102,49.547194],[3.160613,49.547272],[3.160366,49.546814],[3.162601,49.546495],[3.162428,49.546074],[3.164237,49.545922],[3.164176,49.545717],[3.162723,49.544979],[3.162237,49.543561],[3.16359,49.542739],[3.164606,49.544316],[3.165991,49.543749],[3.166376,49.544473],[3.166295,49.544758],[3.165609,49.544911],[3.166862,49.547476],[3.167486,49.547831],[3.167608,49.548694],[3.167201,49.549697],[3.182778,49.544363],[3.183259,49.544454],[3.184045,49.544313],[3.184141,49.543863],[3.182091,49.542672],[3.182834,49.541431],[3.185075,49.541784],[3.185247,49.54048],[3.186159,49.540519],[3.186442,49.540921],[3.187409,49.541049],[3.187883,49.540462],[3.188505,49.540547],[3.188376,49.541042],[3.188858,49.540994],[3.188866,49.541443],[3.18921,49.54144],[3.189552,49.541168],[3.190729,49.541475],[3.190811,49.542237],[3.191652,49.542951],[3.192539,49.54236],[3.193416,49.542341],[3.193219,49.544392],[3.19166,49.54548],[3.190301,49.547328],[3.19009,49.549372],[3.19047,49.550591],[3.19288,49.55639],[3.195897,49.555962],[3.195548,49.557412],[3.197424,49.560403],[3.197469,49.561316],[3.199924,49.565284],[3.20121,49.565774],[3.201887,49.565495],[3.203106,49.565874],[3.204041,49.567533],[3.204138,49.568968],[3.205529,49.568949],[3.206913,49.568622],[3.209346,49.567166],[3.214041,49.567227],[3.219258,49.565203],[3.219836,49.564711],[3.220863,49.564785],[3.221133,49.56451],[3.220987,49.564001],[3.222038,49.563287],[3.222332,49.562288],[3.222722,49.561753],[3.22762,49.55839],[3.229278,49.559839],[3.22926,49.561388],[3.230078,49.561154],[3.230734,49.560301],[3.231779,49.559719],[3.232163,49.559679],[3.235503,49.559791],[3.237502,49.560163],[3.238746,49.559929],[3.239841,49.560088],[3.239905,49.560475],[3.241053,49.560601],[3.242036,49.560971],[3.242723,49.560539],[3.242852,49.560001],[3.244768,49.557904],[3.24523,49.556908],[3.246881,49.558063],[3.247841,49.557425],[3.251105,49.558788],[3.251705,49.558005],[3.254332,49.558209],[3.25434,49.558614],[3.258095,49.559155],[3.257248,49.560035],[3.257568,49.56079],[3.259219,49.560463],[3.26075,49.561362],[3.28431,49.551325],[3.284777,49.551402],[3.283715,49.574841],[3.28471,49.574837],[3.289772,49.573748],[3.291955,49.572471],[3.297336,49.570735],[3.29957,49.570836],[3.300988,49.570252],[3.302279,49.569952],[3.303283,49.570166],[3.30418,49.570878],[3.307563,49.570465],[3.302547,49.568912],[3.305354,49.568022],[3.310176,49.567103],[3.309953,49.566715],[3.305676,49.564985],[3.307135,49.563385],[3.306127,49.562046],[3.304217,49.560827],[3.304605,49.560234],[3.304346,49.55971],[3.302362,49.558858],[3.304942,49.55605],[3.307278,49.557421],[3.312923,49.553367],[3.326187,49.557302],[3.331605,49.558399],[3.333173,49.559613],[3.335491,49.558941],[3.336021,49.559752],[3.33737,49.560977],[3.341304,49.561475],[3.341788,49.562333],[3.342584,49.563021],[3.342616,49.563381],[3.342369,49.563648],[3.343293,49.564673],[3.344448,49.563966],[3.34957,49.563475],[3.351182,49.562951],[3.351997,49.56295],[3.352704,49.562364],[3.352982,49.562319],[3.3534,49.562652],[3.354364,49.562868],[3.356608,49.562818],[3.357523,49.563055],[3.359637,49.562763],[3.360465,49.562943],[3.36079,49.562846],[3.362558,49.562938],[3.363663,49.563078],[3.366665,49.563856],[3.366837,49.563296],[3.368431,49.563831],[3.36907,49.563817],[3.370476,49.563234],[3.371267,49.563381],[3.37187,49.562523],[3.371855,49.561715],[3.372054,49.561353],[3.372941,49.560807],[3.374653,49.560118],[3.3774,49.559421],[3.377925,49.561437],[3.377599,49.562429],[3.380354,49.562499],[3.380531,49.563052],[3.383082,49.563312],[3.384714,49.563891],[3.385545,49.564369],[3.389337,49.562284],[3.390168,49.562107],[3.397258,49.559413],[3.403975,49.555725],[3.402949,49.555258],[3.402221,49.554695],[3.403361,49.553664],[3.397779,49.551249],[3.390354,49.54829],[3.398827,49.546689],[3.39953,49.546744],[3.400838,49.54374],[3.403001,49.541053],[3.402819,49.540571],[3.402757,49.535284],[3.401211,49.534704],[3.40201,49.533159],[3.403409,49.531932],[3.404871,49.529304],[3.406178,49.529069],[3.405242,49.528328],[3.404095,49.528459],[3.400772,49.527903],[3.399602,49.528103],[3.399057,49.525089],[3.398686,49.52123],[3.398187,49.520425],[3.396875,49.520347],[3.395939,49.519419],[3.396898,49.518638],[3.396984,49.517439],[3.397898,49.517311],[3.398134,49.516399],[3.397755,49.516366],[3.397373,49.515855],[3.397042,49.514676],[3.396745,49.514667],[3.396682,49.512677],[3.395432,49.512651],[3.395559,49.511709],[3.394551,49.509727],[3.394488,49.507213],[3.393574,49.506217],[3.39328,49.50388],[3.394013,49.503157],[3.39528,49.502493],[3.396179,49.501363]]]}},{"type":"Feature","properties":{"uai_primary":"0020024R","uai_all":"0020024R","is_merged":false},"geometry":{"type":"Polygon","coordinates":[[[3.62116,49.149803],[3.621466,49.14976],[3.621376,49.149238],[3.619712,49.147899],[3.618842,49.144426],[3.620687,49.139435],[3.620166,49.139205],[3.614887,49.139167],[3.609938,49.134893],[3.610643,49.134161],[3.610931,49.133491],[3.611887,49.128692],[3.607989,49.124396],[3.603163,49.121586],[3.6024,49.121325],[3.596699,49.119952],[3.590086,49.118944],[3.577225,49.116638],[3.576929,49.114614],[3.576091,49.112088],[3.575773,49.110249],[3.574403,49.110174],[3.572285,49.11033],[3.570074,49.110084],[3.567201,49.110113],[3.565484,49.109906],[3.56104,49.110096],[3.559809,49.109474],[3.557938,49.109001],[3.557669,49.108724],[3.55781,49.108301],[3.557465,49.107544],[3.557637,49.107438],[3.555322,49.106079],[3.554094,49.105825],[3.553793,49.105351],[3.552754,49.104934],[3.552085,49.104348],[3.551878,49.103763],[3.550601,49.10329],[3.550508,49.10253],[3.549815,49.101628],[3.549736,49.100776],[3.549412,49.100358],[3.548478,49.099936],[3.548534,49.099435],[3.547963,49.098782],[3.548186,49.097858],[3.547609,49.097652],[3.547486,49.097101],[3.54693,49.097023],[3.546587,49.095791],[3.545705,49.095241],[3.544167,49.097151],[3.544203,49.097677],[3.543356,49.098677],[3.542285,49.097116],[3.540331,49.09881],[3.539526,49.098677],[3.538821,49.097657],[3.53824,49.097981],[3.536948,49.096954],[3.536492,49.096995],[3.536774,49.096464],[3.535422,49.095246],[3.530775,49.093177],[3.529607,49.093338],[3.529074,49.093717],[3.523237,49.095993],[3.523137,49.09635],[3.523389,49.096884],[3.52493,49.099227],[3.525791,49.100198],[3.5272,49.101269],[3.527538,49.101716],[3.527552,49.102121],[3.525684,49.10417],[3.518289,49.110004],[3.517055,49.109926],[3.51506,49.109452],[3.513715,49.107532],[3.513419,49.106547],[3.513603,49.105593],[3.511626,49.105936],[3.510559,49.104769],[3.5089,49.104075],[3.508099,49.101918],[3.505728,49.10047],[3.502975,49.101154],[3.500523,49.10155],[3.498591,49.101666],[3.49888,49.102735],[3.49885,49.104443],[3.492749,49.104637],[3.492672,49.104233],[3.490758,49.104297],[3.49063,49.104747],[3.483863,49.105091],[3.484107,49.106841],[3.479625,49.106592],[3.476754,49.105429],[3.476075,49.105705],[3.47516,49.105219],[3.474381,49.104013],[3.472611,49.10439],[3.472604,49.104075],[3.47164,49.103814],[3.469921,49.103471],[3.469721,49.103698],[3.46931,49.103702],[3.4678,49.103491],[3.467659,49.103268],[3.467177,49.103183],[3.467277,49.101475],[3.467957,49.101289],[3.465559,49.098615],[3.465967,49.098522],[3.467046,49.097792],[3.463232,49.095692],[3.464422,49.094639],[3.462557,49.093549],[3.461834,49.092014],[3.461734,49.08705],[3.456452,49.086335],[3.458614,49.078811],[3.456124,49.078206],[3.452765,49.077833],[3.45006,49.076847],[3.450206,49.076508],[3.444268,49.077078],[3.441296,49.077615],[3.439493,49.077731],[3.435336,49.078586],[3.429814,49.079999],[3.422595,49.080642],[3.423014,49.081103],[3.422196,49.083237],[3.421739,49.083934],[3.418576,49.085489],[3.416854,49.088044],[3.418243,49.089266],[3.419074,49.089707],[3.41856,49.091285],[3.42072,49.09267],[3.421313,49.093371],[3.42386,49.097946],[3.424612,49.098653],[3.426133,49.09927],[3.427147,49.100121],[3.427421,49.100555],[3.428091,49.103903],[3.428009,49.105176],[3.428223,49.105818],[3.427976,49.108193],[3.42743,49.108252],[3.427307,49.108927],[3.426145,49.108982],[3.421895,49.118466],[3.421769,49.118916],[3.423918,49.121759],[3.424191,49.123298],[3.423506,49.12457],[3.422731,49.124973],[3.42119,49.126559],[3.42121,49.127512],[3.420741,49.12801],[3.42076,49.128909],[3.419599,49.129055],[3.419745,49.129503],[3.420722,49.130392],[3.420537,49.131338],[3.419577,49.131302],[3.418613,49.130996],[3.417228,49.130289],[3.416955,49.130291],[3.415762,49.13219],[3.415419,49.132193],[3.412669,49.131582],[3.403365,49.129989],[3.404475,49.126764],[3.408007,49.125385],[3.409357,49.124674],[3.409402,49.123432],[3.408555,49.123809],[3.407082,49.123867],[3.403281,49.122685],[3.400947,49.122302],[3.40153,49.124094],[3.401124,49.124278],[3.400927,49.124684],[3.396179,49.123558],[3.392936,49.125573],[3.3932,49.12849],[3.392299,49.131284],[3.391955,49.1317],[3.39041,49.131464],[3.389893,49.133202],[3.389005,49.134613],[3.389378,49.134892],[3.389303,49.135152],[3.387985,49.134611],[3.387643,49.134614],[3.382963,49.136857],[3.384285,49.137879],[3.384682,49.140526],[3.383658,49.140714],[3.382104,49.141761],[3.381917,49.142671],[3.380285,49.14327],[3.378897,49.142338],[3.377907,49.140774],[3.37704,49.139901],[3.375312,49.138919],[3.374823,49.139937],[3.374761,49.143237],[3.37418,49.146108],[3.374349,49.147769],[3.373939,49.15088],[3.373908,49.154257],[3.372973,49.163588],[3.37277,49.171432],[3.37225,49.176785],[3.372003,49.177318],[3.372033,49.179595],[3.37139,49.185734],[3.371391,49.185975],[3.372761,49.186682],[3.375094,49.189493],[3.377043,49.190913],[3.378492,49.191395],[3.381384,49.192044],[3.381935,49.192384],[3.383427,49.192621],[3.384568,49.19329],[3.38442,49.190532],[3.385693,49.190797],[3.386151,49.190496],[3.388542,49.191371],[3.39141,49.192047],[3.392745,49.192649],[3.393504,49.19336],[3.396807,49.194368],[3.398698,49.195253],[3.399277,49.195757],[3.400519,49.195945],[3.401033,49.196169],[3.401085,49.196411],[3.401831,49.196777],[3.402893,49.197099],[3.40342,49.196884],[3.403635,49.197247],[3.404198,49.19701],[3.404263,49.196711],[3.405024,49.19687],[3.406006,49.196837],[3.406182,49.197367],[3.406587,49.197451],[3.407336,49.198179],[3.40772,49.198973],[3.408135,49.198847],[3.409019,49.199087],[3.409695,49.198765],[3.410135,49.198853],[3.410547,49.198365],[3.411082,49.198214],[3.411098,49.197842],[3.412045,49.197656],[3.412544,49.197322],[3.412937,49.197265],[3.413742,49.197471],[3.414081,49.197863],[3.414686,49.197863],[3.414947,49.197586],[3.416187,49.197614],[3.417507,49.198031],[3.420383,49.198039],[3.421337,49.198425],[3.423266,49.198068],[3.423208,49.198523],[3.423482,49.199107],[3.421577,49.20001],[3.420958,49.200746],[3.420218,49.201208],[3.419869,49.202166],[3.41799,49.203176],[3.419201,49.204693],[3.42018,49.205582],[3.420255,49.205896],[3.419538,49.2077],[3.417748,49.208526],[3.421044,49.210558],[3.421427,49.211836],[3.420616,49.212344],[3.417803,49.213205],[3.41665,49.2138],[3.413814,49.215937],[3.412118,49.216851],[3.408511,49.218195],[3.407361,49.218925],[3.406601,49.219664],[3.40576,49.219876],[3.40437,49.219842],[3.40194,49.219422],[3.398508,49.219317],[3.397403,49.219013],[3.39718,49.218819],[3.396302,49.218798],[3.394116,49.21884],[3.392553,49.219064],[3.391058,49.219666],[3.388635,49.220093],[3.386084,49.22025],[3.384568,49.219864],[3.382324,49.220118],[3.381742,49.220528],[3.378629,49.221936],[3.376411,49.222487],[3.375767,49.222804],[3.374505,49.223544],[3.374243,49.22413],[3.368537,49.22692],[3.36444,49.231322],[3.36319,49.233984],[3.361619,49.238714],[3.361081,49.241783],[3.360141,49.242779],[3.357771,49.246549],[3.356342,49.249387],[3.353421,49.258113],[3.355741,49.259008],[3.356708,49.259052],[3.35978,49.258783],[3.364879,49.262602],[3.368066,49.264296],[3.371952,49.262767],[3.375883,49.261682],[3.376034,49.260532],[3.37656,49.259404],[3.377494,49.258093],[3.377202,49.257198],[3.377333,49.256837],[3.378271,49.255796],[3.380037,49.254909],[3.384386,49.256409],[3.39216,49.255181],[3.392852,49.256513],[3.397348,49.257551],[3.39895,49.258705],[3.401136,49.258191],[3.404486,49.255586],[3.405767,49.25576],[3.406515,49.249509],[3.409007,49.247196],[3.409248,49.245612],[3.416925,49.245184],[3.420523,49.246634],[3.421494,49.247119],[3.421363,49.24739],[3.424078,49.248623],[3.424419,49.248485],[3.425106,49.248873],[3.425544,49.250348],[3.426447,49.250309],[3.428949,49.251814],[3.429402,49.253696],[3.432985,49.253754],[3.431069,49.260429],[3.431765,49.260917],[3.433765,49.261348],[3.435487,49.261602],[3.435885,49.260969],[3.436647,49.261277],[3.436583,49.261502],[3.436934,49.261858],[3.436821,49.262353],[3.438843,49.263817],[3.439965,49.264931],[3.439318,49.265997],[3.431824,49.264296],[3.430464,49.26644],[3.43045,49.267767],[3.429997,49.269453],[3.429689,49.272184],[3.430136,49.275232],[3.436478,49.272491],[3.437391,49.272261],[3.437384,49.271888],[3.441337,49.271261],[3.444284,49.270381],[3.445166,49.269914],[3.446903,49.267696],[3.447431,49.266703],[3.447601,49.265713],[3.447505,49.264456],[3.449896,49.263895],[3.450803,49.263931],[3.451494,49.264105],[3.452051,49.264504],[3.453081,49.264495],[3.454737,49.264883],[3.454477,49.26556],[3.455237,49.265777],[3.455443,49.265775],[3.45583,49.26464],[3.462884,49.266371],[3.465427,49.266481],[3.466806,49.266783],[3.467637,49.267134],[3.467234,49.271341],[3.469575,49.27208],[3.473348,49.270931],[3.476914,49.27014],[3.478683,49.269276],[3.479863,49.269849],[3.482118,49.272478],[3.487815,49.271795],[3.488158,49.271791],[3.488312,49.272554],[3.491054,49.272348],[3.491195,49.272481],[3.491089,49.273875],[3.493836,49.273894],[3.493713,49.274568],[3.494577,49.27479],[3.49358,49.276144],[3.493248,49.277833],[3.493055,49.281022],[3.498215,49.281202],[3.50185,49.281588],[3.508761,49.282868],[3.508722,49.279012],[3.508955,49.278119],[3.508089,49.278086],[3.50801,49.27761],[3.519444,49.275611],[3.521098,49.272171],[3.517859,49.271816],[3.518736,49.27139],[3.518862,49.271007],[3.518698,49.270279],[3.517687,49.268709],[3.515256,49.266657],[3.515526,49.266446],[3.524784,49.262278],[3.529348,49.260493],[3.534469,49.259483],[3.534767,49.259765],[3.53481,49.260844],[3.535143,49.261187],[3.536063,49.261461],[3.536109,49.262136],[3.536328,49.262294],[3.537933,49.262959],[3.538819,49.263007],[3.538923,49.263176],[3.540409,49.263138],[3.54106,49.263462],[3.541268,49.263324],[3.541776,49.26356],[3.541885,49.263804],[3.542475,49.263887],[3.542636,49.264079],[3.543109,49.264087],[3.544696,49.264798],[3.545284,49.264858],[3.545274,49.265064],[3.546597,49.265214],[3.547743,49.265567],[3.548131,49.265832],[3.548755,49.265967],[3.548976,49.266347],[3.550041,49.266758],[3.551804,49.265102],[3.552677,49.264944],[3.555607,49.263898],[3.55521,49.262198],[3.555411,49.261415],[3.559826,49.25747],[3.568014,49.258284],[3.566732,49.256366],[3.567754,49.256032],[3.568291,49.255532],[3.568689,49.254944],[3.568607,49.254405],[3.567162,49.254285],[3.566872,49.253615],[3.567269,49.252982],[3.565883,49.252411],[3.56608,49.25205],[3.565409,49.250394],[3.562791,49.247097],[3.562493,49.246112],[3.562551,49.243726],[3.564376,49.242811],[3.564688,49.242379],[3.569156,49.243356],[3.57245,49.243607],[3.573148,49.243778],[3.573745,49.244705],[3.574454,49.244877],[3.576007,49.245635],[3.579798,49.247722],[3.583018,49.245801],[3.582592,49.245177],[3.581116,49.243799],[3.582803,49.242559],[3.583065,49.242108],[3.582748,49.240314],[3.583912,49.239413],[3.585643,49.236975],[3.586558,49.236067],[3.588032,49.234864],[3.589632,49.234391],[3.589796,49.233667],[3.591466,49.230334],[3.592321,49.230936],[3.593906,49.230264],[3.599675,49.228488],[3.600695,49.228381],[3.601942,49.231381],[3.602084,49.232256],[3.60338,49.232084],[3.605815,49.234695],[3.607492,49.236205],[3.607812,49.236331],[3.608419,49.236054],[3.609236,49.23676],[3.610353,49.238319],[3.611117,49.237707],[3.611257,49.23775],[3.612433,49.239346],[3.614564,49.241093],[3.616051,49.243068],[3.615093,49.243453],[3.615202,49.243673],[3.618891,49.247228],[3.619022,49.248084],[3.621313,49.250182],[3.621678,49.250672],[3.622317,49.252697],[3.624034,49.252662],[3.626613,49.252902],[3.627393,49.253351],[3.629519,49.253042],[3.632338,49.253381],[3.633377,49.25369],[3.630922,49.257451],[3.630541,49.258678],[3.631657,49.2588],[3.633784,49.258769],[3.63444,49.258914],[3.634366,49.259228],[3.634984,49.260101],[3.641183,49.261734],[3.641836,49.261761],[3.647013,49.262852],[3.651163,49.263858],[3.65209,49.263936],[3.653879,49.26368],[3.654687,49.263078],[3.655321,49.262981],[3.655414,49.261229],[3.653192,49.257559],[3.653319,49.257154],[3.65461,49.256645],[3.654805,49.256194],[3.652912,49.254688],[3.652764,49.25424],[3.653861,49.254228],[3.6567,49.255185],[3.656259,49.256672],[3.655652,49.257128],[3.655665,49.257622],[3.657212,49.259088],[3.658169,49.260559],[3.660671,49.260159],[3.659589,49.258073],[3.662333,49.257459],[3.661443,49.255492],[3.663796,49.25357],[3.663067,49.253153],[3.665323,49.251532],[3.664975,49.251356],[3.666407,49.24833],[3.66619,49.247927],[3.666857,49.247156],[3.665811,49.246539],[3.669846,49.243356],[3.668043,49.241983],[3.668772,49.2416],[3.668415,49.241064],[3.670779,49.2396],[3.671053,49.239598],[3.671817,49.239994],[3.672492,49.239528],[3.675029,49.240079],[3.676437,49.238687],[3.678256,49.235229],[3.67266,49.233325],[3.669973,49.232861],[3.669819,49.232234],[3.668776,49.231661],[3.670485,49.228848],[3.670397,49.22804],[3.667284,49.22493],[3.664854,49.223789],[3.664782,49.223654],[3.665712,49.222975],[3.664302,49.222412],[3.664137,49.221988],[3.662883,49.221878],[3.66153,49.222567],[3.660993,49.223067],[3.655645,49.220969],[3.653821,49.222077],[3.652923,49.221862],[3.652313,49.222138],[3.651687,49.221785],[3.65148,49.221484],[3.655402,49.219378],[3.657198,49.218655],[3.656257,49.218279],[3.652926,49.215532],[3.653962,49.214203],[3.654771,49.213656],[3.654673,49.213073],[3.654867,49.212576],[3.656005,49.211521],[3.656549,49.211291],[3.659633,49.210672],[3.662538,49.208978],[3.66457,49.210708],[3.665119,49.210702],[3.670784,49.209399],[3.674596,49.208313],[3.677299,49.207172],[3.678568,49.206857],[3.680382,49.205904],[3.681445,49.205105],[3.680891,49.204856],[3.679361,49.204558],[3.678458,49.204164],[3.677549,49.203455],[3.676497,49.202004],[3.676685,49.201697],[3.676508,49.200936],[3.6771,49.1997],[3.680458,49.198223],[3.681702,49.197403],[3.68383,49.197428],[3.686995,49.199168],[3.688032,49.200083],[3.689525,49.200544],[3.690167,49.200931],[3.691651,49.202091],[3.692473,49.204678],[3.692794,49.205278],[3.693402,49.205846],[3.693567,49.205925],[3.693518,49.205567],[3.695115,49.20506],[3.696305,49.20638],[3.697477,49.206637],[3.697172,49.205482],[3.698447,49.205502],[3.698878,49.204202],[3.699788,49.203276],[3.699754,49.202018],[3.700286,49.201338],[3.704655,49.20066],[3.704892,49.199264],[3.704875,49.19859],[3.703544,49.195496],[3.701938,49.194391],[3.699918,49.195772],[3.696938,49.194547],[3.696616,49.194061],[3.697756,49.191203],[3.698517,49.189871],[3.697812,49.189226],[3.697161,49.187931],[3.697844,49.187878],[3.69929,49.188087],[3.706854,49.185924],[3.707244,49.185651],[3.705919,49.184104],[3.705346,49.184107],[3.703862,49.181529],[3.706487,49.180312],[3.711804,49.179432],[3.711406,49.178181],[3.712389,49.178078],[3.714201,49.178687],[3.717438,49.176718],[3.719875,49.175566],[3.725301,49.173473],[3.729092,49.176843],[3.730186,49.176832],[3.730224,49.177453],[3.729761,49.177976],[3.730106,49.178314],[3.732976,49.178012],[3.737224,49.177961],[3.737987,49.178337],[3.740418,49.177735],[3.740943,49.17839],[3.74256,49.179203],[3.745148,49.177798],[3.751285,49.177783],[3.752583,49.17248],[3.748502,49.171679],[3.749869,49.169258],[3.748348,49.168737],[3.748938,49.160777],[3.748446,49.160334],[3.748756,49.158644],[3.748768,49.157085],[3.73957,49.156933],[3.736589,49.15562],[3.736109,49.155626],[3.733686,49.15471],[3.733682,49.15453],[3.725229,49.151484],[3.725217,49.151079],[3.721414,49.149685],[3.719526,49.148808],[3.717853,49.147704],[3.71726,49.147058],[3.714104,49.146235],[3.711162,49.145984],[3.70645,49.145309],[3.707006,49.144076],[3.707947,49.14324],[3.70289,49.141471],[3.69993,49.14546],[3.699627,49.147967],[3.698002,49.148705],[3.698364,49.149464],[3.698032,49.149828],[3.695128,49.151397],[3.69336,49.151867],[3.693722,49.152626],[3.692437,49.15327],[3.688802,49.153132],[3.688682,49.153762],[3.687255,49.154183],[3.685549,49.154426],[3.683838,49.154491],[3.682463,49.154335],[3.680844,49.153917],[3.68084,49.153766],[3.679735,49.153465],[3.678861,49.152956],[3.672551,49.150837],[3.669216,49.150288],[3.660171,49.14977],[3.657169,49.14889],[3.653228,49.148461],[3.652485,49.148926],[3.651187,49.14903],[3.639298,49.149248],[3.639086,49.14973],[3.637649,49.150777],[3.634357,49.150346],[3.632643,49.150275],[3.628038,49.15146],[3.627061,49.151036],[3.62445,49.151352],[3.622666,49.151236],[3.622252,49.151106],[3.621482,49.15044],[3.62116,49.149803]]]}},{"type":"Feature","properties":{"uai_primary":"0020029W","uai_all":"0020029W","is_merged":false},"geometry":{"type":"Polygon","coordinates":[[[3.88599,49.485234],[3.879822,49.488621],[3.880405,49.48946],[3.879985,49.489608],[3.883176,49.492832],[3.883738,49.493139],[3.886725,49.494037],[3.885813,49.494281],[3.888338,49.497111],[3.890059,49.496187],[3.893482,49.498788],[3.893796,49.498501],[3.900637,49.50355],[3.897026,49.507714],[3.896187,49.513602],[3.899684,49.515765],[3.897475,49.520927],[3.89914,49.520874],[3.898107,49.52238],[3.896894,49.525386],[3.894749,49.529246],[3.909293,49.531253],[3.918248,49.531488],[3.927155,49.532767],[3.932387,49.528861],[3.930152,49.527574],[3.92899,49.524124],[3.929653,49.52357],[3.932232,49.521669],[3.937567,49.522852],[3.943152,49.520013],[3.945462,49.520436],[3.946686,49.521761],[3.946014,49.521815],[3.95456,49.528091],[3.955767,49.52841],[3.957317,49.529084],[3.958343,49.529186],[3.960292,49.528806],[3.961493,49.526738],[3.962923,49.529409],[3.967627,49.532398],[3.968786,49.532141],[3.969721,49.531339],[3.970068,49.530715],[3.971368,49.531186],[3.971399,49.531448],[3.97109,49.531729],[3.971135,49.53215],[3.970765,49.532569],[3.969975,49.532933],[3.96849,49.53289],[3.968356,49.533158],[3.968634,49.533387],[3.968966,49.534268],[3.975813,49.533501],[3.976329,49.534215],[3.980549,49.533915],[3.979957,49.535072],[3.978413,49.535152],[3.977195,49.536677],[3.977978,49.537531],[3.979483,49.541645],[3.987235,49.544233],[3.99021,49.542046],[3.995235,49.543712],[3.996316,49.54378],[3.996819,49.542992],[3.996848,49.54194],[3.998399,49.537441],[4.001184,49.53555],[4.000789,49.536986],[4.004038,49.538091],[4.004971,49.536884],[4.006475,49.53621],[4.006625,49.535848],[4.00865,49.5367],[4.009172,49.53609],[4.009717,49.536354],[4.010388,49.536452],[4.010524,49.535793],[4.011442,49.53598],[4.011992,49.53517],[4.013621,49.535467],[4.019555,49.534876],[4.025052,49.533646],[4.031313,49.532487],[4.033855,49.539297],[4.038542,49.540923],[4.043883,49.542436],[4.046297,49.551824],[4.050895,49.553481],[4.048713,49.545357],[4.05159,49.545107],[4.053229,49.545117],[4.054857,49.544875],[4.058267,49.544937],[4.060393,49.54432],[4.064911,49.543446],[4.066698,49.543268],[4.066922,49.543594],[4.072186,49.542254],[4.073119,49.541862],[4.074376,49.541574],[4.075165,49.541612],[4.075492,49.539124],[4.076927,49.535932],[4.07617,49.53468],[4.076713,49.530978],[4.077549,49.528324],[4.07708,49.526662],[4.076997,49.524633],[4.07309,49.523324],[4.074619,49.522431],[4.075614,49.520652],[4.074477,49.520451],[4.075835,49.518345],[4.071945,49.516413],[4.07156,49.517216],[4.06648,49.522044],[4.065362,49.523584],[4.063061,49.52314],[4.056308,49.521059],[4.058237,49.519257],[4.056781,49.518568],[4.060476,49.515289],[4.061402,49.513899],[4.061875,49.512735],[4.05686,49.5105],[4.057217,49.508173],[4.053735,49.508532],[4.048602,49.508656],[4.043054,49.508457],[4.040725,49.508646],[4.040233,49.506494],[4.040128,49.505417],[4.041541,49.485893],[4.041589,49.470839],[4.041703,49.470311],[4.042006,49.47035],[4.042366,49.46887],[4.042083,49.468804],[4.042093,49.468552],[4.041766,49.468527],[4.041548,49.468263],[4.041769,49.467859],[4.043969,49.467948],[4.044095,49.466482],[4.047328,49.466485],[4.047625,49.465061],[4.048253,49.465032],[4.048651,49.463192],[4.048912,49.463213],[4.049383,49.462853],[4.050835,49.463007],[4.052117,49.460503],[4.054476,49.459226],[4.054597,49.45897],[4.053709,49.457566],[4.053949,49.456653],[4.054393,49.456117],[4.055669,49.455665],[4.057853,49.451134],[4.060723,49.451515],[4.061152,49.449648],[4.061714,49.449377],[4.062552,49.449314],[4.062792,49.448237],[4.065621,49.448207],[4.065814,49.447437],[4.066273,49.44677],[4.067616,49.44675],[4.067188,49.445788],[4.068214,49.445573],[4.067896,49.44483],[4.06635,49.445474],[4.064748,49.445497],[4.063274,49.446181],[4.062985,49.446442],[4.062929,49.446925],[4.061331,49.446962],[4.060847,49.447292],[4.060029,49.447357],[4.056932,49.446268],[4.05574,49.445198],[4.0547,49.444641],[4.053105,49.44403],[4.051748,49.443876],[4.050974,49.444218],[4.05073,49.444733],[4.050952,49.445131],[4.051923,49.4455],[4.052087,49.445697],[4.052078,49.446513],[4.050499,49.447561],[4.04918,49.447675],[4.048576,49.447168],[4.04752,49.445692],[4.045888,49.444415],[4.045492,49.444178],[4.044185,49.443873],[4.043438,49.441963],[4.04291,49.441364],[4.040201,49.440497],[4.037211,49.438195],[4.038167,49.4372],[4.038065,49.436967],[4.039059,49.435472],[4.039654,49.435288],[4.039464,49.433844],[4.039734,49.433538],[4.039621,49.43315],[4.039886,49.432831],[4.041521,49.432512],[4.041135,49.431741],[4.041232,49.431325],[4.040584,49.430427],[4.040496,49.42992],[4.043427,49.429226],[4.043764,49.428891],[4.04235,49.416678],[4.047208,49.417625],[4.047196,49.417247],[4.048522,49.416989],[4.04807,49.414672],[4.04833,49.414656],[4.048601,49.415706],[4.049638,49.41561],[4.049276,49.413818],[4.049981,49.413792],[4.049784,49.412295],[4.050275,49.412261],[4.048229,49.405633],[4.047963,49.404187],[4.044908,49.404422],[4.044652,49.400688],[4.043714,49.400962],[4.04261,49.400886],[4.041909,49.39759],[4.041698,49.397458],[4.039987,49.397432],[4.038948,49.387928],[4.037429,49.388193],[4.037085,49.383721],[4.035969,49.383216],[4.036741,49.382293],[4.037328,49.382111],[4.036931,49.380125],[4.037968,49.379647],[4.035802,49.359892],[4.032384,49.360146],[4.032389,49.359734],[4.031165,49.359701],[4.031576,49.35937],[4.031514,49.359247],[4.02794,49.359197],[4.027641,49.359988],[4.026186,49.359909],[4.025831,49.360151],[4.023503,49.360221],[4.023202,49.360375],[4.017775,49.360401],[4.017689,49.358413],[4.012724,49.358302],[4.011964,49.361633],[4.01122,49.363301],[4.011041,49.363407],[4.010289,49.363334],[4.010298,49.363838],[4.009611,49.365644],[4.007766,49.36896],[4.007051,49.369774],[4.00541,49.369285],[4.005537,49.369071],[4.003685,49.368534],[4.003301,49.368491],[4.002777,49.369409],[4.000608,49.368865],[3.999019,49.372358],[3.996546,49.371756],[3.995133,49.37828],[3.991756,49.378415],[3.983095,49.379359],[3.977186,49.379549],[3.972536,49.379446],[3.972245,49.379057],[3.969182,49.378845],[3.96917,49.378499],[3.96611,49.378232],[3.964167,49.377846],[3.962316,49.377672],[3.961481,49.377337],[3.955642,49.381867],[3.956043,49.382117],[3.954793,49.382782],[3.954232,49.383585],[3.953926,49.383601],[3.953341,49.384292],[3.952528,49.383998],[3.950006,49.385659],[3.946069,49.387634],[3.945254,49.387303],[3.942341,49.388939],[3.944106,49.389739],[3.942137,49.391436],[3.941608,49.392677],[3.941118,49.392584],[3.934719,49.398405],[3.931803,49.400653],[3.933981,49.401859],[3.933121,49.402482],[3.932901,49.402218],[3.932261,49.402834],[3.931971,49.402866],[3.926963,49.406527],[3.924671,49.407819],[3.924239,49.408701],[3.924446,49.410309],[3.925193,49.410632],[3.925488,49.411173],[3.925035,49.41157],[3.923509,49.411846],[3.923273,49.412447],[3.923317,49.413066],[3.92344,49.413405],[3.924782,49.41468],[3.925609,49.416722],[3.92689,49.417837],[3.922911,49.419834],[3.920826,49.421924],[3.909117,49.417957],[3.903425,49.415594],[3.899337,49.42133],[3.896857,49.422205],[3.895793,49.421987],[3.895164,49.421695],[3.895182,49.421453],[3.895552,49.421189],[3.895471,49.421028],[3.893724,49.421072],[3.893678,49.420372],[3.894165,49.419381],[3.893776,49.418749],[3.893045,49.418801],[3.892525,49.41834],[3.892611,49.417986],[3.892214,49.417947],[3.89238,49.417693],[3.891933,49.417558],[3.891542,49.417918],[3.89137,49.417429],[3.890905,49.417239],[3.890164,49.417182],[3.889609,49.416651],[3.889463,49.416792],[3.88923,49.41672],[3.888918,49.41628],[3.88821,49.416471],[3.887589,49.416378],[3.887147,49.416733],[3.886564,49.416564],[3.883746,49.416785],[3.88345,49.416534],[3.88205,49.416425],[3.845805,49.445237],[3.85533,49.449577],[3.855751,49.449886],[3.857654,49.452805],[3.857164,49.453122],[3.85926,49.453884],[3.858881,49.462037],[3.858072,49.46457],[3.858495,49.465491],[3.861141,49.467885],[3.862357,49.469775],[3.863682,49.470894],[3.868624,49.473744],[3.873017,49.476909],[3.877177,49.479549],[3.876703,49.47987],[3.878169,49.481571],[3.880991,49.483118],[3.881447,49.482801],[3.88599,49.485234]]]}},{"type":"Feature","properties":{"uai_primary":"0020030X","uai_all":"0020030X","is_merged":false},"geometry":{"type":"Polygon","coordinates":[[[3.634063,49.951044],[3.634378,49.955506],[3.634904,49.957373],[3.63553,49.95805],[3.635464,49.959256],[3.635008,49.959723],[3.634885,49.960409],[3.634954,49.960718],[3.635524,49.961254],[3.635719,49.962431],[3.635968,49.962596],[3.637704,49.962478],[3.639299,49.962976],[3.642332,49.962838],[3.642481,49.963278],[3.644924,49.963357],[3.645515,49.964797],[3.645814,49.965543],[3.641729,49.966289],[3.641286,49.96626],[3.640974,49.966465],[3.640404,49.967023],[3.640855,49.967449],[3.640992,49.968014],[3.642698,49.967749],[3.645113,49.967715],[3.645767,49.967537],[3.646391,49.967323],[3.647873,49.966362],[3.64791,49.965981],[3.648466,49.965713],[3.651445,49.965145],[3.652751,49.96452],[3.653737,49.964309],[3.654961,49.963539],[3.657174,49.96324],[3.659023,49.963632],[3.66018,49.963593],[3.660182,49.963035],[3.661189,49.962924],[3.662049,49.962552],[3.664174,49.962313],[3.664829,49.962032],[3.664802,49.961738],[3.665007,49.961593],[3.668335,49.960426],[3.668299,49.960313],[3.670336,49.960064],[3.670157,49.959834],[3.671022,49.959693],[3.674929,49.959324],[3.677796,49.957955],[3.677853,49.958502],[3.679176,49.958556],[3.680178,49.958861],[3.680796,49.957949],[3.683661,49.956775],[3.684241,49.956327],[3.685429,49.956182],[3.689496,49.955106],[3.696054,49.953801],[3.696492,49.953649],[3.69632,49.953415],[3.700138,49.952573],[3.701365,49.952352],[3.702624,49.952473],[3.702779,49.951414],[3.703484,49.952],[3.704748,49.952357],[3.705061,49.952589],[3.707105,49.952922],[3.707766,49.952891],[3.708943,49.952545],[3.712335,49.952941],[3.716663,49.954206],[3.718688,49.954953],[3.719172,49.953753],[3.718619,49.952898],[3.718822,49.952779],[3.719902,49.95277],[3.719697,49.953137],[3.720479,49.952991],[3.721028,49.953308],[3.720958,49.953523],[3.720518,49.953604],[3.720487,49.953773],[3.720972,49.954219],[3.722104,49.954102],[3.722357,49.954189],[3.722746,49.953914],[3.723556,49.954125],[3.724689,49.953382],[3.725325,49.953186],[3.726308,49.95338],[3.727976,49.953392],[3.728693,49.953667],[3.728727,49.954137],[3.729021,49.954194],[3.72935,49.954157],[3.729407,49.953973],[3.729181,49.953814],[3.729488,49.953654],[3.730992,49.954403],[3.731394,49.954274],[3.733575,49.952568],[3.734966,49.950747],[3.736057,49.950401],[3.736135,49.949236],[3.737554,49.948414],[3.738035,49.947983],[3.738268,49.947466],[3.738754,49.947199],[3.7431,49.945613],[3.745674,49.94509],[3.746635,49.944647],[3.747768,49.944537],[3.748953,49.944628],[3.749725,49.944394],[3.751211,49.944654],[3.753392,49.944643],[3.755355,49.944315],[3.755667,49.944091],[3.761407,49.942589],[3.761761,49.942764],[3.763103,49.941653],[3.76402,49.941481],[3.764392,49.940574],[3.772029,49.941526],[3.773866,49.941626],[3.774253,49.94182],[3.775654,49.942055],[3.776565,49.942096],[3.777031,49.941951],[3.779998,49.942015],[3.780246,49.944033],[3.779501,49.944468],[3.778393,49.945859],[3.779015,49.947257],[3.780021,49.948413],[3.781571,49.949094],[3.78278,49.949422],[3.784413,49.949339],[3.786436,49.948878],[3.78915,49.94864],[3.789113,49.949493],[3.790019,49.949544],[3.791132,49.948337],[3.791771,49.948145],[3.790234,49.950395],[3.789276,49.950685],[3.788942,49.951147],[3.789175,49.951713],[3.789723,49.951763],[3.790077,49.95198],[3.790039,49.952133],[3.791278,49.953202],[3.792815,49.953073],[3.794056,49.952689],[3.795934,49.950879],[3.797248,49.95062],[3.798563,49.950647],[3.798967,49.950479],[3.800073,49.949397],[3.799764,49.948578],[3.800179,49.947975],[3.800174,49.94687],[3.800694,49.946507],[3.802129,49.946263],[3.803802,49.944279],[3.805088,49.943347],[3.805164,49.94258],[3.804761,49.941016],[3.804039,49.940694],[3.805228,49.939375],[3.805554,49.938008],[3.803461,49.937487],[3.803524,49.937233],[3.8007,49.936641],[3.800811,49.935656],[3.799926,49.935099],[3.799794,49.934816],[3.801426,49.934066],[3.802526,49.933873],[3.802624,49.933662],[3.801528,49.93293],[3.799462,49.932165],[3.798125,49.931918],[3.797218,49.931519],[3.793339,49.929344],[3.793231,49.929224],[3.79406,49.927663],[3.794742,49.927503],[3.79417,49.926599],[3.79278,49.925443],[3.791105,49.924653],[3.790335,49.924057],[3.789287,49.92387],[3.787537,49.923806],[3.787384,49.92365],[3.78764,49.923436],[3.787419,49.923297],[3.785242,49.923176],[3.784888,49.922948],[3.785777,49.920844],[3.784559,49.920832],[3.784871,49.920191],[3.785092,49.920263],[3.785251,49.919782],[3.784246,49.919578],[3.784669,49.918563],[3.784884,49.91845],[3.785076,49.918527],[3.78518,49.917873],[3.78528,49.917146],[3.784946,49.914746],[3.785086,49.913667],[3.784582,49.913645],[3.784022,49.913829],[3.7825,49.913513],[3.781329,49.912515],[3.78002,49.912069],[3.779351,49.912186],[3.77849,49.911353],[3.7768,49.910534],[3.775691,49.910742],[3.775568,49.910941],[3.773873,49.911354],[3.77284,49.911309],[3.772439,49.910804],[3.772605,49.909552],[3.772131,49.908943],[3.770429,49.908438],[3.769629,49.908902],[3.76866,49.909065],[3.768436,49.908952],[3.768418,49.908666],[3.769506,49.907574],[3.769395,49.90724],[3.768691,49.906855],[3.766435,49.906411],[3.765656,49.906409],[3.765513,49.906981],[3.764659,49.907919],[3.763986,49.908108],[3.763584,49.906722],[3.764302,49.906053],[3.764201,49.905639],[3.76335,49.905681],[3.763109,49.906212],[3.762701,49.906296],[3.76224,49.90603],[3.762845,49.905221],[3.762733,49.904992],[3.762052,49.905121],[3.761534,49.905615],[3.760576,49.905654],[3.76001,49.905238],[3.759008,49.905242],[3.7585,49.904917],[3.758105,49.905128],[3.757685,49.90485],[3.757781,49.90447],[3.758539,49.903822],[3.758649,49.902989],[3.75798,49.902733],[3.757781,49.90207],[3.757752,49.901415],[3.75831,49.899367],[3.757747,49.898332],[3.757971,49.897991],[3.758415,49.893445],[3.758798,49.893451],[3.758833,49.892262],[3.760131,49.890542],[3.765151,49.885978],[3.765092,49.885742],[3.764489,49.885576],[3.764965,49.884633],[3.765766,49.884976],[3.766901,49.883647],[3.767226,49.88377],[3.767286,49.882253],[3.770303,49.879112],[3.77319,49.874942],[3.774695,49.87383],[3.778465,49.871696],[3.778845,49.870755],[3.779984,49.869314],[3.778149,49.869626],[3.769248,49.871865],[3.759668,49.874765],[3.758147,49.875328],[3.756978,49.876348],[3.754838,49.875099],[3.753322,49.875281],[3.753002,49.874826],[3.752794,49.874833],[3.751802,49.87507],[3.750876,49.876739],[3.748825,49.87692],[3.748836,49.876756],[3.747554,49.876458],[3.746607,49.876444],[3.737119,49.878249],[3.728866,49.878851],[3.72718,49.879069],[3.727291,49.8793],[3.726829,49.879408],[3.725658,49.879599],[3.725006,49.879504],[3.724591,49.879649],[3.723705,49.880973],[3.726172,49.882767],[3.726676,49.883724],[3.72809,49.884281],[3.728464,49.885571],[3.726164,49.885918],[3.725077,49.886516],[3.724262,49.88724],[3.724056,49.887671],[3.723373,49.887612],[3.722797,49.887814],[3.721475,49.888875],[3.721611,49.889429],[3.721467,49.889704],[3.722189,49.890279],[3.722203,49.890495],[3.721139,49.892062],[3.719953,49.89287],[3.719821,49.89337],[3.718356,49.894343],[3.718138,49.895324],[3.716806,49.89693],[3.716423,49.898308],[3.715359,49.899921],[3.715785,49.904689],[3.715553,49.90496],[3.713954,49.904302],[3.709221,49.902923],[3.709395,49.902483],[3.70766,49.902262],[3.707251,49.901939],[3.707627,49.901409],[3.705649,49.901495],[3.705495,49.900903],[3.703625,49.900149],[3.702979,49.900425],[3.702235,49.900481],[3.701814,49.89975],[3.699519,49.898084],[3.698984,49.896925],[3.69848,49.896481],[3.698624,49.895885],[3.698456,49.895644],[3.698056,49.895589],[3.697309,49.896135],[3.696853,49.896168],[3.696384,49.895492],[3.695602,49.895399],[3.695239,49.895162],[3.694738,49.894577],[3.694747,49.894003],[3.693611,49.894104],[3.69301,49.893893],[3.692195,49.89389],[3.691677,49.893585],[3.693039,49.891424],[3.694541,49.889765],[3.696757,49.886454],[3.695315,49.881761],[3.695686,49.881383],[3.69707,49.880821],[3.696937,49.880743],[3.698037,49.879625],[3.698588,49.879494],[3.701217,49.875749],[3.702986,49.869747],[3.702865,49.869134],[3.702288,49.868972],[3.702998,49.868062],[3.703831,49.867432],[3.70197,49.867521],[3.700222,49.867057],[3.700384,49.864687],[3.700234,49.864289],[3.697412,49.863326],[3.694952,49.865652],[3.687592,49.863803],[3.682575,49.864269],[3.681294,49.864446],[3.679141,49.865015],[3.678054,49.86546],[3.675708,49.866059],[3.675368,49.866352],[3.670664,49.867772],[3.669929,49.866048],[3.669078,49.865098],[3.668016,49.86433],[3.665027,49.862893],[3.662168,49.860104],[3.65938,49.860936],[3.659103,49.86125],[3.658765,49.860894],[3.656603,49.860009],[3.656284,49.860068],[3.656001,49.860908],[3.649218,49.85818],[3.648843,49.859101],[3.646269,49.85572],[3.645789,49.854829],[3.645869,49.853696],[3.644057,49.853664],[3.644123,49.854189],[3.643872,49.854549],[3.642583,49.855827],[3.641603,49.856232],[3.638303,49.851809],[3.636449,49.852272],[3.635328,49.851967],[3.634676,49.851968],[3.635038,49.850833],[3.631018,49.852232],[3.629873,49.850246],[3.627741,49.851058],[3.625895,49.850456],[3.624914,49.84983],[3.624556,49.850434],[3.620014,49.850334],[3.619615,49.849075],[3.616306,49.848925],[3.610677,49.848287],[3.610853,49.849254],[3.61185,49.85098],[3.61307,49.854656],[3.61378,49.858115],[3.613631,49.858443],[3.612181,49.859147],[3.610678,49.862209],[3.60929,49.86256],[3.610072,49.863216],[3.609628,49.863486],[3.609185,49.864718],[3.606712,49.864765],[3.604348,49.864989],[3.605347,49.861859],[3.605807,49.861822],[3.606035,49.860183],[3.600481,49.860174],[3.599592,49.857589],[3.599225,49.85745],[3.595796,49.85717],[3.59555,49.857042],[3.594129,49.854573],[3.59223,49.852908],[3.590824,49.852462],[3.585161,49.851904],[3.58008,49.850724],[3.577087,49.849355],[3.57556,49.848271],[3.574063,49.846842],[3.572409,49.844849],[3.566882,49.845504],[3.567055,49.845773],[3.565478,49.847311],[3.564258,49.847935],[3.562455,49.848023],[3.563515,49.85055],[3.561939,49.851343],[3.559337,49.854002],[3.557742,49.855264],[3.554037,49.856923],[3.55098,49.857606],[3.551007,49.858639],[3.54987,49.859252],[3.55026,49.859597],[3.550328,49.860175],[3.550114,49.860503],[3.546359,49.863245],[3.544985,49.863899],[3.54328,49.86527],[3.542664,49.864966],[3.541511,49.865806],[3.540013,49.865451],[3.540287,49.865181],[3.538556,49.864501],[3.536644,49.86597],[3.536307,49.866815],[3.533846,49.866773],[3.532085,49.870095],[3.530678,49.871283],[3.530726,49.872242],[3.528618,49.871644],[3.525677,49.870173],[3.523474,49.869397],[3.522563,49.869184],[3.520329,49.869124],[3.519564,49.868853],[3.517821,49.867107],[3.517285,49.866261],[3.516672,49.866014],[3.51578,49.866083],[3.514754,49.865553],[3.51478,49.865232],[3.516004,49.864825],[3.515721,49.864467],[3.514951,49.864401],[3.514454,49.864653],[3.513478,49.864776],[3.513189,49.864932],[3.512982,49.865407],[3.512455,49.865439],[3.512259,49.865013],[3.514058,49.86301],[3.511246,49.860695],[3.509905,49.859908],[3.507736,49.858967],[3.505795,49.858587],[3.505067,49.858139],[3.501543,49.85696],[3.501036,49.856481],[3.499263,49.857405],[3.497488,49.856504],[3.495194,49.857308],[3.494914,49.857749],[3.4946,49.857673],[3.493869,49.858545],[3.491344,49.857097],[3.489736,49.858996],[3.48915,49.858753],[3.481669,49.861016],[3.481232,49.863489],[3.478398,49.86325],[3.476828,49.864663],[3.471648,49.863895],[3.466653,49.862861],[3.46327,49.864935],[3.460921,49.866906],[3.458675,49.869289],[3.456499,49.870715],[3.45478,49.868435],[3.446996,49.870865],[3.446988,49.871478],[3.449384,49.877489],[3.450437,49.877509],[3.452243,49.878423],[3.453638,49.881914],[3.45717,49.885912],[3.458647,49.88674],[3.461422,49.886567],[3.462609,49.886756],[3.463969,49.887932],[3.465232,49.891292],[3.466059,49.891369],[3.465924,49.894338],[3.465386,49.896297],[3.468935,49.896291],[3.470924,49.897772],[3.471282,49.897848],[3.480631,49.894308],[3.480688,49.893772],[3.486137,49.893693],[3.487525,49.894059],[3.486896,49.895749],[3.488166,49.896668],[3.488867,49.896972],[3.490338,49.897037],[3.491804,49.896828],[3.491429,49.89817],[3.493571,49.898773],[3.493904,49.90036],[3.496807,49.904434],[3.502071,49.905094],[3.507093,49.905211],[3.509985,49.908134],[3.511279,49.908656],[3.513352,49.909179],[3.515128,49.910597],[3.516219,49.912018],[3.513781,49.913327],[3.514581,49.914586],[3.515728,49.914959],[3.516155,49.915376],[3.51604,49.915629],[3.513526,49.916722],[3.51501,49.920138],[3.517123,49.921343],[3.520488,49.919901],[3.523549,49.918892],[3.528859,49.917855],[3.529243,49.91781],[3.532937,49.918562],[3.534398,49.921599],[3.536921,49.921663],[3.539959,49.926305],[3.542157,49.925904],[3.54305,49.926873],[3.543481,49.928273],[3.542957,49.929211],[3.545272,49.929981],[3.544569,49.930738],[3.545202,49.931971],[3.545916,49.93551],[3.548207,49.935661],[3.550829,49.936326],[3.549732,49.936805],[3.550514,49.937701],[3.552766,49.93798],[3.552764,49.939181],[3.556616,49.939332],[3.555411,49.941982],[3.558044,49.942397],[3.558696,49.943645],[3.560145,49.94331],[3.562237,49.94236],[3.563897,49.943879],[3.564743,49.943469],[3.565264,49.945634],[3.567963,49.945178],[3.568877,49.946098],[3.570419,49.946698],[3.569542,49.947418],[3.571053,49.948587],[3.570577,49.94888],[3.573951,49.950316],[3.573654,49.95064],[3.575731,49.951101],[3.575438,49.951306],[3.576485,49.951948],[3.575824,49.952191],[3.576258,49.952636],[3.576063,49.953131],[3.576141,49.954268],[3.577276,49.95371],[3.580806,49.956168],[3.574447,49.960695],[3.57526,49.9611],[3.57311,49.962926],[3.570741,49.964429],[3.572015,49.967474],[3.568592,49.968114],[3.568687,49.969478],[3.567638,49.96937],[3.568051,49.972158],[3.565885,49.971742],[3.564952,49.973378],[3.564334,49.973338],[3.563592,49.974592],[3.562444,49.977747],[3.562791,49.977659],[3.563721,49.977928],[3.564621,49.977711],[3.565697,49.978699],[3.566168,49.978567],[3.566232,49.978655],[3.569628,49.97689],[3.569784,49.97751],[3.570327,49.978165],[3.572466,49.977196],[3.573092,49.978387],[3.573031,49.978954],[3.57184,49.980697],[3.570469,49.981793],[3.572604,49.981746],[3.573248,49.982612],[3.575619,49.981657],[3.575686,49.983601],[3.574552,49.985584],[3.574524,49.986687],[3.573917,49.9883],[3.576307,49.98824],[3.579234,49.988832],[3.580702,49.989396],[3.582849,49.98935],[3.5835,49.989914],[3.584907,49.990077],[3.5844,49.991983],[3.584664,49.993298],[3.584517,49.99455],[3.583604,49.995522],[3.585714,49.997194],[3.585923,49.997574],[3.58587,49.998175],[3.585791,49.998496],[3.582308,49.999475],[3.582174,50.002655],[3.581806,50.003491],[3.581557,50.005119],[3.583536,50.009136],[3.583442,50.010272],[3.583849,50.010216],[3.583815,50.009895],[3.584268,50.009545],[3.587807,50.007966],[3.588912,50.008146],[3.600106,50.007756],[3.604639,50.004328],[3.605928,50.001896],[3.605311,50.00161],[3.603284,50.001117],[3.602711,50.000773],[3.602606,50.000114],[3.602039,49.999875],[3.601141,50.00035],[3.596737,50.000668],[3.594206,50.001279],[3.593038,50.001397],[3.586689,50.000978],[3.586894,49.998404],[3.588966,49.9966],[3.588353,49.996091],[3.587504,49.99368],[3.58785,49.992467],[3.5878,49.991562],[3.588676,49.990716],[3.589987,49.990199],[3.591117,49.989445],[3.592389,49.988086],[3.59288,49.987481],[3.593889,49.983736],[3.596213,49.981273],[3.597671,49.979374],[3.598871,49.978315],[3.599219,49.977186],[3.601038,49.976038],[3.600987,49.975899],[3.602759,49.974935],[3.603006,49.973133],[3.605443,49.970707],[3.605444,49.970531],[3.613589,49.966284],[3.613979,49.965917],[3.614857,49.964834],[3.615124,49.962964],[3.615852,49.962801],[3.615724,49.9617],[3.616281,49.961279],[3.618939,49.95689],[3.627088,49.952273],[3.632546,49.951028],[3.634063,49.951044]]]}},{"type":"Feature","properties":{"uai_primary":"0020037E","uai_all":"0020037E","is_merged":false},"geometry":{"type":"Polygon","coordinates":[[[3.28185,49.796874],[3.282657,49.798461],[3.284003,49.798057],[3.28522,49.797985],[3.285643,49.799003],[3.285704,49.7999],[3.287967,49.799551],[3.288403,49.802015],[3.287517,49.80219],[3.290861,49.804992],[3.29152,49.805922],[3.291067,49.806079],[3.291266,49.806399],[3.292678,49.806417],[3.293221,49.807647],[3.297113,49.807042],[3.29739,49.808263],[3.297974,49.809056],[3.30279,49.807794],[3.301484,49.809543],[3.303486,49.810774],[3.305151,49.811055],[3.30911,49.812523],[3.316576,49.808823],[3.316976,49.807927],[3.317735,49.808707],[3.320471,49.807844],[3.320003,49.807187],[3.322558,49.805904],[3.323843,49.808528],[3.323206,49.808802],[3.326159,49.811094],[3.328354,49.812535],[3.327918,49.812921],[3.329236,49.814024],[3.331349,49.812329],[3.332378,49.811914],[3.332706,49.813528],[3.332293,49.814143],[3.332993,49.814845],[3.330934,49.81558],[3.328834,49.817118],[3.329817,49.817086],[3.341151,49.813608],[3.343057,49.813291],[3.343887,49.814531],[3.348126,49.813696],[3.349126,49.815174],[3.351326,49.814623],[3.351611,49.814877],[3.353813,49.814293],[3.353745,49.814126],[3.354752,49.813803],[3.355642,49.815361],[3.356509,49.814316],[3.357472,49.813825],[3.360076,49.812714],[3.36216,49.812304],[3.362999,49.812557],[3.365112,49.81412],[3.366391,49.812927],[3.368379,49.812616],[3.368535,49.812811],[3.368967,49.812695],[3.369604,49.812114],[3.371092,49.812705],[3.374014,49.811319],[3.375553,49.811136],[3.375458,49.810431],[3.376011,49.810291],[3.381301,49.809503],[3.384729,49.808532],[3.38921,49.807745],[3.392354,49.807369],[3.39924,49.806893],[3.403523,49.806054],[3.403817,49.80611],[3.402965,49.804764],[3.404202,49.804305],[3.402252,49.802302],[3.401739,49.801278],[3.400951,49.801274],[3.400559,49.800155],[3.402179,49.799888],[3.401327,49.798334],[3.404128,49.797567],[3.405017,49.796464],[3.406599,49.795587],[3.405819,49.795216],[3.410111,49.792841],[3.408782,49.791907],[3.412656,49.787582],[3.412707,49.787436],[3.412076,49.787269],[3.411857,49.786798],[3.412467,49.786578],[3.413521,49.786854],[3.414145,49.786764],[3.412203,49.785673],[3.412019,49.785171],[3.410869,49.784093],[3.410304,49.783998],[3.410056,49.783745],[3.409411,49.782524],[3.408835,49.782247],[3.408779,49.781912],[3.406877,49.78064],[3.406599,49.780051],[3.405346,49.779303],[3.405236,49.779095],[3.407392,49.77849],[3.407143,49.778274],[3.406304,49.777996],[3.406323,49.777784],[3.40553,49.777519],[3.40509,49.77778],[3.404358,49.777371],[3.404126,49.777],[3.403298,49.776674],[3.402495,49.77674],[3.401866,49.777511],[3.401598,49.777123],[3.400872,49.777089],[3.400372,49.77664],[3.400661,49.776326],[3.400631,49.776032],[3.401066,49.775637],[3.40005,49.775033],[3.399061,49.773431],[3.394764,49.770691],[3.391207,49.768759],[3.393155,49.767512],[3.392906,49.767007],[3.392352,49.766788],[3.393091,49.766523],[3.393011,49.766203],[3.393323,49.765708],[3.394172,49.765387],[3.394132,49.765178],[3.393668,49.764899],[3.393808,49.764216],[3.393141,49.763676],[3.392697,49.763704],[3.394538,49.762581],[3.395149,49.76349],[3.394799,49.763973],[3.394618,49.765113],[3.395058,49.765433],[3.398023,49.763489],[3.401302,49.760602],[3.402853,49.759069],[3.404015,49.757462],[3.406815,49.756177],[3.409109,49.754459],[3.410102,49.752646],[3.410878,49.751957],[3.418183,49.748736],[3.422409,49.74772],[3.424362,49.747726],[3.425714,49.746617],[3.426747,49.746124],[3.427817,49.746051],[3.42868,49.745726],[3.430101,49.743798],[3.42829,49.743263],[3.429963,49.741747],[3.431524,49.738054],[3.429976,49.738445],[3.429775,49.736873],[3.433686,49.736511],[3.433483,49.733459],[3.434798,49.733402],[3.435141,49.730068],[3.438258,49.73004],[3.438312,49.728269],[3.439527,49.728457],[3.440154,49.728708],[3.442269,49.726577],[3.44214,49.726315],[3.444015,49.724006],[3.444619,49.723101],[3.444477,49.722923],[3.441123,49.721607],[3.44024,49.722379],[3.436467,49.721514],[3.435965,49.720711],[3.439147,49.719954],[3.438571,49.718882],[3.436758,49.718944],[3.435298,49.718732],[3.433417,49.718165],[3.432297,49.717637],[3.432223,49.717413],[3.428526,49.715926],[3.427434,49.717311],[3.425703,49.71857],[3.42524,49.719762],[3.424837,49.720263],[3.423773,49.720877],[3.417854,49.719796],[3.418569,49.718267],[3.411248,49.717465],[3.410886,49.717595],[3.402105,49.716501],[3.403695,49.713895],[3.400613,49.713155],[3.39735,49.712524],[3.396688,49.713774],[3.395729,49.713614],[3.395183,49.714818],[3.392728,49.714354],[3.392155,49.715165],[3.390507,49.714858],[3.391,49.714213],[3.387486,49.712411],[3.387719,49.712141],[3.380872,49.709972],[3.380243,49.709851],[3.380137,49.71058],[3.379754,49.710882],[3.376387,49.710719],[3.376331,49.710075],[3.37184,49.708343],[3.370842,49.707789],[3.372152,49.707223],[3.372597,49.706721],[3.373412,49.706434],[3.373699,49.70525],[3.374321,49.70471],[3.374953,49.704474],[3.375249,49.704028],[3.375002,49.703261],[3.375115,49.702583],[3.374427,49.702911],[3.372966,49.702979],[3.372609,49.703676],[3.371716,49.703486],[3.369444,49.703648],[3.369383,49.704081],[3.36782,49.704195],[3.366378,49.704618],[3.366279,49.704521],[3.367442,49.703469],[3.367694,49.702879],[3.365931,49.702781],[3.362648,49.703113],[3.358548,49.702343],[3.354439,49.701204],[3.352216,49.700842],[3.33561,49.699412],[3.334694,49.700163],[3.333489,49.699674],[3.333463,49.699046],[3.332317,49.698945],[3.332126,49.699069],[3.329917,49.699092],[3.329922,49.699271],[3.327881,49.698939],[3.32434,49.701111],[3.323205,49.70056],[3.323168,49.701379],[3.322047,49.702842],[3.321371,49.704738],[3.321382,49.705498],[3.322321,49.70712],[3.321072,49.709762],[3.320562,49.71279],[3.321162,49.715192],[3.320916,49.718442],[3.321012,49.723189],[3.314233,49.723258],[3.310264,49.723638],[3.305359,49.723802],[3.304058,49.723489],[3.302822,49.723538],[3.302825,49.723931],[3.299453,49.724014],[3.297649,49.727155],[3.296406,49.727685],[3.296276,49.729136],[3.296049,49.729218],[3.294773,49.728429],[3.294517,49.728784],[3.29345,49.729211],[3.292072,49.729317],[3.291955,49.729064],[3.289645,49.729785],[3.289263,49.729076],[3.288741,49.729224],[3.288692,49.728652],[3.287668,49.729002],[3.286627,49.728959],[3.285713,49.728653],[3.284814,49.72971],[3.283518,49.729419],[3.280892,49.729109],[3.278936,49.729037],[3.278903,49.729751],[3.27758,49.729393],[3.277554,49.729276],[3.275206,49.729474],[3.27373,49.755516],[3.272924,49.75524],[3.271958,49.754594],[3.270604,49.753179],[3.267841,49.750901],[3.267424,49.750197],[3.263827,49.751379],[3.263265,49.750485],[3.258315,49.750029],[3.253462,49.750272],[3.252092,49.751428],[3.250642,49.751045],[3.252703,49.758309],[3.251397,49.758502],[3.252425,49.7607],[3.253689,49.765933],[3.25254,49.767763],[3.248948,49.766149],[3.248667,49.768481],[3.247759,49.77021],[3.247614,49.7702],[3.247422,49.771109],[3.247953,49.771159],[3.247739,49.772591],[3.246305,49.77353],[3.246128,49.773407],[3.245117,49.773996],[3.246819,49.776618],[3.247812,49.777536],[3.246916,49.778486],[3.246896,49.779651],[3.248641,49.77948],[3.249166,49.78011],[3.249662,49.779966],[3.250496,49.780535],[3.249017,49.78143],[3.249442,49.781833],[3.249758,49.782959],[3.250134,49.782951],[3.250445,49.783763],[3.250639,49.783762],[3.251876,49.784805],[3.250685,49.785257],[3.257206,49.786457],[3.257426,49.787902],[3.260284,49.786763],[3.261451,49.789913],[3.264351,49.789053],[3.264621,49.789971],[3.269711,49.789926],[3.269634,49.792012],[3.271834,49.79257],[3.272841,49.795787],[3.276295,49.798325],[3.277665,49.797858],[3.28185,49.796874]]]}},{"type":"Feature","properties":{"uai_primary":"0020038F","uai_all":"0020038F","is_merged":false},"geometry":{"type":"Polygon","coordinates":[[[3.313119,49.108846],[3.314465,49.108474],[3.315935,49.107419],[3.316295,49.10748],[3.316361,49.107342],[3.316873,49.107296],[3.316558,49.105968],[3.317078,49.104525],[3.316957,49.101822],[3.315913,49.100887],[3.314773,49.09847],[3.313436,49.093673],[3.308184,49.094729],[3.304295,49.095302],[3.300894,49.09319],[3.299817,49.09228],[3.300196,49.091603],[3.299632,49.091583],[3.297206,49.09184],[3.297005,49.093851],[3.295098,49.09428],[3.294558,49.094689],[3.293489,49.096044],[3.289556,49.096017],[3.285585,49.094994],[3.2846,49.094965],[3.281706,49.09524],[3.280007,49.095205],[3.280039,49.095058],[3.280702,49.094842],[3.280901,49.093151],[3.281498,49.09254],[3.282005,49.090767],[3.283003,49.09008],[3.284415,49.089706],[3.283006,49.086621],[3.284314,49.08617],[3.282891,49.080739],[3.281751,49.07345],[3.280936,49.069617],[3.264854,49.069752],[3.263453,49.067912],[3.260409,49.062858],[3.258415,49.062289],[3.258098,49.056001],[3.254276,49.0563],[3.252297,49.056585],[3.250256,49.057094],[3.245557,49.058927],[3.244015,49.059675],[3.244005,49.060162],[3.241781,49.061976],[3.238067,49.064655],[3.235043,49.066505],[3.238539,49.068534],[3.239388,49.070275],[3.238882,49.070502],[3.23843,49.070311],[3.23789,49.070444],[3.233155,49.073125],[3.231621,49.072294],[3.228947,49.071409],[3.229956,49.070065],[3.22975,49.069906],[3.231465,49.069619],[3.231491,49.069228],[3.229714,49.067686],[3.229532,49.067185],[3.227179,49.065445],[3.226688,49.06454],[3.226126,49.064673],[3.225991,49.064922],[3.22471,49.064304],[3.224383,49.0651],[3.223655,49.065752],[3.222919,49.065563],[3.22122,49.066243],[3.219213,49.066476],[3.218811,49.066421],[3.218533,49.066146],[3.216957,49.066513],[3.217016,49.066771],[3.215933,49.067003],[3.214971,49.06693],[3.214284,49.066713],[3.214126,49.066954],[3.213344,49.0671],[3.212711,49.06695],[3.212505,49.067923],[3.211881,49.068415],[3.211523,49.069042],[3.208778,49.071153],[3.205176,49.073593],[3.204291,49.074846],[3.203125,49.075526],[3.201701,49.077773],[3.200742,49.078703],[3.200572,49.079292],[3.199993,49.079913],[3.199859,49.080326],[3.197038,49.079929],[3.198287,49.075468],[3.194998,49.073444],[3.195099,49.073216],[3.194726,49.073098],[3.194376,49.070278],[3.195065,49.067465],[3.196102,49.064553],[3.196008,49.063643],[3.191767,49.063034],[3.191904,49.062699],[3.19176,49.061605],[3.190643,49.06014],[3.19257,49.059682],[3.190586,49.057087],[3.190671,49.056967],[3.189848,49.056844],[3.183681,49.057151],[3.182929,49.057064],[3.182906,49.05674],[3.181242,49.056261],[3.180922,49.056384],[3.181175,49.056331],[3.181267,49.05679],[3.18111,49.058525],[3.181611,49.0597],[3.181934,49.062433],[3.180029,49.0656],[3.176454,49.070037],[3.166225,49.077988],[3.159332,49.080061],[3.153421,49.083354],[3.156519,49.086583],[3.158858,49.087734],[3.159573,49.089547],[3.1608,49.091496],[3.161405,49.091458],[3.161662,49.092305],[3.161448,49.092393],[3.161623,49.092721],[3.161868,49.092782],[3.161941,49.093418],[3.162472,49.094079],[3.162605,49.094694],[3.162827,49.094777],[3.16317,49.09554],[3.163486,49.095692],[3.165232,49.099863],[3.162981,49.099712],[3.162728,49.099462],[3.162328,49.099365],[3.161537,49.099652],[3.161048,49.09942],[3.159884,49.099442],[3.157965,49.099777],[3.156812,49.099715],[3.156272,49.099918],[3.154374,49.0999],[3.153953,49.100089],[3.153437,49.100057],[3.15326,49.100221],[3.152062,49.100071],[3.151378,49.100354],[3.14891,49.10073],[3.148777,49.100906],[3.14768,49.10098],[3.147318,49.101465],[3.146609,49.101544],[3.146358,49.101726],[3.145666,49.101637],[3.144701,49.102117],[3.143759,49.102148],[3.143839,49.102409],[3.143454,49.102863],[3.141915,49.103773],[3.141537,49.103825],[3.141329,49.104028],[3.140747,49.104074],[3.14022,49.104538],[3.139945,49.104979],[3.140538,49.105218],[3.139974,49.106245],[3.139578,49.106348],[3.139487,49.106826],[3.137821,49.107041],[3.13772,49.10745],[3.136916,49.107683],[3.135518,49.107469],[3.135079,49.107068],[3.134026,49.106633],[3.133361,49.10693],[3.133061,49.107339],[3.132704,49.107368],[3.132146,49.107082],[3.131611,49.107385],[3.131139,49.10703],[3.130758,49.107358],[3.130075,49.106989],[3.128324,49.106637],[3.128096,49.106307],[3.127631,49.106564],[3.127438,49.106086],[3.126887,49.106167],[3.125974,49.105987],[3.125023,49.10653],[3.123696,49.106932],[3.123402,49.1066],[3.122574,49.10865],[3.121435,49.109311],[3.120234,49.109262],[3.118441,49.108704],[3.116674,49.10865],[3.116131,49.108477],[3.115949,49.108252],[3.115729,49.107319],[3.114988,49.1073],[3.114673,49.107159],[3.114344,49.107164],[3.113194,49.107747],[3.111815,49.107898],[3.107946,49.107784],[3.107092,49.107455],[3.105743,49.107613],[3.10507,49.107788],[3.105076,49.10796],[3.10437,49.107874],[3.103979,49.108027],[3.103782,49.107921],[3.10256,49.108034],[3.102026,49.108192],[3.101907,49.108368],[3.101525,49.108304],[3.10119,49.108509],[3.10103,49.108379],[3.100588,49.108679],[3.099766,49.108525],[3.099646,49.109351],[3.099864,49.109797],[3.098408,49.110193],[3.0985,49.110391],[3.099443,49.110682],[3.097845,49.110787],[3.095077,49.111848],[3.094149,49.110513],[3.092861,49.110891],[3.09185,49.110867],[3.08997,49.111232],[3.088167,49.111182],[3.087578,49.111397],[3.087485,49.11162],[3.087013,49.111696],[3.086942,49.111938],[3.086159,49.112284],[3.085045,49.112596],[3.083962,49.112712],[3.083256,49.112749],[3.082285,49.112425],[3.08124,49.112306],[3.08093,49.112004],[3.079589,49.111971],[3.079926,49.11231],[3.07984,49.112932],[3.077913,49.113139],[3.078491,49.114504],[3.074769,49.115468],[3.073966,49.116038],[3.07323,49.117124],[3.072546,49.117257],[3.072462,49.117549],[3.071961,49.117757],[3.07212,49.11836],[3.073448,49.118945],[3.076574,49.121028],[3.07633,49.121747],[3.076836,49.122075],[3.077703,49.122107],[3.078212,49.121589],[3.079266,49.121579],[3.080018,49.121938],[3.081566,49.121497],[3.082322,49.121433],[3.083596,49.120906],[3.085072,49.121351],[3.085514,49.122081],[3.086753,49.122508],[3.089853,49.124151],[3.090022,49.124677],[3.088687,49.124827],[3.088427,49.1251],[3.088532,49.125356],[3.089243,49.126224],[3.093677,49.129795],[3.094453,49.129521],[3.095234,49.131068],[3.095563,49.130865],[3.096261,49.131328],[3.09688,49.1315],[3.098337,49.131109],[3.098569,49.131561],[3.098435,49.131783],[3.097811,49.132018],[3.097991,49.132948],[3.09757,49.133052],[3.095576,49.132874],[3.093702,49.133494],[3.092802,49.134026],[3.09197,49.135123],[3.091895,49.137018],[3.092279,49.137571],[3.091138,49.137963],[3.092706,49.139813],[3.09242,49.139969],[3.09343,49.141738],[3.094091,49.142393],[3.11113,49.131691],[3.114234,49.138132],[3.115972,49.138255],[3.116969,49.138555],[3.115022,49.138721],[3.114191,49.140338],[3.113357,49.141269],[3.110705,49.142843],[3.108923,49.144187],[3.107003,49.145046],[3.10679,49.146169],[3.105075,49.148],[3.105356,49.14802],[3.105729,49.147463],[3.106286,49.147111],[3.107054,49.146874],[3.107614,49.146452],[3.108505,49.146102],[3.10954,49.146277],[3.110923,49.145922],[3.112581,49.146189],[3.114814,49.146078],[3.116342,49.146331],[3.123269,49.145729],[3.127528,49.14505],[3.127777,49.144856],[3.128786,49.144913],[3.130246,49.144553],[3.134403,49.144421],[3.13834,49.143054],[3.139169,49.14323],[3.13953,49.143158],[3.140399,49.143402],[3.140755,49.143019],[3.14123,49.143047],[3.141702,49.142613],[3.143603,49.144884],[3.144675,49.145426],[3.145421,49.147026],[3.147459,49.14841],[3.147521,49.148988],[3.147994,49.149628],[3.148019,49.150155],[3.148348,49.15017],[3.149915,49.15122],[3.150939,49.152882],[3.152573,49.154521],[3.151992,49.155295],[3.153938,49.156009],[3.154949,49.156101],[3.155404,49.155612],[3.161309,49.157293],[3.161555,49.157242],[3.161813,49.156703],[3.173375,49.157852],[3.175718,49.157135],[3.176837,49.157756],[3.182249,49.157754],[3.184956,49.158359],[3.191697,49.155957],[3.19363,49.155992],[3.201205,49.154381],[3.201569,49.155107],[3.20269,49.156085],[3.205707,49.162373],[3.206152,49.164568],[3.205464,49.168383],[3.206988,49.168863],[3.206829,49.17073],[3.205724,49.171704],[3.206475,49.173538],[3.209857,49.174232],[3.212224,49.175491],[3.212892,49.174932],[3.21415,49.175665],[3.21432,49.176157],[3.215696,49.176481],[3.216264,49.177211],[3.216911,49.177188],[3.217105,49.178424],[3.216921,49.17933],[3.214466,49.17888],[3.214449,49.179726],[3.216704,49.180905],[3.216667,49.181147],[3.217094,49.181342],[3.216891,49.181686],[3.217595,49.182078],[3.21588,49.18318],[3.217562,49.185027],[3.218106,49.186732],[3.2179,49.18939],[3.217522,49.18958],[3.217428,49.18995],[3.218203,49.19004],[3.218491,49.190847],[3.219889,49.191998],[3.21951,49.1932],[3.22053,49.193262],[3.222156,49.193843],[3.223025,49.194322],[3.22353,49.194395],[3.223756,49.194755],[3.226636,49.195675],[3.226858,49.195809],[3.226764,49.195992],[3.226403,49.196063],[3.226346,49.196368],[3.226622,49.196502],[3.227743,49.196546],[3.227888,49.197143],[3.228243,49.197334],[3.228883,49.197386],[3.228981,49.197092],[3.229276,49.197096],[3.229928,49.197331],[3.230477,49.197803],[3.230764,49.197826],[3.231672,49.197489],[3.232778,49.197593],[3.233262,49.196953],[3.233176,49.196386],[3.233405,49.196262],[3.233864,49.196519],[3.234228,49.196301],[3.234223,49.195453],[3.233601,49.195314],[3.233725,49.194957],[3.234074,49.19481],[3.234098,49.194516],[3.232607,49.193628],[3.233443,49.193528],[3.234191,49.193847],[3.234423,49.193534],[3.234898,49.193449],[3.234358,49.193179],[3.233456,49.193228],[3.233753,49.192621],[3.233312,49.191767],[3.23339,49.191455],[3.234386,49.190524],[3.234259,49.190331],[3.233161,49.190196],[3.233051,49.190009],[3.233441,49.189475],[3.232605,49.18896],[3.232869,49.188284],[3.233358,49.187911],[3.233844,49.187869],[3.233865,49.18752],[3.235167,49.187143],[3.236338,49.186959],[3.238,49.186947],[3.240013,49.187735],[3.240489,49.188216],[3.2409,49.189667],[3.241515,49.190108],[3.241862,49.190946],[3.241723,49.19258],[3.242736,49.193364],[3.242931,49.193444],[3.242998,49.192957],[3.243996,49.193244],[3.24474,49.192942],[3.245224,49.193278],[3.245826,49.192295],[3.246655,49.192849],[3.248015,49.191813],[3.248394,49.191795],[3.248411,49.192157],[3.249062,49.192944],[3.249232,49.194047],[3.249339,49.194115],[3.249402,49.193703],[3.249828,49.193625],[3.251192,49.194313],[3.252156,49.194425],[3.252645,49.194627],[3.25438,49.194465],[3.254874,49.193701],[3.253993,49.193489],[3.254617,49.193184],[3.254575,49.192953],[3.254131,49.192757],[3.254404,49.192481],[3.254429,49.191969],[3.254644,49.191876],[3.255193,49.191972],[3.256644,49.191556],[3.257344,49.190923],[3.257665,49.189751],[3.259054,49.188654],[3.259502,49.187919],[3.260073,49.187649],[3.260646,49.188032],[3.262093,49.188385],[3.262487,49.188896],[3.263366,49.189059],[3.265547,49.190196],[3.265852,49.190975],[3.26666,49.191342],[3.267402,49.192273],[3.268814,49.193447],[3.26992,49.194561],[3.270895,49.195939],[3.270892,49.196652],[3.270166,49.197531],[3.269732,49.197784],[3.270075,49.198867],[3.271742,49.200401],[3.272275,49.201423],[3.273618,49.202922],[3.276603,49.204734],[3.277215,49.205803],[3.277659,49.206076],[3.277752,49.207047],[3.278101,49.207358],[3.278714,49.207432],[3.278812,49.207643],[3.278613,49.208131],[3.276078,49.20947],[3.275625,49.209937],[3.276556,49.212187],[3.277978,49.212303],[3.278996,49.212558],[3.278845,49.216354],[3.28027,49.222915],[3.282153,49.229222],[3.279827,49.230375],[3.27197,49.232857],[3.272525,49.234426],[3.270283,49.235068],[3.270322,49.234783],[3.268649,49.234666],[3.268322,49.235583],[3.267768,49.236045],[3.26475,49.236974],[3.267062,49.238627],[3.267472,49.239098],[3.269052,49.241964],[3.270066,49.241535],[3.27105,49.242573],[3.27004,49.243146],[3.270515,49.243686],[3.270315,49.244495],[3.270494,49.244855],[3.271561,49.245858],[3.272321,49.246283],[3.275172,49.249672],[3.281343,49.248853],[3.282504,49.248529],[3.285226,49.24734],[3.285293,49.25017],[3.286058,49.250793],[3.286504,49.252586],[3.287271,49.253254],[3.287275,49.253434],[3.286462,49.254068],[3.288256,49.254593],[3.291494,49.255242],[3.290821,49.255965],[3.289331,49.257056],[3.289279,49.25791],[3.288672,49.258553],[3.288284,49.259769],[3.287742,49.260132],[3.286784,49.26032],[3.293326,49.264401],[3.289102,49.269879],[3.289112,49.270373],[3.289462,49.271051],[3.29087,49.271338],[3.296203,49.27144],[3.29765,49.270979],[3.300318,49.270499],[3.303547,49.270608],[3.303436,49.268363],[3.306746,49.269145],[3.306714,49.267438],[3.305274,49.263856],[3.311715,49.259661],[3.315902,49.259672],[3.316047,49.260075],[3.318453,49.26028],[3.318693,49.259915],[3.320178,49.259716],[3.320844,49.259668],[3.322167,49.259927],[3.323126,49.259829],[3.323466,49.259646],[3.323597,49.259331],[3.323441,49.258344],[3.322431,49.255863],[3.324024,49.255135],[3.326393,49.253587],[3.328491,49.253992],[3.32956,49.254011],[3.330651,49.254914],[3.331077,49.25572],[3.333409,49.255611],[3.333961,49.255291],[3.334639,49.255518],[3.334178,49.255915],[3.334795,49.256318],[3.334595,49.256634],[3.333698,49.256327],[3.333296,49.256825],[3.33448,49.257803],[3.338299,49.259298],[3.33864,49.259206],[3.340863,49.257862],[3.341688,49.25706],[3.337582,49.254938],[3.336496,49.255531],[3.336015,49.25549],[3.334285,49.254831],[3.334622,49.254424],[3.332036,49.252019],[3.334985,49.250934],[3.335585,49.251001],[3.340907,49.249429],[3.340992,49.250327],[3.348468,49.252869],[3.348674,49.252868],[3.349214,49.252414],[3.350114,49.252811],[3.351766,49.252071],[3.352194,49.25214],[3.35273,49.253238],[3.353428,49.253816],[3.354753,49.254165],[3.356342,49.249387],[3.35736,49.247352],[3.360141,49.242779],[3.361081,49.241783],[3.361619,49.238714],[3.36319,49.233984],[3.36444,49.231322],[3.368537,49.22692],[3.374243,49.22413],[3.374505,49.223544],[3.375767,49.222804],[3.376411,49.222487],[3.378629,49.221936],[3.381742,49.220528],[3.382324,49.220118],[3.384568,49.219864],[3.386084,49.22025],[3.388635,49.220093],[3.391058,49.219666],[3.392553,49.219064],[3.394116,49.21884],[3.396302,49.218798],[3.39718,49.218819],[3.397403,49.219013],[3.398508,49.219317],[3.40194,49.219422],[3.40437,49.219842],[3.40576,49.219876],[3.406601,49.219664],[3.407361,49.218925],[3.408511,49.218195],[3.412118,49.216851],[3.413814,49.215937],[3.41665,49.2138],[3.417803,49.213205],[3.420616,49.212344],[3.421427,49.211836],[3.421044,49.210558],[3.417748,49.208526],[3.419538,49.2077],[3.420255,49.205896],[3.42018,49.205582],[3.419201,49.204693],[3.41799,49.203176],[3.419869,49.202166],[3.420218,49.201208],[3.420958,49.200746],[3.421577,49.20001],[3.423482,49.199107],[3.423208,49.198523],[3.423266,49.198068],[3.421337,49.198425],[3.420383,49.198039],[3.417507,49.198031],[3.416187,49.197614],[3.414947,49.197586],[3.414686,49.197863],[3.414081,49.197863],[3.413742,49.197471],[3.412937,49.197265],[3.412544,49.197322],[3.412045,49.197656],[3.411098,49.197842],[3.411082,49.198214],[3.410547,49.198365],[3.410135,49.198853],[3.409695,49.198765],[3.409019,49.199087],[3.408135,49.198847],[3.40772,49.198973],[3.407336,49.198179],[3.406587,49.197451],[3.406182,49.197367],[3.406006,49.196837],[3.405024,49.19687],[3.404263,49.196711],[3.404198,49.19701],[3.403635,49.197247],[3.40342,49.196884],[3.402893,49.197099],[3.401831,49.196777],[3.401085,49.196411],[3.401033,49.196169],[3.400519,49.195945],[3.399277,49.195757],[3.398698,49.195253],[3.396807,49.194368],[3.393504,49.19336],[3.392745,49.192649],[3.39141,49.192047],[3.388542,49.191371],[3.386151,49.190496],[3.385693,49.190797],[3.38442,49.190532],[3.384568,49.19329],[3.383427,49.192621],[3.381935,49.192384],[3.381384,49.192044],[3.378492,49.191395],[3.377043,49.190913],[3.375094,49.189493],[3.372761,49.186682],[3.371391,49.185975],[3.372033,49.179595],[3.372003,49.177318],[3.37225,49.176785],[3.37277,49.171432],[3.372973,49.163588],[3.373908,49.154257],[3.373939,49.15088],[3.374349,49.147769],[3.37418,49.146108],[3.374761,49.143237],[3.374823,49.139937],[3.375164,49.139154],[3.375312,49.138919],[3.37704,49.139901],[3.377907,49.140774],[3.378897,49.142338],[3.380285,49.14327],[3.381917,49.142671],[3.382104,49.141761],[3.383658,49.140714],[3.384682,49.140526],[3.384285,49.137879],[3.382963,49.136857],[3.387643,49.134614],[3.387985,49.134611],[3.389303,49.135152],[3.389378,49.134892],[3.389005,49.134613],[3.389893,49.133202],[3.39041,49.131464],[3.391955,49.1317],[3.392299,49.131284],[3.3932,49.12849],[3.392936,49.125573],[3.396179,49.123558],[3.400927,49.124684],[3.401124,49.124278],[3.40153,49.124094],[3.400947,49.122302],[3.398889,49.122096],[3.399334,49.120429],[3.393503,49.119852],[3.391299,49.121195],[3.388456,49.119696],[3.389882,49.117548],[3.391222,49.116098],[3.392775,49.115096],[3.393229,49.113825],[3.39291,49.108301],[3.392155,49.108218],[3.39215,49.107948],[3.390903,49.107195],[3.38808,49.106996],[3.388138,49.106501],[3.384276,49.105052],[3.382559,49.104753],[3.3807,49.104229],[3.37969,49.105047],[3.379281,49.105096],[3.378662,49.104922],[3.378033,49.104298],[3.377622,49.104256],[3.37661,49.104984],[3.376614,49.105209],[3.377164,49.105294],[3.377649,49.105604],[3.377055,49.106732],[3.377128,49.106912],[3.378162,49.107307],[3.378168,49.107585],[3.376609,49.108363],[3.375603,49.10936],[3.373962,49.109464],[3.371961,49.112593],[3.371234,49.114065],[3.371282,49.114872],[3.370647,49.116044],[3.369974,49.116229],[3.368856,49.117214],[3.364527,49.120243],[3.362549,49.120765],[3.35681,49.121896],[3.357187,49.122881],[3.359441,49.126097],[3.359514,49.126366],[3.359241,49.126368],[3.356374,49.125789],[3.351088,49.125515],[3.349557,49.12563],[3.346425,49.125123],[3.344184,49.125142],[3.340849,49.124826],[3.336914,49.124096],[3.328055,49.124444],[3.325009,49.120554],[3.321986,49.117165],[3.320574,49.11366],[3.312175,49.116513],[3.310719,49.114912],[3.310753,49.11453],[3.310871,49.114053],[3.311969,49.112753],[3.312275,49.111945],[3.31224,49.110962],[3.312981,49.109554],[3.313119,49.108846]]]}},{"type":"Feature","properties":{"uai_primary":"0020039G","uai_all":"0020039G","is_merged":false},"geometry":{"type":"Polygon","coordinates":[[[3.730992,49.954403],[3.729488,49.953654],[3.729181,49.953814],[3.729407,49.953973],[3.72935,49.954157],[3.729021,49.954194],[3.728727,49.954137],[3.728693,49.953667],[3.727976,49.953392],[3.726308,49.95338],[3.725325,49.953186],[3.724689,49.953382],[3.723556,49.954125],[3.722746,49.953914],[3.722357,49.954189],[3.722104,49.954102],[3.720972,49.954219],[3.720487,49.953773],[3.720518,49.953604],[3.720958,49.953523],[3.721028,49.953308],[3.720479,49.952991],[3.719697,49.953137],[3.719902,49.95277],[3.718822,49.952779],[3.718619,49.952898],[3.719172,49.953753],[3.718688,49.954953],[3.716663,49.954206],[3.712335,49.952941],[3.708943,49.952545],[3.707766,49.952891],[3.707105,49.952922],[3.705061,49.952589],[3.704748,49.952357],[3.703484,49.952],[3.702779,49.951414],[3.702624,49.952473],[3.701365,49.952352],[3.700138,49.952573],[3.69632,49.953415],[3.696492,49.953649],[3.696054,49.953801],[3.689496,49.955106],[3.685429,49.956182],[3.684241,49.956327],[3.683661,49.956775],[3.680796,49.957949],[3.680178,49.958861],[3.679176,49.958556],[3.677853,49.958502],[3.677796,49.957955],[3.674929,49.959324],[3.671022,49.959693],[3.670157,49.959834],[3.670336,49.960064],[3.668299,49.960313],[3.668335,49.960426],[3.665007,49.961593],[3.664802,49.961738],[3.664829,49.962032],[3.664174,49.962313],[3.662049,49.962552],[3.661189,49.962924],[3.660182,49.963035],[3.66018,49.963593],[3.659023,49.963632],[3.657174,49.96324],[3.654961,49.963539],[3.653737,49.964309],[3.652751,49.96452],[3.651445,49.965145],[3.648466,49.965713],[3.64791,49.965981],[3.647873,49.966362],[3.646196,49.967412],[3.645847,49.969593],[3.653162,49.971697],[3.654815,49.977171],[3.654886,49.979272],[3.657632,49.978726],[3.657975,49.979511],[3.658129,49.979382],[3.66176,49.981981],[3.664159,49.983071],[3.668735,49.984356],[3.669638,49.984886],[3.669891,49.984765],[3.67356,49.987041],[3.677249,49.98898],[3.681344,49.992575],[3.681852,49.993062],[3.684326,49.996934],[3.685305,49.997089],[3.68579,49.99784],[3.685672,49.998138],[3.684895,49.998528],[3.684973,49.999247],[3.684557,50.000622],[3.684594,50.001323],[3.683897,50.00225],[3.685164,50.002756],[3.687222,50.003954],[3.687389,50.004273],[3.687221,50.004395],[3.687608,50.004712],[3.689414,50.005541],[3.689215,50.005658],[3.689727,50.005904],[3.689435,50.006732],[3.68968,50.006741],[3.688783,50.009123],[3.688029,50.010251],[3.688688,50.010364],[3.688601,50.011111],[3.687554,50.011012],[3.687262,50.010785],[3.685918,50.010823],[3.685485,50.010568],[3.684854,50.01046],[3.683595,50.010946],[3.683884,50.011547],[3.683271,50.011953],[3.68354,50.012274],[3.682998,50.012814],[3.68247,50.013054],[3.682342,50.013504],[3.681798,50.013267],[3.68106,50.0134],[3.682534,50.014388],[3.683133,50.014438],[3.683762,50.014404],[3.684042,50.014148],[3.683979,50.013219],[3.684187,50.013099],[3.684861,50.013329],[3.685579,50.013305],[3.685992,50.013542],[3.685923,50.014637],[3.68712,50.015199],[3.687478,50.015926],[3.687524,50.016871],[3.687832,50.017659],[3.687836,50.01908],[3.687311,50.021181],[3.687568,50.022375],[3.686906,50.023829],[3.687302,50.024785],[3.686113,50.025934],[3.685607,50.027601],[3.684772,50.027264],[3.683666,50.028291],[3.681934,50.028587],[3.680059,50.026742],[3.678725,50.026151],[3.677371,50.025892],[3.673218,50.026885],[3.672911,50.027078],[3.672173,50.029918],[3.671449,50.030418],[3.671047,50.031086],[3.672035,50.032223],[3.672845,50.032833],[3.67208,50.034261],[3.670652,50.034999],[3.669909,50.035044],[3.667418,50.036724],[3.666397,50.036548],[3.665861,50.036659],[3.663459,50.038379],[3.662882,50.038628],[3.662099,50.038724],[3.662315,50.039113],[3.660854,50.039466],[3.659847,50.040139],[3.659634,50.039959],[3.659025,50.0401],[3.6585,50.040921],[3.657967,50.040966],[3.656711,50.04067],[3.656548,50.040369],[3.655805,50.039988],[3.655323,50.040059],[3.655083,50.039915],[3.652161,50.040141],[3.65152,50.040389],[3.651151,50.041242],[3.65128,50.041577],[3.648611,50.042432],[3.648711,50.04289],[3.649405,50.043037],[3.649102,50.043265],[3.649187,50.043454],[3.650787,50.043134],[3.655432,50.043485],[3.656226,50.043648],[3.657019,50.044393],[3.657871,50.044653],[3.658465,50.045851],[3.658111,50.046007],[3.658156,50.046813],[3.658518,50.047333],[3.658569,50.047863],[3.658422,50.048353],[3.657957,50.048762],[3.658171,50.049443],[3.659676,50.050809],[3.65971,50.051381],[3.663516,50.053561],[3.663552,50.054009],[3.664796,50.05477],[3.665188,50.054949],[3.665865,50.054867],[3.666724,50.055199],[3.667458,50.055044],[3.668354,50.055294],[3.670403,50.05533],[3.671387,50.055103],[3.671914,50.055543],[3.673057,50.056072],[3.673473,50.05615],[3.673829,50.055876],[3.675051,50.056251],[3.675482,50.056046],[3.676263,50.056481],[3.67714,50.056663],[3.677227,50.056916],[3.676838,50.057141],[3.677271,50.057683],[3.678241,50.058003],[3.679234,50.058599],[3.680862,50.058388],[3.681654,50.058603],[3.682467,50.059163],[3.685258,50.059359],[3.685659,50.059472],[3.685672,50.059623],[3.686253,50.059684],[3.686577,50.0595],[3.687429,50.059576],[3.687451,50.05991],[3.687806,50.059994],[3.68815,50.060547],[3.689256,50.061001],[3.690674,50.061102],[3.691125,50.061404],[3.692611,50.061411],[3.692607,50.061757],[3.692992,50.06185],[3.694446,50.061774],[3.695105,50.062095],[3.695566,50.062552],[3.696161,50.062378],[3.696778,50.062501],[3.697422,50.062995],[3.698247,50.063178],[3.69841,50.063343],[3.699436,50.062894],[3.699919,50.06312],[3.700569,50.062976],[3.703647,50.064607],[3.705175,50.065715],[3.705507,50.065823],[3.706516,50.06565],[3.708431,50.065962],[3.708862,50.066194],[3.709504,50.066108],[3.709763,50.066351],[3.71037,50.066518],[3.710815,50.06736],[3.711869,50.067834],[3.71343,50.067835],[3.715244,50.069499],[3.72218,50.063668],[3.722797,50.06372],[3.724283,50.063516],[3.728712,50.062439],[3.73128,50.061652],[3.73533,50.060144],[3.743832,50.055389],[3.745786,50.053457],[3.746876,50.053368],[3.746581,50.052976],[3.748364,50.052481],[3.751,50.053016],[3.751216,50.051802],[3.751453,50.051805],[3.751462,50.051463],[3.753245,50.05173],[3.754254,50.051508],[3.756193,50.0514],[3.75897,50.052304],[3.760272,50.052362],[3.761121,50.052588],[3.763169,50.051948],[3.764628,50.051262],[3.767602,50.05088],[3.767603,50.050997],[3.771016,50.05104],[3.774296,50.050578],[3.775085,50.048832],[3.777686,50.046195],[3.777436,50.045929],[3.778563,50.046157],[3.779406,50.046009],[3.779983,50.046168],[3.780479,50.046556],[3.780844,50.046564],[3.781096,50.046771],[3.781569,50.046764],[3.781794,50.04733],[3.78207,50.047232],[3.782732,50.047378],[3.783329,50.047774],[3.784341,50.047999],[3.78464,50.047729],[3.786047,50.048155],[3.786333,50.048085],[3.787891,50.048439],[3.788743,50.048238],[3.789341,50.048243],[3.789587,50.048403],[3.790423,50.048122],[3.791309,50.048192],[3.792385,50.04872],[3.793804,50.048979],[3.795959,50.048732],[3.796139,50.048384],[3.796604,50.048487],[3.797243,50.048083],[3.797911,50.048493],[3.797976,50.048192],[3.798623,50.048342],[3.799603,50.048163],[3.799832,50.047625],[3.800308,50.047556],[3.800041,50.046982],[3.801459,50.045687],[3.801992,50.045619],[3.802452,50.04575],[3.804152,50.044088],[3.806926,50.042168],[3.808897,50.041555],[3.810228,50.040761],[3.811547,50.04069],[3.812456,50.040466],[3.813259,50.039569],[3.814755,50.039324],[3.815644,50.038935],[3.817955,50.039777],[3.818071,50.039937],[3.817748,50.039938],[3.835613,50.048356],[3.837702,50.047599],[3.837819,50.04696],[3.841362,50.044297],[3.841509,50.044388],[3.842649,50.043283],[3.846394,50.041413],[3.847645,50.039936],[3.848128,50.039935],[3.849047,50.039002],[3.850684,50.039646],[3.852802,50.039465],[3.854527,50.038957],[3.859429,50.038346],[3.862635,50.038103],[3.86612,50.038129],[3.86849,50.037959],[3.871153,50.037449],[3.875046,50.036502],[3.879461,50.033358],[3.879036,50.033139],[3.882176,50.031726],[3.88501,50.031845],[3.885877,50.031694],[3.887115,50.030199],[3.886116,50.029448],[3.884951,50.0287],[3.882664,50.028872],[3.881776,50.028859],[3.881208,50.028668],[3.878778,50.028693],[3.878319,50.027886],[3.875592,50.026656],[3.874498,50.024501],[3.872923,50.023096],[3.871834,50.021827],[3.873055,50.02129],[3.872199,50.020053],[3.872215,50.019422],[3.871597,50.018483],[3.871045,50.016401],[3.870055,50.015546],[3.871439,50.014961],[3.87256,50.014011],[3.874567,50.013632],[3.875009,50.013296],[3.875411,50.013305],[3.875954,50.012804],[3.876436,50.012624],[3.874679,50.012101],[3.874064,50.011592],[3.874618,50.011191],[3.875396,50.010172],[3.876346,50.010326],[3.876718,50.010721],[3.877057,50.0108],[3.877985,50.009068],[3.878759,50.008203],[3.880921,50.006399],[3.88105,50.005926],[3.879916,50.003497],[3.878797,50.002579],[3.876512,49.999625],[3.875885,49.999212],[3.87513,49.999031],[3.875235,49.996662],[3.874504,49.995282],[3.87422,49.994202],[3.874746,49.994075],[3.874729,49.993164],[3.872582,49.990852],[3.871705,49.989365],[3.872536,49.989112],[3.875992,49.986832],[3.874831,49.985111],[3.873735,49.984489],[3.871403,49.983672],[3.872126,49.983037],[3.871775,49.979858],[3.87119,49.97966],[3.870222,49.97963],[3.870215,49.97991],[3.869196,49.980217],[3.869298,49.978992],[3.869083,49.977542],[3.868685,49.977404],[3.867376,49.977738],[3.86653,49.975653],[3.865022,49.975512],[3.862359,49.975691],[3.861081,49.976135],[3.860585,49.978843],[3.859846,49.981123],[3.855951,49.981704],[3.855727,49.982539],[3.850996,49.98182],[3.849811,49.98201],[3.846414,49.980508],[3.845336,49.980479],[3.844295,49.979911],[3.842537,49.979256],[3.842551,49.979112],[3.840879,49.978541],[3.84,49.977993],[3.839224,49.977035],[3.838563,49.9768],[3.837909,49.976945],[3.837598,49.976725],[3.836629,49.976602],[3.834828,49.975783],[3.834372,49.975791],[3.834052,49.975474],[3.833276,49.975251],[3.833047,49.974954],[3.832109,49.974755],[3.830755,49.975031],[3.829764,49.975024],[3.828057,49.974654],[3.826839,49.973818],[3.824321,49.973564],[3.823218,49.973746],[3.822569,49.973218],[3.822333,49.972709],[3.822008,49.972497],[3.82172,49.972509],[3.820718,49.971767],[3.819274,49.971032],[3.818169,49.971329],[3.816814,49.970482],[3.816305,49.969642],[3.814617,49.969652],[3.812935,49.969231],[3.811292,49.969009],[3.809303,49.968212],[3.809066,49.967857],[3.809155,49.966698],[3.808666,49.966052],[3.804666,49.963945],[3.804458,49.963472],[3.804639,49.962995],[3.804403,49.962292],[3.80447,49.960667],[3.80392,49.960006],[3.804326,49.959129],[3.802468,49.958083],[3.801921,49.957184],[3.802945,49.954937],[3.805612,49.953247],[3.800217,49.948888],[3.799764,49.948578],[3.800073,49.949397],[3.798967,49.950479],[3.798563,49.950647],[3.797248,49.95062],[3.795934,49.950879],[3.794056,49.952689],[3.792815,49.953073],[3.791278,49.953202],[3.790039,49.952133],[3.790077,49.95198],[3.789723,49.951763],[3.789175,49.951713],[3.788942,49.951147],[3.789276,49.950685],[3.790234,49.950395],[3.791771,49.948145],[3.791132,49.948337],[3.790019,49.949544],[3.789113,49.949493],[3.78915,49.94864],[3.786436,49.948878],[3.784413,49.949339],[3.78278,49.949422],[3.781571,49.949094],[3.780021,49.948413],[3.779015,49.947257],[3.778393,49.945859],[3.779501,49.944468],[3.780246,49.944033],[3.779998,49.942015],[3.777031,49.941951],[3.776565,49.942096],[3.775654,49.942055],[3.774253,49.94182],[3.773866,49.941626],[3.772029,49.941526],[3.764392,49.940574],[3.76402,49.941481],[3.763103,49.941653],[3.761761,49.942764],[3.761407,49.942589],[3.755667,49.944091],[3.755355,49.944315],[3.753392,49.944643],[3.751211,49.944654],[3.749725,49.944394],[3.748953,49.944628],[3.747768,49.944537],[3.746635,49.944647],[3.745674,49.94509],[3.7431,49.945613],[3.738461,49.947344],[3.737905,49.948133],[3.736135,49.949236],[3.736057,49.950401],[3.734966,49.950747],[3.733575,49.952568],[3.731394,49.954274],[3.730992,49.954403]]]}},{"type":"Feature","properties":{"uai_primary":"0020043L","uai_all":"0020043L","is_merged":false},"geometry":{"type":"Polygon","coordinates":[[[4.172412,49.78589],[4.178621,49.783908],[4.187364,49.785836],[4.191737,49.785577],[4.193806,49.785315],[4.193676,49.788495],[4.19536,49.792087],[4.197218,49.79456],[4.199532,49.796276],[4.200356,49.797421],[4.201162,49.799208],[4.201737,49.799836],[4.206936,49.801524],[4.206779,49.802159],[4.207009,49.802249],[4.207314,49.80217],[4.208759,49.80251],[4.209283,49.802377],[4.209473,49.802545],[4.210771,49.802611],[4.212362,49.803067],[4.21322,49.804163],[4.214273,49.806112],[4.221747,49.804518],[4.220863,49.802735],[4.218995,49.800255],[4.220872,49.799839],[4.221901,49.79754],[4.226371,49.793525],[4.226847,49.793615],[4.226676,49.793028],[4.225576,49.791617],[4.224066,49.788771],[4.222423,49.787234],[4.217823,49.785036],[4.210085,49.782166],[4.20756,49.78109],[4.206488,49.779949],[4.206673,49.778944],[4.20802,49.778486],[4.207763,49.778062],[4.206392,49.77865],[4.205921,49.778187],[4.20742,49.777398],[4.20708,49.776644],[4.207392,49.776262],[4.210133,49.775573],[4.211775,49.774919],[4.212163,49.773638],[4.213898,49.771111],[4.215827,49.771659],[4.216185,49.772065],[4.217112,49.772032],[4.217589,49.772344],[4.218784,49.772509],[4.220053,49.773116],[4.221451,49.772983],[4.222462,49.773184],[4.225192,49.773043],[4.22577,49.772964],[4.225777,49.772838],[4.228612,49.773109],[4.228939,49.772697],[4.229341,49.772643],[4.23164,49.770194],[4.233961,49.768906],[4.23644,49.768207],[4.238411,49.767875],[4.238138,49.767407],[4.241273,49.767063],[4.242265,49.767021],[4.242835,49.767143],[4.243037,49.765375],[4.241776,49.761958],[4.242166,49.76212],[4.243601,49.760229],[4.244874,49.759074],[4.24835,49.757466],[4.249601,49.757107],[4.248457,49.755722],[4.247823,49.755248],[4.246862,49.754808],[4.245332,49.754437],[4.245232,49.754152],[4.2448,49.75427],[4.243998,49.754077],[4.242332,49.752918],[4.240793,49.752471],[4.240201,49.752088],[4.239808,49.751945],[4.238317,49.751872],[4.236243,49.75093],[4.236496,49.750628],[4.235619,49.750561],[4.234977,49.75007],[4.233674,49.749541],[4.232434,49.748779],[4.231214,49.747468],[4.229644,49.746718],[4.229387,49.746258],[4.228955,49.746381],[4.229063,49.745557],[4.228663,49.745238],[4.228566,49.744502],[4.228119,49.74412],[4.228034,49.743735],[4.227037,49.742677],[4.226756,49.74212],[4.226789,49.74158],[4.227096,49.741153],[4.227376,49.741093],[4.227197,49.740394],[4.226373,49.739214],[4.226471,49.737218],[4.226171,49.736141],[4.226239,49.734786],[4.225886,49.732375],[4.226488,49.731383],[4.227321,49.730983],[4.229388,49.7308],[4.232188,49.730924],[4.232435,49.730525],[4.228951,49.73021],[4.226673,49.729737],[4.225877,49.729401],[4.226084,49.728848],[4.224953,49.728248],[4.225141,49.72778],[4.224677,49.727521],[4.224566,49.727193],[4.224413,49.727147],[4.223801,49.727556],[4.223601,49.727124],[4.22334,49.727079],[4.223056,49.727293],[4.22326,49.726728],[4.222612,49.72676],[4.222109,49.726619],[4.221662,49.726852],[4.221877,49.727108],[4.221674,49.727174],[4.221193,49.727007],[4.221105,49.72639],[4.220714,49.726101],[4.218023,49.725336],[4.217855,49.725521],[4.217441,49.725478],[4.217232,49.725636],[4.216661,49.7257],[4.216317,49.72518],[4.215934,49.72508],[4.215811,49.724703],[4.214573,49.724357],[4.213823,49.72366],[4.213334,49.723604],[4.21309,49.724014],[4.212184,49.723839],[4.211968,49.724166],[4.211575,49.724052],[4.210516,49.724413],[4.21019,49.724361],[4.210012,49.723978],[4.209749,49.723884],[4.209446,49.723853],[4.209179,49.724216],[4.20624,49.723565],[4.205119,49.723077],[4.205165,49.722873],[4.203828,49.721591],[4.204062,49.721418],[4.203967,49.721251],[4.202964,49.720813],[4.200599,49.720151],[4.200486,49.719868],[4.199599,49.719878],[4.199575,49.719464],[4.199286,49.719489],[4.199145,49.719355],[4.199549,49.719114],[4.198898,49.718773],[4.199077,49.718666],[4.199273,49.718787],[4.199765,49.71844],[4.199098,49.718209],[4.199046,49.71803],[4.198307,49.718102],[4.19779,49.717621],[4.196995,49.717628],[4.196606,49.717368],[4.196098,49.717338],[4.195633,49.717657],[4.194953,49.717282],[4.194702,49.717529],[4.194646,49.717169],[4.194205,49.71692],[4.194356,49.716646],[4.193926,49.716487],[4.193828,49.71613],[4.191701,49.715968],[4.191244,49.716262],[4.191734,49.714416],[4.192353,49.713171],[4.192464,49.712111],[4.193614,49.712364],[4.194005,49.711729],[4.19317,49.711591],[4.190343,49.710321],[4.190035,49.709589],[4.190023,49.708571],[4.187842,49.70883],[4.188289,49.70728],[4.187731,49.705794],[4.186968,49.705571],[4.186411,49.705873],[4.184758,49.703859],[4.184338,49.703673],[4.18428,49.702303],[4.184899,49.69944],[4.18519,49.698879],[4.181587,49.698644],[4.178651,49.698149],[4.178251,49.697028],[4.176737,49.696721],[4.172758,49.69673],[4.172925,49.695864],[4.171912,49.695672],[4.171295,49.696017],[4.170217,49.695406],[4.168073,49.695227],[4.167711,49.694951],[4.167237,49.695068],[4.16505,49.695029],[4.164564,49.694726],[4.164727,49.694612],[4.164732,49.693868],[4.161489,49.693776],[4.161543,49.693579],[4.156544,49.692216],[4.15478,49.692255],[4.154691,49.691798],[4.153577,49.691895],[4.151182,49.690758],[4.151078,49.690857],[4.150955,49.690667],[4.14405,49.688587],[4.144744,49.687869],[4.143069,49.687515],[4.145249,49.684317],[4.146955,49.680675],[4.148649,49.679015],[4.149358,49.678668],[4.148609,49.677846],[4.145512,49.677495],[4.144002,49.677005],[4.143176,49.676574],[4.142755,49.677222],[4.142071,49.676822],[4.141874,49.676971],[4.140998,49.676562],[4.140353,49.677957],[4.139743,49.67847],[4.136752,49.678146],[4.136904,49.675914],[4.134498,49.676482],[4.129716,49.677984],[4.127027,49.677917],[4.126389,49.681771],[4.125319,49.684081],[4.123272,49.684104],[4.123379,49.684223],[4.122121,49.684285],[4.121518,49.682841],[4.117769,49.684086],[4.115809,49.684394],[4.114777,49.684178],[4.10746,49.686615],[4.10644,49.686667],[4.10336,49.686432],[4.103495,49.685916],[4.10235,49.685696],[4.101667,49.68574],[4.102434,49.688108],[4.105186,49.688064],[4.10528,49.688568],[4.105792,49.6887],[4.105861,49.691344],[4.105395,49.691434],[4.105772,49.693745],[4.104939,49.694691],[4.108258,49.695611],[4.107047,49.699791],[4.106227,49.699559],[4.105973,49.70037],[4.104886,49.700352],[4.104666,49.701972],[4.104818,49.704456],[4.105468,49.704701],[4.103704,49.705905],[4.104081,49.706174],[4.103434,49.706556],[4.093708,49.708658],[4.092212,49.708795],[4.084314,49.708617],[4.084432,49.708829],[4.082654,49.709029],[4.081487,49.708995],[4.078876,49.708474],[4.079076,49.706642],[4.077529,49.705212],[4.076237,49.705851],[4.074629,49.705308],[4.074628,49.706281],[4.073987,49.706212],[4.073459,49.706605],[4.071693,49.708539],[4.071729,49.708993],[4.071385,49.709693],[4.071561,49.709802],[4.070865,49.710671],[4.069494,49.713117],[4.069625,49.713936],[4.069889,49.714123],[4.071066,49.71435],[4.071432,49.71465],[4.071356,49.714903],[4.072002,49.715086],[4.070138,49.716534],[4.069755,49.717321],[4.069858,49.719222],[4.069501,49.719009],[4.068295,49.718889],[4.067793,49.720017],[4.067342,49.720046],[4.066465,49.721197],[4.06615,49.721083],[4.065786,49.721844],[4.065196,49.722286],[4.065031,49.722819],[4.065235,49.72341],[4.0656,49.723525],[4.064715,49.726787],[4.0636,49.727906],[4.063069,49.727837],[4.060882,49.730422],[4.060363,49.731463],[4.060073,49.733138],[4.060514,49.735512],[4.060049,49.736102],[4.056849,49.73529],[4.056383,49.735619],[4.054378,49.73479],[4.054295,49.734388],[4.051926,49.734016],[4.051596,49.734283],[4.049759,49.73372],[4.050135,49.73265],[4.04531,49.73137],[4.045005,49.730522],[4.041885,49.732551],[4.04153,49.732241],[4.040822,49.7325],[4.039204,49.732663],[4.039026,49.73383],[4.038403,49.733924],[4.038335,49.734542],[4.037044,49.734729],[4.036839,49.733389],[4.035966,49.733191],[4.036116,49.730296],[4.035529,49.729316],[4.0355,49.728917],[4.035961,49.727788],[4.032546,49.727561],[4.033285,49.726878],[4.033243,49.726017],[4.034077,49.725724],[4.033751,49.724962],[4.035017,49.724964],[4.034304,49.723996],[4.033863,49.723806],[4.032837,49.723821],[4.029872,49.724221],[4.029411,49.723285],[4.027667,49.72364],[4.026192,49.720231],[4.02323,49.720722],[4.023797,49.721688],[4.023921,49.722742],[4.023715,49.72378],[4.022519,49.725145],[4.022971,49.72545],[4.02084,49.726741],[4.01968,49.726484],[4.018775,49.727794],[4.018671,49.72927],[4.018836,49.730322],[4.017179,49.73048],[4.017202,49.731153],[4.016333,49.731308],[4.016447,49.733412],[4.019582,49.733589],[4.01959,49.734322],[4.020304,49.734478],[4.019978,49.735075],[4.020683,49.73547],[4.019322,49.736207],[4.020964,49.737666],[4.020018,49.738399],[4.021824,49.738552],[4.021969,49.738686],[4.022289,49.740028],[4.020558,49.740053],[4.021356,49.741119],[4.020877,49.741305],[4.021183,49.741759],[4.020558,49.742128],[4.020545,49.742655],[4.021378,49.743146],[4.020764,49.743817],[4.020741,49.745754],[4.023592,49.746177],[4.022222,49.747687],[4.023487,49.748554],[4.024077,49.749219],[4.023738,49.749458],[4.024241,49.749989],[4.023808,49.753633],[4.024851,49.753753],[4.024742,49.754608],[4.024464,49.754612],[4.024558,49.755374],[4.02299,49.759285],[4.019529,49.761779],[4.01984,49.761911],[4.023204,49.772261],[4.0305,49.78455],[4.032462,49.784939],[4.039126,49.787962],[4.041903,49.788939],[4.05137,49.791762],[4.051654,49.791361],[4.052606,49.790809],[4.05295,49.791197],[4.05677,49.79084],[4.058903,49.790181],[4.059996,49.790502],[4.06055,49.789568],[4.061937,49.789814],[4.062243,49.789038],[4.065189,49.789139],[4.065241,49.788595],[4.06871,49.789142],[4.06882,49.790536],[4.071191,49.790446],[4.071383,49.791945],[4.073449,49.791652],[4.074029,49.793875],[4.073919,49.795716],[4.074525,49.796089],[4.083942,49.799563],[4.087522,49.799956],[4.090101,49.801066],[4.090239,49.801874],[4.091716,49.801517],[4.093841,49.801905],[4.094555,49.801806],[4.09544,49.804539],[4.099384,49.805393],[4.102899,49.806615],[4.105504,49.807779],[4.109257,49.802912],[4.109705,49.802694],[4.123498,49.801476],[4.131302,49.800373],[4.133755,49.798141],[4.136044,49.795143],[4.137044,49.794629],[4.137177,49.794189],[4.137639,49.794173],[4.138068,49.793962],[4.138284,49.794088],[4.138687,49.793976],[4.138698,49.793654],[4.139,49.793578],[4.140406,49.793387],[4.140677,49.793496],[4.141106,49.793282],[4.141878,49.793178],[4.142581,49.793308],[4.145524,49.793016],[4.146039,49.793286],[4.146465,49.793104],[4.146726,49.79317],[4.146955,49.792973],[4.14718,49.793102],[4.147389,49.792872],[4.147549,49.792973],[4.147995,49.792744],[4.148401,49.792689],[4.148532,49.79281],[4.148715,49.792679],[4.149145,49.792841],[4.149685,49.792483],[4.150295,49.792535],[4.150164,49.792411],[4.15063,49.792263],[4.150581,49.79206],[4.151023,49.792107],[4.151897,49.791901],[4.152343,49.791552],[4.15336,49.792503],[4.15495,49.791079],[4.155839,49.790749],[4.155841,49.790522],[4.156523,49.790242],[4.159657,49.790478],[4.161736,49.789201],[4.164243,49.788746],[4.166434,49.787847],[4.167179,49.787951],[4.168311,49.78783],[4.16862,49.787334],[4.172412,49.78589]]]}},{"type":"Feature","properties":{"uai_primary":"0020044M","uai_all":"0020044M","is_merged":false},"geometry":{"type":"Polygon","coordinates":[[[3.77744,49.856699],[3.776563,49.85541],[3.775173,49.851943],[3.772806,49.850156],[3.775957,49.849579],[3.776832,49.849575],[3.791892,49.846166],[3.792751,49.842693],[3.795551,49.839159],[3.795771,49.83819],[3.795996,49.838043],[3.804537,49.837068],[3.804876,49.837101],[3.806351,49.837946],[3.806652,49.837869],[3.81268,49.83405],[3.816616,49.832408],[3.815428,49.831517],[3.8191,49.830037],[3.823499,49.829205],[3.823614,49.828388],[3.823371,49.827448],[3.823569,49.827078],[3.824008,49.826979],[3.824292,49.826642],[3.824152,49.826287],[3.824723,49.82618],[3.824451,49.825568],[3.82477,49.825174],[3.826568,49.824525],[3.82659,49.823927],[3.827224,49.823294],[3.832102,49.823675],[3.83351,49.824268],[3.835183,49.824495],[3.847049,49.824354],[3.853209,49.824861],[3.855627,49.823068],[3.852238,49.821276],[3.851259,49.821112],[3.848896,49.819797],[3.851239,49.815578],[3.851118,49.814964],[3.850526,49.814356],[3.852099,49.812589],[3.852466,49.812805],[3.853357,49.812781],[3.853581,49.813177],[3.854358,49.812964],[3.854657,49.813736],[3.855834,49.814204],[3.856977,49.814132],[3.857137,49.813972],[3.857017,49.81362],[3.857226,49.813486],[3.857888,49.813628],[3.858324,49.813447],[3.858401,49.813287],[3.858196,49.813158],[3.858465,49.812549],[3.859198,49.812709],[3.859764,49.811907],[3.85887,49.811576],[3.861951,49.807251],[3.862385,49.806309],[3.860359,49.806196],[3.851678,49.802508],[3.851568,49.802662],[3.849727,49.802233],[3.846487,49.800725],[3.849555,49.797499],[3.849205,49.795621],[3.84813,49.794982],[3.847296,49.794692],[3.841954,49.793673],[3.841626,49.793404],[3.839125,49.792393],[3.835706,49.79024],[3.830314,49.792604],[3.828785,49.791754],[3.828028,49.791832],[3.807118,49.795334],[3.806735,49.7956],[3.806005,49.7949],[3.805534,49.793912],[3.807022,49.790916],[3.806289,49.790493],[3.805911,49.789098],[3.799901,49.780641],[3.788642,49.776646],[3.78695,49.776293],[3.782784,49.778329],[3.781666,49.779131],[3.780795,49.77952],[3.777075,49.780363],[3.774762,49.779188],[3.769607,49.777081],[3.764847,49.774342],[3.762568,49.772512],[3.75712,49.766449],[3.756119,49.767668],[3.753897,49.76948],[3.749584,49.770377],[3.739569,49.772102],[3.73676,49.771829],[3.735315,49.772109],[3.734939,49.772639],[3.732955,49.772337],[3.729369,49.771446],[3.725503,49.77353],[3.714856,49.780748],[3.714597,49.780479],[3.712114,49.781983],[3.711742,49.782672],[3.708772,49.781121],[3.707021,49.780015],[3.704057,49.780115],[3.704108,49.777475],[3.70317,49.776217],[3.702501,49.776335],[3.702429,49.776229],[3.696759,49.777305],[3.695421,49.778391],[3.693557,49.778873],[3.691299,49.775729],[3.69115,49.775762],[3.690477,49.774016],[3.689559,49.774502],[3.68907,49.77568],[3.687502,49.775361],[3.68757,49.776855],[3.687012,49.777035],[3.688114,49.778097],[3.687754,49.778263],[3.688094,49.779296],[3.687393,49.779325],[3.687284,49.779469],[3.685149,49.782912],[3.68506,49.783899],[3.684802,49.784027],[3.683732,49.784511],[3.683406,49.78391],[3.68226,49.78383],[3.68073,49.784952],[3.679669,49.785205],[3.678844,49.785047],[3.67802,49.785635],[3.672531,49.785709],[3.672963,49.7851],[3.670693,49.784726],[3.670656,49.78516],[3.66945,49.78642],[3.665838,49.78529],[3.66521,49.786402],[3.657029,49.782059],[3.655403,49.781407],[3.655637,49.780742],[3.655426,49.780383],[3.654247,49.779967],[3.652437,49.780386],[3.651146,49.78051],[3.647263,49.782253],[3.646995,49.781211],[3.648255,49.776091],[3.644706,49.774551],[3.646577,49.773509],[3.645738,49.772777],[3.650001,49.769373],[3.65047,49.767794],[3.649524,49.767525],[3.650011,49.767149],[3.648329,49.766486],[3.649932,49.76464],[3.649149,49.764432],[3.648844,49.764816],[3.645436,49.763678],[3.647119,49.759917],[3.645931,49.759519],[3.6479,49.755223],[3.637074,49.75363],[3.635029,49.755757],[3.633685,49.755586],[3.632778,49.756696],[3.634689,49.757479],[3.633316,49.758881],[3.63486,49.759538],[3.633183,49.760869],[3.635824,49.761544],[3.634493,49.763005],[3.633316,49.762676],[3.630979,49.764902],[3.628635,49.763969],[3.62536,49.762046],[3.6236,49.762401],[3.623445,49.762219],[3.620806,49.76306],[3.617079,49.760783],[3.614207,49.761296],[3.614752,49.764454],[3.612708,49.765325],[3.612313,49.765364],[3.610859,49.76429],[3.609279,49.762785],[3.607725,49.763644],[3.607818,49.764398],[3.606963,49.76491],[3.606649,49.764726],[3.605759,49.764696],[3.60537,49.764737],[3.60521,49.764954],[3.602821,49.765111],[3.602123,49.766154],[3.603962,49.766539],[3.601821,49.768928],[3.602238,49.769145],[3.601995,49.769888],[3.601671,49.769716],[3.600841,49.770438],[3.597891,49.770742],[3.598351,49.772563],[3.59804,49.773298],[3.596922,49.774662],[3.596334,49.774394],[3.594246,49.775584],[3.591941,49.774892],[3.590397,49.775497],[3.590351,49.775724],[3.592332,49.778565],[3.594809,49.783442],[3.594729,49.783649],[3.59383,49.784184],[3.596586,49.78681],[3.601258,49.793583],[3.595855,49.794697],[3.592571,49.795869],[3.591073,49.797007],[3.591464,49.800376],[3.593127,49.803137],[3.587436,49.802042],[3.585303,49.803075],[3.587046,49.805235],[3.583224,49.805847],[3.581871,49.805877],[3.581859,49.806025],[3.583633,49.808295],[3.583964,49.810302],[3.582948,49.810564],[3.586726,49.81518],[3.589081,49.817394],[3.58599,49.817676],[3.58813,49.819408],[3.588381,49.819782],[3.583873,49.82031],[3.584426,49.821725],[3.585576,49.821544],[3.585631,49.822013],[3.587193,49.822033],[3.589952,49.82171],[3.595029,49.823287],[3.595058,49.823403],[3.591245,49.826084],[3.583071,49.832451],[3.583512,49.83313],[3.583405,49.833294],[3.581538,49.833876],[3.58228,49.836277],[3.57465,49.83688],[3.570972,49.836809],[3.572214,49.839118],[3.573557,49.840525],[3.575712,49.843761],[3.572409,49.844849],[3.574859,49.847683],[3.577087,49.849355],[3.58008,49.850724],[3.585161,49.851904],[3.590824,49.852462],[3.59223,49.852908],[3.594129,49.854573],[3.59555,49.857042],[3.595796,49.85717],[3.599225,49.85745],[3.599592,49.857589],[3.600481,49.860174],[3.606035,49.860183],[3.605807,49.861822],[3.605347,49.861859],[3.604348,49.864989],[3.606712,49.864765],[3.609185,49.864718],[3.609628,49.863486],[3.610072,49.863216],[3.60929,49.86256],[3.610678,49.862209],[3.612181,49.859147],[3.613631,49.858443],[3.61378,49.858115],[3.61307,49.854656],[3.61185,49.85098],[3.610853,49.849254],[3.610677,49.848287],[3.616306,49.848925],[3.619615,49.849075],[3.620014,49.850334],[3.624556,49.850434],[3.624914,49.84983],[3.625895,49.850456],[3.627741,49.851058],[3.629873,49.850246],[3.631018,49.852232],[3.635038,49.850833],[3.634676,49.851968],[3.635328,49.851967],[3.636449,49.852272],[3.638303,49.851809],[3.641603,49.856232],[3.642583,49.855827],[3.643872,49.854549],[3.644123,49.854189],[3.644057,49.853664],[3.645869,49.853696],[3.645789,49.854829],[3.648729,49.859049],[3.648843,49.859101],[3.649218,49.85818],[3.656001,49.860908],[3.656284,49.860068],[3.656603,49.860009],[3.658765,49.860894],[3.659103,49.86125],[3.65938,49.860936],[3.662168,49.860104],[3.665027,49.862893],[3.668016,49.86433],[3.669078,49.865098],[3.669929,49.866048],[3.670664,49.867772],[3.675368,49.866352],[3.675708,49.866059],[3.678054,49.86546],[3.679141,49.865015],[3.681294,49.864446],[3.682575,49.864269],[3.687592,49.863803],[3.694952,49.865652],[3.697412,49.863326],[3.700234,49.864289],[3.700384,49.864687],[3.700222,49.867057],[3.70197,49.867521],[3.703831,49.867432],[3.702998,49.868062],[3.702288,49.868972],[3.702865,49.869134],[3.702986,49.869747],[3.701217,49.875749],[3.698588,49.879494],[3.698037,49.879625],[3.696937,49.880743],[3.69707,49.880821],[3.695686,49.881383],[3.695315,49.881761],[3.696757,49.886454],[3.694541,49.889765],[3.693039,49.891424],[3.691677,49.893585],[3.692195,49.89389],[3.69301,49.893893],[3.693611,49.894104],[3.694747,49.894003],[3.694738,49.894577],[3.695239,49.895162],[3.695602,49.895399],[3.696384,49.895492],[3.696853,49.896168],[3.697309,49.896135],[3.698056,49.895589],[3.698456,49.895644],[3.698624,49.895885],[3.69848,49.896481],[3.698984,49.896925],[3.699519,49.898084],[3.701814,49.89975],[3.702235,49.900481],[3.702979,49.900425],[3.703625,49.900149],[3.705495,49.900903],[3.705649,49.901495],[3.707627,49.901409],[3.707251,49.901939],[3.70766,49.902262],[3.709395,49.902483],[3.709221,49.902923],[3.713954,49.904302],[3.715553,49.90496],[3.715785,49.904689],[3.715359,49.899921],[3.716423,49.898308],[3.716806,49.89693],[3.718138,49.895324],[3.718356,49.894343],[3.719821,49.89337],[3.719953,49.89287],[3.721139,49.892062],[3.722203,49.890495],[3.722189,49.890279],[3.721467,49.889704],[3.721611,49.889429],[3.721475,49.888875],[3.722797,49.887814],[3.723373,49.887612],[3.724056,49.887671],[3.724262,49.88724],[3.725077,49.886516],[3.726164,49.885918],[3.728464,49.885571],[3.72809,49.884281],[3.726676,49.883724],[3.726172,49.882767],[3.723705,49.880973],[3.724591,49.879649],[3.725006,49.879504],[3.725658,49.879599],[3.726829,49.879408],[3.727291,49.8793],[3.72718,49.879069],[3.728866,49.878851],[3.737119,49.878249],[3.746607,49.876444],[3.747554,49.876458],[3.748836,49.876756],[3.748825,49.87692],[3.750876,49.876739],[3.751802,49.87507],[3.752794,49.874833],[3.753002,49.874826],[3.753322,49.875281],[3.754838,49.875099],[3.756978,49.876348],[3.758147,49.875328],[3.759668,49.874765],[3.769248,49.871865],[3.778149,49.869626],[3.779984,49.869314],[3.780389,49.86839],[3.780327,49.866226],[3.779666,49.863711],[3.779672,49.862112],[3.779162,49.860181],[3.77744,49.856699]]]}},{"type":"Feature","properties":{"uai_primary":"0020046P","uai_all":"0020046P","is_merged":false},"geometry":{"type":"Polygon","coordinates":[[[3.417223,49.57081],[3.417512,49.565901],[3.416983,49.562738],[3.411781,49.558593],[3.404015,49.555696],[3.397258,49.559413],[3.390168,49.562107],[3.389337,49.562284],[3.385545,49.564369],[3.384714,49.563891],[3.383082,49.563312],[3.380531,49.563052],[3.380354,49.562499],[3.377599,49.562429],[3.377925,49.561437],[3.3774,49.559421],[3.374653,49.560118],[3.372941,49.560807],[3.372054,49.561353],[3.371855,49.561715],[3.37187,49.562523],[3.371267,49.563381],[3.370476,49.563234],[3.36907,49.563817],[3.368431,49.563831],[3.366837,49.563296],[3.366665,49.563856],[3.363663,49.563078],[3.362558,49.562938],[3.36079,49.562846],[3.360465,49.562943],[3.359637,49.562763],[3.357523,49.563055],[3.356608,49.562818],[3.354364,49.562868],[3.3534,49.562652],[3.352982,49.562319],[3.352704,49.562364],[3.351997,49.56295],[3.351182,49.562951],[3.34957,49.563475],[3.344448,49.563966],[3.343293,49.564673],[3.342369,49.563648],[3.342616,49.563381],[3.342584,49.563021],[3.341788,49.562333],[3.341304,49.561475],[3.33737,49.560977],[3.336021,49.559752],[3.335491,49.558941],[3.333173,49.559613],[3.331605,49.558399],[3.326187,49.557302],[3.31313,49.553365],[3.312923,49.553367],[3.307278,49.557421],[3.304942,49.55605],[3.302362,49.558858],[3.304346,49.55971],[3.304605,49.560234],[3.304217,49.560827],[3.306127,49.562046],[3.307135,49.563385],[3.305676,49.564985],[3.309953,49.566715],[3.310176,49.567103],[3.305354,49.568022],[3.302547,49.568912],[3.307563,49.570465],[3.30418,49.570878],[3.303283,49.570166],[3.302279,49.569952],[3.300168,49.570584],[3.302863,49.572091],[3.301098,49.575211],[3.301575,49.576055],[3.302575,49.576133],[3.302851,49.576605],[3.30114,49.57743],[3.301741,49.577688],[3.302429,49.579067],[3.303151,49.5798],[3.307942,49.581198],[3.307564,49.583042],[3.306616,49.584047],[3.304981,49.585273],[3.302523,49.586775],[3.301358,49.587323],[3.299979,49.587468],[3.295674,49.588701],[3.283169,49.586377],[3.282545,49.598638],[3.282217,49.599375],[3.280624,49.600285],[3.280473,49.601281],[3.280796,49.601971],[3.281392,49.602214],[3.28191,49.602861],[3.282189,49.604186],[3.281941,49.610187],[3.28115,49.615629],[3.282454,49.615781],[3.282917,49.616151],[3.282952,49.616502],[3.282767,49.616899],[3.282335,49.617043],[3.281803,49.61686],[3.281217,49.616217],[3.280486,49.616005],[3.280182,49.616057],[3.279879,49.616746],[3.278833,49.617423],[3.278413,49.618],[3.278221,49.618549],[3.278456,49.619063],[3.279106,49.619413],[3.280748,49.619706],[3.281891,49.620504],[3.281833,49.621029],[3.282993,49.623011],[3.283543,49.623149],[3.284283,49.622896],[3.284618,49.623202],[3.284317,49.623281],[3.284945,49.624502],[3.284767,49.624743],[3.285085,49.624878],[3.285488,49.624626],[3.286785,49.624855],[3.286725,49.625114],[3.286064,49.625025],[3.285266,49.625982],[3.285778,49.626229],[3.287201,49.626208],[3.286996,49.626833],[3.290028,49.627256],[3.289746,49.628339],[3.288726,49.629254],[3.288763,49.629655],[3.289276,49.629794],[3.290499,49.629191],[3.291284,49.629247],[3.29167,49.629473],[3.29197,49.630117],[3.292855,49.631062],[3.293489,49.631218],[3.293873,49.631076],[3.295009,49.629907],[3.29606,49.629636],[3.296949,49.629764],[3.297356,49.630527],[3.296524,49.631749],[3.297012,49.632141],[3.297499,49.6319],[3.297816,49.631122],[3.29847,49.63081],[3.29852,49.631787],[3.300095,49.632029],[3.30038,49.631894],[3.300421,49.631091],[3.302032,49.630531],[3.302489,49.630527],[3.302982,49.630922],[3.303345,49.631672],[3.303121,49.632925],[3.303866,49.633352],[3.30446,49.633295],[3.304662,49.632986],[3.304166,49.631799],[3.304027,49.630756],[3.304318,49.630598],[3.304944,49.630662],[3.305345,49.630937],[3.305457,49.631556],[3.305682,49.631699],[3.30615,49.631752],[3.307211,49.631514],[3.307832,49.631894],[3.307919,49.633569],[3.307647,49.634026],[3.306319,49.634971],[3.306575,49.635586],[3.307043,49.635742],[3.307571,49.635793],[3.308185,49.635385],[3.30803,49.634523],[3.308494,49.633397],[3.309114,49.632989],[3.31029,49.632462],[3.31247,49.632216],[3.312848,49.63227],[3.312953,49.632646],[3.320136,49.625321],[3.336845,49.633097],[3.33924,49.633184],[3.340939,49.633006],[3.341576,49.633153],[3.343424,49.635049],[3.344839,49.634859],[3.345247,49.635542],[3.347096,49.636471],[3.347612,49.637044],[3.350192,49.638679],[3.35121,49.639021],[3.354362,49.638265],[3.354924,49.639297],[3.362282,49.636627],[3.362135,49.636224],[3.364916,49.635645],[3.364803,49.635469],[3.366279,49.634823],[3.367133,49.635605],[3.368443,49.635021],[3.369681,49.635757],[3.369949,49.635564],[3.370986,49.635928],[3.37162,49.635461],[3.371891,49.635579],[3.37245,49.63505],[3.374519,49.635884],[3.374486,49.634223],[3.372603,49.63343],[3.37451,49.632013],[3.376376,49.632533],[3.379665,49.632186],[3.385807,49.633441],[3.385253,49.633689],[3.385098,49.635155],[3.384438,49.636697],[3.385302,49.638501],[3.385449,49.639776],[3.385897,49.640902],[3.39098,49.641445],[3.394627,49.640561],[3.395285,49.641587],[3.396633,49.641234],[3.396984,49.641957],[3.397815,49.642389],[3.398364,49.641799],[3.400007,49.64249],[3.400212,49.642442],[3.401094,49.641581],[3.40731,49.643862],[3.408859,49.641863],[3.409334,49.639348],[3.409069,49.638504],[3.409396,49.636987],[3.409807,49.636166],[3.413018,49.635799],[3.415904,49.63492],[3.415273,49.634477],[3.413096,49.634428],[3.414462,49.633947],[3.413879,49.633025],[3.41469,49.63309],[3.415134,49.6312],[3.415752,49.630969],[3.414831,49.629945],[3.414279,49.629995],[3.412368,49.626733],[3.415846,49.62571],[3.416949,49.627103],[3.418196,49.62685],[3.417763,49.625977],[3.418124,49.625506],[3.419023,49.626253],[3.419007,49.624875],[3.41968,49.623875],[3.419739,49.623371],[3.419016,49.622723],[3.421511,49.622188],[3.42138,49.622009],[3.423337,49.621183],[3.423399,49.620262],[3.426021,49.619722],[3.429888,49.619589],[3.434379,49.620718],[3.436584,49.621858],[3.440778,49.625072],[3.445335,49.628006],[3.446774,49.627043],[3.448428,49.624565],[3.447708,49.622912],[3.44669,49.62168],[3.445868,49.618647],[3.441119,49.613358],[3.440676,49.61276],[3.440745,49.611848],[3.443086,49.612318],[3.444054,49.61231],[3.444532,49.612081],[3.444847,49.611624],[3.445094,49.609282],[3.445578,49.609278],[3.445456,49.607191],[3.446926,49.606276],[3.448539,49.605521],[3.446012,49.605461],[3.446176,49.605035],[3.448248,49.605016],[3.448883,49.604102],[3.447919,49.603874],[3.447997,49.603676],[3.447666,49.603602],[3.448889,49.602681],[3.447632,49.602064],[3.447079,49.602069],[3.449771,49.598721],[3.460533,49.596555],[3.460923,49.595917],[3.46029,49.595311],[3.458207,49.595894],[3.45527,49.591161],[3.454989,49.589833],[3.455352,49.58853],[3.457925,49.587192],[3.459117,49.584777],[3.454711,49.585139],[3.45381,49.585057],[3.451148,49.58333],[3.451265,49.582341],[3.451047,49.581885],[3.448363,49.579453],[3.448699,49.579347],[3.45098,49.579415],[3.453181,49.578363],[3.454148,49.578354],[3.455171,49.577805],[3.455929,49.577663],[3.458773,49.57757],[3.459257,49.57739],[3.458573,49.576601],[3.450691,49.57425],[3.431101,49.565243],[3.429084,49.566305],[3.426706,49.566476],[3.424647,49.56752],[3.421977,49.567686],[3.417223,49.57081]]]}},{"type":"Feature","properties":{"uai_primary":"0020054Y","uai_all":"0020054Y","is_merged":false},"geometry":{"type":"Polygon","coordinates":[[[3.266445,49.852158],[3.265498,49.85204],[3.265342,49.852157],[3.264624,49.854338],[3.264869,49.854891],[3.265553,49.854832],[3.266354,49.854266],[3.267394,49.852865],[3.267019,49.852362],[3.266445,49.852158]],[[3.289151,49.856938],[3.289626,49.857054],[3.289565,49.856896],[3.289151,49.856938]],[[3.289346,49.858802],[3.28872,49.858504],[3.288575,49.858587],[3.288966,49.859334],[3.289379,49.859068],[3.289346,49.858802]],[[3.289843,49.858253],[3.290041,49.858338],[3.289931,49.859629],[3.290239,49.860201],[3.289997,49.860722],[3.290412,49.860813],[3.289982,49.861329],[3.290307,49.86231],[3.291631,49.862579],[3.290656,49.863117],[3.293926,49.863047],[3.293146,49.866371],[3.297123,49.866632],[3.298271,49.865499],[3.300739,49.865837],[3.300925,49.86499],[3.302612,49.864215],[3.305772,49.862349],[3.308204,49.863023],[3.307836,49.862395],[3.307964,49.861986],[3.307198,49.861651],[3.307052,49.861365],[3.306745,49.861419],[3.306668,49.8613],[3.306498,49.860689],[3.3068,49.860478],[3.306707,49.860255],[3.306438,49.860111],[3.305524,49.860141],[3.30565,49.859879],[3.305165,49.859452],[3.304907,49.859435],[3.304983,49.859244],[3.304252,49.858586],[3.304341,49.858463],[3.303751,49.858353],[3.30316,49.857998],[3.302823,49.858252],[3.302522,49.858151],[3.301719,49.858348],[3.30111,49.858082],[3.300931,49.858313],[3.300503,49.85823],[3.299653,49.858427],[3.299321,49.858261],[3.298909,49.858273],[3.298363,49.858469],[3.298089,49.858281],[3.297763,49.858394],[3.297392,49.858293],[3.296733,49.858535],[3.296715,49.858254],[3.294887,49.857977],[3.293772,49.857987],[3.292078,49.856974],[3.290787,49.857306],[3.2896,49.857164],[3.289557,49.857359],[3.290441,49.857605],[3.289705,49.85789],[3.289843,49.858253]]]}},{"type":"Feature","properties":{"uai_primary":"0020055Z","uai_all":"0020055Z","is_merged":false},"geometry":{"type":"Polygon","coordinates":[[[3.271123,49.849078],[3.270931,49.849229],[3.271123,49.849078]],[[3.270829,49.849272],[3.270626,49.849018],[3.270387,49.849125],[3.270708,49.849334],[3.270829,49.849272]],[[3.213174,49.888268],[3.212767,49.889352],[3.21317,49.889578],[3.215663,49.889954],[3.216218,49.891901],[3.216225,49.892017],[3.213971,49.891943],[3.213658,49.892617],[3.217137,49.892676],[3.220232,49.893149],[3.222002,49.89365],[3.222763,49.894054],[3.224685,49.894544],[3.224429,49.895022],[3.228506,49.896053],[3.229397,49.895905],[3.228926,49.897098],[3.230633,49.897218],[3.230588,49.897597],[3.232163,49.897747],[3.232027,49.898064],[3.233218,49.898474],[3.233768,49.8975],[3.234994,49.897661],[3.235307,49.897228],[3.23823,49.89836],[3.239311,49.900711],[3.241516,49.899586],[3.243353,49.900472],[3.242585,49.901218],[3.245627,49.902183],[3.247522,49.902528],[3.247717,49.902277],[3.249852,49.902942],[3.249428,49.903264],[3.252195,49.904511],[3.253262,49.903725],[3.252976,49.903232],[3.254286,49.902954],[3.255027,49.90407],[3.257104,49.904388],[3.257717,49.904291],[3.260357,49.904411],[3.263012,49.896834],[3.265056,49.896845],[3.265631,49.895794],[3.266612,49.891487],[3.266663,49.888864],[3.26609,49.887294],[3.266548,49.885175],[3.268883,49.88553],[3.270892,49.885553],[3.273634,49.886147],[3.273683,49.884941],[3.276525,49.884984],[3.278464,49.883459],[3.274499,49.880434],[3.274446,49.87942],[3.275575,49.879859],[3.277768,49.87854],[3.281023,49.876063],[3.282855,49.873523],[3.283581,49.87371],[3.285138,49.870768],[3.287416,49.871875],[3.288346,49.871441],[3.288792,49.87239],[3.292982,49.870306],[3.29435,49.870505],[3.29658,49.86927],[3.294694,49.867827],[3.293944,49.866987],[3.296506,49.867053],[3.297123,49.866632],[3.293109,49.866292],[3.29388,49.863816],[3.293926,49.863047],[3.290656,49.863117],[3.291631,49.862579],[3.290307,49.86231],[3.289982,49.861329],[3.290412,49.860813],[3.289997,49.860722],[3.290239,49.860201],[3.289931,49.859629],[3.290041,49.858338],[3.289632,49.858025],[3.290441,49.857605],[3.289557,49.857359],[3.289698,49.857116],[3.289151,49.856938],[3.289328,49.856643],[3.286264,49.852785],[3.286831,49.852609],[3.286657,49.852339],[3.286194,49.852376],[3.286113,49.85266],[3.285534,49.852722],[3.285333,49.852889],[3.284696,49.852731],[3.284469,49.852855],[3.284236,49.852736],[3.283576,49.852849],[3.281509,49.853855],[3.281403,49.854064],[3.281116,49.854086],[3.279862,49.855098],[3.279596,49.855118],[3.279473,49.855432],[3.279255,49.855452],[3.279147,49.855138],[3.278311,49.854846],[3.277083,49.854892],[3.277164,49.854324],[3.276258,49.853865],[3.2754,49.853745],[3.275184,49.853868],[3.274784,49.853708],[3.274736,49.853091],[3.274381,49.852936],[3.274348,49.85253],[3.274018,49.852313],[3.274233,49.851991],[3.273487,49.851629],[3.273672,49.851443],[3.273336,49.851249],[3.273565,49.850991],[3.273229,49.85086],[3.273123,49.850621],[3.273426,49.850398],[3.272872,49.849735],[3.272404,49.849896],[3.272146,49.849806],[3.272003,49.850033],[3.271755,49.849926],[3.270937,49.850064],[3.270762,49.849945],[3.270428,49.850128],[3.26977,49.850075],[3.268456,49.850858],[3.267265,49.850381],[3.266727,49.850402],[3.265576,49.851702],[3.265498,49.85204],[3.266819,49.852267],[3.267394,49.852865],[3.266354,49.854266],[3.265553,49.854832],[3.264869,49.854891],[3.263561,49.855826],[3.260725,49.856709],[3.259593,49.856785],[3.258105,49.857523],[3.255838,49.858301],[3.25541,49.857523],[3.256803,49.85703],[3.25439,49.855856],[3.252826,49.856814],[3.25203,49.85705],[3.246087,49.857638],[3.244671,49.857513],[3.243168,49.857599],[3.243164,49.858806],[3.244631,49.858713],[3.244092,49.86123],[3.243683,49.861408],[3.240444,49.861842],[3.238122,49.86281],[3.236523,49.863171],[3.231783,49.863271],[3.234954,49.865598],[3.233436,49.866266],[3.233847,49.866735],[3.232265,49.867536],[3.232153,49.867404],[3.230573,49.868109],[3.231181,49.868995],[3.22593,49.871279],[3.225677,49.871066],[3.2236,49.87214],[3.221944,49.870699],[3.220209,49.871591],[3.220354,49.871728],[3.21933,49.872262],[3.217654,49.870723],[3.215105,49.872038],[3.214979,49.871817],[3.215151,49.871424],[3.213531,49.872023],[3.212651,49.871583],[3.207854,49.874547],[3.210849,49.876465],[3.209319,49.877348],[3.207819,49.882063],[3.208128,49.88269],[3.209399,49.884162],[3.209689,49.884068],[3.21077,49.885847],[3.211835,49.886988],[3.213851,49.885949],[3.21414,49.887608],[3.213535,49.888173],[3.213174,49.888268]],[[3.289036,49.858618],[3.289346,49.858802],[3.289379,49.859068],[3.288966,49.859334],[3.288575,49.858587],[3.28872,49.858504],[3.289036,49.858618]]]}},{"type":"Feature","properties":{"uai_primary":"0020056A","uai_all":"0020056A","is_merged":false},"geometry":{"type":"Polygon","coordinates":[[[3.278693,49.831561],[3.280683,49.837304],[3.282344,49.83651],[3.285456,49.837352],[3.287777,49.836365],[3.289494,49.837423],[3.291977,49.838335],[3.292555,49.838826],[3.294801,49.839393],[3.295588,49.840224],[3.296406,49.84073],[3.297476,49.84104],[3.297559,49.841565],[3.298738,49.842465],[3.301535,49.843569],[3.302622,49.843595],[3.305775,49.844341],[3.306673,49.845677],[3.308044,49.846242],[3.309965,49.846721],[3.312168,49.84699],[3.316767,49.848094],[3.316113,49.846243],[3.315024,49.845998],[3.315082,49.845893],[3.314126,49.845498],[3.3143,49.844447],[3.315009,49.844495],[3.315189,49.842966],[3.315567,49.842562],[3.316237,49.842292],[3.317291,49.838945],[3.317875,49.83861],[3.316498,49.838196],[3.31694,49.837727],[3.318844,49.836775],[3.322014,49.837041],[3.322126,49.836557],[3.323535,49.836764],[3.323808,49.83606],[3.324672,49.835834],[3.324694,49.834691],[3.326759,49.834231],[3.31879,49.830781],[3.31797,49.831128],[3.317169,49.832357],[3.315482,49.832023],[3.316795,49.831554],[3.316041,49.831358],[3.314707,49.831905],[3.313748,49.831699],[3.310024,49.830226],[3.312866,49.828416],[3.310511,49.827622],[3.303273,49.830494],[3.303087,49.830721],[3.300762,49.831703],[3.295007,49.832998],[3.292911,49.833712],[3.292159,49.83438],[3.291796,49.835014],[3.291753,49.835981],[3.291981,49.836522],[3.29099,49.836044],[3.290629,49.835353],[3.289348,49.835834],[3.287772,49.834519],[3.284733,49.83398],[3.282946,49.833302],[3.282467,49.832581],[3.282056,49.832377],[3.281147,49.832332],[3.281013,49.831836],[3.280577,49.831708],[3.279174,49.831838],[3.278693,49.831561]]]}},{"type":"Feature","properties":{"uai_primary":"0020063H","uai_all":"0020063H","is_merged":false},"geometry":{"type":"Polygon","coordinates":[[[3.318798,49.69903],[3.320712,49.699446],[3.318509,49.693968],[3.316033,49.686621],[3.312948,49.684593],[3.311422,49.683808],[3.310714,49.68267],[3.313307,49.680439],[3.312404,49.680069],[3.313016,49.679723],[3.315297,49.677622],[3.315264,49.672212],[3.315551,49.671818],[3.317248,49.670378],[3.321765,49.667395],[3.325621,49.664363],[3.329278,49.661904],[3.331004,49.660489],[3.328551,49.659417],[3.327089,49.65772],[3.326976,49.657022],[3.329096,49.656115],[3.328919,49.655481],[3.329196,49.654774],[3.330552,49.652809],[3.330947,49.649268],[3.332086,49.648012],[3.332723,49.646826],[3.33062,49.645486],[3.330099,49.643649],[3.327606,49.637269],[3.326012,49.63715],[3.325259,49.636773],[3.324582,49.6361],[3.324211,49.634939],[3.32378,49.634598],[3.323346,49.634497],[3.322759,49.634634],[3.321391,49.635439],[3.320898,49.635562],[3.320333,49.635278],[3.320242,49.634374],[3.319569,49.634212],[3.319278,49.634282],[3.318698,49.634689],[3.318523,49.63523],[3.319797,49.6365],[3.319859,49.636942],[3.319387,49.637306],[3.318356,49.637233],[3.316199,49.636355],[3.315706,49.635662],[3.315556,49.634795],[3.315692,49.63452],[3.316411,49.634173],[3.31833,49.634153],[3.318662,49.633874],[3.318508,49.633515],[3.317657,49.633035],[3.316858,49.632942],[3.31524,49.633654],[3.314635,49.634462],[3.314004,49.634919],[3.313242,49.635037],[3.312049,49.634323],[3.312046,49.633428],[3.313002,49.632536],[3.312848,49.63227],[3.31247,49.632216],[3.31029,49.632462],[3.309114,49.632989],[3.308494,49.633397],[3.30803,49.634523],[3.308185,49.635385],[3.307571,49.635793],[3.307043,49.635742],[3.306575,49.635586],[3.306319,49.634971],[3.307647,49.634026],[3.307919,49.633569],[3.307832,49.631894],[3.307211,49.631514],[3.30615,49.631752],[3.305682,49.631699],[3.305457,49.631556],[3.305345,49.630937],[3.304944,49.630662],[3.304318,49.630598],[3.304027,49.630756],[3.304166,49.631799],[3.304662,49.632986],[3.30446,49.633295],[3.303866,49.633352],[3.303121,49.632925],[3.303345,49.631672],[3.302982,49.630922],[3.302489,49.630527],[3.302032,49.630531],[3.300421,49.631091],[3.30038,49.631894],[3.300095,49.632029],[3.29852,49.631787],[3.29847,49.63081],[3.297816,49.631122],[3.297499,49.6319],[3.297012,49.632141],[3.296524,49.631749],[3.297356,49.630527],[3.296949,49.629764],[3.29606,49.629636],[3.295009,49.629907],[3.293873,49.631076],[3.293489,49.631218],[3.292855,49.631062],[3.29197,49.630117],[3.29167,49.629473],[3.291284,49.629247],[3.290499,49.629191],[3.289276,49.629794],[3.288763,49.629655],[3.288726,49.629254],[3.289746,49.628339],[3.290028,49.627256],[3.286996,49.626833],[3.287201,49.626208],[3.285778,49.626229],[3.285266,49.625982],[3.286064,49.625025],[3.286725,49.625114],[3.286785,49.624855],[3.285488,49.624626],[3.285085,49.624878],[3.284767,49.624743],[3.284945,49.624502],[3.284317,49.623281],[3.284618,49.623202],[3.284283,49.622896],[3.283543,49.623149],[3.282993,49.623011],[3.281833,49.621029],[3.281891,49.620504],[3.280748,49.619706],[3.278818,49.619326],[3.278305,49.618868],[3.278227,49.618447],[3.278492,49.617879],[3.278833,49.617423],[3.279879,49.616746],[3.280182,49.616057],[3.280486,49.616005],[3.281217,49.616217],[3.281803,49.61686],[3.282335,49.617043],[3.282767,49.616899],[3.282968,49.61637],[3.282753,49.615973],[3.282309,49.615718],[3.280687,49.615608],[3.280218,49.615376],[3.28011,49.614844],[3.280785,49.614007],[3.28077,49.613576],[3.280049,49.612788],[3.278772,49.611888],[3.275299,49.613364],[3.276599,49.613517],[3.276458,49.616351],[3.273989,49.617907],[3.274201,49.618067],[3.271246,49.620753],[3.271276,49.621502],[3.272249,49.621789],[3.272414,49.625059],[3.270763,49.626249],[3.270277,49.626118],[3.269303,49.627602],[3.269893,49.627782],[3.269941,49.628967],[3.26895,49.629181],[3.266116,49.633879],[3.266333,49.634449],[3.268068,49.636776],[3.267774,49.639717],[3.264293,49.642259],[3.261346,49.645682],[3.260689,49.646712],[3.264121,49.647592],[3.261894,49.651087],[3.263913,49.651791],[3.263655,49.652159],[3.265094,49.652669],[3.264972,49.65296],[3.266936,49.653708],[3.270893,49.654486],[3.265693,49.661451],[3.263403,49.661019],[3.258616,49.66101],[3.257374,49.661245],[3.257249,49.661964],[3.258916,49.662311],[3.258799,49.666587],[3.257058,49.666735],[3.257455,49.668797],[3.258312,49.668873],[3.259398,49.66875],[3.262008,49.667973],[3.263567,49.667739],[3.267222,49.67245],[3.268124,49.672623],[3.271867,49.675852],[3.270403,49.680007],[3.271358,49.680918],[3.27137,49.681143],[3.270744,49.682037],[3.270688,49.682807],[3.269956,49.684208],[3.269666,49.6875],[3.268973,49.690521],[3.267347,49.693238],[3.267511,49.693835],[3.266982,49.694645],[3.266282,49.694275],[3.257477,49.691738],[3.25467,49.694268],[3.25342,49.695669],[3.25661,49.697513],[3.256307,49.70031],[3.25885,49.701932],[3.260925,49.701941],[3.263132,49.704025],[3.263588,49.705133],[3.265113,49.706777],[3.268,49.708162],[3.269118,49.707213],[3.270315,49.707805],[3.272861,49.706187],[3.274206,49.705614],[3.273435,49.7053],[3.274684,49.704155],[3.276147,49.70455],[3.280318,49.705179],[3.291435,49.700118],[3.290512,49.702306],[3.290149,49.703894],[3.300565,49.709623],[3.301592,49.709502],[3.301841,49.708988],[3.30457,49.709149],[3.305817,49.708404],[3.305814,49.707664],[3.306497,49.70678],[3.306407,49.70654],[3.309319,49.702982],[3.307263,49.701896],[3.302831,49.701318],[3.303165,49.700613],[3.302561,49.700024],[3.300821,49.699748],[3.312411,49.694649],[3.314672,49.69466],[3.317508,49.699363],[3.318798,49.69903]]]}},{"type":"Feature","properties":{"uai_primary":"0020065K","uai_all":"0020065K","is_merged":false},"geometry":{"type":"Polygon","coordinates":[[[3.488272,49.455359],[3.495688,49.458591],[3.503573,49.45823],[3.518739,49.457889],[3.520293,49.457565],[3.526805,49.455323],[3.526876,49.454845],[3.527638,49.453481],[3.529271,49.448533],[3.52992,49.448198],[3.537468,49.44975],[3.538275,49.4484],[3.538246,49.448064],[3.541708,49.447183],[3.543119,49.439769],[3.542984,49.435724],[3.543413,49.436931],[3.54473,49.437149],[3.546144,49.437796],[3.547293,49.438101],[3.54991,49.439569],[3.551931,49.44032],[3.559753,49.445143],[3.561984,49.445264],[3.568032,49.445188],[3.568002,49.446283],[3.575959,49.446754],[3.585575,49.444987],[3.587903,49.444759],[3.592973,49.448217],[3.593006,49.448453],[3.599374,49.448442],[3.601286,49.448843],[3.602442,49.449231],[3.604096,49.450645],[3.605193,49.451024],[3.608156,49.451073],[3.609453,49.450026],[3.61088,49.449203],[3.612246,49.448738],[3.615947,49.447936],[3.619701,49.44733],[3.627538,49.447604],[3.635503,49.44679],[3.636022,49.445493],[3.635995,49.444467],[3.636327,49.443887],[3.646723,49.443485],[3.656458,49.444865],[3.663921,49.440649],[3.665552,49.436611],[3.67069,49.434675],[3.672992,49.435973],[3.676035,49.437031],[3.676394,49.437487],[3.677038,49.4375],[3.688811,49.441009],[3.699628,49.440531],[3.696415,49.437477],[3.693601,49.435263],[3.692903,49.434911],[3.691657,49.434701],[3.691099,49.434393],[3.690324,49.433728],[3.686212,49.431097],[3.687084,49.430379],[3.684723,49.428301],[3.684432,49.427745],[3.684635,49.42764],[3.683805,49.426562],[3.685027,49.425664],[3.686424,49.427081],[3.686557,49.427017],[3.687649,49.425732],[3.689637,49.424368],[3.688277,49.42352],[3.689206,49.422837],[3.688728,49.422421],[3.688059,49.421203],[3.687612,49.420907],[3.687848,49.420507],[3.688187,49.420372],[3.687689,49.419595],[3.686605,49.41876],[3.686738,49.418569],[3.685568,49.417836],[3.686378,49.417616],[3.686449,49.41734],[3.685094,49.416578],[3.683614,49.416382],[3.683472,49.416547],[3.683057,49.41642],[3.683076,49.416169],[3.682756,49.416168],[3.682715,49.415798],[3.682299,49.41547],[3.682148,49.415611],[3.680427,49.415508],[3.679852,49.41521],[3.679409,49.414709],[3.678775,49.414468],[3.678427,49.413745],[3.678213,49.413705],[3.678867,49.412084],[3.679104,49.41031],[3.676881,49.409238],[3.676456,49.408832],[3.6762,49.407937],[3.675946,49.407704],[3.678833,49.404632],[3.678216,49.404019],[3.678363,49.403568],[3.679488,49.403289],[3.67944,49.403032],[3.67898,49.402648],[3.678167,49.402243],[3.677631,49.401751],[3.676783,49.400163],[3.674963,49.399935],[3.673408,49.399],[3.672626,49.399553],[3.671854,49.399278],[3.669897,49.399832],[3.668467,49.399814],[3.667807,49.398652],[3.667641,49.397602],[3.666382,49.39551],[3.666242,49.394711],[3.665445,49.394107],[3.664565,49.394961],[3.662466,49.395022],[3.661338,49.394694],[3.659795,49.394555],[3.659298,49.394269],[3.657941,49.393884],[3.656826,49.393822],[3.658148,49.38878],[3.655354,49.38887],[3.651778,49.38877],[3.648488,49.388915],[3.647634,49.389032],[3.647142,49.390685],[3.64656,49.390338],[3.64527,49.390164],[3.643205,49.390671],[3.642164,49.388959],[3.642089,49.387856],[3.641743,49.387067],[3.640657,49.387139],[3.638862,49.387473],[3.637061,49.389043],[3.635242,49.389354],[3.635107,49.38869],[3.634798,49.388726],[3.631972,49.389798],[3.631776,49.389559],[3.629338,49.390385],[3.629517,49.39097],[3.626772,49.391265],[3.62559,49.386451],[3.625192,49.385743],[3.62256,49.386857],[3.622136,49.386525],[3.621187,49.384874],[3.620771,49.384744],[3.619475,49.384639],[3.615918,49.384897],[3.614294,49.384619],[3.612536,49.385254],[3.609303,49.385683],[3.607641,49.385311],[3.605615,49.385174],[3.600201,49.385509],[3.600012,49.383151],[3.599533,49.381004],[3.599906,49.379129],[3.601734,49.375646],[3.597858,49.371958],[3.589486,49.365802],[3.582461,49.365588],[3.577002,49.36481],[3.567239,49.368518],[3.566413,49.368984],[3.564681,49.370626],[3.561266,49.371364],[3.556094,49.375248],[3.549682,49.377463],[3.546572,49.378769],[3.541014,49.38061],[3.534866,49.381562],[3.528644,49.381524],[3.528474,49.381408],[3.510301,49.382406],[3.50798,49.385927],[3.507706,49.390234],[3.509479,49.396308],[3.504603,49.395401],[3.501236,49.393468],[3.486042,49.403197],[3.480242,49.39978],[3.478599,49.399305],[3.476261,49.399005],[3.474731,49.398535],[3.478159,49.395163],[3.479737,49.393267],[3.483567,49.38985],[3.480767,49.388543],[3.480381,49.388843],[3.479977,49.388807],[3.479628,49.388081],[3.477919,49.387953],[3.477449,49.388326],[3.477279,49.389043],[3.476803,49.389205],[3.475447,49.388929],[3.47472,49.389296],[3.474559,49.389133],[3.475082,49.388696],[3.47464,49.388627],[3.474215,49.388855],[3.474109,49.389604],[3.474321,49.389948],[3.475025,49.390047],[3.475422,49.390284],[3.475311,49.390631],[3.474269,49.390996],[3.47406,49.391283],[3.473635,49.391195],[3.473424,49.390934],[3.473918,49.390556],[3.474057,49.390094],[3.472838,49.389576],[3.472701,49.390559],[3.471983,49.390661],[3.471338,49.390488],[3.471127,49.390554],[3.471207,49.390858],[3.471837,49.391084],[3.471262,49.392043],[3.471001,49.392179],[3.470393,49.391883],[3.470093,49.391995],[3.470028,49.392348],[3.470878,49.392661],[3.470935,49.393022],[3.469687,49.393203],[3.469202,49.39265],[3.468297,49.392683],[3.467994,49.392801],[3.468129,49.393323],[3.467743,49.393695],[3.466676,49.393117],[3.462813,49.389511],[3.460884,49.388663],[3.458449,49.388176],[3.456143,49.391889],[3.455957,49.392322],[3.456081,49.392699],[3.454099,49.394361],[3.453751,49.395227],[3.454945,49.397238],[3.455088,49.399798],[3.457175,49.404201],[3.457452,49.405186],[3.457956,49.405959],[3.455291,49.409715],[3.452935,49.414071],[3.429781,49.421654],[3.426224,49.422632],[3.422216,49.42695],[3.425559,49.432483],[3.424296,49.433554],[3.427729,49.43552],[3.429103,49.435588],[3.429232,49.434837],[3.429798,49.433935],[3.430457,49.434455],[3.431326,49.434452],[3.432073,49.43476],[3.432343,49.435016],[3.432306,49.435411],[3.433829,49.436244],[3.434325,49.436003],[3.43467,49.435585],[3.436255,49.435809],[3.436795,49.436715],[3.437243,49.438299],[3.437379,49.439724],[3.43719,49.442023],[3.440043,49.441602],[3.441068,49.441542],[3.441311,49.441683],[3.442969,49.441399],[3.444578,49.441853],[3.445012,49.442293],[3.445738,49.442508],[3.445987,49.442457],[3.446415,49.443157],[3.447873,49.444547],[3.447767,49.446615],[3.450129,49.44875],[3.45186,49.449564],[3.451847,49.449726],[3.45441,49.449791],[3.454141,49.450248],[3.45715,49.450495],[3.459402,49.450981],[3.459354,49.451096],[3.474637,49.452061],[3.482676,49.454836],[3.482969,49.454707],[3.483927,49.455152],[3.488272,49.455359]]]}},{"type":"Feature","properties":{"uai_primary":"0020066L","uai_all":"0020066L","is_merged":false},"geometry":{"type":"Polygon","coordinates":[[[3.118175,49.913461],[3.117562,49.913929],[3.123822,49.917944],[3.123181,49.918374],[3.12548,49.919406],[3.125408,49.921549],[3.124759,49.923297],[3.123385,49.923231],[3.122735,49.924354],[3.126175,49.924615],[3.126321,49.92493],[3.127643,49.924588],[3.131223,49.928854],[3.132424,49.929623],[3.132297,49.929876],[3.13358,49.930078],[3.132966,49.931333],[3.134721,49.931644],[3.135017,49.931207],[3.137583,49.932064],[3.136694,49.933234],[3.137339,49.933453],[3.136124,49.935549],[3.137478,49.935872],[3.138661,49.935877],[3.138992,49.93551],[3.140751,49.93588],[3.140862,49.93571],[3.142649,49.936629],[3.143297,49.936075],[3.144713,49.937076],[3.147603,49.940378],[3.149141,49.941634],[3.151518,49.942666],[3.152396,49.941906],[3.156135,49.944901],[3.156331,49.944663],[3.158254,49.945514],[3.160276,49.946692],[3.160935,49.946279],[3.1647,49.947493],[3.165273,49.946569],[3.16402,49.94551],[3.166623,49.942569],[3.16644,49.942379],[3.168986,49.939327],[3.168905,49.938431],[3.171665,49.939541],[3.171639,49.940651],[3.173271,49.943532],[3.174099,49.944475],[3.17736,49.946442],[3.17776,49.947029],[3.178412,49.947127],[3.180834,49.946392],[3.181462,49.946021],[3.182268,49.944747],[3.182659,49.94489],[3.184416,49.943056],[3.184786,49.943138],[3.185439,49.942131],[3.186821,49.941243],[3.188391,49.939855],[3.18919,49.939847],[3.189197,49.940632],[3.190089,49.940641],[3.190185,49.939841],[3.190693,49.939348],[3.19346,49.939143],[3.196585,49.942673],[3.197376,49.943243],[3.199969,49.94596],[3.202256,49.945019],[3.20272,49.945422],[3.203811,49.945055],[3.204428,49.945721],[3.20623,49.945638],[3.206515,49.947345],[3.205825,49.94763],[3.206752,49.948354],[3.206278,49.948624],[3.207957,49.950253],[3.20622,49.954923],[3.206695,49.954901],[3.209234,49.954589],[3.208604,49.953388],[3.208803,49.952347],[3.210797,49.951898],[3.212013,49.951848],[3.213199,49.952134],[3.213153,49.951229],[3.214571,49.95151],[3.217453,49.951403],[3.217473,49.949863],[3.218777,49.949762],[3.222404,49.945853],[3.223121,49.945804],[3.223699,49.942981],[3.224841,49.941209],[3.22242,49.940718],[3.221856,49.94074],[3.223487,49.938831],[3.224508,49.938907],[3.224615,49.938668],[3.224171,49.938206],[3.223037,49.938344],[3.220619,49.937896],[3.222584,49.935224],[3.225092,49.932889],[3.227865,49.93112],[3.224811,49.92932],[3.226407,49.926495],[3.227133,49.925872],[3.22667,49.925523],[3.226041,49.925514],[3.227224,49.923725],[3.228005,49.923937],[3.228275,49.923509],[3.230473,49.922307],[3.228241,49.921358],[3.229434,49.920533],[3.232465,49.921202],[3.23282,49.920448],[3.233178,49.920526],[3.233451,49.920104],[3.235298,49.916662],[3.241074,49.914298],[3.245401,49.914152],[3.245611,49.912055],[3.24744,49.912658],[3.248226,49.91256],[3.249667,49.91207],[3.250031,49.913184],[3.252603,49.91281],[3.252913,49.911854],[3.254612,49.909571],[3.256017,49.909863],[3.25652,49.907078],[3.258214,49.907869],[3.258775,49.907195],[3.258982,49.907237],[3.259434,49.906256],[3.256671,49.905176],[3.257104,49.904388],[3.255027,49.90407],[3.254286,49.902954],[3.252976,49.903232],[3.253262,49.903725],[3.252195,49.904511],[3.249428,49.903264],[3.249852,49.902942],[3.247717,49.902277],[3.247522,49.902528],[3.245627,49.902183],[3.242585,49.901218],[3.243353,49.900472],[3.241516,49.899586],[3.239311,49.900711],[3.23823,49.89836],[3.235307,49.897228],[3.234994,49.897661],[3.233768,49.8975],[3.233218,49.898474],[3.232027,49.898064],[3.232163,49.897747],[3.230588,49.897597],[3.230633,49.897218],[3.228926,49.897098],[3.229397,49.895905],[3.228506,49.896053],[3.224429,49.895022],[3.224685,49.894544],[3.222763,49.894054],[3.222002,49.89365],[3.220232,49.893149],[3.217137,49.892676],[3.213658,49.892617],[3.213971,49.891943],[3.216225,49.892017],[3.215663,49.889954],[3.21317,49.889578],[3.212767,49.889352],[3.213174,49.888268],[3.213535,49.888173],[3.21414,49.887608],[3.213851,49.885949],[3.211835,49.886988],[3.21077,49.885847],[3.209689,49.884068],[3.209399,49.884162],[3.208128,49.88269],[3.207819,49.882063],[3.209319,49.877348],[3.210849,49.876465],[3.207854,49.874547],[3.212651,49.871583],[3.213531,49.872023],[3.215151,49.871424],[3.214979,49.871817],[3.215105,49.872038],[3.217654,49.870723],[3.21933,49.872262],[3.220354,49.871728],[3.220209,49.871591],[3.221944,49.870699],[3.2236,49.87214],[3.225677,49.871066],[3.22593,49.871279],[3.231181,49.868995],[3.230573,49.868109],[3.232153,49.867404],[3.232265,49.867536],[3.233847,49.866735],[3.233436,49.866266],[3.234954,49.865598],[3.231783,49.863271],[3.236523,49.863171],[3.238122,49.86281],[3.240444,49.861842],[3.243683,49.861408],[3.244092,49.86123],[3.244631,49.858713],[3.243164,49.858806],[3.243168,49.857599],[3.244671,49.857513],[3.246087,49.857638],[3.249648,49.857268],[3.248635,49.8558],[3.248798,49.854912],[3.247227,49.854954],[3.247509,49.852863],[3.245175,49.852181],[3.241377,49.849599],[3.242277,49.848454],[3.238874,49.845895],[3.236317,49.843637],[3.23629,49.842567],[3.230899,49.841515],[3.227085,49.841015],[3.222058,49.839833],[3.215617,49.837942],[3.216249,49.832423],[3.218277,49.830326],[3.215684,49.829852],[3.218149,49.82804],[3.216739,49.826713],[3.215711,49.826988],[3.211993,49.82658],[3.212285,49.821235],[3.210956,49.82199],[3.205154,49.821178],[3.200044,49.818302],[3.200473,49.818004],[3.201893,49.81615],[3.200239,49.815965],[3.199778,49.812595],[3.19994,49.812115],[3.20119,49.810456],[3.199937,49.809883],[3.200398,49.809446],[3.200378,49.809089],[3.199335,49.809232],[3.198899,49.808961],[3.198211,49.807978],[3.197578,49.808221],[3.189751,49.800534],[3.188326,49.801818],[3.185553,49.797761],[3.179682,49.799283],[3.178342,49.797077],[3.177305,49.797316],[3.165705,49.789781],[3.167637,49.786908],[3.156127,49.785985],[3.155288,49.78745],[3.155248,49.787012],[3.154762,49.78654],[3.151602,49.786903],[3.150874,49.786521],[3.147521,49.786916],[3.147515,49.786197],[3.148467,49.78582],[3.138517,49.78421],[3.138319,49.783699],[3.136039,49.783736],[3.136085,49.783159],[3.135135,49.782782],[3.1353,49.78226],[3.134287,49.781922],[3.133973,49.782214],[3.133086,49.781511],[3.131509,49.781808],[3.128793,49.784443],[3.127969,49.784413],[3.127956,49.784784],[3.126486,49.784965],[3.12578,49.784156],[3.124817,49.784391],[3.124473,49.785105],[3.122333,49.785251],[3.122624,49.786544],[3.122055,49.789135],[3.119571,49.788437],[3.116084,49.787924],[3.114586,49.787505],[3.107477,49.794415],[3.106298,49.794003],[3.106194,49.794747],[3.103973,49.793949],[3.103783,49.794382],[3.102909,49.794137],[3.102711,49.794236],[3.10093,49.793394],[3.10057,49.79369],[3.099365,49.793126],[3.098129,49.793748],[3.097188,49.793091],[3.097103,49.79397],[3.095898,49.793326],[3.095346,49.793598],[3.094768,49.793241],[3.094529,49.793427],[3.093832,49.792988],[3.091908,49.791119],[3.091125,49.791216],[3.088692,49.790898],[3.088644,49.791346],[3.087358,49.791517],[3.086869,49.790308],[3.086267,49.790514],[3.085372,49.791342],[3.086121,49.791944],[3.084781,49.793394],[3.0848,49.794176],[3.084122,49.794167],[3.084011,49.796371],[3.083198,49.796323],[3.082933,49.797414],[3.084275,49.799039],[3.083397,49.799332],[3.08409,49.801031],[3.085497,49.801871],[3.087554,49.802514],[3.087203,49.80275],[3.087792,49.803386],[3.085041,49.804839],[3.086117,49.805312],[3.085315,49.806276],[3.085023,49.806216],[3.081887,49.808601],[3.08135,49.808146],[3.079673,49.809036],[3.080292,49.809616],[3.079803,49.809912],[3.080611,49.810407],[3.081818,49.810807],[3.077892,49.812415],[3.077633,49.812851],[3.079175,49.813604],[3.079925,49.812739],[3.08075,49.813989],[3.080798,49.816061],[3.080978,49.816059],[3.080939,49.815798],[3.084024,49.815631],[3.084377,49.816612],[3.084206,49.816663],[3.084948,49.817972],[3.08197,49.819774],[3.080796,49.820957],[3.079883,49.820637],[3.079019,49.821526],[3.07926,49.821941],[3.079008,49.822481],[3.060807,49.820024],[3.060429,49.821222],[3.060419,49.822012],[3.060793,49.82201],[3.060699,49.822842],[3.060226,49.825217],[3.059698,49.826554],[3.058671,49.828386],[3.058088,49.828244],[3.057594,49.828734],[3.056431,49.830943],[3.055332,49.832078],[3.055853,49.832238],[3.055795,49.832346],[3.057483,49.832722],[3.057386,49.833171],[3.05972,49.833447],[3.06142,49.833574],[3.063838,49.832962],[3.066128,49.833122],[3.066037,49.833588],[3.064284,49.833607],[3.064345,49.834437],[3.064678,49.83442],[3.064626,49.834897],[3.066511,49.834951],[3.06617,49.836159],[3.068016,49.83669],[3.069195,49.836815],[3.068985,49.837216],[3.071895,49.837879],[3.071718,49.838221],[3.073581,49.838621],[3.073434,49.838944],[3.077609,49.839651],[3.077329,49.840468],[3.080476,49.840066],[3.080681,49.840674],[3.08207,49.840593],[3.081777,49.841806],[3.084536,49.842616],[3.085045,49.841794],[3.085748,49.842103],[3.085566,49.843668],[3.084536,49.845574],[3.084126,49.847502],[3.082974,49.84922],[3.082521,49.850505],[3.082486,49.85219],[3.082016,49.853642],[3.081866,49.855711],[3.08064,49.858163],[3.080552,49.859167],[3.079648,49.862222],[3.079694,49.862712],[3.08067,49.863457],[3.080237,49.865124],[3.079644,49.866187],[3.079359,49.866117],[3.078692,49.867003],[3.0772,49.86659],[3.076465,49.867917],[3.075495,49.86756],[3.073909,49.870171],[3.071867,49.870376],[3.072641,49.871274],[3.071204,49.872056],[3.070262,49.873009],[3.07347,49.875575],[3.075293,49.878599],[3.084682,49.878613],[3.084605,49.878056],[3.083608,49.877922],[3.083625,49.877436],[3.085459,49.877646],[3.085387,49.876079],[3.084429,49.87602],[3.084654,49.874985],[3.085072,49.87504],[3.085288,49.873836],[3.084539,49.873762],[3.085573,49.871728],[3.083253,49.871163],[3.084106,49.869763],[3.083333,49.868209],[3.082523,49.867115],[3.082663,49.866486],[3.082749,49.866291],[3.084292,49.866536],[3.084867,49.866324],[3.085463,49.866637],[3.08754,49.866097],[3.088396,49.865592],[3.088826,49.866803],[3.087698,49.866971],[3.087018,49.867258],[3.086778,49.868358],[3.089382,49.867922],[3.089403,49.867563],[3.090991,49.867032],[3.091365,49.867089],[3.091215,49.867176],[3.091692,49.867266],[3.089572,49.868155],[3.090605,49.86962],[3.091663,49.870537],[3.093914,49.871189],[3.096436,49.872164],[3.097469,49.872723],[3.099456,49.873359],[3.100394,49.873886],[3.100641,49.873721],[3.10246,49.874255],[3.105812,49.874881],[3.108041,49.875535],[3.108603,49.876659],[3.11012,49.877743],[3.110786,49.877577],[3.111113,49.877998],[3.11273,49.877936],[3.112884,49.879086],[3.11383,49.880114],[3.11802,49.882511],[3.120092,49.884249],[3.118977,49.885759],[3.119261,49.885835],[3.118937,49.886755],[3.120453,49.887202],[3.119648,49.888473],[3.119401,49.888396],[3.117377,49.890904],[3.118001,49.890979],[3.117018,49.891614],[3.117949,49.892014],[3.116717,49.895783],[3.116167,49.896059],[3.116502,49.896424],[3.119311,49.897636],[3.119994,49.898321],[3.120723,49.897655],[3.123892,49.900878],[3.12165,49.901588],[3.119545,49.901699],[3.117915,49.902088],[3.120856,49.904609],[3.118131,49.907066],[3.116297,49.908439],[3.115468,49.90789],[3.114814,49.908332],[3.117582,49.909901],[3.117958,49.90905],[3.121417,49.909041],[3.120879,49.909581],[3.120558,49.910709],[3.119894,49.911363],[3.120044,49.913191],[3.118175,49.913461]]]}},{"type":"Feature","properties":{"uai_primary":"0020067M","uai_all":"0020067M","is_merged":false},"geometry":{"type":"Polygon","coordinates":[[[3.780284,49.868859],[3.779984,49.869314],[3.781581,49.868965],[3.784135,49.867928],[3.787792,49.86694],[3.797989,49.865023],[3.798045,49.865211],[3.797243,49.866294],[3.795262,49.868659],[3.800047,49.870206],[3.798692,49.875764],[3.798356,49.878603],[3.801057,49.880937],[3.801755,49.881228],[3.806771,49.885262],[3.81036,49.886559],[3.81315,49.888329],[3.813161,49.888823],[3.814369,49.888536],[3.815317,49.887837],[3.816111,49.887697],[3.816726,49.8868],[3.817736,49.886453],[3.818692,49.885866],[3.819663,49.885626],[3.820594,49.885093],[3.820824,49.884481],[3.821519,49.884152],[3.821383,49.883653],[3.820975,49.883368],[3.821296,49.882723],[3.821208,49.882082],[3.822818,49.880393],[3.824167,49.879277],[3.82534,49.879268],[3.826747,49.878445],[3.827378,49.878759],[3.827832,49.880443],[3.830557,49.880448],[3.832052,49.880204],[3.834795,49.881222],[3.836104,49.88149],[3.838827,49.881468],[3.839342,49.881598],[3.841235,49.881574],[3.843746,49.880821],[3.844611,49.880875],[3.846519,49.881316],[3.847668,49.881137],[3.848438,49.880837],[3.851287,49.880706],[3.856158,49.881007],[3.861517,49.881955],[3.86397,49.882619],[3.86804,49.883425],[3.874741,49.885009],[3.875081,49.88477],[3.876685,49.885337],[3.887976,49.884555],[3.888827,49.882869],[3.889609,49.880498],[3.89005,49.877858],[3.890222,49.874705],[3.897719,49.871914],[3.903789,49.870031],[3.906137,49.869596],[3.921443,49.869389],[3.923603,49.869585],[3.926537,49.87013],[3.930402,49.871059],[3.931448,49.87118],[3.933809,49.871148],[3.933518,49.872495],[3.932655,49.87471],[3.932191,49.875164],[3.929994,49.879289],[3.929205,49.880052],[3.928041,49.882094],[3.928214,49.882825],[3.927906,49.886517],[3.928865,49.890115],[3.929303,49.890843],[3.929199,49.89163],[3.93061,49.89453],[3.93056,49.895369],[3.93127,49.897086],[3.93319,49.897342],[3.935674,49.8982],[3.93797,49.900744],[3.938529,49.900554],[3.93989,49.901378],[3.941401,49.903826],[3.944262,49.903369],[3.946881,49.903253],[3.947177,49.901003],[3.948025,49.900992],[3.951514,49.901394],[3.952776,49.901737],[3.957412,49.903719],[3.958199,49.903862],[3.959693,49.903702],[3.96076,49.903113],[3.960118,49.902728],[3.959739,49.901644],[3.960206,49.901054],[3.960819,49.900633],[3.963293,49.899747],[3.966838,49.899744],[3.969301,49.90025],[3.972993,49.900469],[3.977146,49.901671],[3.978826,49.902007],[3.98231,49.902266],[3.983523,49.900543],[3.986384,49.898341],[3.986546,49.897844],[3.987427,49.894442],[3.987585,49.892919],[3.987983,49.891848],[3.987668,49.889097],[3.986795,49.887642],[3.98673,49.887177],[3.987186,49.887102],[3.9878,49.887752],[3.988146,49.887674],[3.988454,49.887231],[3.98932,49.887304],[3.989875,49.886806],[3.99036,49.886757],[3.990513,49.886331],[3.989505,49.885325],[3.98988,49.885015],[3.988685,49.883288],[3.984949,49.87928],[3.98378,49.877482],[3.983426,49.876643],[3.983861,49.874817],[3.984505,49.873482],[3.985912,49.871841],[3.985156,49.871729],[3.987446,49.870762],[3.988452,49.869673],[3.988783,49.867542],[3.988641,49.864783],[3.990099,49.862645],[3.992462,49.861099],[3.9958,49.861339],[4.000327,49.859042],[4.002045,49.858898],[4.004307,49.85805],[4.009118,49.858432],[4.010293,49.860821],[4.015273,49.862865],[4.014442,49.863909],[4.017115,49.863498],[4.01783,49.863589],[4.01766,49.864048],[4.018331,49.864819],[4.020842,49.86689],[4.023596,49.867746],[4.025186,49.868537],[4.030558,49.870118],[4.035756,49.871097],[4.034848,49.871769],[4.037009,49.873027],[4.040567,49.874253],[4.043775,49.876111],[4.045875,49.87694],[4.046713,49.876341],[4.047275,49.876235],[4.04782,49.875596],[4.051835,49.874249],[4.052765,49.873534],[4.053162,49.871818],[4.054057,49.87216],[4.054957,49.872243],[4.055856,49.871351],[4.05756,49.870375],[4.058248,49.870186],[4.062423,49.869948],[4.064872,49.870451],[4.065655,49.871024],[4.066038,49.871168],[4.066405,49.87112],[4.066572,49.870936],[4.066178,49.870029],[4.066433,49.869408],[4.067825,49.868209],[4.069829,49.867142],[4.071399,49.866741],[4.072831,49.867337],[4.073813,49.867478],[4.074308,49.867359],[4.073593,49.865475],[4.074134,49.865425],[4.075324,49.867218],[4.076287,49.866811],[4.075813,49.865723],[4.076012,49.865201],[4.077203,49.864468],[4.078681,49.864594],[4.07923,49.863295],[4.079699,49.863338],[4.080514,49.863995],[4.080852,49.863938],[4.081294,49.86409],[4.081874,49.864041],[4.081881,49.863867],[4.083234,49.863749],[4.083821,49.863904],[4.084903,49.864712],[4.085747,49.864448],[4.087258,49.864339],[4.089155,49.863962],[4.08882,49.862767],[4.089318,49.862574],[4.089689,49.861016],[4.08997,49.860538],[4.090472,49.86026],[4.09077,49.858956],[4.09053,49.858749],[4.090833,49.857656],[4.088242,49.854621],[4.088874,49.854402],[4.088117,49.853663],[4.088579,49.853731],[4.087055,49.852682],[4.087611,49.851663],[4.088337,49.851007],[4.088979,49.849171],[4.087501,49.847904],[4.086522,49.848009],[4.086203,49.847862],[4.085157,49.846396],[4.084572,49.845941],[4.083971,49.845744],[4.083243,49.845886],[4.081835,49.845068],[4.081262,49.844267],[4.079455,49.842676],[4.076715,49.843019],[4.073481,49.842675],[4.069253,49.839927],[4.0686,49.839668],[4.067787,49.838845],[4.067622,49.838873],[4.067394,49.83847],[4.066653,49.835238],[4.066121,49.834319],[4.070993,49.830624],[4.07392,49.829786],[4.075529,49.828552],[4.076265,49.82826],[4.077424,49.828229],[4.078073,49.828007],[4.078581,49.827648],[4.079882,49.825677],[4.081319,49.824984],[4.084648,49.826529],[4.086952,49.827323],[4.087213,49.825582],[4.090086,49.82372],[4.096747,49.818248],[4.100076,49.814264],[4.100551,49.812537],[4.104644,49.808794],[4.105504,49.807779],[4.102899,49.806615],[4.099384,49.805393],[4.09544,49.804539],[4.094555,49.801806],[4.093841,49.801905],[4.091716,49.801517],[4.090239,49.801874],[4.090101,49.801066],[4.087522,49.799956],[4.083942,49.799563],[4.074525,49.796089],[4.073919,49.795716],[4.074029,49.793875],[4.073449,49.791652],[4.071383,49.791945],[4.071191,49.790446],[4.06882,49.790536],[4.06871,49.789142],[4.065241,49.788595],[4.065189,49.789139],[4.062243,49.789038],[4.061937,49.789814],[4.06055,49.789568],[4.059996,49.790502],[4.058903,49.790181],[4.05677,49.79084],[4.05295,49.791197],[4.052606,49.790809],[4.051654,49.791361],[4.05137,49.791762],[4.041903,49.788939],[4.039126,49.787962],[4.032462,49.784939],[4.0305,49.78455],[4.023204,49.772261],[4.01984,49.761911],[4.019204,49.761642],[4.009549,49.762172],[4.00398,49.761615],[3.996102,49.761586],[3.987478,49.760997],[3.987082,49.761551],[3.986309,49.76137],[3.983917,49.76028],[3.982991,49.759358],[3.981648,49.757024],[3.981005,49.756403],[3.980136,49.756099],[3.978078,49.754209],[3.977296,49.753766],[3.974584,49.751191],[3.969001,49.748258],[3.965385,49.743986],[3.964042,49.743785],[3.961498,49.746888],[3.960103,49.747883],[3.958486,49.750164],[3.954779,49.750007],[3.954393,49.750128],[3.95487,49.751408],[3.945064,49.753777],[3.941444,49.754214],[3.938016,49.753369],[3.937061,49.753291],[3.934975,49.75369],[3.932673,49.753468],[3.93015,49.752759],[3.928717,49.752644],[3.927602,49.752988],[3.92712,49.753529],[3.925516,49.752901],[3.923597,49.752746],[3.920916,49.753372],[3.91795,49.75366],[3.91638,49.753666],[3.916023,49.754166],[3.915528,49.754285],[3.911411,49.752149],[3.909526,49.751401],[3.908511,49.751513],[3.908337,49.754251],[3.907232,49.75428],[3.907139,49.756176],[3.905594,49.756645],[3.904431,49.76097],[3.897498,49.760423],[3.897367,49.75925],[3.896093,49.756078],[3.891239,49.757247],[3.891061,49.757481],[3.889966,49.757698],[3.888787,49.758951],[3.886517,49.758391],[3.884309,49.758314],[3.881855,49.75736],[3.876354,49.757416],[3.874602,49.757557],[3.877192,49.760632],[3.87312,49.761442],[3.872516,49.76177],[3.871854,49.76145],[3.86823,49.762393],[3.863535,49.762805],[3.857844,49.764115],[3.855867,49.764385],[3.854179,49.764378],[3.854049,49.764889],[3.853517,49.765116],[3.846146,49.765478],[3.844907,49.765762],[3.84171,49.765982],[3.841361,49.766832],[3.841356,49.767801],[3.8364,49.767862],[3.836715,49.769131],[3.834968,49.769269],[3.835784,49.771049],[3.832554,49.771456],[3.831971,49.774688],[3.833418,49.774939],[3.832764,49.776809],[3.831896,49.776741],[3.831478,49.777977],[3.831567,49.778886],[3.830414,49.779287],[3.830837,49.77973],[3.830672,49.779814],[3.830163,49.779627],[3.82952,49.779772],[3.828517,49.779371],[3.826123,49.779931],[3.825607,49.779744],[3.825846,49.779267],[3.824972,49.779273],[3.824606,49.779119],[3.824141,49.779283],[3.822466,49.77887],[3.822345,49.778765],[3.822546,49.778481],[3.821949,49.778448],[3.820873,49.778064],[3.817871,49.777916],[3.816273,49.777543],[3.816115,49.777612],[3.816286,49.777966],[3.815887,49.778125],[3.815471,49.777972],[3.815159,49.777594],[3.814598,49.777652],[3.813822,49.776922],[3.813982,49.776645],[3.813262,49.776434],[3.813064,49.775968],[3.812679,49.775743],[3.811789,49.775894],[3.810764,49.775637],[3.810619,49.775353],[3.810303,49.775364],[3.809971,49.774992],[3.809193,49.77506],[3.809207,49.774677],[3.8084,49.7743],[3.807559,49.774216],[3.806562,49.773756],[3.805961,49.773279],[3.80515,49.773207],[3.80495,49.77287],[3.803995,49.772513],[3.803679,49.77209],[3.801501,49.770806],[3.801007,49.76982],[3.800043,49.76899],[3.799875,49.768068],[3.798832,49.767294],[3.798866,49.7671],[3.799639,49.766646],[3.799714,49.766224],[3.798896,49.765766],[3.798324,49.76489],[3.796125,49.766293],[3.797286,49.767404],[3.794107,49.768972],[3.795523,49.770261],[3.79421,49.770761],[3.794517,49.771526],[3.793474,49.771986],[3.794617,49.773472],[3.792532,49.773359],[3.79024,49.775407],[3.788006,49.776258],[3.787126,49.776365],[3.788642,49.776646],[3.799901,49.780641],[3.805911,49.789098],[3.806289,49.790493],[3.807022,49.790916],[3.805534,49.793912],[3.806005,49.7949],[3.806735,49.7956],[3.807118,49.795334],[3.828028,49.791832],[3.828785,49.791754],[3.830314,49.792604],[3.835706,49.79024],[3.839125,49.792393],[3.841626,49.793404],[3.841954,49.793673],[3.847296,49.794692],[3.84813,49.794982],[3.849205,49.795621],[3.849555,49.797499],[3.846487,49.800725],[3.849727,49.802233],[3.851568,49.802662],[3.851678,49.802508],[3.860359,49.806196],[3.862385,49.806309],[3.861951,49.807251],[3.85887,49.811576],[3.859764,49.811907],[3.859198,49.812709],[3.858465,49.812549],[3.858196,49.813158],[3.858401,49.813287],[3.858324,49.813447],[3.857888,49.813628],[3.857226,49.813486],[3.857017,49.81362],[3.857137,49.813972],[3.856977,49.814132],[3.855834,49.814204],[3.854657,49.813736],[3.854358,49.812964],[3.853581,49.813177],[3.853357,49.812781],[3.852466,49.812805],[3.852099,49.812589],[3.850526,49.814356],[3.851118,49.814964],[3.851239,49.815578],[3.848896,49.819797],[3.851259,49.821112],[3.852238,49.821276],[3.855627,49.823068],[3.853209,49.824861],[3.847049,49.824354],[3.835183,49.824495],[3.83351,49.824268],[3.832102,49.823675],[3.827224,49.823294],[3.82659,49.823927],[3.826568,49.824525],[3.82477,49.825174],[3.824451,49.825568],[3.824723,49.82618],[3.824152,49.826287],[3.824292,49.826642],[3.824008,49.826979],[3.823569,49.827078],[3.823371,49.827448],[3.823614,49.828388],[3.823499,49.829205],[3.8191,49.830037],[3.815428,49.831517],[3.816616,49.832408],[3.81268,49.83405],[3.806652,49.837869],[3.806351,49.837946],[3.804876,49.837101],[3.804537,49.837068],[3.795996,49.838043],[3.795771,49.83819],[3.795551,49.839159],[3.792751,49.842693],[3.791892,49.846166],[3.776832,49.849575],[3.775957,49.849579],[3.772806,49.850156],[3.775173,49.851943],[3.776563,49.85541],[3.777498,49.8568],[3.779205,49.860287],[3.779672,49.862112],[3.77972,49.863999],[3.780327,49.866226],[3.780284,49.868859]]]}},{"type":"Feature","properties":{"uai_primary":"0020072T","uai_all":"0020072T","is_merged":false},"geometry":{"type":"Polygon","coordinates":[[[3.634217,49.953593],[3.634063,49.951044],[3.632546,49.951028],[3.627088,49.952273],[3.618939,49.95689],[3.616281,49.961279],[3.615724,49.9617],[3.615852,49.962801],[3.615124,49.962964],[3.614857,49.964834],[3.613979,49.965917],[3.613589,49.966284],[3.605444,49.970531],[3.605443,49.970707],[3.603006,49.973133],[3.602759,49.974935],[3.600987,49.975899],[3.601038,49.976038],[3.599219,49.977186],[3.598871,49.978315],[3.597671,49.979374],[3.596213,49.981273],[3.593889,49.983736],[3.59288,49.987481],[3.592389,49.988086],[3.591117,49.989445],[3.589987,49.990199],[3.588676,49.990716],[3.5878,49.991562],[3.58785,49.992467],[3.587504,49.99368],[3.588353,49.996091],[3.588966,49.9966],[3.586894,49.998404],[3.586689,50.000978],[3.593038,50.001397],[3.594206,50.001279],[3.596737,50.000668],[3.601141,50.00035],[3.602039,49.999875],[3.602606,50.000114],[3.602711,50.000773],[3.603284,50.001117],[3.605311,50.00161],[3.605928,50.001896],[3.604639,50.004328],[3.600106,50.007756],[3.588912,50.008146],[3.587807,50.007966],[3.584268,50.009545],[3.583815,50.009895],[3.583849,50.010216],[3.583442,50.010272],[3.583536,50.009136],[3.581557,50.005119],[3.581806,50.003491],[3.582174,50.002655],[3.582308,49.999475],[3.585791,49.998496],[3.58587,49.998175],[3.585923,49.997574],[3.585714,49.997194],[3.583604,49.995522],[3.584517,49.99455],[3.584664,49.993298],[3.5844,49.991983],[3.584907,49.990077],[3.5835,49.989914],[3.582849,49.98935],[3.580702,49.989396],[3.579234,49.988832],[3.576307,49.98824],[3.573917,49.9883],[3.574524,49.986687],[3.574552,49.985584],[3.575686,49.983601],[3.575619,49.981657],[3.573248,49.982612],[3.572604,49.981746],[3.570469,49.981793],[3.57184,49.980697],[3.573031,49.978954],[3.573092,49.978387],[3.572466,49.977196],[3.570327,49.978165],[3.569784,49.97751],[3.569628,49.97689],[3.566232,49.978655],[3.566168,49.978567],[3.565697,49.978699],[3.564621,49.977711],[3.563721,49.977928],[3.562791,49.977659],[3.562444,49.977747],[3.563592,49.974592],[3.564334,49.973338],[3.564952,49.973378],[3.565885,49.971742],[3.568051,49.972158],[3.567638,49.96937],[3.568687,49.969478],[3.568592,49.968114],[3.572015,49.967474],[3.570741,49.964429],[3.57311,49.962926],[3.57526,49.9611],[3.574447,49.960695],[3.580806,49.956168],[3.577276,49.95371],[3.576141,49.954268],[3.576063,49.953131],[3.576258,49.952636],[3.575824,49.952191],[3.576485,49.951948],[3.575438,49.951306],[3.575731,49.951101],[3.573654,49.95064],[3.573951,49.950316],[3.570577,49.94888],[3.571053,49.948587],[3.569542,49.947418],[3.570419,49.946698],[3.568877,49.946098],[3.567963,49.945178],[3.565264,49.945634],[3.564743,49.943469],[3.563897,49.943879],[3.562237,49.94236],[3.560145,49.94331],[3.558696,49.943645],[3.558044,49.942397],[3.555411,49.941982],[3.555455,49.943424],[3.55466,49.943644],[3.552442,49.943493],[3.551758,49.944341],[3.549374,49.944863],[3.549739,49.946177],[3.549309,49.946243],[3.549619,49.949132],[3.549025,49.949098],[3.549769,49.950082],[3.548335,49.950923],[3.549886,49.952479],[3.551641,49.953746],[3.552496,49.955226],[3.552329,49.955934],[3.552761,49.957368],[3.552393,49.958224],[3.552407,49.958976],[3.553167,49.960239],[3.554007,49.960216],[3.554566,49.961643],[3.554208,49.961919],[3.553761,49.961993],[3.552974,49.96319],[3.55356,49.96417],[3.554999,49.965227],[3.555265,49.968671],[3.551508,49.969433],[3.549587,49.969024],[3.548325,49.969435],[3.547798,49.969774],[3.547579,49.971389],[3.546234,49.971258],[3.542057,49.97165],[3.540006,49.971163],[3.53804,49.96955],[3.537091,49.968316],[3.536766,49.967549],[3.535758,49.967753],[3.534481,49.966296],[3.532367,49.966725],[3.533434,49.968395],[3.537011,49.975344],[3.538385,49.979495],[3.539212,49.980889],[3.539259,49.981935],[3.538438,49.981981],[3.535831,49.983437],[3.532809,49.986175],[3.52759,49.988161],[3.520705,49.98629],[3.514377,49.984846],[3.512496,49.983602],[3.511938,49.983711],[3.510849,49.984457],[3.511386,49.986459],[3.508848,49.987809],[3.508065,49.988717],[3.50744,49.989543],[3.507926,49.990424],[3.507744,49.991077],[3.507855,49.992245],[3.506862,49.992192],[3.505582,49.993482],[3.504892,49.998105],[3.505257,49.999036],[3.504627,49.999465],[3.504349,50.000249],[3.507132,50.001239],[3.505586,50.003558],[3.504977,50.005538],[3.504243,50.006038],[3.503575,50.006252],[3.499469,50.007059],[3.499033,50.008143],[3.497633,50.009153],[3.498071,50.010351],[3.49804,50.010841],[3.495776,50.01002],[3.495227,50.010265],[3.494468,50.011501],[3.495391,50.01221],[3.494221,50.012749],[3.492309,50.013968],[3.488178,50.015599],[3.490337,50.018932],[3.490656,50.018894],[3.491407,50.019296],[3.494778,50.021619],[3.494962,50.022052],[3.495509,50.022052],[3.49626,50.022413],[3.49641,50.022966],[3.496084,50.02374],[3.496763,50.024418],[3.495837,50.024713],[3.496402,50.025464],[3.498428,50.024508],[3.501034,50.027574],[3.503231,50.028421],[3.504272,50.02907],[3.50603,50.03213],[3.506406,50.033923],[3.507139,50.035778],[3.510519,50.035054],[3.512468,50.035184],[3.514715,50.035631],[3.518737,50.035557],[3.519978,50.036379],[3.520683,50.036567],[3.52506,50.035999],[3.52932,50.037309],[3.528466,50.038432],[3.529837,50.038698],[3.52818,50.040171],[3.529284,50.040033],[3.530311,50.041014],[3.530085,50.041117],[3.530425,50.042291],[3.529202,50.042464],[3.529611,50.043968],[3.530539,50.043893],[3.531968,50.045756],[3.533755,50.045404],[3.534228,50.045956],[3.535761,50.045616],[3.536338,50.045973],[3.538977,50.046609],[3.541565,50.046919],[3.541726,50.04648],[3.542472,50.046228],[3.542624,50.046342],[3.543207,50.045962],[3.543936,50.04627],[3.543448,50.046509],[3.543979,50.047434],[3.542207,50.047894],[3.54237,50.048577],[3.542222,50.04944],[3.541959,50.049517],[3.542409,50.050595],[3.542405,50.051196],[3.54343,50.051365],[3.543488,50.051626],[3.541513,50.052167],[3.539919,50.052849],[3.540697,50.05465],[3.541364,50.055212],[3.544093,50.054966],[3.544047,50.054044],[3.552524,50.053886],[3.555272,50.053963],[3.556419,50.0541],[3.556584,50.054306],[3.561843,50.054065],[3.567184,50.053263],[3.568821,50.05261],[3.571441,50.052093],[3.57268,50.051545],[3.575676,50.049233],[3.577936,50.047773],[3.579125,50.047229],[3.581039,50.046915],[3.585,50.046875],[3.587969,50.046381],[3.588327,50.045845],[3.589156,50.045555],[3.591131,50.044107],[3.592593,50.044391],[3.594962,50.044144],[3.595906,50.042697],[3.597064,50.041439],[3.600339,50.040403],[3.600117,50.040277],[3.602131,50.038805],[3.606494,50.03489],[3.608387,50.032571],[3.608546,50.030549],[3.610462,50.027824],[3.614122,50.025051],[3.615577,50.026965],[3.618637,50.026709],[3.620349,50.028263],[3.622901,50.029447],[3.624814,50.030684],[3.628931,50.03091],[3.630214,50.031363],[3.630906,50.032161],[3.631371,50.033806],[3.632414,50.035503],[3.636059,50.036006],[3.636622,50.036224],[3.637903,50.037243],[3.640863,50.039019],[3.642084,50.038732],[3.645971,50.036679],[3.647886,50.035937],[3.651745,50.034881],[3.655206,50.033322],[3.656686,50.032292],[3.658571,50.029806],[3.658668,50.029331],[3.659988,50.029817],[3.659705,50.031554],[3.659989,50.033784],[3.662177,50.038708],[3.662882,50.038628],[3.663871,50.038112],[3.665861,50.036659],[3.666397,50.036548],[3.667418,50.036724],[3.669909,50.035044],[3.670652,50.034999],[3.67208,50.034261],[3.672845,50.032833],[3.672035,50.032223],[3.671047,50.031086],[3.671449,50.030418],[3.672173,50.029918],[3.672911,50.027078],[3.673218,50.026885],[3.677371,50.025892],[3.678725,50.026151],[3.680059,50.026742],[3.681934,50.028587],[3.683666,50.028291],[3.684772,50.027264],[3.685607,50.027601],[3.686113,50.025934],[3.687302,50.024785],[3.686906,50.023829],[3.687568,50.022375],[3.687311,50.021181],[3.687836,50.01908],[3.687832,50.017659],[3.687524,50.016871],[3.687478,50.015926],[3.68712,50.015199],[3.685923,50.014637],[3.685992,50.013542],[3.685579,50.013305],[3.684861,50.013329],[3.684187,50.013099],[3.683979,50.013219],[3.684042,50.014148],[3.683762,50.014404],[3.683133,50.014438],[3.682534,50.014388],[3.68106,50.0134],[3.681798,50.013267],[3.682342,50.013504],[3.68247,50.013054],[3.682998,50.012814],[3.68354,50.012274],[3.683271,50.011953],[3.683884,50.011547],[3.683595,50.010946],[3.684854,50.01046],[3.685485,50.010568],[3.685918,50.010823],[3.687262,50.010785],[3.687554,50.011012],[3.688601,50.011111],[3.688688,50.010364],[3.688029,50.010251],[3.688783,50.009123],[3.68968,50.006741],[3.689435,50.006732],[3.689727,50.005904],[3.689215,50.005658],[3.689414,50.005541],[3.687608,50.004712],[3.687221,50.004395],[3.687389,50.004273],[3.687222,50.003954],[3.685164,50.002756],[3.683897,50.00225],[3.684594,50.001323],[3.684557,50.000622],[3.684973,49.999247],[3.684895,49.998528],[3.685802,49.998002],[3.685573,49.997427],[3.685305,49.997089],[3.684326,49.996934],[3.681852,49.993062],[3.677249,49.98898],[3.67356,49.987041],[3.669891,49.984765],[3.669638,49.984886],[3.668735,49.984356],[3.664159,49.983071],[3.66176,49.981981],[3.658129,49.979382],[3.657975,49.979511],[3.657632,49.978726],[3.654886,49.979272],[3.654815,49.977171],[3.653162,49.971697],[3.645847,49.969593],[3.646196,49.967412],[3.645113,49.967715],[3.642698,49.967749],[3.640992,49.968014],[3.640855,49.967449],[3.640404,49.967023],[3.641286,49.96626],[3.641729,49.966289],[3.645814,49.965543],[3.644924,49.963357],[3.642481,49.963278],[3.642332,49.962838],[3.639299,49.962976],[3.637704,49.962478],[3.635968,49.962596],[3.635719,49.962431],[3.635524,49.961254],[3.634954,49.960718],[3.634871,49.960172],[3.635008,49.959723],[3.635464,49.959256],[3.63553,49.95805],[3.634904,49.957373],[3.634319,49.955181],[3.634217,49.953593]]]}},{"type":"Feature","properties":{"uai_primary":"0020075W","uai_all":"0020075W","is_merged":false},"geometry":{"type":"Polygon","coordinates":[[[4.173862,49.976354],[4.173983,49.976262],[4.173144,49.975948],[4.17073,49.975291],[4.170675,49.975391],[4.168361,49.975024],[4.166192,49.974509],[4.165118,49.97404],[4.16568,49.973372],[4.165466,49.973008],[4.15003,49.950145],[4.149151,49.949229],[4.147409,49.948444],[4.116558,49.937822],[4.116577,49.937301],[4.10689,49.921442],[4.106825,49.921297],[4.110682,49.916558],[4.110233,49.909206],[4.102854,49.906418],[4.103027,49.905339],[4.099079,49.902153],[4.100925,49.901379],[4.101076,49.901496],[4.103177,49.900483],[4.101489,49.899119],[4.10577,49.896614],[4.104729,49.895684],[4.104731,49.894649],[4.101969,49.89391],[4.102422,49.893639],[4.102124,49.893526],[4.101106,49.892453],[4.104277,49.890476],[4.110925,49.887694],[4.113205,49.886084],[4.114838,49.886491],[4.117184,49.886827],[4.117803,49.887139],[4.11813,49.887072],[4.118064,49.886807],[4.118793,49.886704],[4.117568,49.885415],[4.115975,49.884343],[4.116316,49.884078],[4.115668,49.882729],[4.11487,49.883379],[4.114423,49.882381],[4.113909,49.880185],[4.113817,49.877313],[4.117821,49.877989],[4.119638,49.87578],[4.119703,49.873476],[4.119436,49.872764],[4.121504,49.871983],[4.116079,49.868786],[4.115581,49.868813],[4.115568,49.868213],[4.114746,49.868257],[4.11355,49.86712],[4.111713,49.86706],[4.109672,49.867444],[4.10842,49.867932],[4.107466,49.868121],[4.10624,49.865426],[4.102804,49.86069],[4.102017,49.860056],[4.101496,49.860288],[4.099486,49.859608],[4.0979,49.859852],[4.097978,49.858045],[4.097584,49.855033],[4.098903,49.85118],[4.100199,49.849572],[4.102481,49.851067],[4.1034,49.851394],[4.103965,49.850926],[4.10486,49.848643],[4.097152,49.844199],[4.095927,49.84222],[4.09437,49.841065],[4.09258,49.840184],[4.090022,49.838179],[4.089096,49.836689],[4.088238,49.835804],[4.087711,49.834453],[4.087505,49.83058],[4.086952,49.827323],[4.084648,49.826529],[4.081319,49.824984],[4.079882,49.825677],[4.078581,49.827648],[4.078073,49.828007],[4.077424,49.828229],[4.076265,49.82826],[4.075529,49.828552],[4.07392,49.829786],[4.070993,49.830624],[4.066121,49.834319],[4.066653,49.835238],[4.067394,49.83847],[4.067622,49.838873],[4.067787,49.838845],[4.0686,49.839668],[4.069253,49.839927],[4.073481,49.842675],[4.076715,49.843019],[4.079455,49.842676],[4.081262,49.844267],[4.081835,49.845068],[4.083243,49.845886],[4.083971,49.845744],[4.084572,49.845941],[4.085157,49.846396],[4.086203,49.847862],[4.086522,49.848009],[4.087501,49.847904],[4.088979,49.849171],[4.088337,49.851007],[4.087611,49.851663],[4.087055,49.852682],[4.088579,49.853731],[4.088117,49.853663],[4.088874,49.854402],[4.088242,49.854621],[4.090833,49.857656],[4.09053,49.858749],[4.09077,49.858956],[4.090472,49.86026],[4.08997,49.860538],[4.089689,49.861016],[4.089318,49.862574],[4.08882,49.862767],[4.089155,49.863962],[4.087258,49.864339],[4.085747,49.864448],[4.084903,49.864712],[4.083821,49.863904],[4.083234,49.863749],[4.081881,49.863867],[4.081874,49.864041],[4.081294,49.86409],[4.080852,49.863938],[4.080514,49.863995],[4.079699,49.863338],[4.07923,49.863295],[4.078681,49.864594],[4.077203,49.864468],[4.076012,49.865201],[4.075813,49.865723],[4.076287,49.866811],[4.075324,49.867218],[4.074134,49.865425],[4.073593,49.865475],[4.074308,49.867359],[4.073813,49.867478],[4.072831,49.867337],[4.071399,49.866741],[4.069829,49.867142],[4.067825,49.868209],[4.066433,49.869408],[4.066178,49.870029],[4.066572,49.870936],[4.066405,49.87112],[4.066038,49.871168],[4.065655,49.871024],[4.064872,49.870451],[4.062423,49.869948],[4.058248,49.870186],[4.05756,49.870375],[4.055856,49.871351],[4.054957,49.872243],[4.054057,49.87216],[4.053162,49.871818],[4.052765,49.873534],[4.051835,49.874249],[4.04782,49.875596],[4.047275,49.876235],[4.046713,49.876341],[4.045875,49.87694],[4.043775,49.876111],[4.040567,49.874253],[4.037009,49.873027],[4.034848,49.871769],[4.035756,49.871097],[4.030558,49.870118],[4.025186,49.868537],[4.023596,49.867746],[4.020842,49.86689],[4.018331,49.864819],[4.01766,49.864048],[4.01783,49.863589],[4.017115,49.863498],[4.014442,49.863909],[4.015273,49.862865],[4.010293,49.860821],[4.009118,49.858432],[4.004307,49.85805],[4.002045,49.858898],[4.000327,49.859042],[3.9958,49.861339],[3.992462,49.861099],[3.990099,49.862645],[3.988641,49.864783],[3.988783,49.867542],[3.988452,49.869673],[3.987446,49.870762],[3.985156,49.871729],[3.985912,49.871841],[3.984372,49.873694],[3.983861,49.874817],[3.983423,49.876763],[3.984801,49.879094],[3.988685,49.883288],[3.989631,49.884544],[3.98988,49.885015],[3.989505,49.885325],[3.990513,49.886331],[3.990487,49.886568],[3.99036,49.886757],[3.989875,49.886806],[3.98932,49.887304],[3.988454,49.887231],[3.988146,49.887674],[3.9878,49.887752],[3.987186,49.887102],[3.98673,49.887177],[3.986795,49.887642],[3.987668,49.889097],[3.987983,49.891848],[3.987585,49.892919],[3.987427,49.894442],[3.986546,49.897844],[3.986384,49.898341],[3.983523,49.900543],[3.98231,49.902266],[3.984971,49.902409],[3.985883,49.902666],[3.987347,49.902781],[3.989012,49.902713],[3.991259,49.903129],[3.992248,49.903481],[3.991881,49.905576],[3.990794,49.907907],[3.986869,49.907376],[3.982979,49.9077],[3.983129,49.908849],[3.981084,49.909036],[3.98329,49.909774],[3.983544,49.911116],[3.983334,49.912687],[3.98282,49.912711],[3.982677,49.913646],[3.982032,49.914448],[3.981551,49.914736],[3.980651,49.916039],[3.98063,49.916474],[3.980895,49.916878],[3.980602,49.917964],[3.979944,49.918007],[3.979467,49.918351],[3.98029,49.9186],[3.980057,49.918777],[3.979468,49.918722],[3.979324,49.918964],[3.977056,49.920342],[3.976396,49.921047],[3.976471,49.921677],[3.977358,49.922739],[3.976766,49.923566],[3.977323,49.923928],[3.98018,49.924474],[3.980124,49.92494],[3.979358,49.92637],[3.979401,49.927437],[3.979884,49.927736],[3.979557,49.928036],[3.978917,49.927893],[3.978754,49.928842],[3.979589,49.929476],[3.980171,49.930366],[3.980457,49.930413],[3.980495,49.93074],[3.981629,49.930871],[3.983121,49.930767],[3.983599,49.930589],[3.986804,49.928949],[3.987126,49.928555],[3.989311,49.929167],[3.990198,49.928512],[3.990357,49.927366],[3.991818,49.927811],[3.991564,49.927058],[3.992954,49.927176],[3.995689,49.925429],[3.997229,49.924851],[3.997583,49.924861],[3.997722,49.925249],[3.998259,49.925205],[3.998791,49.925003],[3.999829,49.924027],[4.000848,49.923665],[4.001712,49.923612],[4.002199,49.92337],[4.003924,49.92306],[4.005544,49.923318],[4.005079,49.926316],[4.004253,49.929387],[4.004349,49.930392],[4.005522,49.931216],[4.006317,49.931562],[4.006313,49.932358],[4.008095,49.93247],[4.010891,49.932165],[4.013466,49.93276],[4.01219,49.934717],[4.012092,49.936051],[4.0124,49.936811],[4.014966,49.936191],[4.015276,49.937267],[4.015978,49.938005],[4.017629,49.939191],[4.019418,49.940081],[4.02062,49.941308],[4.021461,49.941687],[4.022524,49.942492],[4.023107,49.94263],[4.012119,49.956156],[4.01454,49.963912],[4.015256,49.965139],[4.016102,49.966107],[4.016902,49.968136],[4.020616,49.970052],[4.02118,49.9729],[4.020178,49.973015],[4.021983,49.975918],[4.024081,49.977647],[4.030211,49.981528],[4.03374,49.983521],[4.034222,49.98436],[4.03419,49.985895],[4.056692,49.985425],[4.060152,49.984721],[4.074795,49.981221],[4.075812,49.980737],[4.077821,49.980246],[4.079928,49.979949],[4.083724,49.978866],[4.082702,49.977953],[4.082494,49.977544],[4.082472,49.976264],[4.083023,49.975536],[4.083305,49.97427],[4.083162,49.973606],[4.081857,49.971702],[4.083246,49.970048],[4.083258,49.969767],[4.085249,49.969079],[4.08664,49.969059],[4.087131,49.969187],[4.087823,49.969948],[4.08813,49.970616],[4.088896,49.970746],[4.091309,49.970739],[4.092977,49.971135],[4.094598,49.971324],[4.095383,49.971522],[4.096038,49.972173],[4.096299,49.972198],[4.097249,49.97204],[4.098214,49.972267],[4.099915,49.972326],[4.103368,49.972768],[4.104011,49.972505],[4.105363,49.970869],[4.105813,49.970941],[4.106107,49.971387],[4.106061,49.971895],[4.106962,49.972396],[4.108664,49.972459],[4.111215,49.973267],[4.112146,49.973931],[4.113411,49.974208],[4.115293,49.975745],[4.115711,49.97588],[4.116372,49.975623],[4.117231,49.975004],[4.119896,49.974183],[4.120731,49.974143],[4.121313,49.973452],[4.128452,49.976457],[4.129109,49.976393],[4.129881,49.975908],[4.130108,49.976128],[4.131264,49.975845],[4.132424,49.976142],[4.133808,49.976138],[4.136206,49.977243],[4.137397,49.978299],[4.139105,49.978823],[4.141028,49.979132],[4.141354,49.979099],[4.140983,49.978968],[4.141504,49.977966],[4.14471,49.976131],[4.146759,49.975975],[4.148894,49.976587],[4.149941,49.976577],[4.15072,49.975843],[4.151822,49.975242],[4.152085,49.974675],[4.152417,49.974552],[4.153551,49.974634],[4.154329,49.975161],[4.15497,49.975153],[4.155591,49.975694],[4.156969,49.975544],[4.157653,49.97622],[4.158353,49.975758],[4.159712,49.97579],[4.160362,49.976065],[4.160915,49.976561],[4.161587,49.975945],[4.162531,49.976266],[4.163859,49.976052],[4.16536,49.976456],[4.167241,49.977452],[4.169526,49.977453],[4.172078,49.976868],[4.172783,49.97718],[4.173862,49.976354]]]}},{"type":"Feature","properties":{"uai_primary":"0020076X","uai_all":"0020076X","is_merged":false},"geometry":{"type":"Polygon","coordinates":[[[3.258105,49.857523],[3.259593,49.856785],[3.260725,49.856709],[3.263561,49.855826],[3.264602,49.855179],[3.264869,49.854891],[3.264624,49.854338],[3.265342,49.852157],[3.266727,49.850402],[3.267555,49.850272],[3.269193,49.849219],[3.270626,49.849018],[3.270835,49.849226],[3.270716,49.849351],[3.271016,49.849334],[3.271134,49.84897],[3.270726,49.848942],[3.270606,49.848752],[3.270943,49.848458],[3.271603,49.848597],[3.271653,49.848205],[3.272002,49.847913],[3.274057,49.846612],[3.273795,49.846086],[3.273324,49.845673],[3.272992,49.845672],[3.272953,49.845417],[3.273479,49.845412],[3.273663,49.845248],[3.274573,49.84541],[3.274518,49.845554],[3.274998,49.84598],[3.275854,49.846053],[3.276161,49.845916],[3.276651,49.845283],[3.277142,49.845149],[3.27745,49.844827],[3.277539,49.844483],[3.277325,49.84412],[3.277595,49.843635],[3.278608,49.843404],[3.278829,49.842853],[3.279724,49.842446],[3.280212,49.84188],[3.280779,49.841757],[3.281627,49.84096],[3.282967,49.840574],[3.283638,49.839013],[3.285456,49.837352],[3.282344,49.83651],[3.280683,49.837304],[3.278693,49.831561],[3.278394,49.831423],[3.277926,49.831497],[3.276143,49.833673],[3.275617,49.834009],[3.271457,49.834661],[3.270787,49.834677],[3.268884,49.834231],[3.26906,49.833721],[3.26771,49.830633],[3.266515,49.829868],[3.260521,49.827786],[3.259882,49.827411],[3.259569,49.827165],[3.259466,49.826271],[3.258464,49.824143],[3.256702,49.822639],[3.255086,49.821791],[3.253991,49.820478],[3.253441,49.820188],[3.24421,49.820954],[3.247104,49.822817],[3.252282,49.82361],[3.252462,49.823829],[3.249495,49.825084],[3.246056,49.827106],[3.244803,49.826944],[3.244665,49.827464],[3.245079,49.827554],[3.245013,49.827691],[3.243627,49.828697],[3.241063,49.828537],[3.240171,49.829774],[3.236813,49.829062],[3.231427,49.835318],[3.228121,49.841217],[3.230899,49.841515],[3.23629,49.842567],[3.236317,49.843637],[3.238874,49.845895],[3.242277,49.848454],[3.241377,49.849599],[3.245175,49.852181],[3.247509,49.852863],[3.247227,49.854954],[3.248798,49.854912],[3.248635,49.8558],[3.249648,49.857268],[3.252527,49.856952],[3.25439,49.855856],[3.256803,49.85703],[3.25541,49.857523],[3.255838,49.858301],[3.258105,49.857523]],[[3.270695,49.849663],[3.270781,49.849823],[3.271257,49.849945],[3.271621,49.849655],[3.271249,49.849425],[3.270695,49.849663]]]}},{"type":"Feature","properties":{"uai_primary":"0020080B","uai_all":"0020080B","is_merged":false},"geometry":{"type":"Polygon","coordinates":[[[3.315567,49.842562],[3.315189,49.842966],[3.315208,49.843601],[3.315547,49.843569],[3.315892,49.84262],[3.316115,49.842644],[3.316237,49.842292],[3.315567,49.842562]],[[3.287228,49.849314],[3.286446,49.849861],[3.286357,49.850428],[3.286023,49.850612],[3.285988,49.851093],[3.285505,49.8515],[3.284842,49.851559],[3.286153,49.852372],[3.286657,49.852339],[3.286831,49.852609],[3.286264,49.852785],[3.289328,49.856643],[3.289151,49.856938],[3.290787,49.857306],[3.292078,49.856974],[3.293772,49.857987],[3.294887,49.857977],[3.296715,49.858254],[3.296733,49.858535],[3.297392,49.858293],[3.297763,49.858394],[3.298089,49.858281],[3.298363,49.858469],[3.298909,49.858273],[3.299321,49.858261],[3.299653,49.858427],[3.300503,49.85823],[3.300931,49.858313],[3.30111,49.858082],[3.301719,49.858348],[3.302522,49.858151],[3.302823,49.858252],[3.303162,49.857999],[3.303751,49.858353],[3.304341,49.858463],[3.304252,49.858586],[3.304983,49.859244],[3.304907,49.859435],[3.305165,49.859452],[3.30565,49.859879],[3.305524,49.860141],[3.306438,49.860111],[3.306707,49.860255],[3.3068,49.860478],[3.306498,49.860689],[3.306668,49.8613],[3.306745,49.861419],[3.307052,49.861365],[3.307198,49.861651],[3.307964,49.861986],[3.307836,49.862395],[3.308204,49.863023],[3.309478,49.863452],[3.310261,49.863933],[3.310934,49.864079],[3.311131,49.863101],[3.311412,49.863098],[3.31328,49.863862],[3.313951,49.863696],[3.314878,49.862657],[3.315189,49.858701],[3.314747,49.858582],[3.314658,49.858003],[3.314145,49.857803],[3.312439,49.858104],[3.311641,49.857892],[3.311612,49.857546],[3.313163,49.855907],[3.311907,49.852259],[3.312068,49.851569],[3.312623,49.850961],[3.313901,49.850623],[3.315748,49.849189],[3.318867,49.847992],[3.319255,49.84881],[3.320656,49.848988],[3.32171,49.849608],[3.323004,49.850674],[3.325813,49.852222],[3.327246,49.851539],[3.325426,49.850206],[3.325242,49.849603],[3.325382,49.849174],[3.325791,49.848812],[3.326412,49.848672],[3.327816,49.848706],[3.328578,49.848425],[3.329847,49.847206],[3.329218,49.846517],[3.328728,49.8469],[3.325664,49.846717],[3.322491,49.84608],[3.322343,49.845623],[3.319698,49.845906],[3.318102,49.846383],[3.316113,49.846243],[3.316767,49.848094],[3.312168,49.84699],[3.309965,49.846721],[3.308044,49.846242],[3.306673,49.845677],[3.305775,49.844341],[3.302622,49.843595],[3.301535,49.843569],[3.298738,49.842465],[3.297559,49.841565],[3.296543,49.841974],[3.295116,49.841976],[3.294695,49.842431],[3.294673,49.842651],[3.295245,49.842977],[3.295173,49.844362],[3.295768,49.844725],[3.295797,49.844987],[3.295431,49.845115],[3.295489,49.846429],[3.295315,49.846607],[3.295557,49.846818],[3.29562,49.84734],[3.29521,49.847996],[3.294831,49.848222],[3.29466,49.848167],[3.294092,49.847456],[3.293442,49.847494],[3.293123,49.847696],[3.29264,49.847221],[3.292726,49.846959],[3.29177,49.847],[3.291829,49.846447],[3.29128,49.846527],[3.290096,49.846149],[3.289836,49.846262],[3.290183,49.846654],[3.289642,49.847124],[3.289725,49.847563],[3.288891,49.8481],[3.288196,49.848109],[3.287804,49.848548],[3.287359,49.848631],[3.287228,49.849314]],[[3.290659,49.851932],[3.291521,49.851575],[3.291743,49.852538],[3.290945,49.852893],[3.29066,49.852876],[3.290115,49.852473],[3.290659,49.851932]]]}},{"type":"Feature","properties":{"uai_primary":"0020090M","uai_all":"0020090M","is_merged":false},"geometry":{"type":"Polygon","coordinates":[[[3.750036,49.539487],[3.749455,49.539357],[3.749787,49.539107],[3.749894,49.538179],[3.750456,49.537375],[3.749109,49.536735],[3.747499,49.536465],[3.747271,49.535589],[3.746401,49.534006],[3.746643,49.533992],[3.746576,49.533402],[3.747117,49.532966],[3.74534,49.532261],[3.742531,49.528426],[3.74253,49.528527],[3.741209,49.527308],[3.739885,49.528302],[3.738351,49.529016],[3.737052,49.528286],[3.734721,49.529267],[3.733934,49.530574],[3.73104,49.528554],[3.730332,49.52736],[3.728878,49.526992],[3.726085,49.525558],[3.724871,49.526256],[3.722244,49.524188],[3.721167,49.523781],[3.718816,49.523652],[3.71761,49.523991],[3.717138,49.52361],[3.717812,49.522699],[3.718242,49.521253],[3.718592,49.521197],[3.718717,49.520471],[3.717435,49.51986],[3.717163,49.518718],[3.714738,49.517957],[3.713168,49.517642],[3.712995,49.517818],[3.71171,49.51795],[3.710488,49.51838],[3.709598,49.518844],[3.70924,49.519326],[3.707286,49.520094],[3.706017,49.519524],[3.706342,49.518609],[3.70627,49.518094],[3.705027,49.518143],[3.70417,49.517957],[3.703543,49.518121],[3.702423,49.518128],[3.700738,49.514824],[3.702467,49.514675],[3.699019,49.512854],[3.699108,49.512406],[3.695531,49.509799],[3.698043,49.507833],[3.69543,49.506407],[3.691323,49.50492],[3.685171,49.50224],[3.683627,49.502798],[3.68132,49.502911],[3.680642,49.503296],[3.680009,49.503433],[3.678257,49.504553],[3.677563,49.505416],[3.675918,49.506777],[3.674329,49.506067],[3.673858,49.505711],[3.674344,49.504601],[3.675509,49.503263],[3.676201,49.501277],[3.677278,49.499787],[3.677653,49.496083],[3.678512,49.493874],[3.677046,49.492108],[3.676727,49.492101],[3.676142,49.491444],[3.675078,49.489266],[3.672113,49.484944],[3.671645,49.483759],[3.671149,49.483218],[3.670341,49.481701],[3.669974,49.48179],[3.66911,49.482179],[3.668758,49.482604],[3.667857,49.484361],[3.667898,49.48492],[3.668898,49.487513],[3.669256,49.487591],[3.670321,49.488768],[3.671284,49.489327],[3.674205,49.491822],[3.670464,49.495969],[3.66984,49.496181],[3.669755,49.495867],[3.668687,49.495409],[3.668263,49.49501],[3.66759,49.493676],[3.663248,49.492766],[3.661794,49.49219],[3.659851,49.494351],[3.658426,49.496622],[3.656969,49.49685],[3.652733,49.494858],[3.651792,49.495453],[3.650714,49.495817],[3.6466,49.495182],[3.646107,49.4968],[3.644641,49.499221],[3.646608,49.500321],[3.646001,49.501516],[3.646088,49.50263],[3.656621,49.502009],[3.660919,49.503795],[3.664259,49.506588],[3.66381,49.507341],[3.663716,49.508366],[3.663219,49.509347],[3.664101,49.511473],[3.664374,49.511668],[3.664844,49.511408],[3.665769,49.512147],[3.665659,49.512297],[3.666163,49.51302],[3.667351,49.512699],[3.667628,49.512218],[3.668722,49.512598],[3.669479,49.513075],[3.669592,49.51347],[3.668889,49.514515],[3.666776,49.515754],[3.666017,49.516601],[3.666042,49.517128],[3.665165,49.518071],[3.657949,49.523327],[3.654218,49.527108],[3.651041,49.528331],[3.652281,49.529138],[3.64901,49.531975],[3.650042,49.532601],[3.649609,49.5344],[3.646793,49.531903],[3.645004,49.530863],[3.642126,49.530268],[3.638597,49.530542],[3.636959,49.531363],[3.636046,49.530409],[3.633646,49.531448],[3.630915,49.531954],[3.624925,49.536533],[3.612851,49.535234],[3.61208,49.534962],[3.610548,49.533578],[3.620557,49.529514],[3.616372,49.529513],[3.615942,49.530828],[3.6151,49.530845],[3.615352,49.529528],[3.608619,49.528612],[3.608163,49.528424],[3.601079,49.530772],[3.600588,49.531452],[3.601199,49.531748],[3.601216,49.53237],[3.601494,49.532896],[3.599062,49.535461],[3.597564,49.537628],[3.595916,49.539541],[3.59545,49.540045],[3.594655,49.54041],[3.595875,49.542761],[3.59976,49.543636],[3.601429,49.543297],[3.606612,49.542635],[3.608944,49.542056],[3.608138,49.542674],[3.608802,49.543081],[3.610997,49.543315],[3.618227,49.542437],[3.619106,49.542096],[3.619628,49.547283],[3.620327,49.548948],[3.621324,49.54968],[3.622678,49.551165],[3.624467,49.551923],[3.624838,49.552445],[3.625988,49.552916],[3.626436,49.553307],[3.627704,49.553627],[3.628814,49.554922],[3.62996,49.554464],[3.631878,49.555162],[3.633406,49.556134],[3.635641,49.555818],[3.636315,49.557869],[3.63407,49.558681],[3.632602,49.557873],[3.632225,49.557227],[3.630872,49.557597],[3.629851,49.558254],[3.629844,49.558564],[3.629494,49.558784],[3.630375,49.559173],[3.62994,49.559531],[3.629858,49.560246],[3.630589,49.562276],[3.631475,49.562761],[3.631362,49.563265],[3.632695,49.563925],[3.632488,49.564132],[3.633036,49.564422],[3.633056,49.564711],[3.633916,49.564846],[3.633965,49.56552],[3.63431,49.565881],[3.63427,49.566478],[3.633982,49.566746],[3.633969,49.567715],[3.634631,49.567914],[3.634813,49.568385],[3.636201,49.568908],[3.636207,49.569403],[3.636799,49.570002],[3.636998,49.570097],[3.637578,49.569923],[3.637356,49.570446],[3.638374,49.570918],[3.638873,49.5715],[3.636641,49.57182],[3.635174,49.571452],[3.63492,49.571137],[3.633541,49.571077],[3.633091,49.571225],[3.633332,49.571846],[3.632881,49.572028],[3.63108,49.572061],[3.630856,49.57218],[3.630351,49.572088],[3.629975,49.572215],[3.629877,49.572086],[3.627915,49.571819],[3.62559,49.572222],[3.625401,49.573781],[3.624159,49.575035],[3.622746,49.57599],[3.622474,49.576605],[3.62079,49.577915],[3.618092,49.575198],[3.617594,49.574221],[3.615842,49.57469],[3.615003,49.575382],[3.613404,49.575393],[3.611475,49.575707],[3.61348,49.576748],[3.615415,49.577379],[3.615048,49.577872],[3.614241,49.577993],[3.614347,49.578976],[3.614708,49.579073],[3.614434,49.579863],[3.613121,49.581831],[3.61164,49.580112],[3.60622,49.576848],[3.603325,49.577371],[3.601147,49.580571],[3.60063,49.582436],[3.603995,49.583451],[3.602747,49.585717],[3.601982,49.58681],[3.60176,49.58679],[3.599345,49.593586],[3.594908,49.602385],[3.594999,49.603698],[3.599302,49.606405],[3.599714,49.606129],[3.600851,49.60664],[3.602436,49.604459],[3.603386,49.604916],[3.606053,49.601992],[3.608455,49.602546],[3.608566,49.602361],[3.609498,49.60251],[3.610977,49.603141],[3.611498,49.602876],[3.614615,49.602109],[3.615151,49.6026],[3.617482,49.602751],[3.618038,49.603617],[3.618891,49.603374],[3.620352,49.606213],[3.623259,49.605111],[3.623298,49.60872],[3.625444,49.610134],[3.625894,49.609686],[3.629562,49.611452],[3.6322,49.612417],[3.634357,49.613005],[3.636104,49.607529],[3.637163,49.606782],[3.639942,49.605756],[3.637992,49.603928],[3.642689,49.603564],[3.643994,49.60446],[3.645227,49.602651],[3.646734,49.603456],[3.641738,49.60672],[3.636394,49.609628],[3.637156,49.61008],[3.644948,49.613544],[3.647834,49.610754],[3.652407,49.613755],[3.655243,49.611453],[3.657994,49.612654],[3.659475,49.610982],[3.661437,49.611355],[3.662556,49.607825],[3.658137,49.606656],[3.658958,49.604702],[3.655474,49.603929],[3.655374,49.601387],[3.655897,49.600512],[3.651656,49.599106],[3.65108,49.599599],[3.649664,49.598992],[3.650285,49.598401],[3.650395,49.597854],[3.650004,49.59728],[3.650321,49.595448],[3.649809,49.595182],[3.65152,49.594251],[3.651438,49.593564],[3.651122,49.593081],[3.649855,49.591938],[3.646144,49.590465],[3.645892,49.590202],[3.646043,49.590033],[3.644084,49.590111],[3.646167,49.588708],[3.645638,49.588343],[3.647565,49.586712],[3.647698,49.586768],[3.649097,49.586017],[3.646436,49.583592],[3.648016,49.582891],[3.648989,49.581942],[3.649863,49.582296],[3.650559,49.581566],[3.650844,49.581653],[3.652449,49.5799],[3.65872,49.581194],[3.658555,49.583889],[3.660117,49.58308],[3.663914,49.582152],[3.667323,49.584407],[3.669407,49.583565],[3.669975,49.583126],[3.671993,49.582951],[3.673662,49.584754],[3.684764,49.586258],[3.683577,49.589959],[3.680356,49.594315],[3.691859,49.59968],[3.694388,49.599933],[3.693973,49.602825],[3.69624,49.603225],[3.695777,49.608013],[3.699277,49.608912],[3.699697,49.612275],[3.695904,49.612257],[3.695243,49.61457],[3.694619,49.615477],[3.691607,49.614569],[3.689498,49.617871],[3.691639,49.618539],[3.695246,49.618152],[3.701241,49.618748],[3.700279,49.61577],[3.699719,49.612433],[3.705684,49.612785],[3.708997,49.610231],[3.716307,49.61058],[3.716296,49.608433],[3.720569,49.608892],[3.721344,49.609212],[3.724415,49.6136],[3.72735,49.613999],[3.730103,49.613293],[3.730231,49.613896],[3.732635,49.614222],[3.733486,49.614054],[3.739315,49.614199],[3.741171,49.613877],[3.741438,49.613259],[3.746147,49.613766],[3.747943,49.611016],[3.749558,49.60958],[3.749996,49.607171],[3.753257,49.605692],[3.753989,49.605164],[3.754409,49.604484],[3.754809,49.602686],[3.755703,49.6014],[3.755624,49.600081],[3.755931,49.59938],[3.756096,49.596298],[3.757467,49.593518],[3.758589,49.59394],[3.759362,49.59406],[3.761781,49.595102],[3.762431,49.595268],[3.762915,49.595172],[3.766078,49.596356],[3.767458,49.596915],[3.770123,49.598391],[3.771392,49.594467],[3.781389,49.596101],[3.795684,49.597307],[3.796794,49.596061],[3.796995,49.595461],[3.79414,49.592917],[3.791899,49.590584],[3.790134,49.590614],[3.78697,49.589577],[3.785095,49.590387],[3.783551,49.590765],[3.782183,49.590411],[3.781265,49.589935],[3.780069,49.590061],[3.779598,49.589601],[3.777743,49.58883],[3.785054,49.57765],[3.784628,49.577868],[3.784454,49.577728],[3.7832,49.576428],[3.782981,49.575928],[3.783368,49.574649],[3.784143,49.573751],[3.784466,49.573019],[3.78426,49.571614],[3.786762,49.568335],[3.783749,49.56642],[3.782509,49.566249],[3.782656,49.565742],[3.780222,49.563802],[3.777961,49.563935],[3.775909,49.563855],[3.77371,49.563565],[3.766676,49.563216],[3.762562,49.562762],[3.757544,49.562578],[3.758612,49.559215],[3.757745,49.559174],[3.758432,49.557719],[3.757463,49.557314],[3.755449,49.556923],[3.755692,49.556262],[3.754272,49.555931],[3.75507,49.554748],[3.756239,49.554938],[3.757164,49.553404],[3.756505,49.553282],[3.757274,49.552066],[3.758241,49.552147],[3.758904,49.549731],[3.758487,49.549613],[3.75914,49.548672],[3.758647,49.548567],[3.75877,49.548193],[3.758296,49.548044],[3.759974,49.546967],[3.760354,49.546427],[3.759528,49.545311],[3.761206,49.544207],[3.761128,49.543085],[3.764991,49.543037],[3.767482,49.543692],[3.771617,49.544397],[3.773896,49.54428],[3.776262,49.543594],[3.776171,49.542971],[3.775918,49.542993],[3.774794,49.542419],[3.773299,49.541199],[3.772645,49.5405],[3.772305,49.539596],[3.771149,49.538075],[3.770108,49.53822],[3.76854,49.538192],[3.765944,49.537824],[3.764245,49.538354],[3.762137,49.538606],[3.761063,49.539187],[3.760101,49.539963],[3.760234,49.540739],[3.75843,49.540731],[3.758385,49.540393],[3.755697,49.540137],[3.755337,49.539721],[3.754645,49.539454],[3.754269,49.540379],[3.750036,49.539487]],[[3.65958,49.568814],[3.659487,49.570281],[3.657944,49.570883],[3.656745,49.571145],[3.656268,49.571117],[3.655148,49.570831],[3.653808,49.570173],[3.653998,49.569531],[3.654897,49.569494],[3.656679,49.56903],[3.65958,49.568814]],[[3.607842,49.538892],[3.607689,49.538636],[3.608118,49.538872],[3.607842,49.538892]],[[3.623334,49.550517],[3.623499,49.550117],[3.623741,49.55037],[3.623334,49.550517]],[[3.632853,49.561288],[3.632727,49.560473],[3.633002,49.559856],[3.635119,49.560479],[3.635789,49.560811],[3.632853,49.561288]],[[3.61576,49.577582],[3.615717,49.577917],[3.615266,49.57794],[3.61576,49.577582]],[[3.620084,49.564689],[3.620073,49.564854],[3.6207,49.564913],[3.620084,49.564689]],[[3.633442,49.566829],[3.633252,49.566447],[3.632414,49.56617],[3.632345,49.566975],[3.633134,49.566963],[3.633442,49.566829]]]}},{"type":"Feature","properties":{"uai_primary":"0021489H","uai_all":"0021489H","is_merged":false},"geometry":{"type":"Polygon","coordinates":[[[4.117694,49.641277],[4.116724,49.640756],[4.116425,49.639027],[4.119057,49.638524],[4.114945,49.634801],[4.115745,49.632921],[4.111596,49.634347],[4.111912,49.632344],[4.111293,49.631273],[4.10993,49.63174],[4.108074,49.633727],[4.103288,49.632672],[4.102718,49.632206],[4.102209,49.632607],[4.100179,49.630161],[4.099163,49.628353],[4.087167,49.63076],[4.086333,49.629264],[4.082092,49.631515],[4.082395,49.632562],[4.081205,49.633539],[4.080493,49.633772],[4.080634,49.634162],[4.078396,49.634468],[4.07569,49.635276],[4.075041,49.634682],[4.073863,49.634791],[4.073507,49.63464],[4.071027,49.635346],[4.068976,49.637512],[4.065401,49.637379],[4.061887,49.636007],[4.062005,49.635689],[4.058159,49.635792],[4.053977,49.637188],[4.055309,49.635878],[4.055675,49.634342],[4.052491,49.634742],[4.050941,49.634533],[4.048974,49.636122],[4.048672,49.635977],[4.04778,49.636929],[4.048162,49.637305],[4.048248,49.637752],[4.046083,49.638012],[4.044342,49.638452],[4.041061,49.638341],[4.040672,49.635981],[4.040184,49.634993],[4.040258,49.633741],[4.04142,49.632821],[4.042129,49.633014],[4.042251,49.632851],[4.043474,49.633142],[4.043694,49.633077],[4.043463,49.631253],[4.042326,49.629681],[4.041777,49.629823],[4.041808,49.630003],[4.040371,49.629812],[4.039814,49.628485],[4.038081,49.628242],[4.039795,49.625886],[4.037873,49.62302],[4.031789,49.622752],[4.03198,49.622598],[4.031301,49.622487],[4.027509,49.622668],[4.025218,49.622577],[4.025879,49.621879],[4.024492,49.621214],[4.027077,49.617885],[4.031647,49.614054],[4.027553,49.612585],[4.017082,49.611829],[4.004142,49.609777],[3.997889,49.608541],[3.995187,49.611253],[3.993,49.612455],[3.989825,49.613465],[3.987295,49.616848],[3.986735,49.618151],[3.986996,49.623711],[3.986235,49.624251],[3.982712,49.627863],[3.981117,49.634623],[3.975757,49.647636],[3.964109,49.651619],[3.946335,49.638157],[3.944986,49.638288],[3.944834,49.636485],[3.945036,49.635849],[3.93051,49.637259],[3.925492,49.633954],[3.924262,49.634696],[3.913109,49.631581],[3.914724,49.629862],[3.907308,49.627801],[3.896218,49.626356],[3.895945,49.625717],[3.89204,49.625809],[3.890293,49.627971],[3.887889,49.62788],[3.887802,49.629699],[3.884575,49.63258],[3.874887,49.639101],[3.87418,49.641403],[3.873821,49.641758],[3.872414,49.641618],[3.869258,49.641894],[3.869955,49.643168],[3.867446,49.643569],[3.866477,49.64387],[3.865026,49.643669],[3.859237,49.64408],[3.859113,49.643893],[3.856683,49.643628],[3.856414,49.643898],[3.854065,49.644204],[3.853501,49.644118],[3.853083,49.644332],[3.852458,49.644274],[3.845743,49.643367],[3.842161,49.642199],[3.842227,49.642104],[3.835597,49.640974],[3.83637,49.640571],[3.834868,49.640158],[3.821769,49.631638],[3.820634,49.63066],[3.820311,49.630859],[3.820609,49.631812],[3.820167,49.631943],[3.819388,49.630857],[3.819018,49.630916],[3.818725,49.630723],[3.818487,49.631102],[3.818505,49.631628],[3.817589,49.631653],[3.817421,49.63268],[3.816795,49.632812],[3.817971,49.633757],[3.817797,49.634393],[3.817426,49.634541],[3.816581,49.634182],[3.81647,49.634406],[3.81683,49.634952],[3.81666,49.635102],[3.816033,49.635209],[3.815279,49.635122],[3.814714,49.635491],[3.81445,49.63576],[3.814362,49.637252],[3.813698,49.637582],[3.814215,49.637926],[3.813663,49.6384],[3.812685,49.638286],[3.812232,49.639038],[3.811953,49.639998],[3.813151,49.641156],[3.813403,49.64121],[3.814014,49.641008],[3.814129,49.641529],[3.813944,49.641663],[3.813378,49.641679],[3.813277,49.642021],[3.813669,49.642344],[3.81355,49.642619],[3.813097,49.642324],[3.812772,49.642824],[3.814495,49.643954],[3.814309,49.644081],[3.81234,49.643906],[3.811761,49.644254],[3.812068,49.644632],[3.81303,49.644958],[3.812874,49.645291],[3.812254,49.64539],[3.812542,49.645921],[3.813459,49.646001],[3.814865,49.655708],[3.815589,49.657803],[3.814179,49.657881],[3.818565,49.660846],[3.816674,49.661386],[3.819448,49.663267],[3.823634,49.664447],[3.825078,49.662524],[3.828543,49.663507],[3.825953,49.667091],[3.832085,49.668836],[3.835701,49.670061],[3.830933,49.675488],[3.833508,49.676449],[3.828966,49.681613],[3.831553,49.682183],[3.833532,49.683614],[3.83332,49.684362],[3.833753,49.684383],[3.833358,49.685632],[3.834899,49.686892],[3.836253,49.688509],[3.836711,49.689351],[3.835544,49.690033],[3.836043,49.690237],[3.837418,49.69174],[3.838103,49.692669],[3.83815,49.693374],[3.837924,49.693608],[3.8392,49.69495],[3.839223,49.696928],[3.838353,49.697007],[3.83901,49.697968],[3.839768,49.697821],[3.840139,49.698006],[3.84158,49.699156],[3.841349,49.699275],[3.842989,49.700646],[3.844747,49.70136],[3.845528,49.705172],[3.847847,49.705389],[3.851859,49.704625],[3.852706,49.704051],[3.855645,49.702756],[3.856632,49.701779],[3.859418,49.700544],[3.861471,49.700381],[3.86164,49.700758],[3.867215,49.6992],[3.868228,49.700385],[3.872766,49.69951],[3.875711,49.699219],[3.879426,49.698524],[3.880683,49.696958],[3.88092,49.696913],[3.884325,49.696855],[3.887385,49.69949],[3.887132,49.699596],[3.887177,49.699793],[3.888715,49.700593],[3.890901,49.70248],[3.891159,49.702214],[3.904497,49.702373],[3.908324,49.70113],[3.920124,49.697713],[3.921185,49.6975],[3.927717,49.697225],[3.928877,49.69701],[3.930451,49.696405],[3.932017,49.698886],[3.934511,49.702156],[3.937063,49.707019],[3.938237,49.708685],[3.93822,49.70985],[3.937392,49.712126],[3.93674,49.715325],[3.936728,49.717683],[3.94117,49.720623],[3.940882,49.721364],[3.941031,49.721601],[3.942029,49.722143],[3.9423,49.722829],[3.94271,49.722912],[3.943675,49.724904],[3.943909,49.725038],[3.944438,49.724917],[3.945055,49.725437],[3.946035,49.725608],[3.946076,49.72578],[3.945748,49.726059],[3.946061,49.726434],[3.94687,49.726848],[3.948898,49.727428],[3.950024,49.728121],[3.952253,49.728525],[3.952962,49.729007],[3.953605,49.729861],[3.95385,49.731243],[3.954281,49.732276],[3.953158,49.73305],[3.954154,49.73463],[3.956434,49.736262],[3.956304,49.737139],[3.960009,49.739705],[3.963746,49.741842],[3.963743,49.742251],[3.962643,49.742765],[3.962231,49.743574],[3.961438,49.74672],[3.961569,49.746775],[3.96246,49.745799],[3.964042,49.743785],[3.965385,49.743986],[3.969001,49.748258],[3.974584,49.751191],[3.977296,49.753766],[3.978078,49.754209],[3.980136,49.756099],[3.981005,49.756403],[3.981648,49.757024],[3.982991,49.759358],[3.983917,49.76028],[3.986309,49.76137],[3.987082,49.761551],[3.987478,49.760997],[3.996102,49.761586],[4.00398,49.761615],[4.009549,49.762172],[4.019204,49.761642],[4.019529,49.761779],[4.02299,49.759285],[4.024558,49.755374],[4.024464,49.754612],[4.024742,49.754608],[4.024851,49.753753],[4.023808,49.753633],[4.024241,49.749989],[4.023738,49.749458],[4.024077,49.749219],[4.023487,49.748554],[4.022222,49.747687],[4.023592,49.746177],[4.020741,49.745754],[4.020764,49.743817],[4.021378,49.743146],[4.020545,49.742655],[4.020558,49.742128],[4.021183,49.741759],[4.020877,49.741305],[4.021356,49.741119],[4.020558,49.740053],[4.022289,49.740028],[4.021969,49.738686],[4.021824,49.738552],[4.020018,49.738399],[4.020964,49.737666],[4.019322,49.736207],[4.020683,49.73547],[4.019978,49.735075],[4.020304,49.734478],[4.01959,49.734322],[4.019582,49.733589],[4.016447,49.733412],[4.016333,49.731308],[4.017202,49.731153],[4.017179,49.73048],[4.018836,49.730322],[4.018671,49.72927],[4.018775,49.727794],[4.01968,49.726484],[4.02084,49.726741],[4.022971,49.72545],[4.022519,49.725145],[4.023715,49.72378],[4.023921,49.722742],[4.023797,49.721688],[4.02323,49.720722],[4.026192,49.720231],[4.027667,49.72364],[4.029411,49.723285],[4.029872,49.724221],[4.032837,49.723821],[4.033863,49.723806],[4.034304,49.723996],[4.035017,49.724964],[4.033751,49.724962],[4.034077,49.725724],[4.033243,49.726017],[4.033285,49.726878],[4.032546,49.727561],[4.035961,49.727788],[4.0355,49.728917],[4.035529,49.729316],[4.036116,49.730296],[4.035966,49.733191],[4.036839,49.733389],[4.037044,49.734729],[4.038335,49.734542],[4.038403,49.733924],[4.039026,49.73383],[4.039204,49.732663],[4.040822,49.7325],[4.04153,49.732241],[4.041885,49.732551],[4.045005,49.730522],[4.04531,49.73137],[4.050135,49.73265],[4.049759,49.73372],[4.051596,49.734283],[4.051926,49.734016],[4.054295,49.734388],[4.054378,49.73479],[4.056383,49.735619],[4.056849,49.73529],[4.060049,49.736102],[4.060514,49.735512],[4.060073,49.733138],[4.060363,49.731463],[4.060882,49.730422],[4.063069,49.727837],[4.0636,49.727906],[4.064715,49.726787],[4.0656,49.723525],[4.065235,49.72341],[4.065031,49.722819],[4.065196,49.722286],[4.065786,49.721844],[4.06615,49.721083],[4.066465,49.721197],[4.067342,49.720046],[4.067793,49.720017],[4.068295,49.718889],[4.069501,49.719009],[4.069858,49.719222],[4.069755,49.717321],[4.070138,49.716534],[4.072002,49.715086],[4.071356,49.714903],[4.071432,49.71465],[4.071066,49.71435],[4.069889,49.714123],[4.069625,49.713936],[4.069494,49.713117],[4.070865,49.710671],[4.071561,49.709802],[4.071385,49.709693],[4.071729,49.708993],[4.071693,49.708539],[4.073459,49.706605],[4.073987,49.706212],[4.074628,49.706281],[4.074629,49.705308],[4.076237,49.705851],[4.077529,49.705212],[4.079076,49.706642],[4.078876,49.708474],[4.081487,49.708995],[4.082654,49.709029],[4.084432,49.708829],[4.084314,49.708617],[4.09309,49.708762],[4.103434,49.706556],[4.104081,49.706174],[4.103704,49.705905],[4.105468,49.704701],[4.104818,49.704456],[4.104666,49.701972],[4.104886,49.700352],[4.105973,49.70037],[4.106227,49.699559],[4.107047,49.699791],[4.108258,49.695611],[4.104939,49.694691],[4.105772,49.693745],[4.105395,49.691434],[4.105861,49.691344],[4.105792,49.6887],[4.10528,49.688568],[4.105186,49.688064],[4.102434,49.688108],[4.101667,49.68574],[4.10235,49.685696],[4.103495,49.685916],[4.10336,49.686432],[4.10644,49.686667],[4.10746,49.686615],[4.114777,49.684178],[4.115809,49.684394],[4.117769,49.684086],[4.121518,49.682841],[4.122121,49.684285],[4.123379,49.684223],[4.123272,49.684104],[4.125319,49.684081],[4.126389,49.681771],[4.126897,49.679519],[4.127301,49.67575],[4.126134,49.673437],[4.125929,49.672369],[4.126212,49.67216],[4.125419,49.670354],[4.123959,49.665538],[4.122637,49.65971],[4.122303,49.659655],[4.122537,49.659084],[4.122257,49.659045],[4.12207,49.658246],[4.122299,49.656728],[4.123028,49.654448],[4.124666,49.654701],[4.125548,49.651069],[4.124512,49.649601],[4.123323,49.648778],[4.122905,49.648267],[4.122199,49.646293],[4.120167,49.643169],[4.119545,49.642524],[4.117694,49.641277]]]}},{"type":"Feature","properties":{"uai_primary":"0021490J","uai_all":"0021490J","is_merged":false},"geometry":{"type":"Polygon","coordinates":[[[3.454935,49.397666],[3.454945,49.397238],[3.453751,49.395227],[3.453913,49.394646],[3.456081,49.392699],[3.455957,49.392322],[3.456143,49.391889],[3.458449,49.388176],[3.451055,49.387074],[3.448104,49.38602],[3.445104,49.38388],[3.444035,49.382863],[3.441071,49.380618],[3.439295,49.378897],[3.438162,49.378192],[3.435656,49.376049],[3.432741,49.374185],[3.433135,49.373728],[3.432534,49.372568],[3.431229,49.371736],[3.431022,49.371132],[3.429629,49.369917],[3.426564,49.368513],[3.426954,49.368246],[3.426394,49.36808],[3.427955,49.363857],[3.432721,49.361994],[3.437279,49.357176],[3.43785,49.356999],[3.445813,49.352397],[3.441898,49.347646],[3.442813,49.347316],[3.443661,49.347386],[3.442278,49.346749],[3.440871,49.344973],[3.440273,49.345207],[3.440077,49.34499],[3.439235,49.345204],[3.438791,49.344873],[3.437783,49.345289],[3.436066,49.345566],[3.435222,49.345883],[3.434011,49.34496],[3.43321,49.345132],[3.432329,49.345596],[3.43087,49.344941],[3.431095,49.344781],[3.431044,49.34434],[3.43212,49.343813],[3.432327,49.343338],[3.432289,49.342192],[3.431825,49.341556],[3.431834,49.341157],[3.431313,49.340018],[3.431127,49.336865],[3.42981,49.333883],[3.428752,49.333],[3.427514,49.332808],[3.427681,49.331098],[3.429792,49.329001],[3.43039,49.323265],[3.429151,49.321089],[3.425795,49.32251],[3.42057,49.324059],[3.408275,49.32962],[3.404339,49.331125],[3.400385,49.332401],[3.393092,49.335443],[3.3921,49.335952],[3.393157,49.339259],[3.391809,49.339665],[3.389672,49.34098],[3.387525,49.338674],[3.380428,49.342228],[3.370053,49.344633],[3.368812,49.345194],[3.368147,49.34576],[3.366157,49.348282],[3.364418,49.34951],[3.363292,49.350037],[3.350635,49.362505],[3.351178,49.363166],[3.352179,49.363761],[3.353597,49.363303],[3.353861,49.364012],[3.354289,49.364053],[3.354482,49.364243],[3.354477,49.364717],[3.354062,49.364268],[3.352547,49.364299],[3.350662,49.36554],[3.350179,49.36642],[3.34925,49.367406],[3.345775,49.369184],[3.345662,49.369784],[3.34747,49.37232],[3.337497,49.374839],[3.338058,49.37511],[3.337836,49.376137],[3.338746,49.376525],[3.339028,49.377386],[3.339536,49.377601],[3.340825,49.37778],[3.340942,49.377991],[3.340413,49.378757],[3.344661,49.379102],[3.347453,49.379089],[3.349973,49.379645],[3.350504,49.379976],[3.352169,49.383098],[3.352623,49.383518],[3.354481,49.384508],[3.355073,49.385279],[3.355171,49.386168],[3.354284,49.387766],[3.354119,49.388441],[3.356005,49.39113],[3.356234,49.391887],[3.356113,49.393354],[3.356266,49.39378],[3.357656,49.394834],[3.357238,49.395308],[3.356638,49.395597],[3.356867,49.396109],[3.361473,49.395588],[3.366269,49.394486],[3.367615,49.398461],[3.371459,49.398072],[3.373772,49.397407],[3.375961,49.396427],[3.376947,49.396778],[3.380214,49.397403],[3.388901,49.403156],[3.390112,49.404777],[3.397286,49.410449],[3.404264,49.411811],[3.404624,49.408517],[3.404205,49.406863],[3.40533,49.407166],[3.412013,49.40294],[3.413637,49.403021],[3.416218,49.401494],[3.416572,49.40165],[3.419762,49.401963],[3.425887,49.401775],[3.429842,49.403047],[3.432466,49.405735],[3.433285,49.41239],[3.434894,49.417517],[3.434292,49.420161],[3.452935,49.414071],[3.455291,49.409715],[3.457956,49.405959],[3.457452,49.405186],[3.457175,49.404201],[3.455088,49.399798],[3.454935,49.397666]]]}},{"type":"Feature","properties":{"uai_primary":"0021491K","uai_all":"0021491K","is_merged":false},"geometry":{"type":"Polygon","coordinates":[[[3.288595,49.464786],[3.288604,49.464147],[3.298125,49.466717],[3.305984,49.469258],[3.30739,49.468531],[3.309821,49.467958],[3.31545,49.465844],[3.318793,49.464983],[3.322995,49.463667],[3.336001,49.458534],[3.339883,49.457799],[3.339938,49.456296],[3.345361,49.455764],[3.345347,49.456526],[3.34425,49.457011],[3.344432,49.457333],[3.347255,49.457545],[3.353023,49.456931],[3.357417,49.455467],[3.36067,49.454816],[3.3684,49.454979],[3.371161,49.454853],[3.372897,49.457603],[3.373977,49.458523],[3.375003,49.459123],[3.376089,49.461261],[3.376424,49.463116],[3.378702,49.463332],[3.385814,49.457946],[3.384952,49.455647],[3.387393,49.453689],[3.386613,49.45194],[3.386988,49.451101],[3.387455,49.450829],[3.387018,49.450507],[3.387803,49.449685],[3.38851,49.449929],[3.389339,49.448588],[3.389776,49.448507],[3.390929,49.447722],[3.390151,49.446911],[3.391001,49.4465],[3.391106,49.446214],[3.390623,49.445575],[3.38987,49.445002],[3.39011,49.444843],[3.391207,49.444321],[3.394808,49.443865],[3.396101,49.443189],[3.400101,49.444233],[3.400477,49.44397],[3.407235,49.447972],[3.408651,49.445423],[3.416625,49.438355],[3.419684,49.43721],[3.421441,49.436297],[3.421357,49.436039],[3.4216,49.435951],[3.420851,49.435124],[3.423346,49.434335],[3.425559,49.432483],[3.422216,49.42695],[3.426224,49.422632],[3.429781,49.421654],[3.434292,49.420161],[3.434894,49.417517],[3.433285,49.41239],[3.432466,49.405735],[3.430448,49.403527],[3.429842,49.403047],[3.425887,49.401775],[3.419762,49.401963],[3.416572,49.40165],[3.416218,49.401494],[3.413637,49.403021],[3.412013,49.40294],[3.40533,49.407166],[3.404205,49.406863],[3.404624,49.408517],[3.404264,49.411811],[3.397286,49.410449],[3.390112,49.404777],[3.388901,49.403156],[3.380214,49.397403],[3.376947,49.396778],[3.375961,49.396427],[3.373772,49.397407],[3.371459,49.398072],[3.367615,49.398461],[3.366269,49.394486],[3.361473,49.395588],[3.354728,49.396392],[3.352018,49.397513],[3.351213,49.398022],[3.342379,49.392267],[3.339463,49.39305],[3.335308,49.392797],[3.333515,49.392936],[3.332806,49.393227],[3.331682,49.394446],[3.331266,49.394441],[3.330602,49.395073],[3.330071,49.394977],[3.329723,49.39567],[3.329037,49.396011],[3.323757,49.39662],[3.321932,49.3966],[3.31933,49.397181],[3.318363,49.39698],[3.31406,49.395235],[3.310738,49.392906],[3.306752,49.391709],[3.299815,49.383164],[3.298591,49.383312],[3.298476,49.381474],[3.271018,49.382172],[3.254644,49.384764],[3.254168,49.386079],[3.256662,49.386843],[3.258866,49.387273],[3.259612,49.397368],[3.26012,49.398778],[3.259368,49.399871],[3.258122,49.402985],[3.256561,49.403089],[3.253905,49.402507],[3.253291,49.402165],[3.236558,49.40555],[3.235177,49.406334],[3.235003,49.408081],[3.234648,49.408939],[3.232197,49.409617],[3.23123,49.410105],[3.228251,49.410676],[3.22547,49.410997],[3.223694,49.411818],[3.222662,49.411871],[3.221986,49.41255],[3.220821,49.412873],[3.220093,49.413358],[3.219253,49.413433],[3.219654,49.413918],[3.218779,49.41419],[3.21914,49.415176],[3.219563,49.415712],[3.220606,49.416342],[3.220236,49.416712],[3.221547,49.417359],[3.222877,49.418807],[3.223858,49.419559],[3.224408,49.420988],[3.224111,49.421771],[3.22212,49.421831],[3.221304,49.422154],[3.215915,49.423232],[3.215518,49.423418],[3.218613,49.428628],[3.210282,49.43274],[3.207643,49.436844],[3.209459,49.438406],[3.211704,49.440746],[3.214606,49.442488],[3.215335,49.443178],[3.216026,49.445643],[3.216442,49.44573],[3.217717,49.447742],[3.217726,49.448281],[3.217389,49.448733],[3.216014,49.448931],[3.214769,49.448626],[3.213333,49.449348],[3.223903,49.454129],[3.226539,49.455142],[3.227543,49.455726],[3.228977,49.45591],[3.23087,49.45454],[3.231953,49.454727],[3.232554,49.454654],[3.233123,49.456121],[3.243689,49.457228],[3.244381,49.457209],[3.244872,49.456536],[3.246137,49.455469],[3.247757,49.454878],[3.24876,49.455409],[3.252586,49.455858],[3.253726,49.455845],[3.254535,49.455604],[3.254865,49.455638],[3.256764,49.45594],[3.258106,49.456449],[3.262051,49.456217],[3.262907,49.45636],[3.264506,49.456288],[3.265096,49.456501],[3.265851,49.456553],[3.267029,49.459682],[3.268458,49.462702],[3.268427,49.464518],[3.270252,49.464641],[3.274858,49.465768],[3.277548,49.46615],[3.288466,49.468592],[3.288595,49.464786]]]}},{"type":"Feature","properties":{"uai_primary":"0021492L","uai_all":"0021492L","is_merged":false},"geometry":{"type":"Polygon","coordinates":[[[3.294422,49.375448],[3.295854,49.37579],[3.301823,49.377812],[3.305453,49.378614],[3.306542,49.378471],[3.306873,49.378126],[3.30814,49.378327],[3.309216,49.378063],[3.310848,49.377132],[3.312027,49.378548],[3.31311,49.379004],[3.31409,49.378198],[3.314502,49.378225],[3.314537,49.378401],[3.313121,49.379023],[3.313126,49.3792],[3.313843,49.379118],[3.313653,49.379415],[3.31397,49.379872],[3.31455,49.379987],[3.314687,49.37982],[3.314811,49.379935],[3.314615,49.380036],[3.314634,49.380881],[3.317183,49.381707],[3.317727,49.381021],[3.318064,49.38099],[3.318385,49.380973],[3.319774,49.38167],[3.320288,49.38153],[3.320359,49.381188],[3.320761,49.380803],[3.320584,49.380509],[3.319856,49.380509],[3.319882,49.380245],[3.320266,49.379813],[3.320773,49.379685],[3.320907,49.37926],[3.320404,49.378472],[3.320648,49.378082],[3.321303,49.377693],[3.321288,49.377215],[3.32038,49.377451],[3.319679,49.37718],[3.318072,49.377136],[3.316861,49.376853],[3.316552,49.376993],[3.316128,49.376842],[3.316102,49.37615],[3.316376,49.375931],[3.316515,49.375344],[3.317015,49.375061],[3.316784,49.374563],[3.316909,49.374329],[3.317693,49.374405],[3.318071,49.374679],[3.318471,49.374456],[3.318859,49.374453],[3.321682,49.374733],[3.321266,49.373641],[3.322526,49.373323],[3.323651,49.372584],[3.324329,49.373142],[3.325229,49.372848],[3.325791,49.37301],[3.32656,49.374006],[3.327468,49.374343],[3.327988,49.374737],[3.328437,49.374768],[3.329314,49.374438],[3.328873,49.374109],[3.329016,49.37384],[3.329461,49.37379],[3.329136,49.373589],[3.329565,49.373161],[3.329908,49.370743],[3.329942,49.369642],[3.328012,49.365386],[3.323921,49.360812],[3.323158,49.357382],[3.32245,49.35743],[3.321771,49.358202],[3.321917,49.359078],[3.321166,49.35989],[3.320196,49.360157],[3.319418,49.360118],[3.317835,49.359845],[3.316753,49.359375],[3.314719,49.359813],[3.315348,49.360702],[3.316215,49.361426],[3.314439,49.3632],[3.314314,49.363511],[3.314509,49.364123],[3.308717,49.365015],[3.306883,49.365073],[3.306846,49.365295],[3.307588,49.366053],[3.30764,49.366705],[3.304867,49.366685],[3.303982,49.36626],[3.303237,49.366435],[3.302255,49.367503],[3.300422,49.367602],[3.299129,49.368516],[3.297591,49.370052],[3.293793,49.36945],[3.291299,49.368303],[3.290535,49.368531],[3.289928,49.368006],[3.289437,49.367942],[3.291636,49.373901],[3.292291,49.374781],[3.294422,49.375448]],[[3.32277,49.362524],[3.322788,49.361748],[3.323351,49.361817],[3.32361,49.361476],[3.323901,49.361566],[3.32423,49.36181],[3.324163,49.36222],[3.323516,49.36247],[3.32277,49.362524]]]}},{"type":"Feature","properties":{"uai_primary":"0021493M","uai_all":"0021493M","is_merged":false},"geometry":{"type":"Polygon","coordinates":[[[3.216764,49.611228],[3.216121,49.611233],[3.216407,49.611307],[3.216551,49.61162],[3.217285,49.61133],[3.216764,49.611228]],[[3.213945,49.615042],[3.213902,49.614874],[3.213945,49.615042]],[[3.226056,49.625277],[3.225806,49.625465],[3.22647,49.625774],[3.227172,49.625794],[3.226941,49.625437],[3.226056,49.625277]],[[3.229278,49.559839],[3.22762,49.55839],[3.222722,49.561753],[3.222137,49.562921],[3.225397,49.563339],[3.227363,49.566216],[3.230579,49.565737],[3.233133,49.56582],[3.233869,49.566039],[3.232971,49.56726],[3.230204,49.569577],[3.236288,49.570424],[3.235652,49.572523],[3.235895,49.573735],[3.236499,49.575113],[3.235156,49.575587],[3.234188,49.576203],[3.233157,49.576068],[3.232743,49.576221],[3.231255,49.575861],[3.230512,49.58063],[3.230027,49.581946],[3.229321,49.58184],[3.227523,49.585797],[3.225053,49.590494],[3.221819,49.591201],[3.221936,49.592749],[3.221129,49.593899],[3.219665,49.59445],[3.219147,49.594489],[3.218137,49.594091],[3.217816,49.594315],[3.213221,49.592454],[3.211871,49.59249],[3.211192,49.592078],[3.209636,49.593417],[3.208767,49.593122],[3.203294,49.598429],[3.203379,49.598579],[3.195001,49.594963],[3.191968,49.597536],[3.1911,49.597344],[3.189661,49.59743],[3.189305,49.597634],[3.188788,49.598494],[3.189108,49.59954],[3.187882,49.599425],[3.187164,49.600456],[3.185347,49.600405],[3.183912,49.600849],[3.182945,49.600955],[3.182868,49.600804],[3.181513,49.60114],[3.181489,49.602546],[3.181159,49.602962],[3.184037,49.603097],[3.184082,49.604205],[3.183602,49.606501],[3.183652,49.607847],[3.183303,49.609031],[3.182489,49.610078],[3.181582,49.610391],[3.179606,49.611601],[3.179701,49.611719],[3.178881,49.612912],[3.178344,49.612727],[3.176729,49.615334],[3.176508,49.615931],[3.176733,49.616366],[3.176038,49.616445],[3.175192,49.616296],[3.166067,49.613851],[3.159564,49.613265],[3.158745,49.613322],[3.158007,49.610816],[3.15697,49.609954],[3.156928,49.609187],[3.154335,49.609215],[3.146608,49.609838],[3.142823,49.609786],[3.136126,49.608534],[3.125115,49.605885],[3.125881,49.605215],[3.127194,49.603232],[3.122491,49.602082],[3.122042,49.603996],[3.120625,49.603235],[3.115956,49.607152],[3.115382,49.606715],[3.110071,49.6105],[3.109401,49.611496],[3.106983,49.613775],[3.109976,49.613362],[3.108664,49.615403],[3.107734,49.614623],[3.104635,49.61489],[3.103673,49.615576],[3.102813,49.615901],[3.102205,49.615684],[3.093595,49.622488],[3.106178,49.626524],[3.108589,49.628444],[3.112808,49.631314],[3.108468,49.636936],[3.110053,49.637021],[3.110273,49.637458],[3.111455,49.637943],[3.112188,49.638428],[3.113013,49.639371],[3.111363,49.640066],[3.111653,49.640454],[3.111904,49.641834],[3.109971,49.642049],[3.110228,49.642516],[3.110993,49.642328],[3.111259,49.642693],[3.110744,49.642978],[3.109651,49.643191],[3.109768,49.643592],[3.109451,49.643628],[3.109564,49.643907],[3.108405,49.644068],[3.108586,49.64485],[3.108041,49.644911],[3.108288,49.6456],[3.107545,49.64571],[3.10769,49.646949],[3.106443,49.647101],[3.10647,49.648061],[3.105535,49.649806],[3.105573,49.650139],[3.09645,49.65054],[3.097299,49.654088],[3.096892,49.654161],[3.097513,49.656802],[3.101964,49.65655],[3.104426,49.657569],[3.107997,49.658073],[3.10738,49.658748],[3.10792,49.658863],[3.106464,49.660886],[3.106163,49.66187],[3.106347,49.66218],[3.107484,49.662748],[3.108409,49.663795],[3.108636,49.664523],[3.11732,49.666832],[3.120965,49.660221],[3.127802,49.661848],[3.126525,49.667326],[3.127361,49.669567],[3.136632,49.668799],[3.140182,49.668154],[3.140218,49.668603],[3.141565,49.668628],[3.143057,49.669294],[3.143614,49.670127],[3.144237,49.670646],[3.145132,49.670997],[3.145341,49.670829],[3.145456,49.669179],[3.14606,49.668487],[3.146432,49.666878],[3.148982,49.667062],[3.149412,49.667343],[3.148415,49.667555],[3.148404,49.66822],[3.147621,49.669813],[3.149538,49.669875],[3.154239,49.669619],[3.155826,49.669339],[3.158234,49.66855],[3.159448,49.670078],[3.15828,49.670535],[3.15877,49.670846],[3.158574,49.671656],[3.15913,49.671696],[3.159327,49.671066],[3.160016,49.670927],[3.160366,49.671194],[3.160847,49.670966],[3.161335,49.671188],[3.162786,49.671088],[3.16095,49.673076],[3.162404,49.673791],[3.160866,49.674292],[3.16495,49.675133],[3.165732,49.674449],[3.166735,49.674667],[3.167474,49.6746],[3.168717,49.67269],[3.170748,49.671504],[3.171231,49.671379],[3.172303,49.669902],[3.173649,49.668669],[3.172722,49.666381],[3.173722,49.666289],[3.173918,49.665515],[3.174472,49.665556],[3.175754,49.663526],[3.176237,49.663523],[3.17574,49.662763],[3.176212,49.662041],[3.176355,49.660584],[3.178641,49.660186],[3.177418,49.659599],[3.178544,49.659428],[3.177927,49.657555],[3.178068,49.657035],[3.176222,49.656269],[3.179588,49.653286],[3.180494,49.653472],[3.180834,49.65283],[3.180275,49.65252],[3.181839,49.650892],[3.181191,49.64937],[3.181388,49.648695],[3.182684,49.646566],[3.183001,49.645093],[3.18359,49.643865],[3.186283,49.644088],[3.186958,49.642435],[3.188394,49.640615],[3.18937,49.638777],[3.19174,49.639084],[3.195432,49.640298],[3.198482,49.641097],[3.200714,49.64149],[3.201537,49.641125],[3.20216,49.641075],[3.203832,49.641872],[3.204176,49.641735],[3.204839,49.641863],[3.205144,49.641573],[3.205205,49.641189],[3.20696,49.641008],[3.20742,49.642311],[3.209591,49.642189],[3.214932,49.643139],[3.214732,49.6435],[3.219904,49.644831],[3.220488,49.643714],[3.220003,49.643596],[3.221115,49.639986],[3.222725,49.63889],[3.22224,49.635419],[3.218591,49.630416],[3.218285,49.628802],[3.21827,49.627248],[3.218491,49.626939],[3.219675,49.626508],[3.220054,49.626193],[3.220064,49.625906],[3.221569,49.625738],[3.220904,49.625425],[3.22074,49.625162],[3.218923,49.624639],[3.217723,49.623576],[3.216956,49.623476],[3.218745,49.622677],[3.218891,49.622313],[3.21872,49.621992],[3.219184,49.621946],[3.219116,49.621654],[3.219379,49.621556],[3.219108,49.621047],[3.219464,49.620869],[3.218616,49.620583],[3.218601,49.620365],[3.218177,49.620114],[3.218529,49.62007],[3.218431,49.61983],[3.218999,49.619488],[3.218282,49.619102],[3.219859,49.618511],[3.22022,49.618747],[3.221126,49.618694],[3.221078,49.618584],[3.219845,49.61844],[3.219184,49.6176],[3.220712,49.617902],[3.220925,49.617336],[3.21981,49.616251],[3.219059,49.616172],[3.218457,49.615835],[3.217942,49.61582],[3.217911,49.615692],[3.21861,49.6156],[3.218799,49.615431],[3.218061,49.615282],[3.217616,49.615633],[3.216936,49.61547],[3.21676,49.615263],[3.216097,49.615484],[3.216567,49.614989],[3.216563,49.614628],[3.216336,49.614425],[3.215256,49.614762],[3.215221,49.615104],[3.214437,49.615049],[3.214342,49.6149],[3.213807,49.61532],[3.2128,49.615165],[3.21284,49.614369],[3.212374,49.614025],[3.212707,49.613505],[3.212566,49.61301],[3.212761,49.612783],[3.214494,49.612308],[3.214136,49.611916],[3.215041,49.611864],[3.21579,49.611226],[3.215738,49.611077],[3.216938,49.610909],[3.217139,49.610735],[3.217744,49.610875],[3.217862,49.61051],[3.218494,49.610428],[3.21887,49.610948],[3.21914,49.610867],[3.219834,49.610006],[3.22033,49.609998],[3.220715,49.609577],[3.22041,49.609218],[3.220765,49.60885],[3.221263,49.608787],[3.2215,49.608603],[3.22204,49.608627],[3.221773,49.608164],[3.222559,49.60722],[3.222519,49.606752],[3.222802,49.606795],[3.223156,49.606568],[3.222936,49.606369],[3.223207,49.606302],[3.222504,49.605341],[3.22273,49.604273],[3.222011,49.602598],[3.222467,49.601204],[3.224029,49.600739],[3.224086,49.601031],[3.224455,49.601271],[3.225792,49.601298],[3.225754,49.602472],[3.22883,49.603803],[3.229656,49.604614],[3.230139,49.605442],[3.232206,49.604971],[3.233241,49.605485],[3.233951,49.60556],[3.234414,49.605416],[3.235543,49.604555],[3.236366,49.604456],[3.238552,49.604811],[3.239898,49.604665],[3.240184,49.604473],[3.240315,49.603977],[3.239554,49.602975],[3.239608,49.602355],[3.240094,49.601786],[3.240813,49.601474],[3.244302,49.601183],[3.247951,49.602053],[3.248931,49.602772],[3.249988,49.604029],[3.249847,49.604911],[3.250025,49.605437],[3.251754,49.606833],[3.252325,49.606939],[3.252943,49.606809],[3.253391,49.606567],[3.254095,49.605778],[3.254743,49.605681],[3.255003,49.605763],[3.255538,49.606563],[3.25828,49.607889],[3.260921,49.607609],[3.261539,49.608004],[3.262249,49.610314],[3.262958,49.610717],[3.263837,49.61069],[3.264197,49.610426],[3.263801,49.609653],[3.263912,49.60854],[3.264075,49.608038],[3.264686,49.607896],[3.26603,49.60794],[3.266975,49.608162],[3.267172,49.608453],[3.26662,49.60981],[3.267329,49.61024],[3.269368,49.610076],[3.271375,49.610459],[3.274156,49.610043],[3.275788,49.610145],[3.278866,49.61194],[3.280671,49.613337],[3.280826,49.613922],[3.280063,49.615057],[3.280521,49.615562],[3.28115,49.615629],[3.281941,49.610187],[3.282189,49.604186],[3.28191,49.602861],[3.281392,49.602214],[3.280796,49.601971],[3.280478,49.600959],[3.280694,49.600195],[3.282217,49.599375],[3.282545,49.598638],[3.283169,49.586377],[3.295674,49.588701],[3.299979,49.587468],[3.301358,49.587323],[3.304981,49.585273],[3.306616,49.584047],[3.307564,49.583042],[3.307942,49.581198],[3.303151,49.5798],[3.302429,49.579067],[3.301741,49.577688],[3.30114,49.57743],[3.302851,49.576605],[3.302575,49.576133],[3.301575,49.576055],[3.301098,49.575211],[3.302863,49.572091],[3.300168,49.570584],[3.29957,49.570836],[3.297336,49.570735],[3.291955,49.572471],[3.289772,49.573748],[3.2858,49.574679],[3.283715,49.574841],[3.284777,49.551402],[3.28431,49.551325],[3.26075,49.561362],[3.259219,49.560463],[3.257568,49.56079],[3.257248,49.560035],[3.258095,49.559155],[3.25434,49.558614],[3.254332,49.558209],[3.251705,49.558005],[3.251105,49.558788],[3.247841,49.557425],[3.246881,49.558063],[3.24523,49.556908],[3.244768,49.557904],[3.242852,49.560001],[3.242723,49.560539],[3.242036,49.560971],[3.241053,49.560601],[3.239905,49.560475],[3.239841,49.560088],[3.238746,49.559929],[3.237502,49.560163],[3.235503,49.559791],[3.232163,49.559679],[3.231779,49.559719],[3.230734,49.560301],[3.230078,49.561154],[3.22926,49.561388],[3.229278,49.559839]],[[3.212004,49.612947],[3.212488,49.613012],[3.21231,49.613108],[3.212004,49.612947]]]}},{"type":"Feature","properties":{"uai_primary":"0021494N","uai_all":"0021494N","is_merged":false},"geometry":{"type":"Polygon","coordinates":[[[3.200044,49.818302],[3.205154,49.821178],[3.210956,49.82199],[3.212285,49.821235],[3.211993,49.82658],[3.215711,49.826988],[3.216739,49.826713],[3.218149,49.82804],[3.215684,49.829852],[3.218277,49.830326],[3.216249,49.832423],[3.215617,49.837942],[3.222058,49.839833],[3.228121,49.841217],[3.231427,49.835318],[3.236813,49.829062],[3.240171,49.829774],[3.241063,49.828537],[3.243627,49.828697],[3.245013,49.827691],[3.245079,49.827554],[3.244665,49.827464],[3.244803,49.826944],[3.246056,49.827106],[3.249495,49.825084],[3.252462,49.823829],[3.252282,49.82361],[3.247104,49.822817],[3.24421,49.820954],[3.253441,49.820188],[3.253991,49.820478],[3.255086,49.821791],[3.256702,49.822639],[3.258464,49.824143],[3.259466,49.826271],[3.259569,49.827165],[3.259882,49.827411],[3.260521,49.827786],[3.266515,49.829868],[3.26771,49.830633],[3.26906,49.833721],[3.268884,49.834231],[3.270787,49.834677],[3.271457,49.834661],[3.275617,49.834009],[3.276143,49.833673],[3.277926,49.831497],[3.278394,49.831423],[3.279174,49.831838],[3.280577,49.831708],[3.281013,49.831836],[3.281182,49.832358],[3.282056,49.832377],[3.282467,49.832581],[3.282862,49.833266],[3.284576,49.833933],[3.287772,49.834519],[3.289348,49.835834],[3.290629,49.835353],[3.29099,49.836044],[3.291981,49.836522],[3.291753,49.835981],[3.291796,49.835014],[3.292159,49.83438],[3.292911,49.833712],[3.295007,49.832998],[3.300295,49.831855],[3.303351,49.830571],[3.300532,49.827704],[3.298655,49.825259],[3.303284,49.823863],[3.308191,49.8206],[3.309905,49.820047],[3.308049,49.817977],[3.309735,49.817458],[3.309287,49.816813],[3.309819,49.816571],[3.310489,49.813781],[3.313413,49.813712],[3.314313,49.81],[3.30911,49.812523],[3.305151,49.811055],[3.303486,49.810774],[3.301484,49.809543],[3.30279,49.807794],[3.297974,49.809056],[3.29739,49.808263],[3.297113,49.807042],[3.293221,49.807647],[3.292678,49.806417],[3.291266,49.806399],[3.291067,49.806079],[3.29152,49.805922],[3.290861,49.804992],[3.287517,49.80219],[3.288403,49.802015],[3.287967,49.799551],[3.285704,49.7999],[3.285643,49.799003],[3.28522,49.797985],[3.284003,49.798057],[3.282657,49.798461],[3.28185,49.796874],[3.277665,49.797858],[3.276295,49.798325],[3.272841,49.795787],[3.271834,49.79257],[3.269634,49.792012],[3.269711,49.789926],[3.264621,49.789971],[3.264351,49.789053],[3.261451,49.789913],[3.260284,49.786763],[3.257426,49.787902],[3.257206,49.786457],[3.250685,49.785257],[3.251876,49.784805],[3.250639,49.783762],[3.250445,49.783763],[3.250134,49.782951],[3.249758,49.782959],[3.249442,49.781833],[3.249017,49.78143],[3.250496,49.780535],[3.249662,49.779966],[3.249166,49.78011],[3.248641,49.77948],[3.248155,49.779484],[3.247834,49.779649],[3.246896,49.779651],[3.245915,49.779936],[3.245273,49.780326],[3.245099,49.780639],[3.244215,49.780097],[3.243507,49.780677],[3.243021,49.780511],[3.242173,49.781279],[3.240456,49.781891],[3.241189,49.782755],[3.239424,49.783031],[3.237131,49.783871],[3.236082,49.784439],[3.23571,49.784696],[3.237018,49.785977],[3.236602,49.786127],[3.236856,49.786484],[3.235061,49.786848],[3.235329,49.787187],[3.233914,49.787411],[3.232942,49.786872],[3.232996,49.787067],[3.229065,49.787847],[3.226226,49.787955],[3.225961,49.787803],[3.224761,49.787799],[3.226171,49.788975],[3.225046,49.790865],[3.22375,49.790424],[3.220198,49.791784],[3.219593,49.788977],[3.215798,49.788968],[3.214592,49.789393],[3.213884,49.789907],[3.213692,49.790416],[3.214226,49.791683],[3.21459,49.791833],[3.213622,49.792358],[3.213554,49.793009],[3.214583,49.793771],[3.214721,49.794379],[3.215187,49.794866],[3.21534,49.795347],[3.21615,49.796198],[3.211442,49.796997],[3.211343,49.796711],[3.211342,49.797229],[3.208472,49.798104],[3.206817,49.79877],[3.205915,49.79773],[3.2048,49.797932],[3.202087,49.7978],[3.199049,49.798089],[3.197537,49.798059],[3.197491,49.798359],[3.195452,49.798024],[3.195041,49.798746],[3.195904,49.798953],[3.195798,49.799558],[3.193134,49.79948],[3.192853,49.800326],[3.190269,49.800096],[3.189819,49.800453],[3.197578,49.808221],[3.198211,49.807978],[3.198899,49.808961],[3.199335,49.809232],[3.200378,49.809089],[3.200398,49.809446],[3.199937,49.809883],[3.20119,49.810456],[3.19994,49.812115],[3.199778,49.812595],[3.200239,49.815965],[3.201893,49.81615],[3.200473,49.818004],[3.200044,49.818302]]]}},{"type":"Feature","properties":{"uai_primary":"0021518P","uai_all":"0021518P","is_merged":false},"geometry":{"type":"Polygon","coordinates":[[[3.439833,49.713895],[3.441905,49.712824],[3.444476,49.713996],[3.447528,49.719286],[3.448833,49.721976],[3.453962,49.721901],[3.453777,49.72267],[3.453947,49.722759],[3.46036,49.723003],[3.460991,49.724067],[3.462947,49.725739],[3.464562,49.727479],[3.464982,49.727339],[3.463962,49.725834],[3.464971,49.725618],[3.466653,49.726744],[3.469218,49.726214],[3.472598,49.72396],[3.475776,49.720623],[3.476606,49.717569],[3.477328,49.715766],[3.476417,49.715281],[3.477767,49.713957],[3.477303,49.713007],[3.475076,49.711367],[3.475,49.710495],[3.475636,49.710413],[3.475611,49.707787],[3.474417,49.707577],[3.473922,49.704335],[3.473357,49.704254],[3.47351,49.702961],[3.475311,49.702947],[3.475205,49.701955],[3.475041,49.701927],[3.475308,49.700006],[3.477278,49.700219],[3.477343,49.698714],[3.477897,49.698703],[3.477867,49.693555],[3.47823,49.693303],[3.47814,49.693181],[3.476552,49.693355],[3.474408,49.693875],[3.470412,49.694206],[3.467371,49.692751],[3.467533,49.692046],[3.467107,49.691573],[3.468057,49.691306],[3.470297,49.691334],[3.471256,49.690612],[3.469531,49.690305],[3.464161,49.688154],[3.473281,49.676044],[3.472801,49.676111],[3.468953,49.674844],[3.469682,49.673392],[3.469193,49.673217],[3.47066,49.670643],[3.467177,49.669643],[3.467372,49.669102],[3.464027,49.667966],[3.465604,49.666303],[3.462625,49.664342],[3.459541,49.663354],[3.458839,49.662997],[3.458856,49.662212],[3.457997,49.661147],[3.458946,49.659643],[3.460275,49.66],[3.460834,49.658839],[3.463934,49.659299],[3.463954,49.658868],[3.465063,49.658863],[3.465154,49.657024],[3.463938,49.657989],[3.462744,49.657788],[3.463793,49.657314],[3.464202,49.656076],[3.465501,49.656238],[3.46608,49.654893],[3.467146,49.653257],[3.469193,49.651993],[3.470043,49.649784],[3.46666,49.650045],[3.463623,49.650967],[3.462937,49.651694],[3.460939,49.652236],[3.460667,49.651812],[3.45214,49.651531],[3.449671,49.649909],[3.450613,49.648133],[3.453386,49.645268],[3.456705,49.642747],[3.458021,49.643135],[3.462002,49.641651],[3.464936,49.641514],[3.473485,49.644399],[3.476513,49.640691],[3.46915,49.63897],[3.468615,49.637817],[3.463181,49.637357],[3.462906,49.637562],[3.460824,49.636741],[3.447361,49.633942],[3.446007,49.63383],[3.445771,49.633289],[3.444781,49.632655],[3.442453,49.632132],[3.438369,49.632306],[3.436785,49.632607],[3.432923,49.632751],[3.431396,49.633061],[3.430695,49.633596],[3.430367,49.633657],[3.428085,49.632526],[3.428064,49.632309],[3.428178,49.631945],[3.430929,49.630747],[3.436508,49.629306],[3.438277,49.62944],[3.439074,49.629919],[3.439897,49.629737],[3.44006,49.629273],[3.442927,49.627762],[3.445029,49.628137],[3.445335,49.628006],[3.440778,49.625072],[3.436584,49.621858],[3.434379,49.620718],[3.429888,49.619589],[3.426021,49.619722],[3.423399,49.620262],[3.423337,49.621183],[3.42138,49.622009],[3.421511,49.622188],[3.419016,49.622723],[3.419739,49.623371],[3.41968,49.623875],[3.419007,49.624875],[3.419023,49.626253],[3.418124,49.625506],[3.417763,49.625977],[3.418196,49.62685],[3.416949,49.627103],[3.415846,49.62571],[3.412368,49.626733],[3.414279,49.629995],[3.414831,49.629945],[3.415752,49.630969],[3.415134,49.6312],[3.41469,49.63309],[3.413879,49.633025],[3.414462,49.633947],[3.413096,49.634428],[3.415273,49.634477],[3.415904,49.63492],[3.413018,49.635799],[3.409807,49.636166],[3.409396,49.636987],[3.409069,49.638504],[3.409334,49.639348],[3.408859,49.641863],[3.40731,49.643862],[3.401094,49.641581],[3.400212,49.642442],[3.400007,49.64249],[3.398364,49.641799],[3.397815,49.642389],[3.396984,49.641957],[3.396633,49.641234],[3.395285,49.641587],[3.394627,49.640561],[3.39098,49.641445],[3.385897,49.640902],[3.385449,49.639776],[3.385302,49.638501],[3.384438,49.636697],[3.385098,49.635155],[3.385253,49.633689],[3.385807,49.633441],[3.379665,49.632186],[3.376376,49.632533],[3.37451,49.632013],[3.372603,49.63343],[3.374486,49.634223],[3.374519,49.635884],[3.37245,49.63505],[3.371891,49.635579],[3.37162,49.635461],[3.370986,49.635928],[3.369949,49.635564],[3.369681,49.635757],[3.368443,49.635021],[3.367133,49.635605],[3.366279,49.634823],[3.364803,49.635469],[3.364916,49.635645],[3.362135,49.636224],[3.362282,49.636627],[3.354924,49.639297],[3.354362,49.638265],[3.35121,49.639021],[3.350192,49.638679],[3.347612,49.637044],[3.347096,49.636471],[3.345247,49.635542],[3.344839,49.634859],[3.343424,49.635049],[3.341576,49.633153],[3.340939,49.633006],[3.33924,49.633184],[3.336845,49.633097],[3.320136,49.625321],[3.312826,49.632785],[3.312195,49.633246],[3.31197,49.633581],[3.312049,49.634323],[3.313242,49.635037],[3.313832,49.635],[3.314635,49.634462],[3.315368,49.63357],[3.317012,49.632898],[3.317657,49.633035],[3.318508,49.633515],[3.318662,49.633874],[3.318083,49.634236],[3.316667,49.634146],[3.315877,49.634394],[3.315556,49.634795],[3.315706,49.635662],[3.316456,49.636516],[3.317982,49.637131],[3.319033,49.637314],[3.319603,49.637256],[3.319859,49.636942],[3.319797,49.6365],[3.318523,49.63523],[3.318698,49.634689],[3.319278,49.634282],[3.319569,49.634212],[3.320242,49.634374],[3.320333,49.635278],[3.320898,49.635562],[3.323052,49.63454],[3.323559,49.634525],[3.324021,49.634737],[3.324582,49.6361],[3.325259,49.636773],[3.326012,49.63715],[3.327606,49.637269],[3.330099,49.643649],[3.33062,49.645486],[3.332723,49.646826],[3.332086,49.648012],[3.330947,49.649268],[3.330552,49.652809],[3.329196,49.654774],[3.328919,49.655481],[3.329096,49.656115],[3.326976,49.657022],[3.327089,49.65772],[3.328551,49.659417],[3.331004,49.660489],[3.329278,49.661904],[3.325621,49.664363],[3.321765,49.667395],[3.317248,49.670378],[3.315551,49.671818],[3.315264,49.672212],[3.315297,49.677622],[3.313016,49.679723],[3.312404,49.680069],[3.313307,49.680439],[3.310714,49.68267],[3.311422,49.683808],[3.312948,49.684593],[3.316033,49.686621],[3.318509,49.693968],[3.320712,49.699446],[3.32434,49.701111],[3.327881,49.698939],[3.329922,49.699271],[3.329917,49.699092],[3.332126,49.699069],[3.332317,49.698945],[3.333463,49.699046],[3.333489,49.699674],[3.334694,49.700163],[3.33561,49.699412],[3.352216,49.700842],[3.354439,49.701204],[3.358548,49.702343],[3.36249,49.703095],[3.363487,49.703102],[3.365931,49.702781],[3.367694,49.702879],[3.367442,49.703469],[3.366279,49.704521],[3.366378,49.704618],[3.36782,49.704195],[3.369383,49.704081],[3.369444,49.703648],[3.371716,49.703486],[3.372609,49.703676],[3.372966,49.702979],[3.374427,49.702911],[3.375115,49.702583],[3.375002,49.703261],[3.375249,49.704028],[3.374953,49.704474],[3.374321,49.70471],[3.373699,49.70525],[3.373412,49.706434],[3.372597,49.706721],[3.372152,49.707223],[3.370842,49.707789],[3.37184,49.708343],[3.376331,49.710075],[3.376387,49.710719],[3.379754,49.710882],[3.380137,49.71058],[3.380243,49.709851],[3.380872,49.709972],[3.387719,49.712141],[3.387486,49.712411],[3.391,49.714213],[3.390507,49.714858],[3.392155,49.715165],[3.392728,49.714354],[3.395183,49.714818],[3.395729,49.713614],[3.396688,49.713774],[3.39735,49.712524],[3.400613,49.713155],[3.403695,49.713895],[3.402105,49.716501],[3.410886,49.717595],[3.411248,49.717465],[3.418569,49.718267],[3.417854,49.719796],[3.423773,49.720877],[3.424837,49.720263],[3.42524,49.719762],[3.425703,49.71857],[3.42755,49.717201],[3.42942,49.71462],[3.430922,49.713547],[3.433329,49.714124],[3.439833,49.713895]]]}},{"type":"Feature","properties":{"uai_primary":"0021534G","uai_all":"0021534G","is_merged":false},"geometry":{"type":"Polygon","coordinates":[[[3.40322,49.838662],[3.400517,49.838169],[3.40138,49.836114],[3.399701,49.835661],[3.396459,49.834149],[3.395488,49.834424],[3.395128,49.835957],[3.394022,49.835855],[3.393653,49.833879],[3.392397,49.834155],[3.392064,49.831689],[3.390568,49.831688],[3.389845,49.829721],[3.390333,49.82886],[3.391758,49.828835],[3.391448,49.826654],[3.389214,49.826377],[3.389458,49.825091],[3.392097,49.825271],[3.392341,49.822911],[3.390016,49.821853],[3.388832,49.823369],[3.386095,49.823183],[3.383277,49.822239],[3.381162,49.823744],[3.380792,49.82372],[3.379865,49.822829],[3.379979,49.822524],[3.377587,49.819384],[3.377242,49.819309],[3.380245,49.818144],[3.378935,49.816876],[3.379133,49.81658],[3.379056,49.816034],[3.378069,49.815258],[3.376829,49.813329],[3.377541,49.813141],[3.377621,49.812846],[3.379604,49.812212],[3.379152,49.811373],[3.376576,49.811773],[3.375988,49.810613],[3.376011,49.810291],[3.375458,49.810431],[3.375553,49.811136],[3.374014,49.811319],[3.371092,49.812705],[3.369604,49.812114],[3.368967,49.812695],[3.368535,49.812811],[3.368379,49.812616],[3.366391,49.812927],[3.365112,49.81412],[3.362999,49.812557],[3.36216,49.812304],[3.361397,49.812366],[3.360076,49.812714],[3.356509,49.814316],[3.355642,49.815361],[3.354752,49.813803],[3.353745,49.814126],[3.353813,49.814293],[3.351611,49.814877],[3.351326,49.814623],[3.349126,49.815174],[3.348126,49.813696],[3.343887,49.814531],[3.343057,49.813291],[3.341151,49.813608],[3.329817,49.817086],[3.328834,49.817118],[3.330934,49.81558],[3.332993,49.814845],[3.332293,49.814143],[3.332706,49.813528],[3.332378,49.811914],[3.331349,49.812329],[3.329236,49.814024],[3.327918,49.812921],[3.328354,49.812535],[3.326159,49.811094],[3.323206,49.808802],[3.323843,49.808528],[3.322558,49.805904],[3.320003,49.807187],[3.320471,49.807844],[3.317735,49.808707],[3.316976,49.807927],[3.316576,49.808823],[3.314313,49.81],[3.313413,49.813712],[3.310489,49.813781],[3.309819,49.816571],[3.309287,49.816813],[3.309735,49.817458],[3.308049,49.817977],[3.309905,49.820047],[3.308191,49.8206],[3.303284,49.823863],[3.298655,49.825259],[3.300532,49.827704],[3.303269,49.830508],[3.310511,49.827622],[3.312866,49.828416],[3.310024,49.830226],[3.313748,49.831699],[3.314707,49.831905],[3.316041,49.831358],[3.316795,49.831554],[3.315482,49.832023],[3.317169,49.832357],[3.31797,49.831128],[3.31879,49.830781],[3.326759,49.834231],[3.324694,49.834691],[3.324672,49.835834],[3.323808,49.83606],[3.323535,49.836764],[3.322126,49.836557],[3.322014,49.837041],[3.318844,49.836775],[3.31694,49.837727],[3.316498,49.838196],[3.317875,49.83861],[3.317291,49.838945],[3.316115,49.842644],[3.315892,49.84262],[3.315547,49.843569],[3.315235,49.84352],[3.315009,49.844495],[3.3143,49.844447],[3.314126,49.845498],[3.315082,49.845893],[3.315024,49.845998],[3.316311,49.846287],[3.317838,49.8464],[3.319698,49.845906],[3.322343,49.845623],[3.322491,49.84608],[3.325664,49.846717],[3.328728,49.8469],[3.329218,49.846517],[3.329847,49.847206],[3.328578,49.848425],[3.327816,49.848706],[3.326412,49.848672],[3.325791,49.848812],[3.325382,49.849174],[3.325242,49.849603],[3.325426,49.850206],[3.327246,49.851539],[3.325813,49.852222],[3.323004,49.850674],[3.32171,49.849608],[3.320656,49.848988],[3.319255,49.84881],[3.318867,49.847992],[3.315748,49.849189],[3.313901,49.850623],[3.312623,49.850961],[3.312068,49.851569],[3.311907,49.852259],[3.313163,49.855907],[3.311612,49.857546],[3.311641,49.857892],[3.312439,49.858104],[3.314145,49.857803],[3.314658,49.858003],[3.314747,49.858582],[3.315189,49.858701],[3.314878,49.862657],[3.313951,49.863696],[3.31328,49.863862],[3.311412,49.863098],[3.311131,49.863101],[3.310934,49.864079],[3.310261,49.863933],[3.309478,49.863452],[3.307967,49.862936],[3.305772,49.862349],[3.302612,49.864215],[3.300925,49.86499],[3.300739,49.865837],[3.298271,49.865499],[3.297479,49.866387],[3.296506,49.867053],[3.293944,49.866987],[3.294694,49.867827],[3.29658,49.86927],[3.29435,49.870505],[3.292982,49.870306],[3.288792,49.87239],[3.288346,49.871441],[3.287416,49.871875],[3.285138,49.870768],[3.283581,49.87371],[3.282855,49.873523],[3.281023,49.876063],[3.277768,49.87854],[3.275575,49.879859],[3.274446,49.87942],[3.274499,49.880434],[3.278464,49.883459],[3.276525,49.884984],[3.273683,49.884941],[3.273634,49.886147],[3.270892,49.885553],[3.268883,49.88553],[3.266548,49.885175],[3.26609,49.887294],[3.266663,49.888864],[3.266612,49.891487],[3.265631,49.895794],[3.265056,49.896845],[3.263012,49.896834],[3.260357,49.904411],[3.257717,49.904291],[3.257104,49.904388],[3.256671,49.905176],[3.259391,49.906183],[3.258982,49.907237],[3.258775,49.907195],[3.258214,49.907869],[3.25652,49.907078],[3.256017,49.909863],[3.254612,49.909571],[3.252913,49.911854],[3.252603,49.91281],[3.250031,49.913184],[3.249667,49.91207],[3.248226,49.91256],[3.24744,49.912658],[3.245611,49.912055],[3.245401,49.914152],[3.241074,49.914298],[3.235298,49.916662],[3.233451,49.920104],[3.233178,49.920526],[3.23282,49.920448],[3.232465,49.921202],[3.229434,49.920533],[3.228241,49.921358],[3.230473,49.922307],[3.228275,49.923509],[3.228005,49.923937],[3.227224,49.923725],[3.226041,49.925514],[3.22667,49.925523],[3.227133,49.925872],[3.226407,49.926495],[3.224811,49.92932],[3.227865,49.93112],[3.225092,49.932889],[3.222584,49.935224],[3.222726,49.935837],[3.224848,49.937351],[3.225347,49.93821],[3.229443,49.937294],[3.232128,49.937648],[3.232361,49.939858],[3.233289,49.939865],[3.236065,49.938808],[3.237637,49.93892],[3.237974,49.938603],[3.239392,49.939482],[3.240301,49.938857],[3.24287,49.940338],[3.244285,49.939332],[3.246787,49.940385],[3.246437,49.940839],[3.24746,49.941108],[3.248218,49.939833],[3.249188,49.94017],[3.249775,49.939103],[3.251948,49.939549],[3.254544,49.936887],[3.255114,49.934127],[3.254864,49.934039],[3.257564,49.931908],[3.256109,49.93133],[3.254993,49.930667],[3.260063,49.926059],[3.264509,49.927997],[3.264786,49.927951],[3.266146,49.925374],[3.270979,49.927163],[3.273412,49.928448],[3.274037,49.928232],[3.278417,49.929795],[3.278656,49.930084],[3.278575,49.93027],[3.279889,49.930941],[3.280976,49.930191],[3.281035,49.929855],[3.283895,49.930685],[3.285185,49.93067],[3.287159,49.931452],[3.288919,49.931588],[3.290082,49.931493],[3.291668,49.933427],[3.29212,49.93511],[3.291603,49.935154],[3.292317,49.936177],[3.292674,49.937323],[3.291786,49.937725],[3.293149,49.939511],[3.297797,49.927928],[3.297911,49.927272],[3.294788,49.927068],[3.297199,49.921665],[3.298706,49.917536],[3.300411,49.917976],[3.301019,49.917765],[3.306808,49.914513],[3.310502,49.91632],[3.325506,49.924381],[3.326473,49.925089],[3.328044,49.922673],[3.329882,49.91923],[3.328636,49.918626],[3.329568,49.917796],[3.33003,49.916534],[3.328608,49.914597],[3.332452,49.916321],[3.333751,49.917255],[3.334248,49.916868],[3.336231,49.917638],[3.336824,49.916901],[3.339142,49.917367],[3.34102,49.914611],[3.340903,49.912903],[3.344214,49.912464],[3.346879,49.916253],[3.349343,49.915091],[3.350988,49.916226],[3.348068,49.91786],[3.350685,49.919078],[3.351871,49.919468],[3.352845,49.92024],[3.353917,49.91776],[3.354355,49.91789],[3.355744,49.916179],[3.355893,49.915614],[3.355482,49.915421],[3.355395,49.914355],[3.356671,49.912113],[3.357694,49.911094],[3.355747,49.911186],[3.355968,49.908347],[3.35692,49.90727],[3.356413,49.906979],[3.357622,49.904194],[3.35736,49.90234],[3.355833,49.902072],[3.356175,49.901333],[3.352411,49.900444],[3.354111,49.897395],[3.355092,49.897637],[3.355909,49.896223],[3.354804,49.895669],[3.354436,49.89251],[3.355273,49.892663],[3.356373,49.892653],[3.35732,49.892177],[3.355487,49.891012],[3.35635,49.889999],[3.357601,49.890391],[3.35858,49.890296],[3.359497,49.891006],[3.359822,49.890639],[3.360764,49.891085],[3.363131,49.888913],[3.361377,49.887758],[3.36309,49.886522],[3.363951,49.884449],[3.367151,49.884728],[3.366758,49.88264],[3.368325,49.882642],[3.370263,49.879808],[3.372725,49.881268],[3.37689,49.881805],[3.376994,49.882729],[3.378473,49.883105],[3.378751,49.883058],[3.380509,49.881564],[3.381857,49.882786],[3.38417,49.883056],[3.393618,49.884773],[3.394558,49.882983],[3.394706,49.881975],[3.395156,49.88178],[3.397035,49.881488],[3.396929,49.878809],[3.395677,49.874036],[3.397212,49.872453],[3.397774,49.870854],[3.399923,49.867752],[3.400742,49.865839],[3.402643,49.86401],[3.411649,49.865428],[3.412621,49.86577],[3.413762,49.866507],[3.415117,49.866135],[3.422189,49.86046],[3.427168,49.86214],[3.429108,49.862246],[3.430594,49.862847],[3.433066,49.863453],[3.443682,49.860852],[3.443827,49.861133],[3.446746,49.861668],[3.448345,49.859584],[3.449146,49.859708],[3.449534,49.855437],[3.44734,49.855649],[3.44719,49.855004],[3.444125,49.855533],[3.444533,49.854856],[3.442048,49.853894],[3.442386,49.853324],[3.439285,49.852251],[3.436809,49.850965],[3.431968,49.850338],[3.430681,49.85062],[3.431002,49.852873],[3.433232,49.853678],[3.432237,49.854962],[3.427931,49.854677],[3.424855,49.855201],[3.417278,49.852651],[3.419814,49.851912],[3.418199,49.85017],[3.416627,49.850779],[3.416897,49.850215],[3.414086,49.849598],[3.415237,49.848316],[3.409238,49.847594],[3.409465,49.847285],[3.41091,49.847229],[3.409854,49.845054],[3.409895,49.844259],[3.413061,49.843948],[3.412976,49.842828],[3.410341,49.84333],[3.408539,49.843227],[3.407985,49.84135],[3.407829,49.841382],[3.407259,49.840625],[3.40778,49.840399],[3.407861,49.840124],[3.40322,49.838662]]]}},{"type":"Feature","properties":{"uai_primary":"0021535H","uai_all":"0021535H","is_merged":false},"geometry":{"type":"Polygon","coordinates":[[[3.277308,49.351523],[3.277148,49.351112],[3.27684,49.350971],[3.275845,49.350872],[3.270447,49.350841],[3.271689,49.355722],[3.268814,49.355841],[3.269603,49.359758],[3.264239,49.363048],[3.251642,49.36514],[3.243653,49.363599],[3.236805,49.362469],[3.233889,49.358594],[3.231944,49.356942],[3.226795,49.354775],[3.224143,49.356448],[3.221272,49.354409],[3.214653,49.350387],[3.212796,49.352676],[3.21236,49.353836],[3.212257,49.354623],[3.212505,49.357039],[3.212216,49.358977],[3.211375,49.361609],[3.21158,49.362676],[3.210627,49.366501],[3.210851,49.368719],[3.216326,49.379271],[3.218468,49.382686],[3.2208,49.385266],[3.22304,49.386687],[3.224037,49.388615],[3.223199,49.38922],[3.222363,49.389538],[3.221429,49.389644],[3.223404,49.391912],[3.222277,49.392232],[3.219368,49.393924],[3.208512,49.396642],[3.209713,49.398675],[3.213207,49.398076],[3.214893,49.397997],[3.217284,49.398049],[3.222397,49.39854],[3.22332,49.398337],[3.225588,49.397423],[3.226901,49.397201],[3.228598,49.397246],[3.229826,49.397012],[3.232619,49.396154],[3.234268,49.395381],[3.235455,49.394418],[3.237681,49.393058],[3.238252,49.391415],[3.23877,49.390964],[3.241131,49.389685],[3.243435,49.388919],[3.247242,49.38682],[3.248552,49.386432],[3.251842,49.385824],[3.25321,49.385866],[3.254168,49.386079],[3.254644,49.384764],[3.27048,49.382242],[3.272331,49.382095],[3.298476,49.381474],[3.298591,49.383312],[3.299815,49.383164],[3.306752,49.391709],[3.310738,49.392906],[3.313505,49.394902],[3.315249,49.39581],[3.318363,49.39698],[3.31933,49.397181],[3.321932,49.3966],[3.323757,49.39662],[3.329037,49.396011],[3.329723,49.39567],[3.330071,49.394977],[3.330602,49.395073],[3.330939,49.394754],[3.330193,49.393957],[3.329685,49.392782],[3.329889,49.391391],[3.329556,49.389476],[3.329701,49.389167],[3.32941,49.387787],[3.329019,49.387338],[3.329988,49.38423],[3.328949,49.383708],[3.327922,49.38357],[3.327793,49.383307],[3.328396,49.382978],[3.327888,49.382827],[3.327613,49.383032],[3.327694,49.383249],[3.326838,49.383415],[3.326564,49.383268],[3.325901,49.383633],[3.325303,49.383086],[3.325352,49.382841],[3.32433,49.382106],[3.323641,49.382633],[3.323687,49.382908],[3.323352,49.383057],[3.322837,49.38274],[3.322502,49.38289],[3.322031,49.382806],[3.321878,49.382181],[3.321525,49.382019],[3.320989,49.382241],[3.320994,49.381871],[3.320379,49.381467],[3.319774,49.38167],[3.318385,49.380973],[3.317727,49.381021],[3.317183,49.381707],[3.314634,49.380881],[3.314284,49.380892],[3.313851,49.3803],[3.31397,49.379866],[3.313653,49.379415],[3.313843,49.379118],[3.313126,49.3792],[3.313121,49.379023],[3.314537,49.378401],[3.314502,49.378225],[3.31409,49.378198],[3.31311,49.379004],[3.312027,49.378548],[3.310848,49.377132],[3.309216,49.378063],[3.30814,49.378327],[3.306873,49.378126],[3.306542,49.378471],[3.305453,49.378614],[3.301823,49.377812],[3.295854,49.37579],[3.292291,49.374781],[3.291636,49.373901],[3.289437,49.367942],[3.288586,49.368122],[3.287977,49.367979],[3.285729,49.366607],[3.284657,49.366299],[3.280755,49.35935],[3.279196,49.357515],[3.278033,49.355428],[3.277647,49.354293],[3.277308,49.351523]]]}},{"type":"Feature","properties":{"uai_primary":"0021593W","uai_all":"0021593W","is_merged":false},"geometry":{"type":"Polygon","coordinates":[[[3.129959,49.706479],[3.129953,49.707326],[3.131047,49.711522],[3.139159,49.717742],[3.131854,49.723579],[3.12878,49.725266],[3.129168,49.725476],[3.129029,49.725998],[3.126931,49.730539],[3.126778,49.736446],[3.13012,49.738975],[3.130757,49.739039],[3.13124,49.738716],[3.13204,49.740195],[3.132918,49.740172],[3.13436,49.739832],[3.135895,49.740151],[3.136114,49.740017],[3.135918,49.739205],[3.137475,49.738687],[3.136903,49.738006],[3.13699,49.737623],[3.137684,49.73718],[3.139284,49.737315],[3.140445,49.736887],[3.140998,49.736943],[3.142589,49.737651],[3.143801,49.738663],[3.145249,49.738345],[3.146285,49.738482],[3.148077,49.738964],[3.149467,49.739793],[3.151127,49.740211],[3.151897,49.740148],[3.153303,49.741412],[3.153349,49.741582],[3.152515,49.74217],[3.153568,49.742912],[3.15362,49.743272],[3.152796,49.743537],[3.15273,49.743795],[3.153669,49.744303],[3.153793,49.744546],[3.153268,49.745019],[3.153896,49.745829],[3.154193,49.745965],[3.154947,49.745611],[3.155547,49.745654],[3.155251,49.746447],[3.155963,49.746435],[3.156384,49.746689],[3.157204,49.746803],[3.157007,49.747473],[3.157161,49.747719],[3.158542,49.747685],[3.158973,49.747845],[3.159591,49.748227],[3.159792,49.748632],[3.160752,49.749193],[3.160332,49.749849],[3.158912,49.750084],[3.159258,49.751003],[3.158702,49.751436],[3.154832,49.752975],[3.153992,49.753736],[3.152289,49.754669],[3.151884,49.755666],[3.151246,49.756138],[3.150854,49.756818],[3.150739,49.757708],[3.148957,49.760799],[3.148623,49.761748],[3.140366,49.760716],[3.138791,49.762886],[3.139108,49.763629],[3.140268,49.764932],[3.13179,49.766336],[3.13189,49.772729],[3.132387,49.776396],[3.132092,49.780041],[3.130591,49.780444],[3.131166,49.781517],[3.131509,49.781808],[3.133086,49.781511],[3.133973,49.782214],[3.134287,49.781922],[3.1353,49.78226],[3.135135,49.782782],[3.136085,49.783159],[3.136039,49.783736],[3.138319,49.783699],[3.138517,49.78421],[3.148467,49.78582],[3.147515,49.786197],[3.147521,49.786916],[3.150874,49.786521],[3.151602,49.786903],[3.154762,49.78654],[3.155248,49.787012],[3.155288,49.78745],[3.156127,49.785985],[3.167637,49.786908],[3.165705,49.789781],[3.177305,49.797316],[3.178342,49.797077],[3.179682,49.799283],[3.185553,49.797761],[3.188326,49.801818],[3.190269,49.800096],[3.192853,49.800326],[3.193134,49.79948],[3.195798,49.799558],[3.195904,49.798953],[3.195041,49.798746],[3.195452,49.798024],[3.197491,49.798359],[3.197537,49.798059],[3.199049,49.798089],[3.202087,49.7978],[3.2048,49.797932],[3.205915,49.79773],[3.206817,49.79877],[3.208472,49.798104],[3.211342,49.797229],[3.211343,49.796711],[3.211442,49.796997],[3.21615,49.796198],[3.21534,49.795347],[3.215187,49.794866],[3.214721,49.794379],[3.214583,49.793771],[3.213554,49.793009],[3.213622,49.792358],[3.21459,49.791833],[3.214226,49.791683],[3.213692,49.790416],[3.213884,49.789907],[3.214592,49.789393],[3.215798,49.788968],[3.219593,49.788977],[3.220198,49.791784],[3.22375,49.790424],[3.225046,49.790865],[3.226171,49.788975],[3.224761,49.787799],[3.225961,49.787803],[3.226226,49.787955],[3.229065,49.787847],[3.232996,49.787067],[3.232942,49.786872],[3.233914,49.787411],[3.235329,49.787187],[3.235061,49.786848],[3.236856,49.786484],[3.236602,49.786127],[3.237018,49.785977],[3.23571,49.784696],[3.236082,49.784439],[3.237131,49.783871],[3.239424,49.783031],[3.241189,49.782755],[3.240456,49.781891],[3.242173,49.781279],[3.243021,49.780511],[3.243507,49.780677],[3.244215,49.780097],[3.245099,49.780639],[3.245273,49.780326],[3.245915,49.779936],[3.246896,49.779651],[3.246916,49.778486],[3.247812,49.777536],[3.246819,49.776618],[3.245117,49.773996],[3.246128,49.773407],[3.246305,49.77353],[3.247739,49.772591],[3.247953,49.771159],[3.247422,49.771109],[3.247614,49.7702],[3.247759,49.77021],[3.248667,49.768481],[3.248948,49.766149],[3.25254,49.767763],[3.253689,49.765933],[3.252425,49.7607],[3.251397,49.758502],[3.252703,49.758309],[3.250642,49.751045],[3.252092,49.751428],[3.253462,49.750272],[3.258315,49.750029],[3.263265,49.750485],[3.263827,49.751379],[3.267424,49.750197],[3.267841,49.750901],[3.270604,49.753179],[3.271958,49.754594],[3.272924,49.75524],[3.27373,49.755516],[3.275206,49.729474],[3.277554,49.729276],[3.27758,49.729393],[3.278903,49.729751],[3.278936,49.729037],[3.280892,49.729109],[3.283518,49.729419],[3.284814,49.72971],[3.285713,49.728653],[3.286627,49.728959],[3.287668,49.729002],[3.288692,49.728652],[3.288741,49.729224],[3.289263,49.729076],[3.289645,49.729785],[3.291955,49.729064],[3.292072,49.729317],[3.29345,49.729211],[3.294517,49.728784],[3.294773,49.728429],[3.296049,49.729218],[3.296276,49.729136],[3.296406,49.727685],[3.297649,49.727155],[3.299453,49.724014],[3.302825,49.723931],[3.302822,49.723538],[3.304058,49.723489],[3.305359,49.723802],[3.310264,49.723638],[3.314233,49.723258],[3.321012,49.723189],[3.320916,49.718442],[3.321162,49.715192],[3.320562,49.71279],[3.321072,49.709762],[3.322321,49.70712],[3.321382,49.705498],[3.321371,49.704738],[3.322047,49.702842],[3.323168,49.701379],[3.323205,49.70056],[3.320712,49.699446],[3.318798,49.69903],[3.317508,49.699363],[3.314672,49.69466],[3.312411,49.694649],[3.300821,49.699748],[3.302561,49.700024],[3.303165,49.700613],[3.302831,49.701318],[3.307263,49.701896],[3.309319,49.702982],[3.306407,49.70654],[3.306497,49.70678],[3.305814,49.707664],[3.305817,49.708404],[3.30457,49.709149],[3.301841,49.708988],[3.301592,49.709502],[3.300565,49.709623],[3.290149,49.703894],[3.290512,49.702306],[3.291435,49.700118],[3.280318,49.705179],[3.276147,49.70455],[3.274684,49.704155],[3.273435,49.7053],[3.274206,49.705614],[3.272861,49.706187],[3.270315,49.707805],[3.269118,49.707213],[3.268,49.708162],[3.265113,49.706777],[3.263588,49.705133],[3.263132,49.704025],[3.260925,49.701941],[3.25885,49.701932],[3.256307,49.70031],[3.25661,49.697513],[3.25342,49.695669],[3.25467,49.694268],[3.257477,49.691738],[3.266282,49.694275],[3.266982,49.694645],[3.267511,49.693835],[3.267347,49.693238],[3.268973,49.690521],[3.269404,49.688887],[3.269956,49.684208],[3.270688,49.682807],[3.270744,49.682037],[3.27137,49.681143],[3.271358,49.680918],[3.270403,49.680007],[3.271867,49.675852],[3.268124,49.672623],[3.267222,49.67245],[3.263567,49.667739],[3.261907,49.667998],[3.25994,49.668637],[3.258312,49.668873],[3.250936,49.668712],[3.249879,49.667597],[3.248554,49.667068],[3.245046,49.665074],[3.244684,49.664007],[3.24566,49.663204],[3.246086,49.662348],[3.245855,49.659985],[3.245227,49.65964],[3.243731,49.6596],[3.242951,49.659404],[3.241711,49.66042],[3.241528,49.661822],[3.239152,49.664309],[3.238027,49.667291],[3.237404,49.667205],[3.236208,49.669065],[3.233126,49.66872],[3.233073,49.668961],[3.230372,49.669152],[3.227014,49.667875],[3.22586,49.668593],[3.222237,49.667991],[3.22089,49.669324],[3.220797,49.671468],[3.218579,49.671608],[3.217648,49.670683],[3.216346,49.670941],[3.216776,49.671455],[3.211742,49.673438],[3.206457,49.674477],[3.201609,49.678454],[3.201431,49.679119],[3.202779,49.679786],[3.202048,49.68074],[3.19926,49.680044],[3.195998,49.680177],[3.195807,49.680403],[3.194848,49.680073],[3.193527,49.680067],[3.193352,49.681247],[3.18853,49.681294],[3.18817,49.680557],[3.186095,49.680732],[3.177927,49.678355],[3.175676,49.678124],[3.172997,49.676655],[3.173281,49.676223],[3.171713,49.675893],[3.171049,49.674053],[3.173024,49.673847],[3.175253,49.674082],[3.175292,49.673972],[3.176458,49.673924],[3.180442,49.672413],[3.182161,49.67087],[3.180193,49.670934],[3.179774,49.670242],[3.179469,49.670253],[3.179144,49.669253],[3.178644,49.669522],[3.178015,49.669624],[3.172664,49.669673],[3.172303,49.669902],[3.171231,49.671379],[3.170748,49.671504],[3.168717,49.67269],[3.167474,49.6746],[3.166735,49.674667],[3.165732,49.674449],[3.16495,49.675133],[3.160866,49.674292],[3.162404,49.673791],[3.16095,49.673076],[3.162786,49.671088],[3.161335,49.671188],[3.160847,49.670966],[3.160366,49.671194],[3.160016,49.670927],[3.159327,49.671066],[3.15913,49.671696],[3.158574,49.671656],[3.15877,49.670846],[3.15828,49.670535],[3.159448,49.670078],[3.158234,49.66855],[3.155826,49.669339],[3.154239,49.669619],[3.149538,49.669875],[3.147621,49.669813],[3.148404,49.66822],[3.148415,49.667555],[3.149412,49.667343],[3.148982,49.667062],[3.146432,49.666878],[3.14606,49.668487],[3.145456,49.669179],[3.145341,49.670829],[3.145132,49.670997],[3.144237,49.670646],[3.143614,49.670127],[3.143057,49.669294],[3.141565,49.668628],[3.140218,49.668603],[3.140182,49.668154],[3.136632,49.668799],[3.127361,49.669567],[3.125101,49.67284],[3.124185,49.676891],[3.119737,49.679101],[3.118911,49.679319],[3.115491,49.681226],[3.115039,49.681892],[3.115197,49.68194],[3.115004,49.682314],[3.115258,49.682688],[3.114354,49.683737],[3.115975,49.68411],[3.116044,49.68595],[3.120292,49.687383],[3.122049,49.688272],[3.122864,49.689737],[3.122563,49.690615],[3.124037,49.692456],[3.123859,49.6926],[3.124472,49.69293],[3.124743,49.69356],[3.124949,49.696104],[3.126365,49.696672],[3.123796,49.698829],[3.122239,49.701849],[3.118317,49.705969],[3.123117,49.705552],[3.125615,49.705635],[3.125823,49.706196],[3.129959,49.706479]]]}},{"type":"Feature","properties":{"uai_primary":"0021595Y","uai_all":"0021595Y","is_merged":false},"geometry":{"type":"Polygon","coordinates":[[[3.886922,50.009885],[3.887429,50.009552],[3.89266,50.00936],[3.893486,50.010752],[3.893534,50.013731],[3.895295,50.015656],[3.897617,50.015941],[3.899374,50.016457],[3.902442,50.016552],[3.90281,50.016905],[3.904336,50.017685],[3.904299,50.017882],[3.906493,50.018655],[3.907131,50.019398],[3.907809,50.019352],[3.909136,50.019818],[3.910645,50.020054],[3.91167,50.020576],[3.914452,50.020095],[3.914748,50.020748],[3.915507,50.021278],[3.916124,50.0216],[3.918479,50.022227],[3.922749,50.026358],[3.922534,50.026758],[3.929068,50.026129],[3.929889,50.025669],[3.934901,50.027265],[3.94053,50.028538],[3.944277,50.030195],[3.944905,50.030231],[3.947399,50.029291],[3.948313,50.029549],[3.949412,50.027276],[3.94996,50.026609],[3.952698,50.029401],[3.956543,50.031505],[3.956599,50.031961],[3.956993,50.031994],[3.957305,50.032287],[3.958566,50.032831],[3.960071,50.033152],[3.961493,50.033265],[3.963261,50.033853],[3.963731,50.033859],[3.964774,50.034712],[3.967865,50.036423],[3.968633,50.037359],[3.969177,50.037681],[3.969986,50.03775],[3.970413,50.037935],[3.971903,50.03758],[3.972012,50.037365],[3.971676,50.03681],[3.971798,50.036585],[3.972777,50.036977],[3.973323,50.036939],[3.982316,50.044428],[3.990488,50.040961],[3.995045,50.029997],[3.995613,50.028039],[3.995398,50.026601],[3.989894,50.01899],[3.988634,50.016663],[3.986434,50.01367],[3.986839,50.013413],[3.984374,50.011271],[3.984826,50.011097],[3.982941,50.008022],[3.982332,50.006183],[3.979903,50.002773],[3.979734,50.002086],[3.979819,50.000572],[3.981082,49.993657],[3.984252,49.994607],[3.988882,49.995217],[3.993684,49.995611],[4.005341,49.996133],[4.006013,49.994723],[4.006343,49.994488],[4.006531,49.993663],[4.00838,49.991598],[4.008804,49.991559],[4.009522,49.990717],[4.009602,49.990063],[4.009344,49.989627],[4.009729,49.988651],[4.010114,49.988217],[4.010119,49.987675],[4.010545,49.987432],[4.01197,49.985524],[4.01305,49.985778],[4.021661,49.986223],[4.020822,49.984776],[4.024871,49.983821],[4.028341,49.982819],[4.031782,49.982406],[4.023515,49.977271],[4.021762,49.975662],[4.020178,49.973015],[4.02118,49.9729],[4.020696,49.9702],[4.020153,49.969707],[4.016875,49.968095],[4.016102,49.966107],[4.015169,49.965012],[4.014404,49.963578],[4.012119,49.956156],[4.023107,49.94263],[4.022524,49.942492],[4.021461,49.941687],[4.02062,49.941308],[4.019418,49.940081],[4.017629,49.939191],[4.015978,49.938005],[4.015276,49.937267],[4.014966,49.936191],[4.0124,49.936811],[4.012092,49.936051],[4.01219,49.934717],[4.013466,49.93276],[4.010891,49.932165],[4.008095,49.93247],[4.006313,49.932358],[4.006317,49.931562],[4.005522,49.931216],[4.004349,49.930392],[4.004253,49.929387],[4.005079,49.926316],[4.005544,49.923318],[4.003924,49.92306],[4.002199,49.92337],[4.001712,49.923612],[4.001334,49.923555],[3.999829,49.924027],[3.998791,49.925003],[3.998259,49.925205],[3.997722,49.925249],[3.997583,49.924861],[3.997229,49.924851],[3.994795,49.925907],[3.992954,49.927176],[3.991564,49.927058],[3.991818,49.927811],[3.990357,49.927366],[3.990198,49.928512],[3.989311,49.929167],[3.987126,49.928555],[3.986804,49.928949],[3.984606,49.930159],[3.983121,49.930767],[3.981629,49.930871],[3.980495,49.93074],[3.980457,49.930413],[3.980171,49.930366],[3.979589,49.929476],[3.978754,49.928842],[3.978917,49.927893],[3.979557,49.928036],[3.979884,49.927736],[3.979401,49.927437],[3.979358,49.92637],[3.980124,49.92494],[3.98018,49.924474],[3.977323,49.923928],[3.976766,49.923566],[3.977358,49.922739],[3.97633,49.921363],[3.976396,49.921047],[3.977056,49.920342],[3.978138,49.919562],[3.979324,49.918964],[3.979468,49.918722],[3.980057,49.918777],[3.98029,49.9186],[3.979467,49.918351],[3.979944,49.918007],[3.980602,49.917964],[3.980895,49.916878],[3.98063,49.916474],[3.980651,49.916039],[3.981551,49.914736],[3.982032,49.914448],[3.982677,49.913646],[3.98282,49.912711],[3.983334,49.912687],[3.983544,49.911116],[3.98329,49.909774],[3.981084,49.909036],[3.983129,49.908849],[3.982979,49.9077],[3.986869,49.907376],[3.990794,49.907907],[3.991881,49.905576],[3.992248,49.903481],[3.991259,49.903129],[3.989012,49.902713],[3.987347,49.902781],[3.985883,49.902666],[3.984971,49.902409],[3.978826,49.902007],[3.977146,49.901671],[3.972993,49.900469],[3.969301,49.90025],[3.966838,49.899744],[3.963293,49.899747],[3.960819,49.900633],[3.960206,49.901054],[3.959739,49.901644],[3.960118,49.902728],[3.96076,49.903113],[3.959693,49.903702],[3.958199,49.903862],[3.957412,49.903719],[3.952776,49.901737],[3.951514,49.901394],[3.948025,49.900992],[3.947177,49.901003],[3.946881,49.903253],[3.944262,49.903369],[3.941401,49.903826],[3.93989,49.901378],[3.938529,49.900554],[3.93797,49.900744],[3.935674,49.8982],[3.93319,49.897342],[3.93127,49.897086],[3.93056,49.895369],[3.93061,49.89453],[3.929199,49.89163],[3.929303,49.890843],[3.928865,49.890115],[3.927906,49.886517],[3.928214,49.882825],[3.928041,49.882094],[3.929205,49.880052],[3.929994,49.879289],[3.932191,49.875164],[3.932655,49.87471],[3.933518,49.872495],[3.933809,49.871148],[3.931448,49.87118],[3.930402,49.871059],[3.926537,49.87013],[3.923603,49.869585],[3.921443,49.869389],[3.906137,49.869596],[3.903789,49.870031],[3.897719,49.871914],[3.890222,49.874705],[3.89005,49.877858],[3.889609,49.880498],[3.888827,49.882869],[3.887976,49.884555],[3.876685,49.885337],[3.875081,49.88477],[3.874741,49.885009],[3.86804,49.883425],[3.86397,49.882619],[3.861517,49.881955],[3.856158,49.881007],[3.851287,49.880706],[3.848438,49.880837],[3.847668,49.881137],[3.846519,49.881316],[3.844611,49.880875],[3.843746,49.880821],[3.841235,49.881574],[3.839342,49.881598],[3.838827,49.881468],[3.836104,49.88149],[3.834795,49.881222],[3.832052,49.880204],[3.830557,49.880448],[3.827832,49.880443],[3.827378,49.878759],[3.826747,49.878445],[3.82534,49.879268],[3.824167,49.879277],[3.822818,49.880393],[3.821208,49.882082],[3.821296,49.882723],[3.820975,49.883368],[3.821383,49.883653],[3.821519,49.884152],[3.820824,49.884481],[3.820594,49.885093],[3.819663,49.885626],[3.818692,49.885866],[3.817736,49.886453],[3.816726,49.8868],[3.816111,49.887697],[3.815317,49.887837],[3.814369,49.888536],[3.813161,49.888823],[3.81315,49.888329],[3.81036,49.886559],[3.806771,49.885262],[3.801755,49.881228],[3.801057,49.880937],[3.798356,49.878603],[3.798692,49.875764],[3.800047,49.870206],[3.795262,49.868659],[3.797243,49.866294],[3.798045,49.865211],[3.797989,49.865023],[3.787792,49.86694],[3.784264,49.867887],[3.781769,49.868905],[3.779984,49.869314],[3.778845,49.870755],[3.778465,49.871696],[3.774695,49.87383],[3.77319,49.874942],[3.770303,49.879112],[3.767286,49.882253],[3.767226,49.88377],[3.766901,49.883647],[3.765766,49.884976],[3.764965,49.884633],[3.764489,49.885576],[3.765092,49.885742],[3.765151,49.885978],[3.760131,49.890542],[3.758833,49.892262],[3.758798,49.893451],[3.758415,49.893445],[3.757971,49.897991],[3.757747,49.898332],[3.75831,49.899367],[3.757752,49.901415],[3.757781,49.90207],[3.75798,49.902733],[3.758649,49.902989],[3.758539,49.903822],[3.757781,49.90447],[3.75771,49.904934],[3.758105,49.905128],[3.7585,49.904917],[3.759345,49.905294],[3.76001,49.905238],[3.760731,49.905656],[3.761534,49.905615],[3.76192,49.905196],[3.762625,49.904961],[3.762845,49.905221],[3.76224,49.90603],[3.762701,49.906296],[3.763109,49.906212],[3.76335,49.905681],[3.764201,49.905639],[3.764302,49.906053],[3.763584,49.906722],[3.763986,49.908108],[3.764659,49.907919],[3.765513,49.906981],[3.765656,49.906409],[3.766435,49.906411],[3.768691,49.906855],[3.769395,49.90724],[3.769506,49.907574],[3.768418,49.908666],[3.768436,49.908952],[3.76866,49.909065],[3.769629,49.908902],[3.770429,49.908438],[3.772131,49.908943],[3.772605,49.909552],[3.772439,49.910804],[3.77284,49.911309],[3.773873,49.911354],[3.775568,49.910941],[3.775691,49.910742],[3.7768,49.910534],[3.77849,49.911353],[3.779351,49.912186],[3.78002,49.912069],[3.781329,49.912515],[3.7825,49.913513],[3.784022,49.913829],[3.784582,49.913645],[3.785086,49.913667],[3.784946,49.914746],[3.78528,49.917146],[3.78518,49.917873],[3.785076,49.918527],[3.784884,49.91845],[3.784669,49.918563],[3.784246,49.919578],[3.785251,49.919782],[3.785092,49.920263],[3.784871,49.920191],[3.784559,49.920832],[3.785777,49.920844],[3.784888,49.922948],[3.785242,49.923176],[3.787419,49.923297],[3.78764,49.923436],[3.787384,49.92365],[3.787537,49.923806],[3.789287,49.92387],[3.790335,49.924057],[3.791105,49.924653],[3.79278,49.925443],[3.79417,49.926599],[3.794742,49.927503],[3.79406,49.927663],[3.793231,49.929224],[3.793339,49.929344],[3.797218,49.931519],[3.798125,49.931918],[3.799462,49.932165],[3.801528,49.93293],[3.802624,49.933662],[3.802526,49.933873],[3.801426,49.934066],[3.800319,49.934526],[3.799794,49.934816],[3.799825,49.934979],[3.800811,49.935656],[3.8007,49.936641],[3.803524,49.937233],[3.803461,49.937487],[3.805554,49.938008],[3.805228,49.939375],[3.804039,49.940694],[3.804761,49.941016],[3.805164,49.94258],[3.805088,49.943347],[3.803802,49.944279],[3.802129,49.946263],[3.800694,49.946507],[3.800174,49.94687],[3.800179,49.947975],[3.799764,49.948578],[3.805612,49.953247],[3.802945,49.954937],[3.801921,49.957184],[3.802468,49.958083],[3.804326,49.959129],[3.80392,49.960006],[3.80447,49.960667],[3.804517,49.963761],[3.806017,49.964747],[3.808666,49.966052],[3.809155,49.966698],[3.809066,49.967857],[3.809303,49.968212],[3.811292,49.969009],[3.812935,49.969231],[3.814617,49.969652],[3.816305,49.969642],[3.816814,49.970482],[3.818169,49.971329],[3.819274,49.971032],[3.820718,49.971767],[3.82172,49.972509],[3.822008,49.972497],[3.822333,49.972709],[3.822569,49.973218],[3.823218,49.973746],[3.824321,49.973564],[3.826839,49.973818],[3.828057,49.974654],[3.829764,49.975024],[3.830755,49.975031],[3.832109,49.974755],[3.832565,49.974829],[3.833179,49.975016],[3.833276,49.975251],[3.834052,49.975474],[3.834372,49.975791],[3.834828,49.975783],[3.836629,49.976602],[3.837598,49.976725],[3.837909,49.976945],[3.838563,49.9768],[3.838979,49.976938],[3.84,49.977993],[3.840879,49.978541],[3.842551,49.979112],[3.842537,49.979256],[3.844295,49.979911],[3.845336,49.980479],[3.846414,49.980508],[3.849811,49.98201],[3.850996,49.98182],[3.855727,49.982539],[3.855951,49.981704],[3.859846,49.981123],[3.860585,49.978843],[3.861081,49.976135],[3.862359,49.975691],[3.865022,49.975512],[3.86653,49.975653],[3.867376,49.977738],[3.868685,49.977404],[3.869083,49.977542],[3.869298,49.978992],[3.869196,49.980217],[3.870215,49.97991],[3.870222,49.97963],[3.87119,49.97966],[3.871775,49.979858],[3.872126,49.983037],[3.871403,49.983672],[3.873735,49.984489],[3.874831,49.985111],[3.875992,49.986832],[3.872536,49.989112],[3.871705,49.989365],[3.872582,49.990852],[3.874729,49.993164],[3.874746,49.994075],[3.87422,49.994202],[3.874504,49.995282],[3.875235,49.996662],[3.87513,49.999031],[3.875885,49.999212],[3.876512,49.999625],[3.878797,50.002579],[3.879916,50.003497],[3.88105,50.005926],[3.880921,50.006399],[3.878759,50.008203],[3.877985,50.009068],[3.877057,50.0108],[3.876718,50.010721],[3.876346,50.010326],[3.875396,50.010172],[3.874618,50.011191],[3.874064,50.011592],[3.874679,50.012101],[3.876436,50.012624],[3.875954,50.012804],[3.875411,50.013305],[3.875009,50.013296],[3.874567,50.013632],[3.87256,50.014011],[3.871439,50.014961],[3.870055,50.015546],[3.871045,50.016401],[3.871597,50.018483],[3.872215,50.019422],[3.872199,50.020053],[3.873055,50.02129],[3.871834,50.021827],[3.872009,50.022144],[3.874498,50.024501],[3.875592,50.026656],[3.878319,50.027886],[3.887375,50.023492],[3.889695,50.022642],[3.888407,50.020206],[3.888012,50.020235],[3.887874,50.02059],[3.886897,50.020742],[3.886633,50.020107],[3.886537,50.019383],[3.886814,50.01896],[3.886785,50.017683],[3.887526,50.013175],[3.886983,50.011711],[3.886922,50.009885]]]}},{"type":"Feature","properties":{"uai_primary":"0021598B","uai_all":"0021598B","is_merged":false},"geometry":{"type":"Polygon","coordinates":[[[3.608138,49.542674],[3.608944,49.542056],[3.606612,49.542635],[3.601429,49.543297],[3.59976,49.543636],[3.602391,49.544857],[3.605534,49.547751],[3.607169,49.548712],[3.608144,49.548525],[3.611076,49.546318],[3.615607,49.544628],[3.618227,49.542437],[3.610997,49.543315],[3.608802,49.543081],[3.608138,49.542674]],[[3.631844,49.571214],[3.629368,49.571314],[3.627915,49.571819],[3.629877,49.572086],[3.629975,49.572215],[3.630351,49.572088],[3.630856,49.57218],[3.63108,49.572061],[3.632881,49.572028],[3.633332,49.571846],[3.633091,49.571225],[3.631844,49.571214]],[[3.61576,49.577582],[3.615266,49.57794],[3.615717,49.577917],[3.61576,49.577582]],[[3.568113,49.507186],[3.562143,49.510482],[3.553411,49.509563],[3.552102,49.510368],[3.550869,49.510694],[3.547908,49.510993],[3.545097,49.51165],[3.543522,49.512206],[3.542405,49.512914],[3.542232,49.513556],[3.542276,49.515483],[3.542447,49.515817],[3.543407,49.516078],[3.544929,49.516243],[3.548095,49.515989],[3.550132,49.516117],[3.550816,49.515994],[3.551132,49.516854],[3.553065,49.517528],[3.553769,49.517564],[3.553846,49.518775],[3.550873,49.519211],[3.549461,49.519121],[3.548893,49.519219],[3.548467,49.522361],[3.549045,49.523433],[3.54899,49.524018],[3.548127,49.525427],[3.544696,49.529189],[3.544038,49.530553],[3.54295,49.531237],[3.542627,49.532139],[3.541322,49.532797],[3.540645,49.532777],[3.53967,49.533287],[3.537674,49.533571],[3.5369,49.533922],[3.53406,49.537321],[3.533396,49.538354],[3.533112,49.539512],[3.532304,49.539904],[3.531673,49.539988],[3.530861,49.539779],[3.527606,49.53814],[3.525857,49.536456],[3.52397,49.537588],[3.514718,49.540462],[3.511598,49.544281],[3.520647,49.548449],[3.525445,49.550477],[3.525399,49.556914],[3.524585,49.557551],[3.52362,49.557605],[3.523495,49.558471],[3.520568,49.55841],[3.51963,49.560789],[3.523911,49.563142],[3.525261,49.564063],[3.52735,49.564233],[3.532245,49.565771],[3.531433,49.567206],[3.529477,49.56735],[3.527458,49.567241],[3.527352,49.567604],[3.523746,49.568393],[3.522613,49.569272],[3.523944,49.571463],[3.520229,49.57158],[3.515571,49.573242],[3.509837,49.574736],[3.507461,49.573742],[3.506096,49.573492],[3.504583,49.573382],[3.501472,49.573456],[3.492635,49.572078],[3.490499,49.571436],[3.488601,49.571391],[3.483544,49.570732],[3.482853,49.570703],[3.482101,49.570926],[3.479117,49.570018],[3.477804,49.57014],[3.477168,49.569983],[3.474387,49.568658],[3.471706,49.569099],[3.470035,49.56907],[3.467486,49.569364],[3.465969,49.569423],[3.464805,49.569255],[3.463227,49.569938],[3.462985,49.57133],[3.461025,49.57269],[3.46092,49.574686],[3.459059,49.576743],[3.458573,49.576601],[3.459257,49.57739],[3.458773,49.57757],[3.455929,49.577663],[3.455171,49.577805],[3.454148,49.578354],[3.453181,49.578363],[3.45098,49.579415],[3.448699,49.579347],[3.448363,49.579453],[3.451047,49.581885],[3.451265,49.582341],[3.451148,49.58333],[3.45381,49.585057],[3.454711,49.585139],[3.459117,49.584777],[3.457925,49.587192],[3.455352,49.58853],[3.454989,49.589833],[3.45527,49.591161],[3.458207,49.595894],[3.46029,49.595311],[3.460923,49.595917],[3.460533,49.596555],[3.449771,49.598721],[3.447079,49.602069],[3.447632,49.602064],[3.448889,49.602681],[3.447666,49.603602],[3.447997,49.603676],[3.447919,49.603874],[3.448883,49.604102],[3.448248,49.605016],[3.446176,49.605035],[3.446012,49.605461],[3.448539,49.605521],[3.446926,49.606276],[3.445456,49.607191],[3.445578,49.609278],[3.445094,49.609282],[3.444847,49.611624],[3.444532,49.612081],[3.444054,49.61231],[3.443086,49.612318],[3.440745,49.611848],[3.440676,49.61276],[3.441119,49.613358],[3.445868,49.618647],[3.44669,49.62168],[3.447708,49.622912],[3.448428,49.624565],[3.447311,49.62645],[3.446361,49.627389],[3.445259,49.628099],[3.442927,49.627762],[3.44006,49.629273],[3.439897,49.629737],[3.439074,49.629919],[3.438277,49.62944],[3.436508,49.629306],[3.433027,49.630118],[3.430703,49.630837],[3.428178,49.631945],[3.428039,49.632451],[3.430367,49.633657],[3.430695,49.633596],[3.431396,49.633061],[3.432923,49.632751],[3.436785,49.632607],[3.438369,49.632306],[3.442453,49.632132],[3.444781,49.632655],[3.445771,49.633289],[3.446007,49.63383],[3.447361,49.633942],[3.460824,49.636741],[3.462906,49.637562],[3.463181,49.637357],[3.468615,49.637817],[3.472561,49.636135],[3.472449,49.635707],[3.477717,49.634715],[3.482554,49.635782],[3.483004,49.634353],[3.483459,49.634271],[3.493396,49.63802],[3.499856,49.63776],[3.500626,49.637393],[3.501015,49.636828],[3.502486,49.636159],[3.503153,49.636739],[3.504498,49.635946],[3.510461,49.63488],[3.511292,49.634593],[3.513237,49.637435],[3.514357,49.637124],[3.514251,49.63615],[3.51636,49.635634],[3.518892,49.634588],[3.521566,49.63289],[3.526451,49.628261],[3.527669,49.626299],[3.529952,49.627261],[3.531247,49.626327],[3.53344,49.627753],[3.536991,49.626629],[3.542352,49.628635],[3.549058,49.632696],[3.548627,49.633973],[3.550769,49.635025],[3.551281,49.635792],[3.549038,49.638607],[3.551651,49.641874],[3.554374,49.644017],[3.558701,49.641439],[3.560466,49.640865],[3.563854,49.640282],[3.564343,49.64104],[3.568279,49.638652],[3.57039,49.636869],[3.570829,49.636304],[3.572449,49.637296],[3.573715,49.636266],[3.575737,49.634089],[3.576688,49.63345],[3.580925,49.630793],[3.581808,49.631168],[3.582294,49.630195],[3.581243,49.629622],[3.586133,49.62606],[3.588039,49.624288],[3.583107,49.620302],[3.585753,49.61779],[3.58652,49.616798],[3.582287,49.616726],[3.580756,49.613621],[3.581489,49.612535],[3.583856,49.610391],[3.584411,49.610475],[3.585347,49.609208],[3.586179,49.609289],[3.585866,49.607855],[3.585971,49.606462],[3.5865,49.605459],[3.591258,49.607354],[3.591925,49.606279],[3.594999,49.603698],[3.594908,49.602385],[3.599345,49.593586],[3.60176,49.58679],[3.601982,49.58681],[3.602747,49.585717],[3.603995,49.583451],[3.60063,49.582436],[3.601147,49.580571],[3.602255,49.578747],[3.603467,49.57729],[3.60622,49.576848],[3.61164,49.580112],[3.613121,49.581831],[3.614434,49.579863],[3.614708,49.579073],[3.614347,49.578976],[3.614241,49.577993],[3.615048,49.577872],[3.615415,49.577379],[3.61348,49.576748],[3.611475,49.575707],[3.613404,49.575393],[3.615003,49.575382],[3.615842,49.57469],[3.617594,49.574221],[3.618092,49.575198],[3.62079,49.577915],[3.622474,49.576605],[3.622746,49.57599],[3.624159,49.575035],[3.625401,49.573781],[3.62559,49.572222],[3.622799,49.572315],[3.621184,49.571993],[3.621303,49.571358],[3.621818,49.570858],[3.623244,49.57021],[3.623753,49.569588],[3.623954,49.569567],[3.623394,49.568896],[3.623838,49.568247],[3.62331,49.56806],[3.622224,49.568235],[3.622088,49.5681],[3.621072,49.567982],[3.621379,49.567289],[3.620956,49.566791],[3.620245,49.566448],[3.621008,49.566201],[3.621578,49.566453],[3.622422,49.566518],[3.622151,49.565947],[3.620557,49.565845],[3.620271,49.565632],[3.619816,49.565576],[3.618109,49.566137],[3.617004,49.566228],[3.61583,49.566623],[3.614244,49.566551],[3.611407,49.567474],[3.609599,49.567524],[3.608392,49.567246],[3.606026,49.567032],[3.604768,49.567587],[3.603617,49.567683],[3.60228,49.567428],[3.601553,49.566857],[3.601491,49.564993],[3.601011,49.564514],[3.599158,49.564342],[3.597541,49.563158],[3.594387,49.563487],[3.592987,49.563438],[3.589591,49.563066],[3.582899,49.561991],[3.581818,49.56044],[3.577905,49.557645],[3.578433,49.556804],[3.580275,49.557821],[3.581163,49.556101],[3.581312,49.55533],[3.580587,49.555236],[3.581048,49.554171],[3.581999,49.55291],[3.579539,49.551248],[3.579356,49.55056],[3.581489,49.549621],[3.583474,49.548129],[3.582868,49.547798],[3.582335,49.547728],[3.581682,49.546997],[3.582552,49.545388],[3.582662,49.544759],[3.582882,49.544653],[3.584132,49.54467],[3.585531,49.543888],[3.588397,49.543782],[3.591088,49.541418],[3.591382,49.541915],[3.59545,49.540045],[3.597564,49.537628],[3.599062,49.535461],[3.601494,49.532896],[3.601216,49.53237],[3.601199,49.531748],[3.600588,49.531452],[3.601079,49.530772],[3.608163,49.528424],[3.608619,49.528612],[3.615352,49.529528],[3.6151,49.530845],[3.615942,49.530828],[3.616372,49.529513],[3.620557,49.529514],[3.610548,49.533578],[3.61208,49.534962],[3.612851,49.535234],[3.624925,49.536533],[3.630915,49.531954],[3.633646,49.531448],[3.636046,49.530409],[3.636959,49.531363],[3.638597,49.530542],[3.642126,49.530268],[3.645004,49.530863],[3.646793,49.531903],[3.649609,49.5344],[3.650042,49.532601],[3.64901,49.531975],[3.652281,49.529138],[3.651041,49.528331],[3.654218,49.527108],[3.657949,49.523327],[3.665165,49.518071],[3.666042,49.517128],[3.666017,49.516601],[3.666776,49.515754],[3.668889,49.514515],[3.669592,49.51347],[3.669479,49.513075],[3.668722,49.512598],[3.667628,49.512218],[3.667351,49.512699],[3.666163,49.51302],[3.665659,49.512297],[3.665769,49.512147],[3.664844,49.511408],[3.664374,49.511668],[3.664101,49.511473],[3.663219,49.509347],[3.663716,49.508366],[3.66381,49.507341],[3.664259,49.506588],[3.660919,49.503795],[3.656621,49.502009],[3.646088,49.50263],[3.646001,49.501516],[3.646608,49.500321],[3.643958,49.498855],[3.64183,49.498063],[3.641181,49.497939],[3.640304,49.499544],[3.616881,49.494415],[3.613543,49.493554],[3.611374,49.492032],[3.610838,49.491901],[3.61019,49.495218],[3.604814,49.493265],[3.603791,49.493034],[3.601714,49.493189],[3.600278,49.492039],[3.597216,49.492545],[3.594115,49.492181],[3.591561,49.492061],[3.588748,49.492759],[3.587977,49.494069],[3.587643,49.493783],[3.585397,49.49455],[3.581077,49.495338],[3.575062,49.496691],[3.575575,49.497241],[3.575644,49.497598],[3.574534,49.498417],[3.573759,49.499548],[3.572545,49.500374],[3.571197,49.505946],[3.569214,49.507017],[3.568869,49.506772],[3.568113,49.507186]]]}},{"type":"Feature","properties":{"uai_primary":"0021659T","uai_all":"0021659T","is_merged":false},"geometry":{"type":"Polygon","coordinates":[[[3.329546,49.373092],[3.329967,49.373074],[3.330195,49.372865],[3.329607,49.372775],[3.329546,49.373092]],[[3.329476,49.373174],[3.329136,49.373589],[3.329461,49.37379],[3.329016,49.37384],[3.328873,49.374109],[3.329314,49.374438],[3.328437,49.374768],[3.328874,49.375481],[3.329296,49.375457],[3.329631,49.375249],[3.330127,49.374537],[3.329524,49.37381],[3.329753,49.37348],[3.329476,49.373174]],[[3.303436,49.268363],[3.303547,49.270608],[3.300318,49.270499],[3.29765,49.270979],[3.296203,49.27144],[3.29087,49.271338],[3.289069,49.270921],[3.287198,49.270883],[3.283221,49.271877],[3.27786,49.271585],[3.27588,49.271792],[3.274275,49.272742],[3.272113,49.27463],[3.271088,49.274838],[3.270237,49.275294],[3.270013,49.275579],[3.268396,49.276351],[3.267524,49.276671],[3.264986,49.277175],[3.261791,49.278403],[3.261152,49.278907],[3.259804,49.279249],[3.258123,49.280019],[3.256725,49.28101],[3.254207,49.283526],[3.250209,49.282096],[3.250552,49.28175],[3.249007,49.281495],[3.247032,49.280873],[3.24471,49.283543],[3.243199,49.284349],[3.240422,49.285243],[3.239319,49.285958],[3.238014,49.287122],[3.237942,49.288056],[3.238168,49.288355],[3.240928,49.289126],[3.236647,49.292128],[3.24011,49.294646],[3.242236,49.296682],[3.24002,49.29753],[3.242583,49.302684],[3.234471,49.30773],[3.234364,49.307824],[3.235608,49.308635],[3.233713,49.309728],[3.229245,49.30679],[3.225498,49.308752],[3.226212,49.309272],[3.22161,49.311602],[3.224991,49.314612],[3.225253,49.315062],[3.238769,49.325353],[3.237246,49.325479],[3.234081,49.326326],[3.233866,49.330396],[3.231849,49.337607],[3.229901,49.337376],[3.229894,49.336988],[3.227516,49.336706],[3.227546,49.337441],[3.226299,49.337438],[3.225374,49.34041],[3.22408,49.342575],[3.222088,49.344462],[3.220194,49.34552],[3.218372,49.348017],[3.216454,49.349445],[3.214707,49.350356],[3.221272,49.354409],[3.224143,49.356448],[3.226795,49.354775],[3.231944,49.356942],[3.233889,49.358594],[3.236805,49.362469],[3.243653,49.363599],[3.251642,49.36514],[3.264239,49.363048],[3.269603,49.359758],[3.268814,49.355841],[3.271689,49.355722],[3.270447,49.350841],[3.274881,49.350801],[3.27684,49.350971],[3.277148,49.351112],[3.277308,49.351523],[3.277647,49.354293],[3.278033,49.355428],[3.279196,49.357515],[3.280755,49.35935],[3.284727,49.366374],[3.285729,49.366607],[3.287487,49.367762],[3.288242,49.368064],[3.288757,49.368115],[3.289784,49.367934],[3.290535,49.368531],[3.291299,49.368303],[3.293793,49.36945],[3.297591,49.370052],[3.299129,49.368516],[3.300422,49.367602],[3.302255,49.367503],[3.303237,49.366435],[3.303982,49.36626],[3.304867,49.366685],[3.30764,49.366705],[3.307588,49.366053],[3.306846,49.365295],[3.306883,49.365073],[3.308717,49.365015],[3.314509,49.364123],[3.314314,49.363511],[3.314439,49.3632],[3.316215,49.361426],[3.314954,49.360199],[3.314468,49.35895],[3.311796,49.356415],[3.311954,49.356021],[3.313281,49.355234],[3.313727,49.355092],[3.314405,49.355668],[3.317004,49.35887],[3.321503,49.357431],[3.323158,49.357382],[3.323985,49.360937],[3.327871,49.365156],[3.329893,49.369516],[3.329586,49.372726],[3.330912,49.371424],[3.335737,49.368538],[3.338136,49.367767],[3.340301,49.366574],[3.34238,49.365157],[3.343126,49.365251],[3.344485,49.365041],[3.345599,49.363618],[3.346404,49.362999],[3.348941,49.362394],[3.349449,49.362525],[3.349717,49.36241],[3.350264,49.362721],[3.350635,49.362505],[3.362288,49.350965],[3.363292,49.350037],[3.364418,49.34951],[3.366157,49.348282],[3.368147,49.34576],[3.369304,49.344919],[3.371329,49.344321],[3.380428,49.342228],[3.387525,49.338674],[3.389672,49.34098],[3.391809,49.339665],[3.393157,49.339259],[3.3921,49.335952],[3.393092,49.335443],[3.400385,49.332401],[3.404339,49.331125],[3.408275,49.32962],[3.42057,49.324059],[3.426446,49.322251],[3.430574,49.320515],[3.436371,49.317748],[3.442852,49.316003],[3.450441,49.313615],[3.451827,49.312882],[3.452529,49.312027],[3.458289,49.320389],[3.463666,49.320164],[3.470809,49.319573],[3.471106,49.317921],[3.472587,49.317808],[3.471389,49.307747],[3.470224,49.307848],[3.468739,49.306019],[3.472537,49.303263],[3.472447,49.30275],[3.467471,49.293831],[3.467205,49.29285],[3.467228,49.291341],[3.467603,49.289939],[3.469296,49.287892],[3.470622,49.286712],[3.470684,49.286397],[3.473251,49.284486],[3.475759,49.284351],[3.47571,49.282131],[3.475941,49.281235],[3.474416,49.281231],[3.473927,49.280877],[3.473434,49.280297],[3.473842,49.280114],[3.472282,49.27812],[3.475151,49.278231],[3.475843,49.274389],[3.476557,49.274288],[3.4767,49.27252],[3.47593,49.270359],[3.473,49.271023],[3.469575,49.27208],[3.467234,49.271341],[3.467637,49.267134],[3.466806,49.266783],[3.465427,49.266481],[3.462884,49.266371],[3.45583,49.26464],[3.455443,49.265775],[3.455237,49.265777],[3.454477,49.26556],[3.454737,49.264883],[3.453081,49.264495],[3.452051,49.264504],[3.451494,49.264105],[3.449896,49.263895],[3.447505,49.264456],[3.447601,49.265713],[3.447431,49.266703],[3.446903,49.267696],[3.445166,49.269914],[3.444284,49.270381],[3.441337,49.271261],[3.437384,49.271888],[3.437391,49.272261],[3.436478,49.272491],[3.430136,49.275232],[3.429689,49.272184],[3.429997,49.269453],[3.43045,49.267767],[3.430464,49.26644],[3.431824,49.264296],[3.439318,49.265997],[3.439965,49.264931],[3.438843,49.263817],[3.436821,49.262353],[3.436934,49.261858],[3.436583,49.261502],[3.436647,49.261277],[3.435885,49.260969],[3.435487,49.261602],[3.433765,49.261348],[3.431765,49.260917],[3.431069,49.260429],[3.432985,49.253754],[3.429402,49.253696],[3.428949,49.251814],[3.426447,49.250309],[3.425544,49.250348],[3.425106,49.248873],[3.424419,49.248485],[3.424078,49.248623],[3.421363,49.24739],[3.421494,49.247119],[3.420523,49.246634],[3.416925,49.245184],[3.409248,49.245612],[3.409007,49.247196],[3.406515,49.249509],[3.405767,49.25576],[3.404486,49.255586],[3.401136,49.258191],[3.39895,49.258705],[3.397348,49.257551],[3.392852,49.256513],[3.39216,49.255181],[3.384386,49.256409],[3.380037,49.254909],[3.378271,49.255796],[3.377333,49.256837],[3.377202,49.257198],[3.377494,49.258093],[3.37656,49.259404],[3.376034,49.260532],[3.375883,49.261682],[3.371952,49.262767],[3.368066,49.264296],[3.364879,49.262602],[3.35978,49.258783],[3.356708,49.259052],[3.355741,49.259008],[3.353421,49.258113],[3.354753,49.254165],[3.353428,49.253816],[3.35273,49.253238],[3.352194,49.25214],[3.351766,49.252071],[3.350114,49.252811],[3.349214,49.252414],[3.348674,49.252868],[3.348468,49.252869],[3.340992,49.250327],[3.340907,49.249429],[3.335585,49.251001],[3.334985,49.250934],[3.332036,49.252019],[3.334622,49.254424],[3.334285,49.254831],[3.336015,49.25549],[3.336496,49.255531],[3.337582,49.254938],[3.341617,49.25697],[3.340863,49.257862],[3.33864,49.259206],[3.338299,49.259298],[3.33448,49.257803],[3.333296,49.256825],[3.333698,49.256327],[3.334595,49.256634],[3.334795,49.256318],[3.334178,49.255915],[3.334639,49.255518],[3.333961,49.255291],[3.333409,49.255611],[3.331077,49.25572],[3.330651,49.254914],[3.32956,49.254011],[3.328491,49.253992],[3.326393,49.253587],[3.324024,49.255135],[3.322431,49.255863],[3.323441,49.258344],[3.323466,49.259646],[3.323126,49.259829],[3.322167,49.259927],[3.320844,49.259668],[3.320178,49.259716],[3.318693,49.259915],[3.318453,49.26028],[3.316047,49.260075],[3.315902,49.259672],[3.311715,49.259661],[3.305274,49.263856],[3.306714,49.267438],[3.306746,49.269145],[3.303436,49.268363]],[[3.294129,49.300297],[3.295771,49.301833],[3.297604,49.305933],[3.298548,49.307338],[3.300426,49.309429],[3.302014,49.311815],[3.305893,49.312773],[3.30852,49.31365],[3.311224,49.314931],[3.31299,49.313793],[3.312707,49.313382],[3.316782,49.310879],[3.326749,49.310438],[3.326776,49.311785],[3.331771,49.310702],[3.33198,49.310879],[3.333388,49.313162],[3.331399,49.313775],[3.331417,49.314243],[3.3322,49.315002],[3.329987,49.319235],[3.330225,49.320271],[3.329969,49.32067],[3.331609,49.32124],[3.332505,49.323135],[3.334632,49.323641],[3.334698,49.324719],[3.335352,49.325387],[3.335496,49.326095],[3.335906,49.326528],[3.335484,49.326716],[3.335774,49.326938],[3.335864,49.328048],[3.336066,49.328166],[3.337161,49.328022],[3.33743,49.328116],[3.339103,49.32804],[3.339962,49.328186],[3.342341,49.3279],[3.345344,49.328355],[3.345022,49.329865],[3.349277,49.330725],[3.349139,49.331694],[3.347531,49.333151],[3.347379,49.333674],[3.346709,49.333496],[3.344924,49.336646],[3.345475,49.337219],[3.34666,49.339867],[3.347728,49.341338],[3.350292,49.343154],[3.351564,49.343782],[3.352528,49.343835],[3.351172,49.344708],[3.347954,49.345903],[3.342329,49.34954],[3.333839,49.349639],[3.333497,49.348735],[3.333506,49.347764],[3.33307,49.346942],[3.333215,49.346611],[3.332182,49.34615],[3.3311,49.344575],[3.331948,49.342456],[3.333009,49.341998],[3.331976,49.342003],[3.330906,49.341804],[3.329291,49.342042],[3.328248,49.341949],[3.324526,49.342495],[3.324329,49.34184],[3.322919,49.341779],[3.322252,49.342141],[3.321848,49.341874],[3.321435,49.342093],[3.320852,49.341909],[3.321172,49.341186],[3.319555,49.340492],[3.31987,49.340013],[3.319546,49.339677],[3.320707,49.33817],[3.319874,49.337716],[3.318799,49.337377],[3.312558,49.337514],[3.306309,49.334978],[3.305007,49.334834],[3.303502,49.334871],[3.301739,49.33416],[3.301605,49.334356],[3.300825,49.333881],[3.297136,49.332414],[3.29663,49.332388],[3.295039,49.329817],[3.29507,49.327816],[3.294637,49.326959],[3.289837,49.326198],[3.28629,49.325802],[3.282983,49.325864],[3.278545,49.326218],[3.27701,49.319933],[3.279919,49.317395],[3.273084,49.314396],[3.278034,49.310412],[3.271571,49.308735],[3.271699,49.30844],[3.27089,49.308141],[3.265132,49.306774],[3.264792,49.304764],[3.264095,49.304775],[3.264251,49.3016],[3.261917,49.301197],[3.261968,49.299233],[3.260896,49.298006],[3.262524,49.297551],[3.262356,49.29718],[3.262517,49.296056],[3.263113,49.294921],[3.263908,49.294008],[3.263973,49.292396],[3.263591,49.29068],[3.264669,49.290425],[3.266641,49.291384],[3.274524,49.296314],[3.28,49.297246],[3.28029,49.296836],[3.28854,49.298122],[3.294129,49.300297]]]}},{"type":"Feature","properties":{"uai_primary":"0021661V","uai_all":"0021661V","is_merged":false},"geometry":{"type":"Polygon","coordinates":[[[3.381095,49.957356],[3.385285,49.962806],[3.392198,49.961456],[3.392717,49.961959],[3.399732,49.963337],[3.401915,49.963912],[3.41225,49.967393],[3.413855,49.967745],[3.417915,49.969204],[3.419454,49.970227],[3.420863,49.971666],[3.420969,49.973945],[3.421236,49.973989],[3.421497,49.973455],[3.423679,49.972171],[3.424679,49.972311],[3.425521,49.972176],[3.425946,49.971374],[3.427055,49.971169],[3.432157,49.972416],[3.434526,49.973583],[3.435089,49.973379],[3.4356,49.973916],[3.435907,49.974775],[3.436152,49.977682],[3.436839,49.978061],[3.438252,49.976986],[3.438373,49.976657],[3.439357,49.976053],[3.438958,49.974476],[3.437628,49.972327],[3.438728,49.970807],[3.441278,49.970813],[3.43984,49.969125],[3.446733,49.966256],[3.451209,49.964091],[3.453457,49.963574],[3.45324,49.962494],[3.455235,49.96011],[3.455731,49.958268],[3.453474,49.953004],[3.452671,49.952868],[3.450153,49.951343],[3.450461,49.949012],[3.450291,49.947776],[3.452487,49.94821],[3.452801,49.947432],[3.452315,49.947266],[3.452574,49.946471],[3.458541,49.946655],[3.459307,49.94738],[3.461035,49.947294],[3.461055,49.946566],[3.461765,49.946536],[3.462326,49.945752],[3.463939,49.9461],[3.468266,49.946541],[3.468184,49.946734],[3.46976,49.947043],[3.468412,49.949466],[3.46879,49.950366],[3.46981,49.950394],[3.46985,49.950636],[3.47121,49.950714],[3.471244,49.950976],[3.473579,49.951005],[3.474484,49.950574],[3.476068,49.950209],[3.4747,49.946369],[3.478434,49.946367],[3.478467,49.945866],[3.482061,49.945965],[3.482196,49.946388],[3.486648,49.94647],[3.488099,49.944025],[3.489392,49.94358],[3.490738,49.943731],[3.491707,49.942102],[3.495042,49.942828],[3.492743,49.944763],[3.494558,49.945328],[3.493573,49.94697],[3.495293,49.947202],[3.49557,49.948454],[3.495355,49.951401],[3.496778,49.951593],[3.496541,49.952774],[3.499579,49.953144],[3.499497,49.949006],[3.500146,49.948622],[3.500164,49.945453],[3.501993,49.945861],[3.502603,49.94466],[3.504863,49.943345],[3.505902,49.941802],[3.50712,49.942113],[3.507357,49.941534],[3.508904,49.93988],[3.50741,49.938665],[3.509009,49.937653],[3.511117,49.936798],[3.512609,49.938091],[3.51343,49.937753],[3.516789,49.939837],[3.521471,49.937842],[3.522204,49.936944],[3.523046,49.938118],[3.523614,49.939685],[3.525791,49.939133],[3.527558,49.936933],[3.530011,49.935244],[3.531311,49.935796],[3.532561,49.934909],[3.533976,49.934322],[3.535928,49.934955],[3.536318,49.934135],[3.537772,49.933239],[3.538542,49.932484],[3.538835,49.930915],[3.535344,49.928979],[3.536304,49.928506],[3.5393,49.929989],[3.542589,49.930374],[3.543481,49.928273],[3.543258,49.927214],[3.542157,49.925904],[3.539959,49.926305],[3.536921,49.921663],[3.534398,49.921599],[3.533119,49.918866],[3.532937,49.918562],[3.532552,49.918461],[3.529243,49.91781],[3.528859,49.917855],[3.523549,49.918892],[3.520488,49.919901],[3.517123,49.921343],[3.51501,49.920138],[3.513526,49.916722],[3.51604,49.915629],[3.516155,49.915376],[3.515728,49.914959],[3.514581,49.914586],[3.513781,49.913327],[3.516219,49.912018],[3.515128,49.910597],[3.513352,49.909179],[3.511279,49.908656],[3.509985,49.908134],[3.507093,49.905211],[3.502071,49.905094],[3.496807,49.904434],[3.493904,49.90036],[3.493571,49.898773],[3.491429,49.89817],[3.491804,49.896828],[3.490338,49.897037],[3.488867,49.896972],[3.488166,49.896668],[3.486896,49.895749],[3.487525,49.894059],[3.486137,49.893693],[3.480688,49.893772],[3.480631,49.894308],[3.471282,49.897848],[3.470924,49.897772],[3.468935,49.896291],[3.465386,49.896297],[3.465924,49.894338],[3.466059,49.891369],[3.465232,49.891292],[3.463969,49.887932],[3.462873,49.886912],[3.462181,49.886639],[3.460894,49.886567],[3.459239,49.886788],[3.458647,49.88674],[3.457595,49.886266],[3.453638,49.881914],[3.452243,49.878423],[3.450437,49.877509],[3.449384,49.877489],[3.446988,49.871478],[3.447134,49.870502],[3.446597,49.870111],[3.444294,49.864219],[3.447153,49.863092],[3.446919,49.862246],[3.447053,49.861725],[3.443827,49.861133],[3.443682,49.860852],[3.433066,49.863453],[3.430594,49.862847],[3.429108,49.862246],[3.427168,49.86214],[3.422189,49.86046],[3.415117,49.866135],[3.413762,49.866507],[3.412621,49.86577],[3.411649,49.865428],[3.402643,49.86401],[3.400742,49.865839],[3.399923,49.867752],[3.397774,49.870854],[3.397212,49.872453],[3.395677,49.874036],[3.396929,49.878809],[3.397035,49.881488],[3.395156,49.88178],[3.394706,49.881975],[3.394558,49.882983],[3.393618,49.884773],[3.38417,49.883056],[3.381857,49.882786],[3.380509,49.881564],[3.378751,49.883058],[3.378473,49.883105],[3.376994,49.882729],[3.37689,49.881805],[3.372725,49.881268],[3.370263,49.879808],[3.368325,49.882642],[3.366758,49.88264],[3.367151,49.884728],[3.363951,49.884449],[3.36309,49.886522],[3.361377,49.887758],[3.363131,49.888913],[3.360764,49.891085],[3.359822,49.890639],[3.359497,49.891006],[3.35858,49.890296],[3.357601,49.890391],[3.35635,49.889999],[3.355487,49.891012],[3.35732,49.892177],[3.356373,49.892653],[3.355273,49.892663],[3.354436,49.89251],[3.354804,49.895669],[3.355909,49.896223],[3.355092,49.897637],[3.354111,49.897395],[3.352411,49.900444],[3.356175,49.901333],[3.355833,49.902072],[3.35736,49.90234],[3.357622,49.904194],[3.356413,49.906979],[3.35692,49.90727],[3.355968,49.908347],[3.355747,49.911186],[3.357694,49.911094],[3.356671,49.912113],[3.355395,49.914355],[3.355482,49.915421],[3.355893,49.915614],[3.355744,49.916179],[3.354355,49.91789],[3.353917,49.91776],[3.352845,49.92024],[3.351871,49.919468],[3.350685,49.919078],[3.348068,49.91786],[3.350988,49.916226],[3.349343,49.915091],[3.346879,49.916253],[3.344214,49.912464],[3.340903,49.912903],[3.34102,49.914611],[3.339142,49.917367],[3.336824,49.916901],[3.336231,49.917638],[3.334248,49.916868],[3.333751,49.917255],[3.332452,49.916321],[3.328608,49.914597],[3.33003,49.916534],[3.329568,49.917796],[3.328636,49.918626],[3.329882,49.91923],[3.328044,49.922673],[3.326473,49.925089],[3.325506,49.924381],[3.310502,49.91632],[3.306808,49.914513],[3.301019,49.917765],[3.300411,49.917976],[3.298706,49.917536],[3.297199,49.921665],[3.294788,49.927068],[3.297911,49.927272],[3.297797,49.927928],[3.293149,49.939511],[3.29167,49.939892],[3.292246,49.940753],[3.290331,49.941541],[3.29232,49.943189],[3.295688,49.941328],[3.297326,49.942824],[3.298125,49.942462],[3.300051,49.944722],[3.302251,49.943636],[3.303056,49.945414],[3.303055,49.946542],[3.303339,49.947304],[3.304127,49.947142],[3.306976,49.949802],[3.307159,49.949853],[3.308874,49.949165],[3.309022,49.949309],[3.309343,49.949174],[3.31287,49.952281],[3.314198,49.953941],[3.315461,49.953445],[3.316745,49.954607],[3.314909,49.955909],[3.316422,49.95657],[3.315474,49.957346],[3.316288,49.957699],[3.31582,49.958125],[3.317348,49.96045],[3.316855,49.960458],[3.32043,49.962415],[3.32002,49.962641],[3.3206,49.963199],[3.319686,49.963682],[3.321325,49.965013],[3.322842,49.965884],[3.323535,49.966572],[3.322866,49.967029],[3.325246,49.968269],[3.324998,49.968449],[3.325211,49.968662],[3.327307,49.969541],[3.325927,49.970432],[3.328186,49.971292],[3.327511,49.972043],[3.329357,49.97221],[3.329072,49.972631],[3.330349,49.973244],[3.329762,49.973803],[3.33158,49.974782],[3.331162,49.975138],[3.332314,49.974811],[3.332492,49.976391],[3.332786,49.976364],[3.332769,49.977029],[3.33378,49.977155],[3.335464,49.977859],[3.338071,49.97941],[3.338628,49.979404],[3.338902,49.979223],[3.338956,49.978538],[3.342442,49.977435],[3.342997,49.977878],[3.343415,49.977875],[3.343962,49.977421],[3.346963,49.9778],[3.34781,49.978332],[3.348367,49.978328],[3.348906,49.978114],[3.350661,49.979521],[3.352586,49.980553],[3.35373,49.982164],[3.351973,49.986312],[3.354405,49.986457],[3.366466,49.986579],[3.367698,49.985491],[3.368957,49.985796],[3.370306,49.985142],[3.369761,49.983586],[3.368826,49.982747],[3.367437,49.980576],[3.365876,49.977153],[3.370367,49.975516],[3.368927,49.974734],[3.370717,49.973094],[3.370822,49.971817],[3.369902,49.97135],[3.37036,49.97053],[3.368671,49.969857],[3.367584,49.969089],[3.370562,49.966218],[3.373814,49.967705],[3.376087,49.965166],[3.375486,49.964428],[3.375089,49.963155],[3.374522,49.96245],[3.378054,49.960102],[3.376675,49.95926],[3.381095,49.957356]]]}},{"type":"Feature","properties":{"uai_primary":"0021663X","uai_all":"0021663X","is_merged":false},"geometry":{"type":"Polygon","coordinates":[[[4.143826,49.793187],[4.142581,49.793308],[4.141878,49.793178],[4.141106,49.793282],[4.140677,49.793496],[4.140406,49.793387],[4.139872,49.79354],[4.1396,49.793474],[4.138698,49.793654],[4.138687,49.793976],[4.13837,49.793968],[4.138333,49.794086],[4.138094,49.793959],[4.137114,49.794215],[4.137044,49.794629],[4.136044,49.795143],[4.133755,49.798141],[4.131302,49.800373],[4.124977,49.801314],[4.109705,49.802694],[4.109257,49.802912],[4.104878,49.808554],[4.100551,49.812537],[4.100076,49.814264],[4.097332,49.817676],[4.091543,49.822593],[4.087213,49.825582],[4.086952,49.827323],[4.087505,49.83058],[4.087711,49.834453],[4.088238,49.835804],[4.089096,49.836689],[4.090022,49.838179],[4.09258,49.840184],[4.09437,49.841065],[4.095927,49.84222],[4.097152,49.844199],[4.10486,49.848643],[4.103965,49.850926],[4.1034,49.851394],[4.102481,49.851067],[4.100199,49.849572],[4.098903,49.85118],[4.097584,49.855033],[4.097978,49.858045],[4.0979,49.859852],[4.099486,49.859608],[4.101496,49.860288],[4.102017,49.860056],[4.102804,49.86069],[4.10624,49.865426],[4.107466,49.868121],[4.10842,49.867932],[4.109672,49.867444],[4.111713,49.86706],[4.11355,49.86712],[4.114746,49.868257],[4.115568,49.868213],[4.115581,49.868813],[4.116079,49.868786],[4.121504,49.871983],[4.119436,49.872764],[4.119703,49.873476],[4.119638,49.87578],[4.117821,49.877989],[4.113817,49.877313],[4.113909,49.880185],[4.114423,49.882381],[4.11487,49.883379],[4.115668,49.882729],[4.116316,49.884078],[4.115975,49.884343],[4.117568,49.885415],[4.118793,49.886704],[4.118064,49.886807],[4.11813,49.887072],[4.117803,49.887139],[4.117184,49.886827],[4.114838,49.886491],[4.113205,49.886084],[4.110925,49.887694],[4.104277,49.890476],[4.101106,49.892453],[4.102124,49.893526],[4.102422,49.893639],[4.101969,49.89391],[4.104731,49.894649],[4.104729,49.895684],[4.10577,49.896614],[4.101489,49.899119],[4.103177,49.900483],[4.101076,49.901496],[4.100925,49.901379],[4.099079,49.902153],[4.103027,49.905339],[4.102854,49.906418],[4.110233,49.909206],[4.110682,49.916558],[4.106825,49.921297],[4.116577,49.937301],[4.116558,49.937822],[4.147409,49.948444],[4.149151,49.949229],[4.15003,49.950145],[4.165466,49.973008],[4.16568,49.973372],[4.165118,49.97404],[4.166192,49.974509],[4.169433,49.975228],[4.170675,49.975391],[4.17073,49.975291],[4.173983,49.976262],[4.174782,49.975969],[4.174919,49.976094],[4.175245,49.975796],[4.175692,49.975025],[4.175976,49.973683],[4.176956,49.972557],[4.178189,49.97197],[4.184497,49.971435],[4.18647,49.970509],[4.190882,49.969583],[4.193162,49.968101],[4.194234,49.96808],[4.196732,49.967695],[4.197338,49.967332],[4.197465,49.966872],[4.197697,49.96685],[4.197712,49.966608],[4.19792,49.966566],[4.197806,49.966226],[4.198381,49.965755],[4.198325,49.965262],[4.197874,49.964411],[4.197649,49.964352],[4.197597,49.96395],[4.196721,49.963673],[4.196252,49.963308],[4.196078,49.963467],[4.19582,49.963328],[4.196142,49.962674],[4.195593,49.962138],[4.195606,49.961452],[4.195853,49.961229],[4.195832,49.96015],[4.196184,49.959479],[4.195859,49.958799],[4.195058,49.958093],[4.19486,49.956751],[4.195131,49.956016],[4.195852,49.955706],[4.196022,49.955324],[4.196588,49.955243],[4.197012,49.954998],[4.197421,49.954582],[4.1978,49.954792],[4.198549,49.956076],[4.199432,49.956197],[4.200474,49.956141],[4.201885,49.957115],[4.203174,49.956795],[4.203998,49.957161],[4.205186,49.957335],[4.205839,49.957733],[4.205934,49.957571],[4.206475,49.957543],[4.207109,49.957781],[4.207931,49.957767],[4.20865,49.957476],[4.210189,49.957255],[4.210931,49.95747],[4.211291,49.958037],[4.212411,49.958023],[4.212996,49.957949],[4.213125,49.957771],[4.214357,49.957698],[4.21661,49.957162],[4.217093,49.957209],[4.21754,49.957524],[4.218404,49.957639],[4.219237,49.957555],[4.220524,49.957811],[4.220925,49.958546],[4.221397,49.958554],[4.222587,49.958939],[4.223748,49.958735],[4.224767,49.959282],[4.225083,49.959295],[4.226005,49.959181],[4.226235,49.959056],[4.226224,49.95874],[4.226566,49.958732],[4.227753,49.957893],[4.228384,49.957724],[4.230464,49.95762],[4.232441,49.958038],[4.23316,49.957753],[4.232129,49.955952],[4.231879,49.953596],[4.232044,49.953346],[4.231968,49.952501],[4.23099,49.950891],[4.230261,49.94682],[4.22992,49.94619],[4.229388,49.945654],[4.227409,49.944347],[4.225625,49.943638],[4.224617,49.943001],[4.22395,49.941576],[4.222003,49.939728],[4.221457,49.93806],[4.220723,49.937214],[4.221025,49.935416],[4.219903,49.932901],[4.220298,49.930292],[4.220023,49.929619],[4.220062,49.927332],[4.219658,49.92377],[4.218389,49.92062],[4.217462,49.915435],[4.216862,49.914094],[4.217135,49.914173],[4.217111,49.913783],[4.217601,49.912685],[4.218583,49.912722],[4.218708,49.912374],[4.219148,49.912439],[4.219378,49.912223],[4.219803,49.912319],[4.221055,49.911566],[4.221322,49.911294],[4.221353,49.910836],[4.221928,49.910419],[4.222715,49.910263],[4.22943,49.909812],[4.230546,49.909502],[4.231925,49.909727],[4.233387,49.909391],[4.233111,49.9046],[4.234476,49.904264],[4.234972,49.903991],[4.242433,49.903352],[4.243021,49.903244],[4.244044,49.90267],[4.24589,49.902175],[4.247851,49.902357],[4.253541,49.903963],[4.255837,49.90398],[4.251782,49.891631],[4.251967,49.891246],[4.251701,49.89127],[4.251867,49.890728],[4.251125,49.890459],[4.250746,49.889534],[4.250899,49.88886],[4.251499,49.887954],[4.251228,49.887811],[4.252193,49.887341],[4.252164,49.887182],[4.253307,49.886918],[4.253782,49.886935],[4.253995,49.887082],[4.253597,49.881064],[4.252701,49.876777],[4.252752,49.869627],[4.24956,49.862407],[4.248995,49.859402],[4.248763,49.856749],[4.244449,49.852568],[4.24028,49.850581],[4.232962,49.848412],[4.232704,49.848219],[4.231539,49.845757],[4.231368,49.844858],[4.231304,49.843842],[4.231645,49.841979],[4.229999,49.840229],[4.22933,49.838962],[4.229263,49.837561],[4.229791,49.836024],[4.226749,49.836221],[4.22359,49.834102],[4.223282,49.831081],[4.223625,49.831064],[4.223499,49.829473],[4.222518,49.829672],[4.221621,49.827553],[4.220802,49.825393],[4.221158,49.825373],[4.221091,49.823068],[4.220641,49.821701],[4.219956,49.820879],[4.220527,49.820754],[4.218746,49.816983],[4.219576,49.815988],[4.218736,49.815297],[4.219785,49.814285],[4.21959,49.814262],[4.217014,49.810351],[4.21322,49.804163],[4.212362,49.803067],[4.210771,49.802611],[4.209473,49.802545],[4.209283,49.802377],[4.208759,49.80251],[4.207314,49.80217],[4.207009,49.802249],[4.206779,49.802159],[4.206936,49.801524],[4.201737,49.799836],[4.201162,49.799208],[4.200356,49.797421],[4.199532,49.796276],[4.197218,49.79456],[4.19536,49.792087],[4.193676,49.788495],[4.193806,49.785315],[4.191737,49.785577],[4.187364,49.785836],[4.178621,49.783908],[4.170696,49.786441],[4.16862,49.787334],[4.168311,49.78783],[4.167179,49.787951],[4.166434,49.787847],[4.164243,49.788746],[4.161736,49.789201],[4.159657,49.790478],[4.156523,49.790242],[4.155841,49.790522],[4.155839,49.790749],[4.15495,49.791079],[4.15336,49.792503],[4.152343,49.791552],[4.151897,49.791901],[4.151023,49.792107],[4.150581,49.79206],[4.15063,49.792263],[4.150164,49.792411],[4.150295,49.792535],[4.149685,49.792483],[4.149145,49.792841],[4.148715,49.792679],[4.148532,49.79281],[4.148401,49.792689],[4.147995,49.792744],[4.147549,49.792973],[4.147389,49.792872],[4.14718,49.793102],[4.146955,49.792973],[4.146726,49.79317],[4.146465,49.793104],[4.146039,49.793286],[4.145524,49.793016],[4.143826,49.793187]]]}},{"type":"Feature","properties":{"uai_primary":"0021685W","uai_all":"0021685W","is_merged":false},"geometry":{"type":"Polygon","coordinates":[[[3.734932,49.623438],[3.735577,49.622798],[3.736679,49.619398],[3.73402,49.618713],[3.732635,49.614222],[3.730231,49.613896],[3.730103,49.613293],[3.72735,49.613999],[3.724415,49.6136],[3.721344,49.609212],[3.720569,49.608892],[3.716296,49.608433],[3.716307,49.61058],[3.708997,49.610231],[3.705684,49.612785],[3.699719,49.612433],[3.700279,49.61577],[3.701271,49.618845],[3.703225,49.623152],[3.704313,49.626502],[3.704867,49.631228],[3.702877,49.631341],[3.702943,49.632113],[3.703454,49.632069],[3.703434,49.632645],[3.705113,49.632455],[3.705078,49.632021],[3.70998,49.631693],[3.710888,49.632264],[3.71083,49.633313],[3.709842,49.635888],[3.710744,49.636247],[3.71191,49.63644],[3.711788,49.636125],[3.712716,49.636266],[3.716377,49.636323],[3.716981,49.637195],[3.720815,49.635052],[3.720956,49.635163],[3.723129,49.633916],[3.722749,49.633675],[3.725927,49.631397],[3.726965,49.630156],[3.729264,49.630718],[3.732244,49.624487],[3.732949,49.625019],[3.734932,49.623438]],[[3.583107,49.620302],[3.588039,49.624288],[3.594866,49.630708],[3.600031,49.630399],[3.60098,49.630683],[3.604424,49.63442],[3.606262,49.633142],[3.611076,49.629198],[3.617614,49.631133],[3.618791,49.6318],[3.618586,49.632487],[3.619925,49.634629],[3.619866,49.634861],[3.621607,49.63551],[3.620328,49.638763],[3.623955,49.640599],[3.62618,49.639557],[3.629998,49.637262],[3.629803,49.636785],[3.631544,49.635606],[3.631485,49.635482],[3.63206,49.635062],[3.641384,49.629475],[3.641462,49.627796],[3.640179,49.626131],[3.639131,49.625319],[3.637507,49.625293],[3.635145,49.623373],[3.633429,49.622443],[3.631297,49.622269],[3.630276,49.621714],[3.626304,49.620734],[3.62407,49.620762],[3.622009,49.621059],[3.622073,49.620673],[3.619126,49.620692],[3.618687,49.618088],[3.617621,49.617684],[3.622014,49.614391],[3.6223,49.614486],[3.623173,49.612919],[3.623358,49.612942],[3.623634,49.611265],[3.621025,49.609869],[3.620407,49.609386],[3.623298,49.60872],[3.623259,49.605111],[3.620352,49.606213],[3.618891,49.603374],[3.618038,49.603617],[3.617482,49.602751],[3.615151,49.6026],[3.614615,49.602109],[3.611498,49.602876],[3.610977,49.603141],[3.609498,49.60251],[3.608566,49.602361],[3.608455,49.602546],[3.606053,49.601992],[3.603386,49.604916],[3.602436,49.604459],[3.600851,49.60664],[3.599714,49.606129],[3.599302,49.606405],[3.594999,49.603698],[3.591925,49.606279],[3.591258,49.607354],[3.5865,49.605459],[3.585971,49.606462],[3.585866,49.607855],[3.586179,49.609289],[3.585347,49.609208],[3.584411,49.610475],[3.583856,49.610391],[3.581489,49.612535],[3.580756,49.613621],[3.582287,49.616726],[3.58652,49.616798],[3.585753,49.61779],[3.583107,49.620302]],[[3.771149,49.538075],[3.776183,49.536196],[3.780235,49.533907],[3.776756,49.530597],[3.774466,49.529392],[3.772702,49.528125],[3.773807,49.527232],[3.776909,49.525464],[3.77804,49.522846],[3.777936,49.520731],[3.775695,49.517845],[3.774822,49.517344],[3.776482,49.514571],[3.764922,49.510662],[3.762426,49.510505],[3.762255,49.510172],[3.746191,49.515442],[3.743761,49.516609],[3.743029,49.517302],[3.743199,49.518478],[3.743791,49.519513],[3.744495,49.523934],[3.744432,49.524726],[3.743893,49.525405],[3.741536,49.52749],[3.74253,49.528527],[3.742531,49.528426],[3.74534,49.532261],[3.747117,49.532966],[3.746576,49.533402],[3.746643,49.533992],[3.746401,49.534006],[3.747271,49.535589],[3.747499,49.536465],[3.749109,49.536735],[3.750456,49.537375],[3.749894,49.538179],[3.749787,49.539107],[3.749455,49.539357],[3.754269,49.540379],[3.754645,49.539454],[3.755337,49.539721],[3.755697,49.540137],[3.758385,49.540393],[3.75843,49.540731],[3.760234,49.540739],[3.760101,49.539963],[3.761063,49.539187],[3.762137,49.538606],[3.764245,49.538354],[3.765944,49.537824],[3.76854,49.538192],[3.770108,49.53822],[3.771149,49.538075]],[[3.607689,49.538636],[3.608067,49.538937],[3.607689,49.538636]],[[3.623499,49.550117],[3.623334,49.550517],[3.623741,49.55037],[3.623499,49.550117]],[[3.588289,49.543793],[3.585531,49.543888],[3.584132,49.54467],[3.582882,49.544653],[3.582662,49.544759],[3.582552,49.545388],[3.581682,49.546997],[3.582335,49.547728],[3.582868,49.547798],[3.583474,49.548129],[3.581489,49.549621],[3.579356,49.55056],[3.579539,49.551248],[3.581999,49.55291],[3.581048,49.554171],[3.580587,49.555236],[3.581312,49.55533],[3.581051,49.556393],[3.580275,49.557821],[3.578433,49.556804],[3.577905,49.557645],[3.581818,49.56044],[3.582899,49.561991],[3.589591,49.563066],[3.592987,49.563438],[3.594387,49.563487],[3.597541,49.563158],[3.599158,49.564342],[3.601011,49.564514],[3.601491,49.564993],[3.601553,49.566857],[3.60228,49.567428],[3.603617,49.567683],[3.604768,49.567587],[3.606026,49.567032],[3.608392,49.567246],[3.609599,49.567524],[3.611407,49.567474],[3.614244,49.566551],[3.61583,49.566623],[3.617004,49.566228],[3.618109,49.566137],[3.619816,49.565576],[3.620271,49.565632],[3.620557,49.565845],[3.622151,49.565947],[3.622422,49.566518],[3.621578,49.566453],[3.621008,49.566201],[3.620245,49.566448],[3.620956,49.566791],[3.621379,49.567289],[3.621072,49.567982],[3.622088,49.5681],[3.622224,49.568235],[3.62331,49.56806],[3.623838,49.568247],[3.623394,49.568896],[3.623954,49.569567],[3.623753,49.569588],[3.623244,49.57021],[3.621818,49.570858],[3.621303,49.571358],[3.621184,49.571993],[3.62224,49.572247],[3.62569,49.572219],[3.627889,49.571833],[3.629368,49.571314],[3.633091,49.571225],[3.63356,49.571076],[3.63492,49.571137],[3.635174,49.571452],[3.636641,49.57182],[3.638873,49.5715],[3.638374,49.570918],[3.637356,49.570446],[3.637578,49.569923],[3.636998,49.570097],[3.636799,49.570002],[3.636207,49.569403],[3.636201,49.568908],[3.634813,49.568385],[3.634631,49.567914],[3.633969,49.567715],[3.633982,49.566746],[3.63427,49.566478],[3.63431,49.565881],[3.633965,49.56552],[3.633916,49.564846],[3.633056,49.564711],[3.633036,49.564422],[3.632488,49.564132],[3.632695,49.563925],[3.631362,49.563265],[3.631475,49.562761],[3.630589,49.562276],[3.629858,49.560246],[3.62994,49.559531],[3.630375,49.559173],[3.629494,49.558784],[3.629844,49.558564],[3.629851,49.558254],[3.630872,49.557597],[3.632225,49.557227],[3.632602,49.557873],[3.63407,49.558681],[3.636315,49.557869],[3.635641,49.555818],[3.633406,49.556134],[3.631878,49.555162],[3.62996,49.554464],[3.628814,49.554922],[3.627704,49.553627],[3.626436,49.553307],[3.625988,49.552916],[3.624838,49.552445],[3.624467,49.551923],[3.622678,49.551165],[3.621324,49.54968],[3.620327,49.548948],[3.619628,49.547283],[3.619106,49.542096],[3.618227,49.542437],[3.615607,49.544628],[3.611076,49.546318],[3.608144,49.548525],[3.607169,49.548712],[3.605534,49.547751],[3.602391,49.544857],[3.59976,49.543636],[3.595875,49.542761],[3.594655,49.54041],[3.591382,49.541915],[3.591088,49.541418],[3.588289,49.543793]],[[3.620073,49.564854],[3.6207,49.564913],[3.620073,49.564854]],[[3.633442,49.566829],[3.633134,49.566963],[3.632345,49.566975],[3.632414,49.56617],[3.633252,49.566447],[3.633442,49.566829]],[[3.635092,49.56048],[3.633002,49.559856],[3.632728,49.560464],[3.63279,49.561221],[3.632915,49.561334],[3.635789,49.560811],[3.635092,49.56048]],[[3.657944,49.570883],[3.659487,49.570281],[3.65958,49.568814],[3.656679,49.56903],[3.654897,49.569494],[3.653998,49.569531],[3.653808,49.570173],[3.655148,49.570831],[3.656745,49.571145],[3.657944,49.570883]],[[3.690969,49.61431],[3.694619,49.615477],[3.695243,49.61457],[3.695904,49.612257],[3.699697,49.612275],[3.699277,49.608912],[3.695777,49.608013],[3.69624,49.603225],[3.693973,49.602825],[3.694388,49.599933],[3.691859,49.59968],[3.680356,49.594315],[3.683577,49.589959],[3.684764,49.586258],[3.673662,49.584754],[3.671993,49.582951],[3.669975,49.583126],[3.669407,49.583565],[3.667323,49.584407],[3.663914,49.582152],[3.660117,49.58308],[3.658555,49.583889],[3.65872,49.581194],[3.652449,49.5799],[3.650844,49.581653],[3.650559,49.581566],[3.649863,49.582296],[3.648989,49.581942],[3.648016,49.582891],[3.646436,49.583592],[3.649097,49.586017],[3.647698,49.586768],[3.647565,49.586712],[3.645638,49.588343],[3.646167,49.588708],[3.644084,49.590111],[3.646043,49.590033],[3.645892,49.590202],[3.646144,49.590465],[3.649855,49.591938],[3.651122,49.593081],[3.651438,49.593564],[3.65152,49.594251],[3.649809,49.595182],[3.650321,49.595448],[3.650004,49.59728],[3.650395,49.597854],[3.650285,49.598401],[3.649664,49.598992],[3.65108,49.599599],[3.651656,49.599106],[3.655897,49.600512],[3.655374,49.601387],[3.655474,49.603929],[3.658958,49.604702],[3.658137,49.606656],[3.662556,49.607825],[3.662095,49.609683],[3.665427,49.609784],[3.666466,49.608711],[3.668653,49.612808],[3.671418,49.613024],[3.671629,49.612744],[3.673593,49.6131],[3.675242,49.613153],[3.676086,49.614539],[3.678937,49.614798],[3.679092,49.615216],[3.685076,49.616171],[3.688239,49.617129],[3.689929,49.613817],[3.690969,49.61431]]]}},{"type":"Feature","properties":{"uai_primary":"0021686X","uai_all":"0021686X","is_merged":false},"geometry":{"type":"Polygon","coordinates":[[[3.733486,49.614054],[3.732635,49.614222],[3.73402,49.618713],[3.736679,49.619398],[3.735577,49.622798],[3.734995,49.623384],[3.737615,49.624185],[3.738053,49.623106],[3.743243,49.6241],[3.74759,49.623635],[3.747754,49.623054],[3.750089,49.623439],[3.750027,49.623583],[3.75034,49.623673],[3.749294,49.626326],[3.753995,49.627408],[3.754078,49.627158],[3.767926,49.632003],[3.765774,49.63364],[3.772044,49.639816],[3.771872,49.639879],[3.778426,49.64256],[3.778231,49.642961],[3.781415,49.643559],[3.781659,49.643582],[3.781458,49.64239],[3.785234,49.641814],[3.785812,49.641528],[3.78703,49.642183],[3.788033,49.641992],[3.810146,49.630239],[3.813125,49.63099],[3.81356,49.63124],[3.817528,49.632093],[3.817631,49.631624],[3.818505,49.631628],[3.818487,49.631102],[3.818725,49.630723],[3.819018,49.630916],[3.819388,49.630857],[3.820167,49.631943],[3.820561,49.63185],[3.820311,49.630859],[3.820551,49.630622],[3.821769,49.631638],[3.834868,49.640158],[3.83637,49.640571],[3.835597,49.640974],[3.842227,49.642104],[3.842161,49.642199],[3.845743,49.643367],[3.852458,49.644274],[3.853083,49.644332],[3.853501,49.644118],[3.854065,49.644204],[3.856414,49.643898],[3.856683,49.643628],[3.859113,49.643893],[3.859237,49.64408],[3.865026,49.643669],[3.866477,49.64387],[3.867446,49.643569],[3.869955,49.643168],[3.869258,49.641894],[3.872414,49.641618],[3.873821,49.641758],[3.87418,49.641403],[3.874887,49.639101],[3.884575,49.63258],[3.887802,49.629699],[3.887889,49.62788],[3.890293,49.627971],[3.89204,49.625809],[3.895945,49.625717],[3.896218,49.626356],[3.907308,49.627801],[3.914724,49.629862],[3.913109,49.631581],[3.924262,49.634696],[3.925492,49.633954],[3.93051,49.637259],[3.945036,49.635849],[3.944834,49.636485],[3.944986,49.638288],[3.946335,49.638157],[3.964109,49.651619],[3.975757,49.647636],[3.981117,49.634623],[3.982712,49.627863],[3.986235,49.624251],[3.986996,49.623711],[3.986745,49.618074],[3.987346,49.616761],[3.989825,49.613465],[3.993,49.612455],[3.995187,49.611253],[3.997889,49.608541],[4.004142,49.609777],[4.017082,49.611829],[4.027553,49.612585],[4.031647,49.614054],[4.035632,49.610867],[4.03777,49.608881],[4.038181,49.60903],[4.047233,49.599595],[4.052297,49.600067],[4.054018,49.595199],[4.059211,49.594646],[4.060197,49.59633],[4.064838,49.595125],[4.066054,49.594304],[4.065178,49.593404],[4.064559,49.592023],[4.059126,49.593029],[4.058804,49.591082],[4.058037,49.591343],[4.057841,49.588412],[4.059353,49.588538],[4.061875,49.589091],[4.062297,49.585972],[4.062298,49.585109],[4.060585,49.582],[4.061682,49.581662],[4.061363,49.580197],[4.059549,49.578937],[4.059586,49.57846],[4.059822,49.578396],[4.059852,49.576949],[4.059544,49.576548],[4.059499,49.575943],[4.06162,49.574886],[4.061975,49.574365],[4.061399,49.574041],[4.062327,49.573272],[4.062226,49.573138],[4.063512,49.572498],[4.064654,49.573989],[4.064912,49.574143],[4.065441,49.574099],[4.064882,49.573495],[4.064724,49.572157],[4.064166,49.571625],[4.063309,49.57126],[4.065933,49.570753],[4.066652,49.571431],[4.06741,49.572589],[4.068281,49.572236],[4.069351,49.573071],[4.070229,49.573371],[4.070762,49.572314],[4.071719,49.571862],[4.072783,49.571574],[4.07659,49.571252],[4.076794,49.570695],[4.07549,49.570258],[4.076193,49.569528],[4.074846,49.565751],[4.07196,49.565781],[4.071808,49.564997],[4.070118,49.564933],[4.070007,49.564493],[4.066807,49.564289],[4.067277,49.56276],[4.066823,49.562722],[4.066801,49.562372],[4.066433,49.562002],[4.064525,49.561404],[4.064429,49.560876],[4.065917,49.560304],[4.064483,49.559362],[4.062746,49.561007],[4.060477,49.558565],[4.062055,49.558454],[4.063005,49.558084],[4.06212,49.556104],[4.060735,49.556619],[4.06032,49.5547],[4.059931,49.553852],[4.058345,49.554227],[4.058536,49.552522],[4.05666,49.552354],[4.05425,49.552781],[4.05268,49.550734],[4.051063,49.551551],[4.050597,49.550815],[4.050225,49.550992],[4.050895,49.553481],[4.046297,49.551824],[4.043883,49.542436],[4.038542,49.540923],[4.033855,49.539297],[4.031313,49.532487],[4.025052,49.533646],[4.019555,49.534876],[4.013621,49.535467],[4.011992,49.53517],[4.011442,49.53598],[4.010524,49.535793],[4.010388,49.536452],[4.009717,49.536354],[4.009172,49.53609],[4.00865,49.5367],[4.006625,49.535848],[4.006475,49.53621],[4.004971,49.536884],[4.004038,49.538091],[4.000789,49.536986],[4.001184,49.53555],[3.998399,49.537441],[3.996848,49.54194],[3.996819,49.542992],[3.996316,49.54378],[3.995235,49.543712],[3.99021,49.542046],[3.987235,49.544233],[3.979483,49.541645],[3.977978,49.537531],[3.977195,49.536677],[3.978413,49.535152],[3.979957,49.535072],[3.980549,49.533915],[3.976329,49.534215],[3.975813,49.533501],[3.968966,49.534268],[3.968634,49.533387],[3.968356,49.533158],[3.96849,49.53289],[3.969975,49.532933],[3.970765,49.532569],[3.971135,49.53215],[3.97109,49.531729],[3.971399,49.531448],[3.971368,49.531186],[3.970068,49.530715],[3.969721,49.531339],[3.968786,49.532141],[3.967627,49.532398],[3.962923,49.529409],[3.961493,49.526738],[3.960292,49.528806],[3.958343,49.529186],[3.957317,49.529084],[3.955767,49.52841],[3.95456,49.528091],[3.946014,49.521815],[3.946686,49.521761],[3.945462,49.520436],[3.943152,49.520013],[3.937567,49.522852],[3.932232,49.521669],[3.929653,49.52357],[3.92899,49.524124],[3.930152,49.527574],[3.932387,49.528861],[3.927155,49.532767],[3.918248,49.531488],[3.909293,49.531253],[3.894749,49.529246],[3.896894,49.525386],[3.898107,49.52238],[3.89914,49.520874],[3.897475,49.520927],[3.899684,49.515765],[3.896187,49.513602],[3.897026,49.507714],[3.900637,49.50355],[3.893796,49.498501],[3.893482,49.498788],[3.890059,49.496187],[3.888338,49.497111],[3.885813,49.494281],[3.874554,49.497148],[3.874681,49.497537],[3.874376,49.499351],[3.86438,49.501655],[3.864722,49.502505],[3.860967,49.502994],[3.858958,49.503813],[3.858555,49.503359],[3.857161,49.503727],[3.856405,49.502606],[3.854148,49.502996],[3.854082,49.502896],[3.85343,49.502999],[3.853186,49.502812],[3.851815,49.502843],[3.848279,49.503356],[3.845475,49.503381],[3.844818,49.502419],[3.843799,49.502364],[3.843585,49.502163],[3.839892,49.503579],[3.838963,49.503675],[3.838874,49.503789],[3.836354,49.504177],[3.836242,49.504032],[3.835062,49.504201],[3.835142,49.504314],[3.834085,49.504546],[3.833975,49.504709],[3.833551,49.504418],[3.832359,49.504678],[3.831277,49.504682],[3.831126,49.50523],[3.831337,49.50582],[3.830886,49.50618],[3.827252,49.506449],[3.821844,49.506546],[3.818946,49.508935],[3.815691,49.512095],[3.812056,49.510796],[3.809586,49.510653],[3.809374,49.509765],[3.809477,49.507353],[3.798725,49.506419],[3.788009,49.506091],[3.784204,49.506257],[3.782894,49.506521],[3.780721,49.507276],[3.780181,49.508627],[3.77888,49.508381],[3.777908,49.51101],[3.778533,49.512712],[3.778008,49.513532],[3.776626,49.51424],[3.774822,49.517344],[3.775695,49.517845],[3.777936,49.520731],[3.77804,49.522846],[3.776909,49.525464],[3.773807,49.527232],[3.772702,49.528125],[3.774466,49.529392],[3.776756,49.530597],[3.780235,49.533907],[3.776183,49.536196],[3.771257,49.538093],[3.772898,49.540785],[3.774794,49.542419],[3.775918,49.542993],[3.776171,49.542971],[3.776262,49.543594],[3.773896,49.54428],[3.771344,49.544395],[3.767482,49.543692],[3.764991,49.543037],[3.761128,49.543085],[3.761206,49.544207],[3.759528,49.545311],[3.760354,49.546427],[3.759974,49.546967],[3.758296,49.548044],[3.75877,49.548193],[3.758647,49.548567],[3.75914,49.548672],[3.758487,49.549613],[3.758904,49.549731],[3.758241,49.552147],[3.757274,49.552066],[3.756505,49.553282],[3.757164,49.553404],[3.756239,49.554938],[3.75507,49.554748],[3.754272,49.555931],[3.755692,49.556262],[3.755449,49.556923],[3.757463,49.557314],[3.758432,49.557719],[3.757745,49.559174],[3.758612,49.559215],[3.757544,49.562578],[3.762562,49.562762],[3.766676,49.563216],[3.77371,49.563565],[3.775909,49.563855],[3.777961,49.563935],[3.780222,49.563802],[3.782656,49.565742],[3.782509,49.566249],[3.783749,49.56642],[3.786762,49.568335],[3.78426,49.571614],[3.784466,49.573019],[3.784143,49.573751],[3.783368,49.574649],[3.782981,49.575928],[3.7832,49.576428],[3.784454,49.577728],[3.784628,49.577868],[3.785054,49.57765],[3.777743,49.58883],[3.779598,49.589601],[3.780069,49.590061],[3.781265,49.589935],[3.782183,49.590411],[3.783551,49.590765],[3.785095,49.590387],[3.78697,49.589577],[3.790134,49.590614],[3.791899,49.590584],[3.79414,49.592917],[3.796995,49.595461],[3.796794,49.596061],[3.795684,49.597307],[3.781389,49.596101],[3.771392,49.594467],[3.770123,49.598391],[3.767458,49.596915],[3.766078,49.596356],[3.762915,49.595172],[3.762431,49.595268],[3.761781,49.595102],[3.759362,49.59406],[3.758589,49.59394],[3.757467,49.593518],[3.756096,49.596298],[3.755931,49.59938],[3.755624,49.600081],[3.755703,49.6014],[3.754809,49.602686],[3.754409,49.604484],[3.753989,49.605164],[3.753257,49.605692],[3.749996,49.607171],[3.749558,49.60958],[3.747943,49.611016],[3.746147,49.613766],[3.741438,49.613259],[3.741171,49.613877],[3.739315,49.614199],[3.733486,49.614054]]]}},{"type":"Feature","properties":{"uai_primary":"0021688Z","uai_all":"0021688Z","is_merged":false},"geometry":{"type":"Polygon","coordinates":[[[3.093355,49.236468],[3.094306,49.236296],[3.095444,49.23305],[3.090633,49.219875],[3.087354,49.228362],[3.086813,49.230814],[3.089163,49.233553],[3.092138,49.236052],[3.093355,49.236468]],[[3.094469,49.24794],[3.095905,49.247689],[3.096368,49.247245],[3.096423,49.246872],[3.095706,49.246878],[3.095015,49.247166],[3.093045,49.246546],[3.092405,49.247886],[3.094469,49.24794]],[[3.072121,49.245681],[3.069877,49.245051],[3.062678,49.245198],[3.055592,49.245658],[3.055263,49.246607],[3.053751,49.244925],[3.053154,49.24265],[3.0507,49.241171],[3.04717,49.240891],[3.04384,49.241023],[3.043174,49.240938],[3.042524,49.239604],[3.041417,49.239479],[3.041443,49.239348],[3.040901,49.239301],[3.040898,49.239077],[3.038458,49.238734],[3.037287,49.238716],[3.037243,49.239097],[3.036691,49.239056],[3.036658,49.239431],[3.035515,49.239388],[3.034978,49.240226],[3.034873,49.240911],[3.036512,49.24423],[3.036502,49.244867],[3.035935,49.245139],[3.035462,49.244342],[3.034805,49.24425],[3.034512,49.242885],[3.033555,49.24295],[3.033748,49.244074],[3.033287,49.244523],[3.033593,49.244652],[3.033167,49.245212],[3.033362,49.245426],[3.033295,49.245887],[3.032872,49.246193],[3.033168,49.246706],[3.032945,49.247287],[3.033125,49.247658],[3.032975,49.248048],[3.032372,49.248567],[3.032407,49.249648],[3.031942,49.250366],[3.032346,49.250691],[3.032491,49.251495],[3.032084,49.252585],[3.032142,49.25392],[3.031894,49.254519],[3.03117,49.254917],[3.029933,49.256987],[3.027796,49.258356],[3.026425,49.258829],[3.025719,49.259369],[3.026385,49.261485],[3.02769,49.264425],[3.029106,49.26594],[3.029788,49.265952],[3.031123,49.266796],[3.030393,49.267226],[3.028953,49.266664],[3.027214,49.267935],[3.027504,49.271724],[3.026778,49.275524],[3.032466,49.277314],[3.035814,49.278692],[3.036906,49.281115],[3.035908,49.283602],[3.03749,49.286317],[3.035882,49.287689],[3.034485,49.287174],[3.032558,49.286793],[3.029081,49.287381],[3.029209,49.28876],[3.028683,49.288932],[3.028429,49.289987],[3.027384,49.289602],[3.027449,49.289274],[3.026749,49.289118],[3.026945,49.288063],[3.026674,49.287591],[3.0252,49.287926],[3.024332,49.286749],[3.024089,49.286803],[3.02308,49.285586],[3.022461,49.285252],[3.022114,49.285399],[3.021552,49.284443],[3.021864,49.2842],[3.021125,49.283705],[3.020371,49.284061],[3.019304,49.282604],[3.0195,49.282217],[3.019327,49.280295],[3.018118,49.279965],[3.017121,49.279957],[3.01559,49.280372],[3.014651,49.281565],[3.013633,49.281959],[3.01369,49.2824],[3.014853,49.283827],[3.016134,49.284765],[3.017564,49.285353],[3.01819,49.285811],[3.020478,49.288791],[3.021039,49.289903],[3.020538,49.290283],[3.0192,49.289548],[3.017784,49.29007],[3.016927,49.289455],[3.016472,49.289513],[3.016065,49.289179],[3.015345,49.289082],[3.013542,49.28918],[3.011368,49.290328],[3.013122,49.291701],[3.012838,49.291882],[3.011459,49.291135],[3.010828,49.291009],[3.010357,49.29127],[3.010212,49.292518],[3.008729,49.292795],[3.006678,49.291985],[3.005793,49.292197],[3.006119,49.29272],[3.005205,49.293116],[3.003194,49.290955],[3.000665,49.289627],[2.99912,49.289302],[2.9973,49.287995],[2.996722,49.287786],[2.995873,49.286953],[2.995802,49.286565],[2.995091,49.286853],[2.994767,49.286591],[2.994386,49.286548],[2.99258,49.28661],[2.989226,49.287439],[2.988326,49.287432],[2.986092,49.28782],[2.98575,49.288372],[2.986072,49.288893],[2.985626,49.289324],[2.986307,49.290428],[2.986918,49.290832],[2.989104,49.291532],[2.99122,49.292904],[2.992747,49.293647],[2.994034,49.29453],[2.994417,49.29548],[2.995613,49.296345],[2.994945,49.296692],[2.994309,49.298449],[2.992933,49.29858],[2.992815,49.297846],[2.992278,49.297315],[2.991688,49.297433],[2.991207,49.296967],[2.990394,49.297624],[2.98975,49.297203],[2.989274,49.295669],[2.988405,49.296386],[2.987732,49.297359],[2.988652,49.299212],[2.986409,49.300037],[2.985861,49.299404],[2.986764,49.299052],[2.986672,49.298851],[2.985653,49.298397],[2.984829,49.298624],[2.98405,49.297508],[2.983374,49.296944],[2.982131,49.297268],[2.982031,49.297171],[2.98121,49.29764],[2.980931,49.298197],[2.982617,49.298613],[2.984176,49.29964],[2.98476,49.300216],[2.985259,49.30084],[2.984239,49.30132],[2.983287,49.301],[2.982617,49.301012],[2.982369,49.300397],[2.981789,49.300277],[2.981644,49.299885],[2.980223,49.299214],[2.977188,49.298983],[2.976421,49.300712],[2.975958,49.300442],[2.974807,49.301187],[2.975772,49.302164],[2.974467,49.302746],[2.973849,49.302454],[2.973557,49.302011],[2.973021,49.301746],[2.972334,49.302132],[2.972095,49.30199],[2.971595,49.302932],[2.970082,49.302684],[2.969073,49.303007],[2.968384,49.302468],[2.967888,49.302602],[2.968601,49.304264],[2.96828,49.305157],[2.974077,49.304291],[2.974245,49.304582],[2.976402,49.304615],[2.976738,49.305801],[2.978815,49.305688],[2.978155,49.30636],[2.977704,49.307471],[2.977112,49.308031],[2.977438,49.30805],[2.977861,49.309359],[2.978049,49.309351],[2.98032,49.311252],[2.97841,49.312069],[2.975503,49.312477],[2.973622,49.312463],[2.972815,49.311942],[2.972298,49.312021],[2.972361,49.315108],[2.971909,49.315794],[2.967939,49.317575],[2.966898,49.317873],[2.968334,49.319563],[2.9657,49.320189],[2.966365,49.320895],[2.964525,49.321586],[2.968997,49.326501],[2.971182,49.326182],[2.973985,49.32604],[2.976896,49.327356],[2.979674,49.327875],[2.979779,49.328084],[2.981955,49.329008],[2.985173,49.330014],[2.993336,49.333123],[2.99907,49.338356],[3.001649,49.340278],[3.003502,49.339763],[3.010632,49.337289],[3.012687,49.33712],[3.015039,49.336433],[3.015142,49.336232],[3.017211,49.336114],[3.017158,49.335537],[3.017889,49.335587],[3.021235,49.336431],[3.021834,49.334962],[3.021483,49.333045],[3.023127,49.332985],[3.023144,49.333347],[3.028788,49.332793],[3.028585,49.332374],[3.029527,49.332247],[3.029677,49.33249],[3.030334,49.332436],[3.030147,49.332034],[3.032405,49.331335],[3.032471,49.33157],[3.033813,49.331036],[3.035381,49.328496],[3.035711,49.326694],[3.036288,49.325588],[3.039653,49.326938],[3.039188,49.327287],[3.041023,49.327956],[3.040899,49.328321],[3.044121,49.328952],[3.042343,49.330664],[3.043255,49.33114],[3.043828,49.331679],[3.043615,49.331878],[3.043922,49.332033],[3.042609,49.332937],[3.049281,49.33783],[3.049678,49.337932],[3.051418,49.339071],[3.053211,49.339842],[3.054879,49.33978],[3.058057,49.339966],[3.06187,49.34038],[3.062211,49.342406],[3.061457,49.345413],[3.064957,49.345727],[3.065004,49.345404],[3.06681,49.345739],[3.066244,49.346958],[3.068853,49.347481],[3.073957,49.348076],[3.073638,49.348972],[3.075109,49.34905],[3.075476,49.355745],[3.079091,49.355442],[3.080694,49.353986],[3.090398,49.350323],[3.096953,49.348144],[3.099368,49.347593],[3.118445,49.345583],[3.1171,49.343305],[3.121492,49.342455],[3.12167,49.342683],[3.123914,49.341954],[3.120922,49.339138],[3.121642,49.338771],[3.121804,49.338901],[3.124652,49.337853],[3.127043,49.336839],[3.128062,49.336024],[3.128358,49.335442],[3.129111,49.334747],[3.130922,49.333451],[3.131477,49.333375],[3.132821,49.332623],[3.134596,49.331938],[3.13514,49.331485],[3.135405,49.33081],[3.136631,49.329685],[3.134177,49.32773],[3.134809,49.326628],[3.134812,49.325617],[3.1344,49.324908],[3.134637,49.323997],[3.132721,49.321052],[3.132274,49.319346],[3.132508,49.317487],[3.134689,49.314824],[3.135616,49.315306],[3.136865,49.314553],[3.138209,49.31438],[3.139493,49.315258],[3.139304,49.315421],[3.139568,49.315881],[3.139106,49.316038],[3.145135,49.31694],[3.149471,49.31711],[3.153251,49.316135],[3.153978,49.315582],[3.153229,49.314262],[3.158991,49.313509],[3.160072,49.313242],[3.161631,49.312456],[3.162545,49.312201],[3.168845,49.31119],[3.16995,49.308435],[3.168977,49.30847],[3.173029,49.298819],[3.200444,49.293437],[3.199554,49.292928],[3.195756,49.291608],[3.193169,49.289739],[3.192417,49.28988],[3.19214,49.289747],[3.191021,49.288632],[3.192192,49.288335],[3.192986,49.287804],[3.193599,49.285666],[3.193957,49.285403],[3.194249,49.284753],[3.19335,49.284078],[3.191486,49.283552],[3.189294,49.283792],[3.189826,49.282035],[3.191295,49.280856],[3.193258,49.27962],[3.196314,49.275803],[3.196807,49.275682],[3.198714,49.27583],[3.201033,49.275806],[3.204296,49.276451],[3.204441,49.276062],[3.204116,49.275866],[3.203604,49.274523],[3.202501,49.270525],[3.203798,49.268011],[3.20568,49.267079],[3.207897,49.266721],[3.208933,49.266362],[3.210883,49.264925],[3.211473,49.264697],[3.214411,49.26417],[3.217318,49.263302],[3.219046,49.263092],[3.219316,49.262192],[3.219161,49.261586],[3.21633,49.261227],[3.212272,49.261815],[3.209859,49.26198],[3.208288,49.265787],[3.190419,49.265318],[3.169567,49.264974],[3.170215,49.265417],[3.169641,49.265864],[3.177556,49.274328],[3.173618,49.283185],[3.169797,49.284528],[3.165764,49.28557],[3.165548,49.285919],[3.152402,49.278369],[3.159722,49.274999],[3.154737,49.270673],[3.138193,49.26416],[3.136929,49.261493],[3.135105,49.260065],[3.13368,49.257696],[3.132754,49.255926],[3.132344,49.253834],[3.12779,49.250667],[3.122041,49.235935],[3.122154,49.235702],[3.119177,49.228755],[3.114694,49.227444],[3.10144,49.23713],[3.099943,49.237739],[3.096733,49.238227],[3.093743,49.239527],[3.092373,49.24063],[3.091496,49.238008],[3.090563,49.237952],[3.089236,49.23828],[3.091793,49.241382],[3.091625,49.241965],[3.092022,49.242337],[3.096218,49.241696],[3.097499,49.241699],[3.099249,49.242451],[3.103694,49.243467],[3.102508,49.244902],[3.102122,49.245772],[3.100495,49.24736],[3.099365,49.248054],[3.096874,49.24915],[3.094998,49.249722],[3.093351,49.249387],[3.091887,49.248385],[3.091054,49.248082],[3.090059,49.247301],[3.089368,49.246996],[3.087886,49.24574],[3.087121,49.24548],[3.086303,49.24561],[3.086303,49.246041],[3.085528,49.246144],[3.084984,49.246066],[3.084504,49.245697],[3.083632,49.245411],[3.082904,49.245355],[3.08029,49.24621],[3.076866,49.245912],[3.075693,49.24549],[3.07341,49.245738],[3.072121,49.245681]],[[3.10011,49.249563],[3.101063,49.249376],[3.101114,49.249784],[3.09959,49.250448],[3.099453,49.250348],[3.099632,49.249809],[3.10011,49.249563]]]}},{"type":"Feature","properties":{"uai_primary":"0021689A","uai_all":"0021689A","is_merged":false},"geometry":{"type":"Polygon","coordinates":[[[3.506364,49.73236],[3.501331,49.730316],[3.49388,49.735017],[3.489016,49.737788],[3.485676,49.736815],[3.485396,49.736895],[3.482526,49.736699],[3.479058,49.735309],[3.481404,49.732581],[3.475803,49.730573],[3.477965,49.727409],[3.471435,49.724787],[3.469218,49.726214],[3.466653,49.726744],[3.464971,49.725618],[3.463962,49.725834],[3.464982,49.727339],[3.464562,49.727479],[3.462947,49.725739],[3.460991,49.724067],[3.46036,49.723003],[3.453947,49.722759],[3.453777,49.72267],[3.453962,49.721901],[3.448833,49.721976],[3.447528,49.719286],[3.444476,49.713996],[3.441905,49.712824],[3.439833,49.713895],[3.433329,49.714124],[3.430922,49.713547],[3.42942,49.71462],[3.428526,49.715926],[3.432223,49.717413],[3.432297,49.717637],[3.433417,49.718165],[3.435298,49.718732],[3.436758,49.718944],[3.438571,49.718882],[3.439147,49.719954],[3.435965,49.720711],[3.436467,49.721514],[3.44024,49.722379],[3.441123,49.721607],[3.444477,49.722923],[3.444619,49.723101],[3.44214,49.726315],[3.442269,49.726577],[3.440154,49.728708],[3.439527,49.728457],[3.438312,49.728269],[3.438258,49.73004],[3.435141,49.730068],[3.434798,49.733402],[3.433483,49.733459],[3.433686,49.736511],[3.429775,49.736873],[3.429976,49.738445],[3.431524,49.738054],[3.429963,49.741747],[3.42829,49.743263],[3.430101,49.743798],[3.428829,49.745537],[3.427817,49.746051],[3.426747,49.746124],[3.425714,49.746617],[3.424362,49.747726],[3.422409,49.74772],[3.418183,49.748736],[3.410878,49.751957],[3.410102,49.752646],[3.409109,49.754459],[3.406815,49.756177],[3.404015,49.757462],[3.402853,49.759069],[3.401302,49.760602],[3.398023,49.763489],[3.395058,49.765433],[3.394618,49.765113],[3.394799,49.763973],[3.395149,49.76349],[3.394538,49.762581],[3.392697,49.763704],[3.393141,49.763676],[3.393808,49.764216],[3.393668,49.764899],[3.394132,49.765178],[3.394172,49.765387],[3.393323,49.765708],[3.393011,49.766203],[3.393091,49.766523],[3.392352,49.766788],[3.392906,49.767007],[3.393155,49.767512],[3.391207,49.768759],[3.394764,49.770691],[3.399061,49.773431],[3.40005,49.775033],[3.401066,49.775637],[3.400631,49.776032],[3.400661,49.776326],[3.400372,49.77664],[3.400872,49.777089],[3.401598,49.777123],[3.401866,49.777511],[3.402495,49.77674],[3.403298,49.776674],[3.404126,49.777],[3.404358,49.777371],[3.40509,49.77778],[3.40553,49.777519],[3.406323,49.777784],[3.406304,49.777996],[3.407143,49.778274],[3.407392,49.77849],[3.405236,49.779095],[3.405346,49.779303],[3.406599,49.780051],[3.406877,49.78064],[3.408779,49.781912],[3.408835,49.782247],[3.409411,49.782524],[3.410056,49.783745],[3.410304,49.783998],[3.410869,49.784093],[3.412019,49.785171],[3.412203,49.785673],[3.414145,49.786764],[3.413521,49.786854],[3.412467,49.786578],[3.411857,49.786798],[3.412076,49.787269],[3.412707,49.787436],[3.412656,49.787582],[3.408782,49.791907],[3.410111,49.792841],[3.405819,49.795216],[3.406599,49.795587],[3.405017,49.796464],[3.404128,49.797567],[3.401327,49.798334],[3.402179,49.799888],[3.400559,49.800155],[3.400951,49.801274],[3.401739,49.801278],[3.402252,49.802302],[3.404202,49.804305],[3.402965,49.804764],[3.403817,49.80611],[3.403523,49.806054],[3.39924,49.806893],[3.392354,49.807369],[3.38921,49.807745],[3.384729,49.808532],[3.381301,49.809503],[3.376011,49.810291],[3.375988,49.810613],[3.376576,49.811773],[3.379152,49.811373],[3.379604,49.812212],[3.377621,49.812846],[3.377541,49.813141],[3.376829,49.813329],[3.378069,49.815258],[3.379056,49.816034],[3.379133,49.81658],[3.378935,49.816876],[3.380245,49.818144],[3.377242,49.819309],[3.377632,49.819437],[3.379979,49.822524],[3.379865,49.822829],[3.380792,49.82372],[3.381162,49.823744],[3.383277,49.822239],[3.386095,49.823183],[3.388832,49.823369],[3.390016,49.821853],[3.392341,49.822911],[3.392097,49.825271],[3.389458,49.825091],[3.389214,49.826377],[3.391448,49.826654],[3.391758,49.828835],[3.390333,49.82886],[3.389845,49.829721],[3.390568,49.831688],[3.392064,49.831689],[3.392397,49.834155],[3.393653,49.833879],[3.394022,49.835855],[3.395128,49.835957],[3.395488,49.834424],[3.396459,49.834149],[3.399701,49.835661],[3.40138,49.836114],[3.400517,49.838169],[3.40322,49.838662],[3.407699,49.840022],[3.40778,49.840399],[3.407259,49.840625],[3.407829,49.841382],[3.407985,49.84135],[3.408539,49.843227],[3.410341,49.84333],[3.412976,49.842828],[3.413061,49.843948],[3.409895,49.844259],[3.409854,49.845054],[3.41091,49.847229],[3.409465,49.847285],[3.409238,49.847594],[3.415237,49.848316],[3.414086,49.849598],[3.416897,49.850215],[3.416627,49.850779],[3.418199,49.85017],[3.419814,49.851912],[3.417278,49.852651],[3.424855,49.855201],[3.427931,49.854677],[3.432237,49.854962],[3.433232,49.853678],[3.431002,49.852873],[3.430681,49.85062],[3.431968,49.850338],[3.436809,49.850965],[3.439285,49.852251],[3.442386,49.853324],[3.442048,49.853894],[3.444533,49.854856],[3.444125,49.855533],[3.44719,49.855004],[3.44734,49.855649],[3.449534,49.855437],[3.449146,49.859708],[3.448345,49.859584],[3.446746,49.861668],[3.447053,49.861725],[3.446919,49.862246],[3.447153,49.863092],[3.444294,49.864219],[3.446597,49.870111],[3.447134,49.870502],[3.44698,49.870866],[3.45478,49.868435],[3.456499,49.870715],[3.458675,49.869289],[3.460921,49.866906],[3.46327,49.864935],[3.466653,49.862861],[3.471648,49.863895],[3.476828,49.864663],[3.478398,49.86325],[3.481232,49.863489],[3.481669,49.861016],[3.48915,49.858753],[3.489736,49.858996],[3.491344,49.857097],[3.493869,49.858545],[3.4946,49.857673],[3.494914,49.857749],[3.495194,49.857308],[3.497488,49.856504],[3.499263,49.857405],[3.501036,49.856481],[3.501543,49.85696],[3.505067,49.858139],[3.505795,49.858587],[3.507736,49.858967],[3.509905,49.859908],[3.511246,49.860695],[3.514058,49.86301],[3.512259,49.865013],[3.512455,49.865439],[3.512982,49.865407],[3.513189,49.864932],[3.513478,49.864776],[3.514454,49.864653],[3.514951,49.864401],[3.515721,49.864467],[3.516004,49.864825],[3.51478,49.865232],[3.514754,49.865553],[3.51578,49.866083],[3.516672,49.866014],[3.517285,49.866261],[3.517821,49.867107],[3.519564,49.868853],[3.520329,49.869124],[3.522563,49.869184],[3.523474,49.869397],[3.525677,49.870173],[3.528618,49.871644],[3.530726,49.872242],[3.530678,49.871283],[3.532085,49.870095],[3.533846,49.866773],[3.536307,49.866815],[3.536644,49.86597],[3.538556,49.864501],[3.540287,49.865181],[3.540013,49.865451],[3.541511,49.865806],[3.542664,49.864966],[3.54328,49.86527],[3.544985,49.863899],[3.546359,49.863245],[3.550114,49.860503],[3.550328,49.860175],[3.55026,49.859597],[3.54987,49.859252],[3.551007,49.858639],[3.55098,49.857606],[3.554037,49.856923],[3.557742,49.855264],[3.559337,49.854002],[3.561939,49.851343],[3.563515,49.85055],[3.562455,49.848023],[3.564258,49.847935],[3.565478,49.847311],[3.567055,49.845773],[3.566882,49.845504],[3.572409,49.844849],[3.575712,49.843761],[3.573557,49.840525],[3.572214,49.839118],[3.570972,49.836809],[3.57465,49.83688],[3.58228,49.836277],[3.581538,49.833876],[3.583405,49.833294],[3.583512,49.83313],[3.583071,49.832451],[3.591245,49.826084],[3.595058,49.823403],[3.595029,49.823287],[3.589952,49.82171],[3.587193,49.822033],[3.585631,49.822013],[3.585576,49.821544],[3.584426,49.821725],[3.583873,49.82031],[3.588381,49.819782],[3.58813,49.819408],[3.58599,49.817676],[3.589081,49.817394],[3.586726,49.81518],[3.582948,49.810564],[3.583964,49.810302],[3.583633,49.808295],[3.581859,49.806025],[3.581871,49.805877],[3.583224,49.805847],[3.587046,49.805235],[3.585303,49.803075],[3.587436,49.802042],[3.593127,49.803137],[3.591464,49.800376],[3.591073,49.797007],[3.592571,49.795869],[3.595855,49.794697],[3.601258,49.793583],[3.596586,49.78681],[3.59383,49.784184],[3.594729,49.783649],[3.594809,49.783442],[3.592332,49.778565],[3.590351,49.775724],[3.590397,49.775497],[3.591941,49.774892],[3.594246,49.775584],[3.596334,49.774394],[3.596922,49.774662],[3.59804,49.773298],[3.598351,49.772563],[3.597891,49.770742],[3.600841,49.770438],[3.601671,49.769716],[3.601995,49.769888],[3.602238,49.769145],[3.601821,49.768928],[3.603962,49.766539],[3.602123,49.766154],[3.602821,49.765111],[3.60521,49.764954],[3.60537,49.764737],[3.605759,49.764696],[3.606649,49.764726],[3.606963,49.76491],[3.607818,49.764398],[3.607725,49.763644],[3.609279,49.762785],[3.610859,49.76429],[3.612313,49.765364],[3.612708,49.765325],[3.614752,49.764454],[3.614207,49.761296],[3.617079,49.760783],[3.620806,49.76306],[3.623445,49.762219],[3.6236,49.762401],[3.62536,49.762046],[3.628635,49.763969],[3.630979,49.764902],[3.633316,49.762676],[3.634493,49.763005],[3.635824,49.761544],[3.633183,49.760869],[3.63486,49.759538],[3.633316,49.758881],[3.634689,49.757479],[3.632778,49.756696],[3.633685,49.755586],[3.635029,49.755757],[3.637074,49.75363],[3.63865,49.750461],[3.638218,49.745399],[3.633507,49.745107],[3.633327,49.745326],[3.632969,49.745344],[3.630788,49.745241],[3.624257,49.744641],[3.615674,49.744412],[3.614055,49.744204],[3.613842,49.744836],[3.609555,49.744411],[3.608043,49.745964],[3.606377,49.746482],[3.60598,49.746342],[3.603976,49.745389],[3.599914,49.743094],[3.6014,49.741879],[3.595509,49.739355],[3.598066,49.73584],[3.59562,49.735198],[3.596721,49.733103],[3.594553,49.732597],[3.594541,49.732803],[3.590963,49.733015],[3.590277,49.733286],[3.585908,49.730055],[3.582757,49.728677],[3.583047,49.72851],[3.576699,49.72609],[3.575395,49.727519],[3.57377,49.726807],[3.570699,49.725296],[3.561649,49.719234],[3.561776,49.71915],[3.560163,49.717895],[3.557202,49.71502],[3.554139,49.716174],[3.553905,49.715189],[3.552272,49.715338],[3.547262,49.715265],[3.545161,49.71493],[3.541828,49.714966],[3.538996,49.715324],[3.536605,49.714717],[3.536204,49.715592],[3.535954,49.717126],[3.536157,49.717351],[3.536767,49.717481],[3.536959,49.717911],[3.534483,49.718918],[3.534361,49.718144],[3.534611,49.717128],[3.53346,49.717227],[3.530576,49.718343],[3.534165,49.721267],[3.52699,49.725],[3.527402,49.72533],[3.528156,49.724952],[3.529647,49.726232],[3.527113,49.727648],[3.524324,49.728454],[3.521895,49.729565],[3.520743,49.730477],[3.519245,49.731221],[3.517697,49.732284],[3.515854,49.734057],[3.514178,49.73537],[3.506364,49.73236]]]}},{"type":"Feature","properties":{"uai_primary":"0021691C","uai_all":"0021691C","is_merged":false},"geometry":{"type":"Polygon","coordinates":[[[3.321596,49.359532],[3.321917,49.359078],[3.321771,49.358202],[3.32245,49.35743],[3.321212,49.357502],[3.317004,49.35887],[3.314405,49.355668],[3.313727,49.355092],[3.311813,49.356156],[3.311796,49.356415],[3.314511,49.359004],[3.314719,49.359813],[3.316753,49.359375],[3.317835,49.359845],[3.320196,49.360157],[3.321264,49.35986],[3.321596,49.359532]],[[3.323823,49.362394],[3.324163,49.36222],[3.32423,49.36181],[3.323901,49.361566],[3.32361,49.361476],[3.323351,49.361817],[3.322788,49.361748],[3.322762,49.362524],[3.323823,49.362394]],[[3.329464,49.372999],[3.329546,49.373092],[3.329652,49.373004],[3.329464,49.372999]],[[3.320691,49.374561],[3.318471,49.374456],[3.318071,49.374679],[3.317693,49.374405],[3.316909,49.374329],[3.316784,49.374563],[3.317015,49.375061],[3.316515,49.375344],[3.316376,49.375931],[3.316102,49.37615],[3.316128,49.376842],[3.316552,49.376993],[3.316861,49.376853],[3.318072,49.377136],[3.319679,49.37718],[3.32038,49.377451],[3.321288,49.377215],[3.321303,49.377693],[3.320648,49.378082],[3.320404,49.378472],[3.320907,49.37926],[3.320773,49.379685],[3.320266,49.379813],[3.319856,49.380509],[3.320647,49.380553],[3.320761,49.380803],[3.320359,49.381188],[3.320379,49.381467],[3.320994,49.381871],[3.320989,49.382241],[3.321525,49.382019],[3.321878,49.382181],[3.322022,49.382838],[3.322393,49.383041],[3.322837,49.38274],[3.323352,49.383057],[3.323621,49.382957],[3.323641,49.382633],[3.32433,49.382106],[3.325352,49.382841],[3.325303,49.383086],[3.325901,49.383633],[3.326564,49.383268],[3.326838,49.383415],[3.327213,49.38325],[3.327777,49.383295],[3.327888,49.382827],[3.328453,49.383034],[3.327793,49.383307],[3.327922,49.38357],[3.328949,49.383708],[3.329988,49.38423],[3.329019,49.387338],[3.32941,49.387787],[3.329701,49.389167],[3.329556,49.389476],[3.329889,49.391391],[3.329685,49.392782],[3.330193,49.393957],[3.330939,49.394754],[3.331365,49.394396],[3.331682,49.394446],[3.332806,49.393227],[3.333515,49.392936],[3.335308,49.392797],[3.339463,49.39305],[3.342379,49.392267],[3.351213,49.398022],[3.352018,49.397513],[3.354634,49.396415],[3.356867,49.396109],[3.356638,49.395597],[3.357238,49.395308],[3.357656,49.394834],[3.356266,49.39378],[3.356113,49.393354],[3.356234,49.391887],[3.356005,49.39113],[3.354119,49.388441],[3.354284,49.387766],[3.355171,49.386168],[3.355073,49.385279],[3.354481,49.384508],[3.352623,49.383518],[3.352169,49.383098],[3.350504,49.379976],[3.349973,49.379645],[3.347453,49.379089],[3.344661,49.379102],[3.340413,49.378757],[3.340942,49.377991],[3.340825,49.37778],[3.339536,49.377601],[3.339028,49.377386],[3.338746,49.376525],[3.337836,49.376137],[3.338058,49.37511],[3.337497,49.374839],[3.34747,49.37232],[3.345662,49.369784],[3.34576,49.369205],[3.34925,49.367406],[3.350179,49.36642],[3.350662,49.36554],[3.352547,49.364299],[3.354062,49.364268],[3.354477,49.364717],[3.354482,49.364243],[3.354289,49.364053],[3.353861,49.364012],[3.353597,49.363303],[3.352179,49.363761],[3.351178,49.363166],[3.35076,49.362533],[3.350264,49.362721],[3.349717,49.36241],[3.349449,49.362525],[3.348941,49.362394],[3.346404,49.362999],[3.345599,49.363618],[3.344485,49.365041],[3.343126,49.365251],[3.34238,49.365157],[3.341688,49.365713],[3.338474,49.367591],[3.335737,49.368538],[3.330912,49.371424],[3.329545,49.372688],[3.330195,49.372865],[3.329564,49.373161],[3.329753,49.37348],[3.329524,49.37381],[3.330127,49.374537],[3.329753,49.375148],[3.329296,49.375457],[3.328874,49.375481],[3.328437,49.374768],[3.327988,49.374737],[3.327468,49.374343],[3.32656,49.374006],[3.325791,49.37301],[3.325229,49.372848],[3.324329,49.373142],[3.323651,49.372584],[3.322526,49.373323],[3.321266,49.373641],[3.32176,49.374706],[3.320691,49.374561]],[[3.314002,49.380584],[3.314284,49.380892],[3.314634,49.380881],[3.314687,49.37982],[3.31455,49.379987],[3.31397,49.379872],[3.313851,49.3803],[3.314002,49.380584]]]}},{"type":"Feature","properties":{"uai_primary":"0021721K","uai_all":"0021721K","is_merged":false},"geometry":{"type":"Polygon","coordinates":[[[3.594553,49.732597],[3.596721,49.733103],[3.59562,49.735198],[3.598066,49.73584],[3.595509,49.739355],[3.6014,49.741879],[3.599914,49.743094],[3.603976,49.745389],[3.606377,49.746482],[3.608043,49.745964],[3.609555,49.744411],[3.613842,49.744836],[3.614055,49.744204],[3.615674,49.744412],[3.624257,49.744641],[3.630788,49.745241],[3.632969,49.745344],[3.633327,49.745326],[3.633507,49.745107],[3.638218,49.745399],[3.63865,49.750461],[3.637074,49.75363],[3.6479,49.755223],[3.645931,49.759519],[3.647119,49.759917],[3.646721,49.760806],[3.649232,49.761331],[3.651774,49.7557],[3.651015,49.755552],[3.653746,49.752809],[3.654822,49.75204],[3.65451,49.751831],[3.655537,49.751259],[3.658358,49.750676],[3.66033,49.753356],[3.66163,49.752407],[3.664533,49.752752],[3.665397,49.752064],[3.667879,49.747355],[3.667375,49.746981],[3.668093,49.747077],[3.668455,49.74686],[3.671409,49.74718],[3.672457,49.747169],[3.674808,49.747973],[3.678248,49.74649],[3.68004,49.746376],[3.682309,49.745814],[3.684179,49.745736],[3.68198,49.743475],[3.681475,49.742718],[3.681454,49.741909],[3.682943,49.739058],[3.683563,49.735959],[3.68323,49.734481],[3.682554,49.733284],[3.681857,49.730397],[3.686077,49.730244],[3.685628,49.729517],[3.686187,49.728902],[3.690988,49.726411],[3.690268,49.725865],[3.693431,49.724042],[3.692668,49.72352],[3.694465,49.721957],[3.695802,49.721526],[3.697477,49.720503],[3.697324,49.719606],[3.702358,49.717412],[3.700921,49.716436],[3.703373,49.714854],[3.708463,49.714124],[3.707556,49.713184],[3.707949,49.712972],[3.706366,49.710316],[3.705824,49.710064],[3.704934,49.709223],[3.704729,49.708648],[3.704157,49.708396],[3.70354,49.707151],[3.703453,49.70595],[3.704111,49.705388],[3.704485,49.705302],[3.703448,49.702985],[3.703639,49.70294],[3.702884,49.701726],[3.705068,49.701469],[3.705778,49.701033],[3.700932,49.694667],[3.700595,49.694895],[3.698808,49.693877],[3.699461,49.691715],[3.700892,49.689516],[3.699015,49.689295],[3.696793,49.688719],[3.696381,49.687965],[3.695638,49.687631],[3.69552,49.687335],[3.697063,49.686666],[3.697054,49.686553],[3.692963,49.68563],[3.692386,49.684805],[3.690642,49.684102],[3.689264,49.682753],[3.691603,49.680914],[3.692045,49.679747],[3.690414,49.678924],[3.690602,49.678795],[3.690953,49.678832],[3.691413,49.678551],[3.69207,49.678717],[3.692265,49.678491],[3.692745,49.678659],[3.693187,49.678344],[3.692699,49.678038],[3.69325,49.677365],[3.69447,49.676471],[3.695481,49.677063],[3.695196,49.67734],[3.695667,49.677514],[3.695782,49.677399],[3.696494,49.677368],[3.696664,49.677621],[3.698665,49.677032],[3.703912,49.676138],[3.70746,49.674965],[3.715273,49.670819],[3.717011,49.669136],[3.719979,49.667643],[3.722285,49.665144],[3.723774,49.664302],[3.724199,49.663646],[3.724205,49.663167],[3.72408,49.662574],[3.719669,49.663694],[3.719247,49.662344],[3.711476,49.660113],[3.711508,49.659955],[3.70758,49.659087],[3.707545,49.658902],[3.700271,49.659992],[3.699069,49.660034],[3.698682,49.65987],[3.697978,49.659088],[3.697752,49.659086],[3.697974,49.660259],[3.695957,49.65849],[3.69742,49.657824],[3.694579,49.652326],[3.69531,49.652175],[3.693864,49.649334],[3.694697,49.649393],[3.693482,49.645693],[3.694364,49.645157],[3.695496,49.644752],[3.703645,49.646298],[3.704562,49.645334],[3.705255,49.644121],[3.707361,49.638991],[3.700995,49.637785],[3.701855,49.636078],[3.697368,49.634843],[3.698404,49.632304],[3.702943,49.632113],[3.702877,49.631341],[3.704867,49.631228],[3.704107,49.625729],[3.703225,49.623152],[3.701241,49.618748],[3.695246,49.618152],[3.691964,49.618568],[3.689854,49.618057],[3.689498,49.617871],[3.691607,49.614569],[3.689929,49.613817],[3.688239,49.617129],[3.685076,49.616171],[3.679092,49.615216],[3.678937,49.614798],[3.676086,49.614539],[3.675242,49.613153],[3.673593,49.6131],[3.671629,49.612744],[3.671418,49.613024],[3.668653,49.612808],[3.666466,49.608711],[3.665427,49.609784],[3.662095,49.609683],[3.661437,49.611355],[3.659475,49.610982],[3.657994,49.612654],[3.655243,49.611453],[3.652407,49.613755],[3.647834,49.610754],[3.644948,49.613544],[3.636384,49.609635],[3.641738,49.60672],[3.646535,49.603621],[3.646734,49.603456],[3.645227,49.602651],[3.643994,49.60446],[3.642689,49.603564],[3.637992,49.603928],[3.639942,49.605756],[3.637163,49.606782],[3.636104,49.607529],[3.634357,49.613005],[3.6322,49.612417],[3.629562,49.611452],[3.625894,49.609686],[3.625444,49.610134],[3.623298,49.60872],[3.620407,49.609386],[3.621025,49.609869],[3.623634,49.611265],[3.623358,49.612942],[3.623173,49.612919],[3.6223,49.614486],[3.622014,49.614391],[3.617621,49.617684],[3.618687,49.618088],[3.619126,49.620692],[3.622073,49.620673],[3.622009,49.621059],[3.62407,49.620762],[3.626304,49.620734],[3.630276,49.621714],[3.631297,49.622269],[3.633429,49.622443],[3.635145,49.623373],[3.637507,49.625293],[3.639205,49.625348],[3.640179,49.626131],[3.641462,49.627796],[3.641384,49.629475],[3.63206,49.635062],[3.631485,49.635482],[3.631544,49.635606],[3.629803,49.636785],[3.629998,49.637262],[3.62618,49.639557],[3.623955,49.640599],[3.620328,49.638763],[3.621607,49.63551],[3.619866,49.634861],[3.619925,49.634629],[3.618586,49.632487],[3.618791,49.6318],[3.617614,49.631133],[3.611076,49.629198],[3.606262,49.633142],[3.604424,49.63442],[3.60098,49.630683],[3.600031,49.630399],[3.594866,49.630708],[3.588039,49.624288],[3.586133,49.62606],[3.581243,49.629622],[3.582294,49.630195],[3.581808,49.631168],[3.580925,49.630793],[3.576688,49.63345],[3.575737,49.634089],[3.573715,49.636266],[3.572449,49.637296],[3.570829,49.636304],[3.57039,49.636869],[3.568279,49.638652],[3.564343,49.64104],[3.563854,49.640282],[3.560466,49.640865],[3.558701,49.641439],[3.554374,49.644017],[3.551651,49.641874],[3.549038,49.638607],[3.551281,49.635792],[3.550769,49.635025],[3.548627,49.633973],[3.549058,49.632696],[3.548119,49.632007],[3.542352,49.628635],[3.536991,49.626629],[3.53344,49.627753],[3.531247,49.626327],[3.529952,49.627261],[3.527669,49.626299],[3.526451,49.628261],[3.521566,49.63289],[3.518892,49.634588],[3.51636,49.635634],[3.514251,49.63615],[3.514357,49.637124],[3.513237,49.637435],[3.511292,49.634593],[3.510461,49.63488],[3.504498,49.635946],[3.503153,49.636739],[3.502486,49.636159],[3.501015,49.636828],[3.500626,49.637393],[3.499856,49.63776],[3.493396,49.63802],[3.483459,49.634271],[3.483004,49.634353],[3.482554,49.635782],[3.477717,49.634715],[3.472449,49.635707],[3.472561,49.636135],[3.468615,49.637817],[3.46915,49.63897],[3.476513,49.640691],[3.473485,49.644399],[3.464936,49.641514],[3.462002,49.641651],[3.458021,49.643135],[3.456705,49.642747],[3.453386,49.645268],[3.450613,49.648133],[3.449671,49.649909],[3.45214,49.651531],[3.460667,49.651812],[3.460939,49.652236],[3.462937,49.651694],[3.463623,49.650967],[3.46666,49.650045],[3.470043,49.649784],[3.469193,49.651993],[3.467146,49.653257],[3.46608,49.654893],[3.465501,49.656238],[3.464202,49.656076],[3.463793,49.657314],[3.462744,49.657788],[3.463938,49.657989],[3.465154,49.657024],[3.465063,49.658863],[3.463954,49.658868],[3.463934,49.659299],[3.460834,49.658839],[3.460275,49.66],[3.458946,49.659643],[3.457997,49.661147],[3.458856,49.662212],[3.458839,49.662997],[3.459541,49.663354],[3.462625,49.664342],[3.465604,49.666303],[3.464027,49.667966],[3.467372,49.669102],[3.467177,49.669643],[3.47066,49.670643],[3.469193,49.673217],[3.469682,49.673392],[3.468953,49.674844],[3.472801,49.676111],[3.473281,49.676044],[3.464161,49.688154],[3.469531,49.690305],[3.471256,49.690612],[3.470297,49.691334],[3.468057,49.691306],[3.467107,49.691573],[3.467533,49.692046],[3.467371,49.692751],[3.470412,49.694206],[3.474408,49.693875],[3.476552,49.693355],[3.47814,49.693181],[3.47823,49.693303],[3.477867,49.693555],[3.477897,49.698703],[3.477343,49.698714],[3.477278,49.700219],[3.475308,49.700006],[3.475041,49.701927],[3.475205,49.701955],[3.475311,49.702947],[3.47351,49.702961],[3.473357,49.704254],[3.473922,49.704335],[3.474417,49.707577],[3.475611,49.707787],[3.475636,49.710413],[3.475,49.710495],[3.475076,49.711367],[3.477303,49.713007],[3.477767,49.713957],[3.476417,49.715281],[3.477328,49.715766],[3.476606,49.717569],[3.475776,49.720623],[3.472968,49.723635],[3.471435,49.724787],[3.478061,49.727456],[3.475803,49.730573],[3.481404,49.732581],[3.479058,49.735309],[3.482526,49.736699],[3.485396,49.736895],[3.485676,49.736815],[3.489016,49.737788],[3.49388,49.735017],[3.501331,49.730316],[3.514178,49.73537],[3.515854,49.734057],[3.517697,49.732284],[3.519245,49.731221],[3.520743,49.730477],[3.521895,49.729565],[3.524324,49.728454],[3.527113,49.727648],[3.529647,49.726232],[3.528156,49.724952],[3.527402,49.72533],[3.52699,49.725],[3.534165,49.721267],[3.530576,49.718343],[3.53346,49.717227],[3.534611,49.717128],[3.534361,49.718144],[3.534483,49.718918],[3.536959,49.717911],[3.536767,49.717481],[3.536157,49.717351],[3.535954,49.717126],[3.536204,49.715592],[3.536605,49.714717],[3.538996,49.715324],[3.541828,49.714966],[3.545161,49.71493],[3.547262,49.715265],[3.552272,49.715338],[3.553905,49.715189],[3.554139,49.716174],[3.557202,49.71502],[3.560163,49.717895],[3.561776,49.71915],[3.561649,49.719234],[3.570523,49.725185],[3.572752,49.726336],[3.575395,49.727519],[3.576699,49.72609],[3.583047,49.72851],[3.582757,49.728677],[3.585908,49.730055],[3.590277,49.733286],[3.590963,49.733015],[3.594541,49.732803],[3.594553,49.732597]]]}},{"type":"Feature","properties":{"uai_primary":"0021722L","uai_all":"0021722L","is_merged":false},"geometry":{"type":"Polygon","coordinates":[[[3.1171,49.343305],[3.118445,49.345583],[3.099368,49.347593],[3.096953,49.348144],[3.090398,49.350323],[3.080694,49.353986],[3.079091,49.355442],[3.076915,49.355594],[3.077439,49.364289],[3.077097,49.371467],[3.079216,49.373279],[3.080425,49.373971],[3.081427,49.374318],[3.082969,49.375738],[3.084847,49.376731],[3.086269,49.377097],[3.087278,49.377103],[3.088447,49.377562],[3.089448,49.377684],[3.089825,49.377308],[3.090548,49.375241],[3.091428,49.375289],[3.091935,49.375075],[3.093067,49.375665],[3.093629,49.376232],[3.094274,49.37624],[3.094718,49.37659],[3.09496,49.376522],[3.095291,49.377556],[3.095231,49.378953],[3.095401,49.379053],[3.095079,49.379322],[3.095396,49.379561],[3.095121,49.380269],[3.094696,49.380338],[3.0945,49.380609],[3.094455,49.381435],[3.094108,49.382138],[3.09425,49.382239],[3.094039,49.384144],[3.09378,49.384622],[3.093772,49.385208],[3.093585,49.385293],[3.093659,49.385698],[3.092971,49.386705],[3.092084,49.387156],[3.092096,49.387385],[3.091845,49.387444],[3.091537,49.387913],[3.091403,49.38844],[3.091019,49.388493],[3.090676,49.389211],[3.090997,49.390915],[3.091513,49.39166],[3.09026,49.393042],[3.090261,49.393922],[3.090769,49.394236],[3.091026,49.394751],[3.090723,49.395493],[3.09097,49.396475],[3.091222,49.396651],[3.091145,49.396784],[3.091422,49.396775],[3.09198,49.397186],[3.091839,49.397439],[3.091445,49.397549],[3.091592,49.397826],[3.090397,49.397989],[3.090282,49.398371],[3.092937,49.398533],[3.095479,49.398149],[3.096266,49.403901],[3.097912,49.410193],[3.094105,49.420978],[3.09341,49.424602],[3.093138,49.432626],[3.094191,49.43398],[3.095962,49.435323],[3.097849,49.43723],[3.100507,49.438921],[3.100713,49.447363],[3.100481,49.457072],[3.100839,49.460247],[3.100174,49.462623],[3.099346,49.464494],[3.09329,49.46866],[3.097257,49.469059],[3.099981,49.469027],[3.107316,49.468214],[3.105311,49.473223],[3.106906,49.474047],[3.106668,49.474282],[3.106752,49.474511],[3.106175,49.47461],[3.107213,49.475864],[3.107728,49.476147],[3.108488,49.475884],[3.108703,49.476078],[3.108516,49.476124],[3.109917,49.477305],[3.109712,49.477512],[3.110049,49.477696],[3.110235,49.477621],[3.11158,49.478386],[3.112588,49.478552],[3.112727,49.478228],[3.11656,49.478506],[3.118515,49.478418],[3.119412,49.478518],[3.120871,49.478894],[3.121991,49.479592],[3.122937,49.479795],[3.12307,49.479673],[3.123581,49.479759],[3.124368,49.480128],[3.123382,49.481218],[3.123757,49.481334],[3.123329,49.482442],[3.1234,49.482684],[3.123982,49.483101],[3.123786,49.483259],[3.124283,49.483659],[3.123327,49.484264],[3.123444,49.484457],[3.122168,49.485241],[3.123673,49.48647],[3.122476,49.48721],[3.122384,49.487086],[3.122149,49.487143],[3.121202,49.487541],[3.122443,49.489056],[3.121839,49.489264],[3.12215,49.490742],[3.120662,49.490893],[3.121806,49.493821],[3.122683,49.493785],[3.125659,49.493182],[3.126188,49.493311],[3.127206,49.493051],[3.131349,49.492665],[3.133386,49.492596],[3.137743,49.492119],[3.139881,49.492067],[3.143509,49.491334],[3.146668,49.490903],[3.148272,49.490871],[3.150471,49.493246],[3.154555,49.493111],[3.155256,49.494134],[3.16407,49.493289],[3.170003,49.4949],[3.171684,49.493656],[3.174252,49.491296],[3.179385,49.48842],[3.178901,49.487213],[3.181357,49.486266],[3.187188,49.484638],[3.189178,49.483661],[3.19533,49.482107],[3.19708,49.481447],[3.200714,49.480718],[3.214651,49.479125],[3.22474,49.478589],[3.224933,49.478587],[3.224561,49.48326],[3.233603,49.483501],[3.233712,49.485075],[3.238006,49.485872],[3.239179,49.488525],[3.244083,49.488987],[3.247795,49.490077],[3.25222,49.490905],[3.255042,49.485296],[3.258958,49.480705],[3.265357,49.479601],[3.271239,49.479654],[3.271243,49.479772],[3.271981,49.479775],[3.272346,49.479374],[3.277063,49.478284],[3.28251,49.478242],[3.282658,49.47887],[3.285492,49.478625],[3.288059,49.478704],[3.288466,49.468592],[3.277548,49.46615],[3.274858,49.465768],[3.270252,49.464641],[3.268427,49.464518],[3.268458,49.462702],[3.267029,49.459682],[3.265851,49.456553],[3.265096,49.456501],[3.264506,49.456288],[3.262907,49.45636],[3.262252,49.456219],[3.258106,49.456449],[3.256764,49.45594],[3.254865,49.455638],[3.254535,49.455604],[3.253726,49.455845],[3.252586,49.455858],[3.24876,49.455409],[3.247757,49.454878],[3.246137,49.455469],[3.244872,49.456536],[3.244381,49.457209],[3.241131,49.457041],[3.240638,49.456892],[3.233123,49.456121],[3.232554,49.454654],[3.231953,49.454727],[3.23087,49.45454],[3.228977,49.45591],[3.227543,49.455726],[3.226539,49.455142],[3.223903,49.454129],[3.213333,49.449348],[3.214769,49.448626],[3.216014,49.448931],[3.217389,49.448733],[3.217726,49.448281],[3.217717,49.447742],[3.216442,49.44573],[3.216026,49.445643],[3.215335,49.443178],[3.214606,49.442488],[3.211704,49.440746],[3.209459,49.438406],[3.207643,49.436844],[3.210282,49.43274],[3.218613,49.428628],[3.215518,49.423418],[3.215915,49.423232],[3.221304,49.422154],[3.22212,49.421831],[3.224111,49.421771],[3.224408,49.420988],[3.223858,49.419559],[3.222877,49.418807],[3.221547,49.417359],[3.220236,49.416712],[3.220606,49.416342],[3.219563,49.415712],[3.21914,49.415176],[3.218779,49.41419],[3.219654,49.413918],[3.219253,49.413433],[3.220093,49.413358],[3.220821,49.412873],[3.221986,49.41255],[3.222662,49.411871],[3.223694,49.411818],[3.22547,49.410997],[3.228251,49.410676],[3.23123,49.410105],[3.232197,49.409617],[3.234648,49.408939],[3.235003,49.408081],[3.235177,49.406334],[3.236558,49.40555],[3.253291,49.402165],[3.253905,49.402507],[3.256561,49.403089],[3.258122,49.402985],[3.259368,49.399871],[3.26012,49.398778],[3.259612,49.397368],[3.258866,49.387273],[3.256003,49.386675],[3.253708,49.385952],[3.252672,49.385812],[3.251046,49.385941],[3.247242,49.38682],[3.243435,49.388919],[3.240661,49.389895],[3.238356,49.39129],[3.237927,49.392733],[3.237494,49.393226],[3.235762,49.394213],[3.234268,49.395381],[3.232619,49.396154],[3.229826,49.397012],[3.228598,49.397246],[3.226901,49.397201],[3.225588,49.397423],[3.22332,49.398337],[3.222397,49.39854],[3.217284,49.398049],[3.214893,49.397997],[3.213207,49.398076],[3.209713,49.398675],[3.208512,49.396642],[3.219368,49.393924],[3.222277,49.392232],[3.223404,49.391912],[3.221429,49.389644],[3.222363,49.389538],[3.223199,49.38922],[3.224037,49.388615],[3.22304,49.386687],[3.2208,49.385266],[3.218468,49.382686],[3.216326,49.379271],[3.210851,49.368719],[3.210627,49.366501],[3.21158,49.362676],[3.211393,49.361522],[3.212365,49.358079],[3.212517,49.356655],[3.212257,49.354578],[3.212617,49.353016],[3.214633,49.350402],[3.216454,49.349445],[3.218372,49.348017],[3.220194,49.34552],[3.222088,49.344462],[3.22408,49.342575],[3.225374,49.34041],[3.226299,49.337438],[3.227546,49.337441],[3.227516,49.336706],[3.229894,49.336988],[3.229901,49.337376],[3.231849,49.337607],[3.233866,49.330396],[3.234081,49.326326],[3.237246,49.325479],[3.238769,49.325353],[3.225253,49.315062],[3.224991,49.314612],[3.22161,49.311602],[3.226212,49.309272],[3.225498,49.308752],[3.23124,49.305749],[3.224494,49.302987],[3.22752,49.299956],[3.213902,49.291656],[3.212152,49.292625],[3.20863,49.294132],[3.205923,49.294795],[3.203347,49.294776],[3.200869,49.293502],[3.200444,49.293437],[3.173029,49.298819],[3.168977,49.30847],[3.16995,49.308435],[3.168845,49.31119],[3.162545,49.312201],[3.161631,49.312456],[3.160072,49.313242],[3.158991,49.313509],[3.153229,49.314262],[3.153978,49.315582],[3.153251,49.316135],[3.149471,49.31711],[3.145135,49.31694],[3.139106,49.316038],[3.139568,49.315881],[3.139304,49.315421],[3.139493,49.315258],[3.138209,49.31438],[3.136865,49.314553],[3.135616,49.315306],[3.134648,49.314844],[3.132508,49.317487],[3.132274,49.319346],[3.132721,49.321052],[3.134637,49.323997],[3.1344,49.324908],[3.134812,49.325617],[3.134809,49.326628],[3.134177,49.32773],[3.136631,49.329685],[3.136577,49.329807],[3.135405,49.33081],[3.13514,49.331485],[3.134596,49.331938],[3.132821,49.332623],[3.131477,49.333375],[3.130922,49.333451],[3.129111,49.334747],[3.128358,49.335442],[3.128062,49.336024],[3.127043,49.336839],[3.124652,49.337853],[3.121804,49.338901],[3.121642,49.338771],[3.120922,49.339138],[3.123914,49.341954],[3.12167,49.342683],[3.121492,49.342455],[3.1171,49.343305]]]}},{"type":"Feature","properties":{"uai_primary":"0021724N","uai_all":"0021724N","is_merged":false},"geometry":{"type":"Polygon","coordinates":[[[3.487304,49.014146],[3.48902,49.011821],[3.486599,49.010467],[3.48562,49.009746],[3.484288,49.009186],[3.482766,49.00816],[3.481355,49.008704],[3.476512,49.00902],[3.473127,49.009035],[3.469272,49.006191],[3.469416,49.004734],[3.469295,49.004461],[3.468146,49.003591],[3.465876,48.99493],[3.473111,48.994754],[3.477079,48.99193],[3.477379,48.99012],[3.477537,48.985765],[3.482069,48.986076],[3.48726,48.983096],[3.488951,48.982971],[3.487922,48.980324],[3.484792,48.978867],[3.482338,48.978825],[3.479799,48.980567],[3.478379,48.980315],[3.478035,48.980183],[3.477913,48.97835],[3.477222,48.977396],[3.47625,48.976641],[3.474917,48.977479],[3.473689,48.977475],[3.472191,48.977251],[3.470879,48.977354],[3.468823,48.978054],[3.464202,48.977389],[3.461491,48.97593],[3.460381,48.97554],[3.455709,48.975751],[3.454143,48.975459],[3.452154,48.974744],[3.451936,48.974229],[3.450897,48.973519],[3.448761,48.972595],[3.448235,48.972128],[3.447586,48.970922],[3.445036,48.970853],[3.444194,48.970703],[3.427786,48.996413],[3.42051,48.995844],[3.413266,48.99556],[3.411104,48.996702],[3.405858,49.000569],[3.405189,49.001249],[3.403931,49.003202],[3.401365,49.004618],[3.400474,49.00492],[3.387483,49.011176],[3.38694,49.011315],[3.380658,49.01146],[3.392828,49.030684],[3.389449,49.030703],[3.382108,49.030437],[3.381958,49.031897],[3.382223,49.034063],[3.382566,49.034634],[3.382544,49.034977],[3.381948,49.035388],[3.378255,49.036768],[3.375955,49.03785],[3.37724,49.038102],[3.379051,49.038056],[3.380138,49.038258],[3.379925,49.038945],[3.380772,49.040002],[3.379813,49.040802],[3.378702,49.040672],[3.378438,49.039933],[3.378236,49.039855],[3.374657,49.040062],[3.373977,49.038931],[3.372248,49.039762],[3.368811,49.041005],[3.365118,49.043436],[3.364784,49.043852],[3.363859,49.046351],[3.369282,49.046094],[3.371047,49.046665],[3.372804,49.046986],[3.377094,49.047],[3.37887,49.046704],[3.380708,49.046137],[3.382375,49.045102],[3.384043,49.044947],[3.385581,49.044296],[3.385589,49.044079],[3.386065,49.043823],[3.386802,49.04377],[3.387156,49.043383],[3.387735,49.043897],[3.388095,49.043896],[3.388523,49.044201],[3.389276,49.04374],[3.390005,49.043877],[3.390908,49.044326],[3.392851,49.04401],[3.393299,49.044144],[3.393682,49.04409],[3.393517,49.044172],[3.393705,49.044611],[3.394461,49.044525],[3.394556,49.045098],[3.394048,49.045247],[3.393976,49.045506],[3.394,49.045655],[3.394455,49.045833],[3.394366,49.046043],[3.394085,49.046469],[3.393364,49.046541],[3.393269,49.046675],[3.393774,49.047029],[3.392849,49.048112],[3.393709,49.048533],[3.393686,49.04913],[3.394529,49.049061],[3.394901,49.048622],[3.395136,49.048921],[3.395021,49.049077],[3.396262,49.050042],[3.39795,49.049685],[3.398421,49.050419],[3.39905,49.050227],[3.399952,49.050738],[3.400538,49.050725],[3.400826,49.050598],[3.40093,49.049567],[3.401426,49.048896],[3.402476,49.048744],[3.403129,49.049066],[3.40403,49.048847],[3.404387,49.049379],[3.405801,49.04958],[3.406029,49.049245],[3.406554,49.049069],[3.406246,49.048916],[3.40656,49.048615],[3.406411,49.04824],[3.407372,49.047458],[3.408579,49.047604],[3.407,49.047899],[3.406892,49.048351],[3.409569,49.048596],[3.410377,49.051158],[3.414536,49.052638],[3.414436,49.054339],[3.410831,49.05378],[3.410567,49.053966],[3.41108,49.056017],[3.409917,49.056702],[3.409504,49.057444],[3.408197,49.058579],[3.407334,49.05966],[3.404111,49.059539],[3.40436,49.064309],[3.403712,49.067196],[3.400306,49.067255],[3.399838,49.067482],[3.393711,49.068037],[3.393732,49.068776],[3.394854,49.072539],[3.395423,49.072506],[3.397064,49.072945],[3.397621,49.073387],[3.39887,49.07347],[3.399041,49.073286],[3.402019,49.072864],[3.403413,49.072419],[3.404009,49.071753],[3.404397,49.071634],[3.405196,49.071685],[3.406476,49.072171],[3.407298,49.072128],[3.407921,49.071197],[3.410383,49.071175],[3.411647,49.070443],[3.411912,49.069682],[3.414148,49.067393],[3.414523,49.066366],[3.415526,49.065839],[3.418315,49.067026],[3.418509,49.066301],[3.419674,49.06507],[3.420656,49.061076],[3.422957,49.061444],[3.437568,49.068313],[3.44454,49.071304],[3.451013,49.074499],[3.451342,49.074601],[3.456488,49.074622],[3.459643,49.07021],[3.461246,49.067629],[3.465906,49.066722],[3.467495,49.061429],[3.470946,49.058583],[3.475923,49.056093],[3.476603,49.057523],[3.477278,49.060228],[3.481892,49.067267],[3.482702,49.068176],[3.483224,49.068378],[3.483765,49.069317],[3.484462,49.06994],[3.48637,49.070182],[3.487919,49.070968],[3.494896,49.061265],[3.496366,49.059677],[3.49787,49.057282],[3.498244,49.055615],[3.500911,49.055679],[3.497926,49.048855],[3.495754,49.045181],[3.494771,49.041665],[3.491233,49.036253],[3.49271,49.033182],[3.494721,49.02751],[3.495023,49.026097],[3.497299,49.024603],[3.497159,49.02383],[3.496224,49.022315],[3.495422,49.020364],[3.489775,49.016458],[3.487304,49.014146]],[[3.410436,49.039362],[3.410219,49.03937],[3.410331,49.038891],[3.410543,49.039009],[3.410606,49.039338],[3.410436,49.039362]],[[3.375921,49.042116],[3.377427,49.042475],[3.379434,49.043206],[3.379655,49.043391],[3.379312,49.0436],[3.379187,49.043946],[3.378118,49.044382],[3.377322,49.044402],[3.373655,49.043514],[3.375162,49.042086],[3.375921,49.042116]]]}},{"type":"Feature","properties":{"uai_primary":"0021778X","uai_all":"0021778X","is_merged":false},"geometry":{"type":"Polygon","coordinates":[[[3.830933,49.675488],[3.835701,49.670061],[3.832085,49.668836],[3.825953,49.667091],[3.828543,49.663507],[3.825078,49.662524],[3.823634,49.664447],[3.819448,49.663267],[3.816674,49.661386],[3.818565,49.660846],[3.814179,49.657881],[3.815589,49.657803],[3.814865,49.655708],[3.813459,49.646001],[3.812542,49.645921],[3.812254,49.64539],[3.812874,49.645291],[3.81303,49.644958],[3.812068,49.644632],[3.811761,49.644254],[3.81234,49.643906],[3.814309,49.644081],[3.814495,49.643954],[3.812772,49.642824],[3.813097,49.642324],[3.81355,49.642619],[3.813669,49.642344],[3.813277,49.642021],[3.813378,49.641679],[3.813944,49.641663],[3.814129,49.641529],[3.814014,49.641008],[3.813403,49.64121],[3.813151,49.641156],[3.811953,49.639998],[3.812685,49.638286],[3.813663,49.6384],[3.814215,49.637926],[3.813698,49.637582],[3.814362,49.637252],[3.814521,49.635653],[3.815279,49.635122],[3.816033,49.635209],[3.81666,49.635102],[3.81683,49.634952],[3.81647,49.634406],[3.816581,49.634182],[3.817426,49.634541],[3.817797,49.634393],[3.817971,49.633757],[3.816795,49.632812],[3.817421,49.63268],[3.817528,49.632093],[3.81356,49.63124],[3.813125,49.63099],[3.810146,49.630239],[3.788033,49.641992],[3.78703,49.642183],[3.785812,49.641528],[3.785234,49.641814],[3.781458,49.64239],[3.781659,49.643582],[3.778231,49.642961],[3.778426,49.64256],[3.771872,49.639879],[3.772044,49.639816],[3.765774,49.63364],[3.767926,49.632003],[3.754078,49.627158],[3.753995,49.627408],[3.749294,49.626326],[3.75034,49.623673],[3.750027,49.623583],[3.750089,49.623439],[3.747754,49.623054],[3.74759,49.623635],[3.743243,49.6241],[3.738053,49.623106],[3.737615,49.624185],[3.734995,49.623384],[3.732949,49.625019],[3.732244,49.624487],[3.729264,49.630718],[3.726965,49.630156],[3.725927,49.631397],[3.722749,49.633675],[3.723129,49.633916],[3.716981,49.637195],[3.716377,49.636323],[3.712716,49.636266],[3.711788,49.636125],[3.71191,49.63644],[3.710744,49.636247],[3.709842,49.635888],[3.71083,49.633313],[3.710888,49.632264],[3.70998,49.631693],[3.705078,49.632021],[3.705113,49.632455],[3.703434,49.632645],[3.703454,49.632069],[3.698404,49.632304],[3.697368,49.634843],[3.701855,49.636078],[3.700995,49.637785],[3.707361,49.638991],[3.705255,49.644121],[3.704562,49.645334],[3.703645,49.646298],[3.695496,49.644752],[3.694364,49.645157],[3.693482,49.645693],[3.694697,49.649393],[3.693864,49.649334],[3.69531,49.652175],[3.694579,49.652326],[3.69742,49.657824],[3.695957,49.65849],[3.697974,49.660259],[3.697752,49.659086],[3.697978,49.659088],[3.698682,49.65987],[3.699069,49.660034],[3.700271,49.659992],[3.707545,49.658902],[3.70758,49.659087],[3.711508,49.659955],[3.711476,49.660113],[3.719247,49.662344],[3.719669,49.663694],[3.72408,49.662574],[3.724205,49.663167],[3.724199,49.663646],[3.723774,49.664302],[3.722285,49.665144],[3.719979,49.667643],[3.717011,49.669136],[3.715273,49.670819],[3.70746,49.674965],[3.703912,49.676138],[3.698665,49.677032],[3.696664,49.677621],[3.696494,49.677368],[3.695782,49.677399],[3.695667,49.677514],[3.695196,49.67734],[3.695481,49.677063],[3.69447,49.676471],[3.69325,49.677365],[3.692699,49.678038],[3.693187,49.678344],[3.692745,49.678659],[3.692265,49.678491],[3.69207,49.678717],[3.691413,49.678551],[3.690953,49.678832],[3.690602,49.678795],[3.690414,49.678924],[3.692045,49.679747],[3.691603,49.680914],[3.689264,49.682753],[3.690642,49.684102],[3.692386,49.684805],[3.692963,49.68563],[3.697054,49.686553],[3.697063,49.686666],[3.69552,49.687335],[3.695638,49.687631],[3.696381,49.687965],[3.696793,49.688719],[3.699015,49.689295],[3.700892,49.689516],[3.699461,49.691715],[3.698808,49.693877],[3.700595,49.694895],[3.700932,49.694667],[3.705778,49.701033],[3.705068,49.701469],[3.702884,49.701726],[3.703639,49.70294],[3.703448,49.702985],[3.704485,49.705302],[3.704111,49.705388],[3.703453,49.70595],[3.70354,49.707151],[3.704157,49.708396],[3.704729,49.708648],[3.704934,49.709223],[3.705824,49.710064],[3.706366,49.710316],[3.707949,49.712972],[3.707556,49.713184],[3.708463,49.714124],[3.703373,49.714854],[3.700921,49.716436],[3.702358,49.717412],[3.697324,49.719606],[3.697477,49.720503],[3.695802,49.721526],[3.694465,49.721957],[3.692668,49.72352],[3.693431,49.724042],[3.690268,49.725865],[3.690988,49.726411],[3.686187,49.728902],[3.685628,49.729517],[3.686077,49.730244],[3.681857,49.730397],[3.682554,49.733284],[3.68323,49.734481],[3.683563,49.735959],[3.682943,49.739058],[3.681454,49.741909],[3.681475,49.742718],[3.68198,49.743475],[3.684179,49.745736],[3.682309,49.745814],[3.68004,49.746376],[3.678248,49.74649],[3.674808,49.747973],[3.672457,49.747169],[3.671409,49.74718],[3.668455,49.74686],[3.668093,49.747077],[3.667375,49.746981],[3.667879,49.747355],[3.665397,49.752064],[3.664533,49.752752],[3.66163,49.752407],[3.66033,49.753356],[3.658358,49.750676],[3.655537,49.751259],[3.65451,49.751831],[3.654822,49.75204],[3.653746,49.752809],[3.651015,49.755552],[3.651774,49.7557],[3.649232,49.761331],[3.646721,49.760806],[3.645436,49.763678],[3.648844,49.764816],[3.649149,49.764432],[3.649932,49.76464],[3.648329,49.766486],[3.650011,49.767149],[3.649524,49.767525],[3.65047,49.767794],[3.650001,49.769373],[3.645738,49.772777],[3.646577,49.773509],[3.644706,49.774551],[3.648255,49.776091],[3.646995,49.781211],[3.647263,49.782253],[3.651146,49.78051],[3.652437,49.780386],[3.654247,49.779967],[3.655426,49.780383],[3.655637,49.780742],[3.655403,49.781407],[3.657029,49.782059],[3.66521,49.786402],[3.665838,49.78529],[3.66945,49.78642],[3.670656,49.78516],[3.670693,49.784726],[3.672963,49.7851],[3.672531,49.785709],[3.67802,49.785635],[3.678844,49.785047],[3.679669,49.785205],[3.68073,49.784952],[3.68226,49.78383],[3.683406,49.78391],[3.683732,49.784511],[3.68506,49.783899],[3.685149,49.782912],[3.687284,49.779469],[3.687393,49.779325],[3.688094,49.779296],[3.687754,49.778263],[3.688114,49.778097],[3.687012,49.777035],[3.68757,49.776855],[3.687502,49.775361],[3.68907,49.77568],[3.689559,49.774502],[3.690477,49.774016],[3.69115,49.775762],[3.691299,49.775729],[3.693557,49.778873],[3.695421,49.778391],[3.696759,49.777305],[3.702429,49.776229],[3.702501,49.776335],[3.70317,49.776217],[3.704108,49.777475],[3.704057,49.780115],[3.707021,49.780015],[3.708772,49.781121],[3.711742,49.782672],[3.712114,49.781983],[3.714597,49.780479],[3.714856,49.780748],[3.725503,49.77353],[3.729369,49.771446],[3.732955,49.772337],[3.734939,49.772639],[3.735315,49.772109],[3.73676,49.771829],[3.739569,49.772102],[3.749584,49.770377],[3.753897,49.76948],[3.756119,49.767668],[3.75712,49.766449],[3.762568,49.772512],[3.764847,49.774342],[3.769607,49.777081],[3.774762,49.779188],[3.777075,49.780363],[3.780795,49.77952],[3.781666,49.779131],[3.782171,49.778651],[3.786698,49.776316],[3.788006,49.776258],[3.789885,49.775594],[3.792532,49.773359],[3.794617,49.773472],[3.793474,49.771986],[3.794517,49.771526],[3.79421,49.770761],[3.795523,49.770261],[3.794107,49.768972],[3.797286,49.767404],[3.796125,49.766293],[3.798324,49.76489],[3.798896,49.765766],[3.799714,49.766224],[3.799639,49.766646],[3.798866,49.7671],[3.798832,49.767294],[3.799875,49.768068],[3.800043,49.76899],[3.801007,49.76982],[3.801501,49.770806],[3.803679,49.77209],[3.803995,49.772513],[3.80495,49.77287],[3.80515,49.773207],[3.805961,49.773279],[3.806562,49.773756],[3.807559,49.774216],[3.8084,49.7743],[3.809207,49.774677],[3.809193,49.77506],[3.809971,49.774992],[3.810303,49.775364],[3.810619,49.775353],[3.810764,49.775637],[3.811789,49.775894],[3.812679,49.775743],[3.813064,49.775968],[3.813262,49.776434],[3.813982,49.776645],[3.813822,49.776922],[3.814598,49.777652],[3.815159,49.777594],[3.815471,49.777972],[3.815887,49.778125],[3.816286,49.777966],[3.816115,49.777612],[3.816273,49.777543],[3.817871,49.777916],[3.820873,49.778064],[3.821949,49.778448],[3.822546,49.778481],[3.822345,49.778765],[3.822466,49.77887],[3.824141,49.779283],[3.824606,49.779119],[3.824972,49.779273],[3.825846,49.779267],[3.825607,49.779744],[3.826123,49.779931],[3.828517,49.779371],[3.82952,49.779772],[3.830163,49.779627],[3.830672,49.779814],[3.830837,49.77973],[3.830414,49.779287],[3.831567,49.778886],[3.831478,49.777977],[3.831896,49.776741],[3.832764,49.776809],[3.833418,49.774939],[3.831971,49.774688],[3.832554,49.771456],[3.835784,49.771049],[3.834968,49.769269],[3.836715,49.769131],[3.8364,49.767862],[3.841356,49.767801],[3.841361,49.766832],[3.84171,49.765982],[3.844907,49.765762],[3.846146,49.765478],[3.853517,49.765116],[3.854049,49.764889],[3.854179,49.764378],[3.855867,49.764385],[3.857844,49.764115],[3.863535,49.762805],[3.86823,49.762393],[3.871854,49.76145],[3.872516,49.76177],[3.87312,49.761442],[3.877192,49.760632],[3.874602,49.757557],[3.878713,49.757303],[3.881855,49.75736],[3.884309,49.758314],[3.886517,49.758391],[3.888787,49.758951],[3.889966,49.757698],[3.891061,49.757481],[3.891239,49.757247],[3.896093,49.756078],[3.897367,49.75925],[3.897498,49.760423],[3.904431,49.76097],[3.905594,49.756645],[3.907139,49.756176],[3.907232,49.75428],[3.908337,49.754251],[3.908511,49.751513],[3.909526,49.751401],[3.911411,49.752149],[3.915528,49.754285],[3.916023,49.754166],[3.91638,49.753666],[3.91795,49.75366],[3.920916,49.753372],[3.923597,49.752746],[3.925516,49.752901],[3.92712,49.753529],[3.927602,49.752988],[3.928717,49.752644],[3.93015,49.752759],[3.932673,49.753468],[3.934975,49.75369],[3.937061,49.753291],[3.938016,49.753369],[3.941444,49.754214],[3.946407,49.753518],[3.954356,49.751584],[3.95487,49.751408],[3.954393,49.750128],[3.954779,49.750007],[3.958486,49.750164],[3.960103,49.747883],[3.961498,49.746888],[3.962231,49.743574],[3.962643,49.742765],[3.963743,49.742251],[3.963746,49.741842],[3.960009,49.739705],[3.956304,49.737139],[3.956434,49.736262],[3.954154,49.73463],[3.953158,49.73305],[3.954281,49.732276],[3.95385,49.731243],[3.953605,49.729861],[3.952962,49.729007],[3.952253,49.728525],[3.950024,49.728121],[3.948898,49.727428],[3.94687,49.726848],[3.946061,49.726434],[3.945748,49.726059],[3.946076,49.72578],[3.946035,49.725608],[3.945055,49.725437],[3.944438,49.724917],[3.943909,49.725038],[3.943675,49.724904],[3.94271,49.722912],[3.9423,49.722829],[3.942029,49.722143],[3.941031,49.721601],[3.940882,49.721364],[3.94117,49.720623],[3.936728,49.717683],[3.93674,49.715325],[3.937392,49.712126],[3.93822,49.70985],[3.938237,49.708685],[3.937063,49.707019],[3.934511,49.702156],[3.932017,49.698886],[3.930451,49.696405],[3.928877,49.69701],[3.927717,49.697225],[3.921185,49.6975],[3.920124,49.697713],[3.908324,49.70113],[3.904497,49.702373],[3.891159,49.702214],[3.890901,49.70248],[3.888715,49.700593],[3.887177,49.699793],[3.887132,49.699596],[3.887385,49.69949],[3.884325,49.696855],[3.88092,49.696913],[3.880683,49.696958],[3.879426,49.698524],[3.875711,49.699219],[3.872766,49.69951],[3.868228,49.700385],[3.867215,49.6992],[3.86164,49.700758],[3.861471,49.700381],[3.859418,49.700544],[3.856632,49.701779],[3.855645,49.702756],[3.852706,49.704051],[3.851859,49.704625],[3.847847,49.705389],[3.845999,49.705298],[3.845528,49.705172],[3.844747,49.70136],[3.842989,49.700646],[3.841349,49.699275],[3.84158,49.699156],[3.840139,49.698006],[3.839768,49.697821],[3.83901,49.697968],[3.838353,49.697007],[3.839223,49.696928],[3.8392,49.69495],[3.837924,49.693608],[3.83815,49.693374],[3.838103,49.692669],[3.837418,49.69174],[3.836043,49.690237],[3.835544,49.690033],[3.836711,49.689351],[3.836253,49.688509],[3.834899,49.686892],[3.833358,49.685632],[3.833753,49.684383],[3.83332,49.684362],[3.833532,49.683614],[3.831553,49.682183],[3.828966,49.681613],[3.833508,49.676449],[3.830933,49.675488]]]}},{"type":"Feature","properties":{"uai_primary":"0021823W","uai_all":"0021823W","is_merged":false},"geometry":{"type":"Polygon","coordinates":[[[3.27292,49.845542],[3.273795,49.846086],[3.274057,49.846612],[3.272002,49.847913],[3.271653,49.848205],[3.271603,49.848597],[3.270943,49.848458],[3.270606,49.848752],[3.270726,49.848942],[3.271134,49.84897],[3.271016,49.849334],[3.270787,49.849396],[3.270387,49.849125],[3.269193,49.849219],[3.26864,49.849683],[3.268198,49.849745],[3.267265,49.850381],[3.268456,49.850858],[3.26977,49.850075],[3.270428,49.850128],[3.270762,49.849945],[3.271084,49.850059],[3.271226,49.849943],[3.270673,49.849711],[3.271125,49.849429],[3.271621,49.849655],[3.271273,49.849938],[3.271595,49.850033],[3.271755,49.849926],[3.272003,49.850033],[3.272146,49.849806],[3.272404,49.849896],[3.272872,49.849735],[3.273426,49.850398],[3.273123,49.850621],[3.273229,49.85086],[3.273565,49.850991],[3.273336,49.851249],[3.273672,49.851443],[3.273487,49.851629],[3.274233,49.851991],[3.274018,49.852313],[3.274348,49.85253],[3.274381,49.852936],[3.274736,49.853091],[3.274784,49.853708],[3.275184,49.853868],[3.2754,49.853745],[3.276258,49.853865],[3.277164,49.854324],[3.277083,49.854892],[3.278311,49.854846],[3.279147,49.855138],[3.279255,49.855452],[3.279473,49.855432],[3.279596,49.855118],[3.279862,49.855098],[3.280825,49.854263],[3.283576,49.852849],[3.284236,49.852736],[3.284469,49.852855],[3.284696,49.852731],[3.285333,49.852889],[3.285534,49.852722],[3.286113,49.85266],[3.286194,49.852376],[3.284842,49.851559],[3.285505,49.8515],[3.285988,49.851093],[3.286023,49.850612],[3.286357,49.850428],[3.286446,49.849861],[3.287228,49.849314],[3.287359,49.848631],[3.287804,49.848548],[3.288196,49.848109],[3.288891,49.8481],[3.289725,49.847563],[3.289642,49.847124],[3.290183,49.846654],[3.289921,49.846477],[3.28991,49.846197],[3.290677,49.846254],[3.29128,49.846527],[3.291829,49.846447],[3.29177,49.847],[3.292726,49.846959],[3.29264,49.847221],[3.293123,49.847696],[3.293442,49.847494],[3.294092,49.847456],[3.29466,49.848167],[3.294831,49.848222],[3.29526,49.847957],[3.29562,49.84734],[3.295557,49.846818],[3.295315,49.846607],[3.295489,49.846429],[3.295431,49.845115],[3.295797,49.844987],[3.295768,49.844725],[3.295173,49.844362],[3.295245,49.842977],[3.294673,49.842651],[3.294695,49.842431],[3.295116,49.841976],[3.296543,49.841974],[3.297559,49.841565],[3.297476,49.84104],[3.296406,49.84073],[3.295588,49.840224],[3.294801,49.839393],[3.292555,49.838826],[3.291977,49.838335],[3.289494,49.837423],[3.287777,49.836365],[3.285456,49.837352],[3.284392,49.838251],[3.283638,49.839013],[3.282967,49.840574],[3.281627,49.84096],[3.280779,49.841757],[3.280212,49.84188],[3.279724,49.842446],[3.278829,49.842853],[3.278608,49.843404],[3.277595,49.843635],[3.277325,49.84412],[3.277539,49.844483],[3.27745,49.844827],[3.277142,49.845149],[3.276651,49.845283],[3.276161,49.845916],[3.275854,49.846053],[3.274998,49.84598],[3.274518,49.845554],[3.274573,49.84541],[3.273663,49.845248],[3.273479,49.845412],[3.272953,49.845417],[3.27292,49.845542]],[[3.290243,49.852279],[3.290115,49.852473],[3.29066,49.852876],[3.290945,49.852893],[3.291743,49.852538],[3.291521,49.851575],[3.290243,49.852279]]]}},{"type":"Feature","properties":{"uai_primary":"0021826Z","uai_all":"0021826Z","is_merged":false},"geometry":{"type":"Polygon","coordinates":[[[3.410331,49.038891],[3.410219,49.03937],[3.410606,49.039338],[3.410331,49.038891]],[[3.378118,49.044382],[3.379187,49.043946],[3.379312,49.0436],[3.379651,49.043383],[3.377427,49.042475],[3.37583,49.042086],[3.375162,49.042086],[3.373655,49.043514],[3.377322,49.044402],[3.378118,49.044382]],[[3.444268,49.077078],[3.450206,49.076508],[3.451342,49.074601],[3.450224,49.074172],[3.44454,49.071304],[3.437568,49.068313],[3.422957,49.061444],[3.420656,49.061076],[3.419674,49.06507],[3.418509,49.066301],[3.418315,49.067026],[3.415526,49.065839],[3.41486,49.066138],[3.414523,49.066366],[3.414148,49.067393],[3.411912,49.069682],[3.411647,49.070443],[3.410383,49.071175],[3.407921,49.071197],[3.407298,49.072128],[3.406476,49.072171],[3.405196,49.071685],[3.404301,49.071651],[3.404009,49.071753],[3.403413,49.072419],[3.40162,49.072947],[3.399041,49.073286],[3.39887,49.07347],[3.397621,49.073387],[3.397064,49.072945],[3.395423,49.072506],[3.394854,49.072539],[3.393732,49.068776],[3.393711,49.068037],[3.399838,49.067482],[3.400306,49.067255],[3.403712,49.067196],[3.40436,49.064309],[3.404111,49.059539],[3.407334,49.05966],[3.408197,49.058579],[3.409504,49.057444],[3.409917,49.056702],[3.41108,49.056017],[3.410567,49.053966],[3.410831,49.05378],[3.414436,49.054339],[3.414536,49.052638],[3.410377,49.051158],[3.409569,49.048596],[3.406892,49.048351],[3.407,49.047899],[3.408579,49.047604],[3.407372,49.047458],[3.406411,49.04824],[3.40656,49.048615],[3.406246,49.048916],[3.406554,49.049069],[3.406029,49.049245],[3.405801,49.04958],[3.404387,49.049379],[3.40403,49.048847],[3.403129,49.049066],[3.402476,49.048744],[3.401426,49.048896],[3.40093,49.049567],[3.400826,49.050598],[3.400538,49.050725],[3.399952,49.050738],[3.39905,49.050227],[3.398421,49.050419],[3.39795,49.049685],[3.396262,49.050042],[3.395021,49.049077],[3.395136,49.048921],[3.394901,49.048622],[3.394529,49.049061],[3.393686,49.04913],[3.393709,49.048533],[3.392849,49.048112],[3.393774,49.047029],[3.393269,49.046675],[3.393364,49.046541],[3.394085,49.046469],[3.394366,49.046043],[3.394455,49.045833],[3.394,49.045655],[3.393976,49.045506],[3.394048,49.045247],[3.394556,49.045098],[3.394461,49.044525],[3.393705,49.044611],[3.393517,49.044172],[3.393682,49.04409],[3.393299,49.044144],[3.392851,49.04401],[3.390908,49.044326],[3.390005,49.043877],[3.389276,49.04374],[3.388523,49.044201],[3.388095,49.043896],[3.387735,49.043897],[3.387156,49.043383],[3.386802,49.04377],[3.386065,49.043823],[3.385589,49.044079],[3.385581,49.044296],[3.384043,49.044947],[3.382375,49.045102],[3.380708,49.046137],[3.37887,49.046704],[3.377094,49.047],[3.372804,49.046986],[3.371047,49.046665],[3.369282,49.046094],[3.363859,49.046351],[3.364784,49.043852],[3.365118,49.043436],[3.368811,49.041005],[3.372248,49.039762],[3.373977,49.038931],[3.374657,49.040062],[3.378236,49.039855],[3.378438,49.039933],[3.378702,49.040672],[3.379813,49.040802],[3.380772,49.040002],[3.379925,49.038945],[3.380138,49.038258],[3.379051,49.038056],[3.37724,49.038102],[3.375955,49.03785],[3.378255,49.036768],[3.381948,49.035388],[3.382544,49.034977],[3.382566,49.034634],[3.382223,49.034063],[3.381958,49.031897],[3.382108,49.030437],[3.389449,49.030703],[3.392828,49.030684],[3.380658,49.01146],[3.378166,49.011373],[3.378747,49.009717],[3.37896,49.007805],[3.378903,49.005992],[3.378395,49.003837],[3.37458,49.005402],[3.372834,49.006856],[3.367873,49.01158],[3.365317,49.01358],[3.360884,49.017566],[3.358542,49.015925],[3.348892,49.016075],[3.347612,49.015338],[3.344806,49.014341],[3.34266,49.012619],[3.337857,49.010856],[3.338504,49.010243],[3.338299,49.009334],[3.334785,49.008096],[3.334437,49.007784],[3.334768,49.007197],[3.335628,49.006778],[3.334253,49.004695],[3.331901,48.999842],[3.330411,49.000889],[3.325505,49.005027],[3.324836,49.005797],[3.32214,49.011265],[3.31795,49.015664],[3.316326,49.017201],[3.314425,49.018189],[3.31177,49.019987],[3.306274,49.026128],[3.305259,49.026682],[3.305971,49.026955],[3.304602,49.028424],[3.30285,49.031751],[3.301514,49.033425],[3.293521,49.040912],[3.294073,49.041739],[3.294398,49.041687],[3.295837,49.044174],[3.294268,49.044367],[3.29248,49.047445],[3.293585,49.051031],[3.294717,49.053323],[3.294725,49.053729],[3.2924,49.054334],[3.288922,49.059168],[3.29021,49.060817],[3.296086,49.063466],[3.293712,49.065328],[3.292811,49.064616],[3.29233,49.06444],[3.291192,49.065797],[3.292993,49.066322],[3.291519,49.067951],[3.292356,49.068798],[3.292709,49.069434],[3.292796,49.070466],[3.292399,49.071144],[3.292477,49.071682],[3.292139,49.07191],[3.287672,49.071496],[3.285549,49.067603],[3.281033,49.066498],[3.280936,49.069617],[3.281751,49.07345],[3.282891,49.080739],[3.284314,49.08617],[3.283006,49.086621],[3.284415,49.089706],[3.283003,49.09008],[3.282005,49.090767],[3.281498,49.09254],[3.280901,49.093151],[3.280702,49.094842],[3.280039,49.095058],[3.280007,49.095205],[3.281706,49.09524],[3.2846,49.094965],[3.285585,49.094994],[3.289556,49.096017],[3.293489,49.096044],[3.294558,49.094689],[3.295098,49.09428],[3.297005,49.093851],[3.297206,49.09184],[3.299632,49.091583],[3.300196,49.091603],[3.299817,49.09228],[3.300894,49.09319],[3.304295,49.095302],[3.308184,49.094729],[3.313436,49.093673],[3.314773,49.09847],[3.315913,49.100887],[3.316957,49.101822],[3.317078,49.104525],[3.316558,49.105968],[3.316939,49.10719],[3.316295,49.10748],[3.315781,49.107484],[3.314465,49.108474],[3.313119,49.108846],[3.312981,49.109554],[3.31224,49.110962],[3.312285,49.11186],[3.312074,49.112495],[3.311681,49.113227],[3.310871,49.114053],[3.310719,49.114912],[3.312175,49.116513],[3.320574,49.11366],[3.321986,49.117165],[3.325009,49.120554],[3.328055,49.124444],[3.336914,49.124096],[3.340849,49.124826],[3.344184,49.125142],[3.346425,49.125123],[3.349557,49.12563],[3.351088,49.125515],[3.356374,49.125789],[3.359514,49.126366],[3.357187,49.122881],[3.35681,49.121896],[3.362549,49.120765],[3.364527,49.120243],[3.368856,49.117214],[3.369974,49.116229],[3.370647,49.116044],[3.371282,49.114872],[3.371234,49.114065],[3.371961,49.112593],[3.373962,49.109464],[3.375603,49.10936],[3.376609,49.108363],[3.378168,49.107585],[3.378162,49.107307],[3.377128,49.106912],[3.377055,49.106732],[3.377649,49.105604],[3.377164,49.105294],[3.376614,49.105209],[3.37661,49.104984],[3.377622,49.104256],[3.378033,49.104298],[3.378662,49.104922],[3.379281,49.105096],[3.37969,49.105047],[3.3807,49.104229],[3.382559,49.104753],[3.384276,49.105052],[3.388138,49.106501],[3.38808,49.106996],[3.390903,49.107195],[3.39215,49.107948],[3.392155,49.108218],[3.39291,49.108301],[3.393229,49.113825],[3.392775,49.115096],[3.391222,49.116098],[3.389882,49.117548],[3.388456,49.119696],[3.391299,49.121195],[3.393503,49.119852],[3.398989,49.120342],[3.399334,49.120429],[3.398889,49.122096],[3.403281,49.122685],[3.407082,49.123867],[3.408555,49.123809],[3.409402,49.123432],[3.409357,49.124674],[3.408007,49.125385],[3.404475,49.126764],[3.403365,49.129989],[3.415762,49.13219],[3.416955,49.130291],[3.417228,49.130289],[3.418613,49.130996],[3.419577,49.131302],[3.420537,49.131338],[3.420722,49.130392],[3.419745,49.129503],[3.419599,49.129055],[3.42076,49.128909],[3.420741,49.12801],[3.42121,49.127512],[3.42119,49.126559],[3.422731,49.124973],[3.423506,49.12457],[3.424191,49.123298],[3.423918,49.121759],[3.421769,49.118916],[3.421895,49.118466],[3.426145,49.108982],[3.427307,49.108927],[3.42743,49.108252],[3.427976,49.108193],[3.428223,49.105818],[3.428009,49.105176],[3.428091,49.103903],[3.427421,49.100555],[3.427147,49.100121],[3.426133,49.09927],[3.424612,49.098653],[3.42386,49.097946],[3.421313,49.093371],[3.42072,49.09267],[3.41856,49.091285],[3.419074,49.089707],[3.418243,49.089266],[3.416854,49.088044],[3.418576,49.085489],[3.421739,49.083934],[3.422196,49.083237],[3.423014,49.081103],[3.422595,49.080642],[3.429814,49.079999],[3.437663,49.078054],[3.439493,49.077731],[3.441296,49.077615],[3.444268,49.077078]]]}},{"type":"Feature","properties":{"uai_primary":"0021989B","uai_all":"0021989B","is_merged":false},"geometry":{"type":"Polygon","coordinates":[[[3.095964,49.141206],[3.094091,49.142393],[3.094846,49.143174],[3.09531,49.143547],[3.097256,49.144315],[3.100672,49.14617],[3.101918,49.147674],[3.101852,49.147961],[3.102656,49.14837],[3.103302,49.148427],[3.105109,49.147967],[3.10679,49.146169],[3.107003,49.145046],[3.108923,49.144187],[3.110705,49.142843],[3.113357,49.141269],[3.114191,49.140338],[3.115022,49.138721],[3.116969,49.138555],[3.115972,49.138255],[3.114234,49.138132],[3.11113,49.131691],[3.095964,49.141206]],[[3.100073,49.249567],[3.099632,49.249809],[3.099453,49.250348],[3.09959,49.250448],[3.100967,49.249954],[3.101167,49.249532],[3.101063,49.249376],[3.100073,49.249567]],[[3.159531,49.156847],[3.155404,49.155612],[3.154949,49.156101],[3.153938,49.156009],[3.151992,49.155295],[3.152573,49.154521],[3.150939,49.152882],[3.149915,49.15122],[3.148348,49.15017],[3.148019,49.150155],[3.147994,49.149628],[3.147521,49.148988],[3.147459,49.14841],[3.145421,49.147026],[3.144675,49.145426],[3.143603,49.144884],[3.141702,49.142613],[3.14123,49.143047],[3.140755,49.143019],[3.140399,49.143402],[3.13953,49.143158],[3.139169,49.14323],[3.13834,49.143054],[3.134403,49.144421],[3.130246,49.144553],[3.128786,49.144913],[3.127777,49.144856],[3.127528,49.14505],[3.123269,49.145729],[3.116342,49.146331],[3.114814,49.146078],[3.112581,49.146189],[3.110923,49.145922],[3.10954,49.146277],[3.108505,49.146102],[3.107614,49.146452],[3.107054,49.146874],[3.106286,49.147111],[3.105366,49.147844],[3.105379,49.147989],[3.107391,49.148772],[3.107416,49.148907],[3.106646,49.149513],[3.10476,49.150205],[3.104446,49.150716],[3.103478,49.150192],[3.102482,49.150398],[3.10213,49.150611],[3.102396,49.151154],[3.102087,49.151298],[3.100811,49.150885],[3.099691,49.149982],[3.098663,49.150497],[3.098106,49.150446],[3.097364,49.150659],[3.092671,49.152757],[3.090675,49.154049],[3.08887,49.156401],[3.088032,49.157169],[3.086514,49.15817],[3.08594,49.15877],[3.084715,49.159336],[3.083744,49.160817],[3.082174,49.161682],[3.083865,49.163028],[3.084821,49.162479],[3.087302,49.159955],[3.088698,49.159927],[3.089665,49.158771],[3.090107,49.158917],[3.090871,49.156831],[3.092217,49.155379],[3.093329,49.154726],[3.094811,49.15445],[3.09851,49.154401],[3.098931,49.154844],[3.098984,49.155172],[3.09978,49.15447],[3.100469,49.154617],[3.099761,49.155282],[3.097438,49.156515],[3.09559,49.158372],[3.094502,49.159963],[3.094153,49.160305],[3.093847,49.160261],[3.093344,49.161043],[3.09304,49.16101],[3.092862,49.161262],[3.092328,49.161363],[3.092244,49.16186],[3.091979,49.161224],[3.09091,49.161391],[3.09068,49.16166],[3.088898,49.162204],[3.089494,49.163021],[3.088631,49.163962],[3.08831,49.164763],[3.088596,49.166063],[3.088375,49.166788],[3.088729,49.167665],[3.088336,49.167378],[3.087592,49.167467],[3.087646,49.16784],[3.086132,49.168276],[3.086354,49.169155],[3.086014,49.169298],[3.086571,49.16966],[3.087273,49.171178],[3.086788,49.171428],[3.0869,49.17161],[3.086383,49.171775],[3.08516,49.171007],[3.084842,49.171118],[3.085542,49.172068],[3.08578,49.172743],[3.084277,49.172966],[3.084472,49.173606],[3.086105,49.17609],[3.086971,49.176347],[3.087992,49.176345],[3.088918,49.176869],[3.089508,49.177592],[3.088466,49.178078],[3.090259,49.179959],[3.089258,49.181075],[3.089904,49.181983],[3.091515,49.18347],[3.091736,49.183832],[3.091575,49.183921],[3.092077,49.184416],[3.09165,49.184542],[3.091533,49.184874],[3.091922,49.185426],[3.092054,49.186143],[3.091096,49.186454],[3.090475,49.185935],[3.089783,49.186505],[3.090093,49.18676],[3.091168,49.186888],[3.092089,49.187518],[3.093823,49.187338],[3.094437,49.188153],[3.092261,49.18948],[3.092824,49.189789],[3.094996,49.190676],[3.097988,49.190736],[3.098294,49.190966],[3.098542,49.190841],[3.100469,49.19198],[3.09999,49.192571],[3.099596,49.192492],[3.099444,49.192825],[3.098857,49.193022],[3.098725,49.193503],[3.097851,49.193947],[3.097507,49.194392],[3.096759,49.194605],[3.096996,49.194949],[3.097586,49.195276],[3.097856,49.195077],[3.098252,49.195344],[3.097621,49.195823],[3.097935,49.196072],[3.098283,49.195881],[3.098655,49.196114],[3.099384,49.195638],[3.099668,49.195764],[3.099203,49.196061],[3.099613,49.196353],[3.099283,49.196773],[3.100919,49.197316],[3.10106,49.19791],[3.102563,49.197442],[3.102007,49.197989],[3.104072,49.198161],[3.105088,49.198469],[3.057095,49.198501],[3.056332,49.199288],[3.056585,49.199394],[3.056288,49.200069],[3.05717,49.200258],[3.057614,49.200699],[3.057809,49.201461],[3.059381,49.20256],[3.061115,49.203137],[3.062246,49.203237],[3.0624,49.202957],[3.065495,49.20346],[3.065821,49.203903],[3.065092,49.204865],[3.063377,49.204968],[3.063141,49.205215],[3.057401,49.204845],[3.056187,49.204699],[3.05618,49.204507],[3.055727,49.204517],[3.055622,49.204903],[3.056062,49.205021],[3.055411,49.205783],[3.054698,49.205575],[3.053639,49.206073],[3.053129,49.205957],[3.052399,49.206061],[3.051792,49.207028],[3.051976,49.207113],[3.05112,49.207991],[3.051084,49.208589],[3.049609,49.20877],[3.04942,49.209291],[3.047603,49.208894],[3.047369,49.209837],[3.046292,49.209773],[3.046192,49.210064],[3.044146,49.209612],[3.041945,49.209637],[3.041713,49.208068],[3.041183,49.207131],[3.040975,49.20586],[3.039995,49.205489],[3.038903,49.205752],[3.038565,49.206177],[3.037827,49.206264],[3.036362,49.205798],[3.036371,49.205148],[3.036125,49.205024],[3.035413,49.205137],[3.035076,49.205795],[3.034797,49.207324],[3.032454,49.21109],[3.030879,49.212759],[3.029342,49.213834],[3.023204,49.215862],[3.020981,49.216044],[3.017679,49.217029],[3.014948,49.21677],[3.012963,49.216215],[3.005987,49.215492],[3.004076,49.214739],[3.002163,49.214433],[3.000361,49.213689],[2.999315,49.212906],[2.998264,49.211696],[2.996989,49.210779],[2.994402,49.209493],[3.002582,49.206298],[3.002073,49.205538],[3.002044,49.205228],[3.002405,49.204754],[3.001967,49.204331],[3.001357,49.204192],[3.001314,49.203941],[3.001688,49.203174],[3.002105,49.203305],[3.003042,49.203159],[3.003135,49.202568],[3.001273,49.201979],[3.000487,49.201166],[3.000491,49.200651],[2.997282,49.20089],[2.996875,49.200752],[2.996532,49.199897],[2.997393,49.199201],[2.998694,49.199147],[3.00004,49.199493],[3.000048,49.198741],[3.000493,49.198286],[3.000598,49.197818],[2.999915,49.196552],[3.000209,49.196264],[3.000414,49.196268],[3.000856,49.1955],[3.00011,49.195146],[3.000217,49.194953],[3.00077,49.194583],[3.001207,49.194723],[3.001797,49.194064],[3.002568,49.194125],[3.003508,49.193504],[3.003204,49.193397],[3.003254,49.193254],[3.00342,49.193288],[3.003337,49.192188],[3.003975,49.191843],[3.002687,49.191817],[3.002649,49.190861],[3.003244,49.19072],[3.00319,49.190422],[3.003383,49.190363],[3.002317,49.189078],[3.00233,49.188145],[3.003924,49.187544],[3.004155,49.187777],[3.004366,49.187715],[3.004519,49.18694],[3.003681,49.186513],[3.004032,49.186225],[3.005223,49.186373],[3.005647,49.1862],[3.005419,49.185122],[3.005888,49.185107],[3.0066,49.185544],[3.006679,49.185387],[3.007397,49.185481],[3.008583,49.185377],[3.008837,49.185198],[3.008908,49.184212],[3.010178,49.184132],[3.01021,49.18471],[3.010499,49.184862],[3.011943,49.184564],[3.012729,49.18457],[3.013455,49.184939],[3.013291,49.186433],[3.013039,49.186333],[3.012996,49.187066],[3.013498,49.187112],[3.014362,49.186609],[3.014595,49.187336],[3.016296,49.189036],[3.017576,49.189353],[3.017446,49.189881],[3.018176,49.190005],[3.018803,49.190339],[3.020166,49.190417],[3.021419,49.190924],[3.021434,49.191241],[3.021777,49.191518],[3.024515,49.192488],[3.025222,49.192955],[3.026066,49.192974],[3.027031,49.191643],[3.027936,49.191547],[3.028597,49.190546],[3.026118,49.190318],[3.026105,49.189392],[3.025721,49.189169],[3.02664,49.188542],[3.026856,49.18782],[3.025745,49.187446],[3.025694,49.186547],[3.026392,49.186061],[3.027675,49.186252],[3.028268,49.185931],[3.029521,49.184651],[3.030041,49.183031],[3.034892,49.183627],[3.035033,49.182591],[3.035838,49.180314],[3.03631,49.176895],[3.037193,49.17573],[3.038124,49.174971],[3.0367,49.172663],[3.036442,49.17188],[3.037879,49.170425],[3.037758,49.169797],[3.038132,49.169231],[3.038006,49.169132],[3.035938,49.16921],[3.034207,49.169996],[3.033594,49.170074],[3.033438,49.169737],[3.032534,49.169972],[3.030981,49.170903],[3.030314,49.170056],[3.026174,49.170387],[3.025473,49.170209],[3.025613,49.169857],[3.024457,49.169866],[3.022862,49.170199],[3.022443,49.171279],[3.01858,49.175755],[3.018037,49.177114],[3.017409,49.177988],[3.016982,49.180404],[3.017089,49.181068],[3.016164,49.182712],[3.011544,49.182539],[3.008581,49.182873],[3.005796,49.182961],[3.004409,49.183908],[3.003399,49.184854],[3.002644,49.185228],[3.000298,49.185952],[2.999984,49.186195],[2.996629,49.18688],[2.996801,49.187049],[2.99717,49.186975],[2.997801,49.18822],[2.997019,49.188437],[2.997196,49.189229],[2.996549,49.189295],[2.996345,49.189483],[2.995021,49.189311],[2.994323,49.189539],[2.99453,49.191144],[2.994136,49.191553],[2.994381,49.192013],[2.994901,49.192248],[2.994811,49.192642],[2.993766,49.192618],[2.992342,49.192876],[2.992197,49.193639],[2.991746,49.193751],[2.991838,49.194147],[2.992295,49.194167],[2.993535,49.195448],[2.992876,49.195724],[2.991491,49.194437],[2.990775,49.194119],[2.989696,49.19247],[2.99024,49.19233],[2.98874,49.190282],[2.989541,49.189359],[2.989481,49.188666],[2.989219,49.188689],[2.98876,49.188346],[2.988738,49.187882],[2.985314,49.188457],[2.984404,49.186866],[2.983845,49.184366],[2.980578,49.184743],[2.974982,49.186622],[2.974111,49.186954],[2.97266,49.187813],[2.972302,49.187699],[2.971745,49.18795],[2.970272,49.189788],[2.969773,49.19004],[2.969976,49.190112],[2.969907,49.190259],[2.969762,49.190216],[2.969409,49.190531],[2.970064,49.190785],[2.970499,49.191242],[2.967661,49.191755],[2.968204,49.193002],[2.968597,49.193322],[2.969357,49.195237],[2.970171,49.195412],[2.970333,49.196144],[2.970651,49.196145],[2.970685,49.196274],[2.971673,49.196252],[2.972324,49.196838],[2.972017,49.197326],[2.973966,49.197399],[2.973919,49.197734],[2.972783,49.198081],[2.9725,49.199159],[2.971695,49.198921],[2.970503,49.199218],[2.970682,49.199602],[2.970299,49.199783],[2.969878,49.199755],[2.969935,49.200823],[2.969711,49.20087],[2.970031,49.201595],[2.968691,49.202769],[2.967014,49.203099],[2.967548,49.204795],[2.965763,49.205209],[2.965868,49.205379],[2.969277,49.206803],[2.969891,49.206506],[2.970511,49.206798],[2.970289,49.207183],[2.970499,49.207728],[2.971568,49.207819],[2.972097,49.20831],[2.972137,49.208779],[2.969829,49.210407],[2.971041,49.211959],[2.971151,49.212804],[2.970847,49.214439],[2.968412,49.214641],[2.968097,49.215891],[2.967616,49.216698],[2.966479,49.216696],[2.964472,49.217256],[2.963235,49.217662],[2.963274,49.218077],[2.962229,49.218146],[2.961963,49.21837],[2.964925,49.220305],[2.96036,49.222608],[2.95945,49.224215],[2.959288,49.226038],[2.958363,49.226156],[2.958036,49.226922],[2.958987,49.228604],[2.961848,49.229537],[2.963024,49.230579],[2.964192,49.230886],[2.964592,49.232664],[2.967244,49.232697],[2.967044,49.232017],[2.968937,49.231932],[2.969147,49.23171],[2.970216,49.231665],[2.970297,49.23188],[2.972636,49.231786],[2.97533,49.232017],[2.979774,49.233145],[2.981762,49.234165],[2.987304,49.235083],[2.990972,49.235241],[2.992006,49.234685],[2.992813,49.235435],[2.995202,49.235183],[2.999193,49.235023],[2.999272,49.235183],[3.000854,49.235193],[3.000958,49.235631],[3.001741,49.235574],[3.002737,49.235716],[3.00324,49.235531],[3.003063,49.235058],[3.00531,49.234587],[3.006882,49.233938],[3.006956,49.233672],[3.007318,49.233492],[3.009129,49.233061],[3.009162,49.232742],[3.011077,49.232528],[3.012889,49.232071],[3.012562,49.231531],[3.013479,49.231243],[3.013395,49.23099],[3.01467,49.230757],[3.014771,49.23084],[3.015055,49.230729],[3.015,49.230555],[3.016374,49.230217],[3.016021,49.22979],[3.015654,49.229639],[3.015174,49.229924],[3.013469,49.229632],[3.013583,49.228996],[3.012802,49.228332],[3.011377,49.228049],[3.010311,49.227536],[3.009326,49.226578],[3.008063,49.225943],[3.007726,49.226086],[3.007659,49.225252],[3.00704,49.224895],[3.006605,49.224876],[3.006289,49.224192],[3.003383,49.224238],[3.003821,49.221619],[3.005613,49.220979],[3.005656,49.22201],[3.007325,49.221864],[3.007461,49.22223],[3.009168,49.22193],[3.009459,49.222525],[3.012062,49.22266],[3.014467,49.223275],[3.014946,49.223165],[3.01488,49.222622],[3.01431,49.222624],[3.014432,49.221865],[3.014113,49.221489],[3.014989,49.221343],[3.014968,49.221095],[3.013931,49.220882],[3.014172,49.219993],[3.015019,49.220157],[3.015426,49.219615],[3.015774,49.219665],[3.016352,49.218584],[3.016155,49.218471],[3.01654,49.218211],[3.017391,49.218945],[3.018514,49.219541],[3.019539,49.218809],[3.019689,49.218346],[3.019442,49.218297],[3.019524,49.217766],[3.020079,49.216786],[3.020964,49.216156],[3.022161,49.216155],[3.022371,49.216381],[3.023554,49.216588],[3.024595,49.218733],[3.024161,49.219444],[3.022997,49.220218],[3.025137,49.220069],[3.025303,49.22057],[3.02579,49.220848],[3.02608,49.22148],[3.026422,49.221662],[3.027963,49.221419],[3.028128,49.221116],[3.02871,49.2209],[3.029003,49.221174],[3.029882,49.221039],[3.03115,49.22036],[3.031864,49.22096],[3.033086,49.220446],[3.033377,49.220582],[3.032339,49.221465],[3.032483,49.221617],[3.03112,49.222081],[3.031332,49.223101],[3.031613,49.223364],[3.031044,49.223467],[3.031227,49.224054],[3.029948,49.224342],[3.030258,49.225348],[3.032292,49.224832],[3.032364,49.225032],[3.03192,49.225181],[3.03154,49.226191],[3.031771,49.226358],[3.033197,49.226326],[3.033707,49.226087],[3.033545,49.225723],[3.033719,49.225253],[3.033448,49.224315],[3.033099,49.223908],[3.033529,49.22365],[3.033446,49.223527],[3.03399,49.223455],[3.034183,49.222526],[3.035041,49.222365],[3.035814,49.221969],[3.036966,49.222237],[3.037247,49.223574],[3.03765,49.224343],[3.03861,49.22482],[3.038534,49.224904],[3.039701,49.225716],[3.040156,49.226567],[3.03985,49.227517],[3.03864,49.22761],[3.038784,49.228692],[3.039272,49.229665],[3.040633,49.229902],[3.041657,49.230428],[3.041827,49.23036],[3.041821,49.230656],[3.041512,49.230547],[3.040989,49.230876],[3.040632,49.230587],[3.040393,49.230694],[3.039869,49.231215],[3.040736,49.232253],[3.039869,49.232754],[3.037223,49.233641],[3.035709,49.234734],[3.036207,49.235411],[3.036852,49.235579],[3.037127,49.236137],[3.035408,49.237477],[3.035152,49.237458],[3.034863,49.237785],[3.034362,49.237942],[3.033982,49.238514],[3.033216,49.238282],[3.032796,49.238792],[3.033189,49.23952],[3.03294,49.240152],[3.033243,49.240849],[3.033899,49.241582],[3.033295,49.242929],[3.034512,49.242885],[3.034805,49.24425],[3.035462,49.244342],[3.035935,49.245139],[3.036502,49.244867],[3.036512,49.24423],[3.034994,49.241398],[3.034978,49.240226],[3.035515,49.239388],[3.036658,49.239431],[3.036691,49.239056],[3.037243,49.239097],[3.037287,49.238716],[3.038458,49.238734],[3.040898,49.239077],[3.040901,49.239301],[3.041443,49.239348],[3.041417,49.239479],[3.042524,49.239604],[3.043174,49.240938],[3.04384,49.241023],[3.04717,49.240891],[3.0507,49.241171],[3.053154,49.24265],[3.053751,49.244925],[3.055263,49.246607],[3.055592,49.245658],[3.065011,49.245091],[3.070074,49.245063],[3.072121,49.245681],[3.07341,49.245738],[3.075693,49.24549],[3.076866,49.245912],[3.08029,49.24621],[3.082904,49.245355],[3.083632,49.245411],[3.084504,49.245697],[3.084984,49.246066],[3.085439,49.246142],[3.086303,49.246041],[3.086303,49.24561],[3.087121,49.24548],[3.087886,49.24574],[3.089368,49.246996],[3.090059,49.247301],[3.091054,49.248082],[3.091887,49.248385],[3.093038,49.249224],[3.09413,49.249611],[3.094998,49.249722],[3.096874,49.24915],[3.099365,49.248054],[3.100495,49.24736],[3.102122,49.245772],[3.102508,49.244902],[3.103694,49.243467],[3.099249,49.242451],[3.097499,49.241699],[3.096218,49.241696],[3.092022,49.242337],[3.091625,49.241965],[3.091793,49.241382],[3.089236,49.23828],[3.090563,49.237952],[3.091496,49.238008],[3.092373,49.24063],[3.093743,49.239527],[3.096733,49.238227],[3.099943,49.237739],[3.10144,49.23713],[3.114694,49.227444],[3.118887,49.228649],[3.119177,49.228755],[3.122154,49.235702],[3.122041,49.235935],[3.12779,49.250667],[3.132344,49.253834],[3.132754,49.255926],[3.13368,49.257696],[3.135105,49.260065],[3.136929,49.261493],[3.138193,49.26416],[3.154737,49.270673],[3.159722,49.274999],[3.152402,49.278369],[3.165548,49.285919],[3.165764,49.28557],[3.169797,49.284528],[3.173618,49.283185],[3.177556,49.274328],[3.169641,49.265864],[3.170215,49.265417],[3.169567,49.264974],[3.190419,49.265318],[3.208288,49.265787],[3.209859,49.26198],[3.212272,49.261815],[3.21633,49.261227],[3.219161,49.261586],[3.219319,49.262416],[3.219046,49.263092],[3.217318,49.263302],[3.214411,49.26417],[3.211473,49.264697],[3.210883,49.264925],[3.208933,49.266362],[3.207897,49.266721],[3.20568,49.267079],[3.203798,49.268011],[3.202501,49.270525],[3.203604,49.274523],[3.204116,49.275866],[3.204441,49.276062],[3.204296,49.276451],[3.201033,49.275806],[3.198714,49.27583],[3.196807,49.275682],[3.196314,49.275803],[3.193258,49.27962],[3.191295,49.280856],[3.189826,49.282035],[3.189294,49.283792],[3.191486,49.283552],[3.19335,49.284078],[3.194249,49.284753],[3.193957,49.285403],[3.193599,49.285666],[3.192986,49.287804],[3.192192,49.288335],[3.191021,49.288632],[3.19214,49.289747],[3.192417,49.28988],[3.193169,49.289739],[3.195756,49.291608],[3.199554,49.292928],[3.203347,49.294776],[3.205923,49.294795],[3.20863,49.294132],[3.212152,49.292625],[3.213902,49.291656],[3.22752,49.299956],[3.224494,49.302987],[3.23124,49.305749],[3.229245,49.30679],[3.233713,49.309728],[3.235608,49.308635],[3.234364,49.307824],[3.234471,49.30773],[3.242583,49.302684],[3.24002,49.29753],[3.242236,49.296682],[3.24011,49.294646],[3.236647,49.292128],[3.240928,49.289126],[3.238168,49.288355],[3.237942,49.288056],[3.238014,49.287122],[3.239319,49.285958],[3.240422,49.285243],[3.243199,49.284349],[3.24471,49.283543],[3.247032,49.280873],[3.249007,49.281495],[3.250552,49.28175],[3.250209,49.282096],[3.254207,49.283526],[3.256725,49.28101],[3.258123,49.280019],[3.259804,49.279249],[3.261152,49.278907],[3.261791,49.278403],[3.264986,49.277175],[3.267524,49.276671],[3.268396,49.276351],[3.270013,49.275579],[3.270237,49.275294],[3.271088,49.274838],[3.272113,49.27463],[3.274275,49.272742],[3.27588,49.271792],[3.27786,49.271585],[3.283221,49.271877],[3.287198,49.270883],[3.289069,49.270921],[3.289462,49.271051],[3.289112,49.270373],[3.289102,49.269879],[3.293326,49.264401],[3.286784,49.26032],[3.287742,49.260132],[3.288284,49.259769],[3.288672,49.258553],[3.289279,49.25791],[3.289331,49.257056],[3.290821,49.255965],[3.291494,49.255242],[3.288256,49.254593],[3.286462,49.254068],[3.287275,49.253434],[3.287271,49.253254],[3.286504,49.252586],[3.286058,49.250793],[3.285293,49.25017],[3.285226,49.24734],[3.282504,49.248529],[3.281343,49.248853],[3.275172,49.249672],[3.272321,49.246283],[3.271561,49.245858],[3.270494,49.244855],[3.270315,49.244495],[3.270515,49.243686],[3.27004,49.243146],[3.27105,49.242573],[3.270066,49.241535],[3.269052,49.241964],[3.267472,49.239098],[3.267062,49.238627],[3.26475,49.236974],[3.267768,49.236045],[3.268322,49.235583],[3.268649,49.234666],[3.270322,49.234783],[3.270283,49.235068],[3.272525,49.234426],[3.27197,49.232857],[3.279827,49.230375],[3.282153,49.229222],[3.28027,49.222915],[3.278845,49.216354],[3.278996,49.212558],[3.277978,49.212303],[3.276556,49.212187],[3.275625,49.209937],[3.276078,49.20947],[3.278613,49.208131],[3.278798,49.207843],[3.278714,49.207432],[3.278101,49.207358],[3.277752,49.207047],[3.277659,49.206076],[3.277215,49.205803],[3.276466,49.204598],[3.273618,49.202922],[3.272275,49.201423],[3.271742,49.200401],[3.270075,49.198867],[3.269732,49.197784],[3.270166,49.197531],[3.270892,49.196652],[3.270998,49.196152],[3.26992,49.194561],[3.267402,49.192273],[3.26666,49.191342],[3.265852,49.190975],[3.265547,49.190196],[3.263366,49.189059],[3.262487,49.188896],[3.262093,49.188385],[3.260646,49.188032],[3.260073,49.187649],[3.259502,49.187919],[3.259054,49.188654],[3.257665,49.189751],[3.257344,49.190923],[3.256644,49.191556],[3.255193,49.191972],[3.254644,49.191876],[3.254429,49.191969],[3.254404,49.192481],[3.254131,49.192757],[3.254575,49.192953],[3.254617,49.193184],[3.253993,49.193489],[3.254874,49.193701],[3.25438,49.194465],[3.252645,49.194627],[3.252156,49.194425],[3.251192,49.194313],[3.249828,49.193625],[3.249402,49.193703],[3.249339,49.194115],[3.249232,49.194047],[3.249062,49.192944],[3.248411,49.192157],[3.248394,49.191795],[3.248015,49.191813],[3.246655,49.192849],[3.245826,49.192295],[3.245224,49.193278],[3.24474,49.192942],[3.243996,49.193244],[3.242998,49.192957],[3.242931,49.193444],[3.241723,49.19258],[3.241862,49.190946],[3.241515,49.190108],[3.2409,49.189667],[3.240489,49.188216],[3.240013,49.187735],[3.238529,49.187076],[3.237818,49.186926],[3.236338,49.186959],[3.233932,49.187475],[3.233844,49.187869],[3.233358,49.187911],[3.232869,49.188284],[3.232605,49.18896],[3.233441,49.189475],[3.233051,49.190009],[3.233161,49.190196],[3.234259,49.190331],[3.234386,49.190524],[3.23339,49.191455],[3.233312,49.191767],[3.233753,49.192621],[3.233456,49.193228],[3.234358,49.193179],[3.234898,49.193449],[3.234423,49.193534],[3.234191,49.193847],[3.233443,49.193528],[3.232607,49.193628],[3.234098,49.194516],[3.234074,49.19481],[3.233725,49.194957],[3.233601,49.195314],[3.234223,49.195453],[3.234323,49.195726],[3.234063,49.196467],[3.233864,49.196519],[3.233405,49.196262],[3.233176,49.196386],[3.233262,49.196953],[3.232778,49.197593],[3.231672,49.197489],[3.230764,49.197826],[3.230477,49.197803],[3.229928,49.197331],[3.229276,49.197096],[3.228981,49.197092],[3.228883,49.197386],[3.228243,49.197334],[3.227888,49.197143],[3.227743,49.196546],[3.226622,49.196502],[3.226346,49.196368],[3.226403,49.196063],[3.226764,49.195992],[3.226858,49.195809],[3.226636,49.195675],[3.223756,49.194755],[3.22353,49.194395],[3.223025,49.194322],[3.222156,49.193843],[3.22053,49.193262],[3.21951,49.1932],[3.219889,49.191998],[3.218491,49.190847],[3.218203,49.19004],[3.217428,49.18995],[3.217522,49.18958],[3.2179,49.18939],[3.218174,49.187368],[3.217562,49.185027],[3.21588,49.18318],[3.217595,49.182078],[3.216891,49.181686],[3.217094,49.181342],[3.216667,49.181147],[3.216704,49.180905],[3.214449,49.179726],[3.214466,49.17888],[3.216921,49.17933],[3.217105,49.178424],[3.216911,49.177188],[3.216264,49.177211],[3.215696,49.176481],[3.21432,49.176157],[3.21415,49.175665],[3.212892,49.174932],[3.212224,49.175491],[3.209857,49.174232],[3.206475,49.173538],[3.205724,49.171704],[3.206829,49.17073],[3.206988,49.168863],[3.205464,49.168383],[3.206152,49.164568],[3.205707,49.162373],[3.20269,49.156085],[3.201569,49.155107],[3.201205,49.154381],[3.19363,49.155992],[3.191697,49.155957],[3.184956,49.158359],[3.182249,49.157754],[3.176837,49.157756],[3.175718,49.157135],[3.173375,49.157852],[3.161813,49.156703],[3.161555,49.157242],[3.161309,49.157293],[3.159531,49.156847]],[[2.995937,49.192027],[2.995942,49.191625],[2.996568,49.190942],[2.997903,49.191011],[2.998383,49.19045],[2.998289,49.190331],[2.999254,49.190083],[2.999037,49.18951],[2.999804,49.189346],[3.000752,49.190797],[2.999711,49.190839],[2.998955,49.191073],[2.999195,49.192332],[2.998856,49.19303],[2.99677,49.192576],[2.99675,49.192052],[2.995937,49.192027]],[[2.982132,49.216854],[2.981743,49.216798],[2.981793,49.216397],[2.984554,49.2162],[2.985351,49.216277],[2.985536,49.215014],[2.986352,49.214845],[2.985915,49.213728],[2.985426,49.213124],[2.986153,49.212581],[2.986848,49.212311],[2.987504,49.212233],[2.987707,49.212454],[2.988507,49.212342],[2.987079,49.210962],[2.987535,49.210738],[2.988593,49.211483],[2.989675,49.211129],[2.989846,49.210707],[2.990207,49.210677],[2.991705,49.210898],[2.991872,49.211334],[2.992586,49.211435],[2.992487,49.212226],[2.993292,49.21236],[2.994341,49.212392],[2.994558,49.211435],[2.995459,49.211299],[2.995634,49.21233],[2.996663,49.213274],[2.997115,49.213959],[2.998035,49.213963],[2.999133,49.21528],[2.999573,49.215344],[3.000003,49.21589],[2.999757,49.216018],[2.999844,49.216247],[2.998645,49.216535],[2.997955,49.216946],[2.998403,49.216946],[2.998548,49.21712],[2.997856,49.217703],[2.998327,49.21841],[2.998283,49.218978],[2.999022,49.219158],[2.999757,49.219022],[3.003756,49.218915],[3.002299,49.220213],[3.000324,49.222759],[2.997912,49.223632],[2.995092,49.222898],[2.993708,49.222744],[2.993118,49.22279],[2.992724,49.223326],[2.990697,49.222588],[2.988593,49.222258],[2.989108,49.221206],[2.989578,49.219468],[2.986553,49.218952],[2.985624,49.218655],[2.983206,49.217777],[2.983367,49.217393],[2.982132,49.216854]],[[3.044049,49.228433],[3.042431,49.228436],[3.042466,49.22778],[3.043571,49.227712],[3.043497,49.227272],[3.043981,49.226681],[3.043947,49.226059],[3.045426,49.226307],[3.04536,49.226922],[3.046132,49.227284],[3.047372,49.227345],[3.048399,49.22763],[3.04734,49.228403],[3.047093,49.229302],[3.044581,49.229342],[3.044563,49.228865],[3.044273,49.228799],[3.044049,49.228433]],[[3.095444,49.23305],[3.094306,49.236296],[3.093355,49.236468],[3.092138,49.236052],[3.089163,49.233553],[3.086813,49.230814],[3.087354,49.228362],[3.090633,49.219875],[3.095444,49.23305]],[[3.096118,49.246799],[3.096423,49.246872],[3.096368,49.247245],[3.095784,49.24773],[3.094469,49.24794],[3.092405,49.247886],[3.093045,49.246546],[3.095015,49.247166],[3.096118,49.246799]]]}}]}