{"type":"FeatureCollection","features":[{"type":"Feature","properties":{"uai_primary":"0180002E","uai_all":"0180002E","is_merged":false},"geometry":{"type":"Polygon","coordinates":[[[2.307256,47.617569],[2.312299,47.615445],[2.317056,47.612105],[2.319192,47.61108],[2.320428,47.610214],[2.32181,47.609595],[2.322042,47.609285],[2.324675,47.60784],[2.32749,47.607244],[2.331967,47.607449],[2.333936,47.606832],[2.336114,47.606471],[2.33673,47.606111],[2.339284,47.605531],[2.340344,47.605386],[2.342472,47.605384],[2.347402,47.602312],[2.347862,47.601489],[2.349796,47.599751],[2.350512,47.598657],[2.352177,47.597305],[2.353224,47.596106],[2.355136,47.594424],[2.356982,47.59356],[2.359826,47.592539],[2.359787,47.590122],[2.361483,47.590525],[2.365406,47.591056],[2.366299,47.590056],[2.372869,47.585691],[2.381069,47.591777],[2.381467,47.591911],[2.382332,47.591866],[2.386186,47.5911],[2.388446,47.590919],[2.39596,47.592489],[2.395363,47.593389],[2.395164,47.594334],[2.395364,47.594918],[2.398491,47.596581],[2.3987,47.597363],[2.400575,47.599474],[2.402306,47.599346],[2.402974,47.59973],[2.407006,47.600354],[2.410603,47.60192],[2.414857,47.603276],[2.422613,47.604913],[2.422522,47.605056],[2.428373,47.606469],[2.429917,47.607277],[2.43395,47.608429],[2.435082,47.609148],[2.43608,47.609506],[2.437345,47.609775],[2.438909,47.609618],[2.442595,47.608467],[2.444257,47.608105],[2.445784,47.607295],[2.45018,47.605712],[2.449831,47.602703],[2.454561,47.599289],[2.452493,47.597327],[2.452544,47.596764],[2.455647,47.594469],[2.456579,47.593411],[2.461502,47.590032],[2.464886,47.587316],[2.47528,47.579573],[2.483271,47.576313],[2.483734,47.575233],[2.484316,47.575204],[2.487699,47.574295],[2.490502,47.571626],[2.490695,47.569467],[2.491356,47.568297],[2.499129,47.567522],[2.507902,47.568184],[2.509962,47.568496],[2.513362,47.56953],[2.519136,47.572297],[2.521373,47.572796],[2.521762,47.572855],[2.523044,47.57064],[2.547109,47.575156],[2.548,47.575133],[2.563206,47.572137],[2.565039,47.570627],[2.56538,47.570576],[2.566429,47.569831],[2.567444,47.56853],[2.568816,47.568496],[2.568813,47.567466],[2.569197,47.566885],[2.569506,47.565501],[2.569828,47.565167],[2.569781,47.564817],[2.570853,47.56336],[2.570666,47.562803],[2.571039,47.56202],[2.572146,47.561226],[2.571874,47.56072],[2.572127,47.560395],[2.57284,47.559823],[2.573544,47.559695],[2.574151,47.559276],[2.57556,47.559041],[2.576989,47.558512],[2.578611,47.558217],[2.579488,47.55816],[2.57982,47.558371],[2.580227,47.558258],[2.580743,47.558393],[2.581497,47.557705],[2.582106,47.557804],[2.582881,47.55754],[2.583747,47.557512],[2.584267,47.5579],[2.585614,47.557984],[2.586229,47.557756],[2.587235,47.557748],[2.588473,47.558021],[2.588777,47.557926],[2.590207,47.558048],[2.591414,47.557875],[2.592052,47.55813],[2.593095,47.558132],[2.593594,47.558445],[2.59389,47.558306],[2.593979,47.557756],[2.595426,47.557709],[2.595657,47.557422],[2.596163,47.557214],[2.596297,47.556553],[2.596665,47.556489],[2.5978,47.554555],[2.599689,47.55402],[2.59988,47.553463],[2.600167,47.553606],[2.600675,47.553593],[2.600727,47.55333],[2.601233,47.553116],[2.601065,47.552799],[2.601764,47.552321],[2.601799,47.552071],[2.603314,47.55055],[2.606006,47.549034],[2.607083,47.549151],[2.607827,47.547656],[2.608548,47.547804],[2.610893,47.544375],[2.611484,47.544649],[2.6118,47.544626],[2.614166,47.542619],[2.616482,47.541006],[2.617048,47.539365],[2.616492,47.537303],[2.616302,47.535287],[2.615753,47.534926],[2.614584,47.533196],[2.614156,47.531547],[2.613231,47.529476],[2.612457,47.528183],[2.611866,47.527681],[2.612073,47.526602],[2.611873,47.526504],[2.61532,47.523857],[2.616916,47.524257],[2.618044,47.524255],[2.61904,47.524028],[2.620562,47.523304],[2.623208,47.521454],[2.624674,47.52235],[2.625006,47.522349],[2.626875,47.520771],[2.63,47.522227],[2.633088,47.519135],[2.634936,47.516816],[2.635229,47.516898],[2.636316,47.515324],[2.638018,47.516381],[2.639046,47.516107],[2.642429,47.515648],[2.642762,47.515738],[2.643954,47.516761],[2.645018,47.515731],[2.646147,47.514975],[2.647079,47.516176],[2.64933,47.515225],[2.649359,47.514948],[2.648657,47.513608],[2.648948,47.512574],[2.653905,47.512327],[2.654298,47.510535],[2.655744,47.510436],[2.655639,47.502941],[2.656382,47.498669],[2.656196,47.497612],[2.656774,47.495479],[2.655941,47.492633],[2.654945,47.491989],[2.657151,47.490963],[2.657996,47.490399],[2.658329,47.489621],[2.659167,47.488892],[2.658725,47.488037],[2.657407,47.487193],[2.663448,47.486224],[2.666296,47.485257],[2.669398,47.484651],[2.672281,47.484894],[2.678042,47.483742],[2.680688,47.483426],[2.681888,47.483413],[2.684832,47.483023],[2.686517,47.483296],[2.685629,47.481581],[2.683459,47.479213],[2.679641,47.472227],[2.678285,47.470994],[2.678026,47.470077],[2.676136,47.469782],[2.673444,47.469027],[2.672802,47.468798],[2.672465,47.468426],[2.672403,47.467998],[2.673176,47.467109],[2.675479,47.461857],[2.678946,47.455019],[2.677663,47.450922],[2.677725,47.450292],[2.679432,47.448322],[2.679189,47.446144],[2.678842,47.445564],[2.67933,47.444706],[2.678203,47.44215],[2.677135,47.440849],[2.676728,47.439411],[2.677124,47.43914],[2.676923,47.438825],[2.675524,47.43775],[2.674741,47.43827],[2.673622,47.438273],[2.671713,47.437647],[2.671133,47.437747],[2.670698,47.437605],[2.654175,47.43616],[2.645647,47.433109],[2.64189,47.431963],[2.64097,47.431179],[2.639614,47.430358],[2.638348,47.429098],[2.638742,47.428857],[2.638696,47.427958],[2.63999,47.427927],[2.640236,47.427399],[2.640723,47.427426],[2.641014,47.427664],[2.641199,47.427291],[2.64206,47.426794],[2.643222,47.426821],[2.643987,47.426439],[2.644463,47.426451],[2.644756,47.426788],[2.646629,47.426592],[2.646565,47.426818],[2.646907,47.427089],[2.647543,47.427155],[2.647878,47.426963],[2.648429,47.427004],[2.649276,47.426725],[2.650616,47.426075],[2.650802,47.425801],[2.650108,47.425053],[2.650623,47.424964],[2.65041,47.424397],[2.651292,47.423992],[2.651387,47.42375],[2.651213,47.423569],[2.650668,47.42355],[2.650456,47.423327],[2.651136,47.423087],[2.651244,47.422856],[2.650694,47.422169],[2.650727,47.421752],[2.650885,47.421634],[2.652035,47.421717],[2.65247,47.421041],[2.652302,47.420756],[2.652608,47.419909],[2.652996,47.419068],[2.653419,47.418757],[2.653405,47.418258],[2.653725,47.418019],[2.653701,47.417674],[2.654095,47.417238],[2.654766,47.417033],[2.655229,47.416419],[2.655195,47.415907],[2.655646,47.415042],[2.653604,47.414415],[2.652588,47.414291],[2.651042,47.413698],[2.648566,47.413494],[2.648287,47.413586],[2.64579,47.413018],[2.644101,47.412846],[2.643496,47.412414],[2.642743,47.412338],[2.642502,47.412065],[2.642049,47.412008],[2.641569,47.412148],[2.641145,47.411681],[2.637746,47.410925],[2.636511,47.410429],[2.635724,47.410361],[2.635184,47.409997],[2.634756,47.409309],[2.632587,47.408241],[2.631614,47.408081],[2.628068,47.406945],[2.625924,47.406733],[2.625313,47.406538],[2.622601,47.406341],[2.620061,47.405476],[2.619634,47.405147],[2.619487,47.404683],[2.616952,47.402758],[2.616421,47.401853],[2.61536,47.400956],[2.613803,47.400068],[2.61094,47.399026],[2.610688,47.397951],[2.608114,47.39578],[2.607591,47.39463],[2.606798,47.393577],[2.606335,47.39314],[2.60559,47.392917],[2.604466,47.391879],[2.604318,47.390574],[2.604434,47.389158],[2.603823,47.388014],[2.603609,47.386876],[2.602429,47.386527],[2.597569,47.384198],[2.596762,47.384135],[2.595705,47.383688],[2.593798,47.383186],[2.592785,47.383244],[2.591856,47.383527],[2.586525,47.385771],[2.583343,47.386735],[2.581939,47.387778],[2.580372,47.38954],[2.577813,47.390752],[2.576917,47.391508],[2.575805,47.391893],[2.573797,47.392996],[2.572085,47.394249],[2.570865,47.394923],[2.570614,47.39558],[2.568881,47.39698],[2.568271,47.397185],[2.562963,47.397933],[2.562209,47.3979],[2.560063,47.397287],[2.557431,47.396076],[2.556822,47.396114],[2.556758,47.395934],[2.555035,47.395134],[2.554402,47.395104],[2.554165,47.395326],[2.553951,47.395292],[2.553249,47.394842],[2.552242,47.394636],[2.551738,47.394303],[2.550292,47.394756],[2.550164,47.395246],[2.549668,47.395404],[2.54888,47.396405],[2.548018,47.396226],[2.546888,47.395104],[2.544432,47.393759],[2.540207,47.389895],[2.532151,47.386135],[2.531354,47.385506],[2.530492,47.385103],[2.530109,47.385116],[2.524194,47.395909],[2.522952,47.395939],[2.516391,47.398495],[2.527056,47.406385],[2.518797,47.407627],[2.512413,47.411334],[2.507048,47.414211],[2.503968,47.416177],[2.502811,47.416104],[2.500718,47.415373],[2.498866,47.41632],[2.495632,47.420462],[2.491654,47.419792],[2.483532,47.420279],[2.482538,47.420197],[2.480857,47.419102],[2.480504,47.418484],[2.480314,47.417064],[2.484285,47.414944],[2.485476,47.414493],[2.486735,47.414222],[2.488589,47.414175],[2.503332,47.40363],[2.503266,47.403495],[2.499817,47.402331],[2.499351,47.400419],[2.49729,47.400087],[2.496384,47.400809],[2.49545,47.401],[2.492722,47.400968],[2.488659,47.401591],[2.487017,47.401577],[2.482774,47.402267],[2.480808,47.402801],[2.479217,47.402803],[2.478179,47.402393],[2.477749,47.402016],[2.476991,47.402326],[2.473766,47.404301],[2.470415,47.405297],[2.467595,47.405647],[2.465773,47.40527],[2.463037,47.40502],[2.462022,47.404655],[2.459579,47.404573],[2.459225,47.404026],[2.458051,47.404145],[2.457352,47.403885],[2.456545,47.403866],[2.456071,47.404011],[2.455438,47.403918],[2.456009,47.402826],[2.45574,47.401102],[2.454569,47.400122],[2.454095,47.399325],[2.452814,47.398112],[2.454122,47.395132],[2.453496,47.392926],[2.453598,47.392321],[2.454156,47.391814],[2.45606,47.390774],[2.454856,47.389762],[2.45569,47.38972],[2.457615,47.390167],[2.458748,47.387467],[2.458789,47.386863],[2.461024,47.385333],[2.460825,47.384749],[2.463075,47.384387],[2.462941,47.383532],[2.463271,47.383351],[2.46486,47.382856],[2.465456,47.38326],[2.465656,47.383214],[2.466532,47.38251],[2.466543,47.380164],[2.471655,47.380772],[2.472301,47.380621],[2.476201,47.374556],[2.476878,47.373065],[2.476414,47.370759],[2.475579,47.370883],[2.474333,47.371401],[2.471583,47.371669],[2.471089,47.371512],[2.469454,47.371557],[2.468265,47.37138],[2.467156,47.371039],[2.466205,47.370512],[2.465925,47.370984],[2.465087,47.370842],[2.463948,47.370504],[2.461687,47.369508],[2.461837,47.369314],[2.461693,47.369047],[2.461127,47.369146],[2.459816,47.368837],[2.459349,47.36759],[2.458983,47.367496],[2.458439,47.367506],[2.457719,47.367211],[2.457565,47.367465],[2.457187,47.367443],[2.450054,47.366103],[2.448232,47.365346],[2.446784,47.365108],[2.445852,47.365109],[2.444053,47.365448],[2.443039,47.365267],[2.442252,47.364831],[2.440319,47.364579],[2.4406,47.363714],[2.439344,47.362797],[2.438928,47.362798],[2.439784,47.354315],[2.439388,47.354245],[2.43874,47.355166],[2.43736,47.355876],[2.436332,47.354414],[2.437784,47.352253],[2.438311,47.350858],[2.426804,47.356041],[2.42482,47.356986],[2.423696,47.357752],[2.418943,47.358804],[2.418477,47.358579],[2.417804,47.358692],[2.417542,47.358431],[2.417408,47.357802],[2.417209,47.357802],[2.414613,47.358588],[2.41099,47.359425],[2.407948,47.361136],[2.407154,47.361272],[2.40742,47.362485],[2.406163,47.363071],[2.406164,47.363791],[2.40749,47.36469],[2.407556,47.364959],[2.4059,47.365005],[2.39372,47.364562],[2.389547,47.361505],[2.383146,47.356236],[2.37967,47.355657],[2.377415,47.355061],[2.374159,47.353715],[2.373588,47.352921],[2.372926,47.352382],[2.368689,47.350449],[2.365734,47.349491],[2.362065,47.350062],[2.357891,47.349632],[2.354865,47.35008],[2.35385,47.350108],[2.351125,47.349696],[2.348306,47.351127],[2.347909,47.351622],[2.347049,47.351892],[2.342483,47.354771],[2.342218,47.354771],[2.341489,47.353917],[2.340476,47.353168],[2.339661,47.352897],[2.338922,47.353659],[2.334893,47.355625],[2.332345,47.356471],[2.330081,47.357028],[2.323159,47.357086],[2.319452,47.358097],[2.30986,47.357196],[2.307351,47.357749],[2.304466,47.358744],[2.299327,47.359668],[2.298201,47.360026],[2.296999,47.360769],[2.290241,47.361137],[2.285853,47.360827],[2.284498,47.361596],[2.282181,47.361639],[2.281519,47.361728],[2.280791,47.362089],[2.272783,47.361409],[2.270532,47.361937],[2.270593,47.364782],[2.267267,47.366057],[2.271644,47.372601],[2.267895,47.373431],[2.266699,47.373509],[2.258273,47.375129],[2.255198,47.375283],[2.255615,47.376826],[2.255152,47.37687],[2.255479,47.379074],[2.255279,47.380199],[2.254216,47.382806],[2.253267,47.384284],[2.252604,47.386518],[2.248901,47.386077],[2.246976,47.386681],[2.24114,47.387788],[2.235888,47.388321],[2.233265,47.3894],[2.23306,47.389304],[2.233926,47.390532],[2.234644,47.391076],[2.234093,47.391649],[2.234629,47.393517],[2.23618,47.39525],[2.236113,47.395475],[2.226892,47.405231],[2.230393,47.407524],[2.230364,47.407651],[2.231009,47.4078],[2.234761,47.410046],[2.243697,47.414821],[2.246151,47.431041],[2.246086,47.432402],[2.246473,47.43584],[2.245248,47.437265],[2.24538,47.437805],[2.247893,47.441404],[2.244765,47.4464],[2.24158,47.450664],[2.240452,47.450573],[2.24032,47.450708],[2.239723,47.450663],[2.237603,47.450077],[2.237077,47.450541],[2.235577,47.451032],[2.235016,47.451699],[2.235188,47.452475],[2.238325,47.453594],[2.239474,47.454635],[2.240244,47.455745],[2.241304,47.456466],[2.244683,47.457863],[2.245213,47.458223],[2.245013,47.458762],[2.245145,47.459302],[2.245807,47.460472],[2.245537,47.462271],[2.244343,47.463394],[2.243146,47.465147],[2.242391,47.465869],[2.241216,47.465788],[2.240621,47.467304],[2.237967,47.468111],[2.237899,47.468696],[2.237169,47.469055],[2.236952,47.471267],[2.24148,47.474954],[2.242685,47.47691],[2.242297,47.479261],[2.242274,47.483413],[2.242462,47.484734],[2.243307,47.486195],[2.246287,47.490111],[2.247744,47.49173],[2.246083,47.492314],[2.243695,47.492537],[2.242765,47.492851],[2.240971,47.493884],[2.238978,47.495456],[2.237427,47.496139],[2.235592,47.496398],[2.23417,47.4968],[2.232405,47.496997],[2.227892,47.496917],[2.225523,47.496398],[2.225462,47.496583],[2.224232,47.496044],[2.223143,47.495853],[2.219469,47.495618],[2.217876,47.495347],[2.216086,47.49476],[2.215688,47.494625],[2.21496,47.493859],[2.213567,47.493184],[2.211512,47.492461],[2.20959,47.491425],[2.207204,47.490523],[2.204487,47.489081],[2.2019,47.488539],[2.200442,47.487996],[2.198785,47.487051],[2.196204,47.487803],[2.201416,47.493019],[2.201613,47.497577],[2.202283,47.499101],[2.203528,47.501133],[2.209619,47.507166],[2.211845,47.510281],[2.21299,47.512972],[2.213068,47.516117],[2.214568,47.519298],[2.21439,47.519332],[2.214577,47.519937],[2.215496,47.522081],[2.211181,47.527283],[2.206844,47.530373],[2.204464,47.535972],[2.202657,47.538125],[2.200005,47.543246],[2.196543,47.548202],[2.195763,47.548746],[2.175769,47.548791],[2.173375,47.54954],[2.172163,47.549643],[2.170203,47.54963],[2.166394,47.549258],[2.162337,47.549895],[2.158671,47.550833],[2.157067,47.551057],[2.153524,47.551483],[2.145963,47.551974],[2.144841,47.551939],[2.142919,47.551406],[2.140794,47.551383],[2.138763,47.551085],[2.13814,47.551208],[2.136707,47.55107],[2.134883,47.551496],[2.134699,47.550831],[2.131836,47.550591],[2.128866,47.551223],[2.128453,47.552827],[2.127745,47.553924],[2.124843,47.556889],[2.124005,47.557513],[2.123712,47.557964],[2.123716,47.558581],[2.123459,47.558605],[2.123415,47.5597],[2.123834,47.560591],[2.124859,47.562486],[2.127005,47.564927],[2.127916,47.566989],[2.128136,47.568278],[2.127636,47.570285],[2.126432,47.573036],[2.124798,47.575429],[2.123814,47.57729],[2.123266,47.578151],[2.122114,47.579154],[2.121862,47.579103],[2.121339,47.579694],[2.119561,47.583235],[2.120322,47.58331],[2.124985,47.583093],[2.129296,47.585704],[2.131988,47.58714],[2.134601,47.588309],[2.135759,47.588626],[2.137529,47.588597],[2.1412,47.589803],[2.143224,47.59361],[2.143918,47.594471],[2.145109,47.595462],[2.150061,47.598725],[2.151286,47.600621],[2.152429,47.600796],[2.15266,47.601069],[2.15316,47.600754],[2.153559,47.600945],[2.154076,47.600661],[2.154875,47.600715],[2.156289,47.600475],[2.157292,47.601021],[2.161158,47.600915],[2.161653,47.601394],[2.164598,47.601056],[2.166226,47.601554],[2.169133,47.602171],[2.169802,47.602451],[2.18041,47.604081],[2.18214,47.604622],[2.183997,47.604571],[2.184817,47.604684],[2.185927,47.605026],[2.187509,47.605903],[2.189723,47.606595],[2.19299,47.606311],[2.195269,47.606886],[2.198078,47.607041],[2.201067,47.608217],[2.202528,47.608339],[2.2035,47.608693],[2.206836,47.610274],[2.208611,47.610355],[2.21078,47.610985],[2.21206,47.611611],[2.213563,47.611996],[2.216321,47.6137],[2.216965,47.613815],[2.217706,47.614364],[2.219092,47.614792],[2.219482,47.61514],[2.220506,47.615368],[2.221153,47.615833],[2.22172,47.615981],[2.221935,47.616335],[2.221203,47.616855],[2.221416,47.617028],[2.226878,47.619104],[2.228746,47.620325],[2.229479,47.62039],[2.231799,47.620219],[2.235272,47.620681],[2.236242,47.620615],[2.236762,47.620344],[2.238444,47.620395],[2.239538,47.620912],[2.240536,47.621078],[2.243202,47.621029],[2.244117,47.620611],[2.244582,47.620582],[2.244671,47.620307],[2.245571,47.620536],[2.246107,47.62043],[2.24775,47.620506],[2.248247,47.620733],[2.248884,47.620723],[2.25081,47.621283],[2.252057,47.621973],[2.259209,47.624374],[2.26967,47.626237],[2.273146,47.626688],[2.276191,47.625858],[2.278307,47.62667],[2.278513,47.626959],[2.279583,47.627547],[2.28071,47.627935],[2.286333,47.628912],[2.289451,47.629104],[2.289457,47.627899],[2.289803,47.626808],[2.291255,47.623906],[2.292215,47.623577],[2.294924,47.622111],[2.297452,47.621011],[2.302733,47.619761],[2.307256,47.617569]]]}},{"type":"Feature","properties":{"uai_primary":"0180004G","uai_all":"0180004G","is_merged":false},"geometry":{"type":"Polygon","coordinates":[[[2.545531,47.105941],[2.559031,47.112384],[2.55982,47.114148],[2.56029,47.116351],[2.565896,47.117555],[2.571435,47.118398],[2.573212,47.1179],[2.575984,47.118973],[2.576182,47.118928],[2.577159,47.116587],[2.584543,47.117516],[2.586699,47.113463],[2.589005,47.113638],[2.59041,47.111044],[2.593719,47.111543],[2.594988,47.110656],[2.598726,47.107139],[2.600298,47.105336],[2.600615,47.104618],[2.600043,47.104132],[2.604214,47.103026],[2.606384,47.102138],[2.615484,47.09929],[2.623855,47.09589],[2.631299,47.09393],[2.636909,47.092864],[2.639517,47.091958],[2.640144,47.09188],[2.644504,47.096254],[2.647702,47.10054],[2.649221,47.10112],[2.649617,47.101435],[2.650487,47.103636],[2.650491,47.104176],[2.649241,47.104539],[2.649508,47.105213],[2.650697,47.10575],[2.651295,47.106647],[2.651691,47.106917],[2.656073,47.108421],[2.657044,47.109107],[2.658034,47.1094],[2.658758,47.109833],[2.658762,47.11054],[2.660353,47.111975],[2.661941,47.113185],[2.663461,47.113945],[2.663342,47.11597],[2.663675,47.116598],[2.66507,47.118439],[2.668583,47.121847],[2.668897,47.123057],[2.670098,47.123953],[2.670753,47.126594],[2.672539,47.128824],[2.672584,47.129513],[2.673063,47.130229],[2.673265,47.132688],[2.673658,47.132926],[2.673973,47.133993],[2.675009,47.134932],[2.675472,47.136407],[2.676029,47.136194],[2.676399,47.135785],[2.675851,47.13523],[2.676508,47.135003],[2.677361,47.134236],[2.67894,47.133737],[2.680581,47.132652],[2.681883,47.133318],[2.682657,47.132691],[2.682926,47.132229],[2.684206,47.132776],[2.685469,47.134391],[2.687247,47.134026],[2.689223,47.133975],[2.690416,47.134871],[2.690353,47.135321],[2.689829,47.135952],[2.689239,47.136269],[2.686476,47.137042],[2.686213,47.137268],[2.686744,47.137851],[2.686615,47.138121],[2.685035,47.138441],[2.684246,47.138848],[2.684116,47.139073],[2.685637,47.139969],[2.687942,47.139647],[2.688734,47.139734],[2.689853,47.139416],[2.690049,47.13928],[2.690238,47.138021],[2.690102,47.137211],[2.690362,47.13667],[2.692778,47.1332],[2.69336,47.131579],[2.69382,47.131217],[2.694873,47.131124],[2.695913,47.128917],[2.695834,47.126554],[2.68631,47.125165],[2.686946,47.123995],[2.68786,47.123314],[2.68564,47.120177],[2.692639,47.118578],[2.692951,47.118158],[2.689094,47.11158],[2.692374,47.110579],[2.691753,47.109503],[2.689557,47.108147],[2.703911,47.103523],[2.703166,47.100557],[2.719733,47.102353],[2.722578,47.100331],[2.725627,47.097645],[2.728072,47.096042],[2.728389,47.095672],[2.733556,47.094698],[2.73369,47.095013],[2.734085,47.094966],[2.739105,47.093428],[2.740262,47.094907],[2.745298,47.093217],[2.748814,47.091676],[2.754014,47.074295],[2.746275,47.06969],[2.739256,47.064271],[2.739747,47.061598],[2.731946,47.059693],[2.73011,47.058605],[2.724039,47.045471],[2.718141,47.041751],[2.716779,47.033948],[2.719994,47.031007],[2.727971,47.024233],[2.726306,47.021405],[2.72446,47.020826],[2.72431,47.018263],[2.723126,47.018267],[2.721994,47.016426],[2.721797,47.016382],[2.716146,47.017121],[2.715884,47.017167],[2.71472,47.020094],[2.708286,47.021869],[2.706777,47.022234],[2.706086,47.02071],[2.703307,47.021333],[2.702376,47.01971],[2.700616,47.019745],[2.698237,47.020455],[2.696455,47.02143],[2.695072,47.022766],[2.693491,47.022501],[2.692971,47.020157],[2.691957,47.019222],[2.691294,47.018325],[2.690702,47.018462],[2.690232,47.016978],[2.687931,47.017165],[2.687921,47.015546],[2.685882,47.015687],[2.685417,47.014744],[2.68299,47.015966],[2.68266,47.015697],[2.682987,47.015381],[2.68166,47.013631],[2.681397,47.013587],[2.678442,47.014225],[2.678106,47.013237],[2.673111,47.013701],[2.671205,47.013707],[2.671711,47.010692],[2.663557,47.010715],[2.662785,47.013686],[2.661268,47.01738],[2.65803,47.017703],[2.653472,47.01785],[2.648879,47.019752],[2.645145,47.022281],[2.639486,47.021936],[2.6366,47.023473],[2.634895,47.023296],[2.633819,47.023742],[2.630494,47.024142],[2.628715,47.020502],[2.62686,47.0183],[2.625363,47.016957],[2.623944,47.016028],[2.622277,47.014153],[2.615638,47.01498],[2.610312,47.015172],[2.606967,47.01707],[2.604478,47.019055],[2.607644,47.020711],[2.607382,47.020936],[2.60778,47.0217],[2.605154,47.022741],[2.605883,47.023685],[2.605887,47.024404],[2.607875,47.027323],[2.602621,47.029179],[2.600585,47.029634],[2.599139,47.030132],[2.597171,47.031306],[2.595729,47.032389],[2.57754,47.025231],[2.576888,47.026582],[2.57437,47.026487],[2.574148,47.027179],[2.57263,47.029084],[2.569403,47.031699],[2.569019,47.0323],[2.567543,47.032267],[2.565252,47.03366],[2.564329,47.03365],[2.562707,47.033133],[2.56007,47.031879],[2.556638,47.029366],[2.555844,47.028629],[2.554178,47.026104],[2.553921,47.024534],[2.551289,47.024024],[2.548983,47.023309],[2.546876,47.022368],[2.546873,47.021828],[2.543951,47.021199],[2.532444,47.02593],[2.530414,47.026889],[2.523245,47.030468],[2.520044,47.033107],[2.518209,47.034326],[2.516385,47.035986],[2.517128,47.036857],[2.517327,47.037532],[2.5234,47.038689],[2.524127,47.03919],[2.526802,47.041974],[2.527492,47.043014],[2.53098,47.049966],[2.533365,47.050999],[2.535673,47.052389],[2.536465,47.053018],[2.536268,47.053243],[2.536599,47.053602],[2.538909,47.055488],[2.539107,47.055488],[2.541141,47.053729],[2.541339,47.053729],[2.543845,47.055389],[2.545362,47.056061],[2.546943,47.056508],[2.552607,47.057397],[2.552413,47.058117],[2.552548,47.058972],[2.556598,47.063008],[2.557613,47.064524],[2.558113,47.065816],[2.557954,47.067262],[2.557699,47.067599],[2.557618,47.068249],[2.556715,47.069098],[2.556219,47.069179],[2.555355,47.069716],[2.554883,47.070425],[2.553602,47.070794],[2.552467,47.070858],[2.551856,47.071205],[2.549436,47.071736],[2.550514,47.077192],[2.552508,47.081641],[2.552612,47.091447],[2.543759,47.101089],[2.54133,47.103477],[2.541344,47.103905],[2.541561,47.104041],[2.545531,47.105941]]]}},{"type":"Feature","properties":{"uai_primary":"0180013S","uai_all":"0180013S","is_merged":false},"geometry":{"type":"Polygon","coordinates":[[[2.254562,46.425605],[2.253596,46.425664],[2.250211,46.426372],[2.243984,46.425766],[2.242528,46.425437],[2.242724,46.424741],[2.238171,46.423928],[2.238303,46.423118],[2.237588,46.422983],[2.237521,46.423702],[2.237326,46.423747],[2.235766,46.423071],[2.233622,46.422463],[2.232591,46.422806],[2.229453,46.42482],[2.228346,46.425044],[2.226136,46.424187],[2.223667,46.422655],[2.221779,46.423148],[2.220348,46.423281],[2.218393,46.425034],[2.218132,46.425033],[2.217223,46.424448],[2.213843,46.423209],[2.210057,46.424404],[2.206082,46.426194],[2.203207,46.426653],[2.201544,46.427281],[2.200159,46.428115],[2.198437,46.428362],[2.197206,46.428294],[2.19543,46.42742],[2.193981,46.425945],[2.1848,46.423148],[2.181939,46.423171],[2.17822,46.422864],[2.17735,46.422959],[2.176897,46.422463],[2.17657,46.422913],[2.176129,46.423029],[2.172539,46.422277],[2.168141,46.42398],[2.167831,46.424523],[2.167666,46.424471],[2.164847,46.427079],[2.162407,46.427608],[2.160772,46.428297],[2.1585,46.429703],[2.155171,46.433145],[2.153949,46.434135],[2.154975,46.434627],[2.155516,46.435108],[2.156506,46.437494],[2.157162,46.437997],[2.157679,46.438108],[2.158505,46.439238],[2.157419,46.441158],[2.156369,46.441667],[2.156193,46.442712],[2.155476,46.443164],[2.15433,46.4445],[2.153757,46.444895],[2.153633,46.445924],[2.153349,46.446093],[2.152807,46.446966],[2.152286,46.447515],[2.151506,46.447826],[2.151595,46.45013],[2.151877,46.450897],[2.151694,46.451405],[2.152221,46.451952],[2.152332,46.452886],[2.152805,46.453583],[2.15289,46.454441],[2.154471,46.455551],[2.154307,46.456559],[2.153855,46.457067],[2.153276,46.457356],[2.151775,46.457482],[2.151544,46.457838],[2.154134,46.459766],[2.156928,46.461335],[2.163634,46.462927],[2.165342,46.463545],[2.171242,46.463976],[2.175309,46.466104],[2.182037,46.467215],[2.186118,46.468731],[2.187892,46.468947],[2.189889,46.468884],[2.191085,46.469258],[2.19138,46.469885],[2.192314,46.469919],[2.193005,46.470214],[2.194069,46.471236],[2.19465,46.472668],[2.195664,46.473463],[2.199363,46.478512],[2.199701,46.479125],[2.199818,46.480634],[2.204327,46.484218],[2.204392,46.484397],[2.203662,46.485016],[2.203461,46.485565],[2.20367,46.486331],[2.203279,46.486915],[2.203207,46.487498],[2.203461,46.488498],[2.204134,46.488584],[2.204217,46.489219],[2.204562,46.489547],[2.20418,46.490162],[2.204287,46.490622],[2.203699,46.490893],[2.203561,46.491136],[2.202968,46.491289],[2.202252,46.491869],[2.198635,46.493404],[2.198413,46.493763],[2.197917,46.494068],[2.195925,46.494295],[2.195079,46.494777],[2.19489,46.495517],[2.194146,46.496409],[2.1968,46.497549],[2.197709,46.497578],[2.198994,46.49822],[2.198817,46.50027],[2.19829,46.502204],[2.198504,46.502361],[2.197522,46.50302],[2.197498,46.503273],[2.195676,46.505305],[2.194829,46.505214],[2.194503,46.505483],[2.194372,46.505754],[2.194681,46.506414],[2.191766,46.505249],[2.190834,46.50511],[2.190028,46.505785],[2.18714,46.505969],[2.183451,46.508792],[2.182628,46.510557],[2.18254,46.511655],[2.182937,46.512935],[2.182867,46.513309],[2.182516,46.514195],[2.181987,46.514425],[2.181824,46.515112],[2.181401,46.515386],[2.181757,46.51721],[2.18105,46.517606],[2.181275,46.519298],[2.180719,46.520435],[2.180646,46.521389],[2.180836,46.522037],[2.181222,46.522121],[2.181944,46.522671],[2.182664,46.522768],[2.183186,46.523553],[2.182361,46.524125],[2.182274,46.524614],[2.18172,46.524826],[2.181482,46.525124],[2.181836,46.526385],[2.181808,46.527204],[2.181463,46.527483],[2.18167,46.527779],[2.181269,46.528157],[2.181323,46.52867],[2.18108,46.529038],[2.176315,46.53128],[2.173894,46.534231],[2.173174,46.535459],[2.171658,46.536911],[2.170786,46.538271],[2.170036,46.538721],[2.169158,46.539584],[2.167764,46.542871],[2.165835,46.545519],[2.163948,46.546951],[2.163462,46.547504],[2.162942,46.54953],[2.161579,46.552595],[2.159905,46.554295],[2.159812,46.555076],[2.159135,46.556017],[2.158539,46.557333],[2.158377,46.557022],[2.157811,46.557213],[2.155983,46.555549],[2.152449,46.552874],[2.150424,46.552171],[2.1491,46.551272],[2.139235,46.545978],[2.138811,46.546021],[2.135896,46.545352],[2.13419,46.545136],[2.131474,46.545362],[2.130288,46.545592],[2.129413,46.545942],[2.12848,46.546711],[2.127938,46.546781],[2.128441,46.547444],[2.129353,46.547968],[2.128995,46.548252],[2.128672,46.548279],[2.129052,46.549195],[2.128471,46.550427],[2.123947,46.549584],[2.123901,46.553569],[2.125215,46.556404],[2.120811,46.556862],[2.119661,46.557174],[2.118436,46.557849],[2.117242,46.557708],[2.11448,46.557786],[2.113464,46.559611],[2.111519,46.560913],[2.111751,46.565261],[2.112364,46.57067],[2.114067,46.579817],[2.114601,46.581417],[2.114339,46.581913],[2.114248,46.583244],[2.115096,46.583928],[2.115638,46.584898],[2.115843,46.584831],[2.116101,46.585192],[2.117398,46.585909],[2.118596,46.586929],[2.127719,46.593453],[2.127936,46.593961],[2.128342,46.594271],[2.129598,46.595037],[2.130447,46.594813],[2.132025,46.59572],[2.132184,46.595519],[2.136675,46.597152],[2.1389,46.597734],[2.139081,46.597636],[2.146542,46.599802],[2.149755,46.597271],[2.149618,46.597186],[2.151495,46.595657],[2.153811,46.594089],[2.156773,46.591715],[2.159857,46.589641],[2.163275,46.585527],[2.165095,46.587162],[2.165697,46.588355],[2.167088,46.589211],[2.1686,46.594591],[2.176633,46.600421],[2.176892,46.600691],[2.176955,46.601681],[2.179454,46.602342],[2.180257,46.601445],[2.180724,46.600272],[2.185477,46.602779],[2.18556,46.603213],[2.186165,46.604019],[2.185934,46.604788],[2.186152,46.60622],[2.184397,46.608806],[2.184295,46.610333],[2.183878,46.610906],[2.183878,46.611568],[2.183565,46.611917],[2.185046,46.612563],[2.186514,46.614965],[2.186315,46.61537],[2.186445,46.61555],[2.18743,46.616097],[2.189286,46.614967],[2.190135,46.61482],[2.190712,46.615023],[2.191197,46.614735],[2.192865,46.614854],[2.193602,46.614638],[2.193527,46.614354],[2.193724,46.614304],[2.193977,46.614533],[2.195772,46.614727],[2.19628,46.614659],[2.196991,46.61485],[2.197577,46.615394],[2.199236,46.616019],[2.200161,46.615863],[2.200299,46.615605],[2.200792,46.615525],[2.200862,46.615375],[2.201677,46.615373],[2.201827,46.614875],[2.202434,46.614813],[2.202955,46.615061],[2.203334,46.615043],[2.20388,46.615827],[2.203837,46.616615],[2.20412,46.617753],[2.203993,46.619032],[2.204319,46.621015],[2.205298,46.621511],[2.205841,46.622056],[2.208496,46.622314],[2.209877,46.622154],[2.210841,46.622261],[2.213556,46.623476],[2.216138,46.624341],[2.217834,46.62475],[2.220921,46.625105],[2.22232,46.62599],[2.226809,46.627589],[2.227737,46.628706],[2.228535,46.629261],[2.230646,46.630033],[2.234841,46.632658],[2.235546,46.632948],[2.236031,46.632015],[2.236361,46.630732],[2.237492,46.631244],[2.239596,46.631861],[2.24267,46.631],[2.246801,46.630266],[2.24948,46.629994],[2.252858,46.62928],[2.253078,46.628843],[2.258374,46.623449],[2.261944,46.619853],[2.262427,46.619583],[2.262924,46.618701],[2.263004,46.618093],[2.262419,46.617857],[2.261623,46.617973],[2.261335,46.61764],[2.261647,46.616015],[2.261119,46.615087],[2.260466,46.614637],[2.259508,46.614693],[2.259241,46.614861],[2.258936,46.61472],[2.258939,46.614158],[2.259449,46.613681],[2.259348,46.613273],[2.258513,46.61219],[2.258003,46.611923],[2.25768,46.611526],[2.256759,46.61117],[2.256504,46.610848],[2.256371,46.610301],[2.25655,46.609832],[2.257048,46.609729],[2.257486,46.609412],[2.257401,46.608852],[2.256715,46.608396],[2.256743,46.607306],[2.257281,46.606941],[2.257545,46.607433],[2.258319,46.607248],[2.258849,46.60737],[2.259543,46.607075],[2.260114,46.607061],[2.260687,46.606815],[2.260927,46.606318],[2.261765,46.605786],[2.261642,46.605672],[2.262793,46.605232],[2.262948,46.604773],[2.264863,46.604204],[2.264996,46.603824],[2.265371,46.603824],[2.265525,46.604177],[2.266014,46.604125],[2.266798,46.604448],[2.267535,46.603655],[2.268378,46.603702],[2.270025,46.603473],[2.270504,46.603588],[2.270851,46.603414],[2.271172,46.603448],[2.271217,46.6033],[2.271696,46.603253],[2.271619,46.60274],[2.272322,46.602831],[2.273375,46.601845],[2.274543,46.601559],[2.274489,46.601379],[2.274179,46.601281],[2.274628,46.601054],[2.274242,46.600811],[2.274794,46.600451],[2.274329,46.600303],[2.273674,46.599753],[2.274204,46.599428],[2.273575,46.599083],[2.273892,46.598956],[2.274212,46.599072],[2.27434,46.598777],[2.274672,46.598757],[2.275166,46.597197],[2.27556,46.596817],[2.276187,46.596636],[2.276212,46.596201],[2.276783,46.595881],[2.276687,46.59548],[2.276915,46.595188],[2.277395,46.595046],[2.2779,46.594635],[2.279418,46.592511],[2.279843,46.592206],[2.279245,46.591821],[2.280475,46.590613],[2.281033,46.590812],[2.281699,46.59051],[2.283095,46.590878],[2.285108,46.59193],[2.285703,46.591901],[2.2866,46.592696],[2.288852,46.593787],[2.289559,46.594],[2.292956,46.594416],[2.295674,46.595247],[2.296537,46.595813],[2.296644,46.596209],[2.297686,46.596746],[2.300435,46.597245],[2.301842,46.597812],[2.302553,46.598592],[2.301675,46.599652],[2.301898,46.6011],[2.302367,46.602154],[2.304018,46.603182],[2.304296,46.603902],[2.3067,46.603814],[2.312247,46.603182],[2.311422,46.599228],[2.311496,46.598377],[2.31363,46.597751],[2.315262,46.59802],[2.316423,46.597964],[2.318586,46.597402],[2.3204,46.59719],[2.320841,46.596937],[2.32227,46.595191],[2.322865,46.594933],[2.323109,46.594569],[2.32281,46.594151],[2.322461,46.592753],[2.321765,46.592283],[2.321301,46.591133],[2.320283,46.590374],[2.319345,46.590078],[2.318977,46.589234],[2.319688,46.587303],[2.319586,46.586037],[2.319995,46.585054],[2.320545,46.584744],[2.320626,46.584],[2.320403,46.582973],[2.319446,46.58213],[2.319447,46.580668],[2.320039,46.578419],[2.320077,46.577557],[2.319186,46.576211],[2.319723,46.576332],[2.320618,46.575376],[2.320656,46.574828],[2.320275,46.574352],[2.320481,46.573768],[2.321786,46.572058],[2.321786,46.571743],[2.319633,46.570843],[2.316113,46.568819],[2.313825,46.566216],[2.312038,46.566181],[2.311039,46.565796],[2.310819,46.565535],[2.316819,46.561739],[2.323057,46.558625],[2.324976,46.559789],[2.328612,46.560973],[2.331595,46.563735],[2.33246,46.563319],[2.333555,46.562312],[2.334206,46.562158],[2.335455,46.562245],[2.335419,46.561709],[2.33672,46.560476],[2.337088,46.560337],[2.337985,46.560451],[2.339614,46.559266],[2.343403,46.559091],[2.344712,46.558186],[2.345423,46.556929],[2.346571,46.557259],[2.348862,46.557083],[2.348203,46.558431],[2.348376,46.558706],[2.350184,46.558626],[2.350994,46.556368],[2.350943,46.555617],[2.352113,46.555549],[2.353222,46.555279],[2.35433,46.554829],[2.359622,46.553263],[2.361484,46.554473],[2.362104,46.554571],[2.362521,46.555309],[2.363099,46.555532],[2.363416,46.555864],[2.363168,46.556768],[2.36267,46.556807],[2.362634,46.556926],[2.362952,46.557477],[2.363632,46.557394],[2.363893,46.557536],[2.363482,46.558724],[2.364013,46.55931],[2.363516,46.559392],[2.363143,46.560041],[2.364066,46.560174],[2.364274,46.560551],[2.363821,46.560905],[2.363899,46.561584],[2.363239,46.561999],[2.363367,46.562499],[2.365039,46.562344],[2.36918,46.563344],[2.371746,46.563642],[2.37292,46.563956],[2.375008,46.564856],[2.375529,46.5649],[2.375665,46.564664],[2.37628,46.564753],[2.377041,46.563663],[2.37866,46.563774],[2.380549,46.562831],[2.383593,46.565058],[2.387371,46.562212],[2.389535,46.561194],[2.391401,46.559022],[2.391469,46.558728],[2.392163,46.558968],[2.393612,46.559011],[2.395128,46.55892],[2.396329,46.558683],[2.397829,46.558683],[2.398741,46.558457],[2.402329,46.55922],[2.402787,46.56102],[2.403113,46.560974],[2.403896,46.560434],[2.404156,46.560613],[2.405789,46.562277],[2.406857,46.56369],[2.407077,46.565142],[2.408959,46.566325],[2.409888,46.566553],[2.410796,46.5676],[2.41095,46.568662],[2.409387,46.570552],[2.408866,46.571047],[2.408113,46.57144],[2.408678,46.573286],[2.409542,46.573271],[2.410042,46.574097],[2.410051,46.574739],[2.410916,46.575552],[2.410233,46.577631],[2.408429,46.578611],[2.407799,46.578575],[2.407043,46.577824],[2.406707,46.578015],[2.407048,46.57877],[2.408437,46.579642],[2.408428,46.580185],[2.408022,46.580934],[2.408778,46.581425],[2.408577,46.581708],[2.411365,46.582495],[2.415015,46.584054],[2.416355,46.584302],[2.419891,46.584556],[2.42345,46.585677],[2.426837,46.587128],[2.429324,46.588623],[2.426692,46.590249],[2.423319,46.592709],[2.425274,46.593815],[2.427303,46.594714],[2.429166,46.595853],[2.429341,46.597181],[2.429902,46.597653],[2.429264,46.598849],[2.431424,46.600463],[2.431659,46.599918],[2.433963,46.597044],[2.435676,46.59389],[2.437192,46.592168],[2.437748,46.590833],[2.439698,46.590839],[2.441799,46.590573],[2.445043,46.589897],[2.447189,46.589776],[2.447758,46.58958],[2.449272,46.588552],[2.450911,46.588097],[2.455966,46.58843],[2.460368,46.588388],[2.460918,46.588043],[2.46149,46.587908],[2.472402,46.585651],[2.474706,46.584788],[2.478515,46.582885],[2.482183,46.581638],[2.486902,46.579523],[2.488324,46.578366],[2.490493,46.577665],[2.489261,46.577485],[2.488733,46.575564],[2.488826,46.575145],[2.490017,46.57335],[2.489193,46.571571],[2.489093,46.570093],[2.488061,46.567508],[2.489675,46.564543],[2.489338,46.56413],[2.487449,46.541686],[2.487514,46.541551],[2.493305,46.541021],[2.492817,46.540921],[2.491938,46.538784],[2.490372,46.537858],[2.482851,46.532671],[2.47261,46.527783],[2.470138,46.526045],[2.468746,46.526048],[2.464469,46.525227],[2.461809,46.525066],[2.459311,46.525213],[2.457536,46.525156],[2.457534,46.524191],[2.454349,46.523809],[2.453909,46.522728],[2.451346,46.522331],[2.449778,46.52177],[2.449774,46.521115],[2.450077,46.520542],[2.449316,46.520712],[2.448134,46.520484],[2.447616,46.520689],[2.446056,46.520112],[2.444381,46.520232],[2.443292,46.520604],[2.442799,46.520871],[2.442611,46.521901],[2.441728,46.523029],[2.441875,46.524054],[2.441717,46.524958],[2.440804,46.525094],[2.439698,46.525679],[2.436024,46.525602],[2.434094,46.526269],[2.431683,46.526271],[2.430194,46.526541],[2.426936,46.525746],[2.426207,46.525826],[2.425359,46.525687],[2.423101,46.52597],[2.420733,46.525316],[2.42045,46.524871],[2.418035,46.523622],[2.418034,46.52239],[2.417061,46.520666],[2.387964,46.5183],[2.368303,46.518434],[2.365396,46.51785],[2.36129,46.516411],[2.359126,46.515524],[2.35437,46.512946],[2.352078,46.512201],[2.351614,46.512255],[2.348928,46.51036],[2.347326,46.508681],[2.34626,46.507846],[2.34563,46.50724],[2.344606,46.505527],[2.341545,46.504493],[2.338591,46.503857],[2.337361,46.502486],[2.336528,46.50094],[2.334639,46.501029],[2.334378,46.500264],[2.333922,46.500039],[2.333792,46.4995],[2.333467,46.49941],[2.332864,46.498684],[2.332906,46.497724],[2.332609,46.497187],[2.331859,46.496593],[2.33097,46.496523],[2.330775,46.496044],[2.329466,46.495498],[2.328886,46.495495],[2.328857,46.494247],[2.329245,46.493585],[2.329363,46.492865],[2.328641,46.492066],[2.32752,46.491722],[2.326337,46.490737],[2.32555,46.49052],[2.324423,46.490527],[2.323824,46.490146],[2.323681,46.489068],[2.32412,46.488275],[2.324599,46.488083],[2.325206,46.488393],[2.325761,46.4881],[2.325532,46.487451],[2.324875,46.486904],[2.32477,46.486489],[2.325781,46.486546],[2.327067,46.485999],[2.32739,46.485452],[2.328968,46.484364],[2.328922,46.483588],[2.329575,46.483123],[2.32951,46.481625],[2.329731,46.479577],[2.330067,46.479363],[2.331066,46.479453],[2.331209,46.479362],[2.331115,46.479051],[2.330817,46.478897],[2.329721,46.478715],[2.328809,46.478191],[2.328078,46.477359],[2.327617,46.47636],[2.327164,46.475974],[2.327356,46.474948],[2.328108,46.474681],[2.328314,46.474384],[2.327979,46.473785],[2.325179,46.472801],[2.324528,46.472124],[2.324342,46.471294],[2.322754,46.469846],[2.322665,46.469532],[2.321942,46.469434],[2.321373,46.468899],[2.320089,46.468597],[2.319241,46.468773],[2.316746,46.468677],[2.305369,46.475459],[2.3027,46.473191],[2.300761,46.472409],[2.299742,46.470838],[2.300013,46.4707],[2.297935,46.46837],[2.297289,46.466453],[2.297101,46.464054],[2.29678,46.463448],[2.294007,46.461303],[2.28577,46.453704],[2.284283,46.450542],[2.283337,46.449428],[2.283871,46.447083],[2.28372,46.446085],[2.284208,46.444758],[2.284203,46.443445],[2.284648,46.441993],[2.284799,46.440544],[2.284066,46.438483],[2.283639,46.436468],[2.281733,46.433742],[2.280947,46.430718],[2.276786,46.424929],[2.281589,46.421617],[2.281808,46.421288],[2.281759,46.420688],[2.28109,46.420473],[2.277828,46.420721],[2.274127,46.422191],[2.273208,46.422115],[2.27058,46.422608],[2.269416,46.42305],[2.266959,46.423011],[2.26482,46.423343],[2.262079,46.42334],[2.260312,46.423634],[2.258944,46.423181],[2.257911,46.423268],[2.254895,46.422827],[2.25463,46.423581],[2.254723,46.42554],[2.254562,46.425605]]]}},{"type":"Feature","properties":{"uai_primary":"0180014T","uai_all":"0180014T","is_merged":false},"geometry":{"type":"Polygon","coordinates":[[[2.43409,46.648536],[2.437465,46.647862],[2.435705,46.626436],[2.432343,46.60345],[2.432412,46.602992],[2.431297,46.600265],[2.429264,46.598849],[2.429902,46.597653],[2.429341,46.597181],[2.429166,46.595853],[2.427303,46.594714],[2.425274,46.593815],[2.423319,46.592709],[2.426692,46.590249],[2.429324,46.588623],[2.426837,46.587128],[2.423208,46.585591],[2.419891,46.584556],[2.416355,46.584302],[2.415015,46.584054],[2.411365,46.582495],[2.408577,46.581708],[2.408778,46.581425],[2.408022,46.580934],[2.408428,46.580185],[2.408437,46.579642],[2.407048,46.57877],[2.406707,46.578015],[2.407043,46.577824],[2.407799,46.578575],[2.408429,46.578611],[2.410233,46.577631],[2.410916,46.575552],[2.410051,46.574739],[2.410042,46.574097],[2.409542,46.573271],[2.408678,46.573286],[2.408113,46.57144],[2.408866,46.571047],[2.409387,46.570552],[2.41095,46.568662],[2.410796,46.5676],[2.409888,46.566553],[2.408959,46.566325],[2.407077,46.565142],[2.406857,46.56369],[2.405789,46.562277],[2.404156,46.560613],[2.403896,46.560434],[2.403113,46.560974],[2.402787,46.56102],[2.402329,46.55922],[2.398741,46.558457],[2.397829,46.558683],[2.396329,46.558683],[2.395128,46.55892],[2.393612,46.559011],[2.392163,46.558968],[2.391525,46.558713],[2.389535,46.561194],[2.387371,46.562212],[2.383593,46.565058],[2.380549,46.562831],[2.37866,46.563774],[2.377041,46.563663],[2.37628,46.564753],[2.375665,46.564664],[2.375529,46.5649],[2.375008,46.564856],[2.37292,46.563956],[2.371746,46.563642],[2.36918,46.563344],[2.365039,46.562344],[2.363367,46.562499],[2.363239,46.561999],[2.363899,46.561584],[2.363821,46.560905],[2.364274,46.560551],[2.364066,46.560174],[2.363143,46.560041],[2.363516,46.559392],[2.364013,46.55931],[2.363482,46.558724],[2.363893,46.557536],[2.363632,46.557394],[2.362952,46.557477],[2.362634,46.556926],[2.36267,46.556807],[2.363168,46.556768],[2.363416,46.555864],[2.363099,46.555532],[2.362521,46.555309],[2.362104,46.554571],[2.361484,46.554473],[2.359622,46.553263],[2.35433,46.554829],[2.353222,46.555279],[2.352113,46.555549],[2.350943,46.555617],[2.350994,46.556368],[2.350184,46.558626],[2.348376,46.558706],[2.348203,46.558431],[2.348862,46.557083],[2.346571,46.557259],[2.345423,46.556929],[2.344712,46.558186],[2.343403,46.559091],[2.339614,46.559266],[2.337985,46.560451],[2.337088,46.560337],[2.33672,46.560476],[2.335419,46.561709],[2.335455,46.562245],[2.334206,46.562158],[2.333555,46.562312],[2.33246,46.563319],[2.331595,46.563735],[2.328612,46.560973],[2.324976,46.559789],[2.323057,46.558625],[2.316819,46.561739],[2.310819,46.565535],[2.311039,46.565796],[2.312038,46.566181],[2.313825,46.566216],[2.316113,46.568819],[2.319633,46.570843],[2.321786,46.571743],[2.321786,46.572058],[2.320481,46.573768],[2.320275,46.574352],[2.320656,46.574828],[2.320618,46.575376],[2.319723,46.576332],[2.319186,46.576211],[2.320077,46.577557],[2.320039,46.578419],[2.319447,46.580668],[2.319446,46.58213],[2.320403,46.582973],[2.320626,46.584],[2.320545,46.584744],[2.319995,46.585054],[2.319586,46.586037],[2.319688,46.587303],[2.318973,46.589199],[2.319345,46.590078],[2.320283,46.590374],[2.321301,46.591133],[2.321765,46.592283],[2.322461,46.592753],[2.32281,46.594151],[2.323109,46.594569],[2.323014,46.59481],[2.32227,46.595191],[2.321339,46.596466],[2.320513,46.597164],[2.318586,46.597402],[2.315914,46.598033],[2.31363,46.597751],[2.311496,46.598377],[2.311422,46.599228],[2.312247,46.603182],[2.3067,46.603814],[2.304296,46.603902],[2.304018,46.603182],[2.302367,46.602154],[2.301898,46.6011],[2.301675,46.599652],[2.302553,46.598592],[2.301842,46.597812],[2.300435,46.597245],[2.297686,46.596746],[2.296644,46.596209],[2.296537,46.595813],[2.295674,46.595247],[2.292956,46.594416],[2.289559,46.594],[2.288852,46.593787],[2.2866,46.592696],[2.285703,46.591901],[2.285108,46.59193],[2.283095,46.590878],[2.281699,46.59051],[2.281033,46.590812],[2.280621,46.59061],[2.280377,46.590657],[2.279245,46.591821],[2.279342,46.592003],[2.27978,46.592063],[2.279791,46.592283],[2.279418,46.592511],[2.2779,46.594635],[2.277395,46.595046],[2.276915,46.595188],[2.276687,46.59548],[2.276783,46.595881],[2.276212,46.596201],[2.276187,46.596636],[2.27556,46.596817],[2.275119,46.597262],[2.274672,46.598757],[2.27434,46.598777],[2.274212,46.599072],[2.273892,46.598956],[2.273575,46.599083],[2.274204,46.599428],[2.273674,46.599753],[2.274329,46.600303],[2.274794,46.600451],[2.274242,46.600811],[2.274628,46.601054],[2.274179,46.601281],[2.274489,46.601379],[2.274543,46.601559],[2.273375,46.601845],[2.272322,46.602831],[2.271619,46.60274],[2.271696,46.603253],[2.271217,46.6033],[2.271172,46.603448],[2.270851,46.603414],[2.270504,46.603588],[2.270025,46.603473],[2.268378,46.603702],[2.267535,46.603655],[2.266798,46.604448],[2.266014,46.604125],[2.265525,46.604177],[2.265371,46.603824],[2.264996,46.603824],[2.264863,46.604204],[2.262948,46.604773],[2.262793,46.605232],[2.261642,46.605672],[2.261765,46.605786],[2.260927,46.606318],[2.260687,46.606815],[2.260114,46.607061],[2.259543,46.607075],[2.258849,46.60737],[2.258319,46.607248],[2.257545,46.607433],[2.257281,46.606941],[2.256743,46.607306],[2.256715,46.608396],[2.257401,46.608852],[2.257486,46.609412],[2.257048,46.609729],[2.25655,46.609832],[2.256371,46.610301],[2.256504,46.610848],[2.256759,46.61117],[2.25768,46.611526],[2.258003,46.611923],[2.258513,46.61219],[2.259348,46.613273],[2.259449,46.613681],[2.258939,46.614158],[2.258936,46.61472],[2.259241,46.614861],[2.259508,46.614693],[2.260466,46.614637],[2.261119,46.615087],[2.261647,46.616015],[2.261335,46.61764],[2.261623,46.617973],[2.262419,46.617857],[2.263004,46.618093],[2.262924,46.618701],[2.262427,46.619583],[2.261944,46.619853],[2.258374,46.623449],[2.253078,46.628843],[2.252858,46.62928],[2.24948,46.629994],[2.246801,46.630266],[2.24267,46.631],[2.239596,46.631861],[2.237492,46.631244],[2.236361,46.630732],[2.236031,46.632015],[2.235546,46.632948],[2.234841,46.632658],[2.230646,46.630033],[2.228535,46.629261],[2.227737,46.628706],[2.226809,46.627589],[2.22232,46.62599],[2.220921,46.625105],[2.217834,46.62475],[2.216138,46.624341],[2.213556,46.623476],[2.210841,46.622261],[2.209877,46.622154],[2.208496,46.622314],[2.205841,46.622056],[2.205298,46.621511],[2.204319,46.621015],[2.203993,46.619032],[2.20412,46.617753],[2.203837,46.616615],[2.20388,46.615827],[2.203334,46.615043],[2.202955,46.615061],[2.202434,46.614813],[2.201827,46.614875],[2.201677,46.615373],[2.200862,46.615375],[2.200792,46.615525],[2.200299,46.615605],[2.200161,46.615863],[2.199236,46.616019],[2.197577,46.615394],[2.196991,46.61485],[2.19628,46.614659],[2.195772,46.614727],[2.193977,46.614533],[2.193724,46.614304],[2.193527,46.614354],[2.193602,46.614638],[2.192865,46.614854],[2.191197,46.614735],[2.190712,46.615023],[2.190031,46.614817],[2.189073,46.61505],[2.188808,46.615352],[2.188236,46.615527],[2.18743,46.616097],[2.187263,46.61636],[2.187592,46.616836],[2.187353,46.616998],[2.185187,46.617507],[2.185206,46.618293],[2.185497,46.618387],[2.185752,46.618811],[2.185653,46.619001],[2.185177,46.619177],[2.185373,46.619501],[2.185114,46.619869],[2.185223,46.620208],[2.184889,46.6203],[2.184702,46.620142],[2.185101,46.620658],[2.184081,46.620859],[2.183906,46.621374],[2.183542,46.621085],[2.182628,46.621313],[2.182652,46.622121],[2.183042,46.622441],[2.182893,46.623209],[2.183204,46.623298],[2.1827,46.62367],[2.182873,46.624245],[2.181988,46.62493],[2.181726,46.624987],[2.181479,46.624858],[2.181075,46.624974],[2.181389,46.625726],[2.180762,46.625944],[2.18114,46.626198],[2.179793,46.626753],[2.180123,46.627088],[2.180167,46.627552],[2.179504,46.627651],[2.179847,46.62807],[2.179638,46.628389],[2.180348,46.628979],[2.180245,46.629323],[2.180882,46.629866],[2.181218,46.630586],[2.182213,46.63089],[2.182505,46.631156],[2.183329,46.630851],[2.184533,46.632161],[2.185951,46.633149],[2.186681,46.633373],[2.186831,46.634354],[2.187238,46.634584],[2.187279,46.63558],[2.187493,46.635783],[2.187371,46.635963],[2.187754,46.636447],[2.187767,46.636588],[2.187135,46.636644],[2.187074,46.636765],[2.187744,46.636893],[2.187694,46.637122],[2.188111,46.637456],[2.188308,46.638092],[2.188025,46.638218],[2.187993,46.63898],[2.189052,46.640969],[2.189403,46.642212],[2.18714,46.642137],[2.184331,46.642659],[2.182425,46.64282],[2.179382,46.642684],[2.177304,46.648136],[2.175758,46.650996],[2.175178,46.650812],[2.172162,46.648943],[2.172067,46.648591],[2.167126,46.647299],[2.166193,46.646474],[2.164131,46.646055],[2.162636,46.646409],[2.163458,46.648043],[2.163982,46.650191],[2.163985,46.650887],[2.163154,46.651683],[2.163088,46.652133],[2.163422,46.652848],[2.163141,46.654029],[2.162386,46.654592],[2.161355,46.654648],[2.161274,46.655053],[2.160055,46.655074],[2.159707,46.655216],[2.159467,46.655032],[2.158718,46.655676],[2.157724,46.655417],[2.157038,46.65566],[2.156337,46.656178],[2.15628,46.656435],[2.155321,46.656785],[2.1553,46.657079],[2.15481,46.657116],[2.153626,46.657831],[2.153209,46.65791],[2.153037,46.658189],[2.15251,46.658356],[2.152208,46.658665],[2.152197,46.659414],[2.151461,46.659527],[2.149822,46.660993],[2.149374,46.661075],[2.14922,46.661363],[2.14857,46.661514],[2.148452,46.661847],[2.148078,46.661846],[2.147423,46.662179],[2.14677,46.662918],[2.145675,46.663114],[2.145022,46.662899],[2.144707,46.663117],[2.144036,46.663231],[2.143395,46.663778],[2.142233,46.663894],[2.141711,46.664238],[2.140377,46.664528],[2.139187,46.664302],[2.138473,46.665955],[2.138622,46.667371],[2.138376,46.668201],[2.137978,46.668616],[2.13918,46.669368],[2.139179,46.669592],[2.13857,46.669913],[2.138057,46.669694],[2.136774,46.670653],[2.13625,46.671286],[2.135865,46.672027],[2.135566,46.673718],[2.135958,46.674805],[2.135395,46.674833],[2.135316,46.674974],[2.136053,46.675753],[2.136362,46.676965],[2.136791,46.677648],[2.138026,46.678883],[2.139619,46.67822],[2.141717,46.678045],[2.144344,46.676478],[2.145741,46.676719],[2.146672,46.676693],[2.14818,46.677222],[2.148036,46.677637],[2.146727,46.679097],[2.146195,46.680079],[2.144431,46.681477],[2.144195,46.681805],[2.144218,46.682333],[2.146289,46.681997],[2.14684,46.682128],[2.147889,46.682029],[2.148437,46.682284],[2.148798,46.683262],[2.149735,46.683836],[2.149834,46.684856],[2.150802,46.685638],[2.151333,46.685822],[2.151152,46.68642],[2.1504,46.686807],[2.150523,46.687362],[2.151443,46.687502],[2.15204,46.687303],[2.152907,46.688473],[2.153447,46.688706],[2.154671,46.688842],[2.155151,46.689321],[2.155489,46.692216],[2.156588,46.692322],[2.158849,46.692103],[2.16062,46.692324],[2.161305,46.69467],[2.161685,46.69521],[2.162057,46.694697],[2.163932,46.695676],[2.168531,46.696215],[2.169694,46.696436],[2.170061,46.696679],[2.172743,46.697118],[2.174656,46.697797],[2.175656,46.698699],[2.18044,46.700446],[2.181715,46.698268],[2.183729,46.69719],[2.184473,46.697252],[2.185228,46.697122],[2.185859,46.69679],[2.18678,46.69658],[2.187616,46.696679],[2.192627,46.696544],[2.193264,46.696707],[2.194918,46.695406],[2.195922,46.69405],[2.197028,46.693383],[2.196288,46.6917],[2.196315,46.69132],[2.197109,46.691245],[2.196622,46.69054],[2.19668,46.689902],[2.198417,46.689659],[2.201583,46.69029],[2.202969,46.689068],[2.203902,46.688501],[2.201946,46.686948],[2.197711,46.686097],[2.194543,46.685066],[2.196621,46.684678],[2.197502,46.684043],[2.199236,46.68384],[2.207921,46.681717],[2.206551,46.679467],[2.208911,46.67987],[2.213069,46.680917],[2.214732,46.678313],[2.216359,46.677265],[2.22202,46.682532],[2.22823,46.678394],[2.23052,46.676642],[2.230782,46.676642],[2.231304,46.677272],[2.234522,46.677796],[2.234998,46.678151],[2.236074,46.677861],[2.236727,46.678312],[2.236988,46.678267],[2.237578,46.67702],[2.237805,46.676996],[2.250062,46.676928],[2.253837,46.678352],[2.254378,46.679188],[2.254683,46.679343],[2.256489,46.679266],[2.2571,46.679727],[2.256149,46.680654],[2.257714,46.681638],[2.258844,46.683378],[2.259374,46.683891],[2.259739,46.68412],[2.261388,46.683726],[2.262491,46.683607],[2.263491,46.683678],[2.264169,46.684046],[2.266128,46.685621],[2.266454,46.686071],[2.266256,46.68733],[2.265863,46.688545],[2.265127,46.689642],[2.267228,46.6901],[2.269751,46.691081],[2.272047,46.691325],[2.273232,46.692821],[2.272676,46.693507],[2.270983,46.694644],[2.271659,46.695273],[2.272673,46.69568],[2.27312,46.695401],[2.273649,46.696476],[2.273502,46.696983],[2.274091,46.697189],[2.274618,46.696842],[2.275813,46.697083],[2.276158,46.696923],[2.276377,46.696315],[2.276696,46.69608],[2.278309,46.695869],[2.280307,46.694316],[2.280796,46.694103],[2.281486,46.694114],[2.282185,46.693744],[2.282259,46.700204],[2.281668,46.702139],[2.281195,46.704859],[2.281869,46.705987],[2.282095,46.706926],[2.28276,46.707593],[2.282783,46.70855],[2.283241,46.71049],[2.283111,46.712017],[2.283993,46.71361],[2.284588,46.71413],[2.285274,46.715903],[2.285455,46.717461],[2.285367,46.71945],[2.285121,46.720241],[2.284768,46.720568],[2.285535,46.722145],[2.287502,46.723286],[2.287182,46.724709],[2.286222,46.726537],[2.286603,46.730549],[2.286871,46.73148],[2.286891,46.733798],[2.287285,46.735012],[2.287985,46.735773],[2.288812,46.739814],[2.289578,46.740269],[2.285701,46.746028],[2.285607,46.750017],[2.286015,46.751624],[2.285824,46.752601],[2.286615,46.752751],[2.294771,46.757314],[2.295792,46.757314],[2.296641,46.756894],[2.306875,46.755186],[2.307149,46.754777],[2.312386,46.754648],[2.315067,46.75538],[2.318405,46.755658],[2.320291,46.756189],[2.323077,46.757235],[2.32324,46.756671],[2.331784,46.755487],[2.334825,46.756042],[2.336608,46.756793],[2.34109,46.757821],[2.342184,46.757941],[2.342197,46.758122],[2.344007,46.75846],[2.345203,46.758038],[2.354453,46.75715],[2.357143,46.75622],[2.359108,46.75487],[2.361927,46.745363],[2.362439,46.744235],[2.364173,46.742645],[2.364901,46.742221],[2.367607,46.739214],[2.36741,46.738],[2.367867,46.737145],[2.368129,46.735885],[2.36996,46.73566],[2.370765,46.735317],[2.370394,46.735119],[2.37124,46.735001],[2.37305,46.733755],[2.373969,46.732784],[2.374619,46.729918],[2.373581,46.727372],[2.373097,46.724414],[2.374061,46.72141],[2.375722,46.71908],[2.376734,46.718265],[2.377947,46.716483],[2.38085,46.713248],[2.381086,46.713055],[2.381766,46.713011],[2.382371,46.71195],[2.383089,46.70988],[2.386093,46.70565],[2.388705,46.701556],[2.388113,46.697867],[2.386216,46.697013],[2.38582,46.69328],[2.388432,46.688871],[2.388626,46.68833],[2.388495,46.687206],[2.388952,46.686486],[2.388542,46.685934],[2.388952,46.685435],[2.385618,46.682279],[2.38356,46.680703],[2.381305,46.679415],[2.374759,46.674841],[2.392337,46.673439],[2.396975,46.670648],[2.407196,46.666194],[2.410232,46.664657],[2.411668,46.663577],[2.415636,46.658104],[2.420929,46.652729],[2.427829,46.650202],[2.43409,46.648536]]]}},{"type":"Feature","properties":{"uai_primary":"0180019Y","uai_all":"0180019Y","is_merged":false},"geometry":{"type":"Polygon","coordinates":[[[2.42481,47.217907],[2.422383,47.217685],[2.421347,47.217406],[2.417318,47.217581],[2.414888,47.216493],[2.412277,47.215883],[2.4115,47.215281],[2.410129,47.214797],[2.409085,47.214832],[2.408396,47.216427],[2.405289,47.215965],[2.404657,47.215571],[2.402935,47.216492],[2.402275,47.216537],[2.401627,47.216775],[2.401219,47.21659],[2.397591,47.218711],[2.396733,47.219425],[2.39702,47.219665],[2.397298,47.220438],[2.396634,47.221993],[2.395501,47.22314],[2.39402,47.222965],[2.393831,47.223452],[2.392807,47.224066],[2.392469,47.225606],[2.392867,47.226048],[2.389099,47.230709],[2.385467,47.23462],[2.383565,47.235458],[2.381525,47.235924],[2.380793,47.235827],[2.379926,47.236094],[2.378255,47.237058],[2.37798,47.237614],[2.376514,47.237906],[2.375998,47.237642],[2.375357,47.237824],[2.37483,47.239039],[2.371846,47.24388],[2.37114,47.247035],[2.370771,47.247187],[2.367309,47.24801],[2.365126,47.247498],[2.356868,47.244486],[2.355548,47.244486],[2.352906,47.245161],[2.348811,47.245881],[2.345839,47.246646],[2.341348,47.246961],[2.340422,47.247141],[2.339497,47.247681],[2.338309,47.248085],[2.33679,47.248311],[2.336063,47.24867],[2.33527,47.24921],[2.334808,47.249885],[2.333949,47.25056],[2.336525,47.254922],[2.335931,47.256407],[2.336525,47.257396],[2.336658,47.258745],[2.337119,47.259735],[2.334626,47.261789],[2.334798,47.26285],[2.331492,47.266826],[2.326193,47.269333],[2.324109,47.271597],[2.320828,47.274543],[2.317714,47.276572],[2.31817,47.276992],[2.318037,47.277292],[2.318535,47.277994],[2.319016,47.280221],[2.321221,47.285257],[2.324737,47.289483],[2.326189,47.291719],[2.326926,47.292512],[2.326061,47.293043],[2.326262,47.293751],[2.325583,47.298595],[2.325733,47.299252],[2.325321,47.299652],[2.324167,47.301846],[2.323713,47.303928],[2.32391,47.304736],[2.323075,47.309535],[2.321429,47.313836],[2.321326,47.315308],[2.321923,47.317606],[2.322805,47.319254],[2.323327,47.319649],[2.324779,47.320006],[2.325781,47.320659],[2.326101,47.321327],[2.32693,47.321864],[2.327483,47.322699],[2.325413,47.326165],[2.324817,47.32792],[2.323033,47.338063],[2.318909,47.344211],[2.321417,47.348164],[2.321305,47.348382],[2.323289,47.352746],[2.323159,47.357086],[2.330081,47.357028],[2.332345,47.356471],[2.334893,47.355625],[2.337198,47.354509],[2.338922,47.353659],[2.339661,47.352897],[2.340476,47.353168],[2.341489,47.353917],[2.342218,47.354771],[2.342483,47.354771],[2.347049,47.351892],[2.347909,47.351622],[2.348306,47.351127],[2.351125,47.349696],[2.35385,47.350108],[2.354865,47.35008],[2.357891,47.349632],[2.362065,47.350062],[2.365734,47.349491],[2.368689,47.350449],[2.372926,47.352382],[2.373588,47.352921],[2.374159,47.353715],[2.377415,47.355061],[2.37967,47.355657],[2.383146,47.356236],[2.389547,47.361505],[2.39372,47.364562],[2.4059,47.365005],[2.407556,47.364959],[2.40749,47.36469],[2.406164,47.363791],[2.406163,47.363071],[2.40742,47.362485],[2.407154,47.361272],[2.407948,47.361136],[2.41099,47.359425],[2.414613,47.358588],[2.417209,47.357802],[2.417408,47.357802],[2.417542,47.358431],[2.417804,47.358692],[2.418477,47.358579],[2.418943,47.358804],[2.423696,47.357752],[2.42482,47.356986],[2.426804,47.356041],[2.438311,47.350858],[2.437784,47.352253],[2.436332,47.354414],[2.43736,47.355876],[2.43874,47.355166],[2.439388,47.354245],[2.439784,47.354315],[2.438928,47.362798],[2.439344,47.362797],[2.4406,47.363714],[2.440319,47.364579],[2.442252,47.364831],[2.443039,47.365267],[2.444053,47.365448],[2.445852,47.365109],[2.446784,47.365108],[2.448232,47.365346],[2.450054,47.366103],[2.457187,47.367443],[2.457565,47.367465],[2.457719,47.367211],[2.458439,47.367506],[2.458983,47.367496],[2.459349,47.36759],[2.459816,47.368837],[2.461127,47.369146],[2.461693,47.369047],[2.461837,47.369314],[2.461687,47.369508],[2.463948,47.370504],[2.465087,47.370842],[2.465925,47.370984],[2.466205,47.370512],[2.467156,47.371039],[2.468265,47.37138],[2.469454,47.371557],[2.471089,47.371512],[2.471583,47.371669],[2.474333,47.371401],[2.475579,47.370883],[2.476414,47.370759],[2.476878,47.373065],[2.476201,47.374556],[2.472301,47.380621],[2.471655,47.380772],[2.466543,47.380164],[2.466532,47.38251],[2.465656,47.383214],[2.465456,47.38326],[2.46486,47.382856],[2.463271,47.383351],[2.462941,47.383532],[2.463075,47.384387],[2.460825,47.384749],[2.461024,47.385333],[2.458789,47.386863],[2.458748,47.387467],[2.457615,47.390167],[2.45569,47.38972],[2.454856,47.389762],[2.45606,47.390774],[2.454156,47.391814],[2.453598,47.392321],[2.453496,47.392926],[2.454122,47.395132],[2.452814,47.398112],[2.454095,47.399325],[2.454569,47.400122],[2.45574,47.401102],[2.456009,47.402826],[2.455438,47.403918],[2.456071,47.404011],[2.456545,47.403866],[2.457352,47.403885],[2.458051,47.404145],[2.459225,47.404026],[2.459579,47.404573],[2.462022,47.404655],[2.463037,47.40502],[2.465773,47.40527],[2.467595,47.405647],[2.470415,47.405297],[2.473766,47.404301],[2.476991,47.402326],[2.477749,47.402016],[2.478179,47.402393],[2.479217,47.402803],[2.480808,47.402801],[2.482774,47.402267],[2.487017,47.401577],[2.488659,47.401591],[2.492722,47.400968],[2.49545,47.401],[2.496384,47.400809],[2.49729,47.400087],[2.499351,47.400419],[2.499817,47.402331],[2.503266,47.403495],[2.503332,47.40363],[2.488589,47.414175],[2.486735,47.414222],[2.485476,47.414493],[2.484285,47.414944],[2.480314,47.417064],[2.480504,47.418484],[2.480857,47.419102],[2.482538,47.420197],[2.483532,47.420279],[2.491654,47.419792],[2.495632,47.420462],[2.498866,47.41632],[2.500718,47.415373],[2.502811,47.416104],[2.503968,47.416177],[2.507048,47.414211],[2.512413,47.411334],[2.518797,47.407627],[2.527056,47.406385],[2.516391,47.398495],[2.522952,47.395939],[2.524194,47.395909],[2.530109,47.385116],[2.530492,47.385103],[2.531354,47.385506],[2.532151,47.386135],[2.540207,47.389895],[2.544432,47.393759],[2.546888,47.395104],[2.548018,47.396226],[2.54888,47.396405],[2.549668,47.395404],[2.550164,47.395246],[2.550292,47.394756],[2.551738,47.394303],[2.552242,47.394636],[2.553249,47.394842],[2.553951,47.395292],[2.554165,47.395326],[2.554402,47.395104],[2.555035,47.395134],[2.556758,47.395934],[2.556822,47.396114],[2.557431,47.396076],[2.560063,47.397287],[2.562209,47.3979],[2.562963,47.397933],[2.568271,47.397185],[2.569254,47.396783],[2.570614,47.39558],[2.570865,47.394923],[2.572085,47.394249],[2.573797,47.392996],[2.575805,47.391893],[2.576917,47.391508],[2.577813,47.390752],[2.580372,47.38954],[2.581939,47.387778],[2.583343,47.386735],[2.586525,47.385771],[2.592785,47.383244],[2.593798,47.383186],[2.595705,47.383688],[2.596762,47.384135],[2.597569,47.384198],[2.597905,47.382734],[2.593772,47.372518],[2.597053,47.372025],[2.598688,47.37198],[2.60071,47.37123],[2.602364,47.370973],[2.604777,47.369563],[2.604979,47.369167],[2.60755,47.367182],[2.611644,47.365104],[2.615149,47.364376],[2.616673,47.364687],[2.617202,47.364641],[2.620833,47.360892],[2.624974,47.361936],[2.628767,47.359282],[2.628819,47.355212],[2.631869,47.349134],[2.629443,47.348503],[2.629952,47.347788],[2.630908,47.34712],[2.63073,47.345835],[2.631114,47.343201],[2.631022,47.341824],[2.630187,47.340239],[2.629888,47.339184],[2.630085,47.338548],[2.631201,47.337058],[2.633066,47.336979],[2.63715,47.334442],[2.640394,47.333958],[2.641161,47.333322],[2.64197,47.331835],[2.64325,47.330516],[2.648198,47.33401],[2.649493,47.333283],[2.65012,47.332582],[2.652519,47.331575],[2.654208,47.329063],[2.653669,47.328667],[2.653001,47.328452],[2.655087,47.327876],[2.657992,47.326617],[2.657483,47.326098],[2.659264,47.325222],[2.660713,47.324182],[2.662049,47.321877],[2.664226,47.322039],[2.664541,47.321382],[2.665964,47.320774],[2.666783,47.319409],[2.669975,47.318723],[2.672993,47.318617],[2.675117,47.318202],[2.67585,47.318196],[2.675932,47.31832],[2.67714,47.318518],[2.678104,47.31846],[2.678335,47.31761],[2.680998,47.316913],[2.681885,47.316812],[2.687723,47.315009],[2.69061,47.313885],[2.697803,47.311704],[2.706297,47.310069],[2.706088,47.309607],[2.706478,47.309226],[2.706453,47.308664],[2.706742,47.308579],[2.706986,47.308212],[2.706901,47.307875],[2.708324,47.307504],[2.708486,47.306999],[2.708194,47.306634],[2.708316,47.306367],[2.708976,47.30621],[2.709284,47.305928],[2.710296,47.305798],[2.710852,47.305544],[2.712024,47.305535],[2.712703,47.305],[2.713028,47.304324],[2.71296,47.304009],[2.71232,47.303318],[2.712394,47.30245],[2.713227,47.301006],[2.713741,47.300862],[2.713986,47.300452],[2.715058,47.300312],[2.71546,47.299083],[2.715903,47.298708],[2.715677,47.297411],[2.716478,47.296622],[2.716867,47.295406],[2.71884,47.29405],[2.7193,47.294201],[2.719672,47.293574],[2.721412,47.291727],[2.721799,47.291584],[2.722537,47.291587],[2.723722,47.292004],[2.727008,47.290743],[2.727953,47.290681],[2.729654,47.289777],[2.733318,47.289012],[2.732501,47.288461],[2.732712,47.287668],[2.730817,47.286588],[2.730344,47.28515],[2.730475,47.284926],[2.733711,47.284599],[2.733659,47.283216],[2.734219,47.281549],[2.734137,47.281135],[2.73066,47.276848],[2.726414,47.275232],[2.725103,47.273804],[2.724936,47.272917],[2.722748,47.272763],[2.72113,47.27281],[2.720877,47.271853],[2.718615,47.27184],[2.718833,47.271317],[2.718544,47.2705],[2.717109,47.270086],[2.716303,47.26964],[2.71487,47.267671],[2.712797,47.2661],[2.712889,47.265488],[2.71409,47.26478],[2.710371,47.264172],[2.706659,47.2631],[2.703749,47.262569],[2.704011,47.262299],[2.703759,47.260763],[2.703936,47.259434],[2.704373,47.258744],[2.705298,47.25859],[2.706189,47.257223],[2.706911,47.25673],[2.707429,47.256032],[2.708353,47.255453],[2.71002,47.254788],[2.71232,47.25289],[2.71472,47.249614],[2.715537,47.247869],[2.718473,47.247067],[2.7227,47.242657],[2.723974,47.241762],[2.724875,47.240859],[2.725597,47.24066],[2.725986,47.240336],[2.727015,47.239939],[2.728021,47.239149],[2.729214,47.238652],[2.733789,47.237638],[2.736124,47.235226],[2.736309,47.23435],[2.737097,47.233717],[2.736962,47.233403],[2.737155,47.232638],[2.736749,47.23138],[2.73705,47.231207],[2.736647,47.230564],[2.735729,47.227291],[2.736057,47.227019],[2.735989,47.226519],[2.73345,47.222668],[2.734037,47.221943],[2.734027,47.219298],[2.731485,47.217217],[2.73045,47.216902],[2.721811,47.215384],[2.712015,47.215866],[2.706768,47.212095],[2.703521,47.210125],[2.693595,47.207393],[2.691128,47.205936],[2.69071,47.205525],[2.689191,47.206104],[2.685078,47.206044],[2.68057,47.20291],[2.674558,47.201893],[2.671638,47.199428],[2.663539,47.202375],[2.660114,47.203464],[2.654948,47.207731],[2.647164,47.212315],[2.638142,47.227767],[2.637069,47.234026],[2.63367,47.232122],[2.626905,47.228999],[2.62416,47.22723],[2.623208,47.226405],[2.62232,47.22508],[2.621546,47.222431],[2.620947,47.221641],[2.619577,47.220497],[2.623295,47.217234],[2.622645,47.216921],[2.622167,47.216382],[2.62091,47.215711],[2.620511,47.215127],[2.620752,47.213935],[2.619915,47.213445],[2.617983,47.215579],[2.614652,47.214176],[2.608235,47.211846],[2.608124,47.211078],[2.605104,47.210082],[2.603846,47.20914],[2.603713,47.208916],[2.604766,47.208463],[2.604831,47.208283],[2.60331,47.207747],[2.602186,47.20712],[2.601855,47.207031],[2.601526,47.207166],[2.595291,47.204086],[2.594668,47.205527],[2.588948,47.209362],[2.587398,47.211113],[2.586979,47.21035],[2.585805,47.20936],[2.584831,47.210062],[2.581594,47.208554],[2.57824,47.206212],[2.576594,47.206945],[2.575767,47.206176],[2.575057,47.204725],[2.574673,47.204364],[2.573936,47.203989],[2.572642,47.203726],[2.57076,47.202648],[2.569997,47.204874],[2.568327,47.204107],[2.566888,47.203223],[2.565354,47.204104],[2.565712,47.204899],[2.565418,47.206482],[2.563636,47.210513],[2.560721,47.212952],[2.559321,47.21385],[2.556639,47.216316],[2.555312,47.2173],[2.553038,47.215808],[2.550892,47.214771],[2.544134,47.212658],[2.542929,47.210704],[2.531446,47.197041],[2.531241,47.196504],[2.523813,47.199357],[2.523219,47.199449],[2.51929,47.199464],[2.516507,47.199855],[2.514971,47.199776],[2.512002,47.200051],[2.509759,47.200054],[2.503584,47.199287],[2.501585,47.199628],[2.500656,47.199545],[2.499871,47.198983],[2.497549,47.198119],[2.49652,47.1974],[2.496258,47.195948],[2.495368,47.194383],[2.494947,47.193076],[2.493383,47.191348],[2.492597,47.190052],[2.490784,47.191228],[2.488286,47.192433],[2.487522,47.193162],[2.487384,47.193485],[2.487835,47.195092],[2.486137,47.197271],[2.483657,47.201632],[2.4837,47.202096],[2.483166,47.203194],[2.482749,47.203173],[2.482754,47.203738],[2.482104,47.205265],[2.481508,47.207745],[2.480758,47.208264],[2.480744,47.20873],[2.481076,47.209135],[2.480878,47.20918],[2.479268,47.208804],[2.477452,47.208145],[2.473056,47.205896],[2.468985,47.208908],[2.468836,47.209277],[2.467422,47.209754],[2.467251,47.20998],[2.462567,47.212234],[2.462292,47.211937],[2.46195,47.210793],[2.461843,47.207178],[2.461624,47.206497],[2.460996,47.205602],[2.461517,47.204744],[2.461525,47.204222],[2.459176,47.204177],[2.454264,47.203362],[2.448914,47.200669],[2.446536,47.199682],[2.445676,47.198693],[2.444574,47.197862],[2.443998,47.198613],[2.442896,47.201013],[2.44107,47.202467],[2.440742,47.202072],[2.440007,47.202072],[2.43321,47.202707],[2.427273,47.204241],[2.424513,47.203162],[2.424488,47.203637],[2.424894,47.204249],[2.425096,47.205053],[2.425955,47.205412],[2.425957,47.205906],[2.425233,47.207976],[2.425962,47.2091],[2.426227,47.20991],[2.426756,47.210269],[2.427159,47.214812],[2.427054,47.21582],[2.426506,47.216244],[2.426274,47.216676],[2.42615,47.218114],[2.42481,47.217907]]]}},{"type":"Feature","properties":{"uai_primary":"0180020Z","uai_all":"0180020Z","is_merged":false},"geometry":{"type":"Polygon","coordinates":[[[2.285824,46.752601],[2.286015,46.751624],[2.285607,46.750017],[2.285701,46.746028],[2.289578,46.740269],[2.288812,46.739814],[2.287985,46.735773],[2.287285,46.735012],[2.286891,46.733798],[2.286871,46.73148],[2.286603,46.730549],[2.286222,46.726537],[2.287182,46.724709],[2.287502,46.723286],[2.285535,46.722145],[2.284768,46.720568],[2.285121,46.720241],[2.285367,46.71945],[2.285455,46.717461],[2.285274,46.715903],[2.284588,46.71413],[2.283993,46.71361],[2.283111,46.712017],[2.283241,46.71049],[2.282783,46.70855],[2.28276,46.707593],[2.282095,46.706926],[2.281869,46.705987],[2.281195,46.704859],[2.281668,46.702139],[2.282259,46.700204],[2.282185,46.693744],[2.281486,46.694114],[2.280796,46.694103],[2.280307,46.694316],[2.278309,46.695869],[2.276696,46.69608],[2.276377,46.696315],[2.276158,46.696923],[2.275813,46.697083],[2.274618,46.696842],[2.274091,46.697189],[2.273502,46.696983],[2.273649,46.696476],[2.27312,46.695401],[2.272673,46.69568],[2.271659,46.695273],[2.270983,46.694644],[2.272676,46.693507],[2.273232,46.692821],[2.272047,46.691325],[2.269751,46.691081],[2.267228,46.6901],[2.265127,46.689642],[2.265863,46.688545],[2.266256,46.68733],[2.266454,46.686071],[2.266128,46.685621],[2.264169,46.684046],[2.263491,46.683678],[2.262491,46.683607],[2.261388,46.683726],[2.259739,46.68412],[2.259002,46.683584],[2.257714,46.681638],[2.256149,46.680654],[2.2571,46.679727],[2.256881,46.679458],[2.256287,46.679211],[2.254683,46.679343],[2.254378,46.679188],[2.253837,46.678352],[2.250062,46.676928],[2.237805,46.676996],[2.237578,46.67702],[2.236988,46.678267],[2.236727,46.678312],[2.236074,46.677861],[2.234998,46.678151],[2.234522,46.677796],[2.231304,46.677272],[2.230782,46.676642],[2.23052,46.676642],[2.22823,46.678394],[2.22202,46.682532],[2.216359,46.677265],[2.214732,46.678313],[2.213069,46.680917],[2.208911,46.67987],[2.206551,46.679467],[2.207921,46.681717],[2.199236,46.68384],[2.197502,46.684043],[2.196621,46.684678],[2.194543,46.685066],[2.197711,46.686097],[2.201946,46.686948],[2.203902,46.688501],[2.202969,46.689068],[2.201583,46.69029],[2.198417,46.689659],[2.19668,46.689902],[2.196622,46.69054],[2.197109,46.691245],[2.196315,46.69132],[2.196288,46.6917],[2.197028,46.693383],[2.195922,46.69405],[2.194918,46.695406],[2.193264,46.696707],[2.192627,46.696544],[2.187616,46.696679],[2.18678,46.69658],[2.185859,46.69679],[2.185228,46.697122],[2.184473,46.697252],[2.183729,46.69719],[2.181715,46.698268],[2.18044,46.700446],[2.175656,46.698699],[2.174656,46.697797],[2.172743,46.697118],[2.170061,46.696679],[2.169694,46.696436],[2.168531,46.696215],[2.163932,46.695676],[2.162057,46.694697],[2.161685,46.69521],[2.161305,46.69467],[2.16062,46.692324],[2.158849,46.692103],[2.156588,46.692322],[2.155489,46.692216],[2.153413,46.692558],[2.140719,46.695551],[2.139933,46.695955],[2.133637,46.702358],[2.131575,46.704155],[2.131071,46.70482],[2.130665,46.705898],[2.126449,46.707494],[2.121953,46.708745],[2.118155,46.710316],[2.113943,46.71135],[2.111701,46.711561],[2.110783,46.711488],[2.109582,46.710932],[2.109064,46.71084],[2.106918,46.7111],[2.106399,46.708828],[2.105041,46.709024],[2.103745,46.708076],[2.102299,46.707812],[2.099795,46.70821],[2.099261,46.708686],[2.096611,46.709621],[2.09539,46.710511],[2.093981,46.710743],[2.092318,46.712021],[2.091593,46.712244],[2.090629,46.712368],[2.089222,46.712936],[2.08821,46.712506],[2.087093,46.71241],[2.086955,46.712618],[2.087319,46.715416],[2.087919,46.71542],[2.088027,46.715747],[2.088334,46.7158],[2.087912,46.71661],[2.088,46.716876],[2.08778,46.717034],[2.088138,46.717639],[2.088597,46.719608],[2.088763,46.719865],[2.090042,46.720689],[2.090378,46.720695],[2.09071,46.721426],[2.091173,46.721674],[2.091176,46.72299],[2.091598,46.723124],[2.091757,46.723672],[2.092432,46.72383],[2.092613,46.724475],[2.092292,46.724699],[2.092608,46.725092],[2.092451,46.725333],[2.092591,46.725572],[2.091489,46.72604],[2.091375,46.726947],[2.091595,46.727062],[2.091039,46.727817],[2.089245,46.729099],[2.088444,46.729431],[2.086859,46.730456],[2.085946,46.731408],[2.085915,46.731693],[2.085485,46.73207],[2.085573,46.732297],[2.085144,46.732184],[2.084523,46.731293],[2.082102,46.72982],[2.07994,46.731978],[2.079435,46.733796],[2.072762,46.734507],[2.071958,46.735091],[2.069431,46.739624],[2.067978,46.740593],[2.067215,46.741483],[2.065832,46.742479],[2.065876,46.742799],[2.066187,46.742757],[2.066403,46.742904],[2.065938,46.743235],[2.065956,46.743391],[2.067126,46.743852],[2.066688,46.744311],[2.066878,46.744549],[2.067152,46.744527],[2.067075,46.744719],[2.066595,46.744927],[2.066922,46.745018],[2.066819,46.745395],[2.067376,46.745828],[2.066142,46.746363],[2.066904,46.746852],[2.066952,46.747242],[2.067511,46.74716],[2.067602,46.747289],[2.067153,46.747869],[2.067316,46.748182],[2.066939,46.748442],[2.067225,46.748824],[2.066715,46.74894],[2.066488,46.749155],[2.066881,46.74938],[2.066945,46.749705],[2.067229,46.74973],[2.067326,46.749895],[2.066796,46.750319],[2.066961,46.750768],[2.066691,46.751163],[2.06672,46.751604],[2.067623,46.751823],[2.067993,46.75231],[2.068555,46.752618],[2.071505,46.753301],[2.073843,46.752988],[2.076109,46.752377],[2.077776,46.752133],[2.079229,46.752135],[2.079511,46.752436],[2.084094,46.75254],[2.086384,46.753158],[2.091952,46.755045],[2.094699,46.754907],[2.095151,46.755056],[2.096256,46.755924],[2.09608,46.756832],[2.096575,46.757721],[2.09626,46.758296],[2.0969,46.75866],[2.096972,46.759095],[2.097755,46.760155],[2.097667,46.760478],[2.098307,46.760704],[2.097861,46.761056],[2.098396,46.761116],[2.098533,46.761426],[2.099099,46.761431],[2.099164,46.76193],[2.099802,46.762208],[2.100378,46.762258],[2.100754,46.762076],[2.102196,46.762517],[2.10238,46.763054],[2.102841,46.762908],[2.103159,46.762976],[2.10292,46.763321],[2.103048,46.763589],[2.10447,46.763761],[2.104568,46.764074],[2.104966,46.764052],[2.105585,46.764547],[2.106383,46.764779],[2.10757,46.766019],[2.107891,46.767105],[2.108646,46.768287],[2.109244,46.770072],[2.109963,46.770336],[2.110126,46.770754],[2.110646,46.771016],[2.110228,46.771385],[2.110385,46.771644],[2.109858,46.772703],[2.109555,46.772949],[2.109184,46.773006],[2.108025,46.774301],[2.108152,46.775112],[2.107618,46.775649],[2.107625,46.77592],[2.107951,46.776235],[2.108768,46.776503],[2.110331,46.77569],[2.111761,46.77543],[2.112816,46.774979],[2.115099,46.773551],[2.115357,46.77436],[2.116595,46.775893],[2.116918,46.776887],[2.116581,46.777805],[2.116411,46.779948],[2.115101,46.781413],[2.114686,46.782352],[2.111908,46.783784],[2.111584,46.78443],[2.108963,46.787019],[2.108201,46.788275],[2.105797,46.789681],[2.105072,46.790804],[2.103563,46.791701],[2.104083,46.792512],[2.104205,46.794311],[2.103941,46.794806],[2.103219,46.795434],[2.102431,46.795747],[2.101514,46.79588],[2.099877,46.795831],[2.099175,46.795501],[2.098205,46.797215],[2.097381,46.798003],[2.095783,46.801272],[2.093323,46.800027],[2.09118,46.801235],[2.089233,46.802962],[2.088312,46.80227],[2.087267,46.803182],[2.082668,46.805736],[2.081752,46.805644],[2.082011,46.806454],[2.08126,46.807683],[2.079245,46.807268],[2.079059,46.807371],[2.077466,46.806824],[2.074143,46.807831],[2.0725,46.808817],[2.062627,46.817835],[2.059994,46.820122],[2.050913,46.827297],[2.048804,46.829452],[2.048274,46.830395],[2.048,46.832779],[2.044964,46.836504],[2.042716,46.840142],[2.045349,46.838124],[2.046663,46.837498],[2.048633,46.836874],[2.050737,46.835709],[2.051459,46.835441],[2.058282,46.834244],[2.062478,46.834164],[2.065098,46.83444],[2.066738,46.834174],[2.067655,46.834535],[2.068768,46.834583],[2.070074,46.835531],[2.072233,46.836525],[2.072817,46.837652],[2.073015,46.837607],[2.074532,46.835587],[2.075518,46.834914],[2.076305,46.834691],[2.076882,46.837481],[2.080272,46.841402],[2.082426,46.843206],[2.083473,46.843839],[2.085632,46.844788],[2.087135,46.84587],[2.088309,46.847222],[2.088959,46.848348],[2.089605,46.850464],[2.092149,46.853168],[2.093428,46.854071],[2.094267,46.852887],[2.09478,46.853141],[2.096468,46.855247],[2.095415,46.856234],[2.093699,46.85857],[2.091325,46.861353],[2.088629,46.863147],[2.087705,46.864225],[2.085869,46.865051],[2.084705,46.866917],[2.082818,46.868567],[2.092403,46.869408],[2.094698,46.869683],[2.096008,46.870135],[2.096861,46.870092],[2.097384,46.870273],[2.098368,46.870365],[2.100795,46.87028],[2.105184,46.871503],[2.106953,46.872137],[2.107606,46.872633],[2.108129,46.873354],[2.11022,46.875068],[2.113348,46.880067],[2.113806,46.880338],[2.114199,46.880428],[2.11912,46.880123],[2.12224,46.880499],[2.126206,46.879866],[2.139033,46.888571],[2.149681,46.901858],[2.154833,46.911628],[2.155096,46.911628],[2.156873,46.910236],[2.158716,46.908395],[2.162004,46.906691],[2.170077,46.906973],[2.170667,46.907063],[2.171901,46.911293],[2.180228,46.914678],[2.182411,46.915201],[2.183019,46.915045],[2.18474,46.915116],[2.184763,46.914225],[2.185186,46.913504],[2.185622,46.913111],[2.187077,46.912424],[2.188877,46.912366],[2.189154,46.912579],[2.189753,46.91266],[2.190272,46.912393],[2.191505,46.912167],[2.191907,46.911737],[2.192121,46.910896],[2.191791,46.909601],[2.19206,46.908532],[2.192997,46.907713],[2.191481,46.906236],[2.190756,46.905156],[2.190822,46.904886],[2.192138,46.903719],[2.193322,46.903045],[2.193997,46.895804],[2.195067,46.887978],[2.194936,46.887856],[2.196402,46.886013],[2.197042,46.885552],[2.197633,46.885552],[2.198353,46.885778],[2.198813,46.885734],[2.200063,46.884161],[2.200358,46.883404],[2.2014,46.882798],[2.203339,46.881165],[2.205915,46.881315],[2.207333,46.881025],[2.208359,46.880553],[2.209467,46.880325],[2.210462,46.879465],[2.211291,46.879141],[2.212095,46.87859],[2.212762,46.877703],[2.213397,46.877249],[2.214382,46.877025],[2.219302,46.876715],[2.221075,46.876447],[2.223043,46.875819],[2.226388,46.876047],[2.24089,46.873092],[2.243573,46.87366],[2.25478,46.880831],[2.255939,46.887202],[2.25714,46.884979],[2.257469,46.884709],[2.260094,46.884487],[2.26134,46.884172],[2.26285,46.883499],[2.267971,46.880488],[2.271253,46.878871],[2.271845,46.878422],[2.272108,46.877522],[2.274865,46.875274],[2.275189,46.875118],[2.276446,46.875001],[2.27854,46.874191],[2.282113,46.871929],[2.283522,46.8715],[2.284277,46.870484],[2.284157,46.869741],[2.2845,46.869164],[2.284954,46.868673],[2.285973,46.868145],[2.286547,46.8674],[2.287143,46.867224],[2.290872,46.864914],[2.293248,46.863961],[2.294501,46.863061],[2.29579,46.864577],[2.298589,46.867006],[2.300578,46.867916],[2.301924,46.868303],[2.30205,46.86868],[2.302842,46.868841],[2.305454,46.870312],[2.308938,46.872636],[2.308807,46.869729],[2.309022,46.868912],[2.311345,46.864889],[2.312018,46.864055],[2.313179,46.863054],[2.308994,46.86154],[2.306721,46.860968],[2.307802,46.859599],[2.30815,46.858605],[2.308174,46.857753],[2.308529,46.85716],[2.308235,46.857098],[2.308318,46.856663],[2.308864,46.856407],[2.310026,46.855154],[2.31079,46.854929],[2.311362,46.854528],[2.312987,46.852753],[2.313627,46.852707],[2.314084,46.852988],[2.314654,46.853092],[2.315046,46.851369],[2.314448,46.850075],[2.314331,46.849361],[2.315346,46.847484],[2.315474,46.846449],[2.314085,46.843174],[2.314136,46.842403],[2.316208,46.84019],[2.319092,46.838415],[2.322744,46.836642],[2.324797,46.836282],[2.326006,46.836295],[2.328997,46.83701],[2.331983,46.837094],[2.333904,46.836786],[2.337367,46.837431],[2.338155,46.837108],[2.340782,46.835447],[2.341792,46.834449],[2.341895,46.833788],[2.338812,46.831228],[2.338623,46.83041],[2.335608,46.830399],[2.332076,46.82938],[2.331987,46.828805],[2.3312,46.827887],[2.328653,46.825919],[2.327427,46.825977],[2.327019,46.825842],[2.32682,46.825583],[2.324615,46.824814],[2.32125,46.824692],[2.320842,46.824523],[2.320425,46.825068],[2.316837,46.823727],[2.315837,46.823213],[2.318178,46.820906],[2.31949,46.817532],[2.320866,46.814428],[2.321194,46.814069],[2.334823,46.805524],[2.337096,46.803829],[2.333841,46.802149],[2.331678,46.801295],[2.328705,46.799837],[2.32663,46.799086],[2.326162,46.798644],[2.318972,46.797065],[2.315633,46.794951],[2.312954,46.793554],[2.312063,46.792719],[2.310948,46.792998],[2.30963,46.79178],[2.309491,46.784664],[2.310629,46.780043],[2.318263,46.766162],[2.321477,46.7598],[2.322174,46.759567],[2.323077,46.757235],[2.320291,46.756189],[2.318405,46.755658],[2.315067,46.75538],[2.312386,46.754648],[2.308808,46.754657],[2.307149,46.754777],[2.306875,46.755186],[2.296641,46.756894],[2.295792,46.757314],[2.294771,46.757314],[2.286615,46.752751],[2.285824,46.752601]]]}},{"type":"Feature","properties":{"uai_primary":"0180023C","uai_all":"0180023C","is_merged":false},"geometry":{"type":"Polygon","coordinates":[[[2.850484,46.93471],[2.850705,46.933786],[2.850045,46.933474],[2.849361,46.930598],[2.851465,46.930859],[2.852497,46.928965],[2.859013,46.930555],[2.860071,46.927736],[2.862182,46.925736],[2.863796,46.923633],[2.860646,46.9229],[2.859511,46.92278],[2.859358,46.921223],[2.85977,46.920654],[2.859328,46.915619],[2.856574,46.915901],[2.857086,46.914639],[2.856758,46.914596],[2.854074,46.915328],[2.852503,46.915919],[2.849365,46.910401],[2.849168,46.910357],[2.848188,46.910811],[2.846884,46.911851],[2.846623,46.911853],[2.846218,46.910685],[2.845102,46.910689],[2.844825,46.909251],[2.843187,46.909574],[2.842462,46.909172],[2.842718,46.908586],[2.841272,46.908187],[2.841076,46.908458],[2.840814,46.90846],[2.840143,46.906933],[2.838358,46.906367],[2.839739,46.905453],[2.836069,46.899213],[2.83355,46.896661],[2.831493,46.894195],[2.829311,46.892316],[2.828444,46.890745],[2.827151,46.885668],[2.826413,46.883871],[2.82364,46.881859],[2.823309,46.88168],[2.822787,46.881998],[2.821871,46.882227],[2.820822,46.882275],[2.819574,46.882056],[2.817671,46.882019],[2.816155,46.881351],[2.816543,46.880674],[2.81332,46.879743],[2.812797,46.879432],[2.812508,46.878927],[2.811601,46.878221],[2.809688,46.877059],[2.807847,46.876482],[2.805182,46.875919],[2.802058,46.873356],[2.800458,46.871609],[2.800653,46.871473],[2.800519,46.871069],[2.799723,46.870128],[2.798877,46.870336],[2.798092,46.869721],[2.794371,46.870706],[2.793411,46.871145],[2.790033,46.872145],[2.787945,46.873458],[2.787157,46.873326],[2.784,46.869458],[2.783405,46.869347],[2.781468,46.868118],[2.780794,46.867156],[2.784128,46.86538],[2.785594,46.864109],[2.785154,46.863211],[2.785232,46.862718],[2.783978,46.861823],[2.782074,46.861516],[2.778328,46.860631],[2.779683,46.857926],[2.781532,46.856466],[2.779126,46.854927],[2.779297,46.854379],[2.777135,46.851054],[2.772824,46.85296],[2.772561,46.85296],[2.771166,46.850671],[2.771489,46.850086],[2.77102,46.848873],[2.772854,46.848596],[2.771533,46.847432],[2.771271,46.847388],[2.769446,46.848744],[2.767063,46.849725],[2.765583,46.848899],[2.764484,46.847769],[2.763587,46.84745],[2.763343,46.848092],[2.762621,46.84805],[2.760289,46.847196],[2.758262,46.847981],[2.756734,46.849097],[2.755819,46.850099],[2.75484,46.850687],[2.753466,46.851188],[2.752882,46.851864],[2.752356,46.851776],[2.751316,46.852815],[2.750021,46.85239],[2.74904,46.854011],[2.74678,46.853421],[2.745991,46.85343],[2.743472,46.852993],[2.74116,46.85384],[2.739186,46.852993],[2.73876,46.85325],[2.737087,46.852148],[2.73617,46.852768],[2.735491,46.854289],[2.733891,46.855862],[2.73375,46.856356],[2.732735,46.857688],[2.732493,46.859454],[2.731637,46.860699],[2.729414,46.865015],[2.728533,46.866059],[2.726915,46.867404],[2.727071,46.867555],[2.727172,46.869003],[2.727974,46.870012],[2.727093,46.87047],[2.726158,46.871331],[2.724327,46.872259],[2.721727,46.874443],[2.719895,46.875565],[2.719465,46.875173],[2.719238,46.87533],[2.718909,46.875752],[2.718641,46.876988],[2.717795,46.877917],[2.71588,46.878755],[2.709263,46.873624],[2.708943,46.871718],[2.707741,46.872499],[2.706533,46.87213],[2.70085,46.875522],[2.700587,46.875523],[2.700125,46.875119],[2.699928,46.875121],[2.696664,46.87747],[2.6966,46.877605],[2.697129,46.878278],[2.694718,46.880714],[2.694521,46.880715],[2.693728,46.879773],[2.691501,46.88041],[2.691311,46.88149],[2.690259,46.881223],[2.689803,46.88163],[2.688683,46.881004],[2.687632,46.880647],[2.685746,46.882778],[2.686007,46.882901],[2.685032,46.884091],[2.683484,46.883807],[2.682735,46.88417],[2.683068,46.884934],[2.682808,46.885474],[2.683143,46.886508],[2.683537,46.886596],[2.684255,46.886054],[2.68656,46.887352],[2.682811,46.889059],[2.684502,46.890743],[2.683236,46.890781],[2.682057,46.8911],[2.681174,46.891698],[2.678996,46.890134],[2.678509,46.890345],[2.678246,46.890301],[2.677587,46.889854],[2.675354,46.889455],[2.67259,46.888248],[2.670567,46.890054],[2.67655,46.891791],[2.67655,46.89197],[2.675242,46.892469],[2.673865,46.892743],[2.67354,46.893239],[2.673543,46.893779],[2.6744,46.894361],[2.674794,46.894405],[2.67584,46.893726],[2.677194,46.894987],[2.675367,46.896125],[2.675399,46.896652],[2.675664,46.896966],[2.676845,46.896963],[2.679133,46.895652],[2.679723,46.89556],[2.682643,46.898517],[2.683503,46.901008],[2.68577,46.900217],[2.68576,46.905527],[2.688381,46.905025],[2.689833,46.906189],[2.688787,46.907028],[2.68879,46.907338],[2.690269,46.907924],[2.6907,46.908256],[2.689855,46.909473],[2.690047,46.910728],[2.689933,46.911542],[2.689543,46.912173],[2.688825,46.912625],[2.688105,46.912853],[2.687316,46.912855],[2.686853,46.912271],[2.686628,46.91269],[2.687086,46.913307],[2.689211,46.914385],[2.690475,46.915386],[2.691948,46.91613],[2.694577,46.915461],[2.697369,46.914218],[2.698949,46.914843],[2.700729,46.915917],[2.701119,46.91697],[2.699814,46.917446],[2.698173,46.917329],[2.69444,46.918051],[2.694825,46.919226],[2.696265,46.919689],[2.702812,46.922539],[2.702967,46.922802],[2.70335,46.92284],[2.703494,46.923195],[2.704217,46.923425],[2.704655,46.92339],[2.704625,46.924024],[2.705293,46.924309],[2.706597,46.924496],[2.708662,46.924078],[2.708921,46.923583],[2.710164,46.922859],[2.711221,46.9238],[2.711352,46.924172],[2.712307,46.924302],[2.713822,46.925296],[2.713569,46.92569],[2.714204,46.926127],[2.716024,46.92658],[2.716992,46.927146],[2.719102,46.927659],[2.720345,46.92819],[2.720829,46.928167],[2.721366,46.928483],[2.722119,46.928575],[2.722556,46.928452],[2.722893,46.928783],[2.723569,46.928965],[2.724107,46.928847],[2.724349,46.92916],[2.724998,46.929127],[2.725935,46.929639],[2.726553,46.930203],[2.727432,46.930224],[2.727294,46.930797],[2.728057,46.931042],[2.728595,46.930965],[2.728872,46.931343],[2.72868,46.932018],[2.728785,46.932386],[2.727489,46.932694],[2.722279,46.934675],[2.720651,46.935111],[2.719545,46.935219],[2.715924,46.936216],[2.71342,46.937305],[2.713862,46.93765],[2.70917,46.94054],[2.708973,46.940744],[2.709632,46.94105],[2.706819,46.942437],[2.706557,46.942483],[2.706225,46.942124],[2.705327,46.94523],[2.703417,46.944472],[2.703089,46.944473],[2.693251,46.947403],[2.692487,46.950404],[2.689372,46.955082],[2.698038,46.953023],[2.701598,46.951884],[2.706176,46.951431],[2.705467,46.952697],[2.704353,46.956501],[2.703736,46.957829],[2.702204,46.959945],[2.700801,46.961298],[2.698173,46.964439],[2.701675,46.967152],[2.703259,46.969255],[2.70487,46.970635],[2.709453,46.973162],[2.712275,46.975258],[2.713753,46.975971],[2.71514,46.976955],[2.711432,46.977393],[2.710889,46.979849],[2.710305,46.981064],[2.710378,46.982054],[2.711846,46.985153],[2.7083,46.985704],[2.705053,46.986636],[2.702195,46.987048],[2.700952,46.987012],[2.69924,46.987353],[2.696807,46.98736],[2.696149,46.987183],[2.695093,46.986601],[2.693579,46.986291],[2.69349,46.986609],[2.694062,46.987423],[2.691098,46.988728],[2.689919,46.98945],[2.687572,46.992337],[2.687208,46.995429],[2.686268,46.995974],[2.684303,46.99518],[2.682666,46.996175],[2.683262,46.996758],[2.680664,46.998183],[2.675711,47.001939],[2.674184,47.003389],[2.666697,47.005786],[2.665245,47.007202],[2.66493,47.009362],[2.663621,47.01049],[2.663557,47.010715],[2.671711,47.010692],[2.671205,47.013707],[2.673111,47.013701],[2.678106,47.013237],[2.678442,47.014225],[2.681397,47.013587],[2.68166,47.013631],[2.682987,47.015381],[2.68266,47.015697],[2.68299,47.015966],[2.685417,47.014744],[2.685882,47.015687],[2.687921,47.015546],[2.687931,47.017165],[2.690232,47.016978],[2.690702,47.018462],[2.691294,47.018325],[2.691957,47.019222],[2.692971,47.020157],[2.693491,47.022501],[2.695072,47.022766],[2.696455,47.02143],[2.698237,47.020455],[2.700616,47.019745],[2.702376,47.01971],[2.703307,47.021333],[2.706086,47.02071],[2.706777,47.022234],[2.71472,47.020094],[2.715884,47.017167],[2.721994,47.016426],[2.723126,47.018267],[2.72431,47.018263],[2.72446,47.020826],[2.726306,47.021405],[2.727971,47.024233],[2.719994,47.031007],[2.716779,47.033948],[2.718141,47.041751],[2.724039,47.045471],[2.73011,47.058605],[2.731946,47.059693],[2.739747,47.061598],[2.739256,47.064271],[2.746275,47.06969],[2.754014,47.074295],[2.748814,47.091676],[2.745298,47.093217],[2.740262,47.094907],[2.739105,47.093428],[2.734085,47.094966],[2.73369,47.095013],[2.733556,47.094698],[2.728389,47.095672],[2.728072,47.096042],[2.725627,47.097645],[2.722578,47.100331],[2.719733,47.102353],[2.703166,47.100557],[2.703911,47.103523],[2.689557,47.108147],[2.691753,47.109503],[2.692374,47.110579],[2.689094,47.11158],[2.692951,47.118158],[2.692639,47.118578],[2.68564,47.120177],[2.68786,47.123314],[2.686946,47.123995],[2.68631,47.125165],[2.695834,47.126554],[2.695913,47.128917],[2.695459,47.130087],[2.698563,47.131068],[2.701209,47.132364],[2.701817,47.134386],[2.703932,47.135414],[2.704068,47.135953],[2.705656,47.136892],[2.706983,47.138058],[2.708764,47.138322],[2.709157,47.138006],[2.711261,47.137144],[2.71258,47.13741],[2.713178,47.137947],[2.714104,47.138439],[2.715489,47.13848],[2.71588,47.137939],[2.716868,47.137756],[2.718274,47.136791],[2.721197,47.135244],[2.723192,47.134601],[2.723437,47.134404],[2.730817,47.13429],[2.730838,47.136989],[2.729585,47.137038],[2.729532,47.142339],[2.731666,47.141263],[2.734411,47.140311],[2.73424,47.141402],[2.736335,47.140568],[2.736611,47.142232],[2.73944,47.141547],[2.740429,47.141454],[2.741484,47.141585],[2.743923,47.141531],[2.74524,47.141347],[2.748868,47.141603],[2.750445,47.140924],[2.752411,47.139341],[2.753659,47.138798],[2.753922,47.138796],[2.755907,47.139689],[2.756301,47.139507],[2.759203,47.139677],[2.759722,47.138595],[2.760826,47.138183],[2.760883,47.135898],[2.760259,47.132457],[2.762517,47.129633],[2.76239,47.127903],[2.762138,47.12723],[2.761514,47.126613],[2.760543,47.126111],[2.759452,47.124972],[2.760056,47.122581],[2.759933,47.121377],[2.76209,47.121359],[2.763319,47.120904],[2.763021,47.119866],[2.762377,47.119066],[2.762417,47.118688],[2.762991,47.118292],[2.763547,47.11853],[2.765114,47.1187],[2.766194,47.118521],[2.767382,47.117945],[2.768605,47.117625],[2.772084,47.11738],[2.773809,47.118534],[2.774184,47.119176],[2.776722,47.11815],[2.777149,47.117873],[2.777554,47.117282],[2.779241,47.117437],[2.78068,47.117351],[2.787067,47.118095],[2.787314,47.116446],[2.787286,47.113546],[2.786815,47.110119],[2.787959,47.108036],[2.787774,47.107709],[2.788399,47.107585],[2.789406,47.10696],[2.793362,47.102483],[2.797931,47.097939],[2.797965,47.097622],[2.798876,47.097249],[2.799296,47.097393],[2.800755,47.095885],[2.802026,47.095415],[2.802525,47.096608],[2.803596,47.096642],[2.806445,47.09573],[2.811096,47.094913],[2.811226,47.094353],[2.812142,47.094925],[2.814828,47.093818],[2.817182,47.092066],[2.817904,47.093143],[2.821557,47.091109],[2.821763,47.091475],[2.823844,47.0915],[2.825625,47.091056],[2.826309,47.091493],[2.826856,47.091145],[2.826319,47.090772],[2.83002,47.090307],[2.830143,47.090591],[2.830471,47.090455],[2.831774,47.089046],[2.835427,47.090867],[2.836135,47.090341],[2.836398,47.090384],[2.837134,47.091595],[2.838449,47.09141],[2.838375,47.090511],[2.842973,47.089231],[2.84383,47.089227],[2.844359,47.08954],[2.844627,47.089944],[2.844634,47.090708],[2.844898,47.090887],[2.845556,47.090749],[2.845953,47.090882],[2.849826,47.093201],[2.851587,47.088881],[2.851003,47.088947],[2.850188,47.088199],[2.850334,47.087833],[2.849373,47.085847],[2.849154,47.084508],[2.848248,47.082956],[2.848102,47.081427],[2.848496,47.08138],[2.849557,47.082005],[2.849753,47.081959],[2.849745,47.08106],[2.849606,47.080385],[2.848148,47.079267],[2.849004,47.079309],[2.85046,47.080247],[2.851185,47.080243],[2.852234,47.079789],[2.852758,47.079337],[2.853012,47.078481],[2.852349,47.077945],[2.853258,47.076636],[2.852854,47.075738],[2.852845,47.074793],[2.852312,47.074121],[2.852497,47.072861],[2.85519,47.07178],[2.857917,47.072934],[2.858198,47.073342],[2.860558,47.072587],[2.862757,47.071517],[2.866048,47.070393],[2.866551,47.070451],[2.867243,47.071798],[2.869512,47.070419],[2.869272,47.068992],[2.870652,47.06884],[2.871921,47.068223],[2.872292,47.068725],[2.873055,47.069267],[2.875444,47.06908],[2.876744,47.068717],[2.879619,47.066348],[2.87904,47.065301],[2.881881,47.065151],[2.883373,47.065807],[2.884887,47.065144],[2.891115,47.063685],[2.891379,47.063684],[2.896163,47.06566],[2.897207,47.067403],[2.897284,47.067868],[2.898556,47.067039],[2.900441,47.066667],[2.902024,47.065857],[2.903334,47.065546],[2.903762,47.0656],[2.903983,47.064607],[2.904801,47.063499],[2.907903,47.063693],[2.90988,47.063998],[2.911598,47.064619],[2.914511,47.066044],[2.915055,47.06775],[2.916853,47.069631],[2.917211,47.070868],[2.920341,47.070414],[2.924428,47.069179],[2.924414,47.068737],[2.924079,47.068155],[2.92282,47.067486],[2.923343,47.067033],[2.924,47.066985],[2.924534,47.067612],[2.925127,47.067654],[2.927492,47.06731],[2.92791,47.067735],[2.928109,47.06855],[2.927448,47.069315],[2.92789,47.070149],[2.928874,47.071013],[2.929411,47.071299],[2.931331,47.071843],[2.932008,47.07155],[2.932081,47.071739],[2.933145,47.072381],[2.934268,47.072689],[2.935195,47.073225],[2.936184,47.07331],[2.937114,47.074115],[2.938105,47.074334],[2.93929,47.074373],[2.940408,47.074142],[2.941262,47.073759],[2.942252,47.074312],[2.942918,47.075029],[2.944046,47.075652],[2.944572,47.07565],[2.945747,47.074699],[2.946337,47.074515],[2.946996,47.074557],[2.948145,47.075226],[2.950136,47.075246],[2.95168,47.07422],[2.95234,47.073562],[2.952998,47.072365],[2.952997,47.071462],[2.955383,47.071212],[2.955659,47.070281],[2.956534,47.069392],[2.956675,47.067437],[2.956499,47.066383],[2.956555,47.065961],[2.956902,47.065692],[2.957596,47.065379],[2.959812,47.06486],[2.960741,47.064954],[2.964097,47.065739],[2.96659,47.066482],[2.967263,47.066331],[2.968482,47.065781],[2.970331,47.065505],[2.970192,47.064608],[2.973799,47.063449],[2.974858,47.062571],[2.978373,47.060598],[2.977309,47.060133],[2.975658,47.059737],[2.973345,47.058941],[2.970533,47.057568],[2.970361,47.056963],[2.970619,47.056617],[2.971664,47.055936],[2.972319,47.055708],[2.973327,47.055653],[2.973587,47.055047],[2.974156,47.055203],[2.974219,47.054933],[2.973551,47.054569],[2.973863,47.054094],[2.972155,47.05292],[2.968711,47.051094],[2.968632,47.050016],[2.969547,47.049426],[2.969199,47.047853],[2.968797,47.047316],[2.96747,47.046378],[2.964821,47.044908],[2.96397,47.045228],[2.962982,47.045233],[2.958423,47.043684],[2.957365,47.043195],[2.957806,47.041438],[2.956084,47.040502],[2.95758,47.038965],[2.958301,47.038692],[2.960599,47.038319],[2.961906,47.037592],[2.961905,47.037458],[2.960251,47.036702],[2.960639,47.036115],[2.960627,47.035035],[2.96036,47.034084],[2.959669,47.032992],[2.959123,47.029996],[2.959548,47.028602],[2.959243,47.02787],[2.958419,47.026911],[2.958015,47.025232],[2.957664,47.024573],[2.958295,47.024357],[2.958344,47.02361],[2.959891,47.01804],[2.959785,47.017302],[2.960228,47.016633],[2.960509,47.015525],[2.95977,47.013575],[2.959968,47.009245],[2.960782,47.008141],[2.961628,47.006403],[2.962998,47.002787],[2.95787,47.001493],[2.954445,47.000973],[2.951622,47.001105],[2.951628,47.00023],[2.951194,46.998248],[2.950476,46.996531],[2.948654,46.99729],[2.947104,46.997188],[2.944228,46.998733],[2.942782,46.998786],[2.941345,46.999648],[2.938727,47.000606],[2.937673,47.000477],[2.935835,47.000712],[2.933969,47.001513],[2.932524,47.00129],[2.93047,46.999591],[2.930198,46.998842],[2.928774,46.997034],[2.927073,46.997452],[2.923856,46.996399],[2.923828,46.995817],[2.922622,46.995022],[2.922025,46.994395],[2.923378,46.992608],[2.92026,46.992719],[2.91275,46.992128],[2.909051,46.993],[2.908213,46.993532],[2.90709,46.993213],[2.905763,46.993435],[2.902978,46.993342],[2.901617,46.993453],[2.901161,46.992295],[2.898987,46.991857],[2.89871,46.990553],[2.897329,46.99047],[2.896999,46.990292],[2.896201,46.989396],[2.895342,46.988995],[2.894808,46.988278],[2.893882,46.987608],[2.893358,46.98779],[2.892764,46.987703],[2.891699,46.986314],[2.886151,46.983732],[2.883065,46.984106],[2.880831,46.984117],[2.881585,46.98083],[2.882751,46.97907],[2.883665,46.978525],[2.885699,46.978201],[2.887739,46.97721],[2.885085,46.97467],[2.889598,46.972853],[2.888143,46.972393],[2.888564,46.971922],[2.889274,46.971517],[2.889825,46.971402],[2.891323,46.969857],[2.890775,46.969549],[2.889117,46.969035],[2.888838,46.96881],[2.888381,46.96578],[2.889123,46.965064],[2.88901,46.964846],[2.889634,46.964597],[2.888503,46.963254],[2.888497,46.962624],[2.887631,46.961414],[2.887373,46.960589],[2.890222,46.96056],[2.891518,46.960327],[2.891029,46.959643],[2.894156,46.957019],[2.894148,46.956344],[2.89332,46.954223],[2.892716,46.953724],[2.890907,46.952834],[2.890918,46.952659],[2.891662,46.952085],[2.894362,46.951414],[2.894212,46.949821],[2.892942,46.947668],[2.893796,46.947664],[2.89386,46.947529],[2.892983,46.945284],[2.892704,46.943711],[2.890016,46.944174],[2.890277,46.942654],[2.887006,46.942369],[2.883606,46.939471],[2.882434,46.939244],[2.881687,46.938495],[2.8767,46.939469],[2.875253,46.940037],[2.873496,46.938559],[2.868037,46.941807],[2.866052,46.938484],[2.867275,46.936095],[2.864712,46.935746],[2.864047,46.935029],[2.862742,46.935845],[2.86164,46.937245],[2.860986,46.937518],[2.858757,46.937933],[2.857714,46.938702],[2.857451,46.938703],[2.856525,46.938168],[2.856193,46.937674],[2.8556,46.937542],[2.85151,46.935536],[2.850484,46.93471]]]}},{"type":"Feature","properties":{"uai_primary":"0180028H","uai_all":"0180028H","is_merged":false},"geometry":{"type":"Polygon","coordinates":[[[2.189978,47.042336],[2.191493,47.042882],[2.196644,47.045252],[2.196439,47.046105],[2.196579,47.046726],[2.197103,47.046809],[2.197003,47.046171],[2.1979,47.046039],[2.19817,47.046721],[2.198023,47.046875],[2.198297,47.047132],[2.199769,47.04734],[2.20301,47.050274],[2.204958,47.050998],[2.205931,47.052139],[2.207268,47.051944],[2.208356,47.052247],[2.209495,47.053216],[2.209574,47.054394],[2.210222,47.055052],[2.215994,47.05605],[2.218389,47.055923],[2.220014,47.056129],[2.222096,47.056988],[2.222036,47.057134],[2.227574,47.057885],[2.230133,47.058603],[2.244454,47.060538],[2.24677,47.060143],[2.246748,47.059935],[2.249689,47.057899],[2.258051,47.057203],[2.265557,47.057542],[2.268749,47.058358],[2.272151,47.058725],[2.272719,47.058604],[2.273095,47.058285],[2.277325,47.059201],[2.279548,47.05988],[2.279838,47.059271],[2.282877,47.059896],[2.282926,47.060059],[2.288023,47.061693],[2.290646,47.062108],[2.294186,47.062964],[2.294396,47.062819],[2.296189,47.063125],[2.296214,47.062847],[2.301302,47.063343],[2.300538,47.060561],[2.300453,47.059301],[2.301197,47.056387],[2.301907,47.054655],[2.30115,47.054111],[2.299972,47.053576],[2.299396,47.051384],[2.297952,47.048097],[2.29748,47.047488],[2.298459,47.046969],[2.299321,47.042546],[2.300133,47.040247],[2.299518,47.039983],[2.299614,47.03957],[2.299079,47.039162],[2.298881,47.039323],[2.297635,47.038103],[2.297121,47.036185],[2.297081,47.035141],[2.297844,47.035172],[2.307608,47.041516],[2.312881,47.04395],[2.317333,47.045535],[2.324937,47.049543],[2.32865,47.050965],[2.330088,47.049391],[2.331297,47.047635],[2.334107,47.044281],[2.335704,47.041961],[2.336794,47.039355],[2.338079,47.037318],[2.338007,47.036546],[2.339882,47.030355],[2.339036,47.029983],[2.340172,47.028615],[2.335839,47.0235],[2.33467,47.02112],[2.332508,47.017998],[2.329227,47.014727],[2.328227,47.013398],[2.326961,47.010414],[2.329462,47.010272],[2.330204,47.007621],[2.332721,47.004818],[2.333116,47.002521],[2.33499,47.0],[2.335891,46.998185],[2.335695,46.997422],[2.342011,46.997857],[2.341517,46.993855],[2.342854,46.993662],[2.344372,46.993939],[2.34572,46.993602],[2.345765,46.993342],[2.349062,46.993376],[2.348961,46.993104],[2.354178,46.99234],[2.353938,46.991369],[2.354671,46.991234],[2.352633,46.984937],[2.352364,46.978516],[2.352486,46.967471],[2.351793,46.963516],[2.351041,46.96098],[2.352488,46.96213],[2.355436,46.962764],[2.356599,46.962706],[2.357287,46.960574],[2.357878,46.960529],[2.358404,46.960214],[2.358337,46.959854],[2.358008,46.959629],[2.3586,46.957785],[2.359781,46.95783],[2.360701,46.955266],[2.361291,46.954591],[2.361094,46.954051],[2.361476,46.952955],[2.354296,46.951708],[2.349463,46.951078],[2.349208,46.949271],[2.349344,46.947036],[2.348546,46.942565],[2.348078,46.935461],[2.353074,46.935835],[2.352877,46.936779],[2.35314,46.93696],[2.354979,46.93687],[2.356001,46.934703],[2.356335,46.932332],[2.357637,46.932501],[2.359053,46.929566],[2.359272,46.929587],[2.360024,46.928934],[2.360414,46.928287],[2.36015,46.926052],[2.360895,46.925736],[2.361331,46.924971],[2.361725,46.924792],[2.362774,46.925425],[2.363682,46.925621],[2.36384,46.926612],[2.365679,46.927286],[2.368438,46.929085],[2.371262,46.930479],[2.37159,46.930479],[2.371983,46.929263],[2.373426,46.927014],[2.373425,46.926069],[2.372046,46.924405],[2.371388,46.923102],[2.371913,46.921707],[2.375392,46.920672],[2.378608,46.920175],[2.380315,46.919725],[2.380576,46.91824],[2.382344,46.917893],[2.383856,46.915675],[2.385168,46.914819],[2.387912,46.913902],[2.388043,46.913587],[2.387786,46.911988],[2.387004,46.911544],[2.38705,46.911016],[2.384132,46.909791],[2.382238,46.909448],[2.380997,46.909585],[2.376606,46.907114],[2.376372,46.906774],[2.376555,46.905831],[2.377006,46.903957],[2.377905,46.901521],[2.375795,46.900197],[2.37682,46.899664],[2.377804,46.899529],[2.378614,46.898701],[2.37021,46.892439],[2.369926,46.893594],[2.368876,46.893639],[2.36822,46.893909],[2.367232,46.893679],[2.366213,46.893835],[2.363298,46.895035],[2.36297,46.895035],[2.362314,46.894496],[2.362314,46.893281],[2.362116,46.893011],[2.361986,46.893056],[2.361527,46.89499],[2.361265,46.895351],[2.359564,46.895857],[2.35927,46.896162],[2.35997,46.896173],[2.359087,46.897322],[2.359359,46.897459],[2.357102,46.898652],[2.355361,46.899984],[2.354967,46.899985],[2.354042,46.899454],[2.352408,46.899895],[2.350175,46.898546],[2.349257,46.898411],[2.348535,46.897692],[2.347878,46.897511],[2.34486,46.897287],[2.343679,46.897061],[2.340422,46.896132],[2.340071,46.895805],[2.340231,46.895166],[2.339478,46.895443],[2.338757,46.896388],[2.33856,46.896388],[2.334753,46.894678],[2.333772,46.892976],[2.333837,46.891335],[2.333207,46.891073],[2.332428,46.890076],[2.331115,46.889574],[2.329911,46.888592],[2.329614,46.888543],[2.324607,46.883186],[2.322573,46.880259],[2.322242,46.879279],[2.322227,46.878192],[2.321934,46.877526],[2.319817,46.875499],[2.318277,46.875055],[2.314219,46.875113],[2.31228,46.874464],[2.30984,46.874898],[2.309156,46.873739],[2.308938,46.872636],[2.305454,46.870312],[2.302842,46.868841],[2.30205,46.86868],[2.301924,46.868303],[2.300578,46.867916],[2.298589,46.867006],[2.29579,46.864577],[2.294501,46.863061],[2.293248,46.863961],[2.290872,46.864914],[2.287143,46.867224],[2.286547,46.8674],[2.285973,46.868145],[2.284954,46.868673],[2.2845,46.869164],[2.284157,46.869741],[2.284277,46.870484],[2.283522,46.8715],[2.282113,46.871929],[2.27854,46.874191],[2.276446,46.875001],[2.275189,46.875118],[2.274865,46.875274],[2.272108,46.877522],[2.271845,46.878422],[2.271253,46.878871],[2.267971,46.880488],[2.26285,46.883499],[2.26134,46.884172],[2.260094,46.884487],[2.257469,46.884709],[2.25714,46.884979],[2.255939,46.887202],[2.25478,46.880831],[2.243777,46.873768],[2.24089,46.873092],[2.226388,46.876047],[2.223043,46.875819],[2.221075,46.876447],[2.219302,46.876715],[2.214382,46.877025],[2.213397,46.877249],[2.212762,46.877703],[2.212095,46.87859],[2.211291,46.879141],[2.210462,46.879465],[2.209467,46.880325],[2.208359,46.880553],[2.207333,46.881025],[2.205915,46.881315],[2.203339,46.881165],[2.2014,46.882798],[2.200358,46.883404],[2.200063,46.884161],[2.198813,46.885734],[2.198353,46.885778],[2.197633,46.885552],[2.197042,46.885552],[2.196533,46.885865],[2.194936,46.887856],[2.195067,46.887978],[2.193997,46.895804],[2.193322,46.903045],[2.192138,46.903719],[2.190822,46.904886],[2.190756,46.905156],[2.191481,46.906236],[2.192997,46.907713],[2.19206,46.908532],[2.191791,46.909601],[2.192121,46.910896],[2.191907,46.911737],[2.191505,46.912167],[2.190272,46.912393],[2.189753,46.91266],[2.189154,46.912579],[2.188877,46.912366],[2.187077,46.912424],[2.185622,46.913111],[2.185186,46.913504],[2.184763,46.914225],[2.18474,46.915116],[2.183019,46.915045],[2.182411,46.915201],[2.180228,46.914678],[2.171901,46.911293],[2.170667,46.907063],[2.162398,46.906646],[2.162004,46.906691],[2.160624,46.907318],[2.158716,46.908395],[2.156873,46.910236],[2.155622,46.911089],[2.151014,46.915085],[2.149041,46.916341],[2.146738,46.917596],[2.14641,46.917641],[2.146017,46.917505],[2.142627,46.917228],[2.123186,46.916705],[2.111331,46.913344],[2.110323,46.913167],[2.096579,46.918807],[2.094207,46.920512],[2.09335,46.921409],[2.08729,46.925534],[2.086106,46.926162],[2.080843,46.928354],[2.070703,46.933998],[2.070372,46.934403],[2.07001,46.941149],[2.072017,46.947271],[2.070193,46.954354],[2.073591,46.954845],[2.079041,46.955874],[2.080626,46.95634],[2.081365,46.956648],[2.083657,46.958183],[2.087459,46.9599],[2.088246,46.960442],[2.090005,46.963505],[2.090719,46.965575],[2.090904,46.968095],[2.089981,46.968677],[2.087604,46.971282],[2.086675,46.973169],[2.086674,46.973528],[2.087066,46.973979],[2.089228,46.975198],[2.089752,46.975649],[2.090534,46.977],[2.091582,46.977902],[2.093484,46.978716],[2.094008,46.979347],[2.094373,46.979887],[2.096282,46.985199],[2.09628,46.985603],[2.095818,46.985917],[2.092209,46.98696],[2.091878,46.98826],[2.094561,46.989904],[2.095004,46.989687],[2.09685,46.990492],[2.099552,46.99225],[2.100356,46.993995],[2.101165,46.994207],[2.101743,46.994075],[2.102756,46.994263],[2.10357,46.99487],[2.104679,46.995219],[2.105979,46.996003],[2.108874,46.997158],[2.106143,47.000153],[2.10574,47.001996],[2.104812,47.003928],[2.105139,47.004199],[2.105137,47.004469],[2.104015,47.005546],[2.103612,47.006495],[2.101748,47.007852],[2.10075,47.009178],[2.100512,47.009857],[2.098996,47.010709],[2.097873,47.011561],[2.093383,47.015735],[2.090615,47.016853],[2.086737,47.01635],[2.086015,47.016123],[2.085613,47.017562],[2.083439,47.018547],[2.082894,47.018639],[2.082034,47.021127],[2.081552,47.021624],[2.080711,47.022234],[2.080056,47.022111],[2.079517,47.021801],[2.078426,47.021806],[2.077774,47.022678],[2.076504,47.023716],[2.075177,47.025489],[2.074591,47.025885],[2.073615,47.025919],[2.070665,47.026838],[2.070148,47.026729],[2.069465,47.0262],[2.069005,47.02611],[2.068115,47.02624],[2.067678,47.026167],[2.066428,47.026464],[2.065265,47.027499],[2.06384,47.028002],[2.063086,47.028698],[2.062849,47.029717],[2.06293,47.030746],[2.062642,47.031255],[2.061358,47.031451],[2.06052,47.03191],[2.059861,47.033621],[2.05907,47.034051],[2.059356,47.034193],[2.059962,47.034122],[2.0602,47.034233],[2.060354,47.034667],[2.060081,47.035092],[2.05944,47.035202],[2.05865,47.035861],[2.057841,47.035939],[2.057851,47.036999],[2.057505,47.037269],[2.056315,47.03754],[2.056016,47.036988],[2.054617,47.037065],[2.053678,47.037968],[2.053032,47.038342],[2.054261,47.03912],[2.054957,47.039181],[2.055498,47.039948],[2.057915,47.039722],[2.059404,47.040232],[2.062816,47.040981],[2.064231,47.041735],[2.066265,47.042001],[2.066742,47.042529],[2.067337,47.042791],[2.069096,47.042611],[2.072118,47.042681],[2.074201,47.043171],[2.075953,47.043224],[2.07766,47.043992],[2.080684,47.04472],[2.084892,47.045223],[2.08884,47.045367],[2.089226,47.045022],[2.090372,47.045107],[2.093341,47.044546],[2.095719,47.044557],[2.099699,47.044307],[2.101939,47.044346],[2.102353,47.043929],[2.103907,47.043079],[2.105673,47.042486],[2.107907,47.042131],[2.111585,47.041872],[2.11427,47.039443],[2.11756,47.04106],[2.118684,47.040846],[2.119342,47.041112],[2.120861,47.041255],[2.122722,47.041972],[2.126477,47.042635],[2.125363,47.0449],[2.124962,47.046564],[2.124886,47.048725],[2.124554,47.049622],[2.126018,47.049356],[2.127688,47.050291],[2.129021,47.051564],[2.129474,47.052148],[2.130733,47.056221],[2.132557,47.056294],[2.135976,47.057738],[2.13821,47.058463],[2.139723,47.058735],[2.141321,47.058815],[2.141314,47.059902],[2.141864,47.060279],[2.142203,47.060247],[2.142494,47.059547],[2.143504,47.059691],[2.145105,47.060199],[2.148174,47.060414],[2.149288,47.061012],[2.149585,47.062125],[2.148058,47.065766],[2.148037,47.066685],[2.156144,47.074097],[2.157303,47.071345],[2.15814,47.071097],[2.159286,47.07104],[2.159443,47.069696],[2.159868,47.069067],[2.161567,47.069],[2.164448,47.069646],[2.166319,47.069688],[2.16629,47.067239],[2.166705,47.066078],[2.166133,47.064862],[2.166385,47.063861],[2.169089,47.062389],[2.16951,47.062688],[2.171323,47.063075],[2.171984,47.062834],[2.172756,47.063422],[2.173718,47.063274],[2.173013,47.062501],[2.176982,47.060604],[2.181785,47.060541],[2.180576,47.057831],[2.182953,47.05661],[2.183982,47.056344],[2.185647,47.055539],[2.184869,47.054818],[2.185182,47.054006],[2.185163,47.053476],[2.184969,47.053526],[2.18417,47.052678],[2.183226,47.052149],[2.183547,47.05097],[2.184519,47.050323],[2.184931,47.048971],[2.186389,47.048722],[2.187451,47.048068],[2.187674,47.046587],[2.187112,47.045967],[2.18708,47.045606],[2.187338,47.045241],[2.188511,47.044488],[2.189978,47.042336]]]}},{"type":"Feature","properties":{"uai_primary":"0180031L","uai_all":"0180031L","is_merged":false},"geometry":{"type":"Polygon","coordinates":[[[2.899289,47.312776],[2.907769,47.310991],[2.909285,47.310533],[2.910798,47.309806],[2.912309,47.308854],[2.914735,47.306954],[2.916895,47.304918],[2.927859,47.297846],[2.928515,47.297303],[2.93223,47.292516],[2.940089,47.285953],[2.941731,47.285046],[2.944967,47.284713],[2.945756,47.284349],[2.947464,47.283441],[2.953436,47.279721],[2.955478,47.279126],[2.956782,47.277634],[2.957372,47.277226],[2.959082,47.276497],[2.963744,47.273818],[2.973545,47.269941],[2.947976,47.268597],[2.943601,47.26769],[2.935301,47.265603],[2.928484,47.264694],[2.92696,47.264252],[2.925571,47.263383],[2.922185,47.262747],[2.9227,47.262259],[2.922335,47.261882],[2.920747,47.261474],[2.921359,47.260858],[2.919425,47.26047],[2.919794,47.260145],[2.917647,47.258542],[2.917579,47.258407],[2.918497,47.257728],[2.91696,47.256315],[2.916736,47.255837],[2.916151,47.255617],[2.913252,47.25537],[2.911457,47.254255],[2.910277,47.255116],[2.908762,47.254538],[2.907805,47.255099],[2.907263,47.255736],[2.907307,47.256881],[2.907003,47.257035],[2.904681,47.256037],[2.901957,47.25605],[2.90171,47.255356],[2.901052,47.255194],[2.900782,47.254829],[2.90022,47.254603],[2.899938,47.253172],[2.900059,47.252758],[2.898704,47.250688],[2.898569,47.250033],[2.897711,47.248608],[2.897387,47.247283],[2.896815,47.246879],[2.896838,47.246222],[2.896439,47.245905],[2.89667,47.245644],[2.896717,47.244611],[2.897015,47.244109],[2.896812,47.243372],[2.896332,47.243438],[2.895962,47.24332],[2.896244,47.242276],[2.8957,47.241483],[2.896093,47.24051],[2.895939,47.239198],[2.896103,47.23878],[2.895846,47.238299],[2.896035,47.237305],[2.895877,47.235242],[2.896617,47.233851],[2.899532,47.22994],[2.900153,47.228583],[2.901064,47.227229],[2.89992,47.225211],[2.892272,47.213508],[2.888936,47.210196],[2.887917,47.207367],[2.887912,47.206782],[2.888892,47.205923],[2.889551,47.205695],[2.893636,47.205135],[2.901807,47.202445],[2.901739,47.202173],[2.901263,47.202105],[2.900613,47.201713],[2.900778,47.201362],[2.899675,47.20106],[2.899682,47.200909],[2.900157,47.200895],[2.899214,47.200289],[2.899519,47.200092],[2.899413,47.199871],[2.898656,47.199911],[2.898235,47.19972],[2.897843,47.199872],[2.897377,47.199777],[2.897699,47.199209],[2.893599,47.198082],[2.894699,47.196974],[2.894865,47.196491],[2.893073,47.195422],[2.892411,47.195155],[2.882158,47.192641],[2.876174,47.194739],[2.872957,47.196328],[2.872763,47.196779],[2.864719,47.204147],[2.858505,47.20314],[2.855724,47.209045],[2.852107,47.210456],[2.85145,47.210864],[2.850736,47.212036],[2.848571,47.213395],[2.847715,47.213669],[2.845741,47.213704],[2.843941,47.213122],[2.842696,47.213345],[2.842059,47.213769],[2.841785,47.214865],[2.840108,47.216059],[2.839558,47.216778],[2.839806,47.216904],[2.837355,47.221181],[2.836971,47.222443],[2.83635,47.226628],[2.835554,47.227685],[2.835273,47.227979],[2.835004,47.227847],[2.834396,47.228237],[2.833723,47.228316],[2.832861,47.229141],[2.822296,47.235721],[2.82023,47.232859],[2.818819,47.230301],[2.814877,47.225458],[2.813539,47.22566],[2.812243,47.226242],[2.807428,47.219013],[2.78946,47.209284],[2.78732,47.208598],[2.780597,47.204027],[2.776001,47.199957],[2.774973,47.19934],[2.773915,47.198435],[2.773846,47.197421],[2.758201,47.194931],[2.75843,47.197291],[2.75778,47.198945],[2.758458,47.20004],[2.759599,47.206605],[2.757954,47.20724],[2.756371,47.207381],[2.757501,47.208412],[2.752223,47.208611],[2.751036,47.20884],[2.749591,47.209744],[2.748152,47.210245],[2.746508,47.210174],[2.744475,47.210588],[2.742348,47.212065],[2.739116,47.212526],[2.736253,47.213479],[2.732697,47.217493],[2.732198,47.217858],[2.732538,47.217949],[2.733115,47.218632],[2.734027,47.219298],[2.734037,47.221943],[2.73345,47.222668],[2.736095,47.226844],[2.735992,47.227199],[2.735729,47.227291],[2.736647,47.230564],[2.73705,47.231207],[2.736749,47.23138],[2.737155,47.232638],[2.737033,47.233898],[2.736571,47.234034],[2.736309,47.23435],[2.736124,47.235226],[2.733789,47.237638],[2.729214,47.238652],[2.728021,47.239149],[2.727015,47.239939],[2.725986,47.240336],[2.725597,47.24066],[2.724875,47.240859],[2.723974,47.241762],[2.7227,47.242657],[2.718473,47.247067],[2.715537,47.247869],[2.71472,47.249614],[2.71232,47.25289],[2.71002,47.254788],[2.708353,47.255453],[2.707429,47.256032],[2.706911,47.25673],[2.706189,47.257223],[2.705395,47.258513],[2.704373,47.258744],[2.703895,47.259579],[2.70376,47.260849],[2.704011,47.262299],[2.703749,47.262569],[2.706659,47.2631],[2.710371,47.264172],[2.714049,47.264758],[2.712889,47.265488],[2.712797,47.2661],[2.71487,47.267671],[2.716303,47.26964],[2.717109,47.270086],[2.718544,47.2705],[2.718833,47.271317],[2.718615,47.27184],[2.720877,47.271853],[2.72113,47.27281],[2.722748,47.272763],[2.724936,47.272917],[2.725103,47.273804],[2.726414,47.275232],[2.73066,47.276848],[2.734137,47.281135],[2.734219,47.281549],[2.733659,47.283216],[2.733711,47.284599],[2.730475,47.284926],[2.730344,47.28515],[2.730817,47.286588],[2.732712,47.287668],[2.732501,47.288461],[2.733318,47.289012],[2.729654,47.289777],[2.727953,47.290681],[2.727008,47.290743],[2.723722,47.292004],[2.722537,47.291587],[2.721799,47.291584],[2.721412,47.291727],[2.719672,47.293574],[2.7193,47.294201],[2.71884,47.29405],[2.716867,47.295406],[2.716478,47.296622],[2.715677,47.297411],[2.715903,47.298708],[2.71546,47.299083],[2.715058,47.300312],[2.713986,47.300452],[2.713741,47.300862],[2.713227,47.301006],[2.712394,47.30245],[2.71232,47.303318],[2.71296,47.304009],[2.713028,47.304324],[2.712703,47.305],[2.712024,47.305535],[2.710852,47.305544],[2.710296,47.305798],[2.709284,47.305928],[2.708976,47.30621],[2.708316,47.306367],[2.708194,47.306634],[2.708486,47.306999],[2.708324,47.307504],[2.706901,47.307875],[2.706986,47.308212],[2.706742,47.308579],[2.706453,47.308664],[2.706478,47.309226],[2.706088,47.309607],[2.706297,47.310069],[2.697803,47.311704],[2.69061,47.313885],[2.687723,47.315009],[2.681885,47.316812],[2.680998,47.316913],[2.678335,47.31761],[2.678104,47.31846],[2.67714,47.318518],[2.675932,47.31832],[2.67585,47.318196],[2.675117,47.318202],[2.672993,47.318617],[2.669975,47.318723],[2.666783,47.319409],[2.665964,47.320774],[2.664541,47.321382],[2.664226,47.322039],[2.662049,47.321877],[2.660713,47.324182],[2.659264,47.325222],[2.657483,47.326098],[2.657992,47.326617],[2.655087,47.327876],[2.653001,47.328452],[2.653669,47.328667],[2.654208,47.329063],[2.652519,47.331575],[2.65012,47.332582],[2.649493,47.333283],[2.648198,47.33401],[2.64325,47.330516],[2.64197,47.331835],[2.641161,47.333322],[2.640394,47.333958],[2.63715,47.334442],[2.633066,47.336979],[2.631201,47.337058],[2.630085,47.338548],[2.629888,47.339184],[2.630187,47.340239],[2.631022,47.341824],[2.631114,47.343201],[2.63073,47.345835],[2.630908,47.34712],[2.629952,47.347788],[2.629443,47.348503],[2.631869,47.349134],[2.628819,47.355212],[2.628767,47.359282],[2.624974,47.361936],[2.620833,47.360892],[2.617202,47.364641],[2.616673,47.364687],[2.615149,47.364376],[2.611644,47.365104],[2.60755,47.367182],[2.604979,47.369167],[2.604777,47.369563],[2.602364,47.370973],[2.60071,47.37123],[2.598688,47.37198],[2.597053,47.372025],[2.593772,47.372518],[2.597905,47.382734],[2.597569,47.384198],[2.602429,47.386527],[2.603609,47.386876],[2.603823,47.388014],[2.604434,47.389158],[2.604318,47.390574],[2.604466,47.391879],[2.60559,47.392917],[2.606335,47.39314],[2.606798,47.393577],[2.607591,47.39463],[2.608114,47.39578],[2.610688,47.397951],[2.61094,47.399026],[2.613803,47.400068],[2.61536,47.400956],[2.616421,47.401853],[2.616952,47.402758],[2.619487,47.404683],[2.619634,47.405147],[2.620061,47.405476],[2.622601,47.406341],[2.625313,47.406538],[2.625924,47.406733],[2.628068,47.406945],[2.631614,47.408081],[2.632587,47.408241],[2.634756,47.409309],[2.635184,47.409997],[2.635724,47.410361],[2.636511,47.410429],[2.637746,47.410925],[2.641145,47.411681],[2.641569,47.412148],[2.642049,47.412008],[2.642502,47.412065],[2.642743,47.412338],[2.643496,47.412414],[2.644101,47.412846],[2.64579,47.413018],[2.648287,47.413586],[2.648566,47.413494],[2.651042,47.413698],[2.652588,47.414291],[2.653604,47.414415],[2.655646,47.415042],[2.655195,47.415907],[2.655229,47.416419],[2.654766,47.417033],[2.654095,47.417238],[2.653701,47.417674],[2.653725,47.418019],[2.653405,47.418258],[2.653419,47.418757],[2.652996,47.419068],[2.652608,47.419909],[2.652302,47.420756],[2.65247,47.421041],[2.652035,47.421717],[2.650885,47.421634],[2.650727,47.421752],[2.650694,47.422169],[2.651244,47.422856],[2.651136,47.423087],[2.650456,47.423327],[2.650668,47.42355],[2.651213,47.423569],[2.651387,47.42375],[2.651292,47.423992],[2.65041,47.424397],[2.650623,47.424964],[2.650108,47.425053],[2.650802,47.425801],[2.650616,47.426075],[2.649276,47.426725],[2.648429,47.427004],[2.647878,47.426963],[2.647543,47.427155],[2.646907,47.427089],[2.646565,47.426818],[2.646629,47.426592],[2.644756,47.426788],[2.644463,47.426451],[2.643987,47.426439],[2.643222,47.426821],[2.64206,47.426794],[2.641199,47.427291],[2.641014,47.427664],[2.640723,47.427426],[2.640236,47.427399],[2.63999,47.427927],[2.639327,47.427873],[2.638603,47.428036],[2.638801,47.428303],[2.638626,47.428506],[2.638742,47.428857],[2.638348,47.429098],[2.638559,47.429449],[2.64189,47.431963],[2.645647,47.433109],[2.654175,47.43616],[2.670698,47.437605],[2.670872,47.436769],[2.672259,47.435151],[2.675227,47.432714],[2.682427,47.428915],[2.683882,47.428416],[2.694072,47.425956],[2.703606,47.424577],[2.708011,47.423513],[2.713657,47.423889],[2.717474,47.423445],[2.717795,47.424238],[2.718764,47.424457],[2.719595,47.427004],[2.718348,47.427534],[2.718685,47.429518],[2.718565,47.431185],[2.719475,47.431761],[2.719132,47.43232],[2.718975,47.433641],[2.719425,47.434908],[2.720297,47.435176],[2.720204,47.435595],[2.72052,47.436627],[2.721615,47.437061],[2.72278,47.436748],[2.723775,47.436744],[2.724371,47.436563],[2.724928,47.437202],[2.725195,47.438525],[2.725144,47.438704],[2.724304,47.439101],[2.72674,47.439817],[2.728095,47.440406],[2.73669,47.445053],[2.737978,47.447895],[2.740576,47.44937],[2.742058,47.450912],[2.741287,47.451357],[2.744186,47.454192],[2.745894,47.454016],[2.751202,47.45386],[2.753234,47.453504],[2.756762,47.452581],[2.76225,47.451977],[2.762781,47.451693],[2.76541,47.450988],[2.765771,47.450664],[2.766819,47.450582],[2.769291,47.449278],[2.773711,47.447361],[2.774769,47.447131],[2.777595,47.447526],[2.778897,47.445756],[2.77961,47.444311],[2.780167,47.442498],[2.780579,47.442018],[2.780806,47.440889],[2.7814,47.440172],[2.780408,47.439417],[2.780327,47.438997],[2.779791,47.438407],[2.780205,47.437765],[2.776037,47.436466],[2.777752,47.43481],[2.778128,47.43364],[2.779413,47.432385],[2.779532,47.430999],[2.781657,47.429096],[2.781921,47.427763],[2.78278,47.426527],[2.781747,47.425266],[2.781273,47.424377],[2.779677,47.423071],[2.778689,47.421847],[2.778561,47.421453],[2.77876,47.419017],[2.776818,47.418768],[2.773444,47.417263],[2.77738,47.415807],[2.778206,47.414808],[2.779231,47.413834],[2.779859,47.413476],[2.781011,47.412258],[2.781094,47.41192],[2.780781,47.410808],[2.781068,47.409273],[2.783896,47.406158],[2.786134,47.403192],[2.786279,47.402532],[2.785825,47.401243],[2.784859,47.39981],[2.784226,47.397999],[2.783604,47.393712],[2.782382,47.390381],[2.784626,47.390212],[2.787949,47.390779],[2.78913,47.390823],[2.792665,47.389538],[2.793505,47.38878],[2.793196,47.388077],[2.792177,47.386864],[2.797695,47.385826],[2.801592,47.385784],[2.801768,47.385579],[2.802076,47.382672],[2.803088,47.38182],[2.805548,47.381587],[2.809628,47.381489],[2.811203,47.381915],[2.812086,47.381776],[2.814274,47.38251],[2.81541,47.382609],[2.816634,47.383183],[2.818219,47.383633],[2.82021,47.383984],[2.821742,47.384043],[2.821978,47.383704],[2.823422,47.385324],[2.828073,47.387482],[2.830318,47.388],[2.833638,47.388065],[2.834058,47.388335],[2.834253,47.388835],[2.834847,47.389024],[2.835518,47.389508],[2.837282,47.390045],[2.838332,47.390085],[2.846198,47.39177],[2.848378,47.391957],[2.850158,47.391592],[2.854597,47.391912],[2.854525,47.392118],[2.855699,47.395171],[2.854458,47.398723],[2.852794,47.401182],[2.859619,47.404906],[2.863609,47.40734],[2.864743,47.407396],[2.865004,47.408011],[2.866249,47.407436],[2.868513,47.406712],[2.86983,47.406518],[2.874274,47.407038],[2.875635,47.407758],[2.877139,47.408138],[2.878164,47.408985],[2.878779,47.408361],[2.879056,47.407555],[2.882581,47.409016],[2.885007,47.409389],[2.888163,47.40913],[2.895208,47.410969],[2.897406,47.410736],[2.898822,47.410222],[2.899671,47.410084],[2.902219,47.409843],[2.903742,47.409854],[2.90637,47.409228],[2.919767,47.410466],[2.919467,47.407274],[2.918455,47.405525],[2.914231,47.400959],[2.909736,47.395674],[2.906332,47.393216],[2.904444,47.390123],[2.901555,47.386269],[2.899661,47.382545],[2.898295,47.378594],[2.896127,47.373882],[2.895249,47.372177],[2.893775,47.370564],[2.892761,47.36859],[2.891154,47.366799],[2.886924,47.361017],[2.88532,47.359585],[2.883457,47.358605],[2.880257,47.356416],[2.879705,47.35417],[2.878966,47.353139],[2.875162,47.350053],[2.873492,47.348397],[2.871612,47.345752],[2.870394,47.343149],[2.869644,47.340859],[2.869541,47.339905],[2.869948,47.338248],[2.871728,47.337565],[2.872313,47.336573],[2.87442,47.335015],[2.872901,47.333428],[2.872355,47.332532],[2.873474,47.330685],[2.873875,47.329139],[2.876572,47.321873],[2.885467,47.316047],[2.899289,47.312776]]]}},{"type":"Feature","properties":{"uai_primary":"0180033N","uai_all":"0180033N","is_merged":false},"geometry":{"type":"Polygon","coordinates":[[[2.909332,46.88911],[2.910037,46.889949],[2.910634,46.89017],[2.911503,46.890883],[2.912962,46.891199],[2.913618,46.891111],[2.913845,46.891335],[2.914523,46.891543],[2.916627,46.892024],[2.921495,46.892242],[2.92294,46.89212],[2.923576,46.891836],[2.924305,46.891846],[2.924856,46.892037],[2.928493,46.892364],[2.92865,46.89306],[2.929851,46.894193],[2.930919,46.894275],[2.93232,46.894915],[2.932658,46.894876],[2.933669,46.894135],[2.934882,46.893809],[2.93532,46.894703],[2.935747,46.894819],[2.936144,46.894418],[2.936247,46.89402],[2.935686,46.893857],[2.93618,46.893238],[2.937161,46.892853],[2.938941,46.892505],[2.939652,46.891897],[2.939788,46.891138],[2.938898,46.88731],[2.939559,46.887201],[2.94021,46.886702],[2.940396,46.885802],[2.944067,46.886004],[2.947018,46.885234],[2.948782,46.883328],[2.949588,46.881591],[2.950975,46.880148],[2.952522,46.878821],[2.954995,46.877464],[2.960026,46.880635],[2.963218,46.881125],[2.965098,46.877348],[2.965352,46.876391],[2.96325,46.875784],[2.963763,46.874209],[2.963023,46.87376],[2.962935,46.872743],[2.962617,46.872756],[2.962758,46.872028],[2.978476,46.86771],[2.980522,46.870572],[2.981658,46.871158],[2.984023,46.871791],[2.98526,46.87229],[2.986395,46.873014],[2.986852,46.873518],[2.987015,46.87498],[2.983253,46.877421],[2.984578,46.878704],[2.98745,46.87864],[2.985029,46.885367],[2.988552,46.886205],[2.991573,46.886637],[2.992831,46.886642],[2.992934,46.884478],[2.996222,46.885045],[2.99623,46.884577],[2.995161,46.882942],[2.99665,46.882315],[2.996535,46.882147],[2.99779,46.881613],[2.997955,46.881738],[3.000691,46.880385],[3.002185,46.879117],[3.002382,46.879116],[3.003175,46.879606],[3.00484,46.881711],[3.006168,46.882962],[3.006885,46.883278],[3.007028,46.883994],[3.00748,46.884019],[3.007698,46.884573],[3.00912,46.885837],[3.014134,46.888498],[3.01655,46.888216],[3.017597,46.888378],[3.018754,46.888161],[3.02087,46.888499],[3.024709,46.88869],[3.026836,46.889033],[3.029593,46.888975],[3.030788,46.888024],[3.031657,46.887655],[3.031714,46.887046],[3.032359,46.887063],[3.036844,46.888177],[3.038805,46.889531],[3.040174,46.889947],[3.042328,46.890075],[3.046622,46.890614],[3.047545,46.890909],[3.048042,46.8913],[3.049156,46.892761],[3.050674,46.893871],[3.051119,46.894034],[3.051494,46.89354],[3.051972,46.893352],[3.052322,46.892635],[3.052702,46.892619],[3.053157,46.89289],[3.053989,46.892772],[3.054822,46.892893],[3.055724,46.893295],[3.061145,46.897382],[3.06176,46.894072],[3.0623,46.892596],[3.06285,46.891778],[3.063362,46.88995],[3.063414,46.888866],[3.065663,46.884015],[3.066502,46.883175],[3.066477,46.880809],[3.066792,46.879288],[3.067841,46.878132],[3.068001,46.877637],[3.068133,46.876807],[3.067816,46.876378],[3.067794,46.874251],[3.066157,46.871479],[3.065811,46.870177],[3.065422,46.869807],[3.065265,46.864442],[3.065348,46.863573],[3.065986,46.862219],[3.066873,46.859352],[3.067733,46.85834],[3.068132,46.857487],[3.068637,46.854646],[3.069534,46.853065],[3.068911,46.85073],[3.068447,46.849872],[3.067102,46.847818],[3.066018,46.846577],[3.065198,46.846158],[3.063532,46.845681],[3.057925,46.843153],[3.056945,46.842496],[3.055668,46.841052],[3.054797,46.839664],[3.054589,46.838765],[3.054769,46.837979],[3.055624,46.837438],[3.056306,46.835951],[3.058174,46.83289],[3.058491,46.831588],[3.059004,46.830686],[3.059378,46.829288],[3.059205,46.826639],[3.057878,46.825309],[3.051587,46.820071],[3.042808,46.814297],[3.041338,46.813027],[3.040333,46.811279],[3.039067,46.809621],[3.037697,46.808351],[3.037292,46.807045],[3.037238,46.804981],[3.035249,46.803212],[3.03478,46.802495],[3.032589,46.800214],[3.031965,46.79743],[3.032279,46.796393],[3.032063,46.794909],[3.02973,46.79429],[3.028132,46.793295],[3.026999,46.793366],[3.025055,46.793983],[3.025269,46.79467],[3.024741,46.795396],[3.02164,46.798124],[3.02091,46.798648],[3.017297,46.799942],[3.016214,46.799924],[3.011462,46.799155],[3.006316,46.798733],[3.005258,46.798318],[2.996486,46.796707],[2.992202,46.796968],[2.990172,46.79862],[2.987912,46.800981],[2.986464,46.801681],[2.983313,46.802757],[2.977669,46.803833],[2.967677,46.804046],[2.962796,46.803969],[2.960552,46.803698],[2.959613,46.804287],[2.959602,46.802886],[2.958684,46.801344],[2.958484,46.800492],[2.958492,46.800258],[2.958972,46.799842],[2.959122,46.799186],[2.955927,46.797396],[2.953553,46.797159],[2.953606,46.794863],[2.953179,46.793193],[2.953307,46.79194],[2.953031,46.791028],[2.95191,46.79096],[2.95034,46.791103],[2.947798,46.79087],[2.947092,46.790652],[2.941445,46.795125],[2.939963,46.79316],[2.937816,46.795714],[2.936136,46.794997],[2.934727,46.794623],[2.93427,46.79516],[2.932016,46.795404],[2.931922,46.795745],[2.931528,46.795746],[2.930422,46.795444],[2.927587,46.795002],[2.92551,46.794333],[2.925136,46.794971],[2.924522,46.79445],[2.922988,46.794219],[2.922629,46.793962],[2.921259,46.793524],[2.921033,46.79324],[2.920253,46.792942],[2.91658,46.792017],[2.916248,46.791604],[2.913346,46.791033],[2.912764,46.790341],[2.910668,46.788638],[2.908488,46.787907],[2.90817,46.787498],[2.908127,46.786176],[2.908927,46.785128],[2.908814,46.784114],[2.911176,46.781886],[2.911847,46.780856],[2.911832,46.780312],[2.911317,46.779716],[2.910676,46.77941],[2.908855,46.779185],[2.90758,46.778855],[2.905107,46.777384],[2.901185,46.775769],[2.898729,46.775623],[2.896057,46.775245],[2.894979,46.774608],[2.893799,46.773219],[2.892845,46.772571],[2.891177,46.772239],[2.888724,46.772304],[2.882109,46.770473],[2.880699,46.770209],[2.879571,46.769705],[2.878305,46.769547],[2.876565,46.768804],[2.876169,46.768446],[2.877016,46.761468],[2.876671,46.761099],[2.873869,46.759173],[2.873127,46.758829],[2.871366,46.758341],[2.87018,46.758318],[2.869019,46.756819],[2.861198,46.754486],[2.844591,46.742274],[2.844028,46.740972],[2.843754,46.739669],[2.843812,46.738904],[2.844703,46.736201],[2.844677,46.733367],[2.846151,46.730031],[2.846136,46.728213],[2.84676,46.727168],[2.845402,46.726675],[2.844109,46.726886],[2.842303,46.726866],[2.841385,46.727029],[2.840494,46.727753],[2.839919,46.727993],[2.837389,46.728213],[2.834967,46.727924],[2.833749,46.728819],[2.832825,46.730534],[2.82823,46.734194],[2.826631,46.736577],[2.825922,46.737991],[2.825225,46.738676],[2.824011,46.740823],[2.822313,46.74238],[2.821347,46.744201],[2.819764,46.74566],[2.817468,46.745007],[2.813553,46.746701],[2.812542,46.746956],[2.811565,46.747589],[2.811177,46.747996],[2.811585,46.749748],[2.810177,46.753398],[2.80966,46.75412],[2.808879,46.754753],[2.807251,46.75557],[2.804662,46.758908],[2.802334,46.7603],[2.800108,46.762121],[2.798744,46.763476],[2.79633,46.764521],[2.794333,46.76568],[2.794151,46.766029],[2.79216,46.766742],[2.789426,46.768642],[2.789165,46.768687],[2.788967,46.768554],[2.786811,46.769102],[2.783411,46.76961],[2.779808,46.769399],[2.779432,46.769511],[2.778946,46.770258],[2.777536,46.771572],[2.776818,46.771885],[2.77519,46.773015],[2.774276,46.773424],[2.772577,46.77379],[2.770548,46.773887],[2.769438,46.774207],[2.768198,46.774797],[2.765201,46.776652],[2.763262,46.777075],[2.760251,46.778328],[2.759543,46.77956],[2.757785,46.780811],[2.756871,46.782137],[2.753614,46.784184],[2.754553,46.785402],[2.755399,46.787123],[2.756636,46.78813],[2.75832,46.788841],[2.758486,46.78922],[2.758408,46.789866],[2.758171,46.790218],[2.756736,46.791168],[2.754352,46.792396],[2.753996,46.794421],[2.750497,46.797275],[2.749158,46.798608],[2.748337,46.799781],[2.746951,46.801027],[2.746427,46.801854],[2.745924,46.803637],[2.745016,46.805109],[2.746358,46.805658],[2.749502,46.807431],[2.750775,46.807962],[2.752359,46.812712],[2.750997,46.81232],[2.750287,46.813012],[2.749774,46.814135],[2.749712,46.814719],[2.750967,46.815929],[2.751757,46.816377],[2.754264,46.817067],[2.753761,46.817863],[2.752505,46.821122],[2.750902,46.823108],[2.749524,46.826119],[2.746385,46.829255],[2.743896,46.830403],[2.741809,46.832925],[2.74223,46.833392],[2.742174,46.833852],[2.741821,46.833985],[2.741813,46.83414],[2.74256,46.836855],[2.74073,46.840257],[2.741604,46.843088],[2.741546,46.844212],[2.743105,46.84534],[2.740741,46.846035],[2.740907,46.846414],[2.740655,46.847454],[2.741139,46.847541],[2.74287,46.846782],[2.745398,46.84662],[2.746099,46.84802],[2.746758,46.848513],[2.74764,46.84885],[2.747966,46.851215],[2.746688,46.85343],[2.74904,46.854011],[2.750021,46.85239],[2.751316,46.852815],[2.752356,46.851776],[2.752882,46.851864],[2.753466,46.851188],[2.75484,46.850687],[2.755819,46.850099],[2.756734,46.849097],[2.758262,46.847981],[2.760289,46.847196],[2.762621,46.84805],[2.763343,46.848092],[2.763587,46.84745],[2.764484,46.847769],[2.765583,46.848899],[2.767063,46.849725],[2.769446,46.848744],[2.771271,46.847388],[2.771533,46.847432],[2.772854,46.848596],[2.77102,46.848873],[2.771489,46.850086],[2.771166,46.850671],[2.772561,46.85296],[2.772824,46.85296],[2.777135,46.851054],[2.779297,46.854379],[2.779126,46.854927],[2.781532,46.856466],[2.779683,46.857926],[2.778328,46.860631],[2.782074,46.861516],[2.783978,46.861823],[2.785232,46.862718],[2.785154,46.863211],[2.785594,46.864109],[2.784128,46.86538],[2.780794,46.867156],[2.781468,46.868118],[2.783405,46.869347],[2.784,46.869458],[2.787157,46.873326],[2.787945,46.873458],[2.790033,46.872145],[2.793411,46.871145],[2.794371,46.870706],[2.798092,46.869721],[2.798877,46.870336],[2.799723,46.870128],[2.800519,46.871069],[2.800653,46.871473],[2.800458,46.871609],[2.802058,46.873356],[2.805182,46.875919],[2.807847,46.876482],[2.809688,46.877059],[2.811601,46.878221],[2.812508,46.878927],[2.812797,46.879432],[2.81332,46.879743],[2.816543,46.880674],[2.81609,46.881306],[2.817671,46.882019],[2.819574,46.882056],[2.820822,46.882275],[2.821871,46.882227],[2.822787,46.881998],[2.824614,46.880955],[2.825009,46.880999],[2.829288,46.882555],[2.829909,46.882114],[2.839903,46.885737],[2.840469,46.88552],[2.841247,46.884662],[2.842433,46.885151],[2.842891,46.884969],[2.843876,46.88519],[2.844999,46.885815],[2.845078,46.887344],[2.84537,46.887726],[2.856635,46.891987],[2.857845,46.892847],[2.855146,46.893867],[2.852307,46.896282],[2.852975,46.896665],[2.85311,46.897069],[2.853048,46.897384],[2.852008,46.898424],[2.852471,46.898826],[2.852082,46.899278],[2.855295,46.899038],[2.857002,46.899076],[2.860226,46.900006],[2.861605,46.9],[2.862979,46.899588],[2.863504,46.899586],[2.87016,46.902434],[2.870488,46.902433],[2.880381,46.897375],[2.884984,46.895396],[2.889612,46.894979],[2.889717,46.895909],[2.890905,46.896578],[2.891365,46.896666],[2.898719,46.896478],[2.898923,46.896263],[2.898848,46.89397],[2.900652,46.893607],[2.901374,46.893603],[2.902294,46.893778],[2.904929,46.894665],[2.90605,46.895244],[2.906642,46.895377],[2.906954,46.89389],[2.90734,46.893168],[2.908508,46.891858],[2.907829,46.889792],[2.909332,46.88911]]]}},{"type":"Feature","properties":{"uai_primary":"0180037T","uai_all":"0180037T","is_merged":false},"geometry":{"type":"Polygon","coordinates":[[[2.094209,47.195869],[2.096054,47.195731],[2.098011,47.194649],[2.10038,47.193704],[2.098991,47.191339],[2.099024,47.191006],[2.094076,47.193882],[2.094033,47.19589],[2.094209,47.195869]],[[2.075462,47.200845],[2.076807,47.201116],[2.077045,47.200498],[2.076813,47.200219],[2.076382,47.200212],[2.076048,47.200631],[2.075462,47.200845]],[[2.070341,47.212901],[2.068819,47.21268],[2.068379,47.213241],[2.068351,47.21364],[2.068825,47.214193],[2.069325,47.214169],[2.071571,47.213296],[2.071959,47.212411],[2.071411,47.212258],[2.071198,47.212667],[2.070685,47.212938],[2.070341,47.212901]],[[2.061237,47.227333],[2.06147,47.227666],[2.061086,47.227917],[2.061403,47.228503],[2.061238,47.228647],[2.061313,47.228919],[2.06055,47.229041],[2.061433,47.229227],[2.060992,47.229695],[2.061188,47.229816],[2.061095,47.230538],[2.061389,47.230567],[2.061093,47.230752],[2.061164,47.231308],[2.060959,47.231894],[2.061215,47.232099],[2.061051,47.233117],[2.060715,47.233333],[2.060986,47.233633],[2.060913,47.235025],[2.061139,47.235404],[2.06092,47.235581],[2.061017,47.23668],[2.060743,47.238159],[2.060969,47.238558],[2.060782,47.239083],[2.06087,47.240089],[2.060665,47.240364],[2.060833,47.240603],[2.060305,47.240931],[2.059715,47.240988],[2.059716,47.241497],[2.060662,47.241534],[2.060844,47.241654],[2.060533,47.241907],[2.059513,47.242136],[2.058887,47.2427],[2.057739,47.243297],[2.057689,47.252018],[2.049733,47.262634],[2.046846,47.267444],[2.044039,47.27513],[2.04915,47.277248],[2.053928,47.278701],[2.063997,47.282106],[2.069586,47.283601],[2.072755,47.284031],[2.07795,47.28586],[2.079075,47.285053],[2.080887,47.28433],[2.082876,47.284225],[2.085736,47.2858],[2.087677,47.285284],[2.093965,47.28505],[2.095945,47.284711],[2.099917,47.285281],[2.101404,47.285367],[2.102745,47.285835],[2.103328,47.285727],[2.105016,47.285981],[2.108728,47.284302],[2.11047,47.284052],[2.11149,47.279419],[2.114314,47.279229],[2.112728,47.277629],[2.11173,47.277929],[2.113309,47.257571],[2.117104,47.25481],[2.117268,47.253717],[2.118797,47.253901],[2.120569,47.251388],[2.118197,47.250902],[2.131428,47.245523],[2.144532,47.244778],[2.146263,47.240815],[2.147116,47.237646],[2.148093,47.236074],[2.149346,47.234622],[2.149943,47.233503],[2.149726,47.231034],[2.15042,47.229136],[2.150894,47.228507],[2.151808,47.227834],[2.152743,47.226842],[2.153561,47.224673],[2.154214,47.223906],[2.151543,47.22249],[2.146326,47.221068],[2.145493,47.219941],[2.144164,47.21724],[2.141909,47.215576],[2.141037,47.215857],[2.140194,47.215419],[2.139814,47.214798],[2.136593,47.212974],[2.135169,47.212444],[2.134811,47.212059],[2.131953,47.212626],[2.131318,47.2122],[2.130575,47.211091],[2.123799,47.206217],[2.12227,47.206816],[2.122039,47.208003],[2.116644,47.200821],[2.114825,47.200561],[2.114676,47.200655],[2.11433,47.200465],[2.114345,47.199893],[2.113664,47.199757],[2.113428,47.199513],[2.113804,47.198942],[2.113744,47.198722],[2.112691,47.19829],[2.111592,47.197477],[2.113346,47.196299],[2.111876,47.194912],[2.109983,47.194342],[2.109485,47.194467],[2.108975,47.19485],[2.108326,47.196566],[2.107862,47.197247],[2.106331,47.198013],[2.103672,47.197768],[2.101708,47.197932],[2.09909,47.197901],[2.097512,47.197388],[2.0953,47.196904],[2.094495,47.19693],[2.09402,47.196467],[2.093898,47.20224],[2.094229,47.20343],[2.092773,47.204307],[2.089415,47.206829],[2.08895,47.20737],[2.088326,47.207698],[2.086619,47.210087],[2.086634,47.211415],[2.083081,47.21331],[2.08363,47.21475],[2.084301,47.214657],[2.085771,47.214932],[2.088434,47.214617],[2.088896,47.214965],[2.089214,47.215969],[2.088835,47.216338],[2.087195,47.217545],[2.084696,47.218376],[2.083265,47.219046],[2.081523,47.219319],[2.080783,47.21919],[2.079633,47.219298],[2.078859,47.219838],[2.077465,47.220153],[2.07648,47.220027],[2.075837,47.220096],[2.075285,47.220366],[2.074036,47.220566],[2.073559,47.221254],[2.073235,47.221235],[2.072505,47.220455],[2.070092,47.220764],[2.069188,47.220726],[2.069004,47.220777],[2.069044,47.22122],[2.069275,47.221671],[2.068204,47.221898],[2.068167,47.22147],[2.06775,47.2213],[2.067643,47.221489],[2.067484,47.221286],[2.067703,47.220853],[2.06701,47.220725],[2.066701,47.221065],[2.06677,47.221497],[2.067011,47.221596],[2.066493,47.222224],[2.066929,47.222152],[2.067216,47.222421],[2.064725,47.223563],[2.064442,47.223573],[2.064099,47.223892],[2.063017,47.2242],[2.062714,47.224557],[2.062931,47.224639],[2.062641,47.224843],[2.062531,47.22534],[2.062129,47.225484],[2.061851,47.225415],[2.061556,47.225966],[2.06091,47.226227],[2.061113,47.226613],[2.061399,47.226643],[2.061741,47.227269],[2.061237,47.227333]],[[2.06773,47.221972],[2.067775,47.222188],[2.067573,47.22232],[2.067487,47.222152],[2.06773,47.221972]]]}},{"type":"Feature","properties":{"uai_primary":"0180586P","uai_all":"0180586P","is_merged":false},"geometry":{"type":"Polygon","coordinates":[[[2.14024,47.099759],[2.138911,47.10061],[2.136537,47.101562],[2.134157,47.10357],[2.132064,47.104815],[2.134225,47.105771],[2.135136,47.107005],[2.131215,47.118089],[2.125361,47.113457],[2.119311,47.118347],[2.11848,47.119644],[2.117094,47.119821],[2.117616,47.121217],[2.118734,47.121984],[2.118199,47.123826],[2.120135,47.133951],[2.120728,47.133997],[2.120915,47.136786],[2.122048,47.142842],[2.129262,47.138469],[2.135423,47.139833],[2.142674,47.143146],[2.150763,47.145183],[2.154182,47.145574],[2.154877,47.146183],[2.155235,47.147218],[2.155615,47.147619],[2.157458,47.148961],[2.158225,47.149989],[2.158703,47.150068],[2.160819,47.151755],[2.160942,47.152133],[2.160657,47.154956],[2.160232,47.156293],[2.159071,47.157514],[2.157701,47.158022],[2.156106,47.1583],[2.155114,47.158273],[2.154168,47.15793],[2.153256,47.157969],[2.152301,47.158765],[2.151199,47.160251],[2.151033,47.16143],[2.151264,47.16211],[2.151718,47.162605],[2.154682,47.163036],[2.15526,47.163206],[2.15575,47.163677],[2.15511,47.165014],[2.153789,47.166567],[2.151275,47.168006],[2.148951,47.168475],[2.146262,47.170038],[2.144936,47.171174],[2.14416,47.172566],[2.141045,47.175556],[2.138624,47.176136],[2.135992,47.175788],[2.135504,47.175965],[2.134483,47.176728],[2.133448,47.177787],[2.133162,47.178498],[2.134398,47.181216],[2.134216,47.181881],[2.133505,47.182886],[2.133073,47.183056],[2.130906,47.183122],[2.129204,47.182865],[2.127754,47.182964],[2.126071,47.183487],[2.12479,47.184352],[2.123727,47.18583],[2.123874,47.187734],[2.123657,47.188361],[2.122913,47.189367],[2.122726,47.19017],[2.122977,47.191468],[2.124074,47.192432],[2.124071,47.192743],[2.123521,47.193044],[2.122934,47.193091],[2.120456,47.1939],[2.11651,47.197015],[2.115723,47.197239],[2.115314,47.197205],[2.114433,47.196927],[2.113346,47.196299],[2.111592,47.197477],[2.112691,47.19829],[2.113744,47.198722],[2.113804,47.198942],[2.113428,47.199513],[2.113664,47.199757],[2.114345,47.199893],[2.11433,47.200465],[2.114676,47.200655],[2.114825,47.200561],[2.116644,47.200821],[2.122039,47.208003],[2.12227,47.206816],[2.123194,47.206385],[2.125345,47.205748],[2.126073,47.205748],[2.128331,47.206171],[2.12928,47.206723],[2.130052,47.206587],[2.130931,47.206133],[2.130448,47.205514],[2.130657,47.20523],[2.130926,47.20518],[2.131818,47.20541],[2.13336,47.206152],[2.134039,47.206163],[2.134526,47.205714],[2.134175,47.205156],[2.134252,47.204917],[2.13454,47.20478],[2.135585,47.205009],[2.13601,47.204926],[2.136023,47.204109],[2.136419,47.20393],[2.136854,47.203789],[2.137593,47.203823],[2.137961,47.204309],[2.13851,47.20439],[2.140434,47.203466],[2.140211,47.203027],[2.139303,47.202965],[2.139046,47.202767],[2.139188,47.201484],[2.139357,47.201319],[2.139744,47.201328],[2.140629,47.201948],[2.140776,47.202771],[2.141388,47.202735],[2.142164,47.202351],[2.14217,47.201958],[2.140478,47.201028],[2.140592,47.20054],[2.141199,47.200391],[2.142421,47.200471],[2.142599,47.200399],[2.142637,47.200008],[2.142896,47.199887],[2.143275,47.199936],[2.143861,47.20057],[2.144316,47.200531],[2.145454,47.200062],[2.14737,47.200135],[2.148565,47.199428],[2.149713,47.199042],[2.149941,47.19881],[2.149894,47.198295],[2.150199,47.198067],[2.150999,47.19785],[2.151687,47.197857],[2.15168,47.197276],[2.151927,47.197044],[2.152409,47.197031],[2.152948,47.197524],[2.153546,47.197492],[2.154897,47.197065],[2.154967,47.196936],[2.154632,47.1968],[2.153371,47.196863],[2.153926,47.196363],[2.154949,47.196251],[2.155416,47.196995],[2.155629,47.197066],[2.156237,47.196811],[2.15699,47.196866],[2.157669,47.19644],[2.158222,47.19637],[2.15835,47.196006],[2.158854,47.195768],[2.159251,47.195906],[2.158901,47.196454],[2.159093,47.196641],[2.15961,47.196661],[2.160556,47.195728],[2.161307,47.195684],[2.16171,47.195478],[2.16171,47.1951],[2.160672,47.194299],[2.160702,47.193913],[2.161286,47.1937],[2.161935,47.193968],[2.162667,47.193805],[2.162691,47.193559],[2.162007,47.193126],[2.162205,47.192873],[2.162771,47.192668],[2.164255,47.19245],[2.164544,47.19297],[2.164856,47.19305],[2.165319,47.192311],[2.166378,47.192331],[2.166786,47.191739],[2.167261,47.191521],[2.167432,47.190787],[2.169997,47.188158],[2.174236,47.184908],[2.176465,47.186668],[2.176663,47.186669],[2.176665,47.186084],[2.177325,47.18604],[2.177722,47.185546],[2.178645,47.185907],[2.178908,47.185862],[2.180167,47.18393],[2.178741,47.183309],[2.179946,47.182067],[2.180665,47.182543],[2.182311,47.181729],[2.181315,47.18044],[2.180999,47.178641],[2.182186,47.176195],[2.18401,47.176973],[2.18382,47.177295],[2.184797,47.17752],[2.185814,47.17719],[2.186785,47.176472],[2.187644,47.176248],[2.188765,47.17625],[2.189951,47.176791],[2.18962,47.177196],[2.191515,47.178313],[2.190569,47.179425],[2.194313,47.180743],[2.193193,47.182043],[2.189402,47.18374],[2.188477,47.184604],[2.187172,47.185474],[2.186576,47.186397],[2.186228,47.18739],[2.188687,47.188103],[2.192493,47.190039],[2.196396,47.19092],[2.19792,47.19147],[2.199301,47.192389],[2.199979,47.192641],[2.200023,47.193016],[2.200536,47.193545],[2.202474,47.194391],[2.204172,47.195532],[2.205557,47.193574],[2.206247,47.192926],[2.209452,47.191261],[2.210775,47.188694],[2.211713,47.189088],[2.212702,47.189771],[2.213035,47.190389],[2.214284,47.190924],[2.215344,47.189274],[2.215368,47.186979],[2.217526,47.188275],[2.219959,47.189032],[2.222171,47.19082],[2.225568,47.192831],[2.22556,47.194478],[2.225851,47.19514],[2.225389,47.195805],[2.231028,47.199263],[2.238607,47.202352],[2.242219,47.200685],[2.242615,47.200415],[2.242729,47.199955],[2.24486,47.200192],[2.248617,47.202848],[2.250439,47.204767],[2.254747,47.20825],[2.255865,47.21086],[2.25586,47.212739],[2.257183,47.21248],[2.258349,47.212557],[2.259894,47.211135],[2.261617,47.208162],[2.262413,47.207428],[2.263723,47.207987],[2.265024,47.208279],[2.265426,47.208545],[2.268184,47.208413],[2.26907,47.208171],[2.272012,47.208852],[2.272219,47.208593],[2.274405,47.208615],[2.274242,47.208929],[2.276336,47.209676],[2.279453,47.20527],[2.282146,47.199676],[2.283423,47.198277],[2.287166,47.19572],[2.293306,47.19307],[2.295136,47.192606],[2.29575,47.192116],[2.295983,47.185352],[2.297008,47.18365],[2.29582,47.182519],[2.294139,47.181868],[2.295821,47.181016],[2.295821,47.180881],[2.294964,47.180565],[2.294767,47.180521],[2.29289,47.181603],[2.292416,47.181547],[2.290394,47.181167],[2.288992,47.180567],[2.288363,47.18051],[2.286498,47.179505],[2.285345,47.179245],[2.284735,47.178814],[2.282426,47.178483],[2.280982,47.178086],[2.279465,47.177995],[2.277419,47.178444],[2.276992,47.177664],[2.275641,47.177995],[2.274871,47.177754],[2.274425,47.177269],[2.273326,47.17681],[2.272852,47.176719],[2.271969,47.176814],[2.272431,47.176139],[2.272979,47.173949],[2.273023,47.171349],[2.275488,47.16753],[2.275519,47.165894],[2.275719,47.165309],[2.275456,47.164859],[2.274993,47.16473],[2.274653,47.162603],[2.273482,47.160496],[2.270362,47.156924],[2.270638,47.155646],[2.270039,47.155307],[2.268696,47.155395],[2.267064,47.153789],[2.266171,47.152357],[2.265794,47.150878],[2.266185,47.14767],[2.266711,47.146733],[2.267794,47.145597],[2.268158,47.144776],[2.268276,47.14433],[2.268048,47.142338],[2.26832,47.141758],[2.268132,47.141214],[2.265956,47.138729],[2.264479,47.138067],[2.272429,47.136816],[2.272539,47.136067],[2.273902,47.134395],[2.272948,47.132417],[2.271389,47.131867],[2.267328,47.128914],[2.264555,47.127895],[2.263403,47.128895],[2.258582,47.126329],[2.255118,47.12423],[2.254653,47.123866],[2.254811,47.123735],[2.253452,47.123064],[2.249629,47.120422],[2.251002,47.119958],[2.250582,47.119075],[2.250029,47.119653],[2.249737,47.119407],[2.249089,47.119721],[2.248933,47.119235],[2.248134,47.119416],[2.247946,47.119664],[2.24737,47.119446],[2.246263,47.119493],[2.246397,47.119241],[2.246192,47.118943],[2.245057,47.118916],[2.244714,47.119669],[2.245076,47.1201],[2.244949,47.120334],[2.244059,47.12053],[2.243578,47.121134],[2.242988,47.121412],[2.242379,47.121324],[2.241339,47.121659],[2.240493,47.121359],[2.240221,47.121398],[2.239773,47.121784],[2.239687,47.122305],[2.238413,47.123335],[2.236906,47.123868],[2.23603,47.124386],[2.235523,47.125158],[2.235007,47.125408],[2.234829,47.126136],[2.234208,47.126304],[2.233432,47.126022],[2.232996,47.126183],[2.233138,47.126606],[2.232445,47.12744],[2.231834,47.127942],[2.230776,47.12827],[2.230585,47.128953],[2.229792,47.129183],[2.228196,47.129249],[2.226889,47.129495],[2.22637,47.128985],[2.223781,47.127749],[2.222462,47.12694],[2.222753,47.126714],[2.2221,47.126179],[2.221771,47.124837],[2.220232,47.125097],[2.218456,47.123493],[2.218791,47.123296],[2.213699,47.119933],[2.216482,47.117516],[2.225742,47.106895],[2.218842,47.10338],[2.216,47.102564],[2.223382,47.096321],[2.229423,47.092435],[2.231377,47.089189],[2.24058,47.075743],[2.256864,47.061984],[2.257916,47.059072],[2.2581,47.059065],[2.258051,47.057203],[2.249689,47.057899],[2.246748,47.059935],[2.24677,47.060143],[2.244454,47.060538],[2.230133,47.058603],[2.227574,47.057885],[2.222036,47.057134],[2.222096,47.056988],[2.220014,47.056129],[2.218389,47.055923],[2.215994,47.05605],[2.210589,47.055167],[2.209879,47.054798],[2.209574,47.054394],[2.209495,47.053216],[2.208356,47.052247],[2.207268,47.051944],[2.205931,47.052139],[2.204958,47.050998],[2.20301,47.050274],[2.199769,47.04734],[2.198297,47.047132],[2.198023,47.046875],[2.19817,47.046721],[2.1979,47.046039],[2.197003,47.046171],[2.197103,47.046809],[2.196579,47.046726],[2.196439,47.046105],[2.196644,47.045252],[2.191493,47.042882],[2.189978,47.042336],[2.188511,47.044488],[2.187338,47.045241],[2.18708,47.045606],[2.187112,47.045967],[2.187674,47.046587],[2.187451,47.048068],[2.186389,47.048722],[2.184931,47.048971],[2.184519,47.050323],[2.183547,47.05097],[2.183226,47.052149],[2.18417,47.052678],[2.184969,47.053526],[2.185163,47.053476],[2.185182,47.054006],[2.184869,47.054818],[2.185647,47.055539],[2.183982,47.056344],[2.182953,47.05661],[2.180576,47.057831],[2.181785,47.060541],[2.176982,47.060604],[2.173013,47.062501],[2.173718,47.063274],[2.172756,47.063422],[2.171984,47.062834],[2.171323,47.063075],[2.16951,47.062688],[2.169089,47.062389],[2.166385,47.063861],[2.166133,47.064862],[2.166705,47.066078],[2.16629,47.067239],[2.166319,47.069688],[2.164448,47.069646],[2.161567,47.069],[2.159868,47.069067],[2.159443,47.069696],[2.159286,47.07104],[2.15814,47.071097],[2.157303,47.071345],[2.156144,47.074097],[2.15563,47.074682],[2.155487,47.076183],[2.154336,47.077786],[2.1557,47.079079],[2.155588,47.079751],[2.156518,47.08048],[2.157969,47.082574],[2.156162,47.083141],[2.155233,47.083192],[2.155021,47.082859],[2.154351,47.082536],[2.151027,47.083043],[2.150431,47.083717],[2.149706,47.083985],[2.148384,47.085197],[2.146406,47.085655],[2.143896,47.088339],[2.144702,47.089197],[2.142195,47.090879],[2.141839,47.092338],[2.141576,47.092383],[2.139997,47.091885],[2.13914,47.091839],[2.136636,47.092329],[2.135121,47.092417],[2.134463,47.092236],[2.133544,47.091695],[2.133148,47.091649],[2.131631,47.092321],[2.132804,47.095382],[2.133659,47.096103],[2.133592,47.096418],[2.134249,47.096733],[2.134376,47.097723],[2.134573,47.097948],[2.135954,47.098581],[2.140077,47.099552],[2.14024,47.099759]]]}},{"type":"Feature","properties":{"uai_primary":"0180591V","uai_all":"0180591V","is_merged":false},"geometry":{"type":"Polygon","coordinates":[[[2.393257,46.999356],[2.39382,46.999371],[2.395396,46.987094],[2.396392,46.987059],[2.396673,46.987321],[2.397641,46.987294],[2.400553,46.987809],[2.40838,46.989816],[2.411689,46.990071],[2.413371,46.990369],[2.41321,46.986337],[2.413841,46.985186],[2.414156,46.985059],[2.414103,46.984646],[2.414851,46.983602],[2.416097,46.983511],[2.419294,46.983965],[2.421156,46.981131],[2.423903,46.982529],[2.429307,46.982568],[2.432019,46.981982],[2.430856,46.980095],[2.431487,46.980138],[2.431272,46.979943],[2.425246,46.976157],[2.425704,46.975295],[2.426338,46.960901],[2.4243,46.960408],[2.415162,46.956321],[2.413195,46.959021],[2.412144,46.958797],[2.41234,46.958078],[2.411749,46.957987],[2.411617,46.958348],[2.410172,46.958033],[2.408858,46.958305],[2.407085,46.958306],[2.405835,46.957991],[2.405112,46.957587],[2.40471,46.957004],[2.399367,46.956595],[2.395817,46.956697],[2.396005,46.955686],[2.395849,46.952235],[2.387436,46.952468],[2.384743,46.951628],[2.378762,46.950537],[2.372659,46.955933],[2.368646,46.954254],[2.365134,46.953744],[2.361476,46.952955],[2.361094,46.954051],[2.361291,46.954591],[2.360701,46.955266],[2.359781,46.95783],[2.3586,46.957785],[2.358008,46.959629],[2.358337,46.959854],[2.358404,46.960214],[2.357878,46.960529],[2.357287,46.960574],[2.356599,46.962706],[2.355436,46.962764],[2.352488,46.96213],[2.351041,46.96098],[2.351793,46.963516],[2.352486,46.967471],[2.352364,46.978516],[2.352633,46.984937],[2.354671,46.991234],[2.355029,46.991516],[2.358119,46.992153],[2.360094,46.992382],[2.371263,46.997114],[2.373738,46.998847],[2.37491,46.997617],[2.37499,46.996771],[2.375845,46.996189],[2.381872,46.996864],[2.384923,46.997543],[2.386973,46.998247],[2.39089,46.999246],[2.393257,46.999356]],[[2.32865,47.050965],[2.324937,47.049543],[2.317333,47.045535],[2.312881,47.04395],[2.307608,47.041516],[2.297844,47.035172],[2.297081,47.035141],[2.297121,47.036185],[2.297635,47.038103],[2.298881,47.039323],[2.299079,47.039162],[2.299614,47.03957],[2.299518,47.039983],[2.300133,47.040247],[2.299321,47.042546],[2.298459,47.046969],[2.29748,47.047488],[2.297952,47.048097],[2.299396,47.051384],[2.299972,47.053576],[2.30115,47.054111],[2.301907,47.054655],[2.301197,47.056387],[2.300453,47.059301],[2.300538,47.060561],[2.301302,47.063343],[2.306764,47.063714],[2.309555,47.064585],[2.313193,47.065102],[2.312836,47.066641],[2.31286,47.067671],[2.315634,47.068458],[2.3153,47.069611],[2.315689,47.06965],[2.315743,47.070555],[2.316065,47.070727],[2.31623,47.071341],[2.315605,47.073178],[2.321387,47.074086],[2.336012,47.073393],[2.336737,47.071759],[2.337225,47.071848],[2.338445,47.071215],[2.33926,47.071159],[2.340371,47.069287],[2.342666,47.068358],[2.342805,47.06673],[2.345544,47.066794],[2.349918,47.067925],[2.350908,47.070652],[2.351228,47.072681],[2.350274,47.07491],[2.347792,47.074837],[2.344823,47.074461],[2.33983,47.077119],[2.337004,47.076435],[2.332752,47.076423],[2.329084,47.077659],[2.330705,47.079543],[2.331477,47.079741],[2.33492,47.081256],[2.337884,47.08118],[2.338188,47.084501],[2.338005,47.084868],[2.3357,47.085833],[2.331569,47.087976],[2.331265,47.087981],[2.330844,47.087646],[2.329855,47.087599],[2.329539,47.087947],[2.330076,47.088691],[2.329246,47.088948],[2.328886,47.088887],[2.328606,47.089127],[2.328889,47.089548],[2.329694,47.089714],[2.330678,47.089429],[2.331183,47.089849],[2.332183,47.089726],[2.333271,47.090332],[2.333559,47.090249],[2.333778,47.089833],[2.333691,47.089302],[2.334175,47.089155],[2.335036,47.089564],[2.336156,47.089848],[2.336251,47.09013],[2.336944,47.090403],[2.337074,47.089971],[2.336547,47.089764],[2.335809,47.089016],[2.336336,47.088503],[2.337665,47.087973],[2.338216,47.086866],[2.339323,47.087117],[2.339064,47.087599],[2.339253,47.087758],[2.339591,47.087497],[2.339623,47.087123],[2.34006,47.087],[2.34097,47.087495],[2.343222,47.087433],[2.343526,47.087605],[2.344144,47.087623],[2.344262,47.087344],[2.343577,47.087082],[2.343483,47.086345],[2.34385,47.085309],[2.344826,47.085003],[2.345787,47.085291],[2.345959,47.085849],[2.346802,47.086012],[2.347025,47.085679],[2.34663,47.08494],[2.347511,47.084669],[2.34834,47.084652],[2.348987,47.084715],[2.350079,47.08513],[2.352176,47.085616],[2.354336,47.085705],[2.35581,47.08557],[2.357813,47.086173],[2.358539,47.086867],[2.360488,47.086957],[2.362121,47.086596],[2.362898,47.086651],[2.363583,47.087218],[2.365258,47.087497],[2.366891,47.088199],[2.367181,47.0881],[2.367418,47.087659],[2.368353,47.088127],[2.368762,47.088046],[2.369721,47.08728],[2.370788,47.086884],[2.371881,47.087253],[2.374186,47.086835],[2.374431,47.088103],[2.373933,47.088581],[2.371444,47.088623],[2.370643,47.088967],[2.370253,47.090632],[2.371193,47.090684],[2.371431,47.091061],[2.37195,47.091137],[2.377112,47.086805],[2.379875,47.0861],[2.380091,47.085333],[2.381636,47.084053],[2.381488,47.083362],[2.382568,47.082677],[2.382789,47.082276],[2.383737,47.08234],[2.385233,47.082091],[2.38564,47.081393],[2.386054,47.081165],[2.38727,47.081234],[2.387762,47.08101],[2.388571,47.080924],[2.389159,47.080098],[2.390839,47.078813],[2.391397,47.077996],[2.392654,47.07698],[2.392958,47.075928],[2.393497,47.075743],[2.393981,47.074856],[2.393993,47.074102],[2.395311,47.073249],[2.395562,47.072116],[2.395448,47.071693],[2.394944,47.071302],[2.394262,47.07197],[2.393129,47.0719],[2.393136,47.071275],[2.392194,47.070705],[2.392775,47.069744],[2.393704,47.069452],[2.393924,47.068606],[2.394347,47.068091],[2.393035,47.06654],[2.394694,47.06576],[2.394572,47.065084],[2.392783,47.063564],[2.392884,47.062883],[2.393007,47.062642],[2.395537,47.062368],[2.3971,47.061335],[2.397027,47.05992],[2.39831,47.05865],[2.398945,47.056552],[2.398902,47.056049],[2.400512,47.053875],[2.401447,47.050818],[2.401279,47.04889],[2.400916,47.048769],[2.401229,47.048538],[2.40108,47.047509],[2.400812,47.047329],[2.401038,47.047212],[2.400875,47.046086],[2.400031,47.04594],[2.389671,47.038523],[2.388028,47.04647],[2.387768,47.04643],[2.387741,47.046629],[2.385908,47.061041],[2.386292,47.063206],[2.385072,47.063309],[2.377704,47.062697],[2.3745,47.057093],[2.369039,47.048308],[2.36718,47.0419],[2.362696,47.037709],[2.362141,47.036964],[2.361166,47.035301],[2.358144,47.028157],[2.35782,47.028439],[2.353794,47.030007],[2.353326,47.029586],[2.349561,47.031928],[2.350118,47.033103],[2.349904,47.033753],[2.349593,47.03408],[2.34611,47.035752],[2.339882,47.030355],[2.338007,47.036546],[2.338079,47.037318],[2.336794,47.039355],[2.335704,47.041961],[2.334107,47.044281],[2.331297,47.047635],[2.330088,47.049391],[2.32865,47.050965]],[[2.397304,47.071089],[2.397666,47.071109],[2.39778,47.070962],[2.398129,47.071068],[2.39812,47.070419],[2.397546,47.07054],[2.397304,47.071089]],[[2.391575,47.109585],[2.391231,47.109741],[2.391314,47.110115],[2.391991,47.110416],[2.392438,47.110446],[2.392952,47.110268],[2.392679,47.108785],[2.391806,47.108991],[2.391833,47.109409],[2.391575,47.109585]],[[2.407125,47.124127],[2.406934,47.124209],[2.407266,47.124311],[2.407125,47.124127]]]}},{"type":"Feature","properties":{"uai_primary":"0180592W","uai_all":"0180592W","is_merged":false},"geometry":{"type":"Polygon","coordinates":[[[2.124107,47.206147],[2.123799,47.206217],[2.130575,47.211091],[2.131318,47.2122],[2.131953,47.212626],[2.134811,47.212059],[2.135169,47.212444],[2.136593,47.212974],[2.139814,47.214798],[2.140194,47.215419],[2.141037,47.215857],[2.141909,47.215576],[2.144164,47.21724],[2.145493,47.219941],[2.146326,47.221068],[2.151543,47.22249],[2.154214,47.223906],[2.153561,47.224673],[2.152743,47.226842],[2.151808,47.227834],[2.150894,47.228507],[2.15042,47.229136],[2.149726,47.231034],[2.149943,47.233503],[2.149346,47.234622],[2.148093,47.236074],[2.147116,47.237646],[2.146263,47.240815],[2.144532,47.244778],[2.153946,47.244249],[2.156904,47.235949],[2.165048,47.237216],[2.165973,47.236633],[2.168214,47.23598],[2.168083,47.235556],[2.168577,47.234868],[2.169499,47.23413],[2.171705,47.232945],[2.172104,47.232091],[2.172633,47.231642],[2.173243,47.231424],[2.185305,47.229871],[2.187702,47.22658],[2.188628,47.226086],[2.189696,47.226178],[2.189672,47.225823],[2.187948,47.223484],[2.187565,47.222312],[2.187789,47.221705],[2.188611,47.220805],[2.188741,47.220433],[2.188883,47.21884],[2.18934,47.217611],[2.189341,47.215814],[2.192228,47.20997],[2.192845,47.209214],[2.195338,47.210014],[2.19815,47.210303],[2.207905,47.209934],[2.21237,47.209607],[2.214864,47.209289],[2.219714,47.205385],[2.221122,47.206505],[2.222448,47.208289],[2.223723,47.206886],[2.225773,47.206087],[2.227131,47.205202],[2.228677,47.205436],[2.230275,47.205451],[2.231524,47.205838],[2.233029,47.206783],[2.233451,47.206664],[2.233503,47.20691],[2.234441,47.207515],[2.23639,47.207848],[2.239566,47.207744],[2.241548,47.207296],[2.242669,47.207297],[2.244583,47.207614],[2.247883,47.207616],[2.250917,47.209598],[2.253555,47.210184],[2.255864,47.211268],[2.255339,47.209331],[2.254747,47.20825],[2.250439,47.204767],[2.248617,47.202848],[2.24486,47.200192],[2.242729,47.199955],[2.242615,47.200415],[2.242219,47.200685],[2.238607,47.202352],[2.231028,47.199263],[2.225389,47.195805],[2.225851,47.19514],[2.22556,47.194478],[2.225568,47.192831],[2.222171,47.19082],[2.219959,47.189032],[2.217526,47.188275],[2.215368,47.186979],[2.215344,47.189274],[2.214284,47.190924],[2.213035,47.190389],[2.212702,47.189771],[2.211713,47.189088],[2.210775,47.188694],[2.209452,47.191261],[2.206247,47.192926],[2.205557,47.193574],[2.204172,47.195532],[2.202474,47.194391],[2.200536,47.193545],[2.200023,47.193016],[2.199979,47.192641],[2.199301,47.192389],[2.19792,47.19147],[2.196396,47.19092],[2.192493,47.190039],[2.188687,47.188103],[2.186228,47.18739],[2.186576,47.186397],[2.187172,47.185474],[2.188477,47.184604],[2.189402,47.18374],[2.193193,47.182043],[2.194313,47.180743],[2.190569,47.179425],[2.191515,47.178313],[2.18962,47.177196],[2.189951,47.176791],[2.188765,47.17625],[2.187644,47.176248],[2.186785,47.176472],[2.185814,47.17719],[2.184797,47.17752],[2.18382,47.177295],[2.18401,47.176973],[2.182186,47.176195],[2.180999,47.178641],[2.181315,47.18044],[2.182311,47.181729],[2.180665,47.182543],[2.179946,47.182067],[2.178741,47.183309],[2.180167,47.18393],[2.178908,47.185862],[2.178645,47.185907],[2.177722,47.185546],[2.177325,47.18604],[2.176665,47.186084],[2.176663,47.186669],[2.176465,47.186668],[2.174236,47.184908],[2.169997,47.188158],[2.167432,47.190787],[2.167261,47.191521],[2.166786,47.191739],[2.166378,47.192331],[2.165319,47.192311],[2.164856,47.19305],[2.164544,47.19297],[2.164255,47.19245],[2.162771,47.192668],[2.162205,47.192873],[2.162007,47.193126],[2.162691,47.193559],[2.162667,47.193805],[2.161935,47.193968],[2.161286,47.1937],[2.160702,47.193913],[2.160672,47.194299],[2.16171,47.1951],[2.16171,47.195478],[2.161307,47.195684],[2.160556,47.195728],[2.15961,47.196661],[2.159093,47.196641],[2.158901,47.196454],[2.159251,47.195906],[2.158854,47.195768],[2.15835,47.196006],[2.158222,47.19637],[2.157669,47.19644],[2.15699,47.196866],[2.156237,47.196811],[2.155629,47.197066],[2.15534,47.196891],[2.155106,47.196335],[2.154353,47.19625],[2.153546,47.196569],[2.153371,47.196863],[2.154632,47.1968],[2.154967,47.196936],[2.154897,47.197065],[2.153546,47.197492],[2.152948,47.197524],[2.152409,47.197031],[2.151927,47.197044],[2.15168,47.197276],[2.151687,47.197857],[2.150999,47.19785],[2.150199,47.198067],[2.149894,47.198295],[2.149941,47.19881],[2.149713,47.199042],[2.148565,47.199428],[2.14737,47.200135],[2.145454,47.200062],[2.144316,47.200531],[2.143861,47.20057],[2.143275,47.199936],[2.142896,47.199887],[2.142637,47.200008],[2.142599,47.200399],[2.142421,47.200471],[2.141199,47.200391],[2.140592,47.20054],[2.140478,47.201028],[2.14217,47.201958],[2.142164,47.202351],[2.141388,47.202735],[2.140776,47.202771],[2.140629,47.201948],[2.139744,47.201328],[2.139357,47.201319],[2.139188,47.201484],[2.139046,47.202767],[2.139303,47.202965],[2.140211,47.203027],[2.140434,47.203466],[2.13851,47.20439],[2.137961,47.204309],[2.137593,47.203823],[2.136854,47.203789],[2.136419,47.20393],[2.136023,47.204109],[2.13601,47.204926],[2.135585,47.205009],[2.13454,47.20478],[2.134252,47.204917],[2.134175,47.205156],[2.134526,47.205714],[2.134039,47.206163],[2.13336,47.206152],[2.131818,47.20541],[2.130926,47.20518],[2.130657,47.20523],[2.130448,47.205514],[2.130931,47.206133],[2.130052,47.206587],[2.12928,47.206723],[2.128982,47.206658],[2.128608,47.206247],[2.126073,47.205748],[2.125345,47.205748],[2.124107,47.206147]],[[2.067593,47.222323],[2.067853,47.222008],[2.06773,47.221972],[2.067487,47.222152],[2.067593,47.222323]],[[2.059266,47.226152],[2.058859,47.226569],[2.059228,47.227261],[2.060554,47.226975],[2.061113,47.226613],[2.060866,47.226179],[2.060098,47.225684],[2.059769,47.226208],[2.059266,47.226152]],[[2.112893,47.195909],[2.114433,47.196927],[2.115485,47.19723],[2.116171,47.197139],[2.116993,47.196746],[2.119274,47.194718],[2.120497,47.193877],[2.122934,47.193091],[2.123521,47.193044],[2.124071,47.192743],[2.124074,47.192432],[2.122977,47.191468],[2.122726,47.19017],[2.122913,47.189367],[2.123657,47.188361],[2.123874,47.187734],[2.123727,47.18583],[2.12479,47.184352],[2.126071,47.183487],[2.127754,47.182964],[2.129204,47.182865],[2.130906,47.183122],[2.133073,47.183056],[2.133505,47.182886],[2.134216,47.181881],[2.134398,47.181216],[2.133162,47.178498],[2.133448,47.177787],[2.134483,47.176728],[2.135504,47.175965],[2.135992,47.175788],[2.138624,47.176136],[2.141045,47.175556],[2.14416,47.172566],[2.144936,47.171174],[2.146262,47.170038],[2.148951,47.168475],[2.150991,47.168114],[2.152321,47.167485],[2.153519,47.166781],[2.154526,47.165782],[2.155649,47.164146],[2.155678,47.163537],[2.15526,47.163206],[2.154682,47.163036],[2.151718,47.162605],[2.151264,47.16211],[2.151033,47.16143],[2.151145,47.160347],[2.152719,47.15833],[2.153481,47.157928],[2.154168,47.15793],[2.155114,47.158273],[2.155843,47.158319],[2.158564,47.15777],[2.159391,47.157301],[2.160014,47.156633],[2.160481,47.155755],[2.160942,47.152133],[2.160819,47.151755],[2.158703,47.150068],[2.158225,47.149989],[2.157458,47.148961],[2.155615,47.147619],[2.155235,47.147218],[2.154877,47.146183],[2.154182,47.145574],[2.150763,47.145183],[2.142674,47.143146],[2.135423,47.139833],[2.129262,47.138469],[2.122048,47.142842],[2.120915,47.136786],[2.120728,47.133997],[2.120135,47.133951],[2.118199,47.123826],[2.118734,47.121984],[2.117616,47.121217],[2.117094,47.119821],[2.11848,47.119644],[2.119311,47.118347],[2.125361,47.113457],[2.131215,47.118089],[2.135136,47.107005],[2.134225,47.105771],[2.132064,47.104815],[2.134157,47.10357],[2.136537,47.101562],[2.138911,47.10061],[2.14024,47.099759],[2.140077,47.099552],[2.135954,47.098581],[2.134573,47.097948],[2.134376,47.097723],[2.134249,47.096733],[2.133592,47.096418],[2.133659,47.096103],[2.132804,47.095382],[2.131631,47.092321],[2.133148,47.091649],[2.133544,47.091695],[2.134463,47.092236],[2.135121,47.092417],[2.136636,47.092329],[2.13914,47.091839],[2.139997,47.091885],[2.141576,47.092383],[2.141839,47.092338],[2.142195,47.090879],[2.144702,47.089197],[2.143896,47.088339],[2.146406,47.085655],[2.148384,47.085197],[2.149706,47.083985],[2.150431,47.083717],[2.151027,47.083043],[2.154351,47.082536],[2.155021,47.082859],[2.155233,47.083192],[2.156162,47.083141],[2.157969,47.082574],[2.156518,47.08048],[2.155588,47.079751],[2.1557,47.079079],[2.154336,47.077786],[2.155487,47.076183],[2.15563,47.074682],[2.156144,47.074097],[2.148037,47.066685],[2.148058,47.065766],[2.149585,47.062125],[2.149288,47.061012],[2.148174,47.060414],[2.145105,47.060199],[2.143504,47.059691],[2.142494,47.059547],[2.142203,47.060247],[2.141864,47.060279],[2.141314,47.059902],[2.141321,47.058815],[2.139723,47.058735],[2.13821,47.058463],[2.135976,47.057738],[2.132557,47.056294],[2.130733,47.056221],[2.129474,47.052148],[2.129021,47.051564],[2.127688,47.050291],[2.126018,47.049356],[2.124554,47.049622],[2.124886,47.048725],[2.124962,47.046564],[2.125363,47.0449],[2.126477,47.042635],[2.122722,47.041972],[2.120861,47.041255],[2.119342,47.041112],[2.118684,47.040846],[2.11756,47.04106],[2.11427,47.039443],[2.111585,47.041872],[2.107907,47.042131],[2.105673,47.042486],[2.103907,47.043079],[2.102353,47.043929],[2.101939,47.044346],[2.099699,47.044307],[2.095719,47.044557],[2.093341,47.044546],[2.090372,47.045107],[2.089226,47.045022],[2.08884,47.045367],[2.084892,47.045223],[2.080684,47.04472],[2.07766,47.043992],[2.075953,47.043224],[2.074201,47.043171],[2.072118,47.042681],[2.069096,47.042611],[2.067337,47.042791],[2.066742,47.042529],[2.066265,47.042001],[2.064231,47.041735],[2.062816,47.040981],[2.059404,47.040232],[2.057915,47.039722],[2.055498,47.039948],[2.054957,47.039181],[2.054261,47.03912],[2.053032,47.038342],[2.051811,47.039403],[2.051055,47.039833],[2.051449,47.041084],[2.05129,47.042132],[2.04569,47.042162],[2.038514,47.042773],[2.035882,47.042811],[2.035028,47.042585],[2.034433,47.042585],[2.034171,47.042863],[2.033773,47.042967],[2.031158,47.042478],[2.028789,47.045638],[2.028926,47.046095],[2.028548,47.047234],[2.031086,47.048184],[2.031511,47.048908],[2.033622,47.049621],[2.033377,47.05051],[2.033983,47.051547],[2.03388,47.052128],[2.034408,47.052516],[2.035067,47.05237],[2.035313,47.052499],[2.035789,47.053242],[2.036364,47.055214],[2.037242,47.055694],[2.037757,47.056281],[2.037895,47.056939],[2.038349,47.057308],[2.038836,47.058415],[2.03882,47.059104],[2.039085,47.059657],[2.040378,47.061259],[2.040499,47.062566],[2.041063,47.063878],[2.040965,47.065637],[2.041443,47.066505],[2.04313,47.065912],[2.044075,47.067415],[2.044928,47.067392],[2.045545,47.067866],[2.045992,47.068531],[2.046493,47.068751],[2.04813,47.068966],[2.050428,47.068732],[2.051361,47.068802],[2.053163,47.07016],[2.053954,47.070992],[2.055124,47.07156],[2.05535,47.071827],[2.055196,47.073085],[2.054475,47.07324],[2.053456,47.074254],[2.05383,47.074623],[2.05543,47.074986],[2.055525,47.075655],[2.055308,47.076764],[2.055557,47.078882],[2.055368,47.080427],[2.054628,47.08315],[2.05381,47.084345],[2.05359,47.085162],[2.053637,47.086445],[2.05261,47.088114],[2.051406,47.089238],[2.05109,47.090898],[2.049235,47.091699],[2.047993,47.092911],[2.047321,47.093088],[2.046733,47.093713],[2.046799,47.09433],[2.047051,47.094689],[2.048029,47.095313],[2.04892,47.095436],[2.049435,47.095713],[2.048896,47.096876],[2.049079,47.097285],[2.050563,47.097929],[2.050746,47.098281],[2.051233,47.098057],[2.051346,47.097605],[2.051557,47.097521],[2.052249,47.098305],[2.052682,47.099189],[2.052597,47.100129],[2.053071,47.101221],[2.053149,47.103536],[2.052795,47.103827],[2.052188,47.103642],[2.051008,47.104256],[2.0485,47.105103],[2.048477,47.10544],[2.048116,47.105642],[2.048811,47.106765],[2.046765,47.107057],[2.045936,47.106914],[2.045563,47.106536],[2.044734,47.106185],[2.043455,47.106173],[2.041262,47.105406],[2.039564,47.105103],[2.037667,47.104898],[2.035929,47.105153],[2.034018,47.104969],[2.033096,47.105146],[2.031777,47.105143],[2.030002,47.104823],[2.027498,47.104726],[2.026643,47.104454],[2.024536,47.104448],[2.024937,47.103325],[2.026599,47.100676],[2.030311,47.096818],[2.028937,47.095104],[2.028674,47.095059],[2.026298,47.095728],[2.023228,47.096369],[2.022183,47.093978],[2.021107,47.093779],[2.019789,47.093776],[2.018272,47.094086],[2.014908,47.095111],[2.013259,47.095422],[2.011745,47.095372],[2.007543,47.093655],[2.0033,47.094248],[2.002783,47.095977],[2.002575,47.09764],[2.003483,47.099801],[2.004201,47.100928],[2.004325,47.102188],[2.006131,47.105871],[2.007309,47.107723],[2.008909,47.107935],[2.010037,47.108486],[2.010663,47.1092],[2.010829,47.110143],[2.012629,47.11133],[2.012173,47.111746],[2.009406,47.111604],[2.00868,47.111916],[2.008153,47.111914],[2.007232,47.111462],[2.006902,47.111551],[2.006636,47.111955],[2.005255,47.111727],[2.003934,47.112173],[2.003731,47.112936],[2.002612,47.112933],[2.002346,47.113157],[2.002281,47.113982],[2.0002,47.114117],[1.999816,47.114269],[1.999924,47.114632],[1.999568,47.11478],[1.999129,47.1153],[1.999131,47.116106],[1.999573,47.116565],[2.000352,47.116998],[2.000937,47.117744],[2.000895,47.118669],[2.000595,47.119214],[1.999284,47.119172],[1.998086,47.119965],[1.997878,47.120627],[1.99802,47.121189],[1.997575,47.122025],[1.997594,47.122691],[1.998522,47.123482],[1.99989,47.123847],[2.000296,47.124248],[1.999722,47.124731],[1.99816,47.125207],[1.997177,47.125802],[1.996673,47.126434],[1.996811,47.126965],[1.996429,47.127245],[1.997905,47.127047],[1.999929,47.127559],[2.00542,47.127694],[2.008656,47.127213],[2.010851,47.12712],[2.00961,47.128944],[2.010551,47.129238],[2.010749,47.129239],[2.010948,47.12897],[2.013315,47.129831],[2.03094,47.136717],[2.036089,47.137842],[2.037257,47.138421],[2.036773,47.138983],[2.037266,47.139469],[2.037562,47.139361],[2.037857,47.139564],[2.03836,47.139392],[2.038985,47.139943],[2.038683,47.14057],[2.038704,47.141345],[2.038395,47.141552],[2.038351,47.142061],[2.038065,47.142327],[2.038316,47.142645],[2.038349,47.143387],[2.037664,47.144673],[2.037094,47.144793],[2.036611,47.14465],[2.036546,47.145334],[2.037199,47.145554],[2.037639,47.145936],[2.036737,47.146519],[2.036621,47.146813],[2.036083,47.146938],[2.036307,47.147485],[2.035432,47.147747],[2.035115,47.149186],[2.035652,47.149165],[2.036623,47.150096],[2.036177,47.150783],[2.036288,47.151219],[2.035751,47.151288],[2.036244,47.151549],[2.03616,47.151879],[2.036633,47.151714],[2.037377,47.151138],[2.038304,47.151008],[2.038209,47.15169],[2.03902,47.152184],[2.039633,47.153126],[2.039984,47.153036],[2.040405,47.153234],[2.04135,47.153333],[2.041361,47.153562],[2.040112,47.155393],[2.039589,47.155787],[2.03871,47.155945],[2.038232,47.155882],[2.037412,47.156112],[2.035837,47.157242],[2.030071,47.159318],[2.029653,47.159743],[2.028998,47.161351],[2.028609,47.165575],[2.031414,47.167661],[2.033135,47.168062],[2.03353,47.168402],[2.03261,47.169925],[2.032904,47.170762],[2.032484,47.171778],[2.032959,47.172683],[2.033376,47.175294],[2.033337,47.176062],[2.032833,47.177495],[2.032654,47.179754],[2.032146,47.181596],[2.030229,47.18367],[2.029507,47.18517],[2.029867,47.185996],[2.030793,47.18645],[2.031417,47.187514],[2.03108,47.188604],[2.031014,47.189892],[2.029765,47.191522],[2.030837,47.193942],[2.030607,47.195012],[2.031786,47.196902],[2.031726,47.198272],[2.030595,47.199805],[2.031031,47.201703],[2.030835,47.202992],[2.029546,47.204367],[2.029391,47.205275],[2.028352,47.20592],[2.026736,47.208485],[2.025482,47.209083],[2.02206,47.211699],[2.019564,47.212321],[2.018657,47.212111],[2.018582,47.211804],[2.018198,47.212078],[2.017013,47.212114],[2.016416,47.212469],[2.015811,47.212545],[2.015454,47.212912],[2.01455,47.213128],[2.014445,47.213347],[2.015034,47.213466],[2.015101,47.213892],[2.014267,47.213866],[2.013919,47.214338],[2.012836,47.214033],[2.012269,47.214522],[2.011461,47.214626],[2.01056,47.21431],[2.009894,47.213828],[2.009184,47.213627],[2.008691,47.213733],[2.008775,47.2146],[2.0085,47.214546],[2.007625,47.214809],[2.008499,47.215618],[2.008354,47.216329],[2.006307,47.216334],[2.003969,47.217474],[2.002759,47.217659],[2.002128,47.217934],[2.001133,47.218576],[2.000961,47.219214],[2.001082,47.219792],[2.003182,47.222383],[2.004503,47.222711],[2.006099,47.222664],[2.019107,47.21828],[2.022815,47.220735],[2.025115,47.22108],[2.026355,47.221006],[2.027631,47.220135],[2.028713,47.220034],[2.029858,47.220271],[2.033974,47.220286],[2.035517,47.219473],[2.036793,47.219357],[2.040292,47.218528],[2.040779,47.218148],[2.043233,47.217479],[2.043817,47.218471],[2.045225,47.219735],[2.046078,47.220154],[2.047127,47.220351],[2.047332,47.221568],[2.047828,47.222272],[2.047525,47.222607],[2.046362,47.223172],[2.048118,47.223344],[2.048607,47.223477],[2.048945,47.22379],[2.049777,47.223687],[2.050748,47.223337],[2.051227,47.223462],[2.052055,47.223426],[2.052446,47.223646],[2.053939,47.222944],[2.055059,47.2232],[2.054657,47.223968],[2.055739,47.224261],[2.055932,47.224599],[2.056754,47.224656],[2.057096,47.22442],[2.057027,47.224119],[2.057316,47.224005],[2.057963,47.224264],[2.057826,47.223803],[2.05849,47.223698],[2.060642,47.223903],[2.061554,47.223112],[2.061615,47.222657],[2.061434,47.222503],[2.061686,47.222263],[2.062415,47.222451],[2.06312,47.222277],[2.063269,47.222068],[2.06374,47.222134],[2.063893,47.222307],[2.063251,47.222465],[2.062954,47.222883],[2.06307,47.223484],[2.062819,47.223626],[2.062929,47.223867],[2.06269,47.224056],[2.063017,47.2242],[2.063747,47.224036],[2.064442,47.223573],[2.064725,47.223563],[2.06417,47.223179],[2.064373,47.222849],[2.064944,47.223181],[2.064817,47.223383],[2.064957,47.22345],[2.067117,47.222521],[2.067131,47.222218],[2.066493,47.222224],[2.067011,47.221596],[2.06677,47.221497],[2.066701,47.221065],[2.06701,47.220725],[2.067703,47.220853],[2.067484,47.221286],[2.067643,47.221489],[2.06775,47.2213],[2.068167,47.22147],[2.068204,47.221898],[2.069275,47.221671],[2.069044,47.22122],[2.069004,47.220777],[2.069188,47.220726],[2.070092,47.220764],[2.072505,47.220455],[2.073235,47.221235],[2.073559,47.221254],[2.074036,47.220566],[2.075285,47.220366],[2.075837,47.220096],[2.07648,47.220027],[2.077465,47.220153],[2.078859,47.219838],[2.079633,47.219298],[2.080783,47.21919],[2.081523,47.219319],[2.083265,47.219046],[2.084696,47.218376],[2.087195,47.217545],[2.088835,47.216338],[2.089214,47.215969],[2.088896,47.214965],[2.088434,47.214617],[2.085771,47.214932],[2.084301,47.214657],[2.08363,47.21475],[2.083081,47.21331],[2.086634,47.211415],[2.086619,47.210087],[2.088326,47.207698],[2.08895,47.20737],[2.089415,47.206829],[2.092773,47.204307],[2.094229,47.20343],[2.093898,47.20224],[2.09402,47.196467],[2.094495,47.19693],[2.0953,47.196904],[2.097512,47.197388],[2.09909,47.197901],[2.101708,47.197932],[2.103672,47.197768],[2.106207,47.198022],[2.107263,47.19765],[2.108124,47.196983],[2.108975,47.19485],[2.109633,47.194393],[2.110345,47.194393],[2.111876,47.194912],[2.112538,47.195394],[2.112893,47.195909]],[[2.099024,47.191006],[2.098991,47.191339],[2.10038,47.193704],[2.098011,47.194649],[2.096054,47.195731],[2.094033,47.19589],[2.094076,47.193882],[2.099024,47.191006]],[[2.059927,47.222594],[2.060209,47.222484],[2.060566,47.222745],[2.060584,47.22296],[2.059824,47.223659],[2.059385,47.222971],[2.059927,47.222594]]]}},{"type":"Feature","properties":{"uai_primary":"0180593X","uai_all":"0180593X","is_merged":false},"geometry":{"type":"Polygon","coordinates":[[[2.391112,47.096582],[2.391635,47.096502],[2.391995,47.096119],[2.391112,47.096582]],[[2.367337,47.247952],[2.370061,47.2474],[2.37114,47.247035],[2.371846,47.24388],[2.37483,47.239039],[2.375357,47.237824],[2.375998,47.237642],[2.376514,47.237906],[2.37798,47.237614],[2.378255,47.237058],[2.379926,47.236094],[2.380793,47.235827],[2.381525,47.235924],[2.383565,47.235458],[2.385666,47.234447],[2.389099,47.230709],[2.392867,47.226048],[2.392469,47.225606],[2.392807,47.224066],[2.393831,47.223452],[2.39402,47.222965],[2.395501,47.22314],[2.396634,47.221993],[2.397298,47.220438],[2.39702,47.219665],[2.396733,47.219425],[2.397591,47.218711],[2.401295,47.216549],[2.401627,47.216775],[2.402275,47.216537],[2.402935,47.216492],[2.404657,47.215571],[2.405289,47.215965],[2.408396,47.216427],[2.409085,47.214832],[2.410129,47.214797],[2.4115,47.215281],[2.412277,47.215883],[2.414888,47.216493],[2.417318,47.217581],[2.421347,47.217406],[2.422383,47.217685],[2.424446,47.217839],[2.426087,47.218194],[2.426288,47.217725],[2.426274,47.216676],[2.426506,47.216244],[2.427054,47.21582],[2.427159,47.214812],[2.426756,47.210269],[2.426227,47.20991],[2.425962,47.2091],[2.425233,47.207976],[2.425957,47.205906],[2.425955,47.205412],[2.425096,47.205053],[2.424894,47.204249],[2.424488,47.203637],[2.424513,47.203162],[2.424037,47.202822],[2.424028,47.202588],[2.423249,47.202432],[2.423112,47.201906],[2.422562,47.201288],[2.422001,47.199808],[2.419458,47.197608],[2.418636,47.196438],[2.416918,47.195394],[2.417209,47.194868],[2.41778,47.192303],[2.418478,47.191139],[2.417458,47.189952],[2.415358,47.18988],[2.414897,47.19004],[2.414474,47.190461],[2.411011,47.191645],[2.409473,47.191741],[2.407436,47.191501],[2.406028,47.191881],[2.40499,47.191915],[2.403036,47.191447],[2.401172,47.191621],[2.400769,47.191426],[2.400593,47.191064],[2.399512,47.191462],[2.398236,47.191375],[2.396406,47.190938],[2.392404,47.189613],[2.391436,47.189451],[2.391332,47.189625],[2.390959,47.189619],[2.387659,47.18929],[2.385979,47.188923],[2.384378,47.189001],[2.382708,47.18887],[2.384082,47.187191],[2.384692,47.185121],[2.385021,47.185015],[2.386311,47.183951],[2.387242,47.182775],[2.388401,47.18182],[2.389694,47.182609],[2.390424,47.182585],[2.392747,47.182977],[2.395107,47.181503],[2.395981,47.181189],[2.399177,47.180893],[2.400835,47.180463],[2.402257,47.179802],[2.403315,47.178219],[2.404274,47.178043],[2.405424,47.177542],[2.406949,47.176367],[2.409843,47.175409],[2.411737,47.175053],[2.411425,47.174425],[2.411018,47.172464],[2.414548,47.172486],[2.415236,47.172921],[2.415736,47.172586],[2.415278,47.172378],[2.415044,47.172018],[2.41494,47.171167],[2.414305,47.170918],[2.414766,47.170556],[2.414362,47.170395],[2.414634,47.17025],[2.414439,47.169909],[2.414815,47.169694],[2.414322,47.169425],[2.414631,47.169233],[2.414697,47.168451],[2.414321,47.168125],[2.414166,47.167676],[2.414886,47.167474],[2.41525,47.167562],[2.415948,47.16674],[2.417105,47.166621],[2.418198,47.165948],[2.418221,47.165535],[2.418554,47.165352],[2.418238,47.165273],[2.418385,47.165003],[2.417821,47.164652],[2.418077,47.164284],[2.417752,47.164052],[2.417687,47.163722],[2.418231,47.16398],[2.4185,47.163491],[2.419143,47.163168],[2.41874,47.163084],[2.418633,47.16198],[2.419181,47.161345],[2.418953,47.160954],[2.41935,47.16057],[2.419145,47.160363],[2.419442,47.160101],[2.419219,47.159669],[2.419855,47.159367],[2.420046,47.158696],[2.421296,47.157354],[2.42135,47.156988],[2.422143,47.156373],[2.421935,47.156214],[2.418924,47.155707],[2.416062,47.155684],[2.414611,47.155165],[2.41359,47.155047],[2.411584,47.155082],[2.40964,47.155329],[2.404678,47.155252],[2.4042,47.155069],[2.405022,47.150672],[2.404838,47.148367],[2.404115,47.146284],[2.401634,47.142836],[2.400772,47.139325],[2.403473,47.138882],[2.404493,47.138459],[2.405362,47.137869],[2.404621,47.135591],[2.404925,47.134317],[2.405067,47.132116],[2.40363,47.129486],[2.40583,47.128848],[2.406383,47.127337],[2.407468,47.126216],[2.408635,47.126492],[2.409461,47.1265],[2.411783,47.126138],[2.413487,47.126464],[2.41414,47.126268],[2.414429,47.125789],[2.417573,47.125355],[2.417608,47.125545],[2.418482,47.125488],[2.420591,47.125736],[2.420872,47.124295],[2.422134,47.124022],[2.42203,47.123467],[2.421146,47.122747],[2.420863,47.12202],[2.419794,47.121008],[2.418933,47.120668],[2.419029,47.119736],[2.419356,47.118972],[2.418641,47.11709],[2.417832,47.116088],[2.416112,47.115427],[2.415299,47.114702],[2.4156,47.114112],[2.415711,47.112775],[2.415167,47.111892],[2.415214,47.111306],[2.414055,47.110058],[2.413644,47.110046],[2.413409,47.109149],[2.413067,47.108947],[2.41174,47.107159],[2.4117,47.106886],[2.411929,47.106647],[2.411425,47.105686],[2.410956,47.1055],[2.410541,47.104733],[2.410787,47.104214],[2.410754,47.103443],[2.410588,47.103282],[2.40861,47.102964],[2.407772,47.101961],[2.407333,47.101858],[2.407138,47.101334],[2.407294,47.100355],[2.406454,47.099384],[2.406578,47.098544],[2.406218,47.098362],[2.405255,47.096872],[2.404597,47.096776],[2.404167,47.095859],[2.403862,47.095675],[2.402674,47.095539],[2.402141,47.09527],[2.402214,47.094734],[2.400341,47.093277],[2.399664,47.093737],[2.398352,47.094032],[2.397275,47.093667],[2.396612,47.094382],[2.395675,47.094637],[2.394164,47.094539],[2.393044,47.095115],[2.393031,47.095411],[2.392269,47.095975],[2.392402,47.095963],[2.392395,47.096529],[2.39279,47.09682],[2.392891,47.097124],[2.392357,47.099194],[2.392358,47.100768],[2.39207,47.101086],[2.392773,47.102102],[2.39139,47.103899],[2.392444,47.10612],[2.391829,47.107235],[2.390639,47.107359],[2.389883,47.107201],[2.389034,47.107978],[2.387874,47.109587],[2.38769,47.111613],[2.388361,47.112666],[2.388563,47.113356],[2.388181,47.11565],[2.387695,47.116645],[2.387376,47.118127],[2.386029,47.119758],[2.385633,47.1207],[2.385068,47.121419],[2.384908,47.122623],[2.384608,47.123249],[2.384947,47.123508],[2.384399,47.124035],[2.384853,47.12442],[2.386422,47.125107],[2.384881,47.126763],[2.383811,47.1295],[2.381705,47.131058],[2.379569,47.133631],[2.381061,47.135483],[2.382651,47.138333],[2.379101,47.13871],[2.378597,47.139264],[2.377038,47.139823],[2.374568,47.139699],[2.373908,47.140693],[2.373773,47.141593],[2.371169,47.144246],[2.369138,47.149297],[2.366438,47.149826],[2.365835,47.151041],[2.365218,47.153187],[2.363499,47.154943],[2.362824,47.156349],[2.362604,47.157735],[2.361945,47.158925],[2.362402,47.15931],[2.362126,47.159942],[2.362112,47.160735],[2.360262,47.1656],[2.36083,47.167806],[2.360873,47.168982],[2.360635,47.170251],[2.360935,47.172046],[2.360389,47.173548],[2.357964,47.177333],[2.356778,47.180886],[2.354997,47.183045],[2.354997,47.183495],[2.356054,47.185025],[2.356516,47.18543],[2.359409,47.187054],[2.3598,47.192018],[2.35929,47.192266],[2.359027,47.193975],[2.357707,47.19465],[2.355992,47.196989],[2.355014,47.19791],[2.352739,47.19865],[2.351874,47.197725],[2.350357,47.197259],[2.348651,47.196454],[2.347727,47.196234],[2.346009,47.195336],[2.345137,47.195187],[2.344855,47.195782],[2.343712,47.196691],[2.3434,47.19725],[2.343037,47.201723],[2.341498,47.201553],[2.344629,47.21107],[2.364902,47.243646],[2.367337,47.247952]],[[2.392388,47.11043],[2.391991,47.110416],[2.391314,47.110115],[2.391231,47.109741],[2.391833,47.109409],[2.391806,47.108991],[2.392679,47.108785],[2.392934,47.109563],[2.392768,47.109811],[2.393032,47.110096],[2.392763,47.110378],[2.392388,47.11043]],[[2.407125,47.124127],[2.407266,47.124311],[2.406934,47.124209],[2.407125,47.124127]]]}},{"type":"Feature","properties":{"uai_primary":"0180643B","uai_all":"0180643B","is_merged":false},"geometry":{"type":"Polygon","coordinates":[[[2.287817,47.277941],[2.287859,47.2781],[2.289906,47.279321],[2.294889,47.281417],[2.297027,47.282702],[2.298731,47.283455],[2.299115,47.283477],[2.302818,47.281994],[2.313328,47.279163],[2.314253,47.278803],[2.320828,47.274543],[2.324109,47.271597],[2.326193,47.269333],[2.331492,47.266826],[2.334798,47.26285],[2.334626,47.261789],[2.337119,47.259735],[2.336658,47.258745],[2.336525,47.257396],[2.335931,47.256407],[2.336525,47.254922],[2.333949,47.25056],[2.334808,47.249885],[2.33527,47.24921],[2.33679,47.248311],[2.338309,47.248085],[2.339497,47.247681],[2.340422,47.247141],[2.341348,47.246961],[2.345839,47.246646],[2.348811,47.245881],[2.352906,47.245161],[2.355548,47.244486],[2.356868,47.244486],[2.365126,47.247498],[2.367309,47.24801],[2.364902,47.243646],[2.344629,47.21107],[2.341498,47.201553],[2.343037,47.201723],[2.3434,47.19725],[2.343712,47.196691],[2.344855,47.195782],[2.345137,47.195187],[2.346009,47.195336],[2.347727,47.196234],[2.348651,47.196454],[2.350357,47.197259],[2.351874,47.197725],[2.352739,47.19865],[2.355014,47.19791],[2.355992,47.196989],[2.357707,47.19465],[2.359027,47.193975],[2.35929,47.192266],[2.3598,47.192018],[2.359409,47.187054],[2.356516,47.18543],[2.356054,47.185025],[2.354997,47.183495],[2.354997,47.183045],[2.356778,47.180886],[2.357964,47.177333],[2.360389,47.173548],[2.360935,47.172046],[2.360635,47.170251],[2.360873,47.168982],[2.36083,47.167806],[2.360262,47.1656],[2.362112,47.160735],[2.362126,47.159942],[2.362402,47.15931],[2.361945,47.158925],[2.362604,47.157735],[2.362824,47.156349],[2.363499,47.154943],[2.365218,47.153187],[2.365835,47.151041],[2.366438,47.149826],[2.369138,47.149297],[2.371169,47.144246],[2.373773,47.141593],[2.373908,47.140693],[2.374568,47.139699],[2.377038,47.139823],[2.378597,47.139264],[2.379101,47.13871],[2.382651,47.138333],[2.381061,47.135483],[2.379569,47.133631],[2.381705,47.131058],[2.383811,47.1295],[2.384881,47.126763],[2.386422,47.125107],[2.384853,47.12442],[2.384399,47.124035],[2.384947,47.123508],[2.384608,47.123249],[2.384908,47.122623],[2.385068,47.121419],[2.385633,47.1207],[2.386029,47.119758],[2.387376,47.118127],[2.387695,47.116645],[2.388181,47.11565],[2.388563,47.113356],[2.388361,47.112666],[2.38769,47.111613],[2.387874,47.109587],[2.389034,47.107978],[2.389883,47.107201],[2.390639,47.107359],[2.391829,47.107235],[2.392444,47.10612],[2.391391,47.103856],[2.392773,47.102102],[2.392067,47.101042],[2.392358,47.100768],[2.392357,47.099194],[2.392892,47.097044],[2.392395,47.096529],[2.392402,47.095963],[2.391979,47.095995],[2.391588,47.096523],[2.390394,47.096682],[2.38907,47.096566],[2.388446,47.09633],[2.388007,47.094707],[2.389182,47.092143],[2.388739,47.091565],[2.388134,47.091877],[2.387272,47.091413],[2.386258,47.091343],[2.38568,47.091454],[2.385514,47.091809],[2.384954,47.091554],[2.382299,47.091587],[2.38197,47.091698],[2.376052,47.091663],[2.372577,47.091393],[2.371431,47.091061],[2.371193,47.090684],[2.370253,47.090632],[2.370643,47.088967],[2.371444,47.088623],[2.373933,47.088581],[2.374431,47.088103],[2.374186,47.086835],[2.371881,47.087253],[2.370788,47.086884],[2.369721,47.08728],[2.368762,47.088046],[2.368353,47.088127],[2.367418,47.087659],[2.367181,47.0881],[2.366891,47.088199],[2.365258,47.087497],[2.363583,47.087218],[2.362898,47.086651],[2.362121,47.086596],[2.360488,47.086957],[2.358539,47.086867],[2.357813,47.086173],[2.35581,47.08557],[2.354336,47.085705],[2.352176,47.085616],[2.350079,47.08513],[2.348987,47.084715],[2.347511,47.084669],[2.34663,47.08494],[2.347025,47.085679],[2.346802,47.086012],[2.345959,47.085849],[2.345787,47.085291],[2.344826,47.085003],[2.34385,47.085309],[2.343483,47.086345],[2.343577,47.087082],[2.344262,47.087344],[2.344144,47.087623],[2.343526,47.087605],[2.343222,47.087433],[2.34097,47.087495],[2.34006,47.087],[2.339623,47.087123],[2.339591,47.087497],[2.339253,47.087758],[2.339064,47.087599],[2.339323,47.087117],[2.338216,47.086866],[2.337665,47.087973],[2.336336,47.088503],[2.335809,47.089016],[2.336547,47.089764],[2.337074,47.089971],[2.336944,47.090403],[2.336251,47.09013],[2.336156,47.089848],[2.335036,47.089564],[2.334175,47.089155],[2.333691,47.089302],[2.333778,47.089833],[2.333388,47.090321],[2.332874,47.090218],[2.332183,47.089726],[2.331183,47.089849],[2.330678,47.089429],[2.329694,47.089714],[2.329181,47.089654],[2.328769,47.089476],[2.328606,47.089127],[2.328886,47.088887],[2.329246,47.088948],[2.330022,47.088761],[2.330058,47.088517],[2.329539,47.087947],[2.329855,47.087599],[2.330844,47.087646],[2.331265,47.087981],[2.331569,47.087976],[2.3357,47.085833],[2.338058,47.084833],[2.338188,47.084501],[2.337884,47.08118],[2.33492,47.081256],[2.331477,47.079741],[2.330705,47.079543],[2.328927,47.077512],[2.32838,47.077101],[2.325857,47.075878],[2.32472,47.074969],[2.324017,47.073926],[2.321157,47.074078],[2.315605,47.073178],[2.31623,47.071341],[2.316065,47.070727],[2.315743,47.070555],[2.315689,47.06965],[2.3153,47.069611],[2.315634,47.068458],[2.31286,47.067671],[2.312836,47.066641],[2.313193,47.065102],[2.309555,47.064585],[2.306764,47.063714],[2.299707,47.063261],[2.296214,47.062847],[2.296189,47.063125],[2.294396,47.062819],[2.294186,47.062964],[2.290646,47.062108],[2.288023,47.061693],[2.282926,47.060059],[2.282877,47.059896],[2.279838,47.059271],[2.279548,47.05988],[2.277325,47.059201],[2.273095,47.058285],[2.272719,47.058604],[2.272151,47.058725],[2.268749,47.058358],[2.265557,47.057542],[2.258051,47.057203],[2.2581,47.059065],[2.257916,47.059072],[2.256864,47.061984],[2.24058,47.075743],[2.231377,47.089189],[2.229423,47.092435],[2.223382,47.096321],[2.216,47.102564],[2.218842,47.10338],[2.225742,47.106895],[2.216482,47.117516],[2.213699,47.119933],[2.218791,47.123296],[2.218456,47.123493],[2.220232,47.125097],[2.221771,47.124837],[2.2221,47.126179],[2.222753,47.126714],[2.222462,47.12694],[2.223781,47.127749],[2.22637,47.128985],[2.226889,47.129495],[2.228196,47.129249],[2.229792,47.129183],[2.230585,47.128953],[2.230776,47.12827],[2.231834,47.127942],[2.232445,47.12744],[2.233138,47.126606],[2.232996,47.126183],[2.233432,47.126022],[2.234208,47.126304],[2.234829,47.126136],[2.235007,47.125408],[2.235523,47.125158],[2.23603,47.124386],[2.236906,47.123868],[2.238413,47.123335],[2.239687,47.122305],[2.239773,47.121784],[2.240221,47.121398],[2.240493,47.121359],[2.241339,47.121659],[2.242379,47.121324],[2.242988,47.121412],[2.243578,47.121134],[2.244059,47.12053],[2.244949,47.120334],[2.245076,47.1201],[2.244714,47.119669],[2.245057,47.118916],[2.246192,47.118943],[2.246397,47.119241],[2.246263,47.119493],[2.24737,47.119446],[2.247946,47.119664],[2.248134,47.119416],[2.248933,47.119235],[2.249089,47.119721],[2.249737,47.119407],[2.250029,47.119653],[2.250582,47.119075],[2.251002,47.119958],[2.249629,47.120422],[2.253452,47.123064],[2.254811,47.123735],[2.254653,47.123866],[2.255118,47.12423],[2.258582,47.126329],[2.263403,47.128895],[2.264555,47.127895],[2.267328,47.128914],[2.271389,47.131867],[2.272948,47.132417],[2.273902,47.134395],[2.272539,47.136067],[2.272429,47.136816],[2.264479,47.138067],[2.265956,47.138729],[2.268132,47.141214],[2.26832,47.141758],[2.268048,47.142338],[2.268276,47.14433],[2.268158,47.144776],[2.267794,47.145597],[2.266711,47.146733],[2.266185,47.14767],[2.265794,47.150878],[2.266171,47.152357],[2.267064,47.153789],[2.268696,47.155395],[2.270039,47.155307],[2.270638,47.155646],[2.270362,47.156924],[2.273482,47.160496],[2.274653,47.162603],[2.274993,47.16473],[2.275456,47.164859],[2.275719,47.165309],[2.275519,47.165894],[2.275488,47.16753],[2.273023,47.171349],[2.272979,47.173949],[2.272431,47.176139],[2.271969,47.176814],[2.272852,47.176719],[2.273326,47.17681],[2.274425,47.177269],[2.274871,47.177754],[2.275641,47.177995],[2.276992,47.177664],[2.277419,47.178444],[2.279465,47.177995],[2.280982,47.178086],[2.282426,47.178483],[2.284735,47.178814],[2.285345,47.179245],[2.286498,47.179505],[2.288363,47.18051],[2.288992,47.180567],[2.290394,47.181167],[2.292416,47.181547],[2.29289,47.181603],[2.294767,47.180521],[2.295821,47.180881],[2.295821,47.181016],[2.294139,47.181868],[2.29582,47.182519],[2.297008,47.18365],[2.295983,47.185352],[2.29575,47.192116],[2.295136,47.192606],[2.293306,47.19307],[2.287166,47.19572],[2.283423,47.198277],[2.282146,47.199676],[2.279453,47.20527],[2.276336,47.209676],[2.274242,47.208929],[2.274405,47.208615],[2.272219,47.208593],[2.272012,47.208852],[2.26907,47.208171],[2.268184,47.208413],[2.265426,47.208545],[2.265024,47.208279],[2.263723,47.207987],[2.262413,47.207428],[2.261617,47.208162],[2.259615,47.211452],[2.258349,47.212557],[2.257183,47.21248],[2.25586,47.212739],[2.255049,47.213969],[2.255925,47.214533],[2.257222,47.21639],[2.257955,47.218437],[2.258359,47.220577],[2.258953,47.220667],[2.259268,47.220937],[2.258287,47.222025],[2.254847,47.229166],[2.257209,47.239917],[2.261365,47.243113],[2.266113,47.248784],[2.273374,47.252206],[2.274629,47.252522],[2.27628,47.252702],[2.277534,47.253063],[2.27909,47.25398],[2.280853,47.254179],[2.282474,47.254551],[2.284194,47.26548],[2.287817,47.277941]]]}},{"type":"Feature","properties":{"uai_primary":"0180644C","uai_all":"0180644C","is_merged":false},"geometry":{"type":"Polygon","coordinates":[[[2.059385,47.222971],[2.059824,47.223659],[2.060584,47.22296],[2.060566,47.222745],[2.060209,47.222484],[2.059385,47.222971]],[[2.064923,47.223294],[2.064734,47.222984],[2.064373,47.222849],[2.064214,47.223262],[2.064753,47.223511],[2.064923,47.223294]],[[2.031091,47.188814],[2.031385,47.1874],[2.030793,47.18645],[2.029867,47.185996],[2.029507,47.18517],[2.030229,47.18367],[2.032146,47.181596],[2.032654,47.179754],[2.032833,47.177495],[2.033337,47.176062],[2.033376,47.175294],[2.032959,47.172683],[2.032484,47.171778],[2.032904,47.170762],[2.03261,47.169925],[2.03353,47.168402],[2.033135,47.168062],[2.031414,47.167661],[2.028609,47.165575],[2.028946,47.161623],[2.029628,47.159794],[2.030071,47.159318],[2.035837,47.157242],[2.037412,47.156112],[2.038232,47.155882],[2.03871,47.155945],[2.039589,47.155787],[2.040112,47.155393],[2.041339,47.153757],[2.04135,47.153333],[2.040405,47.153234],[2.039984,47.153036],[2.039633,47.153126],[2.03902,47.152184],[2.038209,47.15169],[2.038304,47.151008],[2.037377,47.151138],[2.036633,47.151714],[2.03616,47.151879],[2.036244,47.151549],[2.035751,47.151288],[2.036288,47.151219],[2.036177,47.150783],[2.036623,47.150096],[2.035652,47.149165],[2.035115,47.149186],[2.035432,47.147747],[2.036307,47.147485],[2.036083,47.146938],[2.036621,47.146813],[2.036737,47.146519],[2.037639,47.145936],[2.037199,47.145554],[2.036546,47.145334],[2.036598,47.144678],[2.037094,47.144793],[2.037664,47.144673],[2.038263,47.143699],[2.038316,47.142645],[2.038065,47.142327],[2.038351,47.142061],[2.038395,47.141552],[2.038741,47.141248],[2.038683,47.14057],[2.038969,47.139887],[2.03836,47.139392],[2.037807,47.139565],[2.037562,47.139361],[2.037317,47.139507],[2.036773,47.138983],[2.037307,47.13848],[2.036089,47.137842],[2.03094,47.136717],[2.013315,47.129831],[2.010948,47.12897],[2.010749,47.129239],[2.010551,47.129238],[2.00961,47.128944],[2.010851,47.12712],[2.008656,47.127213],[2.00542,47.127694],[1.999929,47.127559],[1.997905,47.127047],[1.996481,47.127251],[1.991863,47.125247],[1.989894,47.126651],[1.98816,47.126519],[1.986718,47.125345],[1.984841,47.124202],[1.979801,47.122668],[1.976704,47.120944],[1.974729,47.120357],[1.973402,47.120188],[1.970012,47.12057],[1.968607,47.122896],[1.969313,47.12353],[1.969072,47.125099],[1.967606,47.125376],[1.966419,47.125417],[1.963657,47.124643],[1.960045,47.122832],[1.954276,47.11854],[1.948748,47.117622],[1.947306,47.116673],[1.942669,47.124429],[1.939775,47.128593],[1.939816,47.128843],[1.936258,47.131388],[1.937096,47.131719],[1.932965,47.133455],[1.931937,47.145821],[1.933457,47.148835],[1.93423,47.152459],[1.935297,47.154055],[1.935554,47.15491],[1.935403,47.157879],[1.935755,47.159143],[1.938795,47.16156],[1.94014,47.163553],[1.942563,47.166372],[1.944072,47.167722],[1.945541,47.1686],[1.947411,47.170332],[1.948894,47.171384],[1.954721,47.174646],[1.958527,47.177145],[1.965779,47.17838],[1.96204,47.185745],[1.960263,47.188442],[1.959833,47.188671],[1.958864,47.188797],[1.955358,47.188944],[1.956268,47.189574],[1.956464,47.191121],[1.957782,47.191748],[1.957578,47.192999],[1.957101,47.193786],[1.957256,47.194908],[1.956667,47.195725],[1.954695,47.198015],[1.952305,47.200353],[1.951498,47.200208],[1.950211,47.198566],[1.949407,47.199044],[1.948149,47.200313],[1.947569,47.200473],[1.94596,47.201895],[1.944796,47.201777],[1.940332,47.202457],[1.940498,47.203313],[1.940083,47.204095],[1.937706,47.203699],[1.935648,47.203748],[1.932944,47.20244],[1.925498,47.202014],[1.924292,47.203],[1.925789,47.20425],[1.92713,47.205718],[1.927205,47.206653],[1.926917,47.207381],[1.926909,47.208104],[1.926353,47.209209],[1.919811,47.213637],[1.918872,47.213875],[1.91732,47.213501],[1.91936,47.21497],[1.917211,47.217515],[1.916974,47.218496],[1.915998,47.218334],[1.915157,47.217923],[1.913632,47.216674],[1.912687,47.215474],[1.908159,47.221203],[1.903335,47.214923],[1.899367,47.213877],[1.893369,47.215074],[1.894484,47.213258],[1.881682,47.20899],[1.872229,47.205477],[1.870781,47.207749],[1.87064,47.208749],[1.869953,47.210358],[1.868244,47.212386],[1.86705,47.213187],[1.865319,47.213769],[1.86399,47.215064],[1.862826,47.215658],[1.862137,47.215836],[1.861008,47.216916],[1.8571,47.219488],[1.855321,47.220244],[1.852183,47.222254],[1.850573,47.221075],[1.849916,47.219381],[1.849707,47.218237],[1.838963,47.219659],[1.827112,47.222411],[1.818077,47.227691],[1.808469,47.23377],[1.795711,47.237926],[1.796875,47.239914],[1.795614,47.243606],[1.794381,47.244965],[1.795144,47.245181],[1.795394,47.247499],[1.795075,47.248739],[1.800535,47.254458],[1.802757,47.257773],[1.80349,47.259542],[1.804635,47.26087],[1.806464,47.262371],[1.808954,47.266074],[1.81007,47.26693],[1.808969,47.26827],[1.806874,47.269689],[1.80842,47.271186],[1.808888,47.271916],[1.81027,47.275714],[1.811453,47.276395],[1.811738,47.276918],[1.811601,47.277273],[1.811972,47.277569],[1.812733,47.276926],[1.815068,47.276325],[1.817164,47.27541],[1.821129,47.275281],[1.822947,47.274634],[1.823557,47.275145],[1.824198,47.275187],[1.826323,47.274216],[1.82726,47.27311],[1.829279,47.27265],[1.831543,47.271847],[1.833978,47.270329],[1.834222,47.270546],[1.834919,47.270427],[1.835145,47.270592],[1.835334,47.270505],[1.835884,47.271152],[1.835341,47.271364],[1.83538,47.272246],[1.834362,47.274229],[1.834296,47.275246],[1.834706,47.27581],[1.835042,47.275707],[1.83651,47.276616],[1.837337,47.27688],[1.841326,47.276888],[1.84393,47.276235],[1.844949,47.275394],[1.847458,47.275075],[1.848028,47.274803],[1.848468,47.274052],[1.848767,47.27149],[1.84915,47.27105],[1.84974,47.270737],[1.850534,47.270598],[1.851704,47.270694],[1.854305,47.271401],[1.855796,47.271518],[1.85611,47.270709],[1.856738,47.27011],[1.856051,47.268421],[1.854587,47.268792],[1.85159,47.266192],[1.851805,47.266225],[1.853183,47.26462],[1.854722,47.263759],[1.855539,47.264006],[1.857689,47.26382],[1.859318,47.264405],[1.858952,47.264104],[1.86902,47.263876],[1.872117,47.264639],[1.875417,47.264592],[1.881242,47.267442],[1.881541,47.267767],[1.881734,47.267736],[1.882195,47.26875],[1.881823,47.26887],[1.88209,47.269675],[1.881771,47.269743],[1.88381,47.272713],[1.89762,47.281538],[1.897921,47.282395],[1.898312,47.282242],[1.903076,47.284909],[1.89935,47.287007],[1.89868,47.288191],[1.899302,47.289585],[1.90067,47.290778],[1.899889,47.292214],[1.899659,47.292326],[1.897949,47.296721],[1.898062,47.298325],[1.897793,47.299618],[1.897981,47.29961],[1.898031,47.30151],[1.897553,47.303695],[1.899357,47.306281],[1.905113,47.312243],[1.906918,47.321761],[1.908859,47.324749],[1.915313,47.326879],[1.921728,47.329278],[1.921144,47.3361],[1.92384,47.335891],[1.925061,47.336183],[1.925555,47.336667],[1.927078,47.336424],[1.928736,47.33641],[1.930084,47.336127],[1.930422,47.335916],[1.931761,47.335734],[1.932859,47.335645],[1.934774,47.335787],[1.936164,47.33566],[1.937788,47.336124],[1.938553,47.336579],[1.940054,47.336475],[1.940883,47.336325],[1.941768,47.335909],[1.943679,47.334454],[1.944303,47.334231],[1.946574,47.334414],[1.947342,47.333957],[1.947991,47.333961],[1.950774,47.33324],[1.951775,47.3336],[1.952636,47.33339],[1.95367,47.333561],[1.953989,47.333357],[1.955312,47.333175],[1.956914,47.33321],[1.958649,47.332278],[1.958938,47.331941],[1.958916,47.331603],[1.959484,47.331088],[1.959395,47.330831],[1.96077,47.330579],[1.961206,47.330214],[1.962922,47.329779],[1.965487,47.329705],[1.967008,47.329316],[1.967821,47.328893],[1.969704,47.328616],[1.971478,47.328575],[1.972123,47.328775],[1.972025,47.327587],[1.970745,47.327499],[1.968055,47.32564],[1.967165,47.324777],[1.968124,47.324564],[1.967344,47.323281],[1.967588,47.323132],[1.969322,47.323093],[1.972,47.322587],[1.971807,47.320181],[1.972287,47.319601],[1.970043,47.315976],[1.969961,47.313847],[1.968386,47.311343],[1.969141,47.311232],[1.969125,47.310795],[1.968451,47.30988],[1.969322,47.309778],[1.969104,47.309196],[1.969775,47.308987],[1.969594,47.307173],[1.969321,47.306588],[1.969588,47.305705],[1.969146,47.304087],[1.969594,47.304019],[1.969753,47.303801],[1.969666,47.302855],[1.970093,47.302874],[1.972636,47.301669],[1.970808,47.300829],[1.971302,47.299956],[1.970866,47.299437],[1.97104,47.299052],[1.970955,47.298481],[1.97137,47.29787],[1.972185,47.29751],[1.972036,47.297215],[1.972283,47.296835],[1.972227,47.296281],[1.970732,47.294387],[1.970085,47.294248],[1.969465,47.293899],[1.968893,47.292472],[1.968269,47.291923],[1.969254,47.290628],[1.97137,47.288511],[1.971033,47.287589],[1.971268,47.28717],[1.97026,47.286202],[1.971103,47.284246],[1.970727,47.282466],[1.975897,47.275905],[1.982082,47.273817],[1.987391,47.270387],[1.990063,47.269182],[1.994086,47.267077],[1.997934,47.264519],[1.998242,47.264007],[2.001833,47.264989],[2.006832,47.266777],[2.007782,47.268601],[2.014914,47.268729],[2.021514,47.266732],[2.02459,47.264839],[2.02564,47.266977],[2.025523,47.267909],[2.026423,47.268143],[2.029244,47.269437],[2.030208,47.269593],[2.032618,47.270371],[2.044039,47.27513],[2.046846,47.267444],[2.049733,47.262634],[2.057689,47.252018],[2.057739,47.243297],[2.058887,47.2427],[2.059513,47.242136],[2.060533,47.241907],[2.060844,47.241654],[2.060662,47.241534],[2.059716,47.241497],[2.059715,47.240988],[2.060305,47.240931],[2.060833,47.240603],[2.060665,47.240364],[2.06087,47.240089],[2.060782,47.239083],[2.060969,47.238558],[2.060743,47.238159],[2.061017,47.23668],[2.06092,47.235581],[2.061139,47.235404],[2.060913,47.235025],[2.060986,47.233633],[2.060715,47.233333],[2.061051,47.233117],[2.061215,47.232099],[2.060959,47.231894],[2.061164,47.231308],[2.061093,47.230752],[2.061389,47.230567],[2.061095,47.230538],[2.061188,47.229816],[2.060992,47.229695],[2.061433,47.229227],[2.06055,47.229041],[2.061313,47.228919],[2.061238,47.228647],[2.061403,47.228503],[2.061086,47.227917],[2.06147,47.227666],[2.061237,47.227333],[2.061741,47.227269],[2.061399,47.226643],[2.061113,47.226613],[2.060554,47.226975],[2.059228,47.227261],[2.058859,47.226569],[2.059308,47.226133],[2.059769,47.226208],[2.060098,47.225684],[2.06091,47.226227],[2.061556,47.225966],[2.061851,47.225415],[2.062129,47.225484],[2.062531,47.22534],[2.062641,47.224843],[2.062931,47.224639],[2.062714,47.224557],[2.063017,47.2242],[2.06269,47.224056],[2.062929,47.223867],[2.062819,47.223626],[2.06307,47.223484],[2.062975,47.222918],[2.063872,47.222905],[2.064325,47.222405],[2.063745,47.222137],[2.063923,47.221887],[2.063662,47.221635],[2.063266,47.221793],[2.06312,47.222277],[2.062673,47.2223],[2.062659,47.222138],[2.062396,47.222131],[2.062309,47.222396],[2.061686,47.222263],[2.061434,47.222503],[2.061615,47.222657],[2.061554,47.223112],[2.060642,47.223903],[2.05849,47.223698],[2.057826,47.223803],[2.057963,47.224264],[2.057316,47.224005],[2.057027,47.224119],[2.057096,47.22442],[2.056754,47.224656],[2.055932,47.224599],[2.055739,47.224261],[2.054657,47.223968],[2.055059,47.2232],[2.053939,47.222944],[2.052446,47.223646],[2.052055,47.223426],[2.051227,47.223462],[2.050748,47.223337],[2.049777,47.223687],[2.048945,47.22379],[2.048607,47.223477],[2.048118,47.223344],[2.046362,47.223172],[2.047525,47.222607],[2.047828,47.222272],[2.047332,47.221568],[2.047127,47.220351],[2.046078,47.220154],[2.045225,47.219735],[2.043817,47.218471],[2.043233,47.217479],[2.040779,47.218148],[2.040292,47.218528],[2.036793,47.219357],[2.035517,47.219473],[2.033974,47.220286],[2.029858,47.220271],[2.028713,47.220034],[2.027631,47.220135],[2.026355,47.221006],[2.025115,47.22108],[2.022815,47.220735],[2.019107,47.21828],[2.006099,47.222664],[2.004503,47.222711],[2.003182,47.222383],[2.001082,47.219792],[2.000961,47.219214],[2.001133,47.218576],[2.002128,47.217934],[2.002759,47.217659],[2.003969,47.217474],[2.006307,47.216334],[2.008354,47.216329],[2.008499,47.215618],[2.007625,47.214809],[2.0085,47.214546],[2.008775,47.2146],[2.008691,47.213733],[2.009184,47.213627],[2.009894,47.213828],[2.01056,47.21431],[2.011461,47.214626],[2.012269,47.214522],[2.012836,47.214033],[2.013919,47.214338],[2.014267,47.213866],[2.015101,47.213892],[2.015034,47.213466],[2.014445,47.213347],[2.01455,47.213128],[2.015454,47.212912],[2.015811,47.212545],[2.016416,47.212469],[2.017013,47.212114],[2.018198,47.212078],[2.018582,47.211804],[2.018657,47.212111],[2.019564,47.212321],[2.021966,47.211752],[2.025482,47.209083],[2.026736,47.208485],[2.028431,47.205817],[2.029391,47.205275],[2.029546,47.204367],[2.030605,47.203304],[2.030976,47.202574],[2.031031,47.201703],[2.030595,47.199805],[2.031726,47.198272],[2.031786,47.196902],[2.030607,47.195012],[2.030837,47.193942],[2.029765,47.191522],[2.031014,47.189892],[2.031091,47.188814]],[[2.255582,47.213345],[2.25586,47.212739],[2.255864,47.211268],[2.253555,47.210184],[2.250917,47.209598],[2.247883,47.207616],[2.244583,47.207614],[2.242669,47.207297],[2.241548,47.207296],[2.239566,47.207744],[2.23639,47.207848],[2.234441,47.207515],[2.233503,47.20691],[2.233451,47.206664],[2.233029,47.206783],[2.231524,47.205838],[2.229956,47.205367],[2.228677,47.205436],[2.227131,47.205202],[2.225773,47.206087],[2.223723,47.206886],[2.222448,47.208289],[2.221122,47.206505],[2.219714,47.205385],[2.214864,47.209289],[2.21237,47.209607],[2.207905,47.209934],[2.19815,47.210303],[2.195338,47.210014],[2.192845,47.209214],[2.192228,47.20997],[2.189341,47.215814],[2.18934,47.217611],[2.188883,47.21884],[2.188741,47.220433],[2.188611,47.220805],[2.187789,47.221705],[2.187565,47.222312],[2.187948,47.223484],[2.189672,47.225823],[2.189696,47.226178],[2.188628,47.226086],[2.187702,47.22658],[2.185305,47.229871],[2.173243,47.231424],[2.172633,47.231642],[2.172104,47.232091],[2.171705,47.232945],[2.169499,47.23413],[2.168577,47.234868],[2.168083,47.235556],[2.168214,47.23598],[2.165973,47.236633],[2.165048,47.237216],[2.156904,47.235949],[2.153946,47.244249],[2.131581,47.24549],[2.118197,47.250902],[2.120569,47.251388],[2.118797,47.253901],[2.117268,47.253717],[2.117104,47.25481],[2.113309,47.257571],[2.11173,47.277929],[2.112728,47.277629],[2.114314,47.279229],[2.11149,47.279419],[2.11047,47.284052],[2.108728,47.284302],[2.105177,47.285943],[2.103328,47.285727],[2.102745,47.285835],[2.101404,47.285367],[2.099917,47.285281],[2.095945,47.284711],[2.093965,47.28505],[2.097959,47.309843],[2.099514,47.309723],[2.100122,47.312295],[2.10023,47.313046],[2.098798,47.317215],[2.100411,47.317342],[2.099141,47.321818],[2.100156,47.323906],[2.100516,47.327027],[2.119251,47.333528],[2.1219,47.335485],[2.124222,47.338578],[2.126015,47.340515],[2.127009,47.343677],[2.127472,47.344292],[2.127096,47.3449],[2.125671,47.345535],[2.12463,47.346377],[2.124015,47.346502],[2.12389,47.346958],[2.123253,47.347262],[2.122843,47.347871],[2.122502,47.350344],[2.12056,47.356142],[2.119758,47.357985],[2.11556,47.364678],[2.114492,47.366925],[2.11381,47.370082],[2.100873,47.367576],[2.09863,47.366935],[2.097057,47.366702],[2.096859,47.366794],[2.101078,47.383983],[2.102879,47.392599],[2.106519,47.395937],[2.107181,47.396747],[2.107373,47.397222],[2.117029,47.410107],[2.11497,47.421822],[2.117318,47.420317],[2.11931,47.419331],[2.120373,47.418569],[2.12153,47.417546],[2.122636,47.416099],[2.123767,47.415067],[2.125959,47.413811],[2.128218,47.412151],[2.131011,47.409413],[2.134196,47.408069],[2.136258,47.405779],[2.136723,47.405645],[2.137384,47.405736],[2.142691,47.408525],[2.144324,47.409848],[2.148887,47.412997],[2.156259,47.417255],[2.171658,47.426908],[2.180368,47.432562],[2.188903,47.437791],[2.194288,47.426734],[2.195462,47.425473],[2.195901,47.423947],[2.200895,47.414509],[2.201168,47.413524],[2.205063,47.405307],[2.211305,47.405409],[2.218082,47.407237],[2.22228,47.407717],[2.228299,47.407527],[2.230364,47.407651],[2.230393,47.407524],[2.226892,47.405231],[2.23618,47.39525],[2.234629,47.393517],[2.234093,47.391649],[2.234644,47.391076],[2.233926,47.390532],[2.23306,47.389304],[2.233265,47.3894],[2.235888,47.388321],[2.24114,47.387788],[2.246976,47.386681],[2.248901,47.386077],[2.252604,47.386518],[2.253267,47.384284],[2.254216,47.382806],[2.255279,47.380199],[2.255479,47.379074],[2.255152,47.37687],[2.255615,47.376826],[2.255198,47.375283],[2.258273,47.375129],[2.266699,47.373509],[2.267895,47.373431],[2.271644,47.372601],[2.267267,47.366057],[2.270593,47.364782],[2.270532,47.361937],[2.272783,47.361409],[2.280791,47.362089],[2.281519,47.361728],[2.282181,47.361639],[2.284498,47.361596],[2.285853,47.360827],[2.290241,47.361137],[2.296999,47.360769],[2.298201,47.360026],[2.299327,47.359668],[2.304466,47.358744],[2.307351,47.357749],[2.309314,47.357272],[2.310456,47.357213],[2.315549,47.357819],[2.319452,47.358097],[2.323159,47.357086],[2.323289,47.352746],[2.321305,47.348382],[2.321417,47.348164],[2.318909,47.344211],[2.323033,47.338063],[2.324817,47.32792],[2.325413,47.326165],[2.327476,47.322761],[2.32693,47.321864],[2.326101,47.321327],[2.325781,47.320659],[2.324779,47.320006],[2.323327,47.319649],[2.322805,47.319254],[2.321923,47.317606],[2.321326,47.315308],[2.321429,47.313836],[2.323075,47.309535],[2.32391,47.304736],[2.323713,47.303928],[2.324167,47.301846],[2.325321,47.299652],[2.325733,47.299252],[2.325583,47.298595],[2.326262,47.293751],[2.326061,47.293043],[2.326909,47.292474],[2.326189,47.291719],[2.324737,47.289483],[2.321221,47.285257],[2.319016,47.280221],[2.318535,47.277994],[2.318037,47.277292],[2.31817,47.276992],[2.317714,47.276572],[2.314253,47.278803],[2.313328,47.279163],[2.302818,47.281994],[2.299115,47.283477],[2.298731,47.283455],[2.297027,47.282702],[2.294889,47.281417],[2.289906,47.279321],[2.287859,47.2781],[2.284194,47.26548],[2.282474,47.254551],[2.280853,47.254179],[2.27909,47.25398],[2.277534,47.253063],[2.27628,47.252702],[2.274629,47.252522],[2.273374,47.252206],[2.266113,47.248784],[2.261365,47.243113],[2.257209,47.239917],[2.254847,47.229166],[2.258287,47.222025],[2.259268,47.220937],[2.258953,47.220667],[2.258359,47.220577],[2.257955,47.218437],[2.257222,47.21639],[2.255925,47.214533],[2.255049,47.213969],[2.255582,47.213345]]]}},{"type":"Feature","properties":{"uai_primary":"0180646E","uai_all":"0180646E","is_merged":false},"geometry":{"type":"Polygon","coordinates":[[[2.521161,46.7238],[2.520398,46.723956],[2.52023,46.724072],[2.520406,46.724283],[2.520524,46.724351],[2.521193,46.724035],[2.521161,46.7238]],[[2.517181,46.724797],[2.518471,46.724648],[2.518624,46.724465],[2.518401,46.724146],[2.517194,46.724097],[2.51623,46.724232],[2.517181,46.724797]],[[2.522397,46.725767],[2.525144,46.727854],[2.526307,46.728442],[2.528686,46.728575],[2.528678,46.726078],[2.527006,46.724544],[2.525281,46.724757],[2.52393,46.724566],[2.522472,46.724924],[2.522397,46.725767]],[[2.554323,46.735037],[2.554279,46.735425],[2.555838,46.737375],[2.556129,46.736362],[2.556898,46.735984],[2.557999,46.735754],[2.561511,46.734275],[2.561924,46.732639],[2.561811,46.731032],[2.560242,46.731451],[2.553994,46.734139],[2.554323,46.735037]],[[2.584574,46.704966],[2.586822,46.706064],[2.590545,46.704446],[2.591076,46.704522],[2.59228,46.704081],[2.593009,46.704762],[2.592854,46.705104],[2.593156,46.705241],[2.594303,46.704607],[2.596521,46.70613],[2.599589,46.704864],[2.599429,46.704622],[2.601245,46.70414],[2.601633,46.704434],[2.602522,46.704001],[2.604152,46.705221],[2.604673,46.706526],[2.606272,46.708032],[2.607649,46.710777],[2.60897,46.71184],[2.610378,46.712376],[2.61768,46.713188],[2.619398,46.709487],[2.619545,46.709498],[2.619903,46.709555],[2.620252,46.709867],[2.620624,46.710592],[2.622093,46.712014],[2.624373,46.713192],[2.625497,46.711126],[2.624796,46.710921],[2.625286,46.709914],[2.625705,46.709939],[2.626736,46.706822],[2.627318,46.705652],[2.631606,46.700467],[2.631539,46.700288],[2.629541,46.69987],[2.630742,46.698086],[2.631592,46.697859],[2.631851,46.697633],[2.630665,46.695791],[2.63066,46.694936],[2.630919,46.694576],[2.631507,46.69435],[2.631636,46.694035],[2.630465,46.693386],[2.628495,46.693547],[2.62646,46.693355],[2.626599,46.69272],[2.627307,46.692025],[2.628198,46.690332],[2.627061,46.690182],[2.625993,46.689796],[2.62546,46.690033],[2.624995,46.690049],[2.623251,46.689639],[2.623431,46.687757],[2.620226,46.68398],[2.622226,46.682498],[2.621373,46.681645],[2.620055,46.679714],[2.621884,46.67944],[2.62188,46.67881],[2.62131,46.678346],[2.621842,46.677777],[2.623167,46.67705],[2.623746,46.676507],[2.623885,46.675608],[2.625122,46.673282],[2.628078,46.674382],[2.632063,46.675071],[2.633458,46.675585],[2.633715,46.673779],[2.632693,46.672698],[2.632275,46.671827],[2.631731,46.669313],[2.631249,46.668201],[2.630913,46.665497],[2.630394,46.66503],[2.629533,46.664754],[2.628764,46.664282],[2.628212,46.663537],[2.628442,46.663432],[2.628607,46.660154],[2.628463,46.659345],[2.625026,46.65762],[2.623813,46.656697],[2.620288,46.657908],[2.618878,46.65902],[2.618623,46.659582],[2.617169,46.661088],[2.616037,46.660785],[2.612103,46.660887],[2.610142,46.660674],[2.607143,46.660605],[2.606781,46.66157],[2.606911,46.662734],[2.606734,46.664288],[2.607283,46.669736],[2.606319,46.671296],[2.605905,46.671369],[2.60462,46.670942],[2.604073,46.670591],[2.602652,46.669418],[2.600601,46.667353],[2.599136,46.666197],[2.598813,46.665713],[2.597336,46.664744],[2.59535,46.666232],[2.594306,46.666684],[2.593392,46.666641],[2.592999,46.666463],[2.592671,46.666059],[2.592791,46.665606],[2.592485,46.665381],[2.589962,46.664884],[2.587466,46.664925],[2.584898,46.664328],[2.584202,46.663655],[2.582275,46.662516],[2.581477,46.661854],[2.579648,46.662039],[2.5742,46.660847],[2.573375,46.660459],[2.572689,46.659712],[2.571992,46.659382],[2.570601,46.659161],[2.570783,46.657683],[2.569821,46.655228],[2.567218,46.653856],[2.566688,46.653332],[2.566997,46.652768],[2.567933,46.65199],[2.569453,46.650961],[2.570602,46.650762],[2.572525,46.650779],[2.574131,46.64985],[2.578493,46.649808],[2.581739,46.649085],[2.58957,46.647966],[2.591985,46.64745],[2.593001,46.646557],[2.593179,46.644629],[2.594441,46.643256],[2.596042,46.639955],[2.596674,46.637944],[2.596545,46.637506],[2.5946,46.63376],[2.593094,46.63133],[2.591724,46.629814],[2.586734,46.628002],[2.584566,46.626675],[2.584323,46.626128],[2.584288,46.625775],[2.584968,46.625096],[2.586351,46.62306],[2.586374,46.621759],[2.585873,46.620222],[2.58617,46.61925],[2.587421,46.617747],[2.588744,46.617025],[2.588321,46.615957],[2.587796,46.615328],[2.586879,46.614655],[2.585963,46.614297],[2.584787,46.61412],[2.582111,46.61426],[2.575804,46.611308],[2.568392,46.609107],[2.568036,46.609365],[2.562895,46.608542],[2.56237,46.607823],[2.557202,46.605134],[2.541704,46.597787],[2.540866,46.595925],[2.540622,46.594859],[2.540349,46.594807],[2.540191,46.59419],[2.540708,46.593384],[2.537828,46.590416],[2.536571,46.588759],[2.535035,46.588179],[2.534137,46.587661],[2.534136,46.587484],[2.533329,46.587311],[2.533118,46.587069],[2.532089,46.586589],[2.530235,46.586029],[2.530225,46.585881],[2.529187,46.585857],[2.527036,46.584943],[2.525181,46.584533],[2.522073,46.584303],[2.521276,46.581395],[2.51813,46.581192],[2.510647,46.58116],[2.507717,46.577042],[2.506657,46.574946],[2.506267,46.574494],[2.503471,46.572909],[2.502957,46.571477],[2.502088,46.571397],[2.499469,46.570539],[2.497111,46.570222],[2.492956,46.569233],[2.490612,46.568851],[2.489561,46.568451],[2.488126,46.567562],[2.489093,46.570093],[2.489193,46.571571],[2.490017,46.57335],[2.488765,46.575267],[2.488855,46.576485],[2.489261,46.577485],[2.490493,46.577665],[2.488324,46.578366],[2.486902,46.579523],[2.482183,46.581638],[2.478515,46.582885],[2.474706,46.584788],[2.472402,46.585651],[2.46149,46.587908],[2.460918,46.588043],[2.460368,46.588388],[2.455966,46.58843],[2.450911,46.588097],[2.449272,46.588552],[2.447758,46.58958],[2.447189,46.589776],[2.445043,46.589897],[2.441799,46.590573],[2.439698,46.590839],[2.437748,46.590833],[2.437192,46.592168],[2.435676,46.59389],[2.433889,46.597157],[2.431612,46.599985],[2.431454,46.600606],[2.432412,46.602992],[2.432343,46.60345],[2.435705,46.626436],[2.437465,46.647862],[2.43409,46.648536],[2.427829,46.650202],[2.420929,46.652729],[2.415636,46.658104],[2.411668,46.663577],[2.410232,46.664657],[2.407196,46.666194],[2.396975,46.670648],[2.392337,46.673439],[2.374759,46.674841],[2.381305,46.679415],[2.38356,46.680703],[2.385618,46.682279],[2.388952,46.685435],[2.388542,46.685934],[2.388952,46.686486],[2.388495,46.687206],[2.388626,46.68833],[2.388432,46.688871],[2.38582,46.69328],[2.386216,46.697013],[2.388113,46.697867],[2.388769,46.701196],[2.388705,46.701556],[2.386093,46.70565],[2.383089,46.70988],[2.382371,46.71195],[2.381766,46.713011],[2.381086,46.713055],[2.38085,46.713248],[2.377947,46.716483],[2.376734,46.718265],[2.375722,46.71908],[2.374061,46.72141],[2.373097,46.724414],[2.373799,46.72802],[2.378583,46.726328],[2.381202,46.725735],[2.382408,46.725735],[2.384316,46.726681],[2.384603,46.727088],[2.384712,46.727889],[2.385604,46.729341],[2.387491,46.731267],[2.388075,46.734634],[2.387755,46.736182],[2.388154,46.737566],[2.38819,46.738438],[2.389664,46.742634],[2.389764,46.743703],[2.391167,46.743614],[2.392999,46.743793],[2.394111,46.744107],[2.39614,46.744196],[2.396991,46.74442],[2.398234,46.74442],[2.399608,46.744059],[2.400493,46.743457],[2.402347,46.742798],[2.402616,46.742528],[2.402601,46.741898],[2.40312,46.74165],[2.404465,46.741836],[2.40474,46.74216],[2.405885,46.742247],[2.406103,46.742635],[2.407103,46.742597],[2.40794,46.743321],[2.409739,46.743232],[2.41032,46.743532],[2.411193,46.744319],[2.41225,46.746141],[2.413627,46.746275],[2.413954,46.746438],[2.41677,46.746674],[2.41768,46.746385],[2.41817,46.745961],[2.418862,46.746335],[2.423165,46.745555],[2.42322,46.745692],[2.423548,46.745667],[2.424722,46.745288],[2.426849,46.745408],[2.428664,46.74685],[2.429064,46.747486],[2.430593,46.748011],[2.430775,46.748223],[2.430757,46.748485],[2.430394,46.748735],[2.430502,46.749215],[2.430102,46.749417],[2.430193,46.749629],[2.429886,46.749854],[2.430049,46.750278],[2.428851,46.750617],[2.428681,46.751262],[2.431416,46.75105],[2.434065,46.750672],[2.435817,46.750244],[2.437565,46.749428],[2.438276,46.74877],[2.438694,46.747813],[2.438001,46.74606],[2.437932,46.743792],[2.438365,46.743655],[2.439334,46.743678],[2.442379,46.744081],[2.443492,46.74369],[2.444838,46.741283],[2.445231,46.739435],[2.445081,46.738496],[2.444443,46.737395],[2.444584,46.736884],[2.445453,46.735697],[2.446771,46.73472],[2.447467,46.734655],[2.447838,46.734904],[2.447431,46.736437],[2.447647,46.737352],[2.448293,46.738066],[2.449514,46.738472],[2.450523,46.738473],[2.451096,46.738209],[2.451234,46.736833],[2.451696,46.736462],[2.452275,46.735159],[2.452842,46.734648],[2.454261,46.734084],[2.455258,46.733986],[2.457386,46.7344],[2.458768,46.735048],[2.459749,46.736565],[2.461274,46.736945],[2.46208,46.737648],[2.464251,46.738023],[2.466874,46.738993],[2.468317,46.738905],[2.469475,46.738545],[2.470078,46.737759],[2.469856,46.736073],[2.46945,46.735085],[2.46956,46.734209],[2.47022,46.733659],[2.471291,46.733243],[2.473641,46.73492],[2.473789,46.735801],[2.474234,46.735925],[2.475596,46.735555],[2.47584,46.735348],[2.474949,46.733776],[2.47493,46.733296],[2.475111,46.73244],[2.476488,46.731967],[2.479004,46.732058],[2.48433,46.731551],[2.484643,46.731708],[2.484722,46.731956],[2.484818,46.733763],[2.485454,46.733949],[2.486387,46.733797],[2.487764,46.733305],[2.488564,46.732493],[2.489571,46.730514],[2.489767,46.729139],[2.493238,46.729783],[2.495153,46.729278],[2.495666,46.729374],[2.495907,46.729661],[2.496459,46.72939],[2.496552,46.728854],[2.495613,46.728575],[2.494641,46.72771],[2.496408,46.727551],[2.498053,46.726754],[2.498741,46.72662],[2.499947,46.727379],[2.500334,46.727131],[2.500658,46.727143],[2.502842,46.726332],[2.503027,46.726151],[2.503302,46.726173],[2.505051,46.725565],[2.505101,46.725355],[2.505407,46.72541],[2.506416,46.72501],[2.506658,46.72505],[2.506782,46.724794],[2.507429,46.724663],[2.50797,46.72432],[2.508227,46.724353],[2.509842,46.723665],[2.510208,46.723653],[2.510445,46.723445],[2.51109,46.723396],[2.511096,46.722906],[2.51154,46.7226],[2.512785,46.722234],[2.51334,46.722446],[2.514042,46.722156],[2.514557,46.722181],[2.514611,46.721857],[2.514957,46.721968],[2.515189,46.721649],[2.515644,46.721472],[2.517207,46.721087],[2.517955,46.721095],[2.518084,46.721217],[2.518491,46.720897],[2.51858,46.721148],[2.519119,46.721198],[2.519246,46.721005],[2.519572,46.721247],[2.520462,46.721217],[2.520658,46.720877],[2.521713,46.720872],[2.523237,46.720477],[2.525033,46.721176],[2.526544,46.720041],[2.527666,46.72031],[2.528563,46.720332],[2.530679,46.719912],[2.531962,46.719249],[2.533331,46.718213],[2.534979,46.716324],[2.542562,46.719101],[2.542826,46.720597],[2.545359,46.721773],[2.550303,46.723029],[2.552895,46.724991],[2.55488,46.724831],[2.555801,46.723915],[2.556759,46.721001],[2.556225,46.720825],[2.556215,46.719283],[2.556477,46.718753],[2.557293,46.718652],[2.557988,46.718734],[2.558475,46.7186],[2.558799,46.719006],[2.559507,46.718796],[2.55962,46.719386],[2.559991,46.719395],[2.560618,46.719109],[2.560816,46.719466],[2.561475,46.719833],[2.56191,46.719528],[2.562531,46.719747],[2.563196,46.719117],[2.563797,46.719155],[2.571952,46.710142],[2.575086,46.709146],[2.575017,46.708292],[2.57665,46.707658],[2.577111,46.708512],[2.577373,46.708511],[2.57946,46.707518],[2.579854,46.706688],[2.582028,46.706238],[2.582512,46.705859],[2.584574,46.704966]],[[2.511313,46.721914],[2.510776,46.722222],[2.510869,46.721866],[2.511313,46.721914]]]}},{"type":"Feature","properties":{"uai_primary":"0180673J","uai_all":"0180673J","is_merged":false},"geometry":{"type":"Polygon","coordinates":[[[2.448168,47.142503],[2.446817,47.140939],[2.444035,47.141539],[2.44284,47.14221],[2.441621,47.142485],[2.440472,47.142475],[2.435606,47.144344],[2.435897,47.145276],[2.434349,47.146015],[2.433643,47.146728],[2.436856,47.147922],[2.436679,47.148954],[2.43714,47.150379],[2.435351,47.151274],[2.436845,47.152726],[2.438093,47.1561],[2.438384,47.156584],[2.439393,47.15749],[2.439387,47.158039],[2.438861,47.15849],[2.434947,47.159943],[2.432937,47.160473],[2.429642,47.161735],[2.429114,47.16169],[2.426346,47.162592],[2.426214,47.163132],[2.425687,47.163537],[2.423443,47.166656],[2.422417,47.169495],[2.425287,47.169235],[2.42493,47.171336],[2.426626,47.172352],[2.428012,47.172621],[2.42755,47.173431],[2.427486,47.174015],[2.427861,47.176716],[2.429543,47.176616],[2.431775,47.176125],[2.431953,47.176207],[2.432754,47.17754],[2.433895,47.180173],[2.434755,47.180892],[2.43511,47.181448],[2.435319,47.181458],[2.436146,47.184219],[2.438062,47.183766],[2.438367,47.184604],[2.438577,47.184597],[2.441994,47.183698],[2.443262,47.183524],[2.445119,47.182886],[2.446853,47.184752],[2.446547,47.185238],[2.446969,47.185603],[2.449776,47.185333],[2.449334,47.186257],[2.449438,47.186609],[2.447802,47.18817],[2.446624,47.189693],[2.446029,47.189969],[2.44486,47.190908],[2.444364,47.191526],[2.444029,47.193684],[2.44478,47.197555],[2.444574,47.197862],[2.445676,47.198693],[2.446536,47.199682],[2.448914,47.200669],[2.454264,47.203362],[2.459176,47.204177],[2.461525,47.204222],[2.461517,47.204744],[2.460996,47.205602],[2.461624,47.206497],[2.461843,47.207178],[2.46195,47.210793],[2.462292,47.211937],[2.462567,47.212234],[2.467251,47.20998],[2.467422,47.209754],[2.468836,47.209277],[2.468985,47.208908],[2.473056,47.205896],[2.477452,47.208145],[2.479268,47.208804],[2.481076,47.209135],[2.480744,47.20873],[2.480758,47.208264],[2.481508,47.207745],[2.482104,47.205265],[2.482754,47.203738],[2.482749,47.203173],[2.483166,47.203194],[2.4837,47.202096],[2.483657,47.201632],[2.486137,47.197271],[2.487835,47.195092],[2.487384,47.193485],[2.487522,47.193162],[2.488286,47.192433],[2.490784,47.191228],[2.492597,47.190052],[2.493383,47.191348],[2.494947,47.193076],[2.495368,47.194383],[2.496258,47.195948],[2.49652,47.1974],[2.497549,47.198119],[2.499871,47.198983],[2.500656,47.199545],[2.501131,47.199613],[2.503584,47.199287],[2.509759,47.200054],[2.512002,47.200051],[2.514971,47.199776],[2.516507,47.199855],[2.51929,47.199464],[2.523813,47.199357],[2.531241,47.196504],[2.535208,47.193762],[2.536985,47.192094],[2.541681,47.178007],[2.539609,47.170904],[2.536828,47.167805],[2.534908,47.16601],[2.534446,47.16574],[2.531145,47.164756],[2.529161,47.163411],[2.526052,47.160807],[2.520127,47.15989],[2.517736,47.158931],[2.515181,47.157449],[2.511114,47.149877],[2.513674,47.144085],[2.511887,47.139051],[2.510705,47.137697],[2.507691,47.132954],[2.506089,47.13145],[2.505545,47.12967],[2.503567,47.128987],[2.501507,47.129925],[2.500675,47.129979],[2.491375,47.135577],[2.489444,47.132602],[2.486256,47.134155],[2.483794,47.134948],[2.48166,47.135285],[2.481501,47.135154],[2.481559,47.134337],[2.482458,47.133145],[2.482793,47.132287],[2.482458,47.130962],[2.482559,47.129944],[2.482316,47.129337],[2.482661,47.128521],[2.482097,47.127427],[2.481114,47.126375],[2.479901,47.125927],[2.479151,47.126122],[2.478689,47.12591],[2.477807,47.126199],[2.477218,47.126034],[2.47055,47.116052],[2.467343,47.113276],[2.467428,47.112541],[2.466336,47.112611],[2.464509,47.112154],[2.461508,47.116175],[2.457544,47.120311],[2.455052,47.12263],[2.45381,47.121488],[2.447712,47.117748],[2.445759,47.116827],[2.436508,47.111016],[2.433155,47.10948],[2.434636,47.107114],[2.434462,47.107061],[2.434518,47.106504],[2.434763,47.106382],[2.43536,47.105099],[2.435467,47.104943],[2.435864,47.105091],[2.438448,47.101059],[2.439404,47.100314],[2.438473,47.09941],[2.436265,47.098073],[2.436005,47.097145],[2.435144,47.095825],[2.434852,47.09571],[2.434128,47.095864],[2.433272,47.095787],[2.432988,47.095325],[2.432184,47.095698],[2.429972,47.095562],[2.427307,47.094039],[2.426196,47.095188],[2.424289,47.094724],[2.423544,47.094879],[2.42306,47.09468],[2.422476,47.094783],[2.420526,47.094251],[2.420487,47.09596],[2.420863,47.096338],[2.421151,47.09727],[2.419295,47.097819],[2.417881,47.097745],[2.416167,47.099025],[2.416196,47.099393],[2.417256,47.099692],[2.417003,47.099968],[2.416473,47.100134],[2.416461,47.100685],[2.417151,47.100566],[2.417363,47.100694],[2.416896,47.100931],[2.41645,47.100692],[2.415557,47.101025],[2.4159,47.101416],[2.415404,47.101344],[2.41473,47.101685],[2.415033,47.102218],[2.413933,47.102427],[2.413556,47.102951],[2.410754,47.103443],[2.410787,47.104214],[2.410541,47.104733],[2.410956,47.1055],[2.411425,47.105686],[2.411929,47.106647],[2.4117,47.106886],[2.41174,47.107159],[2.413067,47.108947],[2.413409,47.109149],[2.413644,47.110046],[2.414055,47.110058],[2.415214,47.111306],[2.415167,47.111892],[2.415711,47.112775],[2.4156,47.114112],[2.415299,47.114702],[2.416112,47.115427],[2.417832,47.116088],[2.418641,47.11709],[2.419356,47.118972],[2.419029,47.119736],[2.418933,47.120668],[2.419794,47.121008],[2.420863,47.12202],[2.421146,47.122747],[2.42203,47.123467],[2.422134,47.124022],[2.423677,47.12407],[2.425971,47.123777],[2.428102,47.123738],[2.433033,47.124076],[2.43591,47.124043],[2.436927,47.124164],[2.438152,47.124534],[2.440051,47.124703],[2.442859,47.124488],[2.445876,47.123568],[2.447746,47.125534],[2.447555,47.125593],[2.448102,47.127848],[2.449287,47.130407],[2.447289,47.131014],[2.449227,47.132878],[2.450541,47.134603],[2.451711,47.135582],[2.453118,47.137309],[2.452196,47.138814],[2.449323,47.141674],[2.448168,47.142503]],[[2.413798,47.10565],[2.412758,47.105323],[2.412894,47.105015],[2.415105,47.104352],[2.41672,47.10623],[2.413798,47.10565]],[[2.417404,47.075537],[2.417579,47.075731],[2.416611,47.076132],[2.415825,47.076016],[2.415048,47.076232],[2.414885,47.077539],[2.415163,47.077672],[2.415596,47.078828],[2.416617,47.078638],[2.416921,47.078672],[2.417153,47.078902],[2.417697,47.078725],[2.418604,47.078905],[2.419213,47.078727],[2.419753,47.079125],[2.419866,47.079403],[2.418482,47.080099],[2.419296,47.080921],[2.418926,47.082347],[2.420556,47.082381],[2.421009,47.082863],[2.421704,47.082218],[2.422047,47.082116],[2.422088,47.081019],[2.422505,47.080779],[2.423005,47.081142],[2.423023,47.082189],[2.423499,47.082518],[2.424498,47.081773],[2.425141,47.081933],[2.425473,47.082838],[2.426805,47.083412],[2.427323,47.083223],[2.428107,47.083433],[2.42863,47.083167],[2.429332,47.08358],[2.42982,47.083192],[2.43211,47.083281],[2.433488,47.084587],[2.433266,47.083416],[2.434105,47.08302],[2.43447,47.083324],[2.434842,47.084134],[2.435158,47.083199],[2.435883,47.082807],[2.435822,47.082077],[2.436569,47.08188],[2.437223,47.082054],[2.437195,47.083163],[2.437721,47.083202],[2.437955,47.082931],[2.437815,47.082208],[2.43826,47.08191],[2.438679,47.082156],[2.438531,47.082553],[2.438656,47.082756],[2.438879,47.082952],[2.439434,47.083047],[2.440337,47.082616],[2.441131,47.082593],[2.441738,47.081869],[2.443099,47.081116],[2.446437,47.079973],[2.448355,47.083458],[2.444566,47.085858],[2.444466,47.087673],[2.447432,47.087399],[2.450449,47.088279],[2.451953,47.087775],[2.453068,47.087872],[2.454477,47.086961],[2.456863,47.086749],[2.455134,47.085442],[2.455741,47.083397],[2.457467,47.084331],[2.4587,47.086153],[2.459246,47.084101],[2.459879,47.083894],[2.461923,47.084169],[2.462373,47.083958],[2.464671,47.082344],[2.470209,47.076916],[2.468959,47.07472],[2.469018,47.073812],[2.468774,47.072911],[2.471261,47.069321],[2.472579,47.066376],[2.471281,47.063821],[2.468953,47.062927],[2.469522,47.062428],[2.468064,47.061819],[2.46643,47.060564],[2.462147,47.0621],[2.453494,47.065554],[2.448637,47.065499],[2.443504,47.064139],[2.441092,47.064154],[2.42583,47.066305],[2.423116,47.067502],[2.42256,47.067981],[2.422258,47.068595],[2.424691,47.070398],[2.420008,47.072671],[2.41713,47.07184],[2.416958,47.071948],[2.416973,47.073998],[2.417404,47.075537]],[[2.413672,47.077648],[2.414291,47.077725],[2.41449,47.077623],[2.413822,47.077034],[2.413668,47.076668],[2.41279,47.076352],[2.412799,47.077239],[2.413672,47.077648]],[[2.413562,47.080242],[2.414021,47.07817],[2.412654,47.078296],[2.412085,47.078549],[2.411668,47.079978],[2.413562,47.080242]],[[2.411391,47.097331],[2.411292,47.09778],[2.411981,47.097901],[2.411809,47.097534],[2.411391,47.097331]],[[2.412339,47.09736],[2.412605,47.097761],[2.412109,47.09804],[2.411636,47.098694],[2.411876,47.09891],[2.41271,47.098433],[2.413448,47.098279],[2.413654,47.098064],[2.413472,47.097502],[2.412703,47.097546],[2.412837,47.097056],[2.412339,47.09736]]]}},{"type":"Feature","properties":{"uai_primary":"0180710Z","uai_all":"0180710Z","is_merged":false},"geometry":{"type":"Polygon","coordinates":[[[2.881272,46.982315],[2.880831,46.984117],[2.883065,46.984106],[2.886151,46.983732],[2.891699,46.986314],[2.892764,46.987703],[2.893358,46.98779],[2.893882,46.987608],[2.894808,46.988278],[2.895342,46.988995],[2.896201,46.989396],[2.896999,46.990292],[2.897329,46.99047],[2.89871,46.990553],[2.898987,46.991857],[2.901161,46.992295],[2.901617,46.993453],[2.902978,46.993342],[2.905763,46.993435],[2.90709,46.993213],[2.908213,46.993532],[2.909051,46.993],[2.91275,46.992128],[2.92026,46.992719],[2.923378,46.992608],[2.922025,46.994395],[2.922622,46.995022],[2.923828,46.995817],[2.923856,46.996399],[2.927073,46.997452],[2.928774,46.997034],[2.930198,46.998842],[2.93047,46.999591],[2.932524,47.00129],[2.933969,47.001513],[2.935835,47.000712],[2.937673,47.000477],[2.938727,47.000606],[2.941345,46.999648],[2.942782,46.998786],[2.944228,46.998733],[2.947104,46.997188],[2.948654,46.99729],[2.950476,46.996531],[2.951194,46.998248],[2.951628,47.00023],[2.951622,47.001105],[2.954445,47.000973],[2.95787,47.001493],[2.962998,47.002787],[2.961628,47.006403],[2.960782,47.008141],[2.959968,47.009245],[2.95977,47.013575],[2.960509,47.015525],[2.960228,47.016633],[2.959785,47.017302],[2.959891,47.01804],[2.958344,47.02361],[2.958295,47.024357],[2.957664,47.024573],[2.958015,47.025232],[2.958419,47.026911],[2.959243,47.02787],[2.959548,47.028602],[2.959123,47.029996],[2.959669,47.032992],[2.96036,47.034084],[2.960627,47.035035],[2.960639,47.036115],[2.960251,47.036702],[2.961905,47.037458],[2.961906,47.037592],[2.960599,47.038319],[2.958301,47.038692],[2.95758,47.038965],[2.956084,47.040502],[2.957806,47.041438],[2.957365,47.043195],[2.958423,47.043684],[2.962982,47.045233],[2.96397,47.045228],[2.964821,47.044908],[2.96747,47.046378],[2.968797,47.047316],[2.969199,47.047853],[2.969547,47.049426],[2.968632,47.050016],[2.968711,47.051094],[2.972155,47.05292],[2.973863,47.054094],[2.973551,47.054569],[2.974219,47.054933],[2.974156,47.055203],[2.973587,47.055047],[2.973327,47.055653],[2.972319,47.055708],[2.971664,47.055936],[2.970619,47.056617],[2.970361,47.056963],[2.970533,47.057568],[2.973345,47.058941],[2.975658,47.059737],[2.977309,47.060133],[2.978373,47.060598],[2.982633,47.059474],[2.984406,47.059239],[2.993134,47.05703],[2.993918,47.056441],[2.99706,47.055119],[2.998974,47.055512],[3.002923,47.055535],[3.007591,47.055057],[3.008152,47.057888],[3.011385,47.058544],[3.011141,47.059984],[3.013587,47.06087],[3.013661,47.061589],[3.015709,47.061974],[3.017571,47.062561],[3.022246,47.063652],[3.025301,47.060711],[3.026218,47.060073],[3.02955,47.058391],[3.034525,47.056291],[3.037868,47.055192],[3.043313,47.053809],[3.049007,47.05139],[3.052275,47.049705],[3.05384,47.048571],[3.053887,47.047176],[3.054922,47.04591],[3.056036,47.045499],[3.054841,47.044741],[3.050378,47.045624],[3.043811,47.046744],[3.043482,47.0467],[3.042873,47.0454],[3.040834,47.042863],[3.041488,47.039856],[3.041019,47.038679],[3.041429,47.038591],[3.040582,47.036685],[3.038279,47.033494],[3.03813,47.031582],[3.03618,47.031843],[3.036043,47.032717],[3.033429,47.032638],[3.033375,47.033583],[3.029741,47.033425],[3.029645,47.034398],[3.025476,47.033621],[3.024709,47.03494],[3.024009,47.036878],[3.023421,47.039793],[3.022029,47.039687],[3.021822,47.039617],[3.020742,47.038011],[3.018278,47.034039],[3.008869,47.036688],[3.00329,47.027187],[2.993798,47.029805],[2.989204,47.022227],[2.993919,47.020937],[2.991444,47.017015],[3.000687,47.014373],[2.998212,47.010396],[3.003335,47.008923],[3.009655,47.00247],[3.018327,46.999837],[3.019266,46.999718],[3.020608,47.00016],[3.022389,47.001217],[3.025939,47.002928],[3.027188,47.00335],[3.029248,47.003682],[3.029298,47.0043],[3.032813,47.005427],[3.037308,47.007199],[3.039762,47.008848],[3.040158,47.008936],[3.042195,47.008789],[3.044044,47.009407],[3.044515,47.010169],[3.043735,47.010938],[3.043154,47.012002],[3.045387,47.012098],[3.045566,47.010413],[3.046082,47.009304],[3.046796,47.008625],[3.052595,47.009489],[3.052983,47.008992],[3.055947,47.009423],[3.060423,47.004762],[3.065317,46.997174],[3.064509,46.995739],[3.062815,46.987114],[3.062989,46.981857],[3.062575,46.979198],[3.062765,46.978657],[3.066508,46.97355],[3.066675,46.9713],[3.067055,46.970263],[3.067966,46.969582],[3.069637,46.966783],[3.070993,46.96511],[3.071949,46.964163],[3.076524,46.961116],[3.079337,46.960243],[3.079736,46.956635],[3.079169,46.954318],[3.076586,46.951552],[3.074464,46.947422],[3.07383,46.947004],[3.072297,46.945129],[3.06905,46.943035],[3.067703,46.940615],[3.065831,46.938108],[3.064578,46.935789],[3.064676,46.935326],[3.064265,46.932446],[3.063152,46.929398],[3.062211,46.92774],[3.056478,46.921194],[3.053932,46.917535],[3.050376,46.910466],[3.05001,46.908878],[3.049994,46.907709],[3.050302,46.906132],[3.051402,46.904956],[3.054906,46.902712],[3.0606,46.898526],[3.061145,46.897382],[3.055724,46.893295],[3.054822,46.892893],[3.053989,46.892772],[3.053157,46.89289],[3.052702,46.892619],[3.052322,46.892635],[3.051972,46.893352],[3.051494,46.89354],[3.051119,46.894034],[3.050674,46.893871],[3.049156,46.892761],[3.048042,46.8913],[3.047545,46.890909],[3.046622,46.890614],[3.042328,46.890075],[3.040174,46.889947],[3.038805,46.889531],[3.036844,46.888177],[3.032359,46.887063],[3.031714,46.887046],[3.031657,46.887655],[3.030788,46.888024],[3.029593,46.888975],[3.026836,46.889033],[3.024709,46.88869],[3.02087,46.888499],[3.018754,46.888161],[3.017597,46.888378],[3.01655,46.888216],[3.014134,46.888498],[3.00912,46.885837],[3.007698,46.884573],[3.00748,46.884019],[3.007028,46.883994],[3.006885,46.883278],[3.006168,46.882962],[3.00484,46.881711],[3.003175,46.879606],[3.002382,46.879116],[3.002185,46.879117],[3.000691,46.880385],[2.997955,46.881738],[2.99779,46.881613],[2.996535,46.882147],[2.99665,46.882315],[2.995161,46.882942],[2.99623,46.884577],[2.996222,46.885045],[2.992934,46.884478],[2.992831,46.886642],[2.991573,46.886637],[2.988552,46.886205],[2.985029,46.885367],[2.98745,46.87864],[2.984578,46.878704],[2.983253,46.877421],[2.987015,46.87498],[2.986852,46.873518],[2.986395,46.873014],[2.98526,46.87229],[2.984023,46.871791],[2.981658,46.871158],[2.980522,46.870572],[2.978476,46.86771],[2.962758,46.872028],[2.962617,46.872756],[2.962935,46.872743],[2.963023,46.87376],[2.963763,46.874209],[2.96325,46.875784],[2.965352,46.876391],[2.965098,46.877348],[2.963218,46.881125],[2.960026,46.880635],[2.954995,46.877464],[2.952522,46.878821],[2.950975,46.880148],[2.949588,46.881591],[2.948782,46.883328],[2.947018,46.885234],[2.944067,46.886004],[2.940396,46.885802],[2.94021,46.886702],[2.939559,46.887201],[2.938898,46.88731],[2.939788,46.891138],[2.939652,46.891897],[2.938941,46.892505],[2.937161,46.892853],[2.93618,46.893238],[2.935686,46.893857],[2.936247,46.89402],[2.936144,46.894418],[2.935747,46.894819],[2.93532,46.894703],[2.934882,46.893809],[2.933669,46.894135],[2.932658,46.894876],[2.93232,46.894915],[2.930919,46.894275],[2.929851,46.894193],[2.92865,46.89306],[2.928493,46.892364],[2.924856,46.892037],[2.924305,46.891846],[2.923576,46.891836],[2.92294,46.89212],[2.921495,46.892242],[2.916627,46.892024],[2.914523,46.891543],[2.913845,46.891335],[2.913618,46.891111],[2.912962,46.891199],[2.911503,46.890883],[2.910634,46.89017],[2.910037,46.889949],[2.909332,46.88911],[2.907829,46.889792],[2.908508,46.891858],[2.90734,46.893168],[2.906954,46.89389],[2.906642,46.895377],[2.90605,46.895244],[2.904929,46.894665],[2.902294,46.893778],[2.901374,46.893603],[2.900652,46.893607],[2.898848,46.89397],[2.898923,46.896263],[2.898719,46.896478],[2.891365,46.896666],[2.890905,46.896578],[2.889717,46.895909],[2.889612,46.894979],[2.884984,46.895396],[2.880381,46.897375],[2.870488,46.902433],[2.87016,46.902434],[2.863504,46.899586],[2.862979,46.899588],[2.861605,46.9],[2.860226,46.900006],[2.857002,46.899076],[2.855295,46.899038],[2.852082,46.899278],[2.852471,46.898826],[2.852008,46.898424],[2.853048,46.897384],[2.85311,46.897069],[2.852975,46.896665],[2.852307,46.896282],[2.855146,46.893867],[2.857845,46.892847],[2.857184,46.892253],[2.84537,46.887726],[2.845078,46.887344],[2.844999,46.885815],[2.843876,46.88519],[2.842891,46.884969],[2.842433,46.885151],[2.841247,46.884662],[2.840469,46.88552],[2.839903,46.885737],[2.829909,46.882114],[2.829288,46.882555],[2.824614,46.880955],[2.823309,46.88168],[2.826413,46.883871],[2.827151,46.885668],[2.828444,46.890745],[2.829311,46.892316],[2.831493,46.894195],[2.83355,46.896661],[2.836069,46.899213],[2.839739,46.905453],[2.838358,46.906367],[2.840143,46.906933],[2.840814,46.90846],[2.841076,46.908458],[2.841272,46.908187],[2.842718,46.908586],[2.842462,46.909172],[2.843187,46.909574],[2.844825,46.909251],[2.845102,46.910689],[2.846218,46.910685],[2.846623,46.911853],[2.846884,46.911851],[2.848188,46.910811],[2.849168,46.910357],[2.849365,46.910401],[2.852503,46.915919],[2.854074,46.915328],[2.856758,46.914596],[2.857086,46.914639],[2.856574,46.915901],[2.859328,46.915619],[2.85977,46.920654],[2.859358,46.921223],[2.859511,46.92278],[2.860646,46.9229],[2.863796,46.923633],[2.862182,46.925736],[2.860071,46.927736],[2.859013,46.930555],[2.852497,46.928965],[2.851465,46.930859],[2.849361,46.930598],[2.850045,46.933474],[2.850705,46.933786],[2.850484,46.93471],[2.850716,46.935],[2.85151,46.935536],[2.8556,46.937542],[2.856193,46.937674],[2.856525,46.938168],[2.857451,46.938703],[2.857714,46.938702],[2.858757,46.937933],[2.860986,46.937518],[2.86164,46.937245],[2.862742,46.935845],[2.864047,46.935029],[2.864712,46.935746],[2.867275,46.936095],[2.866052,46.938484],[2.868037,46.941807],[2.873496,46.938559],[2.875253,46.940037],[2.8767,46.939469],[2.881687,46.938495],[2.882434,46.939244],[2.883606,46.939471],[2.887006,46.942369],[2.890277,46.942654],[2.890016,46.944174],[2.892704,46.943711],[2.892983,46.945284],[2.89386,46.947529],[2.893796,46.947664],[2.892942,46.947668],[2.894212,46.949821],[2.894362,46.951414],[2.891662,46.952085],[2.890918,46.952659],[2.890907,46.952834],[2.892716,46.953724],[2.89332,46.954223],[2.894148,46.956344],[2.894156,46.957019],[2.891029,46.959643],[2.891518,46.960327],[2.890222,46.96056],[2.887373,46.960589],[2.887631,46.961414],[2.888497,46.962624],[2.888503,46.963254],[2.889634,46.964597],[2.88901,46.964846],[2.889123,46.965064],[2.888381,46.96578],[2.888838,46.96881],[2.889117,46.969035],[2.890775,46.969549],[2.891323,46.969857],[2.889825,46.971402],[2.889274,46.971517],[2.888564,46.971922],[2.888143,46.972393],[2.889598,46.972853],[2.885085,46.97467],[2.887739,46.97721],[2.885699,46.978201],[2.883665,46.978525],[2.883142,46.978753],[2.881908,46.980153],[2.881272,46.982315]]]}},{"type":"Feature","properties":{"uai_primary":"0180721L","uai_all":"0180721L","is_merged":false},"geometry":{"type":"Polygon","coordinates":[[[2.332947,47.003083],[2.332721,47.004818],[2.330204,47.007621],[2.329462,47.010272],[2.326961,47.010414],[2.328227,47.013398],[2.329227,47.014727],[2.332508,47.017998],[2.33467,47.02112],[2.335839,47.0235],[2.340172,47.028615],[2.339036,47.029983],[2.339882,47.030355],[2.34611,47.035752],[2.349593,47.03408],[2.349904,47.033753],[2.350118,47.033103],[2.349561,47.031928],[2.353326,47.029586],[2.353794,47.030007],[2.35782,47.028439],[2.358144,47.028157],[2.361166,47.035301],[2.362141,47.036964],[2.362696,47.037709],[2.36718,47.0419],[2.369039,47.048308],[2.3745,47.057093],[2.377704,47.062697],[2.385072,47.063309],[2.386292,47.063206],[2.385908,47.061041],[2.387768,47.04643],[2.388028,47.04647],[2.390224,47.036337],[2.390026,47.035428],[2.390606,47.034239],[2.390317,47.034203],[2.391643,47.029848],[2.391381,47.024032],[2.395007,47.024216],[2.394302,47.021776],[2.393987,47.021802],[2.39321,47.021316],[2.393185,47.021467],[2.392448,47.020956],[2.392631,47.020838],[2.392197,47.0204],[2.392154,47.019775],[2.391598,47.019595],[2.393492,47.015302],[2.393355,47.014415],[2.393738,47.013331],[2.395126,47.01173],[2.396067,47.010163],[2.396038,47.009442],[2.395507,47.009239],[2.39644,47.007618],[2.396255,47.005351],[2.396569,47.003226],[2.396357,46.999626],[2.39089,46.999246],[2.386973,46.998247],[2.384923,46.997543],[2.381872,46.996864],[2.375845,46.996189],[2.37499,46.996771],[2.37491,46.997617],[2.373738,46.998847],[2.371263,46.997114],[2.360094,46.992382],[2.358119,46.992153],[2.355029,46.991516],[2.354671,46.991234],[2.353938,46.991369],[2.354178,46.99234],[2.348961,46.993104],[2.349062,46.993376],[2.345765,46.993342],[2.34572,46.993602],[2.344372,46.993939],[2.342854,46.993662],[2.341517,46.993855],[2.342011,46.997857],[2.335695,46.997422],[2.335891,46.998185],[2.334649,47.000609],[2.333338,47.002038],[2.332947,47.003083]],[[2.410093,47.084338],[2.409917,47.084229],[2.410093,47.084338]],[[2.413351,47.084404],[2.413199,47.084626],[2.41333,47.084661],[2.413351,47.084404]],[[2.388076,47.080126],[2.388116,47.080372],[2.387055,47.080289],[2.387039,47.08118],[2.386054,47.081165],[2.38564,47.081393],[2.385233,47.082091],[2.383737,47.08234],[2.382789,47.082276],[2.382568,47.082677],[2.381488,47.083362],[2.381636,47.084053],[2.380091,47.085333],[2.379875,47.0861],[2.377112,47.086805],[2.37195,47.091137],[2.372577,47.091393],[2.376336,47.091673],[2.38197,47.091698],[2.382299,47.091587],[2.384954,47.091554],[2.385514,47.091809],[2.38568,47.091454],[2.386258,47.091343],[2.387272,47.091413],[2.388134,47.091877],[2.388739,47.091565],[2.389182,47.092143],[2.388007,47.094707],[2.388446,47.09633],[2.38907,47.096566],[2.390394,47.096682],[2.391112,47.096582],[2.391995,47.096119],[2.391979,47.095995],[2.392532,47.095837],[2.393031,47.095411],[2.393044,47.095115],[2.393699,47.094739],[2.394164,47.094539],[2.395675,47.094637],[2.396612,47.094382],[2.397275,47.093667],[2.398352,47.094032],[2.399664,47.093737],[2.400341,47.093277],[2.402214,47.094734],[2.402868,47.09393],[2.403814,47.093644],[2.404978,47.093614],[2.405584,47.093757],[2.406739,47.093677],[2.406885,47.094376],[2.407675,47.094597],[2.408894,47.0943],[2.41097,47.091094],[2.408093,47.089275],[2.405468,47.088845],[2.404924,47.088472],[2.404595,47.088048],[2.40451,47.087084],[2.403799,47.085672],[2.404003,47.085028],[2.403707,47.084604],[2.403907,47.08439],[2.404504,47.084325],[2.406291,47.084959],[2.40757,47.084789],[2.408435,47.085002],[2.408761,47.084079],[2.408373,47.083501],[2.407973,47.083325],[2.407931,47.082815],[2.408576,47.082929],[2.408812,47.082792],[2.409131,47.082514],[2.408773,47.082017],[2.409266,47.081781],[2.409459,47.081496],[2.406816,47.0808],[2.407138,47.080551],[2.410679,47.079847],[2.410399,47.079421],[2.408566,47.078592],[2.409866,47.078727],[2.409138,47.077968],[2.408985,47.078233],[2.408765,47.078155],[2.40611,47.076006],[2.40618,47.075889],[2.405652,47.075707],[2.405798,47.075973],[2.405451,47.07574],[2.40484,47.075773],[2.405116,47.075],[2.404793,47.075029],[2.404434,47.074773],[2.404031,47.074935],[2.403995,47.074684],[2.403495,47.074683],[2.403326,47.074413],[2.402904,47.074359],[2.402747,47.073651],[2.402142,47.073776],[2.401199,47.073413],[2.400692,47.073384],[2.400446,47.073125],[2.399508,47.073305],[2.398991,47.073136],[2.398529,47.072716],[2.397906,47.073089],[2.39729,47.072607],[2.396881,47.072798],[2.39651,47.072759],[2.395311,47.073249],[2.393993,47.074102],[2.393981,47.074856],[2.393552,47.075683],[2.392958,47.075928],[2.392654,47.07698],[2.391397,47.077996],[2.390839,47.078813],[2.389647,47.079717],[2.388969,47.0796],[2.38896,47.079917],[2.388267,47.079855],[2.388076,47.080126]],[[2.394334,47.08303],[2.394553,47.082813],[2.394334,47.08303]],[[2.394969,47.083085],[2.394771,47.083096],[2.394796,47.082976],[2.394996,47.082939],[2.394969,47.083085]],[[2.404343,47.084113],[2.404392,47.084222],[2.403942,47.084277],[2.404109,47.084085],[2.404343,47.084113]],[[2.403145,47.09198],[2.402832,47.092016],[2.402546,47.091745],[2.403061,47.090998],[2.403941,47.091704],[2.403145,47.09198]],[[2.432706,46.921402],[2.430597,46.916636],[2.430506,46.916499],[2.430072,46.916593],[2.430087,46.915018],[2.428444,46.915149],[2.426435,46.915019],[2.424577,46.914451],[2.423634,46.913987],[2.422191,46.914258],[2.4216,46.914529],[2.421011,46.915249],[2.420747,46.915294],[2.419302,46.91453],[2.419367,46.914215],[2.420154,46.91363],[2.421557,46.911951],[2.419421,46.910063],[2.415988,46.907862],[2.41623,46.906229],[2.415946,46.905086],[2.414175,46.904795],[2.412987,46.905089],[2.41174,46.90473],[2.411085,46.905359],[2.410691,46.905405],[2.409114,46.904956],[2.410033,46.904416],[2.409179,46.903876],[2.409966,46.903157],[2.407864,46.902303],[2.408127,46.901808],[2.407272,46.901179],[2.407469,46.900819],[2.406024,46.900235],[2.406616,46.899645],[2.406277,46.899279],[2.404249,46.898167],[2.403003,46.898303],[2.401887,46.897853],[2.401624,46.897313],[2.398016,46.899025],[2.396442,46.898981],[2.393881,46.898532],[2.392438,46.898488],[2.390674,46.898817],[2.389573,46.898458],[2.388304,46.8984],[2.386466,46.89876],[2.379904,46.898493],[2.378614,46.898701],[2.377804,46.899529],[2.37682,46.899664],[2.375795,46.900197],[2.377905,46.901521],[2.377006,46.903957],[2.376459,46.906929],[2.376779,46.907249],[2.380997,46.909585],[2.382238,46.909448],[2.384132,46.909791],[2.38705,46.911016],[2.387004,46.911544],[2.387786,46.911988],[2.388076,46.913396],[2.387912,46.913902],[2.385168,46.914819],[2.383856,46.915675],[2.382344,46.917893],[2.380576,46.91824],[2.380315,46.919725],[2.378608,46.920175],[2.375392,46.920672],[2.371913,46.921707],[2.371388,46.923102],[2.372046,46.924405],[2.373425,46.926069],[2.373426,46.927014],[2.371983,46.929263],[2.37159,46.930479],[2.371262,46.930479],[2.368438,46.929085],[2.365679,46.927286],[2.36384,46.926612],[2.363682,46.925621],[2.362774,46.925425],[2.361725,46.924792],[2.361331,46.924971],[2.360895,46.925736],[2.36015,46.926052],[2.360414,46.928287],[2.360024,46.928934],[2.359272,46.929587],[2.359053,46.929566],[2.357637,46.932501],[2.356335,46.932332],[2.356001,46.934703],[2.354979,46.93687],[2.35314,46.93696],[2.352877,46.936779],[2.353074,46.935835],[2.348078,46.935461],[2.348546,46.942565],[2.349344,46.947036],[2.349208,46.949271],[2.349463,46.951078],[2.357603,46.952231],[2.365134,46.953744],[2.368516,46.954226],[2.372659,46.955933],[2.378762,46.950537],[2.384743,46.951628],[2.387436,46.952468],[2.395849,46.952235],[2.396005,46.955686],[2.395817,46.956697],[2.399367,46.956595],[2.40471,46.957004],[2.405112,46.957587],[2.405835,46.957991],[2.407085,46.958306],[2.408858,46.958305],[2.410172,46.958033],[2.411617,46.958348],[2.411749,46.957987],[2.412406,46.958032],[2.414172,46.952813],[2.420268,46.944487],[2.415406,46.943636],[2.420221,46.938223],[2.421769,46.939107],[2.422521,46.939359],[2.422624,46.939268],[2.424849,46.934408],[2.425635,46.933372],[2.427219,46.931872],[2.426498,46.931619],[2.426748,46.931213],[2.431007,46.925677],[2.434614,46.923379],[2.432706,46.921402]]]}},{"type":"Feature","properties":{"uai_primary":"0180732Y","uai_all":"0180732Y","is_merged":false},"geometry":{"type":"Polygon","coordinates":[[[2.652294,47.209287],[2.654948,47.207731],[2.660114,47.203464],[2.663539,47.202375],[2.671638,47.199428],[2.668106,47.198688],[2.665936,47.197809],[2.664419,47.197936],[2.663105,47.196193],[2.660701,47.191565],[2.660248,47.190374],[2.660431,47.189691],[2.663188,47.188208],[2.666048,47.186135],[2.663988,47.184873],[2.664285,47.184021],[2.660599,47.173729],[2.658217,47.173468],[2.657689,47.17329],[2.652679,47.168079],[2.651206,47.167161],[2.645107,47.164643],[2.640834,47.16309],[2.646281,47.156166],[2.648347,47.15464],[2.65096,47.152047],[2.652442,47.150968],[2.656445,47.153526],[2.660897,47.150383],[2.663627,47.151997],[2.667652,47.152302],[2.669886,47.151215],[2.671071,47.150852],[2.672779,47.149857],[2.674623,47.149447],[2.678757,47.149337],[2.681971,47.149649],[2.683841,47.14944],[2.684969,47.148741],[2.686017,47.147614],[2.687529,47.147024],[2.68812,47.146618],[2.688183,47.146123],[2.688112,47.145268],[2.687574,47.143831],[2.686444,47.14235],[2.685637,47.139969],[2.684116,47.139073],[2.684246,47.138848],[2.685035,47.138441],[2.686615,47.138121],[2.686744,47.137851],[2.686213,47.137268],[2.686476,47.137042],[2.689239,47.136269],[2.689829,47.135952],[2.690353,47.135321],[2.690416,47.134871],[2.689223,47.133975],[2.687247,47.134026],[2.685469,47.134391],[2.684206,47.132776],[2.682926,47.132229],[2.682657,47.132691],[2.681883,47.133318],[2.680581,47.132652],[2.67894,47.133737],[2.677361,47.134236],[2.676508,47.135003],[2.675851,47.13523],[2.676399,47.135785],[2.676029,47.136194],[2.675472,47.136407],[2.675009,47.134932],[2.673973,47.133993],[2.673658,47.132926],[2.673265,47.132688],[2.673063,47.130229],[2.672584,47.129513],[2.672539,47.128824],[2.670753,47.126594],[2.670098,47.123953],[2.668897,47.123057],[2.668583,47.121847],[2.66507,47.118439],[2.663675,47.116598],[2.663342,47.11597],[2.663461,47.113945],[2.661941,47.113185],[2.660353,47.111975],[2.658762,47.11054],[2.658758,47.109833],[2.658034,47.1094],[2.657044,47.109107],[2.656073,47.108421],[2.651691,47.106917],[2.651295,47.106647],[2.650697,47.10575],[2.649508,47.105213],[2.649241,47.104539],[2.650491,47.104176],[2.650487,47.103636],[2.649617,47.101435],[2.649221,47.10112],[2.647702,47.10054],[2.644504,47.096254],[2.640144,47.09188],[2.639517,47.091958],[2.636909,47.092864],[2.631299,47.09393],[2.623855,47.09589],[2.615484,47.09929],[2.606384,47.102138],[2.604214,47.103026],[2.600043,47.104132],[2.600615,47.104618],[2.600298,47.105336],[2.598726,47.107139],[2.594988,47.110656],[2.593719,47.111543],[2.59041,47.111044],[2.589005,47.113638],[2.586699,47.113463],[2.584543,47.117516],[2.577159,47.116587],[2.576182,47.118928],[2.575984,47.118973],[2.573212,47.1179],[2.571435,47.118398],[2.565896,47.117555],[2.56029,47.116351],[2.55982,47.114148],[2.559031,47.112384],[2.541344,47.103905],[2.54133,47.103477],[2.543759,47.101089],[2.552612,47.091447],[2.552508,47.081641],[2.550514,47.077192],[2.549436,47.071736],[2.551856,47.071205],[2.552467,47.070858],[2.553602,47.070794],[2.554883,47.070425],[2.555355,47.069716],[2.556219,47.069179],[2.556833,47.069005],[2.557674,47.068164],[2.557699,47.067599],[2.557954,47.067262],[2.558113,47.065816],[2.557613,47.064524],[2.556598,47.063008],[2.552548,47.058972],[2.552413,47.058117],[2.552607,47.057397],[2.546943,47.056508],[2.545362,47.056061],[2.543845,47.055389],[2.541339,47.053729],[2.541141,47.053729],[2.539107,47.055488],[2.538909,47.055488],[2.536599,47.053602],[2.536268,47.053243],[2.536465,47.053018],[2.535673,47.052389],[2.533365,47.050999],[2.53098,47.049966],[2.5269,47.042099],[2.524184,47.039244],[2.5234,47.038689],[2.517327,47.037532],[2.517128,47.036857],[2.516385,47.035986],[2.508583,47.038837],[2.508108,47.038435],[2.50699,47.038583],[2.504752,47.039346],[2.503172,47.04027],[2.498474,47.042555],[2.497324,47.044136],[2.494687,47.045157],[2.493489,47.045838],[2.492535,47.046178],[2.491785,47.046181],[2.488422,47.047852],[2.488382,47.048098],[2.486729,47.049033],[2.475607,47.053591],[2.473135,47.054797],[2.460749,47.058118],[2.466385,47.06053],[2.468064,47.061819],[2.469522,47.062428],[2.468953,47.062927],[2.471281,47.063821],[2.472579,47.066376],[2.471261,47.069321],[2.468774,47.072911],[2.469018,47.073812],[2.468921,47.0746],[2.470614,47.077787],[2.471057,47.080025],[2.470535,47.081764],[2.470385,47.083121],[2.470496,47.086245],[2.469664,47.088435],[2.469232,47.088355],[2.468872,47.089179],[2.468648,47.089186],[2.4682,47.088887],[2.467985,47.088048],[2.467669,47.087812],[2.466755,47.087855],[2.466244,47.087417],[2.465367,47.087371],[2.465253,47.086997],[2.46462,47.087049],[2.464143,47.086827],[2.463187,47.087039],[2.462694,47.086913],[2.462428,47.086657],[2.46153,47.08654],[2.460965,47.08685],[2.459545,47.086333],[2.457813,47.086377],[2.45708,47.086749],[2.454477,47.086961],[2.453219,47.087841],[2.451953,47.087775],[2.450599,47.088278],[2.447432,47.087399],[2.444705,47.087705],[2.442503,47.087062],[2.441607,47.090629],[2.441579,47.092401],[2.441259,47.094172],[2.440678,47.096135],[2.441319,47.096175],[2.440773,47.100183],[2.439521,47.100182],[2.438448,47.101059],[2.435864,47.105091],[2.435467,47.104943],[2.43536,47.105099],[2.434763,47.106382],[2.434518,47.106504],[2.434462,47.107061],[2.434636,47.107114],[2.433155,47.10948],[2.436508,47.111016],[2.445759,47.116827],[2.447712,47.117748],[2.45381,47.121488],[2.455052,47.12263],[2.457544,47.120311],[2.461508,47.116175],[2.464509,47.112154],[2.466336,47.112611],[2.467428,47.112541],[2.467343,47.113276],[2.47055,47.116052],[2.477218,47.126034],[2.477807,47.126199],[2.478689,47.12591],[2.479151,47.126122],[2.479901,47.125927],[2.481114,47.126375],[2.482097,47.127427],[2.482661,47.128521],[2.482316,47.129337],[2.482559,47.129944],[2.482458,47.130962],[2.482793,47.132287],[2.482458,47.133145],[2.481559,47.134337],[2.481501,47.135154],[2.48166,47.135285],[2.483794,47.134948],[2.486256,47.134155],[2.489444,47.132602],[2.491375,47.135577],[2.500675,47.129979],[2.501507,47.129925],[2.503567,47.128987],[2.505545,47.12967],[2.506089,47.13145],[2.507691,47.132954],[2.510705,47.137697],[2.511887,47.139051],[2.513674,47.144085],[2.511114,47.149877],[2.515181,47.157449],[2.517736,47.158931],[2.520127,47.15989],[2.526052,47.160807],[2.529161,47.163411],[2.531145,47.164756],[2.534446,47.16574],[2.534908,47.16601],[2.536828,47.167805],[2.539609,47.170904],[2.541681,47.178007],[2.536985,47.192094],[2.535208,47.193762],[2.531241,47.196504],[2.531446,47.197041],[2.542929,47.210704],[2.544134,47.212658],[2.550892,47.214771],[2.553038,47.215808],[2.555312,47.2173],[2.556639,47.216316],[2.559321,47.21385],[2.560721,47.212952],[2.563636,47.210513],[2.565418,47.206482],[2.565712,47.204899],[2.565354,47.204104],[2.566888,47.203223],[2.568327,47.204107],[2.569997,47.204874],[2.57076,47.202648],[2.572642,47.203726],[2.573936,47.203989],[2.574673,47.204364],[2.575057,47.204725],[2.575767,47.206176],[2.576594,47.206945],[2.57824,47.206212],[2.581594,47.208554],[2.584831,47.210062],[2.585805,47.20936],[2.586979,47.21035],[2.587398,47.211113],[2.588948,47.209362],[2.594668,47.205527],[2.595291,47.204086],[2.601526,47.207166],[2.601855,47.207031],[2.602186,47.20712],[2.60331,47.207747],[2.604831,47.208283],[2.604766,47.208463],[2.603713,47.208916],[2.603846,47.20914],[2.605104,47.210082],[2.608124,47.211078],[2.608235,47.211846],[2.614652,47.214176],[2.617983,47.215579],[2.619915,47.213445],[2.620752,47.213935],[2.620511,47.215127],[2.62091,47.215711],[2.622167,47.216382],[2.622645,47.216921],[2.623295,47.217234],[2.619577,47.220497],[2.620947,47.221641],[2.621546,47.222431],[2.62232,47.22508],[2.623208,47.226405],[2.62416,47.22723],[2.626905,47.228999],[2.63367,47.232122],[2.637069,47.234026],[2.638142,47.227767],[2.647164,47.212315],[2.652294,47.209287]]]}},{"type":"Feature","properties":{"uai_primary":"0180736C","uai_all":"0180736C","is_merged":false},"geometry":{"type":"Polygon","coordinates":[[[2.541574,46.834641],[2.538938,46.835267],[2.538101,46.83607],[2.537251,46.837548],[2.536143,46.83703],[2.535365,46.837311],[2.53401,46.838183],[2.532421,46.838934],[2.530682,46.839583],[2.530274,46.839612],[2.528325,46.839306],[2.527382,46.838885],[2.525689,46.83794],[2.524685,46.836268],[2.523114,46.835703],[2.520969,46.836073],[2.519471,46.83616],[2.518911,46.836017],[2.518195,46.836439],[2.517293,46.836497],[2.514815,46.838381],[2.51417,46.838538],[2.512569,46.839593],[2.51085,46.840239],[2.510002,46.841398],[2.509062,46.841918],[2.508185,46.842076],[2.504956,46.842076],[2.503943,46.842201],[2.503871,46.841984],[2.504477,46.841297],[2.502174,46.838195],[2.501319,46.837388],[2.501449,46.836892],[2.500333,46.836759],[2.499494,46.835559],[2.486674,46.842042],[2.486129,46.843649],[2.485551,46.846861],[2.485101,46.847296],[2.484736,46.848097],[2.483537,46.849334],[2.482007,46.849325],[2.477366,46.84978],[2.474115,46.849591],[2.471951,46.849246],[2.468319,46.846715],[2.467089,46.843953],[2.466752,46.843556],[2.463261,46.845323],[2.463576,46.845855],[2.46304,46.84671],[2.462239,46.847353],[2.461349,46.847169],[2.461065,46.847688],[2.462142,46.848053],[2.460243,46.849919],[2.460701,46.850109],[2.461227,46.850665],[2.463433,46.851406],[2.463433,46.854078],[2.462813,46.854885],[2.461789,46.855296],[2.460553,46.856526],[2.458833,46.856197],[2.457904,46.856379],[2.455419,46.855683],[2.452389,46.854181],[2.451598,46.852472],[2.449367,46.85144],[2.448447,46.850766],[2.446153,46.850678],[2.445862,46.850231],[2.443672,46.84944],[2.442796,46.849351],[2.441534,46.84956],[2.440765,46.849288],[2.439887,46.849283],[2.438339,46.84987],[2.437471,46.849927],[2.437366,46.850057],[2.43698,46.85424],[2.436784,46.854735],[2.435568,46.855161],[2.428329,46.856587],[2.424202,46.858974],[2.423283,46.859065],[2.422891,46.859605],[2.421188,46.861],[2.421123,46.861135],[2.423485,46.861854],[2.423027,46.862708],[2.425522,46.864686],[2.425784,46.86473],[2.425732,46.862848],[2.431096,46.863561],[2.431365,46.868459],[2.432624,46.869087],[2.432708,46.870594],[2.439835,46.872203],[2.440176,46.875075],[2.439577,46.87529],[2.439579,46.876054],[2.440433,46.876638],[2.44109,46.877537],[2.441092,46.878032],[2.440897,46.878887],[2.440046,46.880013],[2.439324,46.880463],[2.438669,46.880598],[2.437752,46.881409],[2.4371,46.882338],[2.438396,46.882714],[2.437563,46.884247],[2.437709,46.884976],[2.437472,46.88532],[2.437229,46.885591],[2.434544,46.884875],[2.433,46.887327],[2.434484,46.887749],[2.433166,46.889027],[2.432757,46.889745],[2.432504,46.890626],[2.43246,46.893031],[2.427002,46.89169],[2.426081,46.892234],[2.421957,46.890958],[2.420382,46.890689],[2.417757,46.890601],[2.41756,46.891051],[2.415198,46.890873],[2.41382,46.891008],[2.411853,46.891459],[2.40818,46.892587],[2.406475,46.892903],[2.406146,46.893127],[2.405492,46.894567],[2.40405,46.895198],[2.403852,46.895468],[2.404312,46.895918],[2.403656,46.896323],[2.40241,46.896503],[2.401755,46.896774],[2.401557,46.897044],[2.401887,46.897853],[2.403003,46.898303],[2.404249,46.898167],[2.406277,46.899279],[2.406616,46.899645],[2.406024,46.900235],[2.407469,46.900819],[2.407272,46.901179],[2.408127,46.901808],[2.407864,46.902303],[2.409966,46.903157],[2.409179,46.903876],[2.410033,46.904416],[2.409114,46.904956],[2.410691,46.905405],[2.411085,46.905359],[2.41174,46.90473],[2.412987,46.905089],[2.414175,46.904795],[2.415946,46.905086],[2.41623,46.906229],[2.415988,46.907862],[2.419421,46.910063],[2.421557,46.911951],[2.420154,46.91363],[2.419367,46.914215],[2.419302,46.91453],[2.420747,46.915294],[2.421011,46.915249],[2.4216,46.914529],[2.422191,46.914258],[2.423634,46.913987],[2.424577,46.914451],[2.426435,46.915019],[2.428444,46.915149],[2.430087,46.915018],[2.430072,46.916593],[2.430506,46.916499],[2.430597,46.916636],[2.432706,46.921402],[2.434614,46.923379],[2.431007,46.925677],[2.426748,46.931213],[2.426498,46.931619],[2.427219,46.931872],[2.425635,46.933372],[2.424849,46.934408],[2.422624,46.939268],[2.422521,46.939359],[2.421769,46.939107],[2.420221,46.938223],[2.415406,46.943636],[2.420268,46.944487],[2.414172,46.952813],[2.412144,46.958797],[2.413195,46.959021],[2.415162,46.956321],[2.4243,46.960408],[2.426338,46.960901],[2.425703,46.974081],[2.436386,46.973401],[2.443631,46.973753],[2.446467,46.972984],[2.449228,46.973386],[2.451133,46.973383],[2.452251,46.973562],[2.45869,46.973466],[2.466119,46.974583],[2.468879,46.974579],[2.470786,46.974891],[2.470982,46.974621],[2.472692,46.974889],[2.472624,46.973945],[2.473147,46.97327],[2.473344,46.97318],[2.47361,46.973854],[2.474003,46.973854],[2.474397,46.973629],[2.47498,46.970164],[2.480035,46.968493],[2.481059,46.969714],[2.482863,46.96912],[2.485451,46.964252],[2.485212,46.963881],[2.485297,46.963123],[2.485444,46.962646],[2.48573,46.962592],[2.487069,46.962742],[2.487144,46.962942],[2.491473,46.964002],[2.49457,46.965124],[2.496355,46.966471],[2.505466,46.969332],[2.506846,46.967562],[2.506978,46.968817],[2.509481,46.970882],[2.510336,46.971015],[2.511064,46.972814],[2.511923,46.974062],[2.514748,46.975766],[2.51653,46.977237],[2.517521,46.977706],[2.518674,46.977636],[2.521833,46.977893],[2.521713,46.978151],[2.522531,46.978219],[2.522545,46.978443],[2.521914,46.97907],[2.520282,46.980328],[2.520347,46.981047],[2.522728,46.983643],[2.524558,46.984254],[2.523126,46.985315],[2.524978,46.986421],[2.52511,46.986825],[2.526012,46.986582],[2.530903,46.988717],[2.520222,46.998889],[2.520157,46.999114],[2.532145,47.005076],[2.530975,47.006434],[2.528948,47.008276],[2.528113,47.007811],[2.527028,47.008683],[2.524272,47.010307],[2.522106,47.011255],[2.524082,47.012556],[2.521788,47.014449],[2.523374,47.019007],[2.525363,47.018211],[2.526277,47.019255],[2.527991,47.020421],[2.528256,47.020871],[2.528258,47.021815],[2.52872,47.021994],[2.528132,47.02321],[2.532826,47.025773],[2.543951,47.021199],[2.546873,47.021828],[2.546876,47.022368],[2.548983,47.023309],[2.551289,47.024024],[2.553921,47.024534],[2.554178,47.026104],[2.555844,47.028629],[2.556638,47.029366],[2.56007,47.031879],[2.562707,47.033133],[2.564329,47.03365],[2.565252,47.03366],[2.567543,47.032267],[2.569019,47.0323],[2.569403,47.031699],[2.57263,47.029084],[2.574148,47.027179],[2.57437,47.026487],[2.576888,47.026582],[2.57754,47.025231],[2.595729,47.032389],[2.597171,47.031306],[2.599139,47.030132],[2.600585,47.029634],[2.602621,47.029179],[2.607875,47.027323],[2.605887,47.024404],[2.605883,47.023685],[2.605154,47.022741],[2.60778,47.0217],[2.607382,47.020936],[2.607644,47.020711],[2.604478,47.019055],[2.606967,47.01707],[2.610312,47.015172],[2.615638,47.01498],[2.622277,47.014153],[2.623944,47.016028],[2.625363,47.016957],[2.62686,47.0183],[2.628715,47.020502],[2.630494,47.024142],[2.633819,47.023742],[2.634895,47.023296],[2.6366,47.023473],[2.639486,47.021936],[2.645145,47.022281],[2.648879,47.019752],[2.653472,47.01785],[2.65803,47.017703],[2.661268,47.01738],[2.662785,47.013686],[2.663621,47.01049],[2.66493,47.009362],[2.665245,47.007202],[2.666697,47.005786],[2.674184,47.003389],[2.675711,47.001939],[2.680664,46.998183],[2.683262,46.996758],[2.682666,46.996175],[2.684303,46.99518],[2.686268,46.995974],[2.687208,46.995429],[2.687572,46.992337],[2.689919,46.98945],[2.691098,46.988728],[2.694062,46.987423],[2.69349,46.986609],[2.693579,46.986291],[2.695093,46.986601],[2.696149,46.987183],[2.696807,46.98736],[2.69924,46.987353],[2.700952,46.987012],[2.702195,46.987048],[2.705053,46.986636],[2.7083,46.985704],[2.711846,46.985153],[2.710378,46.982054],[2.710305,46.981064],[2.710889,46.979849],[2.711432,46.977393],[2.71514,46.976955],[2.713753,46.975971],[2.712275,46.975258],[2.709453,46.973162],[2.70487,46.970635],[2.703259,46.969255],[2.701675,46.967152],[2.698173,46.964439],[2.700801,46.961298],[2.702204,46.959945],[2.703736,46.957829],[2.704353,46.956501],[2.705467,46.952697],[2.706176,46.951431],[2.701598,46.951884],[2.698038,46.953023],[2.689372,46.955082],[2.688645,46.956174],[2.685698,46.957585],[2.683656,46.955958],[2.683001,46.956365],[2.68518,46.958462],[2.684418,46.958807],[2.682741,46.958623],[2.681731,46.958184],[2.679421,46.958758],[2.67537,46.959492],[2.672752,46.960423],[2.671989,46.96099],[2.664879,46.962684],[2.662065,46.959653],[2.661531,46.958781],[2.658696,46.956956],[2.656605,46.956354],[2.654598,46.955563],[2.651902,46.954173],[2.650176,46.953065],[2.647667,46.953586],[2.642642,46.955212],[2.641806,46.955628],[2.634505,46.957528],[2.629974,46.957755],[2.628657,46.956638],[2.618412,46.944728],[2.617764,46.943274],[2.61756,46.94215],[2.619389,46.941202],[2.618302,46.939404],[2.616166,46.937891],[2.613419,46.935186],[2.612462,46.934749],[2.610915,46.933648],[2.610673,46.932991],[2.611113,46.932296],[2.61106,46.931913],[2.611954,46.932093],[2.612772,46.930421],[2.612037,46.928084],[2.612097,46.92687],[2.61341,46.926957],[2.621739,46.925092],[2.622986,46.925044],[2.623906,46.925221],[2.625749,46.926071],[2.628907,46.927143],[2.630353,46.927409],[2.63394,46.927637],[2.638426,46.9272],[2.639346,46.92698],[2.642621,46.925713],[2.644548,46.925254],[2.645308,46.924716],[2.649305,46.923401],[2.650748,46.923127],[2.656132,46.922553],[2.659539,46.921888],[2.661504,46.921297],[2.663401,46.920167],[2.666152,46.91899],[2.668014,46.918383],[2.671849,46.91769],[2.673011,46.917786],[2.674945,46.918294],[2.677756,46.918223],[2.682093,46.917651],[2.686936,46.916216],[2.691258,46.916284],[2.691948,46.91613],[2.690475,46.915386],[2.689211,46.914385],[2.687397,46.913514],[2.686628,46.91269],[2.686853,46.912271],[2.687316,46.912855],[2.688105,46.912853],[2.688825,46.912625],[2.689543,46.912173],[2.689933,46.911542],[2.690047,46.910728],[2.689855,46.909473],[2.6907,46.908256],[2.690269,46.907924],[2.68879,46.907338],[2.688787,46.907028],[2.689833,46.906189],[2.688381,46.905025],[2.68576,46.905527],[2.68577,46.900217],[2.683503,46.901008],[2.682643,46.898517],[2.679723,46.89556],[2.679133,46.895652],[2.676845,46.896963],[2.675664,46.896966],[2.675399,46.896652],[2.675367,46.896125],[2.677194,46.894987],[2.67584,46.893726],[2.674794,46.894405],[2.6744,46.894361],[2.673543,46.893779],[2.67354,46.893239],[2.673865,46.892743],[2.675242,46.892469],[2.67655,46.89197],[2.67655,46.891791],[2.670567,46.890054],[2.67259,46.888248],[2.675354,46.889455],[2.677587,46.889854],[2.678246,46.890301],[2.678509,46.890345],[2.678996,46.890134],[2.681174,46.891698],[2.682057,46.8911],[2.683236,46.890781],[2.684502,46.890743],[2.682811,46.889059],[2.68656,46.887352],[2.684255,46.886054],[2.683537,46.886596],[2.683143,46.886508],[2.682808,46.885474],[2.683068,46.884934],[2.682735,46.88417],[2.683484,46.883807],[2.685032,46.884091],[2.686007,46.882901],[2.685746,46.882778],[2.687632,46.880647],[2.688683,46.881004],[2.689803,46.88163],[2.690259,46.881223],[2.691311,46.88149],[2.691501,46.88041],[2.693728,46.879773],[2.694521,46.880715],[2.694718,46.880714],[2.697129,46.878278],[2.6966,46.877605],[2.696664,46.87747],[2.699928,46.875121],[2.700125,46.875119],[2.700587,46.875523],[2.70085,46.875522],[2.706533,46.87213],[2.707741,46.872499],[2.708943,46.871718],[2.709263,46.873624],[2.71588,46.878755],[2.717701,46.877966],[2.718641,46.876988],[2.718909,46.875752],[2.719238,46.87533],[2.719465,46.875173],[2.719895,46.875565],[2.721727,46.874443],[2.724327,46.872259],[2.726158,46.871331],[2.727093,46.87047],[2.727974,46.870012],[2.727172,46.869003],[2.727071,46.867555],[2.726915,46.867404],[2.728533,46.866059],[2.729414,46.865015],[2.731637,46.860699],[2.732493,46.859454],[2.732735,46.857688],[2.73375,46.856356],[2.733891,46.855862],[2.735382,46.854444],[2.735815,46.853263],[2.736301,46.852623],[2.737087,46.852148],[2.73876,46.85325],[2.739186,46.852993],[2.74116,46.85384],[2.743472,46.852993],[2.745785,46.853402],[2.746688,46.85343],[2.747966,46.851215],[2.74764,46.84885],[2.746758,46.848513],[2.746099,46.84802],[2.745398,46.84662],[2.74287,46.846782],[2.741139,46.847541],[2.740655,46.847454],[2.740907,46.846414],[2.740741,46.846035],[2.743105,46.84534],[2.741546,46.844212],[2.741604,46.843088],[2.74073,46.840257],[2.74256,46.836855],[2.741813,46.83414],[2.741821,46.833985],[2.742174,46.833852],[2.74223,46.833392],[2.741809,46.832925],[2.743896,46.830403],[2.746385,46.829255],[2.749524,46.826119],[2.750902,46.823108],[2.752505,46.821122],[2.753761,46.817863],[2.754264,46.817067],[2.751757,46.816377],[2.750967,46.815929],[2.749712,46.814719],[2.749774,46.814135],[2.750287,46.813012],[2.750997,46.81232],[2.752359,46.812712],[2.750775,46.807962],[2.749502,46.807431],[2.746358,46.805658],[2.745016,46.805109],[2.745924,46.803637],[2.746427,46.801854],[2.746951,46.801027],[2.748337,46.799781],[2.749158,46.798608],[2.750497,46.797275],[2.753966,46.794461],[2.754352,46.792396],[2.756736,46.791168],[2.758171,46.790218],[2.758486,46.78922],[2.75832,46.788841],[2.756636,46.78813],[2.755399,46.787123],[2.754553,46.785402],[2.753161,46.783686],[2.752592,46.783361],[2.751605,46.78319],[2.750005,46.782486],[2.750271,46.781889],[2.751896,46.781491],[2.752093,46.781169],[2.750728,46.778628],[2.749336,46.774012],[2.746338,46.775911],[2.74536,46.776365],[2.744596,46.776331],[2.740448,46.777583],[2.73763,46.775725],[2.737039,46.775719],[2.735537,46.77525],[2.733798,46.773918],[2.733575,46.773516],[2.732244,46.773532],[2.731456,46.773309],[2.73064,46.772776],[2.72897,46.773625],[2.727362,46.774132],[2.726453,46.775479],[2.726131,46.777262],[2.727444,46.779891],[2.723827,46.780036],[2.723473,46.781299],[2.723835,46.782637],[2.723783,46.783408],[2.724521,46.785976],[2.724304,46.787133],[2.723727,46.78856],[2.722781,46.789762],[2.721554,46.790184],[2.720035,46.79102],[2.716027,46.793608],[2.714881,46.793842],[2.713791,46.794794],[2.712873,46.795295],[2.709565,46.796052],[2.708269,46.796602],[2.706019,46.797187],[2.701487,46.797078],[2.700732,46.79778],[2.699206,46.797033],[2.695552,46.797001],[2.69483,46.796645],[2.693765,46.794653],[2.693728,46.794073],[2.694062,46.792907],[2.693646,46.791913],[2.689258,46.788956],[2.684766,46.787965],[2.683076,46.788055],[2.678105,46.789064],[2.677597,46.789474],[2.671394,46.789838],[2.671038,46.790207],[2.669111,46.790199],[2.66873,46.790429],[2.66815,46.790275],[2.667521,46.790515],[2.666865,46.790369],[2.666202,46.790606],[2.666002,46.790833],[2.664226,46.791324],[2.664175,46.791696],[2.664466,46.791905],[2.663164,46.792939],[2.663157,46.793606],[2.662569,46.793786],[2.662606,46.793969],[2.663087,46.794118],[2.663063,46.794322],[2.662298,46.794602],[2.660939,46.794628],[2.657796,46.793784],[2.657168,46.793747],[2.649165,46.790264],[2.645928,46.791038],[2.645581,46.789088],[2.645407,46.788809],[2.644877,46.788544],[2.632676,46.785866],[2.626614,46.784271],[2.626121,46.785775],[2.626145,46.786548],[2.625618,46.787477],[2.625646,46.788897],[2.625354,46.790189],[2.624568,46.791037],[2.623392,46.791625],[2.621795,46.79198],[2.622051,46.793546],[2.623324,46.796141],[2.624074,46.798205],[2.623975,46.798823],[2.623732,46.798966],[2.622456,46.801821],[2.621602,46.802836],[2.620779,46.805098],[2.617571,46.805423],[2.615971,46.804682],[2.611401,46.803948],[2.608271,46.804194],[2.608171,46.804603],[2.605371,46.805298],[2.604122,46.805413],[2.602384,46.80553],[2.598736,46.804976],[2.597713,46.805147],[2.597143,46.805499],[2.59637,46.806893],[2.595026,46.808142],[2.593584,46.810288],[2.593094,46.810598],[2.592378,46.810627],[2.591396,46.810952],[2.588681,46.812547],[2.587396,46.81373],[2.586211,46.814436],[2.585169,46.814762],[2.584231,46.815819],[2.583268,46.815539],[2.582114,46.815544],[2.581866,46.816474],[2.580899,46.81688],[2.578055,46.817419],[2.577073,46.817464],[2.576888,46.817296],[2.576274,46.817283],[2.574448,46.816542],[2.573238,46.816559],[2.571834,46.818597],[2.571632,46.819162],[2.567695,46.822806],[2.567139,46.822807],[2.565464,46.823639],[2.564006,46.823894],[2.567011,46.826308],[2.568061,46.827991],[2.568594,46.828244],[2.569949,46.828691],[2.57221,46.828896],[2.572406,46.829391],[2.576732,46.829472],[2.578569,46.829918],[2.581261,46.831037],[2.581393,46.831262],[2.580873,46.831983],[2.580229,46.834638],[2.578599,46.836621],[2.577108,46.83664],[2.543922,46.834074],[2.542563,46.834942],[2.541574,46.834641]]]}},{"type":"Feature","properties":{"uai_primary":"0180745M","uai_all":"0180745M","is_merged":false},"geometry":{"type":"Polygon","coordinates":[[[2.967512,47.123638],[2.973291,47.123281],[2.9856,47.123],[2.991229,47.122064],[2.993843,47.122624],[2.997937,47.1219],[2.999954,47.121779],[3.001944,47.12225],[3.004356,47.124259],[3.005001,47.124501],[3.005598,47.124502],[3.00623,47.124299],[3.008133,47.124308],[3.008334,47.123885],[3.010412,47.123761],[3.011576,47.123964],[3.01305,47.125782],[3.021723,47.130419],[3.025217,47.131107],[3.025611,47.131014],[3.026918,47.130197],[3.028091,47.129065],[3.028865,47.122674],[3.02938,47.111515],[3.030244,47.107057],[3.03007,47.103729],[3.030381,47.102288],[3.030652,47.097743],[3.031094,47.096345],[3.031327,47.09396],[3.031235,47.091937],[3.030558,47.090502],[3.029888,47.089606],[3.027224,47.087283],[3.025528,47.083469],[3.022522,47.080159],[3.02118,47.078232],[3.0201,47.076125],[3.019486,47.07442],[3.018716,47.070781],[3.018771,47.069926],[3.019341,47.068168],[3.020047,47.066769],[3.022246,47.063652],[3.017571,47.062561],[3.015709,47.061974],[3.013661,47.061589],[3.013587,47.06087],[3.011141,47.059984],[3.011385,47.058544],[3.008152,47.057888],[3.007591,47.055057],[3.002923,47.055535],[2.998974,47.055512],[2.99706,47.055119],[2.993918,47.056441],[2.993134,47.05703],[2.984406,47.059239],[2.982633,47.059474],[2.977983,47.060712],[2.974858,47.062571],[2.973799,47.063449],[2.970192,47.064608],[2.970331,47.065505],[2.968482,47.065781],[2.96659,47.066482],[2.960741,47.064954],[2.959812,47.06486],[2.957596,47.065379],[2.956555,47.065961],[2.956534,47.069392],[2.955659,47.070281],[2.955383,47.071212],[2.952997,47.071462],[2.952998,47.072365],[2.95234,47.073562],[2.95168,47.07422],[2.950136,47.075246],[2.948145,47.075226],[2.946996,47.074557],[2.946337,47.074515],[2.945747,47.074699],[2.944572,47.07565],[2.944046,47.075652],[2.942918,47.075029],[2.942252,47.074312],[2.941262,47.073759],[2.940408,47.074142],[2.93929,47.074373],[2.938105,47.074334],[2.937114,47.074115],[2.936184,47.07331],[2.935195,47.073225],[2.934268,47.072689],[2.933145,47.072381],[2.932081,47.071739],[2.932008,47.07155],[2.931331,47.071843],[2.929411,47.071299],[2.928874,47.071013],[2.92789,47.070149],[2.927448,47.069315],[2.928109,47.06855],[2.92791,47.067735],[2.927492,47.06731],[2.925127,47.067654],[2.924534,47.067612],[2.924,47.066985],[2.923343,47.067033],[2.92282,47.067486],[2.924079,47.068155],[2.924414,47.068737],[2.924428,47.069179],[2.920341,47.070414],[2.917211,47.070868],[2.916853,47.069631],[2.915055,47.06775],[2.914511,47.066044],[2.911598,47.064619],[2.90988,47.063998],[2.907903,47.063693],[2.904801,47.063499],[2.903983,47.064607],[2.903762,47.0656],[2.903334,47.065546],[2.902024,47.065857],[2.900441,47.066667],[2.898556,47.067039],[2.897284,47.067868],[2.897207,47.067403],[2.896163,47.06566],[2.891379,47.063684],[2.891115,47.063685],[2.884887,47.065144],[2.883373,47.065807],[2.881881,47.065151],[2.87904,47.065301],[2.879619,47.066348],[2.876744,47.068717],[2.875444,47.06908],[2.873055,47.069267],[2.872292,47.068725],[2.871921,47.068223],[2.870652,47.06884],[2.869272,47.068992],[2.869512,47.070419],[2.867243,47.071798],[2.866551,47.070451],[2.866048,47.070393],[2.862757,47.071517],[2.860558,47.072587],[2.858198,47.073342],[2.857917,47.072934],[2.85519,47.07178],[2.852497,47.072861],[2.852312,47.074121],[2.852845,47.074793],[2.852854,47.075738],[2.853258,47.076636],[2.852349,47.077945],[2.853012,47.078481],[2.852758,47.079337],[2.852234,47.079789],[2.851185,47.080243],[2.85046,47.080247],[2.849004,47.079309],[2.848148,47.079267],[2.849606,47.080385],[2.849745,47.08106],[2.849753,47.081959],[2.849557,47.082005],[2.848496,47.08138],[2.848102,47.081427],[2.848248,47.082956],[2.849154,47.084508],[2.849373,47.085847],[2.850334,47.087833],[2.850188,47.088199],[2.851003,47.088947],[2.851587,47.088881],[2.849826,47.093201],[2.845953,47.090882],[2.845556,47.090749],[2.844898,47.090887],[2.844634,47.090708],[2.844627,47.089944],[2.844359,47.08954],[2.84383,47.089227],[2.842973,47.089231],[2.838375,47.090511],[2.838449,47.09141],[2.837134,47.091595],[2.836398,47.090384],[2.836135,47.090341],[2.835427,47.090867],[2.831774,47.089046],[2.830471,47.090455],[2.830143,47.090591],[2.83002,47.090307],[2.826319,47.090772],[2.826856,47.091145],[2.826309,47.091493],[2.825625,47.091056],[2.823844,47.0915],[2.821763,47.091475],[2.821557,47.091109],[2.817904,47.093143],[2.817182,47.092066],[2.814828,47.093818],[2.812142,47.094925],[2.811226,47.094353],[2.811096,47.094913],[2.806445,47.09573],[2.803596,47.096642],[2.802525,47.096608],[2.802026,47.095415],[2.800755,47.095885],[2.799296,47.097393],[2.798876,47.097249],[2.797965,47.097622],[2.797931,47.097939],[2.793362,47.102483],[2.789406,47.10696],[2.788399,47.107585],[2.787774,47.107709],[2.787959,47.108036],[2.786815,47.110119],[2.787286,47.113546],[2.787314,47.116446],[2.787067,47.118095],[2.78068,47.117351],[2.779241,47.117437],[2.777554,47.117282],[2.777149,47.117873],[2.776722,47.11815],[2.774184,47.119176],[2.773809,47.118534],[2.772084,47.11738],[2.768605,47.117625],[2.767382,47.117945],[2.766194,47.118521],[2.765114,47.1187],[2.763547,47.11853],[2.762991,47.118292],[2.762417,47.118688],[2.762377,47.119066],[2.763021,47.119866],[2.763319,47.120904],[2.76209,47.121359],[2.759933,47.121377],[2.760056,47.122581],[2.759452,47.124972],[2.760543,47.126111],[2.761514,47.126613],[2.762138,47.12723],[2.76239,47.127903],[2.762517,47.129633],[2.760259,47.132457],[2.760883,47.135898],[2.760826,47.138183],[2.759722,47.138595],[2.759203,47.139677],[2.756301,47.139507],[2.755907,47.139689],[2.753922,47.138796],[2.753659,47.138798],[2.752411,47.139341],[2.750445,47.140924],[2.748868,47.141603],[2.74524,47.141347],[2.743923,47.141531],[2.741484,47.141585],[2.740429,47.141454],[2.73944,47.141547],[2.736611,47.142232],[2.736335,47.140568],[2.73424,47.141402],[2.734411,47.140311],[2.731666,47.141263],[2.729532,47.142339],[2.729585,47.137038],[2.730838,47.136989],[2.730817,47.13429],[2.723437,47.134404],[2.723192,47.134601],[2.721197,47.135244],[2.718274,47.136791],[2.716868,47.137756],[2.71588,47.137939],[2.715489,47.13848],[2.714104,47.138439],[2.713178,47.137947],[2.71258,47.13741],[2.711261,47.137144],[2.709157,47.138006],[2.708764,47.138322],[2.708369,47.138323],[2.706983,47.138058],[2.705656,47.136892],[2.704068,47.135953],[2.703932,47.135414],[2.701817,47.134386],[2.701209,47.132364],[2.698563,47.131068],[2.695459,47.130087],[2.694873,47.131124],[2.69382,47.131217],[2.69336,47.131579],[2.692778,47.1332],[2.690362,47.13667],[2.690102,47.137211],[2.690238,47.138021],[2.690049,47.13928],[2.688734,47.139734],[2.687942,47.139647],[2.685637,47.139969],[2.686444,47.14235],[2.687574,47.143831],[2.688112,47.145268],[2.68812,47.146618],[2.687529,47.147024],[2.686017,47.147614],[2.684969,47.148741],[2.683841,47.14944],[2.681971,47.149649],[2.678757,47.149337],[2.674623,47.149447],[2.672779,47.149857],[2.671071,47.150852],[2.669886,47.151215],[2.667652,47.152302],[2.663627,47.151997],[2.660897,47.150383],[2.656445,47.153526],[2.652442,47.150968],[2.65096,47.152047],[2.648347,47.15464],[2.646281,47.156166],[2.640834,47.16309],[2.645107,47.164643],[2.651206,47.167161],[2.652679,47.168079],[2.657689,47.17329],[2.658217,47.173468],[2.660599,47.173729],[2.664285,47.184021],[2.663988,47.184873],[2.666048,47.186135],[2.663188,47.188208],[2.660582,47.189581],[2.660227,47.190135],[2.66101,47.192252],[2.663105,47.196193],[2.664419,47.197936],[2.665936,47.197809],[2.668106,47.198688],[2.671638,47.199428],[2.674558,47.201893],[2.68057,47.20291],[2.685078,47.206044],[2.689191,47.206104],[2.69071,47.205525],[2.691128,47.205936],[2.693595,47.207393],[2.703521,47.210125],[2.706768,47.212095],[2.712015,47.215866],[2.721811,47.215384],[2.73045,47.216902],[2.731485,47.217217],[2.732198,47.217858],[2.732697,47.217493],[2.736253,47.213479],[2.739116,47.212526],[2.742348,47.212065],[2.744475,47.210588],[2.746508,47.210174],[2.748152,47.210245],[2.749591,47.209744],[2.751036,47.20884],[2.752223,47.208611],[2.757501,47.208412],[2.756371,47.207381],[2.757954,47.20724],[2.759599,47.206605],[2.758458,47.20004],[2.75778,47.198945],[2.75843,47.197291],[2.758201,47.194931],[2.773846,47.197421],[2.773915,47.198435],[2.774973,47.19934],[2.776001,47.199957],[2.780597,47.204027],[2.78732,47.208598],[2.78946,47.209284],[2.807428,47.219013],[2.812243,47.226242],[2.813539,47.22566],[2.814877,47.225458],[2.818819,47.230301],[2.82023,47.232859],[2.822296,47.235721],[2.832861,47.229141],[2.833723,47.228316],[2.834396,47.228237],[2.835004,47.227847],[2.835273,47.227979],[2.835554,47.227685],[2.83635,47.226628],[2.836971,47.222443],[2.837355,47.221181],[2.839806,47.216904],[2.839558,47.216778],[2.840108,47.216059],[2.841785,47.214865],[2.842059,47.213769],[2.842696,47.213345],[2.843941,47.213122],[2.845741,47.213704],[2.847715,47.213669],[2.848571,47.213395],[2.850736,47.212036],[2.85145,47.210864],[2.852107,47.210456],[2.855724,47.209045],[2.858505,47.20314],[2.864719,47.204147],[2.872763,47.196779],[2.872957,47.196328],[2.876174,47.194739],[2.882158,47.192641],[2.892411,47.195155],[2.894865,47.196491],[2.894699,47.196974],[2.893599,47.198082],[2.897699,47.199209],[2.897377,47.199777],[2.897843,47.199872],[2.898235,47.19972],[2.898656,47.199911],[2.899413,47.199871],[2.899519,47.200092],[2.899214,47.200289],[2.900157,47.200895],[2.899682,47.200909],[2.899675,47.20106],[2.900778,47.201362],[2.900613,47.201713],[2.901263,47.202105],[2.901739,47.202173],[2.901823,47.202337],[2.901644,47.202538],[2.893636,47.205135],[2.889551,47.205695],[2.888892,47.205923],[2.887912,47.206782],[2.888123,47.208086],[2.888936,47.210196],[2.892272,47.213508],[2.89992,47.225211],[2.901064,47.227229],[2.900153,47.228583],[2.899532,47.22994],[2.896617,47.233851],[2.895877,47.235242],[2.896035,47.237305],[2.895846,47.238299],[2.896103,47.23878],[2.895939,47.239198],[2.896093,47.24051],[2.8957,47.241483],[2.896244,47.242276],[2.895962,47.24332],[2.896332,47.243438],[2.896812,47.243372],[2.897015,47.244109],[2.896717,47.244611],[2.89667,47.245644],[2.896439,47.245905],[2.896838,47.246222],[2.896815,47.246879],[2.897387,47.247283],[2.897711,47.248608],[2.898569,47.250033],[2.898704,47.250688],[2.900059,47.252758],[2.899938,47.253172],[2.90022,47.254603],[2.900782,47.254829],[2.901052,47.255194],[2.90171,47.255356],[2.901957,47.25605],[2.904681,47.256037],[2.907003,47.257035],[2.907307,47.256881],[2.907263,47.255736],[2.907805,47.255099],[2.908762,47.254538],[2.910277,47.255116],[2.911457,47.254255],[2.913252,47.25537],[2.916151,47.255617],[2.916736,47.255837],[2.91696,47.256315],[2.918497,47.257728],[2.917579,47.258407],[2.917647,47.258542],[2.919794,47.260145],[2.919425,47.26047],[2.921359,47.260858],[2.920747,47.261474],[2.922335,47.261882],[2.9227,47.262259],[2.922185,47.262747],[2.925571,47.263383],[2.92696,47.264252],[2.928484,47.264694],[2.935301,47.265603],[2.943601,47.26769],[2.947976,47.268597],[2.973545,47.269941],[2.973939,47.269805],[2.97656,47.2679],[2.978715,47.265819],[2.982822,47.261164],[2.9834,47.259766],[2.982693,47.255902],[2.982016,47.254602],[2.981657,47.252265],[2.980218,47.247865],[2.980194,47.245975],[2.980626,47.2435],[2.978444,47.237664],[2.977955,47.235552],[2.979128,47.22871],[2.981689,47.221993],[2.986676,47.214138],[2.987261,47.213325],[2.991242,47.20957],[2.993846,47.206677],[2.986543,47.203935],[2.984193,47.202894],[2.973821,47.199226],[2.971541,47.198161],[2.966435,47.196307],[2.9646,47.195071],[2.963061,47.194441],[2.962439,47.193256],[2.960334,47.191262],[2.956743,47.188278],[2.955063,47.187118],[2.957181,47.185582],[2.957424,47.184973],[2.958928,47.183751],[2.95959,47.183882],[2.964101,47.180394],[2.967413,47.179836],[2.967984,47.179563],[2.967037,47.177634],[2.96723,47.177183],[2.966674,47.174848],[2.962658,47.174423],[2.961993,47.174205],[2.961354,47.172213],[2.962045,47.168216],[2.962569,47.167853],[2.962827,47.167357],[2.964026,47.162763],[2.965276,47.160348],[2.964182,47.1602],[2.964388,47.15649],[2.963534,47.155792],[2.963657,47.155509],[2.96132,47.154789],[2.960756,47.153829],[2.96172,47.151575],[2.963024,47.149453],[2.963057,47.14875],[2.964115,47.147784],[2.966732,47.146015],[2.968086,47.143534],[2.968727,47.14191],[2.969598,47.137453],[2.969824,47.132891],[2.970636,47.131805],[2.969959,47.128543],[2.96834,47.12577],[2.967512,47.123638]]]}},{"type":"Feature","properties":{"uai_primary":"0180766K","uai_all":"0180766K","is_merged":false},"geometry":{"type":"Polygon","coordinates":[[[2.339922,47.077074],[2.344823,47.074461],[2.347792,47.074837],[2.350274,47.07491],[2.351228,47.072681],[2.350908,47.070652],[2.349918,47.067925],[2.345544,47.066794],[2.342805,47.06673],[2.342666,47.068358],[2.340371,47.069287],[2.33926,47.071159],[2.338445,47.071215],[2.337225,47.071848],[2.336737,47.071759],[2.336012,47.073393],[2.324017,47.073926],[2.32472,47.074969],[2.325857,47.075878],[2.32838,47.077101],[2.329084,47.077659],[2.332752,47.076423],[2.337004,47.076435],[2.339922,47.077074]],[[2.461923,47.084169],[2.459879,47.083894],[2.459246,47.084101],[2.4587,47.086153],[2.457467,47.084331],[2.455741,47.083397],[2.455134,47.085442],[2.456863,47.086749],[2.457361,47.086664],[2.457813,47.086377],[2.459545,47.086333],[2.460965,47.08685],[2.46153,47.08654],[2.462428,47.086657],[2.462694,47.086913],[2.463187,47.087039],[2.464143,47.086827],[2.46462,47.087049],[2.465253,47.086997],[2.465367,47.087371],[2.466244,47.087417],[2.466755,47.087855],[2.467669,47.087812],[2.467985,47.088048],[2.4682,47.088887],[2.468544,47.089156],[2.468872,47.089179],[2.469232,47.088355],[2.469664,47.088435],[2.470257,47.087229],[2.470517,47.086093],[2.470385,47.083121],[2.470535,47.081764],[2.471057,47.080025],[2.470824,47.078522],[2.470209,47.076916],[2.464671,47.082344],[2.461923,47.084169]],[[2.404392,47.084222],[2.404223,47.084058],[2.403942,47.084277],[2.404392,47.084222]],[[2.404011,47.086195],[2.40451,47.087084],[2.404595,47.088048],[2.404924,47.088472],[2.405468,47.088845],[2.408093,47.089275],[2.41097,47.091094],[2.408894,47.0943],[2.407675,47.094597],[2.406885,47.094376],[2.406739,47.093677],[2.405584,47.093757],[2.404978,47.093614],[2.403814,47.093644],[2.402868,47.09393],[2.402214,47.094734],[2.402141,47.09527],[2.402674,47.095539],[2.403834,47.095669],[2.404167,47.095859],[2.404597,47.096776],[2.405255,47.096872],[2.406218,47.098362],[2.406578,47.098544],[2.406454,47.099384],[2.407294,47.100355],[2.407138,47.101334],[2.407333,47.101858],[2.407772,47.101961],[2.40861,47.102964],[2.411076,47.103429],[2.411789,47.103196],[2.41237,47.103237],[2.412452,47.103105],[2.413556,47.102951],[2.413933,47.102427],[2.415033,47.102218],[2.41473,47.101685],[2.415512,47.101703],[2.415506,47.101404],[2.4159,47.101416],[2.415557,47.101025],[2.41645,47.100692],[2.416896,47.100931],[2.417363,47.100694],[2.417151,47.100566],[2.416461,47.100685],[2.416473,47.100134],[2.417003,47.099968],[2.417256,47.099692],[2.416196,47.099393],[2.416167,47.099025],[2.417881,47.097745],[2.419295,47.097819],[2.421151,47.09727],[2.420863,47.096338],[2.420487,47.09596],[2.420526,47.094251],[2.422476,47.094783],[2.42306,47.09468],[2.423544,47.094879],[2.424289,47.094724],[2.426196,47.095188],[2.427307,47.094039],[2.429972,47.095562],[2.432184,47.095698],[2.432988,47.095325],[2.433272,47.095787],[2.434128,47.095864],[2.434852,47.09571],[2.435144,47.095825],[2.436005,47.097145],[2.436265,47.098073],[2.438473,47.09941],[2.439301,47.100289],[2.439521,47.100182],[2.440773,47.100183],[2.441319,47.096175],[2.440678,47.096135],[2.441259,47.094172],[2.441579,47.092401],[2.441607,47.090629],[2.442503,47.087062],[2.444466,47.087673],[2.444566,47.085858],[2.448355,47.083458],[2.446437,47.079973],[2.443099,47.081116],[2.441738,47.081869],[2.441131,47.082593],[2.440337,47.082616],[2.439434,47.083047],[2.438879,47.082952],[2.438656,47.082756],[2.438531,47.082553],[2.438679,47.082156],[2.43826,47.08191],[2.437815,47.082208],[2.437955,47.082931],[2.437721,47.083202],[2.437195,47.083163],[2.437223,47.082054],[2.436569,47.08188],[2.435822,47.082077],[2.435883,47.082807],[2.435158,47.083199],[2.434842,47.084134],[2.43447,47.083324],[2.434105,47.08302],[2.433266,47.083416],[2.433488,47.084587],[2.43211,47.083281],[2.42982,47.083192],[2.429332,47.08358],[2.42863,47.083167],[2.428107,47.083433],[2.427323,47.083223],[2.426805,47.083412],[2.425473,47.082838],[2.425141,47.081933],[2.424498,47.081773],[2.423499,47.082518],[2.423023,47.082189],[2.423005,47.081142],[2.422505,47.080779],[2.422088,47.081019],[2.422047,47.082116],[2.421704,47.082218],[2.421009,47.082863],[2.420556,47.082381],[2.418926,47.082347],[2.419296,47.080921],[2.418482,47.080099],[2.419866,47.079403],[2.419753,47.079125],[2.419213,47.078727],[2.418604,47.078905],[2.417697,47.078725],[2.417153,47.078902],[2.416921,47.078672],[2.416617,47.078638],[2.415596,47.078828],[2.415163,47.077672],[2.414885,47.077539],[2.414291,47.077725],[2.414021,47.07817],[2.413562,47.080242],[2.411668,47.079978],[2.412085,47.078549],[2.41162,47.078176],[2.411039,47.078182],[2.410458,47.077987],[2.409934,47.078774],[2.410679,47.079847],[2.407138,47.080551],[2.406816,47.0808],[2.409459,47.081496],[2.409266,47.081781],[2.408773,47.082017],[2.409131,47.082514],[2.408812,47.082792],[2.408576,47.082929],[2.407931,47.082815],[2.407973,47.083325],[2.408373,47.083501],[2.408761,47.084079],[2.408435,47.085002],[2.40757,47.084789],[2.406291,47.084959],[2.404504,47.084325],[2.403907,47.08439],[2.403707,47.084604],[2.404003,47.085028],[2.403799,47.085672],[2.404011,47.086195]],[[2.410029,47.084217],[2.410093,47.084338],[2.409881,47.084323],[2.410029,47.084217]],[[2.412339,47.09736],[2.412837,47.097056],[2.412703,47.097546],[2.412339,47.09736]],[[2.411292,47.09778],[2.411391,47.097331],[2.411809,47.097534],[2.411981,47.097901],[2.411292,47.09778]],[[2.402561,47.091659],[2.402633,47.091905],[2.402929,47.092044],[2.403941,47.091704],[2.403061,47.090998],[2.402561,47.091659]],[[2.423014,47.102245],[2.422535,47.101931],[2.421903,47.101838],[2.421666,47.103043],[2.421912,47.102994],[2.421906,47.103126],[2.422497,47.103242],[2.423367,47.102413],[2.423014,47.102245]],[[2.413408,47.105583],[2.41672,47.10623],[2.415105,47.104352],[2.412894,47.105015],[2.412758,47.105323],[2.413408,47.105583]],[[2.423594,47.124073],[2.421899,47.124036],[2.420872,47.124295],[2.420591,47.125736],[2.418482,47.125488],[2.417608,47.125545],[2.417573,47.125355],[2.414429,47.125789],[2.41414,47.126268],[2.413487,47.126464],[2.411783,47.126138],[2.409461,47.1265],[2.408635,47.126492],[2.407468,47.126216],[2.406383,47.127337],[2.40583,47.128848],[2.40363,47.129486],[2.405067,47.132116],[2.404925,47.134317],[2.404621,47.135591],[2.405362,47.137869],[2.404493,47.138459],[2.403473,47.138882],[2.400772,47.139325],[2.401634,47.142836],[2.404115,47.146284],[2.404838,47.148367],[2.405022,47.150672],[2.4042,47.155069],[2.404678,47.155252],[2.40964,47.155329],[2.411584,47.155082],[2.41359,47.155047],[2.414611,47.155165],[2.416062,47.155684],[2.418924,47.155707],[2.422139,47.156326],[2.42135,47.156988],[2.421296,47.157354],[2.420046,47.158696],[2.419855,47.159367],[2.419219,47.159669],[2.419442,47.160101],[2.419145,47.160363],[2.41935,47.16057],[2.418953,47.160954],[2.419181,47.161345],[2.418633,47.16198],[2.41874,47.163084],[2.419143,47.163168],[2.4185,47.163491],[2.418231,47.16398],[2.417687,47.163722],[2.417752,47.164052],[2.418077,47.164284],[2.417821,47.164652],[2.418385,47.165003],[2.418238,47.165273],[2.418554,47.165352],[2.418221,47.165535],[2.418198,47.165948],[2.417105,47.166621],[2.415948,47.16674],[2.41525,47.167562],[2.414886,47.167474],[2.414166,47.167676],[2.414321,47.168125],[2.414697,47.168451],[2.414631,47.169233],[2.414322,47.169425],[2.414815,47.169694],[2.414439,47.169909],[2.414634,47.17025],[2.414362,47.170395],[2.414766,47.170556],[2.414305,47.170918],[2.41494,47.171167],[2.415044,47.172018],[2.415278,47.172378],[2.415736,47.172586],[2.415236,47.172921],[2.414548,47.172486],[2.411018,47.172464],[2.411425,47.174425],[2.411737,47.175053],[2.409843,47.175409],[2.406949,47.176367],[2.405424,47.177542],[2.404274,47.178043],[2.403315,47.178219],[2.402257,47.179802],[2.400835,47.180463],[2.399177,47.180893],[2.395981,47.181189],[2.395107,47.181503],[2.392747,47.182977],[2.390424,47.182585],[2.389694,47.182609],[2.388401,47.18182],[2.387242,47.182775],[2.386311,47.183951],[2.385021,47.185015],[2.384692,47.185121],[2.384082,47.187191],[2.382708,47.18887],[2.384378,47.189001],[2.385979,47.188923],[2.387659,47.18929],[2.390959,47.189619],[2.391332,47.189625],[2.391436,47.189451],[2.392404,47.189613],[2.396406,47.190938],[2.398236,47.191375],[2.399512,47.191462],[2.400593,47.191064],[2.400769,47.191426],[2.401172,47.191621],[2.403036,47.191447],[2.40499,47.191915],[2.406028,47.191881],[2.407436,47.191501],[2.409473,47.191741],[2.411011,47.191645],[2.414474,47.190461],[2.414897,47.19004],[2.415358,47.18988],[2.417266,47.189857],[2.417599,47.190039],[2.418478,47.191139],[2.41778,47.192303],[2.417209,47.194868],[2.416918,47.195394],[2.418636,47.196438],[2.419458,47.197608],[2.422001,47.199808],[2.422562,47.201288],[2.423112,47.201906],[2.423249,47.202432],[2.424028,47.202588],[2.424037,47.202822],[2.424823,47.203365],[2.427273,47.204241],[2.43321,47.202707],[2.440007,47.202072],[2.440742,47.202072],[2.44107,47.202467],[2.442069,47.201764],[2.442896,47.201013],[2.443998,47.198613],[2.444782,47.197614],[2.444029,47.193684],[2.444364,47.191526],[2.44486,47.190908],[2.446029,47.189969],[2.446624,47.189693],[2.447802,47.18817],[2.449438,47.186609],[2.449334,47.186257],[2.449776,47.185333],[2.446969,47.185603],[2.446547,47.185238],[2.446853,47.184752],[2.445119,47.182886],[2.443262,47.183524],[2.441994,47.183698],[2.438577,47.184597],[2.438367,47.184604],[2.438062,47.183766],[2.436146,47.184219],[2.435319,47.181458],[2.43511,47.181448],[2.434755,47.180892],[2.433895,47.180173],[2.432754,47.17754],[2.431891,47.176147],[2.429844,47.176574],[2.427861,47.176716],[2.427486,47.174015],[2.42755,47.173431],[2.428012,47.172621],[2.426626,47.172352],[2.42493,47.171336],[2.425287,47.169235],[2.422417,47.169495],[2.423044,47.16757],[2.423588,47.166405],[2.425687,47.163537],[2.426214,47.163132],[2.426346,47.162592],[2.429114,47.16169],[2.429642,47.161735],[2.432937,47.160473],[2.434947,47.159943],[2.438861,47.15849],[2.439387,47.158039],[2.439393,47.15749],[2.438384,47.156584],[2.438093,47.1561],[2.436845,47.152726],[2.435351,47.151274],[2.43714,47.150379],[2.436679,47.148954],[2.436856,47.147922],[2.433643,47.146728],[2.434349,47.146015],[2.435897,47.145276],[2.435606,47.144344],[2.440472,47.142475],[2.441621,47.142485],[2.44284,47.14221],[2.444035,47.141539],[2.446817,47.140939],[2.448168,47.142503],[2.449323,47.141674],[2.452196,47.138814],[2.453118,47.137309],[2.451711,47.135582],[2.450541,47.134603],[2.449227,47.132878],[2.447289,47.131014],[2.449287,47.130407],[2.448102,47.127848],[2.447555,47.125593],[2.447746,47.125534],[2.445876,47.123568],[2.442859,47.124488],[2.440051,47.124703],[2.438224,47.124545],[2.436927,47.124164],[2.435464,47.124019],[2.433033,47.124076],[2.427445,47.123734],[2.423594,47.124073]]]}},{"type":"Feature","properties":{"uai_primary":"0180769N","uai_all":"0180769N","is_merged":false},"geometry":{"type":"Polygon","coordinates":[[[2.337096,46.803829],[2.334823,46.805524],[2.321194,46.814069],[2.320866,46.814428],[2.31949,46.817532],[2.318178,46.820906],[2.315837,46.823213],[2.316837,46.823727],[2.320425,46.825068],[2.320842,46.824523],[2.32125,46.824692],[2.324615,46.824814],[2.32682,46.825583],[2.327019,46.825842],[2.327427,46.825977],[2.328653,46.825919],[2.3312,46.827887],[2.331987,46.828805],[2.332076,46.82938],[2.335608,46.830399],[2.338623,46.83041],[2.338812,46.831228],[2.341895,46.833788],[2.341792,46.834449],[2.340782,46.835447],[2.338155,46.837108],[2.337367,46.837431],[2.333904,46.836786],[2.331983,46.837094],[2.328997,46.83701],[2.326006,46.836295],[2.324797,46.836282],[2.322744,46.836642],[2.319092,46.838415],[2.316208,46.84019],[2.314136,46.842403],[2.314085,46.843174],[2.315474,46.846449],[2.315346,46.847484],[2.314331,46.849361],[2.314448,46.850075],[2.315046,46.851369],[2.314654,46.853092],[2.314084,46.852988],[2.313627,46.852707],[2.312987,46.852753],[2.311362,46.854528],[2.31079,46.854929],[2.310026,46.855154],[2.308864,46.856407],[2.308318,46.856663],[2.308235,46.857098],[2.308529,46.85716],[2.308174,46.857753],[2.30815,46.858605],[2.307802,46.859599],[2.306721,46.860968],[2.308994,46.86154],[2.313179,46.863054],[2.312018,46.864055],[2.311345,46.864889],[2.308905,46.869233],[2.308876,46.872276],[2.309156,46.873739],[2.30984,46.874898],[2.31228,46.874464],[2.314219,46.875113],[2.318277,46.875055],[2.319817,46.875499],[2.321934,46.877526],[2.322227,46.878192],[2.322242,46.879279],[2.322573,46.880259],[2.324607,46.883186],[2.329614,46.888543],[2.329911,46.888592],[2.331115,46.889574],[2.332428,46.890076],[2.333207,46.891073],[2.333837,46.891335],[2.333772,46.892976],[2.334753,46.894678],[2.33856,46.896388],[2.338757,46.896388],[2.339478,46.895443],[2.340231,46.895166],[2.340071,46.895805],[2.340422,46.896132],[2.343679,46.897061],[2.34486,46.897287],[2.347878,46.897511],[2.348535,46.897692],[2.349257,46.898411],[2.350175,46.898546],[2.352408,46.899895],[2.354042,46.899454],[2.354967,46.899985],[2.355361,46.899984],[2.357102,46.898652],[2.359359,46.897459],[2.359087,46.897322],[2.35997,46.896173],[2.35927,46.896162],[2.359564,46.895857],[2.361265,46.895351],[2.361527,46.89499],[2.361986,46.893056],[2.362116,46.893011],[2.362314,46.893281],[2.362314,46.894496],[2.36297,46.895035],[2.363298,46.895035],[2.366213,46.893835],[2.367232,46.893679],[2.36822,46.893909],[2.368876,46.893639],[2.369926,46.893594],[2.37021,46.892439],[2.378614,46.898701],[2.379904,46.898493],[2.386466,46.89876],[2.388304,46.8984],[2.389573,46.898458],[2.390674,46.898817],[2.392438,46.898488],[2.393881,46.898532],[2.396442,46.898981],[2.398016,46.899025],[2.401231,46.897584],[2.401624,46.897313],[2.401755,46.896774],[2.40241,46.896503],[2.403656,46.896323],[2.404312,46.895918],[2.403852,46.895468],[2.40405,46.895198],[2.405492,46.894567],[2.406146,46.893127],[2.406475,46.892903],[2.40818,46.892587],[2.411853,46.891459],[2.41382,46.891008],[2.415198,46.890873],[2.41756,46.891051],[2.417757,46.890601],[2.420382,46.890689],[2.421957,46.890958],[2.426081,46.892234],[2.427002,46.89169],[2.43246,46.893031],[2.432504,46.890626],[2.432757,46.889745],[2.433166,46.889027],[2.434484,46.887749],[2.433,46.887327],[2.434544,46.884875],[2.437229,46.885591],[2.437709,46.884976],[2.437563,46.884247],[2.438396,46.882714],[2.4371,46.882338],[2.437163,46.882219],[2.437752,46.881409],[2.438669,46.880598],[2.439324,46.880463],[2.440046,46.880013],[2.440897,46.878887],[2.44109,46.877537],[2.440433,46.876638],[2.439579,46.876054],[2.439577,46.87529],[2.440176,46.875075],[2.439835,46.872203],[2.432708,46.870594],[2.432624,46.869087],[2.431365,46.868459],[2.431096,46.863561],[2.425732,46.862848],[2.425784,46.86473],[2.425522,46.864686],[2.423027,46.862708],[2.423485,46.861854],[2.421123,46.861135],[2.422891,46.859605],[2.423283,46.859065],[2.424202,46.858974],[2.428329,46.856587],[2.435568,46.855161],[2.436784,46.854735],[2.437471,46.849927],[2.438339,46.84987],[2.439887,46.849283],[2.440765,46.849288],[2.441534,46.84956],[2.443001,46.849362],[2.444042,46.849546],[2.445862,46.850231],[2.446153,46.850678],[2.448447,46.850766],[2.449367,46.85144],[2.451598,46.852472],[2.452389,46.854181],[2.455419,46.855683],[2.457904,46.856379],[2.458833,46.856197],[2.460553,46.856526],[2.461609,46.855437],[2.462558,46.85506],[2.463392,46.854275],[2.463433,46.851406],[2.461227,46.850665],[2.460701,46.850109],[2.460243,46.849919],[2.462142,46.848053],[2.46106,46.847708],[2.461349,46.847169],[2.462239,46.847353],[2.46304,46.84671],[2.463576,46.845855],[2.463223,46.845391],[2.463874,46.84492],[2.466752,46.843556],[2.467089,46.843953],[2.468319,46.846715],[2.471951,46.849246],[2.472345,46.849338],[2.475513,46.849727],[2.477366,46.84978],[2.482007,46.849325],[2.483537,46.849334],[2.484736,46.848097],[2.485101,46.847296],[2.485551,46.846861],[2.486129,46.843649],[2.486674,46.842042],[2.499494,46.835559],[2.500333,46.836759],[2.501449,46.836892],[2.501319,46.837388],[2.502174,46.838195],[2.504477,46.841297],[2.503871,46.841984],[2.503943,46.842201],[2.504956,46.842076],[2.508185,46.842076],[2.509062,46.841918],[2.510002,46.841398],[2.51085,46.840239],[2.512569,46.839593],[2.51417,46.838538],[2.514815,46.838381],[2.517293,46.836497],[2.518195,46.836439],[2.518911,46.836017],[2.519471,46.83616],[2.520969,46.836073],[2.523114,46.835703],[2.524685,46.836268],[2.525689,46.83794],[2.527382,46.838885],[2.528325,46.839306],[2.530682,46.839583],[2.532421,46.838934],[2.53401,46.838183],[2.535365,46.837311],[2.536143,46.83703],[2.537251,46.837548],[2.538101,46.83607],[2.53895,46.835261],[2.541463,46.834638],[2.542563,46.834942],[2.543922,46.834074],[2.577108,46.83664],[2.578599,46.836621],[2.580229,46.834638],[2.580873,46.831983],[2.581393,46.831262],[2.581261,46.831037],[2.578569,46.829918],[2.576732,46.829472],[2.572406,46.829391],[2.57221,46.828896],[2.569949,46.828691],[2.568594,46.828244],[2.568061,46.827991],[2.567011,46.826308],[2.564006,46.823894],[2.565464,46.823639],[2.567139,46.822807],[2.567695,46.822806],[2.571632,46.819162],[2.571834,46.818597],[2.573238,46.816559],[2.574448,46.816542],[2.576274,46.817283],[2.576888,46.817296],[2.577073,46.817464],[2.578055,46.817419],[2.580899,46.81688],[2.581866,46.816474],[2.582114,46.815544],[2.583268,46.815539],[2.584231,46.815819],[2.585169,46.814762],[2.586211,46.814436],[2.587396,46.81373],[2.588681,46.812547],[2.591396,46.810952],[2.592378,46.810627],[2.593094,46.810598],[2.593584,46.810288],[2.595026,46.808142],[2.59637,46.806893],[2.597143,46.805499],[2.597713,46.805147],[2.598736,46.804976],[2.602384,46.80553],[2.604122,46.805413],[2.605371,46.805298],[2.608171,46.804603],[2.608271,46.804194],[2.611401,46.803948],[2.615971,46.804682],[2.617571,46.805423],[2.620779,46.805098],[2.621602,46.802836],[2.622456,46.801821],[2.623732,46.798966],[2.623975,46.798823],[2.624074,46.798205],[2.623324,46.796141],[2.622051,46.793546],[2.621795,46.79198],[2.623392,46.791625],[2.624568,46.791037],[2.625354,46.790189],[2.625646,46.788897],[2.625618,46.787477],[2.626145,46.786548],[2.626121,46.785775],[2.626614,46.784271],[2.632676,46.785866],[2.644877,46.788544],[2.645407,46.788809],[2.645581,46.789088],[2.645928,46.791038],[2.649165,46.790264],[2.657168,46.793747],[2.657796,46.793784],[2.660939,46.794628],[2.662298,46.794602],[2.663063,46.794322],[2.663087,46.794118],[2.662606,46.793969],[2.662569,46.793786],[2.663157,46.793606],[2.663164,46.792939],[2.664466,46.791905],[2.664175,46.791696],[2.664226,46.791324],[2.666002,46.790833],[2.666202,46.790606],[2.666865,46.790369],[2.667521,46.790515],[2.66815,46.790275],[2.66873,46.790429],[2.669111,46.790199],[2.671038,46.790207],[2.671394,46.789838],[2.677597,46.789474],[2.678105,46.789064],[2.683076,46.788055],[2.684766,46.787965],[2.689258,46.788956],[2.693646,46.791913],[2.694062,46.792907],[2.693712,46.794171],[2.69387,46.794955],[2.694786,46.796592],[2.695552,46.797001],[2.699206,46.797033],[2.700732,46.79778],[2.701487,46.797078],[2.705801,46.797198],[2.707001,46.796999],[2.709565,46.796052],[2.712873,46.795295],[2.713791,46.794794],[2.714881,46.793842],[2.716027,46.793608],[2.720035,46.79102],[2.721554,46.790184],[2.722781,46.789762],[2.723727,46.78856],[2.724304,46.787133],[2.724521,46.785976],[2.723783,46.783408],[2.723835,46.782637],[2.723473,46.781299],[2.723827,46.780036],[2.727444,46.779891],[2.726131,46.777262],[2.726453,46.775479],[2.727362,46.774132],[2.72897,46.773625],[2.73064,46.772776],[2.731456,46.773309],[2.732244,46.773532],[2.733575,46.773516],[2.733798,46.773918],[2.735537,46.77525],[2.737039,46.775719],[2.73763,46.775725],[2.740448,46.777583],[2.744596,46.776331],[2.74536,46.776365],[2.746338,46.775911],[2.749336,46.774012],[2.750728,46.778628],[2.752093,46.781169],[2.751896,46.781491],[2.750271,46.781889],[2.750005,46.782486],[2.751605,46.78319],[2.752732,46.783416],[2.753614,46.784184],[2.756871,46.782137],[2.757785,46.780811],[2.759543,46.77956],[2.760251,46.778328],[2.763262,46.777075],[2.765201,46.776652],[2.768198,46.774797],[2.769438,46.774207],[2.770548,46.773887],[2.772577,46.77379],[2.774276,46.773424],[2.77519,46.773015],[2.776818,46.771885],[2.777536,46.771572],[2.778946,46.770258],[2.779432,46.769511],[2.779808,46.769399],[2.783411,46.76961],[2.786811,46.769102],[2.788967,46.768554],[2.789165,46.768687],[2.789426,46.768642],[2.79216,46.766742],[2.794151,46.766029],[2.794333,46.76568],[2.79633,46.764521],[2.798744,46.763476],[2.800108,46.762121],[2.802334,46.7603],[2.804662,46.758908],[2.806926,46.755886],[2.807251,46.75557],[2.808879,46.754753],[2.80966,46.75412],[2.810177,46.753398],[2.811585,46.749748],[2.811177,46.747996],[2.811565,46.747589],[2.812542,46.746956],[2.813553,46.746701],[2.817468,46.745007],[2.819764,46.74566],[2.821347,46.744201],[2.822313,46.74238],[2.824011,46.740823],[2.825225,46.738676],[2.825922,46.737991],[2.826631,46.736577],[2.827521,46.735337],[2.821601,46.735447],[2.81957,46.735095],[2.814926,46.73534],[2.811773,46.734003],[2.809739,46.733337],[2.807974,46.733389],[2.807382,46.733077],[2.805746,46.733039],[2.800465,46.733869],[2.795093,46.734341],[2.792959,46.734251],[2.792204,46.734091],[2.791249,46.733382],[2.791165,46.732474],[2.790624,46.731417],[2.789073,46.730908],[2.787977,46.729202],[2.787138,46.728804],[2.785212,46.727182],[2.78548,46.726029],[2.785644,46.722536],[2.784105,46.722567],[2.780677,46.72216],[2.778141,46.721627],[2.775987,46.72061],[2.774729,46.718942],[2.773699,46.718231],[2.771104,46.72076],[2.771444,46.722423],[2.771972,46.723006],[2.770231,46.723448],[2.76799,46.721484],[2.767445,46.721314],[2.766655,46.720687],[2.766327,46.720553],[2.765243,46.720995],[2.761734,46.719058],[2.760263,46.718467],[2.759094,46.718205],[2.758881,46.717577],[2.758683,46.717509],[2.758521,46.717748],[2.754914,46.719246],[2.75663,46.724806],[2.75008,46.725832],[2.748466,46.726314],[2.748318,46.726538],[2.746767,46.727285],[2.746052,46.727877],[2.744049,46.728793],[2.74435,46.72942],[2.74363,46.729614],[2.743687,46.73002],[2.741948,46.733718],[2.741767,46.734859],[2.740996,46.735381],[2.740714,46.73531],[2.73974,46.73616],[2.738164,46.736891],[2.736499,46.73807],[2.73973,46.741342],[2.734834,46.744829],[2.734588,46.745184],[2.734531,46.746219],[2.732053,46.747622],[2.728854,46.748488],[2.727993,46.747141],[2.725293,46.744762],[2.723702,46.74393],[2.722497,46.743877],[2.721045,46.743358],[2.718493,46.74175],[2.718083,46.743352],[2.71726,46.744288],[2.716995,46.744511],[2.715125,46.745177],[2.714215,46.744343],[2.70911,46.74131],[2.707917,46.740343],[2.704866,46.739427],[2.704766,46.738132],[2.705681,46.738129],[2.706123,46.737578],[2.705641,46.73693],[2.705204,46.735251],[2.705387,46.733024],[2.703825,46.731925],[2.703079,46.731983],[2.701912,46.729374],[2.700799,46.728176],[2.703577,46.72698],[2.704554,46.726301],[2.705989,46.725622],[2.706903,46.725394],[2.706376,46.724766],[2.702494,46.721585],[2.705103,46.720587],[2.70387,46.719398],[2.702129,46.718204],[2.700649,46.719046],[2.699789,46.71935],[2.700055,46.720125],[2.701081,46.7211],[2.698946,46.722217],[2.697115,46.722809],[2.696732,46.722008],[2.696535,46.722013],[2.695917,46.722388],[2.696235,46.722889],[2.69626,46.723257],[2.696053,46.723498],[2.694684,46.723347],[2.694125,46.722822],[2.693114,46.722818],[2.692077,46.72254],[2.691432,46.721624],[2.691546,46.719667],[2.690738,46.719855],[2.689741,46.720548],[2.687988,46.721034],[2.687436,46.722516],[2.68556,46.72263],[2.68549,46.721863],[2.684315,46.721783],[2.684289,46.721471],[2.68497,46.720224],[2.685342,46.718533],[2.686105,46.717128],[2.685325,46.716496],[2.686128,46.715613],[2.684925,46.714902],[2.686211,46.714491],[2.684804,46.713745],[2.683538,46.713322],[2.681968,46.713326],[2.679378,46.712798],[2.6764,46.711145],[2.675065,46.711115],[2.674885,46.710199],[2.671445,46.708835],[2.671693,46.708608],[2.676014,46.706747],[2.677172,46.705582],[2.677819,46.704536],[2.67743,46.704584],[2.674903,46.703454],[2.674476,46.703054],[2.674054,46.701917],[2.672268,46.701743],[2.669187,46.701795],[2.66492,46.700604],[2.660056,46.698635],[2.65795,46.698246],[2.655203,46.696919],[2.654416,46.696368],[2.654136,46.695773],[2.653865,46.69402],[2.653533,46.693302],[2.653006,46.692763],[2.650906,46.691284],[2.649985,46.690252],[2.645172,46.687278],[2.644548,46.689321],[2.644499,46.690507],[2.641879,46.690274],[2.640244,46.690278],[2.639599,46.69154],[2.638421,46.691408],[2.637376,46.69168],[2.635807,46.691684],[2.628198,46.690332],[2.627307,46.692025],[2.626599,46.69272],[2.62646,46.693355],[2.628495,46.693547],[2.630465,46.693386],[2.631636,46.694035],[2.631507,46.69435],[2.630919,46.694576],[2.63066,46.694936],[2.630665,46.695791],[2.631851,46.697633],[2.631592,46.697859],[2.630742,46.698086],[2.629541,46.69987],[2.631539,46.700288],[2.631606,46.700467],[2.627318,46.705652],[2.626736,46.706822],[2.625705,46.709939],[2.625286,46.709914],[2.624796,46.710921],[2.625497,46.711126],[2.624373,46.713192],[2.622093,46.712014],[2.620624,46.710592],[2.620252,46.709867],[2.619903,46.709555],[2.619545,46.709498],[2.619398,46.709487],[2.61768,46.713188],[2.610378,46.712376],[2.60897,46.71184],[2.607649,46.710777],[2.606272,46.708032],[2.604673,46.706526],[2.604152,46.705221],[2.602522,46.704001],[2.601633,46.704434],[2.601245,46.70414],[2.599429,46.704622],[2.599589,46.704864],[2.596521,46.70613],[2.594303,46.704607],[2.593156,46.705241],[2.592854,46.705104],[2.593009,46.704762],[2.59228,46.704081],[2.591076,46.704522],[2.590545,46.704446],[2.586822,46.706064],[2.584684,46.704916],[2.582512,46.705859],[2.582028,46.706238],[2.579854,46.706688],[2.57946,46.707518],[2.577373,46.708511],[2.577111,46.708512],[2.57665,46.707658],[2.575017,46.708292],[2.575086,46.709146],[2.571952,46.710142],[2.563797,46.719155],[2.563196,46.719117],[2.562531,46.719747],[2.56191,46.719528],[2.561475,46.719833],[2.560816,46.719466],[2.560618,46.719109],[2.559991,46.719395],[2.55962,46.719386],[2.559507,46.718796],[2.558799,46.719006],[2.558475,46.7186],[2.557988,46.718734],[2.557293,46.718652],[2.556477,46.718753],[2.556215,46.719283],[2.556225,46.720825],[2.556759,46.721001],[2.555801,46.723915],[2.55488,46.724831],[2.552895,46.724991],[2.550303,46.723029],[2.545359,46.721773],[2.542826,46.720597],[2.542562,46.719101],[2.534979,46.716324],[2.533331,46.718213],[2.531962,46.719249],[2.530679,46.719912],[2.528563,46.720332],[2.527666,46.72031],[2.526544,46.720041],[2.525033,46.721176],[2.523237,46.720477],[2.521713,46.720872],[2.520658,46.720877],[2.520462,46.721217],[2.519572,46.721247],[2.519246,46.721005],[2.519119,46.721198],[2.51858,46.721148],[2.518491,46.720897],[2.518084,46.721217],[2.517955,46.721095],[2.517207,46.721087],[2.515644,46.721472],[2.515189,46.721649],[2.514957,46.721968],[2.514611,46.721857],[2.514557,46.722181],[2.514042,46.722156],[2.51334,46.722446],[2.512785,46.722234],[2.51154,46.7226],[2.511096,46.722906],[2.51109,46.723396],[2.510445,46.723445],[2.510208,46.723653],[2.509842,46.723665],[2.508227,46.724353],[2.50797,46.72432],[2.507429,46.724663],[2.506782,46.724794],[2.506658,46.72505],[2.506416,46.72501],[2.505407,46.72541],[2.505101,46.725355],[2.505051,46.725565],[2.503302,46.726173],[2.503027,46.726151],[2.502842,46.726332],[2.500658,46.727143],[2.500334,46.727131],[2.499947,46.727379],[2.498741,46.72662],[2.498053,46.726754],[2.496408,46.727551],[2.494641,46.72771],[2.495613,46.728575],[2.496552,46.728854],[2.496459,46.72939],[2.495907,46.729661],[2.495666,46.729374],[2.495153,46.729278],[2.493238,46.729783],[2.489767,46.729139],[2.489571,46.730514],[2.488564,46.732493],[2.487764,46.733305],[2.486387,46.733797],[2.485454,46.733949],[2.484818,46.733763],[2.484722,46.731956],[2.484643,46.731708],[2.48433,46.731551],[2.479004,46.732058],[2.476488,46.731967],[2.475111,46.73244],[2.47493,46.733296],[2.474949,46.733776],[2.47584,46.735348],[2.475596,46.735555],[2.474234,46.735925],[2.473789,46.735801],[2.473641,46.73492],[2.471291,46.733243],[2.47022,46.733659],[2.46956,46.734209],[2.46945,46.735085],[2.469856,46.736073],[2.470078,46.737759],[2.469475,46.738545],[2.468317,46.738905],[2.466874,46.738993],[2.464251,46.738023],[2.46208,46.737648],[2.461274,46.736945],[2.459749,46.736565],[2.458768,46.735048],[2.457386,46.7344],[2.455258,46.733986],[2.454261,46.734084],[2.452842,46.734648],[2.452275,46.735159],[2.451696,46.736462],[2.451234,46.736833],[2.451096,46.738209],[2.450523,46.738473],[2.449514,46.738472],[2.448293,46.738066],[2.447647,46.737352],[2.447431,46.736437],[2.447838,46.734904],[2.447467,46.734655],[2.446771,46.73472],[2.445453,46.735697],[2.444584,46.736884],[2.444443,46.737395],[2.445081,46.738496],[2.445231,46.739435],[2.444838,46.741283],[2.443492,46.74369],[2.442379,46.744081],[2.439334,46.743678],[2.438365,46.743655],[2.437932,46.743792],[2.437933,46.745689],[2.438663,46.747635],[2.438608,46.748293],[2.43774,46.749296],[2.436985,46.74976],[2.435817,46.750244],[2.433418,46.750787],[2.428681,46.751262],[2.428851,46.750617],[2.430049,46.750278],[2.429886,46.749854],[2.430193,46.749629],[2.430102,46.749417],[2.430502,46.749215],[2.430394,46.748735],[2.430757,46.748485],[2.430775,46.748223],[2.430593,46.748011],[2.429064,46.747486],[2.428664,46.74685],[2.426849,46.745408],[2.424722,46.745288],[2.423548,46.745667],[2.42322,46.745692],[2.423165,46.745555],[2.418862,46.746335],[2.41817,46.745961],[2.41768,46.746385],[2.41677,46.746674],[2.413954,46.746438],[2.413627,46.746275],[2.41225,46.746141],[2.411193,46.744319],[2.41032,46.743532],[2.409739,46.743232],[2.40794,46.743321],[2.407103,46.742597],[2.406103,46.742635],[2.405885,46.742247],[2.40474,46.74216],[2.404465,46.741836],[2.40312,46.74165],[2.402601,46.741898],[2.402616,46.742528],[2.402347,46.742798],[2.400493,46.743457],[2.399608,46.744059],[2.398234,46.74442],[2.396991,46.74442],[2.39614,46.744196],[2.394111,46.744107],[2.392999,46.743793],[2.391167,46.743614],[2.389764,46.743703],[2.389664,46.742634],[2.38819,46.738438],[2.388154,46.737566],[2.387755,46.736182],[2.388075,46.734634],[2.387491,46.731267],[2.385604,46.729341],[2.384712,46.727889],[2.384603,46.727088],[2.384316,46.726681],[2.382408,46.725735],[2.381202,46.725735],[2.378583,46.726328],[2.373799,46.72802],[2.374619,46.729918],[2.373969,46.732784],[2.37305,46.733755],[2.37124,46.735001],[2.370394,46.735119],[2.370765,46.735317],[2.36996,46.73566],[2.368129,46.735885],[2.367867,46.737145],[2.36741,46.738],[2.367607,46.739214],[2.364901,46.742221],[2.364173,46.742645],[2.362439,46.744235],[2.361927,46.745363],[2.359108,46.75487],[2.357143,46.75622],[2.354453,46.75715],[2.345203,46.758038],[2.344007,46.75846],[2.342197,46.758122],[2.342184,46.757941],[2.34109,46.757821],[2.336608,46.756793],[2.334825,46.756042],[2.331784,46.755487],[2.32324,46.756671],[2.322174,46.759567],[2.321477,46.7598],[2.318263,46.766162],[2.310629,46.780043],[2.309491,46.784664],[2.30963,46.79178],[2.310198,46.79243],[2.310948,46.792998],[2.312063,46.792719],[2.312954,46.793554],[2.315633,46.794951],[2.318972,46.797065],[2.326162,46.798644],[2.32663,46.799086],[2.328705,46.799837],[2.331678,46.801295],[2.333841,46.802149],[2.337096,46.803829]],[[2.555838,46.737375],[2.554279,46.735425],[2.553994,46.734139],[2.560242,46.731451],[2.561811,46.731032],[2.561924,46.732639],[2.561511,46.734275],[2.557999,46.735754],[2.556898,46.735984],[2.556129,46.736362],[2.555838,46.737375]],[[2.520243,46.724059],[2.521161,46.7238],[2.521193,46.724035],[2.520524,46.724351],[2.520243,46.724059]],[[2.517447,46.724798],[2.517181,46.724797],[2.51623,46.724232],[2.517194,46.724097],[2.518401,46.724146],[2.518624,46.724465],[2.518471,46.724648],[2.517447,46.724798]],[[2.522437,46.724947],[2.52393,46.724566],[2.525281,46.724757],[2.527006,46.724544],[2.528678,46.726078],[2.528686,46.728575],[2.526307,46.728442],[2.525144,46.727854],[2.522397,46.725767],[2.522437,46.724947]],[[2.511157,46.722044],[2.511332,46.721886],[2.510869,46.721866],[2.510776,46.722222],[2.511157,46.722044]]]}},{"type":"Feature","properties":{"uai_primary":"0180777X","uai_all":"0180777X","is_merged":false},"geometry":{"type":"Polygon","coordinates":[[[2.470786,46.974891],[2.468879,46.974579],[2.466119,46.974583],[2.45869,46.973466],[2.452251,46.973562],[2.451133,46.973383],[2.449228,46.973386],[2.446467,46.972984],[2.443631,46.973753],[2.436386,46.973401],[2.425703,46.974081],[2.425704,46.975295],[2.425246,46.976157],[2.431272,46.979943],[2.431487,46.980138],[2.430856,46.980095],[2.432019,46.981982],[2.429307,46.982568],[2.423903,46.982529],[2.421156,46.981131],[2.419294,46.983965],[2.416097,46.983511],[2.414851,46.983602],[2.414103,46.984646],[2.414156,46.985059],[2.413841,46.985186],[2.41321,46.986337],[2.413371,46.990369],[2.411689,46.990071],[2.40838,46.989816],[2.400553,46.987809],[2.397641,46.987294],[2.396673,46.987321],[2.396392,46.987059],[2.395396,46.987094],[2.39382,46.999371],[2.396357,46.999626],[2.396569,47.003226],[2.396255,47.005351],[2.39644,47.007618],[2.395516,47.009169],[2.396038,47.009442],[2.396009,47.010377],[2.395126,47.01173],[2.393738,47.013331],[2.393355,47.014415],[2.393492,47.015302],[2.391598,47.019595],[2.392154,47.019775],[2.392197,47.0204],[2.392631,47.020838],[2.392448,47.020956],[2.393185,47.021467],[2.39321,47.021316],[2.393987,47.021802],[2.394302,47.021776],[2.395007,47.024216],[2.391381,47.024032],[2.391643,47.029848],[2.390317,47.034203],[2.390606,47.034239],[2.390026,47.035428],[2.390224,47.036337],[2.389671,47.038523],[2.400031,47.04594],[2.400875,47.046086],[2.401038,47.047212],[2.400812,47.047329],[2.40108,47.047509],[2.401229,47.048538],[2.400916,47.048769],[2.401279,47.04889],[2.401445,47.051229],[2.400512,47.053875],[2.398902,47.056049],[2.398945,47.056552],[2.39831,47.05865],[2.397027,47.05992],[2.3971,47.061335],[2.395537,47.062368],[2.393007,47.062642],[2.392884,47.062883],[2.392783,47.063564],[2.394572,47.065084],[2.394694,47.06576],[2.393035,47.06654],[2.394347,47.068091],[2.393924,47.068606],[2.393704,47.069452],[2.392775,47.069744],[2.392194,47.070705],[2.393136,47.071275],[2.393129,47.0719],[2.394262,47.07197],[2.394944,47.071302],[2.395448,47.071693],[2.395562,47.072116],[2.395311,47.073249],[2.39651,47.072759],[2.396881,47.072798],[2.39729,47.072607],[2.397904,47.073089],[2.398529,47.072716],[2.398991,47.073136],[2.399508,47.073305],[2.400446,47.073125],[2.400692,47.073384],[2.401199,47.073413],[2.402142,47.073776],[2.402747,47.073651],[2.402904,47.074359],[2.403326,47.074413],[2.403495,47.074683],[2.403995,47.074684],[2.404031,47.074935],[2.404434,47.074773],[2.404793,47.075029],[2.405116,47.075],[2.40484,47.075773],[2.405451,47.07574],[2.405798,47.075973],[2.405581,47.075724],[2.406012,47.075773],[2.40611,47.076006],[2.408765,47.078155],[2.408985,47.078233],[2.409138,47.077968],[2.409866,47.078727],[2.408566,47.078592],[2.410399,47.079421],[2.409934,47.078774],[2.410271,47.078058],[2.410458,47.077987],[2.41183,47.078291],[2.412085,47.078549],[2.411668,47.079978],[2.411801,47.080018],[2.413562,47.080242],[2.414021,47.07817],[2.414291,47.077725],[2.416798,47.076506],[2.416611,47.076132],[2.417579,47.075731],[2.417297,47.07537],[2.416973,47.073998],[2.416958,47.071948],[2.41713,47.07184],[2.420008,47.072671],[2.424691,47.070398],[2.422258,47.068595],[2.422801,47.067723],[2.424837,47.066672],[2.42583,47.066305],[2.441092,47.064154],[2.443504,47.064139],[2.448637,47.065499],[2.453494,47.065554],[2.462147,47.0621],[2.46643,47.060564],[2.460749,47.058118],[2.473135,47.054797],[2.475607,47.053591],[2.486729,47.049033],[2.488382,47.048098],[2.488422,47.047852],[2.491785,47.046181],[2.492535,47.046178],[2.493489,47.045838],[2.494687,47.045157],[2.497324,47.044136],[2.498474,47.042555],[2.503172,47.04027],[2.504752,47.039346],[2.50699,47.038583],[2.508108,47.038435],[2.508583,47.038837],[2.515856,47.036259],[2.51687,47.035654],[2.518209,47.034326],[2.520044,47.033107],[2.522735,47.03078],[2.532826,47.025773],[2.528132,47.02321],[2.52872,47.021994],[2.528258,47.021815],[2.528256,47.020871],[2.527991,47.020421],[2.526277,47.019255],[2.525363,47.018211],[2.523374,47.019007],[2.521788,47.014449],[2.524082,47.012556],[2.522106,47.011255],[2.524272,47.010307],[2.527028,47.008683],[2.528113,47.007811],[2.528948,47.008276],[2.530975,47.006434],[2.532145,47.005076],[2.520157,46.999114],[2.520222,46.998889],[2.530903,46.988717],[2.526012,46.986582],[2.52511,46.986825],[2.524978,46.986421],[2.523126,46.985315],[2.524558,46.984254],[2.522728,46.983643],[2.520347,46.981047],[2.520282,46.980328],[2.521914,46.97907],[2.522545,46.978443],[2.522531,46.978219],[2.521713,46.978151],[2.521833,46.977893],[2.518674,46.977636],[2.517521,46.977706],[2.51653,46.977237],[2.514748,46.975766],[2.511923,46.974062],[2.511064,46.972814],[2.510336,46.971015],[2.509481,46.970882],[2.506978,46.968817],[2.506846,46.967562],[2.505466,46.969332],[2.496355,46.966471],[2.49457,46.965124],[2.491473,46.964002],[2.487144,46.962942],[2.487069,46.962742],[2.48573,46.962592],[2.485444,46.962646],[2.485297,46.963123],[2.485212,46.963881],[2.485451,46.964252],[2.482863,46.96912],[2.481059,46.969714],[2.480035,46.968493],[2.47498,46.970164],[2.474397,46.973629],[2.474003,46.973854],[2.47361,46.973854],[2.473344,46.97318],[2.472624,46.973945],[2.472692,46.974889],[2.470982,46.974621],[2.470786,46.974891]],[[2.397458,47.07063],[2.39812,47.070419],[2.398129,47.071068],[2.39778,47.070962],[2.397666,47.071109],[2.397304,47.071089],[2.397458,47.07063]],[[2.394553,47.082813],[2.394334,47.08303],[2.394553,47.082813]],[[2.39497,47.082938],[2.394771,47.083096],[2.394969,47.083085],[2.39497,47.082938]]]}}]}