{"type":"FeatureCollection","features":[{"type":"Feature","properties":{"uai_primary":"0490010V","uai_all":"0490010V","is_merged":false},"geometry":{"type":"Polygon","coordinates":[[[-0.281129,47.523421],[-0.280836,47.523831],[-0.280098,47.523958],[-0.280973,47.5225],[-0.281129,47.523421]],[[-0.278502,47.527158],[-0.27793,47.527181],[-0.277748,47.526922],[-0.278502,47.526572],[-0.278959,47.5269],[-0.278502,47.527158]],[[0.009778,47.623947],[0.00992,47.62377],[0.009222,47.622991],[0.009245,47.622452],[0.010474,47.621757],[0.012117,47.61918],[0.012627,47.616671],[0.014006,47.616047],[0.013882,47.615287],[0.013103,47.614525],[0.01155,47.613586],[0.009857,47.612838],[0.007838,47.612529],[0.004836,47.611094],[0.005796,47.609945],[0.007603,47.608817],[0.007268,47.608375],[0.006044,47.607451],[0.006619,47.606472],[0.005501,47.60618],[0.004729,47.602565],[0.003974,47.60156],[0.003012,47.600731],[0.002353,47.600582],[0.001364,47.598898],[0.004188,47.59819],[0.003888,47.597464],[0.003117,47.596819],[0.002934,47.596455],[0.003059,47.595245],[0.001852,47.594624],[0.004371,47.59071],[0.003322,47.588104],[0.002357,47.588116],[0.001963,47.587991],[0.001277,47.58376],[-0.004101,47.586367],[-0.00626,47.586969],[-0.006329,47.587464],[-0.00661,47.587685],[-0.011395,47.587352],[-0.013133,47.585749],[-0.013222,47.584782],[-0.014258,47.583577],[-0.01638,47.58176],[-0.019883,47.579688],[-0.022034,47.578672],[-0.022189,47.57648],[-0.02201,47.573674],[-0.022184,47.57315],[-0.022977,47.572178],[-0.024154,47.571051],[-0.02551,47.567514],[-0.025858,47.567151],[-0.025511,47.564692],[-0.024238,47.563765],[-0.023721,47.563119],[-0.021227,47.561939],[-0.020148,47.563154],[-0.017517,47.561909],[-0.01672,47.561713],[-0.016018,47.562286],[-0.014547,47.561667],[-0.014982,47.560941],[-0.014987,47.558502],[-0.014728,47.558393],[-0.015188,47.556803],[-0.015707,47.55686],[-0.018174,47.554642],[-0.019509,47.552692],[-0.020104,47.552809],[-0.020596,47.552497],[-0.021728,47.550677],[-0.023223,47.548797],[-0.024714,47.548189],[-0.027038,47.54581],[-0.027745,47.544561],[-0.028079,47.543006],[-0.029198,47.541273],[-0.027955,47.54094],[-0.025615,47.54059],[-0.024411,47.539559],[-0.024236,47.539076],[-0.022436,47.538649],[-0.02155,47.537884],[-0.020927,47.537815],[-0.020325,47.537962],[-0.017387,47.537609],[-0.016886,47.536711],[-0.016957,47.534456],[-0.016133,47.533562],[-0.015992,47.533053],[-0.016334,47.532497],[-0.016501,47.529762],[-0.016732,47.528896],[-0.017534,47.527785],[-0.019494,47.526272],[-0.019359,47.52587],[-0.020219,47.525799],[-0.019185,47.524989],[-0.018632,47.523593],[-0.014649,47.522917],[-0.013227,47.522017],[-0.010397,47.519415],[-0.010014,47.518852],[-0.009642,47.517713],[-0.009786,47.517694],[-0.008583,47.516912],[-0.006701,47.516478],[-0.005186,47.516702],[-0.000649,47.516752],[-0.003716,47.514862],[-0.005204,47.513476],[-0.005752,47.512408],[-0.005926,47.510967],[-0.006658,47.509939],[-0.007081,47.50895],[-0.010034,47.506288],[-0.013073,47.504113],[-0.016132,47.502413],[-0.018655,47.501627],[-0.02001,47.500769],[-0.021487,47.500392],[-0.02251,47.498008],[-0.023885,47.496359],[-0.024458,47.495934],[-0.026779,47.495038],[-0.027944,47.494394],[-0.02638,47.493364],[-0.025196,47.492346],[-0.021436,47.490581],[-0.02002,47.489714],[-0.017094,47.488611],[-0.015185,47.487694],[-0.013536,47.486493],[-0.018647,47.481453],[-0.019973,47.479789],[-0.023841,47.475988],[-0.025649,47.473672],[-0.026607,47.473212],[-0.031473,47.471853],[-0.033935,47.470547],[-0.034504,47.47007],[-0.034846,47.469509],[-0.034039,47.469337],[-0.031935,47.467471],[-0.031272,47.467111],[-0.031016,47.466512],[-0.032622,47.465742],[-0.033063,47.464838],[-0.032274,47.46471],[-0.03296,47.463842],[-0.0333,47.464076],[-0.033771,47.46395],[-0.033707,47.464141],[-0.035175,47.465195],[-0.035501,47.46585],[-0.037273,47.464875],[-0.037729,47.464927],[-0.038567,47.464584],[-0.038794,47.464959],[-0.039401,47.464726],[-0.040987,47.467464],[-0.042629,47.46781],[-0.041617,47.468994],[-0.045768,47.469131],[-0.048313,47.469486],[-0.051012,47.470146],[-0.051894,47.470232],[-0.060139,47.469981],[-0.063801,47.470197],[-0.068245,47.471671],[-0.069099,47.471766],[-0.070129,47.471389],[-0.082692,47.464405],[-0.083755,47.464107],[-0.085523,47.46412],[-0.085548,47.462765],[-0.08516,47.460065],[-0.085062,47.459869],[-0.084743,47.459883],[-0.08469,47.459048],[-0.084367,47.458224],[-0.085971,47.457917],[-0.085774,47.457416],[-0.086375,47.457339],[-0.087636,47.459146],[-0.090114,47.460642],[-0.091387,47.461647],[-0.091963,47.462326],[-0.094248,47.460902],[-0.098196,47.459365],[-0.102604,47.458729],[-0.102522,47.460462],[-0.101466,47.46238],[-0.100521,47.465043],[-0.105914,47.466647],[-0.106415,47.46728],[-0.106236,47.468518],[-0.106654,47.468491],[-0.107156,47.469831],[-0.107441,47.469698],[-0.108097,47.470499],[-0.108219,47.470435],[-0.112328,47.473691],[-0.11517,47.474187],[-0.11532,47.473912],[-0.118508,47.474562],[-0.121404,47.475579],[-0.12193,47.474969],[-0.124264,47.473099],[-0.125733,47.472417],[-0.12674,47.473047],[-0.122712,47.477288],[-0.124488,47.477672],[-0.125327,47.477263],[-0.126161,47.477751],[-0.12968,47.476043],[-0.12995,47.475766],[-0.13092,47.475502],[-0.131459,47.477103],[-0.131723,47.477008],[-0.132559,47.478049],[-0.13241,47.478546],[-0.137213,47.478934],[-0.140943,47.480162],[-0.142348,47.480869],[-0.142389,47.48104],[-0.14413,47.481539],[-0.147854,47.480939],[-0.149739,47.481046],[-0.151952,47.481494],[-0.150711,47.483563],[-0.149949,47.484276],[-0.143749,47.487953],[-0.141431,47.488516],[-0.139728,47.489297],[-0.137606,47.490624],[-0.141713,47.492574],[-0.142281,47.493198],[-0.144624,47.494874],[-0.145917,47.495236],[-0.147183,47.496618],[-0.147289,47.497117],[-0.148132,47.498386],[-0.149578,47.499327],[-0.150876,47.499789],[-0.152321,47.501047],[-0.152474,47.501464],[-0.152995,47.501597],[-0.153396,47.502417],[-0.15484,47.50291],[-0.15743,47.501779],[-0.158525,47.501902],[-0.158882,47.501665],[-0.159302,47.501632],[-0.160123,47.501893],[-0.162705,47.502203],[-0.162977,47.502741],[-0.166116,47.503305],[-0.165692,47.504464],[-0.16594,47.505327],[-0.166018,47.505543],[-0.166968,47.506199],[-0.165937,47.507603],[-0.166391,47.507613],[-0.168204,47.508446],[-0.170641,47.509309],[-0.169949,47.510294],[-0.170937,47.510867],[-0.172197,47.509904],[-0.172553,47.510169],[-0.173079,47.509826],[-0.173887,47.510401],[-0.176011,47.509258],[-0.179921,47.507846],[-0.181084,47.507031],[-0.181673,47.507486],[-0.182386,47.507736],[-0.183168,47.507002],[-0.18291,47.506871],[-0.183387,47.506465],[-0.18361,47.506541],[-0.184721,47.5055],[-0.185739,47.506217],[-0.185533,47.506396],[-0.186283,47.506725],[-0.186466,47.506561],[-0.18634,47.506458],[-0.186632,47.506361],[-0.18885,47.507792],[-0.189768,47.508069],[-0.190063,47.507288],[-0.195743,47.505239],[-0.196021,47.504866],[-0.197023,47.504208],[-0.198714,47.505628],[-0.199022,47.506157],[-0.198762,47.507055],[-0.199333,47.507644],[-0.198532,47.508877],[-0.198589,47.509507],[-0.199607,47.509332],[-0.199715,47.509734],[-0.200876,47.509816],[-0.201561,47.510169],[-0.203006,47.510381],[-0.202757,47.510765],[-0.203853,47.511162],[-0.204064,47.510852],[-0.205391,47.51128],[-0.204917,47.511764],[-0.20514,47.512483],[-0.20991,47.512068],[-0.211357,47.511265],[-0.212219,47.511502],[-0.212601,47.511396],[-0.212667,47.510891],[-0.215052,47.507647],[-0.216987,47.507687],[-0.218323,47.507912],[-0.22002,47.507835],[-0.222453,47.508935],[-0.224749,47.509593],[-0.22453,47.51092],[-0.224929,47.512562],[-0.225963,47.513228],[-0.226878,47.514231],[-0.227218,47.515425],[-0.229684,47.515422],[-0.22996,47.51532],[-0.230192,47.514836],[-0.230575,47.514911],[-0.233911,47.516426],[-0.235801,47.517791],[-0.235548,47.518352],[-0.234933,47.518202],[-0.234239,47.519603],[-0.23294,47.519977],[-0.232203,47.520392],[-0.23266,47.520627],[-0.234662,47.520704],[-0.234797,47.520454],[-0.235271,47.520541],[-0.235322,47.520372],[-0.236515,47.520381],[-0.236622,47.52098],[-0.23969,47.520382],[-0.239916,47.519899],[-0.243327,47.520616],[-0.24401,47.519338],[-0.244574,47.517],[-0.246561,47.515807],[-0.24729,47.516328],[-0.247966,47.516134],[-0.249685,47.516013],[-0.250304,47.516638],[-0.250494,47.516562],[-0.2543,47.518986],[-0.254581,47.519307],[-0.256084,47.518672],[-0.255749,47.518405],[-0.25711,47.518615],[-0.264255,47.515566],[-0.264099,47.514872],[-0.26426,47.514773],[-0.264354,47.514865],[-0.264932,47.514423],[-0.266186,47.512912],[-0.266534,47.512967],[-0.267492,47.512192],[-0.268398,47.512291],[-0.269032,47.512109],[-0.270039,47.51214],[-0.27028,47.511399],[-0.270959,47.511298],[-0.271663,47.510724],[-0.273241,47.509938],[-0.273918,47.510271],[-0.275055,47.509588],[-0.274826,47.508963],[-0.276111,47.508918],[-0.277431,47.50951],[-0.277473,47.50915],[-0.277624,47.509176],[-0.278459,47.509517],[-0.278268,47.511664],[-0.276356,47.521501],[-0.273985,47.523826],[-0.273353,47.525616],[-0.275476,47.526117],[-0.276372,47.527385],[-0.277252,47.52775],[-0.277628,47.52808],[-0.276326,47.530256],[-0.27453,47.534131],[-0.277116,47.533978],[-0.280322,47.537543],[-0.279076,47.540907],[-0.26687,47.54679],[-0.270099,47.549991],[-0.275404,47.551341],[-0.278664,47.551777],[-0.285159,47.552292],[-0.293261,47.551698],[-0.320507,47.551347],[-0.320588,47.553476],[-0.321172,47.553516],[-0.321067,47.554318],[-0.320469,47.554538],[-0.311491,47.554535],[-0.30939,47.554915],[-0.307162,47.554808],[-0.30605,47.555],[-0.302941,47.554743],[-0.301724,47.55486],[-0.299108,47.555848],[-0.298664,47.557769],[-0.297997,47.559361],[-0.297233,47.559658],[-0.29224,47.563259],[-0.291721,47.563481],[-0.290637,47.562993],[-0.289138,47.565026],[-0.28731,47.566217],[-0.287018,47.566623],[-0.286593,47.566649],[-0.286238,47.569487],[-0.285791,47.570262],[-0.284707,47.571302],[-0.284251,47.571101],[-0.283252,47.57226],[-0.282124,47.5718],[-0.281137,47.570772],[-0.280284,47.571656],[-0.27953,47.57105],[-0.27941,47.571153],[-0.279654,47.571668],[-0.277873,47.572872],[-0.277531,47.57288],[-0.276624,47.573441],[-0.270981,47.571654],[-0.265406,47.570827],[-0.263351,47.570244],[-0.26126,47.569878],[-0.26013,47.56892],[-0.258222,47.56795],[-0.248721,47.567673],[-0.241902,47.567646],[-0.239049,47.566913],[-0.234452,47.56738],[-0.216789,47.573079],[-0.205893,47.577321],[-0.206722,47.578003],[-0.207051,47.578521],[-0.2075,47.581823],[-0.206905,47.582749],[-0.211528,47.584842],[-0.2179,47.586711],[-0.217969,47.591034],[-0.22987,47.591947],[-0.234159,47.589261],[-0.238664,47.58776],[-0.241263,47.590791],[-0.240725,47.592624],[-0.240563,47.594991],[-0.239229,47.595196],[-0.239498,47.596488],[-0.240122,47.597919],[-0.240771,47.598033],[-0.241653,47.598574],[-0.242524,47.599463],[-0.240261,47.600714],[-0.239719,47.601374],[-0.238944,47.601685],[-0.237045,47.603544],[-0.235629,47.604369],[-0.234563,47.604679],[-0.233717,47.605248],[-0.233855,47.605758],[-0.235706,47.606287],[-0.236313,47.606669],[-0.236299,47.607508],[-0.235314,47.609345],[-0.237245,47.611097],[-0.237279,47.611962],[-0.233473,47.612034],[-0.232812,47.612562],[-0.228568,47.6145],[-0.227977,47.614536],[-0.226383,47.614169],[-0.222529,47.614997],[-0.219645,47.613737],[-0.217061,47.611879],[-0.215282,47.611185],[-0.209529,47.610089],[-0.20343,47.609651],[-0.201443,47.609816],[-0.200007,47.61024],[-0.198594,47.610913],[-0.197337,47.6123],[-0.196557,47.612763],[-0.194329,47.612683],[-0.194081,47.613157],[-0.192845,47.612761],[-0.192644,47.612886],[-0.191996,47.612849],[-0.191538,47.613506],[-0.191327,47.61345],[-0.190186,47.616339],[-0.190231,47.616767],[-0.188621,47.61718],[-0.189614,47.618366],[-0.190256,47.618738],[-0.19062,47.619606],[-0.190837,47.619609],[-0.19308,47.62314],[-0.193422,47.623046],[-0.194109,47.623649],[-0.195684,47.624483],[-0.197142,47.625577],[-0.198023,47.625843],[-0.197727,47.626371],[-0.197334,47.628354],[-0.198471,47.631308],[-0.199646,47.633286],[-0.199975,47.634733],[-0.199156,47.635914],[-0.198324,47.637953],[-0.198457,47.640082],[-0.197619,47.640536],[-0.196376,47.641858],[-0.195416,47.643794],[-0.19399,47.645426],[-0.192969,47.647893],[-0.192529,47.647712],[-0.191032,47.647693],[-0.187174,47.647316],[-0.185493,47.646945],[-0.183502,47.645999],[-0.181635,47.64532],[-0.178889,47.645121],[-0.176771,47.645191],[-0.171888,47.644803],[-0.166427,47.645699],[-0.159413,47.646451],[-0.158748,47.646842],[-0.156756,47.645388],[-0.154816,47.643688],[-0.154393,47.643568],[-0.15444,47.643304],[-0.154035,47.643283],[-0.153875,47.642898],[-0.152647,47.642113],[-0.152505,47.641689],[-0.15166,47.640811],[-0.147851,47.635767],[-0.145605,47.635936],[-0.14503,47.635632],[-0.144553,47.636103],[-0.143471,47.636118],[-0.143114,47.636677],[-0.142669,47.636528],[-0.141506,47.635578],[-0.1377,47.633822],[-0.135798,47.63273],[-0.134671,47.632423],[-0.133407,47.634561],[-0.134055,47.634978],[-0.133571,47.635314],[-0.132613,47.634865],[-0.131423,47.636053],[-0.131118,47.635984],[-0.131195,47.635815],[-0.130283,47.63567],[-0.130039,47.636474],[-0.129044,47.636322],[-0.128225,47.636377],[-0.126989,47.636864],[-0.126734,47.637202],[-0.126543,47.637123],[-0.125687,47.637522],[-0.123788,47.636736],[-0.123364,47.636414],[-0.122824,47.636549],[-0.122048,47.635742],[-0.122057,47.635233],[-0.121446,47.634716],[-0.119084,47.634081],[-0.117809,47.633398],[-0.115906,47.634594],[-0.114429,47.635199],[-0.114298,47.634994],[-0.113216,47.635281],[-0.112998,47.6349],[-0.111359,47.635432],[-0.112013,47.636479],[-0.112359,47.637549],[-0.113015,47.638462],[-0.113748,47.638963],[-0.114084,47.640469],[-0.114492,47.64096],[-0.115179,47.641078],[-0.114835,47.64474],[-0.114745,47.644838],[-0.113332,47.64486],[-0.113116,47.646495],[-0.114306,47.646591],[-0.114288,47.648222],[-0.111657,47.64888],[-0.111749,47.649272],[-0.110502,47.649509],[-0.109443,47.650278],[-0.109092,47.651279],[-0.1056,47.653451],[-0.107152,47.654247],[-0.108336,47.65451],[-0.104474,47.657932],[-0.103161,47.659346],[-0.101672,47.662083],[-0.098998,47.661376],[-0.096918,47.662203],[-0.094526,47.662237],[-0.094531,47.66164],[-0.093961,47.660259],[-0.092185,47.653005],[-0.0922,47.651942],[-0.092545,47.651236],[-0.089758,47.650456],[-0.087218,47.653879],[-0.085631,47.65563],[-0.08446,47.65513],[-0.083971,47.655662],[-0.082806,47.655206],[-0.081764,47.654498],[-0.081175,47.653774],[-0.078102,47.654393],[-0.076074,47.657394],[-0.075823,47.657641],[-0.075349,47.657658],[-0.074472,47.659692],[-0.073439,47.6602],[-0.07347,47.660564],[-0.072115,47.659905],[-0.072041,47.659323],[-0.071722,47.659301],[-0.071273,47.658803],[-0.071809,47.658589],[-0.072004,47.658072],[-0.071597,47.656082],[-0.07109,47.655463],[-0.069771,47.655021],[-0.068823,47.654953],[-0.065251,47.655286],[-0.064439,47.654726],[-0.063845,47.654585],[-0.061972,47.652745],[-0.061162,47.65263],[-0.060858,47.65187],[-0.059886,47.650963],[-0.05877,47.650448],[-0.057363,47.649454],[-0.055442,47.648972],[-0.054664,47.648493],[-0.052218,47.648398],[-0.051814,47.648213],[-0.051577,47.648558],[-0.04893,47.64832],[-0.04778,47.648577],[-0.046643,47.648273],[-0.043606,47.64806],[-0.041879,47.647582],[-0.037233,47.646909],[-0.037205,47.646087],[-0.034857,47.646217],[-0.032343,47.646748],[-0.03166,47.646377],[-0.030524,47.646294],[-0.030353,47.646682],[-0.029492,47.646473],[-0.029503,47.646972],[-0.028462,47.646963],[-0.028189,47.647844],[-0.025701,47.646414],[-0.025389,47.646443],[-0.02482,47.646994],[-0.023518,47.644386],[-0.02033,47.636799],[-0.004497,47.647713],[-0.001665,47.646634],[-0.000673,47.644208],[0.002416,47.64251],[0.007995,47.637581],[0.010263,47.634961],[0.008678,47.63312],[0.005649,47.630656],[0.006091,47.630727],[0.012538,47.629312],[0.012965,47.62869],[0.012301,47.628677],[0.011913,47.6284],[0.011861,47.628083],[0.011127,47.628114],[0.011145,47.627709],[0.010392,47.627477],[0.010145,47.627106],[0.009804,47.627181],[0.009854,47.627023],[0.009596,47.626842],[0.009749,47.626703],[0.008716,47.626221],[0.008523,47.625905],[0.009332,47.625018],[0.009778,47.623947]],[[-0.237213,47.52969],[-0.245711,47.536299],[-0.250807,47.536298],[-0.258361,47.526095],[-0.259151,47.522852],[-0.248036,47.521797],[-0.235528,47.521215],[-0.233529,47.521302],[-0.234017,47.522021],[-0.233842,47.522527],[-0.235306,47.522744],[-0.236667,47.523683],[-0.237293,47.52383],[-0.240054,47.525051],[-0.238736,47.526096],[-0.238446,47.527372],[-0.237525,47.528751],[-0.237213,47.52969]]]}},{"type":"Feature","properties":{"uai_primary":"0490014Z","uai_all":"0490014Z","is_merged":false},"geometry":{"type":"Polygon","coordinates":[[[-0.424819,47.412623],[-0.422528,47.412698],[-0.417244,47.413184],[-0.413288,47.41402],[-0.414602,47.417173],[-0.410405,47.417222],[-0.402886,47.417724],[-0.394816,47.41782],[-0.389891,47.417536],[-0.389328,47.417007],[-0.388768,47.416759],[-0.386046,47.416428],[-0.38533,47.416951],[-0.383822,47.416982],[-0.376796,47.41644],[-0.373673,47.415987],[-0.351931,47.412072],[-0.352394,47.409643],[-0.35187,47.40878],[-0.350432,47.4079],[-0.348627,47.407174],[-0.345927,47.406601],[-0.340332,47.40652],[-0.341077,47.403823],[-0.342478,47.401685],[-0.343093,47.399258],[-0.343404,47.398861],[-0.344931,47.397785],[-0.345544,47.395641],[-0.34917,47.395872],[-0.349158,47.396653],[-0.349575,47.396737],[-0.351896,47.396663],[-0.354939,47.39632],[-0.355014,47.397276],[-0.355445,47.397291],[-0.355288,47.394361],[-0.356392,47.391241],[-0.358998,47.39161],[-0.360387,47.391639],[-0.361188,47.38965],[-0.360126,47.38733],[-0.361274,47.385321],[-0.362037,47.383111],[-0.363152,47.381976],[-0.367016,47.380163],[-0.367447,47.379685],[-0.367919,47.378804],[-0.368454,47.376384],[-0.370094,47.373432],[-0.369929,47.371693],[-0.370833,47.369696],[-0.371062,47.368571],[-0.369919,47.365057],[-0.369804,47.363935],[-0.368666,47.359641],[-0.365788,47.357699],[-0.363481,47.358421],[-0.361488,47.357431],[-0.36021,47.354389],[-0.353341,47.351468],[-0.352301,47.351855],[-0.348986,47.351776],[-0.348195,47.351984],[-0.344185,47.354573],[-0.342849,47.355927],[-0.340404,47.356425],[-0.332923,47.360126],[-0.323211,47.367104],[-0.320489,47.363965],[-0.324659,47.363529],[-0.325354,47.363792],[-0.326027,47.363008],[-0.326278,47.363039],[-0.326988,47.361157],[-0.327733,47.361242],[-0.328498,47.359465],[-0.328379,47.35882],[-0.329307,47.358831],[-0.329492,47.358108],[-0.33226,47.35334],[-0.332496,47.350054],[-0.332239,47.348403],[-0.331422,47.347988],[-0.330916,47.345753],[-0.330731,47.34312],[-0.329449,47.342046],[-0.329565,47.341948],[-0.332761,47.341496],[-0.333831,47.340668],[-0.334197,47.340164],[-0.337272,47.340252],[-0.341416,47.340058],[-0.342757,47.339655],[-0.345054,47.339496],[-0.347909,47.338828],[-0.351258,47.337615],[-0.35606,47.337623],[-0.355869,47.338262],[-0.356338,47.339066],[-0.35781,47.339837],[-0.358686,47.339943],[-0.359183,47.339667],[-0.358725,47.338885],[-0.358015,47.338177],[-0.357922,47.337605],[-0.359826,47.337038],[-0.360138,47.336138],[-0.361466,47.334637],[-0.362312,47.332579],[-0.362424,47.33076],[-0.364201,47.32956],[-0.363758,47.329177],[-0.364132,47.327573],[-0.363578,47.326828],[-0.363263,47.325796],[-0.362744,47.325996],[-0.360853,47.324009],[-0.359795,47.323994],[-0.358276,47.322642],[-0.358096,47.321821],[-0.358643,47.320674],[-0.358495,47.319319],[-0.358731,47.318937],[-0.358343,47.318696],[-0.359957,47.31764],[-0.360125,47.317421],[-0.359927,47.317244],[-0.359911,47.316519],[-0.361187,47.315711],[-0.362886,47.314051],[-0.362955,47.313637],[-0.363258,47.313604],[-0.3647,47.312541],[-0.366696,47.311908],[-0.366154,47.311145],[-0.365706,47.310844],[-0.368735,47.307987],[-0.368337,47.307499],[-0.368983,47.306972],[-0.370168,47.306506],[-0.373979,47.306225],[-0.373816,47.304145],[-0.373222,47.302269],[-0.374715,47.302165],[-0.374541,47.299737],[-0.374046,47.299547],[-0.372515,47.29555],[-0.372672,47.295305],[-0.373056,47.295182],[-0.374408,47.295595],[-0.37384,47.294257],[-0.373147,47.294127],[-0.370753,47.294284],[-0.368295,47.294125],[-0.362403,47.2934],[-0.362677,47.293073],[-0.362347,47.293008],[-0.362513,47.292833],[-0.361789,47.292837],[-0.361744,47.291734],[-0.359265,47.290994],[-0.361181,47.288698],[-0.361042,47.288613],[-0.36559,47.286039],[-0.368738,47.286055],[-0.37014,47.28474],[-0.371554,47.283768],[-0.374642,47.285451],[-0.375392,47.284311],[-0.377672,47.282075],[-0.3794,47.280748],[-0.380414,47.27941],[-0.378537,47.277886],[-0.378961,47.277584],[-0.379935,47.27605],[-0.380668,47.276403],[-0.382721,47.276905],[-0.383189,47.277143],[-0.386422,47.275997],[-0.387883,47.275803],[-0.388608,47.275905],[-0.390012,47.273669],[-0.391966,47.27149],[-0.392777,47.26978],[-0.39402,47.268147],[-0.396458,47.263258],[-0.401423,47.264248],[-0.405431,47.265231],[-0.403997,47.268032],[-0.403498,47.269623],[-0.402545,47.271065],[-0.401743,47.27294],[-0.402984,47.27303],[-0.403901,47.273611],[-0.405268,47.274133],[-0.406031,47.274106],[-0.406739,47.274957],[-0.40996,47.275871],[-0.410133,47.277333],[-0.415901,47.281557],[-0.416128,47.282194],[-0.419412,47.282181],[-0.421701,47.281339],[-0.427068,47.283718],[-0.427535,47.284002],[-0.428539,47.285215],[-0.427867,47.2861],[-0.427582,47.286943],[-0.42641,47.288434],[-0.426157,47.288853],[-0.42621,47.289184],[-0.424049,47.292592],[-0.425471,47.293233],[-0.42475,47.294566],[-0.424744,47.295163],[-0.42551,47.295482],[-0.424101,47.297613],[-0.425294,47.297938],[-0.42828,47.29919],[-0.427571,47.300298],[-0.427547,47.300876],[-0.430345,47.301321],[-0.434007,47.302717],[-0.43833,47.303793],[-0.441134,47.3049],[-0.442798,47.304861],[-0.442694,47.305621],[-0.443018,47.306651],[-0.440693,47.311603],[-0.441587,47.314753],[-0.442108,47.315151],[-0.441693,47.315318],[-0.440102,47.315464],[-0.441989,47.317958],[-0.44225,47.317998],[-0.442075,47.318448],[-0.442558,47.320321],[-0.443382,47.321535],[-0.444195,47.323381],[-0.444097,47.323516],[-0.444672,47.323603],[-0.446077,47.323374],[-0.447461,47.322349],[-0.448557,47.321772],[-0.448904,47.32103],[-0.448754,47.320418],[-0.449476,47.319704],[-0.449858,47.319425],[-0.450781,47.319358],[-0.451757,47.319516],[-0.453464,47.319368],[-0.454566,47.319851],[-0.455501,47.320381],[-0.456067,47.32154],[-0.456778,47.32237],[-0.457573,47.322818],[-0.457619,47.323249],[-0.458963,47.323478],[-0.461237,47.322613],[-0.466261,47.319379],[-0.47293,47.31576],[-0.473437,47.31596],[-0.477494,47.316318],[-0.478728,47.315837],[-0.482518,47.315901],[-0.483442,47.315798],[-0.48786,47.31467],[-0.489034,47.314266],[-0.490622,47.313378],[-0.49313,47.314167],[-0.495119,47.314504],[-0.498849,47.314168],[-0.499729,47.314376],[-0.50205,47.316234],[-0.502542,47.316951],[-0.503715,47.317686],[-0.504503,47.317953],[-0.503077,47.318969],[-0.511943,47.320636],[-0.511815,47.321213],[-0.512757,47.322944],[-0.514805,47.322383],[-0.516133,47.321504],[-0.517509,47.321769],[-0.519438,47.324646],[-0.520538,47.325169],[-0.523351,47.326947],[-0.52513,47.32904],[-0.527481,47.330035],[-0.527884,47.33035],[-0.527498,47.331677],[-0.525715,47.333188],[-0.525137,47.334476],[-0.522352,47.33496],[-0.518368,47.334345],[-0.516965,47.334946],[-0.516562,47.33535],[-0.516406,47.335851],[-0.514972,47.336066],[-0.513608,47.336884],[-0.512914,47.33692],[-0.512776,47.337401],[-0.511375,47.337405],[-0.509264,47.337169],[-0.507391,47.337703],[-0.504592,47.338783],[-0.504886,47.339621],[-0.506003,47.340366],[-0.505987,47.340784],[-0.506588,47.342246],[-0.50536,47.344846],[-0.504884,47.348123],[-0.50367,47.348743],[-0.502615,47.349556],[-0.503155,47.3501],[-0.503185,47.35092],[-0.50292,47.35116],[-0.501988,47.351371],[-0.502678,47.352053],[-0.502794,47.353078],[-0.503219,47.354104],[-0.502511,47.355871],[-0.501319,47.357438],[-0.501312,47.358954],[-0.501127,47.359142],[-0.501984,47.361444],[-0.500559,47.362572],[-0.498461,47.362363],[-0.497673,47.362077],[-0.499518,47.361171],[-0.498245,47.360547],[-0.49744,47.361213],[-0.497464,47.361554],[-0.497106,47.361662],[-0.497514,47.362147],[-0.496687,47.362665],[-0.497257,47.364796],[-0.496182,47.365266],[-0.495336,47.365926],[-0.493762,47.365883],[-0.493752,47.365736],[-0.493334,47.365927],[-0.491528,47.367585],[-0.490255,47.366571],[-0.489784,47.36688],[-0.48905,47.366242],[-0.488743,47.366633],[-0.486052,47.365803],[-0.48592,47.365994],[-0.484903,47.365939],[-0.48505,47.365253],[-0.48276,47.365287],[-0.483185,47.364015],[-0.483184,47.363137],[-0.486288,47.361765],[-0.485477,47.359439],[-0.484446,47.358787],[-0.483904,47.358048],[-0.483075,47.357862],[-0.482698,47.357496],[-0.48161,47.357687],[-0.481594,47.356392],[-0.482733,47.354886],[-0.483126,47.354023],[-0.483075,47.352637],[-0.482674,47.351528],[-0.481836,47.352024],[-0.481928,47.352249],[-0.481346,47.352592],[-0.481652,47.353948],[-0.481055,47.35406],[-0.476176,47.353377],[-0.475009,47.353018],[-0.474695,47.352727],[-0.471822,47.352722],[-0.471619,47.352584],[-0.469345,47.352386],[-0.468266,47.352595],[-0.464862,47.356916],[-0.466348,47.357622],[-0.467499,47.356919],[-0.468716,47.357407],[-0.472265,47.358419],[-0.474723,47.358558],[-0.474409,47.362108],[-0.473585,47.361866],[-0.472953,47.361446],[-0.473512,47.36351],[-0.473924,47.363535],[-0.474678,47.363081],[-0.474906,47.363308],[-0.473484,47.363949],[-0.472017,47.364114],[-0.471077,47.364636],[-0.469461,47.364769],[-0.46581,47.36694],[-0.465344,47.366953],[-0.464772,47.366747],[-0.464281,47.366019],[-0.464385,47.364672],[-0.464924,47.363701],[-0.464805,47.362869],[-0.465154,47.362522],[-0.464732,47.361774],[-0.464075,47.361256],[-0.461835,47.361072],[-0.460309,47.361892],[-0.459207,47.362041],[-0.459252,47.362307],[-0.458603,47.362889],[-0.457171,47.363082],[-0.455105,47.362322],[-0.454055,47.361053],[-0.453639,47.359989],[-0.454197,47.359622],[-0.453982,47.358839],[-0.4528,47.3587],[-0.45001,47.359796],[-0.450181,47.36289],[-0.450868,47.365085],[-0.451141,47.365374],[-0.451303,47.366455],[-0.453126,47.368935],[-0.453642,47.37074],[-0.454473,47.372588],[-0.454072,47.372732],[-0.453449,47.373597],[-0.452881,47.375793],[-0.451754,47.377508],[-0.450824,47.380865],[-0.451041,47.382443],[-0.447809,47.382271],[-0.444769,47.381822],[-0.444273,47.382659],[-0.44068,47.3853],[-0.437921,47.385238],[-0.437687,47.385612],[-0.432896,47.385382],[-0.432799,47.386219],[-0.433494,47.388757],[-0.433974,47.388892],[-0.433744,47.389739],[-0.434059,47.389729],[-0.434167,47.392894],[-0.436762,47.393854],[-0.439113,47.394147],[-0.438997,47.394843],[-0.439807,47.394883],[-0.439687,47.395614],[-0.440215,47.395788],[-0.440157,47.396919],[-0.439742,47.396886],[-0.439676,47.399856],[-0.439098,47.401857],[-0.439517,47.403464],[-0.43941,47.404676],[-0.442787,47.404931],[-0.443845,47.405471],[-0.44271,47.409737],[-0.443283,47.410129],[-0.444167,47.410375],[-0.444294,47.415162],[-0.439919,47.414501],[-0.437423,47.414653],[-0.43527,47.41431],[-0.431621,47.414249],[-0.429247,47.41399],[-0.428037,47.413588],[-0.426698,47.412805],[-0.424819,47.412623]],[[-0.374006,47.361469],[-0.371987,47.363899],[-0.371862,47.364621],[-0.371879,47.367295],[-0.373476,47.371914],[-0.373017,47.372812],[-0.378987,47.373254],[-0.380622,47.373617],[-0.373158,47.366119],[-0.374006,47.361469]],[[-0.395228,47.278108],[-0.395588,47.275428],[-0.392846,47.277837],[-0.386913,47.284075],[-0.387991,47.284162],[-0.389876,47.285465],[-0.393626,47.287339],[-0.393865,47.284847],[-0.394801,47.282913],[-0.395228,47.278108]],[[-0.40911,47.357501],[-0.409354,47.356243],[-0.41011,47.355916],[-0.410913,47.356196],[-0.410864,47.355584],[-0.410241,47.355048],[-0.408332,47.350678],[-0.406088,47.352595],[-0.404588,47.354255],[-0.404326,47.356022],[-0.403038,47.360187],[-0.404514,47.360539],[-0.409032,47.360798],[-0.40911,47.357501]]]}},{"type":"Feature","properties":{"uai_primary":"0490017C","uai_all":"0490017C","is_merged":false},"geometry":{"type":"Polygon","coordinates":[[[-0.951434,47.17104],[-0.951734,47.171675],[-0.951401,47.171906],[-0.950933,47.171842],[-0.95024,47.171447],[-0.950021,47.170907],[-0.948901,47.170565],[-0.948514,47.17063],[-0.948412,47.170218],[-0.948748,47.170164],[-0.948922,47.169961],[-0.949168,47.170249],[-0.949811,47.169998],[-0.950812,47.17028],[-0.951446,47.170248],[-0.951434,47.17104]],[[-1.019901,47.181338],[-1.019716,47.182333],[-1.01917,47.182053],[-1.019175,47.181615],[-1.018853,47.181399],[-1.018299,47.181382],[-1.017851,47.181015],[-1.017765,47.180718],[-1.018073,47.180472],[-1.018095,47.180184],[-1.017762,47.18002],[-1.016122,47.179815],[-1.015289,47.179455],[-1.012359,47.1787],[-1.007408,47.17405],[-1.020734,47.176535],[-1.019282,47.179803],[-1.019284,47.180921],[-1.019901,47.181338]],[[-1.096688,47.180831],[-1.097116,47.181026],[-1.096794,47.181402],[-1.096584,47.182797],[-1.095672,47.184019],[-1.093856,47.187506],[-1.090018,47.189105],[-1.084346,47.191965],[-1.079904,47.193858],[-1.080069,47.193724],[-1.079088,47.191881],[-1.077997,47.191333],[-1.076556,47.191112],[-1.075872,47.18814],[-1.075893,47.18528],[-1.073889,47.18531],[-1.072578,47.185176],[-1.071765,47.181734],[-1.071707,47.177591],[-1.068313,47.17936],[-1.067467,47.179564],[-1.066341,47.181354],[-1.065695,47.183688],[-1.065018,47.184982],[-1.063502,47.184724],[-1.060871,47.184892],[-1.059797,47.184608],[-1.057072,47.183293],[-1.056421,47.183447],[-1.055943,47.183191],[-1.054554,47.183142],[-1.05248,47.184824],[-1.050513,47.186097],[-1.049265,47.186178],[-1.047804,47.186731],[-1.047924,47.184401],[-1.073201,47.17101],[-1.078579,47.169874],[-1.08075,47.169222],[-1.086019,47.167254],[-1.08842,47.166108],[-1.091829,47.163096],[-1.104607,47.175151],[-1.104289,47.177969],[-1.104725,47.178609],[-1.10543,47.178933],[-1.105985,47.179572],[-1.105703,47.179914],[-1.105711,47.180334],[-1.105454,47.180043],[-1.10479,47.179996],[-1.103062,47.179307],[-1.101969,47.179234],[-1.100329,47.178772],[-1.099046,47.178115],[-1.096983,47.176651],[-1.094128,47.173907],[-1.096688,47.180831]],[[-0.995189,47.199121],[-0.995042,47.199316],[-0.99517,47.199486],[-0.994925,47.19955],[-0.995276,47.200173],[-0.994659,47.20063],[-0.995108,47.200914],[-0.994338,47.201139],[-0.994491,47.201607],[-0.993797,47.201558],[-0.993888,47.201408],[-0.993431,47.201032],[-0.993973,47.20048],[-0.994415,47.200312],[-0.994714,47.199715],[-0.99447,47.199224],[-0.994603,47.198884],[-0.994435,47.198618],[-0.994606,47.198441],[-0.994475,47.198339],[-0.99419,47.198528],[-0.992427,47.197819],[-0.993608,47.197371],[-0.994536,47.198125],[-0.995138,47.198365],[-0.994923,47.198775],[-0.995287,47.199049],[-0.995189,47.199121]],[[-0.989279,47.207448],[-0.989919,47.207441],[-0.991462,47.208238],[-0.991692,47.20865],[-0.991176,47.209384],[-0.989434,47.20866],[-0.989062,47.208343],[-0.988985,47.207707],[-0.988564,47.207373],[-0.987941,47.20733],[-0.987191,47.20698],[-0.985955,47.206899],[-0.986177,47.206528],[-0.986752,47.20622],[-0.987863,47.206156],[-0.988185,47.206602],[-0.989111,47.206937],[-0.989279,47.207448]],[[-0.994422,47.210547],[-0.993936,47.210799],[-0.993117,47.210323],[-0.993919,47.210267],[-0.994422,47.210547]],[[-0.746497,47.311125],[-0.742677,47.312622],[-0.740728,47.312088],[-0.739583,47.311369],[-0.738385,47.313346],[-0.738318,47.31406],[-0.735496,47.313173],[-0.729228,47.315914],[-0.729507,47.315582],[-0.729464,47.315323],[-0.728394,47.314723],[-0.728601,47.314549],[-0.728476,47.313679],[-0.729233,47.3128],[-0.729236,47.312271],[-0.728929,47.312145],[-0.728237,47.31216],[-0.728011,47.311721],[-0.726638,47.311347],[-0.726191,47.311324],[-0.725979,47.311513],[-0.724833,47.311323],[-0.724147,47.311389],[-0.723564,47.312385],[-0.722312,47.312938],[-0.719384,47.313826],[-0.718719,47.313931],[-0.718308,47.313659],[-0.717133,47.313994],[-0.716183,47.313024],[-0.715828,47.311924],[-0.714822,47.310044],[-0.712238,47.31045],[-0.711404,47.309671],[-0.709784,47.309128],[-0.709842,47.308707],[-0.707972,47.308549],[-0.707344,47.308111],[-0.706604,47.307906],[-0.703191,47.307231],[-0.700573,47.304239],[-0.698478,47.303484],[-0.698391,47.303126],[-0.69725,47.302841],[-0.696839,47.302581],[-0.695085,47.299657],[-0.692251,47.29992],[-0.691684,47.298851],[-0.691731,47.29853],[-0.69074,47.296774],[-0.689125,47.296649],[-0.687354,47.295929],[-0.68491,47.2932],[-0.684393,47.29222],[-0.682166,47.292205],[-0.682311,47.29278],[-0.680132,47.292894],[-0.678371,47.288398],[-0.678208,47.286588],[-0.674203,47.286547],[-0.67346,47.286803],[-0.671774,47.287069],[-0.670103,47.287545],[-0.66671,47.28933],[-0.665823,47.28964],[-0.663066,47.290049],[-0.674167,47.275742],[-0.694922,47.263767],[-0.688338,47.255985],[-0.673577,47.246528],[-0.664385,47.231427],[-0.660367,47.229248],[-0.622196,47.240397],[-0.617628,47.241949],[-0.608529,47.25303],[-0.614411,47.255807],[-0.612279,47.255024],[-0.610376,47.254909],[-0.606415,47.254194],[-0.602298,47.253058],[-0.598218,47.251433],[-0.596539,47.250935],[-0.595549,47.250306],[-0.594737,47.250107],[-0.593806,47.24913],[-0.592095,47.248884],[-0.587333,47.246731],[-0.588023,47.245403],[-0.588751,47.244622],[-0.585571,47.242572],[-0.585424,47.241487],[-0.585016,47.24116],[-0.583674,47.241972],[-0.582816,47.241742],[-0.581891,47.241765],[-0.58045,47.241206],[-0.580537,47.24033],[-0.579706,47.239891],[-0.578953,47.240286],[-0.577161,47.240679],[-0.573031,47.240884],[-0.571729,47.239631],[-0.571204,47.239573],[-0.569898,47.240027],[-0.569414,47.239915],[-0.569266,47.239626],[-0.568183,47.23949],[-0.56802,47.239011],[-0.569262,47.236867],[-0.569255,47.236445],[-0.568104,47.236016],[-0.56768,47.235638],[-0.567208,47.235475],[-0.567106,47.234802],[-0.563594,47.23462],[-0.560697,47.233613],[-0.560252,47.233273],[-0.55944,47.232995],[-0.557596,47.233932],[-0.555943,47.235252],[-0.554488,47.235916],[-0.552186,47.235087],[-0.549506,47.234388],[-0.5498,47.233706],[-0.548792,47.233416],[-0.548197,47.234646],[-0.547067,47.234494],[-0.546716,47.235359],[-0.540716,47.234383],[-0.540401,47.234661],[-0.53933,47.234634],[-0.539503,47.233214],[-0.537561,47.234002],[-0.534459,47.233556],[-0.534623,47.233023],[-0.531601,47.232597],[-0.531399,47.23332],[-0.531922,47.233458],[-0.531624,47.233903],[-0.530593,47.233847],[-0.530263,47.234148],[-0.530062,47.234108],[-0.529913,47.233797],[-0.52932,47.233812],[-0.529208,47.234175],[-0.528604,47.234637],[-0.527628,47.23425],[-0.525528,47.234051],[-0.524443,47.233522],[-0.525316,47.233465],[-0.526455,47.233015],[-0.527738,47.231524],[-0.529256,47.231309],[-0.529874,47.230677],[-0.530115,47.230542],[-0.530634,47.230549],[-0.530943,47.230123],[-0.532098,47.229448],[-0.532446,47.229012],[-0.53216,47.227742],[-0.532818,47.227048],[-0.532824,47.226566],[-0.534525,47.225821],[-0.53527,47.224821],[-0.536461,47.224087],[-0.537159,47.223376],[-0.538969,47.222552],[-0.53982,47.221214],[-0.540351,47.220858],[-0.540821,47.22017],[-0.541474,47.219759],[-0.542627,47.219392],[-0.543266,47.218856],[-0.543699,47.218181],[-0.5448,47.217567],[-0.545183,47.217065],[-0.545113,47.216795],[-0.545407,47.216594],[-0.544975,47.215948],[-0.545371,47.214834],[-0.547171,47.213539],[-0.547528,47.213047],[-0.548082,47.213019],[-0.54808,47.212372],[-0.548397,47.211847],[-0.549442,47.21134],[-0.548834,47.211186],[-0.548523,47.209743],[-0.548236,47.209404],[-0.548387,47.208885],[-0.548077,47.208735],[-0.547806,47.208072],[-0.547944,47.207617],[-0.548556,47.207172],[-0.548567,47.206779],[-0.549437,47.205197],[-0.549932,47.205143],[-0.550387,47.204799],[-0.550133,47.20448],[-0.550369,47.204206],[-0.551654,47.203343],[-0.551999,47.203279],[-0.55336,47.202199],[-0.553962,47.202132],[-0.553992,47.201712],[-0.554827,47.20142],[-0.555934,47.200523],[-0.556042,47.200146],[-0.555524,47.199551],[-0.555665,47.199108],[-0.556143,47.198959],[-0.556643,47.198081],[-0.557028,47.197922],[-0.557256,47.197598],[-0.558092,47.195266],[-0.558856,47.194778],[-0.558627,47.194416],[-0.558835,47.194163],[-0.559072,47.194122],[-0.559378,47.194302],[-0.559628,47.194135],[-0.559833,47.194222],[-0.561056,47.193619],[-0.561446,47.193716],[-0.561775,47.193611],[-0.562223,47.192931],[-0.563815,47.192628],[-0.564467,47.192306],[-0.565194,47.192525],[-0.565961,47.191731],[-0.566864,47.191449],[-0.566832,47.19131],[-0.567237,47.191416],[-0.567285,47.191131],[-0.567683,47.191218],[-0.567743,47.191026],[-0.569259,47.190431],[-0.569481,47.189929],[-0.571011,47.189637],[-0.571555,47.189365],[-0.572335,47.188659],[-0.572611,47.187908],[-0.574129,47.186814],[-0.574183,47.186532],[-0.574775,47.186539],[-0.57559,47.185924],[-0.575733,47.185397],[-0.576323,47.185025],[-0.576405,47.18457],[-0.578339,47.183213],[-0.578653,47.182371],[-0.581188,47.180057],[-0.583356,47.179013],[-0.583724,47.178307],[-0.584434,47.178155],[-0.585385,47.177266],[-0.586321,47.176705],[-0.587766,47.176045],[-0.588575,47.175915],[-0.588852,47.175415],[-0.589552,47.175159],[-0.590948,47.173115],[-0.590855,47.171662],[-0.59139,47.171355],[-0.591142,47.169356],[-0.593306,47.166566],[-0.594551,47.165637],[-0.596559,47.163645],[-0.596746,47.162506],[-0.598666,47.160504],[-0.598875,47.159885],[-0.60096,47.158251],[-0.601443,47.158274],[-0.60299,47.157147],[-0.603836,47.156098],[-0.605315,47.155016],[-0.606321,47.153981],[-0.606431,47.153062],[-0.607102,47.153079],[-0.607215,47.152414],[-0.608264,47.15159],[-0.608714,47.151739],[-0.611255,47.147944],[-0.614066,47.148949],[-0.616158,47.148997],[-0.618513,47.149284],[-0.621292,47.149341],[-0.623876,47.149943],[-0.624948,47.149871],[-0.627599,47.150578],[-0.634778,47.151401],[-0.636791,47.151277],[-0.637368,47.149049],[-0.639518,47.150317],[-0.639844,47.150264],[-0.641321,47.15116],[-0.642902,47.150853],[-0.644552,47.150036],[-0.645046,47.149261],[-0.645694,47.149047],[-0.645837,47.148711],[-0.647599,47.148351],[-0.648111,47.148068],[-0.648412,47.147565],[-0.64802,47.146509],[-0.648071,47.146159],[-0.6494,47.144817],[-0.650229,47.144351],[-0.650943,47.144015],[-0.650964,47.14514],[-0.655204,47.144456],[-0.655481,47.14394],[-0.65526,47.143056],[-0.655575,47.142154],[-0.655244,47.141967],[-0.65679,47.140824],[-0.657742,47.141094],[-0.657647,47.141996],[-0.658637,47.141812],[-0.658529,47.14103],[-0.659167,47.141034],[-0.660957,47.141474],[-0.661216,47.141758],[-0.661274,47.142223],[-0.661544,47.142345],[-0.662047,47.141389],[-0.662068,47.140459],[-0.662358,47.13973],[-0.660788,47.138781],[-0.661258,47.137779],[-0.661117,47.137602],[-0.659606,47.136733],[-0.662762,47.135173],[-0.664819,47.134615],[-0.666837,47.133182],[-0.670074,47.134202],[-0.670494,47.133809],[-0.670336,47.133333],[-0.670484,47.132987],[-0.671075,47.132743],[-0.671374,47.132367],[-0.674229,47.131132],[-0.674832,47.131332],[-0.676046,47.131292],[-0.676445,47.131158],[-0.676278,47.131031],[-0.678609,47.129982],[-0.679653,47.130824],[-0.680013,47.130618],[-0.6807,47.130547],[-0.685009,47.131849],[-0.686627,47.131177],[-0.688837,47.129736],[-0.689827,47.129918],[-0.692463,47.129899],[-0.693114,47.13043],[-0.694172,47.130908],[-0.695239,47.12993],[-0.696088,47.129613],[-0.697168,47.129453],[-0.697924,47.129176],[-0.699315,47.1292],[-0.700398,47.128583],[-0.70149,47.127601],[-0.702075,47.129332],[-0.701852,47.130356],[-0.703497,47.131179],[-0.705908,47.131881],[-0.706937,47.130723],[-0.70739,47.131167],[-0.709731,47.132601],[-0.710599,47.13282],[-0.712764,47.13287],[-0.714892,47.132366],[-0.715656,47.132769],[-0.719769,47.130794],[-0.719668,47.130166],[-0.720287,47.129475],[-0.719932,47.128783],[-0.720905,47.128368],[-0.722145,47.128122],[-0.723621,47.128301],[-0.726214,47.127882],[-0.727239,47.1286],[-0.728708,47.128662],[-0.729275,47.128534],[-0.740311,47.130005],[-0.741411,47.129576],[-0.742786,47.128343],[-0.743658,47.127853],[-0.744376,47.127631],[-0.747113,47.127309],[-0.747465,47.126936],[-0.747417,47.127342],[-0.748193,47.127567],[-0.750462,47.127768],[-0.751227,47.128119],[-0.753305,47.128401],[-0.754714,47.126406],[-0.755615,47.126224],[-0.755748,47.127182],[-0.756134,47.12776],[-0.756617,47.127936],[-0.756982,47.128399],[-0.756912,47.128934],[-0.757279,47.129441],[-0.758747,47.12975],[-0.759873,47.130233],[-0.761233,47.130328],[-0.764165,47.130843],[-0.764587,47.131152],[-0.764755,47.131839],[-0.765193,47.13241],[-0.765128,47.133272],[-0.765445,47.134108],[-0.764681,47.137155],[-0.765204,47.138177],[-0.764525,47.140684],[-0.76298,47.14355],[-0.766998,47.143115],[-0.771309,47.143122],[-0.772975,47.142934],[-0.77461,47.14294],[-0.775934,47.142725],[-0.776545,47.14425],[-0.779096,47.143643],[-0.779442,47.143262],[-0.780047,47.143427],[-0.784252,47.142552],[-0.784825,47.142604],[-0.785197,47.146892],[-0.786251,47.146968],[-0.786425,47.1479],[-0.788176,47.149197],[-0.78854,47.149139],[-0.789696,47.147616],[-0.790662,47.148312],[-0.792366,47.147384],[-0.792867,47.147932],[-0.79404,47.147693],[-0.796446,47.14782],[-0.79675,47.150273],[-0.798743,47.152046],[-0.7999,47.151605],[-0.8017,47.153203],[-0.801996,47.15388],[-0.802353,47.157039],[-0.80385,47.156668],[-0.80569,47.156591],[-0.806368,47.156665],[-0.808284,47.157468],[-0.809541,47.156699],[-0.813065,47.155994],[-0.815281,47.155392],[-0.816215,47.155099],[-0.817597,47.154278],[-0.818054,47.154176],[-0.818053,47.154351],[-0.818644,47.154278],[-0.819153,47.154837],[-0.819465,47.154944],[-0.819576,47.155235],[-0.820767,47.155501],[-0.821277,47.155955],[-0.821566,47.155945],[-0.821495,47.15614],[-0.821728,47.15623],[-0.822864,47.156493],[-0.823513,47.15681],[-0.823971,47.156803],[-0.824124,47.156669],[-0.824423,47.15688],[-0.824713,47.156739],[-0.825337,47.156855],[-0.826082,47.155589],[-0.827569,47.153708],[-0.827803,47.152363],[-0.829885,47.152654],[-0.830113,47.152551],[-0.830325,47.152719],[-0.830629,47.151072],[-0.831657,47.150077],[-0.832938,47.15045],[-0.834622,47.150277],[-0.836781,47.150523],[-0.839548,47.149972],[-0.842867,47.150378],[-0.844092,47.151139],[-0.845019,47.151429],[-0.848024,47.151597],[-0.850387,47.152641],[-0.851464,47.152844],[-0.855811,47.152801],[-0.857381,47.152437],[-0.860253,47.151412],[-0.86159,47.151303],[-0.86342,47.151717],[-0.865135,47.153317],[-0.865168,47.153582],[-0.8658,47.15376],[-0.866248,47.15418],[-0.86696,47.155551],[-0.866802,47.156878],[-0.869743,47.15706],[-0.873028,47.158056],[-0.873458,47.1583],[-0.874066,47.158261],[-0.874819,47.158683],[-0.875009,47.159147],[-0.875397,47.159109],[-0.875484,47.159381],[-0.875867,47.159507],[-0.875957,47.159696],[-0.876222,47.159117],[-0.876451,47.159017],[-0.876812,47.159166],[-0.877381,47.158906],[-0.878988,47.159028],[-0.879756,47.159392],[-0.880289,47.159187],[-0.880862,47.159358],[-0.884021,47.158834],[-0.884207,47.158968],[-0.885042,47.158851],[-0.885819,47.158959],[-0.887201,47.159817],[-0.888042,47.160156],[-0.888535,47.160163],[-0.888682,47.160368],[-0.890975,47.16023],[-0.893905,47.161075],[-0.895814,47.161263],[-0.897548,47.161007],[-0.899084,47.160432],[-0.901241,47.160452],[-0.902938,47.161005],[-0.90419,47.160098],[-0.904824,47.161118],[-0.906818,47.161096],[-0.908851,47.160224],[-0.909665,47.161191],[-0.911125,47.164967],[-0.912727,47.164685],[-0.912301,47.163246],[-0.911119,47.161164],[-0.911297,47.160843],[-0.910932,47.160269],[-0.910135,47.159648],[-0.91163,47.159309],[-0.915412,47.159145],[-0.916465,47.159259],[-0.916587,47.15915],[-0.918297,47.159514],[-0.919566,47.15995],[-0.921082,47.160731],[-0.921388,47.16065],[-0.926071,47.163675],[-0.926861,47.163208],[-0.927214,47.162774],[-0.928656,47.162844],[-0.930579,47.161829],[-0.932009,47.161585],[-0.933028,47.161128],[-0.934669,47.160163],[-0.936068,47.158373],[-0.937325,47.157219],[-0.93781,47.157443],[-0.937397,47.158525],[-0.942064,47.163783],[-0.943477,47.165775],[-0.944341,47.167427],[-0.945682,47.168489],[-0.946854,47.168188],[-0.947133,47.168474],[-0.947788,47.168588],[-0.948232,47.16898],[-0.948356,47.16997],[-0.948284,47.170063],[-0.947891,47.169975],[-0.947166,47.169616],[-0.946392,47.168864],[-0.945629,47.168615],[-0.942491,47.168131],[-0.933818,47.163848],[-0.93032,47.168406],[-0.927414,47.171757],[-0.923726,47.178952],[-0.925564,47.183027],[-0.927318,47.184414],[-0.929511,47.186592],[-0.935361,47.192911],[-0.925499,47.209282],[-0.926508,47.213908],[-0.92974,47.220201],[-0.932059,47.224101],[-0.936541,47.230815],[-0.936015,47.230553],[-0.933088,47.229779],[-0.932173,47.22931],[-0.9314,47.228522],[-0.930527,47.228291],[-0.929832,47.227879],[-0.929678,47.228108],[-0.928334,47.228865],[-0.928393,47.229102],[-0.928763,47.229768],[-0.929314,47.230112],[-0.932441,47.231554],[-0.934429,47.232713],[-0.936304,47.232612],[-0.937012,47.232887],[-0.935279,47.234359],[-0.934613,47.233991],[-0.934389,47.234111],[-0.933776,47.233992],[-0.931599,47.234009],[-0.930601,47.234983],[-0.930876,47.236527],[-0.930168,47.237351],[-0.92781,47.238431],[-0.928947,47.239219],[-0.927553,47.24187],[-0.932641,47.24368],[-0.931301,47.244118],[-0.929446,47.245546],[-0.927733,47.246453],[-0.925012,47.246305],[-0.925238,47.246749],[-0.923264,47.247499],[-0.928997,47.252246],[-0.930316,47.253522],[-0.931773,47.253318],[-0.937314,47.253015],[-0.938754,47.252751],[-0.93897,47.252997],[-0.939742,47.253232],[-0.940156,47.253155],[-0.941855,47.253417],[-0.943436,47.253434],[-0.944627,47.253242],[-0.945746,47.253538],[-0.947121,47.254593],[-0.946493,47.254898],[-0.944353,47.25541],[-0.943484,47.255477],[-0.94231,47.256041],[-0.942106,47.256577],[-0.942432,47.257956],[-0.941981,47.258815],[-0.946295,47.258821],[-0.947548,47.259539],[-0.948088,47.260438],[-0.94825,47.261425],[-0.94788,47.263175],[-0.947264,47.263797],[-0.947374,47.263908],[-0.94344,47.265531],[-0.940457,47.267456],[-0.939084,47.266659],[-0.937005,47.266178],[-0.932488,47.26436],[-0.931373,47.264619],[-0.930305,47.265769],[-0.927151,47.267363],[-0.925081,47.267669],[-0.923771,47.268315],[-0.922924,47.268392],[-0.920118,47.269135],[-0.920732,47.270165],[-0.922448,47.271538],[-0.923013,47.272523],[-0.923882,47.274611],[-0.922964,47.274735],[-0.92048,47.270898],[-0.919903,47.270133],[-0.919452,47.269864],[-0.917256,47.270601],[-0.918258,47.272408],[-0.917764,47.272663],[-0.91695,47.2727],[-0.916938,47.271756],[-0.916049,47.27085],[-0.91551,47.27088],[-0.9118,47.271907],[-0.909886,47.273265],[-0.909153,47.272546],[-0.909108,47.271828],[-0.908688,47.271434],[-0.908139,47.271641],[-0.908596,47.271989],[-0.907947,47.273391],[-0.907287,47.27341],[-0.906745,47.2732],[-0.904183,47.271291],[-0.903375,47.272169],[-0.902841,47.272094],[-0.899731,47.270966],[-0.898571,47.270368],[-0.89772,47.270527],[-0.896983,47.270367],[-0.895545,47.269552],[-0.895347,47.269558],[-0.893641,47.270866],[-0.891944,47.272354],[-0.891086,47.272378],[-0.888539,47.271819],[-0.886786,47.272157],[-0.887501,47.269452],[-0.887726,47.269481],[-0.888104,47.268829],[-0.889836,47.266945],[-0.887915,47.26585],[-0.888079,47.265157],[-0.887078,47.264936],[-0.885432,47.266369],[-0.884948,47.267103],[-0.884697,47.268415],[-0.884819,47.270086],[-0.882884,47.271099],[-0.882497,47.270322],[-0.881354,47.268913],[-0.880447,47.268129],[-0.880364,47.26786],[-0.88083,47.266813],[-0.878799,47.26619],[-0.876675,47.265857],[-0.875853,47.266017],[-0.874377,47.265841],[-0.87343,47.266143],[-0.873473,47.267647],[-0.873306,47.268147],[-0.872177,47.268088],[-0.871503,47.26856],[-0.870389,47.26808],[-0.869682,47.267974],[-0.868111,47.268076],[-0.866524,47.268472],[-0.865691,47.268293],[-0.863793,47.26826],[-0.863113,47.268019],[-0.864024,47.267165],[-0.864232,47.266268],[-0.863338,47.265634],[-0.861374,47.262991],[-0.844148,47.271527],[-0.834047,47.276778],[-0.824438,47.283582],[-0.814225,47.288726],[-0.811841,47.288814],[-0.811484,47.288481],[-0.809924,47.288475],[-0.807905,47.28812],[-0.808384,47.287251],[-0.808198,47.28698],[-0.807331,47.286694],[-0.807446,47.286146],[-0.806781,47.28503],[-0.806222,47.284788],[-0.80508,47.284744],[-0.804396,47.284366],[-0.803389,47.283424],[-0.802714,47.283596],[-0.799281,47.281272],[-0.798393,47.281265],[-0.797606,47.281586],[-0.797521,47.281882],[-0.797203,47.282085],[-0.796116,47.282299],[-0.795148,47.282003],[-0.794575,47.281982],[-0.794038,47.282342],[-0.793905,47.282646],[-0.792976,47.283234],[-0.790871,47.284171],[-0.790656,47.284415],[-0.789246,47.284663],[-0.788265,47.284402],[-0.786271,47.285323],[-0.785904,47.285676],[-0.785465,47.285506],[-0.785212,47.285622],[-0.78436,47.285486],[-0.783521,47.28562],[-0.783127,47.286069],[-0.782444,47.286288],[-0.781892,47.286909],[-0.781488,47.286943],[-0.781424,47.286715],[-0.78112,47.286648],[-0.780605,47.286932],[-0.778506,47.286701],[-0.776753,47.286728],[-0.776416,47.287205],[-0.775513,47.287307],[-0.77393,47.288194],[-0.773436,47.289434],[-0.772261,47.290751],[-0.771842,47.291795],[-0.770813,47.292313],[-0.770991,47.292746],[-0.770845,47.293269],[-0.770222,47.293633],[-0.769224,47.294818],[-0.769495,47.295372],[-0.770155,47.295698],[-0.77038,47.296618],[-0.769898,47.298307],[-0.769455,47.298841],[-0.76974,47.300049],[-0.769464,47.301236],[-0.769082,47.301457],[-0.769065,47.302324],[-0.768775,47.302913],[-0.768566,47.304222],[-0.768881,47.304439],[-0.769704,47.303904],[-0.770168,47.303887],[-0.771005,47.304768],[-0.770505,47.305388],[-0.769398,47.305709],[-0.769249,47.306028],[-0.769551,47.307094],[-0.768644,47.308018],[-0.768361,47.306983],[-0.767616,47.306688],[-0.767023,47.306748],[-0.760777,47.308582],[-0.758816,47.308995],[-0.756957,47.310035],[-0.755787,47.310426],[-0.751086,47.310372],[-0.747927,47.310681],[-0.746497,47.311125]],[[-0.866843,47.190358],[-0.866503,47.190527],[-0.866881,47.190654],[-0.866843,47.190358]],[[-0.866475,47.190695],[-0.866246,47.190728],[-0.866408,47.1909],[-0.866613,47.190822],[-0.866475,47.190695]],[[-0.867407,47.190619],[-0.867134,47.190632],[-0.867196,47.190868],[-0.867808,47.190821],[-0.867946,47.191195],[-0.868399,47.191564],[-0.868267,47.190836],[-0.867825,47.190807],[-0.86783,47.190603],[-0.867407,47.190619]],[[-0.856224,47.19781],[-0.854975,47.197938],[-0.855259,47.198544],[-0.854959,47.199579],[-0.854592,47.199802],[-0.855072,47.200781],[-0.854834,47.201359],[-0.857603,47.203895],[-0.856868,47.20161],[-0.857032,47.199706],[-0.856452,47.199069],[-0.857001,47.198556],[-0.856224,47.19781]],[[-0.68375,47.16415],[-0.683036,47.165592],[-0.68279,47.166983],[-0.679198,47.174982],[-0.685049,47.17406],[-0.692907,47.172518],[-0.700817,47.169641],[-0.711694,47.166126],[-0.689967,47.156033],[-0.685473,47.159928],[-0.68375,47.16415]],[[-0.633364,47.265542],[-0.636235,47.268408],[-0.643586,47.279559],[-0.642751,47.2795],[-0.642485,47.279385],[-0.642507,47.279123],[-0.641767,47.279054],[-0.639918,47.279419],[-0.639512,47.280444],[-0.6399,47.28128],[-0.639873,47.282076],[-0.639186,47.282998],[-0.638019,47.2839],[-0.635861,47.284766],[-0.634988,47.28593],[-0.634996,47.28615],[-0.633538,47.287396],[-0.632743,47.287673],[-0.631294,47.287679],[-0.630557,47.287839],[-0.63011,47.288584],[-0.629531,47.288787],[-0.629472,47.289431],[-0.629724,47.290184],[-0.629421,47.290463],[-0.629713,47.290996],[-0.62908,47.294021],[-0.628534,47.294682],[-0.627911,47.294749],[-0.627375,47.295618],[-0.626677,47.296194],[-0.625859,47.296333],[-0.625038,47.297436],[-0.62353,47.298238],[-0.623078,47.299898],[-0.62175,47.299387],[-0.618304,47.299283],[-0.617199,47.298719],[-0.616123,47.298604],[-0.61367,47.297963],[-0.613283,47.297656],[-0.613346,47.297215],[-0.612766,47.296305],[-0.611758,47.296818],[-0.610935,47.297469],[-0.610668,47.297431],[-0.609439,47.296742],[-0.608144,47.295626],[-0.605756,47.297151],[-0.605026,47.298295],[-0.604333,47.298943],[-0.600392,47.300663],[-0.597812,47.30149],[-0.598172,47.299933],[-0.597601,47.298472],[-0.597223,47.298321],[-0.596469,47.298573],[-0.595773,47.29835],[-0.595598,47.297819],[-0.594714,47.297513],[-0.594382,47.296949],[-0.593944,47.296782],[-0.594022,47.296578],[-0.594441,47.296119],[-0.594792,47.296042],[-0.595156,47.295383],[-0.595973,47.294982],[-0.596945,47.293755],[-0.59875,47.292889],[-0.599232,47.292152],[-0.599018,47.291166],[-0.599053,47.289741],[-0.600171,47.28914],[-0.600371,47.288948],[-0.600137,47.288874],[-0.601977,47.288181],[-0.603514,47.286759],[-0.603391,47.286531],[-0.603659,47.285904],[-0.604392,47.285265],[-0.60377,47.284639],[-0.604635,47.28389],[-0.606512,47.28353],[-0.608602,47.281396],[-0.610211,47.280501],[-0.611452,47.279309],[-0.611813,47.277603],[-0.607108,47.27697],[-0.602926,47.275865],[-0.601505,47.27527],[-0.60275,47.272918],[-0.607828,47.269243],[-0.609018,47.268752],[-0.610279,47.267947],[-0.611849,47.266183],[-0.6137,47.26511],[-0.615694,47.264421],[-0.614009,47.263274],[-0.613237,47.263653],[-0.609949,47.261576],[-0.60984,47.26145],[-0.610332,47.260797],[-0.612232,47.259247],[-0.613896,47.258279],[-0.61598,47.256547],[-0.627208,47.261846],[-0.630836,47.26376],[-0.633364,47.265542]],[[-0.848941,47.286778],[-0.848762,47.287198],[-0.850446,47.287602],[-0.850979,47.287376],[-0.851301,47.287648],[-0.851505,47.287489],[-0.851867,47.287488],[-0.852463,47.286653],[-0.852497,47.286952],[-0.852278,47.28715],[-0.852851,47.288824],[-0.852427,47.28968],[-0.852485,47.290098],[-0.85289,47.2903],[-0.852886,47.290613],[-0.853553,47.290939],[-0.853676,47.291151],[-0.854096,47.291088],[-0.854196,47.290927],[-0.854826,47.291045],[-0.854876,47.291309],[-0.855173,47.291457],[-0.854904,47.291487],[-0.854823,47.291674],[-0.855591,47.291974],[-0.855911,47.292359],[-0.855802,47.292588],[-0.856153,47.292908],[-0.856604,47.293097],[-0.857072,47.292942],[-0.858213,47.293184],[-0.858637,47.293379],[-0.859218,47.293987],[-0.859909,47.294073],[-0.860847,47.293947],[-0.862693,47.294799],[-0.86382,47.294981],[-0.864168,47.294815],[-0.865022,47.295145],[-0.865426,47.29514],[-0.866332,47.295477],[-0.866448,47.295708],[-0.867351,47.295582],[-0.867768,47.295378],[-0.868217,47.29553],[-0.868348,47.29756],[-0.867566,47.297775],[-0.866618,47.298652],[-0.866102,47.298882],[-0.864292,47.298052],[-0.853505,47.291841],[-0.851321,47.290857],[-0.850971,47.290536],[-0.847247,47.288555],[-0.847013,47.287655],[-0.847598,47.287366],[-0.847883,47.286539],[-0.847578,47.285842],[-0.848603,47.285867],[-0.849262,47.28619],[-0.849315,47.286405],[-0.848941,47.286778]]]}},{"type":"Feature","properties":{"uai_primary":"0490022H","uai_all":"0490022H","is_merged":false},"geometry":{"type":"Polygon","coordinates":[[[-0.794283,47.04548],[-0.794872,47.045515],[-0.794772,47.045819],[-0.796519,47.045887],[-0.797094,47.045698],[-0.797556,47.046055],[-0.797948,47.045978],[-0.798032,47.046343],[-0.798446,47.046655],[-0.798497,47.047154],[-0.799026,47.047378],[-0.79937,47.047771],[-0.800071,47.047866],[-0.801377,47.046695],[-0.801944,47.046703],[-0.802816,47.047222],[-0.803374,47.047242],[-0.803603,47.046929],[-0.804126,47.046761],[-0.80385,47.046364],[-0.804431,47.046302],[-0.804198,47.045641],[-0.804506,47.045397],[-0.804827,47.045491],[-0.805129,47.04531],[-0.805724,47.045584],[-0.806002,47.045418],[-0.8064,47.045499],[-0.806845,47.045361],[-0.807483,47.045513],[-0.807637,47.045329],[-0.808411,47.045671],[-0.809652,47.04559],[-0.809996,47.04492],[-0.809805,47.044412],[-0.809453,47.044405],[-0.809048,47.044159],[-0.809113,47.043825],[-0.809469,47.043518],[-0.809249,47.043058],[-0.809654,47.042877],[-0.809567,47.042481],[-0.810104,47.042399],[-0.810391,47.041816],[-0.810121,47.041515],[-0.810394,47.041367],[-0.810533,47.040932],[-0.81094,47.040882],[-0.811029,47.040515],[-0.81149,47.040501],[-0.812506,47.040913],[-0.813947,47.040951],[-0.814609,47.039893],[-0.81513,47.039764],[-0.816027,47.040437],[-0.816453,47.040554],[-0.817201,47.040386],[-0.817771,47.040076],[-0.818276,47.040194],[-0.819764,47.039214],[-0.82001,47.039223],[-0.820104,47.039466],[-0.820456,47.039338],[-0.82054,47.039096],[-0.820837,47.039243],[-0.820882,47.039097],[-0.82046,47.038792],[-0.821288,47.039034],[-0.822155,47.039938],[-0.822566,47.03999],[-0.822629,47.040178],[-0.822823,47.040118],[-0.822914,47.040323],[-0.8232,47.04027],[-0.82339,47.040607],[-0.823824,47.04037],[-0.82458,47.040448],[-0.824736,47.040192],[-0.825463,47.040018],[-0.825858,47.039372],[-0.825553,47.039028],[-0.82617,47.038996],[-0.826071,47.03835],[-0.826696,47.037896],[-0.827604,47.038452],[-0.827833,47.038275],[-0.827996,47.038406],[-0.828282,47.038319],[-0.828391,47.038649],[-0.828922,47.038763],[-0.828959,47.038978],[-0.828616,47.039239],[-0.829026,47.039291],[-0.828797,47.039658],[-0.829125,47.039855],[-0.829418,47.039892],[-0.829752,47.039524],[-0.830003,47.039561],[-0.83036,47.040011],[-0.830282,47.040489],[-0.831105,47.040403],[-0.831236,47.040158],[-0.831931,47.039877],[-0.832012,47.03947],[-0.832599,47.039589],[-0.832771,47.039154],[-0.832703,47.038292],[-0.833743,47.037746],[-0.833721,47.037557],[-0.833059,47.037213],[-0.833083,47.036879],[-0.833755,47.036639],[-0.834291,47.036834],[-0.834706,47.037247],[-0.835232,47.037236],[-0.835443,47.036969],[-0.835859,47.036852],[-0.836489,47.03709],[-0.836997,47.03698],[-0.837947,47.036202],[-0.838614,47.035071],[-0.838637,47.034422],[-0.838207,47.034261],[-0.838902,47.033904],[-0.839017,47.033298],[-0.839589,47.032744],[-0.83957,47.03243],[-0.838838,47.032061],[-0.841241,47.031519],[-0.843765,47.031656],[-0.844805,47.031129],[-0.845089,47.031917],[-0.857127,47.036729],[-0.859375,47.038105],[-0.860132,47.039619],[-0.860525,47.039995],[-0.860936,47.042121],[-0.861953,47.042158],[-0.864222,47.042915],[-0.864304,47.04404],[-0.863503,47.045306],[-0.864719,47.046824],[-0.866594,47.04702],[-0.868028,47.046504],[-0.86932,47.046273],[-0.870939,47.046877],[-0.872464,47.049072],[-0.872528,47.049786],[-0.873673,47.050201],[-0.875173,47.051047],[-0.874964,47.052034],[-0.875151,47.052705],[-0.875959,47.053351],[-0.876734,47.053667],[-0.87714,47.054605],[-0.877027,47.055116],[-0.877703,47.055661],[-0.87846,47.055988],[-0.878509,47.056274],[-0.87707,47.05696],[-0.876514,47.057608],[-0.875866,47.057983],[-0.875659,47.058349],[-0.875092,47.058518],[-0.8748,47.058802],[-0.874396,47.058801],[-0.874146,47.059652],[-0.873683,47.059809],[-0.873563,47.06013],[-0.871326,47.060855],[-0.87121,47.061071],[-0.870771,47.061257],[-0.870307,47.061142],[-0.870218,47.061409],[-0.869789,47.061632],[-0.866617,47.062732],[-0.866494,47.063068],[-0.866198,47.063064],[-0.865361,47.063794],[-0.864827,47.063689],[-0.864307,47.063911],[-0.864269,47.064351],[-0.863523,47.064218],[-0.863453,47.064854],[-0.863168,47.065027],[-0.862725,47.065119],[-0.86208,47.064987],[-0.861594,47.065154],[-0.861577,47.065489],[-0.861098,47.066107],[-0.860532,47.065981],[-0.859896,47.066161],[-0.859612,47.066101],[-0.858753,47.066817],[-0.857854,47.066835],[-0.857584,47.067298],[-0.85583,47.067696],[-0.855795,47.067978],[-0.855353,47.068101],[-0.855137,47.068558],[-0.854024,47.068946],[-0.853436,47.068978],[-0.853193,47.069879],[-0.852256,47.069518],[-0.851997,47.07019],[-0.851514,47.07001],[-0.850902,47.070414],[-0.849077,47.069666],[-0.847489,47.069689],[-0.847179,47.070699],[-0.84774,47.071608],[-0.847521,47.072151],[-0.846435,47.072349],[-0.846507,47.072583],[-0.845961,47.07259],[-0.845799,47.072843],[-0.845178,47.072944],[-0.844756,47.073272],[-0.844506,47.073841],[-0.842436,47.073462],[-0.841954,47.074709],[-0.840855,47.074766],[-0.838341,47.074657],[-0.837341,47.074336],[-0.83528,47.074228],[-0.835559,47.076848],[-0.835139,47.077731],[-0.834206,47.078109],[-0.833427,47.079511],[-0.834327,47.082657],[-0.833,47.083501],[-0.829185,47.084963],[-0.826965,47.085274],[-0.821746,47.084687],[-0.81658,47.081016],[-0.808965,47.079285],[-0.809489,47.078711],[-0.808406,47.077156],[-0.808561,47.075627],[-0.807071,47.074788],[-0.806647,47.074354],[-0.807237,47.07379],[-0.806692,47.072931],[-0.806882,47.072086],[-0.808912,47.071953],[-0.808704,47.071181],[-0.808248,47.070529],[-0.807696,47.07093],[-0.807205,47.070665],[-0.808567,47.069611],[-0.80826,47.069313],[-0.810554,47.068099],[-0.81192,47.067737],[-0.811637,47.063847],[-0.811349,47.063444],[-0.808857,47.063049],[-0.806018,47.063306],[-0.803335,47.063776],[-0.801224,47.06473],[-0.80059,47.065217],[-0.799616,47.066574],[-0.798264,47.067235],[-0.796488,47.06716],[-0.794715,47.06738],[-0.794926,47.0685],[-0.796839,47.072343],[-0.79631,47.072623],[-0.795427,47.073656],[-0.794301,47.074414],[-0.791094,47.074607],[-0.789285,47.075766],[-0.789019,47.076474],[-0.78805,47.077695],[-0.78607,47.078351],[-0.784377,47.0793],[-0.78316,47.079668],[-0.782266,47.080408],[-0.780853,47.080366],[-0.779917,47.080649],[-0.77771,47.080867],[-0.77631,47.081345],[-0.774284,47.082385],[-0.7729,47.080313],[-0.771491,47.078639],[-0.7719,47.078381],[-0.771893,47.078181],[-0.771412,47.077392],[-0.769972,47.076184],[-0.769883,47.075936],[-0.770878,47.074475],[-0.770718,47.074002],[-0.77138,47.073586],[-0.771924,47.072918],[-0.772305,47.072762],[-0.771833,47.07241],[-0.771907,47.071816],[-0.773359,47.070459],[-0.774343,47.069082],[-0.775315,47.068307],[-0.775283,47.067884],[-0.774952,47.067512],[-0.773296,47.066595],[-0.772665,47.06585],[-0.773177,47.064914],[-0.773993,47.064136],[-0.774126,47.063496],[-0.77369,47.062634],[-0.773724,47.062198],[-0.773958,47.062086],[-0.774043,47.061765],[-0.773701,47.06151],[-0.773767,47.061033],[-0.773381,47.0608],[-0.773448,47.060547],[-0.774567,47.059988],[-0.775026,47.059444],[-0.775873,47.059115],[-0.777339,47.059077],[-0.777777,47.059197],[-0.778796,47.058295],[-0.778869,47.058144],[-0.778623,47.057911],[-0.778911,47.057418],[-0.779326,47.057264],[-0.779927,47.057405],[-0.780722,47.057101],[-0.780663,47.056899],[-0.781171,47.056215],[-0.781878,47.056039],[-0.782585,47.05561],[-0.783354,47.054576],[-0.784172,47.053851],[-0.784311,47.053138],[-0.78426,47.052826],[-0.784033,47.052776],[-0.784078,47.052509],[-0.784539,47.052277],[-0.78481,47.05189],[-0.784817,47.050655],[-0.785244,47.049937],[-0.785506,47.049843],[-0.785882,47.049477],[-0.785951,47.049135],[-0.786192,47.04904],[-0.786025,47.048881],[-0.78632,47.047981],[-0.786852,47.04791],[-0.786996,47.04758],[-0.787569,47.047512],[-0.78813,47.047575],[-0.788813,47.047901],[-0.789376,47.047433],[-0.791557,47.047034],[-0.791907,47.046143],[-0.791827,47.045831],[-0.791576,47.045853],[-0.791494,47.045635],[-0.791899,47.04563],[-0.791848,47.045339],[-0.792224,47.045529],[-0.792911,47.045417],[-0.793298,47.0458],[-0.793663,47.045699],[-0.793813,47.045392],[-0.794283,47.04548]],[[-0.86381,47.060746],[-0.863951,47.061796],[-0.864354,47.061954],[-0.864611,47.061729],[-0.864456,47.06084],[-0.864038,47.060592],[-0.86381,47.060746]]]}},{"type":"Feature","properties":{"uai_primary":"0490023J","uai_all":"0490023J","is_merged":false},"geometry":{"type":"Polygon","coordinates":[[[-0.268071,47.284192],[-0.269294,47.283246],[-0.267865,47.282482],[-0.266827,47.282205],[-0.263864,47.28242],[-0.261825,47.283418],[-0.259692,47.283671],[-0.258237,47.28362],[-0.258748,47.282328],[-0.257745,47.28204],[-0.256713,47.281157],[-0.255898,47.280713],[-0.251715,47.279452],[-0.248898,47.279484],[-0.246933,47.278277],[-0.244987,47.277647],[-0.242659,47.276513],[-0.241092,47.275525],[-0.240528,47.274636],[-0.239685,47.273792],[-0.238417,47.269613],[-0.235755,47.271207],[-0.232953,47.272216],[-0.232174,47.272631],[-0.231107,47.273398],[-0.230262,47.274755],[-0.228674,47.275672],[-0.226649,47.276324],[-0.224998,47.27662],[-0.224634,47.276847],[-0.224046,47.27586],[-0.224576,47.274842],[-0.224512,47.2733],[-0.22415,47.273217],[-0.225135,47.271944],[-0.225704,47.270115],[-0.224574,47.269584],[-0.219736,47.268913],[-0.220017,47.267963],[-0.220211,47.265662],[-0.220023,47.265458],[-0.220332,47.264207],[-0.219198,47.264162],[-0.218763,47.263629],[-0.218443,47.263547],[-0.214498,47.263215],[-0.211434,47.262372],[-0.209402,47.262038],[-0.208626,47.261643],[-0.207334,47.261633],[-0.205411,47.262023],[-0.203609,47.261778],[-0.202511,47.262558],[-0.200787,47.262459],[-0.199819,47.262236],[-0.198523,47.261778],[-0.197854,47.261255],[-0.197258,47.259871],[-0.196833,47.257884],[-0.196155,47.256351],[-0.196082,47.255524],[-0.195415,47.254543],[-0.195273,47.251907],[-0.195578,47.250738],[-0.195966,47.250395],[-0.195651,47.248368],[-0.195998,47.247495],[-0.195906,47.246863],[-0.196606,47.24606],[-0.195211,47.244841],[-0.194708,47.243421],[-0.192535,47.242233],[-0.192581,47.241919],[-0.192033,47.240716],[-0.192741,47.239488],[-0.193541,47.238751],[-0.193851,47.238044],[-0.193707,47.237276],[-0.193949,47.236706],[-0.194267,47.232631],[-0.193973,47.231837],[-0.195253,47.231697],[-0.195314,47.231232],[-0.19584,47.230854],[-0.196606,47.229297],[-0.197582,47.227961],[-0.202561,47.226005],[-0.204593,47.22538],[-0.203421,47.224221],[-0.200573,47.222123],[-0.199259,47.219841],[-0.202311,47.218876],[-0.206971,47.218583],[-0.207991,47.217146],[-0.210447,47.214982],[-0.210949,47.212826],[-0.213993,47.208044],[-0.214967,47.2062],[-0.215516,47.206258],[-0.215885,47.205822],[-0.216151,47.204599],[-0.216633,47.203658],[-0.216286,47.203567],[-0.216614,47.203084],[-0.212177,47.201586],[-0.209545,47.202496],[-0.210111,47.200538],[-0.208499,47.199648],[-0.209107,47.195694],[-0.20902,47.193615],[-0.209886,47.191326],[-0.207423,47.190812],[-0.204445,47.19094],[-0.203387,47.187578],[-0.201978,47.187767],[-0.201237,47.187577],[-0.201254,47.184662],[-0.201568,47.183393],[-0.201855,47.180019],[-0.201369,47.178315],[-0.20125,47.1762],[-0.200498,47.173758],[-0.201445,47.173538],[-0.202374,47.173639],[-0.203104,47.174025],[-0.203762,47.174993],[-0.206351,47.175672],[-0.207245,47.175826],[-0.207446,47.175698],[-0.211084,47.176767],[-0.211004,47.177063],[-0.214041,47.178079],[-0.216674,47.177956],[-0.217589,47.177766],[-0.218627,47.177937],[-0.218881,47.17809],[-0.218719,47.179132],[-0.21834,47.179523],[-0.217356,47.179484],[-0.216725,47.180764],[-0.21772,47.180929],[-0.21759,47.181429],[-0.218423,47.181836],[-0.218957,47.181908],[-0.218919,47.182175],[-0.219806,47.182332],[-0.220961,47.18192],[-0.222239,47.182116],[-0.222369,47.181902],[-0.22326,47.182058],[-0.223855,47.182365],[-0.225685,47.178633],[-0.226056,47.17746],[-0.227812,47.177698],[-0.228919,47.174695],[-0.230684,47.171742],[-0.231477,47.169908],[-0.231636,47.169015],[-0.231959,47.168948],[-0.232668,47.166941],[-0.234202,47.163913],[-0.232954,47.162097],[-0.233191,47.161665],[-0.238945,47.162423],[-0.24256,47.162366],[-0.244206,47.162557],[-0.248013,47.163737],[-0.25238,47.16547],[-0.255194,47.166847],[-0.256754,47.167379],[-0.257099,47.167643],[-0.257461,47.168701],[-0.261138,47.169147],[-0.26098,47.168177],[-0.261242,47.167444],[-0.261222,47.166388],[-0.261715,47.165653],[-0.261671,47.16382],[-0.262422,47.162373],[-0.261327,47.162143],[-0.262151,47.161779],[-0.261401,47.161546],[-0.262081,47.161138],[-0.262725,47.161876],[-0.263161,47.160912],[-0.262842,47.16049],[-0.262869,47.159844],[-0.263957,47.155844],[-0.263896,47.154194],[-0.264929,47.15003],[-0.263673,47.14968],[-0.26246,47.148861],[-0.262281,47.149017],[-0.256573,47.146249],[-0.251562,47.144177],[-0.251163,47.143008],[-0.250623,47.142456],[-0.250814,47.140238],[-0.250608,47.139229],[-0.251051,47.137574],[-0.246667,47.135331],[-0.254497,47.132351],[-0.260605,47.130371],[-0.263183,47.129979],[-0.266107,47.129235],[-0.266445,47.129315],[-0.267039,47.130011],[-0.267467,47.130172],[-0.270023,47.129656],[-0.270865,47.129693],[-0.27411,47.12831],[-0.276617,47.127648],[-0.27789,47.126295],[-0.279126,47.125566],[-0.279935,47.125731],[-0.281047,47.125721],[-0.281948,47.125596],[-0.283471,47.125123],[-0.286504,47.126786],[-0.287731,47.128112],[-0.289621,47.129326],[-0.289909,47.129252],[-0.291304,47.13047],[-0.291626,47.131286],[-0.293858,47.133801],[-0.294323,47.134772],[-0.296815,47.132402],[-0.296872,47.131886],[-0.297289,47.13137],[-0.301215,47.127391],[-0.303322,47.123733],[-0.305179,47.124736],[-0.305775,47.125392],[-0.306784,47.126065],[-0.308032,47.125491],[-0.307739,47.125018],[-0.30926,47.124088],[-0.314313,47.121609],[-0.316141,47.122482],[-0.316669,47.121768],[-0.318372,47.121193],[-0.319561,47.120456],[-0.325581,47.123121],[-0.327435,47.122443],[-0.327816,47.122427],[-0.330002,47.123199],[-0.329301,47.125218],[-0.3293,47.12564],[-0.329691,47.126009],[-0.330249,47.126144],[-0.332498,47.125028],[-0.334314,47.125902],[-0.33536,47.125446],[-0.33722,47.12614],[-0.338209,47.125162],[-0.339118,47.125369],[-0.338941,47.125606],[-0.339153,47.12661],[-0.340907,47.127883],[-0.340678,47.128352],[-0.341232,47.128987],[-0.340679,47.129137],[-0.340293,47.129568],[-0.339656,47.129779],[-0.339003,47.130223],[-0.337955,47.130561],[-0.337404,47.130469],[-0.336934,47.130733],[-0.336201,47.130646],[-0.335003,47.130917],[-0.33418,47.130435],[-0.33382,47.130432],[-0.332489,47.131577],[-0.333202,47.131624],[-0.334297,47.132289],[-0.333255,47.133742],[-0.338095,47.134994],[-0.34165,47.134599],[-0.342742,47.134635],[-0.348137,47.136163],[-0.350256,47.137297],[-0.353369,47.141311],[-0.352133,47.142752],[-0.35129,47.143227],[-0.3497,47.144933],[-0.349273,47.145089],[-0.348616,47.144665],[-0.347823,47.145302],[-0.348226,47.145623],[-0.347566,47.146139],[-0.348841,47.146936],[-0.349996,47.146686],[-0.350786,47.146715],[-0.350341,47.148346],[-0.350726,47.149434],[-0.351791,47.150161],[-0.352047,47.151282],[-0.351485,47.152225],[-0.353323,47.152762],[-0.354149,47.150779],[-0.35578,47.149185],[-0.358176,47.14991],[-0.36114,47.151223],[-0.364216,47.151146],[-0.366432,47.151314],[-0.369563,47.153469],[-0.370852,47.152572],[-0.371896,47.153177],[-0.372576,47.152853],[-0.373949,47.152541],[-0.374535,47.152286],[-0.375187,47.151642],[-0.37621,47.152132],[-0.377651,47.153213],[-0.381255,47.154727],[-0.384412,47.156495],[-0.386661,47.157293],[-0.388383,47.157432],[-0.392061,47.15838],[-0.394766,47.159666],[-0.396127,47.159938],[-0.397278,47.159998],[-0.399627,47.159767],[-0.399643,47.1588],[-0.400209,47.157593],[-0.40023,47.155857],[-0.404906,47.160023],[-0.410125,47.158827],[-0.410081,47.159147],[-0.406273,47.163637],[-0.406628,47.163987],[-0.405383,47.164763],[-0.404899,47.164598],[-0.404656,47.16466],[-0.401794,47.16704],[-0.399176,47.168755],[-0.394179,47.171043],[-0.390425,47.174598],[-0.38967,47.175879],[-0.390827,47.176182],[-0.392411,47.175972],[-0.394587,47.176119],[-0.396209,47.175061],[-0.397269,47.174935],[-0.397697,47.17509],[-0.397828,47.175706],[-0.398605,47.176722],[-0.399488,47.177426],[-0.400516,47.176952],[-0.401479,47.177419],[-0.401812,47.177456],[-0.402195,47.177222],[-0.407773,47.179534],[-0.408282,47.179647],[-0.408398,47.179388],[-0.411006,47.18028],[-0.411015,47.179865],[-0.413784,47.180231],[-0.411807,47.183142],[-0.411996,47.185065],[-0.412716,47.185432],[-0.412315,47.186381],[-0.412285,47.187333],[-0.413439,47.187417],[-0.413413,47.18875],[-0.414043,47.188603],[-0.413958,47.190365],[-0.415007,47.190194],[-0.41521,47.190279],[-0.414972,47.190874],[-0.415152,47.190957],[-0.417619,47.190956],[-0.418248,47.193134],[-0.418511,47.195844],[-0.417371,47.197103],[-0.412792,47.200156],[-0.412285,47.201901],[-0.409833,47.204575],[-0.41171,47.205248],[-0.410264,47.206932],[-0.409558,47.206496],[-0.408976,47.207093],[-0.407825,47.206784],[-0.405048,47.210537],[-0.40383,47.213639],[-0.401814,47.215326],[-0.401103,47.217383],[-0.401168,47.219627],[-0.393137,47.222147],[-0.394004,47.223529],[-0.394459,47.225916],[-0.394734,47.226016],[-0.393403,47.228511],[-0.394343,47.228923],[-0.397783,47.229267],[-0.397753,47.22963],[-0.396937,47.229662],[-0.396654,47.231632],[-0.396332,47.231978],[-0.396027,47.23349],[-0.396992,47.233421],[-0.396016,47.234662],[-0.395966,47.234978],[-0.396709,47.235276],[-0.39681,47.235948],[-0.399351,47.235258],[-0.399784,47.23709],[-0.402059,47.237175],[-0.402591,47.238558],[-0.403626,47.24001],[-0.40471,47.242834],[-0.405588,47.244234],[-0.403437,47.245377],[-0.403381,47.245558],[-0.405086,47.246598],[-0.405094,47.246733],[-0.403952,47.247851],[-0.40355,47.24758],[-0.400829,47.249857],[-0.399832,47.249569],[-0.399189,47.250285],[-0.398119,47.249914],[-0.397307,47.250878],[-0.39671,47.250802],[-0.395697,47.252057],[-0.394677,47.251518],[-0.393779,47.25066],[-0.392168,47.252484],[-0.391936,47.25312],[-0.392231,47.255004],[-0.39055,47.255763],[-0.38874,47.255754],[-0.388727,47.256704],[-0.387925,47.256528],[-0.388,47.258346],[-0.387523,47.260398],[-0.387742,47.262891],[-0.388712,47.264005],[-0.390491,47.263976],[-0.39067,47.265094],[-0.392537,47.266278],[-0.392372,47.267952],[-0.393252,47.269193],[-0.392777,47.26978],[-0.391966,47.27149],[-0.390012,47.273669],[-0.388608,47.275905],[-0.387883,47.275803],[-0.386422,47.275997],[-0.383189,47.277143],[-0.382721,47.276905],[-0.380668,47.276403],[-0.379935,47.27605],[-0.378961,47.277584],[-0.378537,47.277886],[-0.380414,47.27941],[-0.3794,47.280748],[-0.377672,47.282075],[-0.375392,47.284311],[-0.374642,47.285451],[-0.371554,47.283768],[-0.37014,47.28474],[-0.368738,47.286055],[-0.36559,47.286039],[-0.361042,47.288613],[-0.361181,47.288698],[-0.359265,47.290994],[-0.361744,47.291734],[-0.361789,47.292837],[-0.362513,47.292833],[-0.362347,47.293008],[-0.362677,47.293073],[-0.362182,47.293676],[-0.364005,47.294616],[-0.362215,47.296466],[-0.36141,47.296119],[-0.361084,47.296583],[-0.360222,47.296226],[-0.360039,47.297057],[-0.35927,47.296984],[-0.359394,47.297554],[-0.358912,47.297382],[-0.358143,47.298113],[-0.35694,47.298764],[-0.356379,47.2995],[-0.353706,47.298392],[-0.353591,47.298493],[-0.352343,47.297992],[-0.349961,47.300931],[-0.349129,47.300354],[-0.346325,47.299489],[-0.343296,47.297981],[-0.342136,47.29868],[-0.340791,47.299182],[-0.338535,47.299471],[-0.333954,47.300851],[-0.333854,47.302183],[-0.334436,47.302198],[-0.333891,47.304784],[-0.331968,47.304409],[-0.330791,47.305991],[-0.331789,47.30669],[-0.330722,47.307446],[-0.329964,47.307698],[-0.324454,47.308954],[-0.321568,47.309263],[-0.318484,47.309829],[-0.31643,47.309764],[-0.312825,47.309944],[-0.312782,47.310063],[-0.311119,47.31023],[-0.310985,47.30996],[-0.30924,47.310024],[-0.307782,47.309843],[-0.305895,47.309853],[-0.304877,47.310018],[-0.30382,47.30989],[-0.30197,47.309983],[-0.300522,47.309634],[-0.298814,47.309491],[-0.296365,47.309996],[-0.295428,47.310011],[-0.295419,47.309702],[-0.294596,47.308644],[-0.292129,47.307471],[-0.288962,47.305525],[-0.288368,47.305606],[-0.289126,47.304612],[-0.289181,47.30298],[-0.286995,47.304866],[-0.283585,47.306631],[-0.280533,47.308027],[-0.27921,47.308379],[-0.277946,47.308524],[-0.276315,47.30902],[-0.275582,47.310079],[-0.27433,47.313],[-0.272524,47.312963],[-0.271979,47.313991],[-0.268141,47.31268],[-0.265536,47.314028],[-0.263978,47.312983],[-0.265626,47.309758],[-0.266104,47.308059],[-0.268012,47.305282],[-0.268283,47.305396],[-0.268074,47.305601],[-0.2686,47.305719],[-0.268862,47.305541],[-0.269105,47.305587],[-0.269565,47.30514],[-0.270901,47.305518],[-0.27076,47.305661],[-0.271031,47.305792],[-0.2731,47.302626],[-0.273154,47.30194],[-0.2747,47.300456],[-0.27476,47.29974],[-0.27535,47.299094],[-0.273005,47.296647],[-0.27414,47.294755],[-0.277412,47.291904],[-0.281506,47.292553],[-0.282685,47.288149],[-0.268071,47.284192]]]}},{"type":"Feature","properties":{"uai_primary":"0490026M","uai_all":"0490026M","is_merged":false},"geometry":{"type":"Polygon","coordinates":[[[-0.872716,47.381699],[-0.873391,47.382106],[-0.875513,47.382118],[-0.876682,47.382508],[-0.877987,47.383437],[-0.879451,47.384927],[-0.88386,47.385677],[-0.888745,47.387569],[-0.892384,47.390233],[-0.89346,47.391303],[-0.887121,47.405118],[-0.890245,47.405409],[-0.891181,47.405339],[-0.891793,47.405618],[-0.892514,47.405724],[-0.895596,47.405482],[-0.89661,47.404996],[-0.897262,47.404332],[-0.899801,47.404139],[-0.90121,47.404176],[-0.902363,47.401564],[-0.9053,47.402338],[-0.908545,47.402726],[-0.914382,47.40233],[-0.916191,47.401975],[-0.92322,47.399141],[-0.925681,47.39739],[-0.928251,47.395141],[-0.934328,47.388619],[-0.936696,47.385826],[-0.937914,47.384866],[-0.942565,47.382543],[-0.943831,47.383644],[-0.941069,47.386513],[-0.939117,47.388139],[-0.940733,47.38911],[-0.942706,47.387583],[-0.944135,47.386983],[-0.948906,47.386855],[-0.950851,47.389602],[-0.951141,47.393115],[-0.951128,47.393666],[-0.950195,47.393903],[-0.94814,47.394926],[-0.948068,47.395461],[-0.94833,47.397102],[-0.949218,47.398978],[-0.948609,47.398985],[-0.948658,47.399469],[-0.949361,47.399495],[-0.949557,47.40046],[-0.94974,47.400451],[-0.95091,47.403902],[-0.949541,47.404278],[-0.950094,47.406369],[-0.950476,47.406895],[-0.95198,47.407627],[-0.953247,47.409337],[-0.955341,47.410318],[-0.956371,47.410547],[-0.956666,47.410868],[-0.95707,47.413725],[-0.958868,47.415705],[-0.959061,47.416148],[-0.958908,47.416714],[-0.961284,47.418331],[-0.961055,47.419141],[-0.961152,47.422978],[-0.959344,47.423223],[-0.959251,47.423065],[-0.957542,47.423154],[-0.957609,47.423303],[-0.956733,47.42347],[-0.956007,47.423808],[-0.95522,47.422985],[-0.954381,47.42319],[-0.953572,47.424142],[-0.95151,47.423568],[-0.950241,47.423033],[-0.948312,47.422671],[-0.948465,47.424722],[-0.948118,47.425878],[-0.946808,47.427511],[-0.946825,47.428572],[-0.947179,47.429478],[-0.948866,47.430681],[-0.950292,47.432434],[-0.952339,47.433697],[-0.953012,47.435507],[-0.952824,47.438405],[-0.953497,47.439757],[-0.954121,47.442666],[-0.953867,47.442641],[-0.952784,47.449082],[-0.952847,47.449881],[-0.952529,47.450834],[-0.952714,47.452023],[-0.954533,47.453528],[-0.955853,47.455891],[-0.959458,47.458401],[-0.960093,47.459567],[-0.960502,47.460921],[-0.961156,47.461896],[-0.962919,47.463488],[-0.964336,47.464475],[-0.965037,47.465233],[-0.966134,47.466771],[-0.966481,47.468295],[-0.966848,47.468381],[-0.967428,47.468016],[-0.967802,47.467994],[-0.968244,47.469854],[-0.968149,47.470514],[-0.967581,47.471385],[-0.967356,47.472367],[-0.967514,47.473578],[-0.967369,47.474445],[-0.966047,47.475951],[-0.962072,47.479359],[-0.958915,47.48121],[-0.958311,47.480518],[-0.958312,47.480885],[-0.9548,47.480381],[-0.954086,47.480682],[-0.952048,47.481125],[-0.949201,47.479807],[-0.948561,47.479689],[-0.948258,47.480026],[-0.94745,47.480129],[-0.947619,47.478971],[-0.948098,47.478958],[-0.947052,47.476944],[-0.945678,47.476532],[-0.94353,47.476295],[-0.94281,47.476002],[-0.942353,47.475609],[-0.942348,47.475186],[-0.943756,47.472283],[-0.946053,47.471734],[-0.947103,47.470915],[-0.94808,47.470498],[-0.949076,47.469508],[-0.94963,47.469242],[-0.949992,47.467655],[-0.950255,47.46699],[-0.950625,47.466635],[-0.950397,47.466441],[-0.948546,47.466275],[-0.948056,47.466636],[-0.947051,47.466296],[-0.946085,47.466391],[-0.943247,47.46619],[-0.942558,47.465353],[-0.941433,47.464797],[-0.94099,47.464766],[-0.940087,47.465199],[-0.939297,47.46531],[-0.938386,47.464715],[-0.93722,47.463453],[-0.936456,47.463164],[-0.935532,47.463424],[-0.935016,47.463955],[-0.932874,47.463724],[-0.932647,47.463466],[-0.931941,47.463526],[-0.931809,47.463178],[-0.931209,47.463422],[-0.931189,47.463656],[-0.930747,47.463604],[-0.930271,47.463318],[-0.930086,47.463613],[-0.928965,47.463668],[-0.92783,47.463953],[-0.92681,47.463687],[-0.92657,47.463865],[-0.926217,47.463864],[-0.925727,47.463766],[-0.9257,47.46338],[-0.924445,47.463223],[-0.923983,47.462664],[-0.92259,47.461844],[-0.922515,47.461528],[-0.921356,47.46187],[-0.920343,47.461739],[-0.919908,47.462135],[-0.91922,47.462174],[-0.917981,47.462682],[-0.918208,47.462358],[-0.91807,47.462298],[-0.91719,47.46263],[-0.917021,47.462463],[-0.916799,47.462547],[-0.915439,47.462033],[-0.91558,47.461758],[-0.91492,47.461589],[-0.914713,47.461038],[-0.914214,47.461142],[-0.913862,47.461458],[-0.913494,47.461314],[-0.913304,47.461016],[-0.912568,47.461241],[-0.912332,47.460854],[-0.911939,47.460671],[-0.911579,47.460968],[-0.911039,47.460653],[-0.910719,47.460776],[-0.910467,47.460317],[-0.909955,47.46065],[-0.909122,47.460386],[-0.90966,47.459951],[-0.90981,47.459506],[-0.911968,47.4584],[-0.912477,47.456883],[-0.911734,47.45638],[-0.911423,47.455462],[-0.910514,47.455399],[-0.910164,47.455073],[-0.909716,47.455126],[-0.907906,47.454855],[-0.908674,47.454201],[-0.909652,47.453779],[-0.909758,47.453012],[-0.90961,47.451767],[-0.908249,47.449694],[-0.906784,47.450055],[-0.906006,47.450708],[-0.905707,47.450731],[-0.905132,47.45306],[-0.903382,47.454903],[-0.903446,47.455537],[-0.903873,47.456178],[-0.904337,47.456474],[-0.904437,47.456918],[-0.904239,47.457863],[-0.903568,47.459329],[-0.903615,47.460148],[-0.903276,47.460009],[-0.902571,47.460073],[-0.902113,47.460419],[-0.9016,47.460383],[-0.901209,47.460617],[-0.900849,47.46038],[-0.900356,47.460582],[-0.900224,47.460847],[-0.897521,47.461326],[-0.897066,47.461264],[-0.897322,47.460954],[-0.896159,47.459847],[-0.893307,47.460943],[-0.891427,47.46123],[-0.890771,47.460701],[-0.890262,47.459297],[-0.888125,47.45932],[-0.887183,47.459042],[-0.886952,47.458423],[-0.887804,47.457675],[-0.886959,47.456833],[-0.886468,47.45703],[-0.885422,47.456822],[-0.883028,47.457179],[-0.880762,47.457088],[-0.880409,47.45675],[-0.880633,47.4562],[-0.880147,47.455929],[-0.880306,47.455642],[-0.879379,47.454271],[-0.878682,47.454098],[-0.876456,47.45425],[-0.874832,47.453916],[-0.874432,47.453474],[-0.873678,47.453433],[-0.873166,47.452885],[-0.872221,47.452856],[-0.871506,47.453222],[-0.87142,47.453557],[-0.871073,47.453718],[-0.871481,47.454177],[-0.870846,47.454366],[-0.87048,47.454123],[-0.86988,47.454125],[-0.869697,47.454005],[-0.869877,47.453772],[-0.869739,47.453643],[-0.869325,47.453791],[-0.869054,47.453621],[-0.869407,47.453261],[-0.86644,47.451496],[-0.86512,47.45102],[-0.865175,47.45088],[-0.864981,47.450832],[-0.864259,47.450834],[-0.863706,47.451211],[-0.862333,47.45144],[-0.860169,47.450304],[-0.859802,47.450603],[-0.858271,47.450724],[-0.857814,47.450215],[-0.857773,47.449675],[-0.856293,47.449604],[-0.855051,47.449791],[-0.85055,47.451219],[-0.847852,47.451458],[-0.847495,47.451666],[-0.847191,47.45126],[-0.841629,47.449959],[-0.839962,47.449259],[-0.834401,47.448871],[-0.833033,47.448526],[-0.832707,47.448944],[-0.831603,47.448501],[-0.828175,47.447637],[-0.827989,47.448065],[-0.827414,47.447802],[-0.826419,47.447884],[-0.825805,47.444536],[-0.824549,47.444967],[-0.823563,47.443923],[-0.824714,47.443021],[-0.823623,47.442337],[-0.824252,47.441877],[-0.825005,47.440515],[-0.826729,47.439646],[-0.825978,47.438884],[-0.8258,47.437872],[-0.825386,47.438064],[-0.823948,47.436754],[-0.824375,47.436513],[-0.822122,47.435495],[-0.821162,47.435231],[-0.821596,47.434935],[-0.818038,47.434409],[-0.818832,47.433084],[-0.819433,47.431498],[-0.824299,47.43211],[-0.824188,47.431152],[-0.82465,47.42887],[-0.825492,47.428336],[-0.82597,47.428329],[-0.826969,47.427403],[-0.827994,47.425935],[-0.828475,47.425698],[-0.830754,47.423783],[-0.832196,47.423226],[-0.832445,47.42283],[-0.83227,47.421499],[-0.832712,47.421346],[-0.833335,47.420786],[-0.836317,47.420224],[-0.836572,47.420066],[-0.83609,47.419805],[-0.837477,47.418649],[-0.838079,47.417319],[-0.838341,47.417174],[-0.838478,47.416112],[-0.839163,47.41473],[-0.838469,47.412305],[-0.838062,47.41174],[-0.842446,47.412042],[-0.842115,47.41072],[-0.843038,47.410654],[-0.842507,47.408746],[-0.837804,47.408405],[-0.838364,47.407752],[-0.842666,47.396804],[-0.844517,47.393611],[-0.83954,47.391507],[-0.834272,47.388735],[-0.837241,47.385707],[-0.837708,47.385565],[-0.838459,47.384771],[-0.838838,47.383988],[-0.835227,47.383221],[-0.833797,47.382662],[-0.831681,47.381117],[-0.82915,47.378483],[-0.827429,47.377374],[-0.824547,47.376411],[-0.816175,47.37436],[-0.814224,47.37331],[-0.811589,47.37111],[-0.812979,47.369444],[-0.812527,47.369206],[-0.811696,47.368133],[-0.811816,47.367319],[-0.811132,47.366719],[-0.811133,47.365743],[-0.809077,47.36483],[-0.810178,47.364009],[-0.809812,47.363284],[-0.810841,47.362996],[-0.811098,47.362772],[-0.811604,47.362912],[-0.812379,47.362571],[-0.811755,47.36206],[-0.812758,47.361812],[-0.812325,47.361518],[-0.812401,47.361164],[-0.834732,47.365809],[-0.845331,47.369163],[-0.847182,47.369099],[-0.857979,47.372637],[-0.864852,47.372738],[-0.870666,47.372194],[-0.870196,47.377074],[-0.872716,47.381699]],[[-0.871898,47.382378],[-0.869606,47.379326],[-0.868787,47.380934],[-0.866883,47.38298],[-0.865633,47.382812],[-0.86485,47.383104],[-0.863828,47.383844],[-0.863849,47.384224],[-0.863228,47.385207],[-0.863936,47.385056],[-0.864325,47.384646],[-0.865661,47.384327],[-0.866546,47.383717],[-0.866935,47.383076],[-0.868891,47.384278],[-0.869704,47.384459],[-0.872248,47.384228],[-0.872278,47.383192],[-0.871898,47.382378]],[[-0.857087,47.386546],[-0.85809,47.386392],[-0.858181,47.386112],[-0.857919,47.385424],[-0.857295,47.385437],[-0.857002,47.385911],[-0.856095,47.385883],[-0.855818,47.386339],[-0.857087,47.386546]]]}},{"type":"Feature","properties":{"uai_primary":"0490027N","uai_all":"0490027N","is_merged":false},"geometry":{"type":"Polygon","coordinates":[[[-0.674881,47.562674],[-0.675843,47.562646],[-0.676631,47.563176],[-0.671759,47.566847],[-0.671392,47.564012],[-0.673455,47.562486],[-0.674095,47.562263],[-0.674881,47.562674]],[[-0.829491,47.549521],[-0.827478,47.550935],[-0.827283,47.551694],[-0.826798,47.551513],[-0.826657,47.551674],[-0.826138,47.551692],[-0.826018,47.552311],[-0.82562,47.551654],[-0.824944,47.551784],[-0.820436,47.550898],[-0.821222,47.545087],[-0.821607,47.539976],[-0.822931,47.540309],[-0.827524,47.54046],[-0.832919,47.547206],[-0.829491,47.549521]],[[-0.805753,47.552663],[-0.805847,47.552829],[-0.805235,47.553605],[-0.803759,47.553374],[-0.804762,47.55225],[-0.80517,47.552235],[-0.805753,47.552663]],[[-0.856743,47.552345],[-0.857233,47.552626],[-0.857442,47.553249],[-0.858211,47.553603],[-0.859756,47.553374],[-0.860903,47.553529],[-0.861394,47.553418],[-0.862227,47.552785],[-0.864048,47.552779],[-0.865721,47.551935],[-0.867366,47.552831],[-0.867853,47.553398],[-0.867922,47.553714],[-0.867647,47.55393],[-0.86885,47.554717],[-0.870256,47.554474],[-0.872109,47.554508],[-0.873316,47.5553],[-0.87549,47.55519],[-0.877055,47.556167],[-0.878132,47.555753],[-0.878463,47.554901],[-0.87901,47.554872],[-0.879758,47.555051],[-0.880233,47.555828],[-0.880687,47.555991],[-0.884896,47.556197],[-0.886796,47.557056],[-0.888136,47.557176],[-0.889797,47.557216],[-0.892179,47.556776],[-0.89297,47.556336],[-0.894169,47.556783],[-0.896484,47.557129],[-0.898007,47.557114],[-0.898184,47.557347],[-0.900387,47.556756],[-0.900783,47.557076],[-0.901065,47.556566],[-0.900942,47.556488],[-0.902572,47.555869],[-0.903113,47.556729],[-0.903446,47.55863],[-0.904945,47.559902],[-0.905258,47.561591],[-0.906934,47.564138],[-0.907215,47.567183],[-0.906843,47.568161],[-0.907124,47.569109],[-0.906413,47.571411],[-0.905973,47.571229],[-0.904969,47.573261],[-0.904287,47.573023],[-0.903079,47.572191],[-0.90058,47.571105],[-0.90066,47.570392],[-0.900446,47.570353],[-0.89883,47.571419],[-0.898355,47.571454],[-0.89825,47.57162],[-0.899409,47.571834],[-0.899975,47.572304],[-0.900317,47.57325],[-0.900376,47.574598],[-0.899711,47.57504],[-0.898955,47.574766],[-0.898439,47.575247],[-0.898785,47.575757],[-0.898418,47.576258],[-0.897086,47.577717],[-0.896446,47.578103],[-0.894871,47.57744],[-0.894225,47.579451],[-0.893916,47.579734],[-0.893838,47.580738],[-0.893032,47.581793],[-0.891472,47.583182],[-0.891141,47.583246],[-0.890923,47.584235],[-0.890661,47.584189],[-0.890208,47.584743],[-0.889351,47.58639],[-0.889218,47.587503],[-0.889597,47.587807],[-0.890457,47.587794],[-0.890991,47.588623],[-0.888953,47.58906],[-0.888818,47.590226],[-0.887449,47.59012],[-0.887373,47.590228],[-0.886298,47.590018],[-0.885315,47.591772],[-0.883067,47.591305],[-0.881848,47.590697],[-0.87992,47.588696],[-0.877777,47.589818],[-0.874773,47.590862],[-0.87466,47.592061],[-0.874014,47.592196],[-0.874075,47.592643],[-0.871935,47.593301],[-0.872163,47.593876],[-0.871821,47.593981],[-0.872651,47.595724],[-0.87205,47.596124],[-0.870869,47.596315],[-0.871201,47.596977],[-0.870471,47.597053],[-0.870319,47.598125],[-0.870951,47.598233],[-0.870854,47.59859],[-0.871919,47.598776],[-0.871415,47.599595],[-0.87119,47.600444],[-0.872638,47.600583],[-0.873699,47.601846],[-0.867496,47.602222],[-0.865301,47.601588],[-0.865143,47.603922],[-0.86379,47.604428],[-0.862241,47.605774],[-0.859164,47.605641],[-0.859331,47.606203],[-0.858883,47.607266],[-0.858632,47.60728],[-0.858893,47.608201],[-0.85936,47.608207],[-0.859366,47.608333],[-0.859671,47.608308],[-0.861529,47.608999],[-0.860039,47.611202],[-0.859094,47.611533],[-0.858816,47.611818],[-0.858996,47.612577],[-0.857594,47.613418],[-0.85764,47.614829],[-0.85715,47.615453],[-0.854947,47.615988],[-0.856108,47.61659],[-0.855771,47.616952],[-0.854133,47.617146],[-0.85327,47.617415],[-0.852932,47.618324],[-0.853508,47.61855],[-0.8526,47.619918],[-0.851424,47.619693],[-0.851222,47.620427],[-0.8509,47.620491],[-0.851669,47.621135],[-0.851926,47.621584],[-0.851985,47.621869],[-0.851679,47.622463],[-0.851707,47.623496],[-0.852629,47.625292],[-0.85234,47.626552],[-0.850676,47.626387],[-0.850535,47.626849],[-0.848579,47.626669],[-0.847223,47.626248],[-0.846938,47.62659],[-0.846446,47.626525],[-0.846408,47.626958],[-0.846164,47.627092],[-0.843241,47.627058],[-0.843407,47.627518],[-0.841798,47.627579],[-0.840283,47.627268],[-0.838224,47.627388],[-0.836577,47.627084],[-0.836486,47.626591],[-0.835395,47.626562],[-0.835266,47.626865],[-0.833231,47.626806],[-0.833181,47.626307],[-0.832613,47.626127],[-0.832347,47.627484],[-0.83464,47.628122],[-0.835362,47.628574],[-0.835564,47.628774],[-0.835404,47.630118],[-0.833811,47.630158],[-0.833798,47.630977],[-0.832879,47.630987],[-0.830431,47.630604],[-0.829684,47.63064],[-0.829771,47.631773],[-0.828814,47.631812],[-0.828771,47.632172],[-0.82852,47.632207],[-0.828329,47.630934],[-0.824997,47.630937],[-0.825143,47.632006],[-0.82624,47.63203],[-0.826367,47.633251],[-0.828893,47.633186],[-0.829076,47.634115],[-0.826147,47.633601],[-0.827005,47.634705],[-0.826995,47.637108],[-0.827747,47.637519],[-0.82756,47.638631],[-0.827602,47.638846],[-0.827817,47.638818],[-0.827826,47.639754],[-0.826775,47.639786],[-0.826887,47.640259],[-0.825139,47.64042],[-0.825033,47.640261],[-0.824212,47.64034],[-0.823567,47.640081],[-0.822813,47.640361],[-0.822929,47.640847],[-0.822212,47.641157],[-0.820579,47.641077],[-0.820126,47.641265],[-0.818149,47.640641],[-0.817938,47.640743],[-0.815558,47.642886],[-0.816786,47.643769],[-0.818451,47.644352],[-0.816714,47.646163],[-0.816186,47.646443],[-0.816154,47.64665],[-0.817154,47.646913],[-0.816933,47.647508],[-0.817013,47.648085],[-0.818001,47.648108],[-0.817887,47.64867],[-0.815727,47.648481],[-0.814772,47.648545],[-0.812973,47.648993],[-0.81263,47.649208],[-0.812199,47.650307],[-0.810835,47.650244],[-0.810848,47.650067],[-0.810129,47.65029],[-0.809417,47.650204],[-0.808752,47.650301],[-0.808381,47.652632],[-0.807847,47.653669],[-0.806945,47.654149],[-0.806493,47.654207],[-0.80491,47.65385],[-0.804368,47.655324],[-0.805966,47.655433],[-0.806579,47.654977],[-0.807412,47.655066],[-0.806932,47.655831],[-0.807404,47.655832],[-0.80815,47.656544],[-0.806896,47.657216],[-0.806946,47.657339],[-0.808733,47.658566],[-0.811303,47.66078],[-0.80934,47.661307],[-0.809543,47.662807],[-0.808812,47.664613],[-0.807715,47.666003],[-0.807078,47.667213],[-0.806211,47.667798],[-0.805156,47.667682],[-0.804597,47.669278],[-0.804834,47.670028],[-0.804721,47.672016],[-0.802305,47.672073],[-0.801417,47.673776],[-0.800166,47.675463],[-0.798539,47.676858],[-0.798172,47.678573],[-0.798001,47.678709],[-0.796199,47.678655],[-0.793823,47.679031],[-0.788275,47.67906],[-0.786791,47.679369],[-0.786169,47.67971],[-0.785528,47.679835],[-0.78263,47.679763],[-0.781185,47.6794],[-0.779635,47.67852],[-0.777907,47.676252],[-0.775193,47.675047],[-0.771486,47.672992],[-0.769922,47.672388],[-0.769057,47.671764],[-0.765225,47.667817],[-0.763921,47.667379],[-0.763063,47.667296],[-0.761715,47.666605],[-0.760228,47.66493],[-0.758372,47.662372],[-0.757337,47.661651],[-0.753178,47.660866],[-0.751547,47.660867],[-0.750879,47.661221],[-0.750049,47.662657],[-0.748746,47.663521],[-0.746934,47.663628],[-0.742266,47.66331],[-0.742284,47.663845],[-0.74256,47.663901],[-0.742299,47.664061],[-0.742497,47.665035],[-0.742257,47.665669],[-0.741763,47.66601],[-0.741433,47.666044],[-0.74064,47.667992],[-0.739689,47.668504],[-0.738617,47.668659],[-0.738062,47.669691],[-0.737256,47.670286],[-0.737113,47.670683],[-0.737263,47.671179],[-0.73763,47.67132],[-0.737841,47.671706],[-0.738264,47.671734],[-0.738487,47.672017],[-0.739719,47.67225],[-0.74147,47.672924],[-0.741338,47.674793],[-0.741025,47.675198],[-0.740878,47.675176],[-0.740764,47.676088],[-0.73998,47.676964],[-0.739446,47.676979],[-0.736307,47.677787],[-0.734467,47.678622],[-0.733804,47.678226],[-0.733264,47.679203],[-0.733497,47.679538],[-0.733339,47.679903],[-0.731508,47.680747],[-0.729474,47.681283],[-0.729389,47.680971],[-0.727348,47.681134],[-0.727259,47.680966],[-0.7269,47.680985],[-0.726791,47.681135],[-0.724716,47.681315],[-0.724561,47.681109],[-0.722339,47.681284],[-0.722311,47.680171],[-0.720469,47.680084],[-0.717392,47.681305],[-0.718226,47.682719],[-0.719727,47.682191],[-0.720983,47.683733],[-0.720216,47.684734],[-0.72011,47.685192],[-0.719153,47.68535],[-0.719235,47.685917],[-0.718965,47.686928],[-0.7181,47.688331],[-0.717094,47.690975],[-0.717087,47.691115],[-0.717969,47.691543],[-0.71871,47.692408],[-0.718316,47.693515],[-0.72044,47.695057],[-0.719434,47.696455],[-0.7185,47.696442],[-0.718484,47.694412],[-0.718156,47.694406],[-0.718001,47.693495],[-0.715978,47.693695],[-0.713621,47.693707],[-0.713276,47.69388],[-0.710819,47.693319],[-0.71057,47.694186],[-0.7098,47.695152],[-0.708948,47.695799],[-0.708138,47.698075],[-0.706696,47.697941],[-0.707092,47.697495],[-0.70718,47.697088],[-0.706231,47.696893],[-0.706092,47.697469],[-0.705402,47.697506],[-0.705267,47.697889],[-0.704508,47.698446],[-0.703632,47.697642],[-0.70257,47.698552],[-0.701917,47.698173],[-0.701256,47.699726],[-0.701251,47.702876],[-0.701834,47.704132],[-0.701745,47.705753],[-0.701405,47.706495],[-0.700247,47.707601],[-0.701285,47.708236],[-0.702882,47.708877],[-0.703825,47.70946],[-0.703985,47.709817],[-0.702567,47.710074],[-0.702328,47.710527],[-0.700656,47.71132],[-0.699857,47.711204],[-0.699746,47.711444],[-0.699396,47.711572],[-0.69981,47.712717],[-0.699952,47.714945],[-0.697756,47.717376],[-0.702123,47.718743],[-0.70237,47.718982],[-0.702019,47.719677],[-0.704682,47.720241],[-0.704833,47.720605],[-0.704696,47.720926],[-0.705091,47.721523],[-0.706382,47.721623],[-0.70658,47.721897],[-0.70712,47.721687],[-0.707372,47.722181],[-0.708235,47.722113],[-0.709051,47.722804],[-0.710776,47.723322],[-0.711144,47.723331],[-0.711676,47.723109],[-0.711457,47.72457],[-0.712168,47.724838],[-0.712298,47.72514],[-0.713645,47.725034],[-0.71479,47.72525],[-0.715398,47.725375],[-0.715465,47.726064],[-0.71693,47.726026],[-0.71723,47.725381],[-0.717882,47.725199],[-0.71812,47.72472],[-0.719197,47.72455],[-0.720091,47.723977],[-0.720288,47.724085],[-0.718992,47.725278],[-0.719822,47.725715],[-0.719503,47.727933],[-0.721241,47.728054],[-0.722496,47.72768],[-0.723559,47.728309],[-0.724257,47.728455],[-0.723826,47.730771],[-0.722545,47.731482],[-0.722256,47.73174],[-0.722303,47.732008],[-0.721373,47.732581],[-0.721211,47.732856],[-0.720907,47.733713],[-0.720562,47.736646],[-0.720112,47.73751],[-0.71866,47.738427],[-0.718254,47.738886],[-0.717999,47.739883],[-0.718504,47.741182],[-0.716053,47.740979],[-0.715687,47.74113],[-0.71538,47.74201],[-0.714648,47.742244],[-0.714096,47.743121],[-0.713513,47.743644],[-0.711719,47.743264],[-0.711192,47.743522],[-0.711147,47.743903],[-0.710291,47.743976],[-0.710298,47.744641],[-0.708317,47.744298],[-0.705984,47.744232],[-0.70604,47.743801],[-0.704995,47.743791],[-0.705803,47.742601],[-0.70341,47.742451],[-0.702412,47.742602],[-0.702305,47.742354],[-0.700483,47.743067],[-0.698416,47.740927],[-0.696736,47.74067],[-0.695324,47.740857],[-0.693388,47.740402],[-0.692454,47.740497],[-0.690587,47.7403],[-0.68945,47.739937],[-0.688579,47.739421],[-0.687247,47.739357],[-0.686153,47.739024],[-0.685198,47.738413],[-0.684507,47.738498],[-0.683218,47.739698],[-0.682555,47.740016],[-0.679605,47.740499],[-0.679114,47.74077],[-0.678349,47.740877],[-0.677709,47.74065],[-0.67596,47.741029],[-0.674646,47.740989],[-0.673629,47.741122],[-0.673266,47.741021],[-0.671412,47.741333],[-0.670067,47.741124],[-0.669394,47.741445],[-0.668894,47.741468],[-0.667118,47.740623],[-0.667044,47.739926],[-0.666246,47.739395],[-0.666534,47.73899],[-0.666302,47.73798],[-0.665872,47.737786],[-0.664664,47.737613],[-0.663948,47.737035],[-0.663677,47.736469],[-0.662811,47.735899],[-0.660763,47.735368],[-0.660034,47.735534],[-0.659126,47.736086],[-0.656938,47.736109],[-0.655979,47.73588],[-0.655837,47.735695],[-0.654106,47.735073],[-0.654502,47.734292],[-0.654208,47.733821],[-0.653642,47.733399],[-0.656911,47.73143],[-0.660094,47.730017],[-0.663784,47.728731],[-0.665823,47.727764],[-0.668212,47.725838],[-0.668559,47.724921],[-0.667883,47.723874],[-0.665925,47.719485],[-0.664633,47.715864],[-0.663825,47.712736],[-0.662152,47.70831],[-0.662235,47.707986],[-0.66268,47.707589],[-0.658996,47.706103],[-0.658112,47.706132],[-0.656253,47.707362],[-0.656111,47.70713],[-0.655696,47.707003],[-0.654308,47.706654],[-0.653952,47.706782],[-0.651777,47.706149],[-0.651256,47.705677],[-0.651421,47.705429],[-0.64939,47.704718],[-0.646504,47.703202],[-0.647029,47.70274],[-0.646321,47.702402],[-0.645818,47.702469],[-0.642608,47.700849],[-0.642847,47.700553],[-0.6425,47.69993],[-0.642607,47.699354],[-0.64143,47.698099],[-0.641818,47.697426],[-0.642581,47.697012],[-0.643208,47.696314],[-0.643371,47.694666],[-0.644433,47.694103],[-0.645228,47.692423],[-0.643744,47.691074],[-0.640439,47.689123],[-0.640521,47.688009],[-0.639865,47.687681],[-0.638498,47.687511],[-0.637655,47.687151],[-0.636558,47.687052],[-0.635902,47.686759],[-0.634457,47.685978],[-0.633957,47.685167],[-0.633322,47.684653],[-0.631114,47.683708],[-0.631259,47.683321],[-0.63177,47.683087],[-0.631797,47.682781],[-0.631562,47.682524],[-0.631829,47.682151],[-0.631363,47.681422],[-0.632349,47.676061],[-0.632155,47.67569],[-0.631496,47.675552],[-0.631882,47.675117],[-0.632774,47.674583],[-0.634064,47.674175],[-0.634342,47.67383],[-0.635114,47.673554],[-0.634424,47.673316],[-0.634296,47.673121],[-0.634734,47.672483],[-0.634383,47.672373],[-0.632973,47.670658],[-0.633135,47.67034],[-0.632857,47.670361],[-0.632452,47.668139],[-0.634948,47.66409],[-0.637324,47.661261],[-0.636849,47.66113],[-0.635721,47.660198],[-0.634744,47.658732],[-0.633354,47.658004],[-0.631885,47.652516],[-0.627137,47.651684],[-0.623043,47.651168],[-0.621939,47.650802],[-0.614316,47.649463],[-0.609412,47.649828],[-0.607702,47.650091],[-0.606521,47.650538],[-0.604234,47.650688],[-0.604408,47.649949],[-0.604708,47.649622],[-0.601347,47.648878],[-0.599053,47.648814],[-0.599036,47.648976],[-0.598543,47.648962],[-0.596174,47.649467],[-0.59456,47.649325],[-0.593105,47.648831],[-0.593275,47.648551],[-0.591801,47.648226],[-0.59142,47.648697],[-0.583343,47.647227],[-0.582975,47.647129],[-0.582961,47.646699],[-0.582572,47.646591],[-0.581756,47.64639],[-0.579761,47.646262],[-0.579162,47.645979],[-0.572312,47.644241],[-0.572684,47.643161],[-0.572505,47.642704],[-0.572717,47.642675],[-0.572796,47.64234],[-0.574198,47.640604],[-0.572814,47.639686],[-0.57117,47.639161],[-0.571605,47.638293],[-0.572469,47.638186],[-0.572911,47.637959],[-0.573121,47.638242],[-0.573524,47.638053],[-0.575523,47.638591],[-0.575686,47.638211],[-0.574724,47.637928],[-0.574794,47.637521],[-0.575828,47.637598],[-0.576891,47.637976],[-0.577393,47.636841],[-0.576812,47.636624],[-0.577508,47.635469],[-0.578403,47.635663],[-0.580019,47.6343],[-0.580097,47.633966],[-0.580951,47.633985],[-0.58246,47.634405],[-0.583919,47.631675],[-0.585034,47.631007],[-0.584568,47.630145],[-0.584339,47.628086],[-0.585758,47.627516],[-0.586392,47.626107],[-0.58674,47.625791],[-0.586486,47.625323],[-0.586569,47.625078],[-0.587691,47.623714],[-0.585021,47.623219],[-0.584798,47.622223],[-0.585174,47.621305],[-0.583415,47.620141],[-0.583887,47.6182],[-0.584668,47.618362],[-0.585002,47.618217],[-0.586469,47.618793],[-0.587457,47.618184],[-0.590674,47.617216],[-0.5934,47.615819],[-0.594056,47.616123],[-0.595402,47.614871],[-0.596553,47.614336],[-0.596762,47.614276],[-0.597329,47.614621],[-0.598634,47.614026],[-0.598865,47.613214],[-0.600489,47.612257],[-0.600608,47.611844],[-0.601131,47.611674],[-0.601707,47.610409],[-0.602912,47.610231],[-0.604335,47.609796],[-0.610035,47.610189],[-0.610193,47.609339],[-0.612215,47.609187],[-0.613379,47.609181],[-0.613732,47.609438],[-0.614036,47.609313],[-0.614462,47.610191],[-0.622196,47.60946],[-0.623554,47.609703],[-0.624582,47.608566],[-0.627537,47.606582],[-0.628041,47.606987],[-0.629362,47.605486],[-0.631993,47.603904],[-0.630713,47.603952],[-0.645835,47.586699],[-0.653527,47.574929],[-0.654374,47.572718],[-0.660748,47.570065],[-0.662989,47.569697],[-0.664468,47.569622],[-0.668564,47.569543],[-0.670996,47.569771],[-0.674978,47.571754],[-0.680365,47.572807],[-0.689208,47.573939],[-0.688916,47.573019],[-0.691594,47.571672],[-0.690859,47.571254],[-0.69301,47.570624],[-0.695366,47.569571],[-0.696583,47.568554],[-0.697156,47.56736],[-0.697966,47.566272],[-0.699548,47.566507],[-0.699707,47.566654],[-0.700495,47.566714],[-0.700735,47.566533],[-0.701069,47.566575],[-0.701588,47.565304],[-0.705039,47.563917],[-0.704929,47.563713],[-0.707683,47.56154],[-0.707666,47.560996],[-0.707337,47.560639],[-0.707397,47.560257],[-0.710638,47.561272],[-0.716776,47.564256],[-0.719283,47.56051],[-0.721758,47.56093],[-0.722591,47.561864],[-0.72534,47.564169],[-0.726453,47.564129],[-0.729587,47.563023],[-0.730748,47.563547],[-0.732053,47.563874],[-0.73314,47.564637],[-0.737338,47.561609],[-0.740924,47.562417],[-0.744729,47.562512],[-0.757724,47.559088],[-0.76028,47.559399],[-0.760698,47.559251],[-0.760673,47.558768],[-0.763097,47.55907],[-0.763294,47.558173],[-0.761135,47.557903],[-0.761675,47.556119],[-0.762765,47.554678],[-0.760737,47.554438],[-0.761295,47.553452],[-0.761001,47.553313],[-0.76092,47.552721],[-0.762873,47.552761],[-0.76297,47.551407],[-0.762735,47.550148],[-0.763407,47.550131],[-0.764902,47.549637],[-0.764233,47.547318],[-0.764218,47.545917],[-0.764471,47.544576],[-0.763328,47.5442],[-0.764341,47.541737],[-0.76438,47.539625],[-0.764849,47.539635],[-0.765732,47.540186],[-0.765959,47.538372],[-0.765525,47.538352],[-0.765489,47.537109],[-0.766726,47.53633],[-0.766737,47.535908],[-0.767219,47.53536],[-0.769875,47.534583],[-0.772294,47.534696],[-0.773655,47.534907],[-0.773991,47.53423],[-0.774137,47.532658],[-0.771608,47.531899],[-0.769714,47.531679],[-0.770448,47.529148],[-0.772687,47.529237],[-0.772737,47.529048],[-0.774383,47.528987],[-0.78122,47.530276],[-0.782021,47.529112],[-0.782758,47.529233],[-0.783552,47.529629],[-0.783662,47.530196],[-0.782693,47.531105],[-0.783391,47.53261],[-0.783987,47.532778],[-0.788383,47.533373],[-0.791551,47.533517],[-0.793465,47.534264],[-0.797437,47.534811],[-0.799461,47.534542],[-0.800437,47.534625],[-0.80186,47.53506],[-0.804063,47.536235],[-0.808269,47.536837],[-0.810222,47.537473],[-0.810732,47.537823],[-0.812763,47.53804],[-0.8169,47.539157],[-0.81851,47.539263],[-0.821437,47.539925],[-0.816788,47.541823],[-0.803229,47.544395],[-0.796403,47.544965],[-0.794673,47.544909],[-0.77287,47.539198],[-0.774603,47.543916],[-0.776961,47.548254],[-0.789048,47.564785],[-0.792366,47.574606],[-0.798134,47.578034],[-0.803373,47.582729],[-0.824744,47.578384],[-0.836387,47.575485],[-0.83785,47.566998],[-0.843991,47.558665],[-0.856037,47.552015],[-0.856743,47.552345]]]}},{"type":"Feature","properties":{"uai_primary":"0490028P","uai_all":"0490028P","is_merged":false},"geometry":{"type":"Polygon","coordinates":[[[-0.033771,47.46395],[-0.0333,47.464076],[-0.03296,47.463842],[-0.032274,47.46471],[-0.033063,47.464838],[-0.032622,47.465742],[-0.031016,47.466512],[-0.031272,47.467111],[-0.031935,47.467471],[-0.034039,47.469337],[-0.034846,47.469509],[-0.034504,47.47007],[-0.033935,47.470547],[-0.031473,47.471853],[-0.026607,47.473212],[-0.025649,47.473672],[-0.02399,47.475827],[-0.019973,47.479789],[-0.018647,47.481453],[-0.014372,47.48011],[-0.01227,47.478928],[-0.009614,47.478363],[-0.007721,47.477753],[-0.004597,47.476207],[-0.002434,47.475697],[-0.00018,47.474863],[0.001442,47.473927],[0.001736,47.473959],[0.002901,47.474952],[0.006381,47.471818],[0.008356,47.473967],[0.009627,47.474518],[0.01053,47.475104],[0.012154,47.476634],[0.013881,47.478613],[0.014664,47.478628],[0.015066,47.478454],[0.015848,47.477175],[0.017313,47.475568],[0.018137,47.477495],[0.019517,47.483153],[0.020139,47.484502],[0.025513,47.482961],[0.026208,47.485253],[0.026784,47.486394],[0.026816,47.488538],[0.028086,47.489394],[0.030036,47.491334],[0.033212,47.491745],[0.033887,47.491985],[0.034545,47.490654],[0.037289,47.488127],[0.036735,47.487043],[0.036752,47.486636],[0.037164,47.485723],[0.037593,47.485414],[0.037852,47.486114],[0.037746,47.486639],[0.038737,47.489152],[0.039364,47.489512],[0.041432,47.489899],[0.043043,47.490505],[0.044041,47.490057],[0.045199,47.490071],[0.047947,47.489762],[0.057265,47.488157],[0.057904,47.488297],[0.060758,47.486948],[0.061433,47.486923],[0.063147,47.486133],[0.062776,47.485765],[0.063663,47.485323],[0.063555,47.485165],[0.069955,47.4823],[0.070006,47.482018],[0.066733,47.479389],[0.068342,47.479017],[0.06716,47.477148],[0.063446,47.473971],[0.061989,47.472368],[0.062035,47.471289],[0.061458,47.470571],[0.061447,47.469106],[0.060938,47.466985],[0.06071,47.466923],[0.06032,47.467533],[0.059638,47.467687],[0.059232,47.467202],[0.06103,47.465164],[0.05947,47.462959],[0.059453,47.462534],[0.057972,47.462692],[0.057925,47.460886],[0.057566,47.460286],[0.056828,47.459734],[0.056515,47.458942],[0.056001,47.458867],[0.055581,47.458372],[0.051442,47.456738],[0.051474,47.455983],[0.04961,47.455341],[0.04851,47.455456],[0.04538,47.454822],[0.045154,47.454686],[0.045241,47.454254],[0.043972,47.453792],[0.042406,47.453733],[0.040229,47.452969],[0.039619,47.452964],[0.03893,47.453202],[0.036502,47.451858],[0.036156,47.451598],[0.035605,47.450635],[0.036424,47.450441],[0.037069,47.448445],[0.037139,47.446823],[0.036767,47.446105],[0.035298,47.44544],[0.035879,47.444708],[0.036303,47.444567],[0.038965,47.444407],[0.04021,47.444153],[0.040608,47.444313],[0.043213,47.443754],[0.048442,47.442037],[0.052874,47.440286],[0.058314,47.436285],[0.057704,47.434363],[0.065629,47.435281],[0.067628,47.431234],[0.06829,47.432535],[0.06895,47.433114],[0.06915,47.433541],[0.070708,47.434395],[0.073431,47.434813],[0.074698,47.435472],[0.076953,47.436263],[0.077243,47.436556],[0.078041,47.43665],[0.078048,47.436103],[0.081928,47.435548],[0.082384,47.435737],[0.082516,47.435405],[0.083343,47.435467],[0.083286,47.435858],[0.084268,47.436119],[0.085898,47.436272],[0.088395,47.437309],[0.089824,47.437688],[0.089791,47.437401],[0.087867,47.435343],[0.085528,47.433749],[0.084418,47.433401],[0.084696,47.43309],[0.08332,47.432469],[0.087223,47.429915],[0.091551,47.428307],[0.095545,47.426437],[0.095423,47.425997],[0.097101,47.425515],[0.097723,47.425117],[0.101656,47.423941],[0.103548,47.422987],[0.105699,47.422185],[0.105892,47.421687],[0.113778,47.421264],[0.120604,47.419165],[0.123154,47.418601],[0.124069,47.418862],[0.126058,47.418783],[0.128113,47.418469],[0.130118,47.418736],[0.131908,47.419176],[0.132476,47.419155],[0.133118,47.418087],[0.138519,47.412663],[0.140287,47.409674],[0.14218,47.407145],[0.148699,47.400114],[0.151976,47.398439],[0.153457,47.398763],[0.157344,47.399009],[0.15943,47.398651],[0.163417,47.397673],[0.166408,47.397292],[0.16951,47.395892],[0.169176,47.392552],[0.167979,47.386901],[0.167238,47.385513],[0.170633,47.385325],[0.173046,47.38583],[0.1733,47.385233],[0.174556,47.385344],[0.17926,47.384445],[0.180119,47.383472],[0.181394,47.383218],[0.181459,47.383092],[0.182358,47.38304],[0.182674,47.381656],[0.183122,47.381074],[0.182957,47.380419],[0.181556,47.379574],[0.179869,47.378873],[0.175762,47.376717],[0.176001,47.376649],[0.17431,47.375531],[0.170203,47.374219],[0.167456,47.372194],[0.163738,47.370454],[0.162683,47.368278],[0.159056,47.366269],[0.158254,47.36608],[0.154286,47.363859],[0.15175,47.362845],[0.146605,47.361701],[0.144716,47.361468],[0.143971,47.361431],[0.142148,47.362001],[0.140655,47.36204],[0.138512,47.360847],[0.135688,47.361563],[0.133376,47.361414],[0.133335,47.360416],[0.118718,47.363051],[0.115014,47.363012],[0.113841,47.361444],[0.11244,47.360249],[0.110473,47.356678],[0.106981,47.35937],[0.105785,47.360679],[0.098705,47.365545],[0.098611,47.366423],[0.090693,47.367515],[0.08035,47.367845],[0.078622,47.365025],[0.075354,47.365211],[0.070754,47.364965],[0.069107,47.367491],[0.066637,47.367938],[0.06489,47.368533],[0.063939,47.369099],[0.063605,47.369137],[0.062905,47.368775],[0.060283,47.369387],[0.05495,47.371084],[0.049814,47.369983],[0.048315,47.369979],[0.048043,47.36921],[0.046321,47.367797],[0.045046,47.367442],[0.042623,47.366438],[0.041521,47.366303],[0.039844,47.366548],[0.03732,47.366135],[0.033963,47.364719],[0.029999,47.362392],[0.029745,47.362471],[0.0293,47.361886],[0.028203,47.361447],[0.026744,47.360284],[0.021189,47.35522],[0.017277,47.351244],[0.015968,47.348751],[0.015502,47.351309],[0.014155,47.351867],[0.013907,47.352987],[0.01337,47.353524],[0.010518,47.352929],[0.008217,47.352014],[0.004849,47.351758],[0.004186,47.351485],[-0.000107,47.351118],[-0.005698,47.349789],[-0.007757,47.34951],[-0.009334,47.348842],[-0.012455,47.352488],[-0.013687,47.35272],[-0.014968,47.353666],[-0.015509,47.355229],[-0.016086,47.355421],[-0.019963,47.35642],[-0.024567,47.353993],[-0.025232,47.354354],[-0.026866,47.354239],[-0.026996,47.354701],[-0.028352,47.354392],[-0.030756,47.35542],[-0.032051,47.355339],[-0.032043,47.353909],[-0.034096,47.353434],[-0.035029,47.352696],[-0.035601,47.352463],[-0.037634,47.350661],[-0.040362,47.348683],[-0.042114,47.347758],[-0.042459,47.347945],[-0.042646,47.34781],[-0.043294,47.348248],[-0.044864,47.347075],[-0.0451,47.347217],[-0.046338,47.34572],[-0.047653,47.344596],[-0.04863,47.342708],[-0.048127,47.342351],[-0.048225,47.342209],[-0.050959,47.339699],[-0.050729,47.339592],[-0.051128,47.339197],[-0.052031,47.339459],[-0.053279,47.339273],[-0.055312,47.339421],[-0.055827,47.338895],[-0.057638,47.338877],[-0.060036,47.338247],[-0.06092,47.338203],[-0.063099,47.339827],[-0.064105,47.34023],[-0.064409,47.34064],[-0.063133,47.342411],[-0.062702,47.342623],[-0.062063,47.344429],[-0.061921,47.34564],[-0.062206,47.347476],[-0.063477,47.347244],[-0.067886,47.348553],[-0.069769,47.349363],[-0.071355,47.349723],[-0.073287,47.349887],[-0.074986,47.349297],[-0.076046,47.349228],[-0.077625,47.348707],[-0.07908,47.348129],[-0.079641,47.347546],[-0.08127,47.347176],[-0.082818,47.347173],[-0.082911,47.346775],[-0.085806,47.347908],[-0.085661,47.348104],[-0.086747,47.34859],[-0.088055,47.348643],[-0.088666,47.348804],[-0.089099,47.347571],[-0.08888,47.347175],[-0.089263,47.346458],[-0.088871,47.345579],[-0.090057,47.343841],[-0.09104,47.342806],[-0.093001,47.341194],[-0.093429,47.340434],[-0.094311,47.339567],[-0.094954,47.338348],[-0.099152,47.339122],[-0.099026,47.339249],[-0.100299,47.339852],[-0.100555,47.339649],[-0.104765,47.340982],[-0.107138,47.342034],[-0.108823,47.34054],[-0.109738,47.340042],[-0.108353,47.334409],[-0.107774,47.333463],[-0.11233,47.328452],[-0.112179,47.327981],[-0.112564,47.327464],[-0.114646,47.325324],[-0.115684,47.32479],[-0.11786,47.322299],[-0.118117,47.32264],[-0.119272,47.323365],[-0.119952,47.324153],[-0.120072,47.324824],[-0.119874,47.325954],[-0.120192,47.3269],[-0.122592,47.328944],[-0.12488,47.329938],[-0.127317,47.330639],[-0.129149,47.332085],[-0.131288,47.333328],[-0.135073,47.335103],[-0.136885,47.33555],[-0.138927,47.336433],[-0.142622,47.339093],[-0.144069,47.3398],[-0.144973,47.340806],[-0.149496,47.341891],[-0.152884,47.343852],[-0.153935,47.344935],[-0.154772,47.345481],[-0.158928,47.346515],[-0.160197,47.348369],[-0.163684,47.349389],[-0.166311,47.350937],[-0.169251,47.353256],[-0.171745,47.354039],[-0.17549,47.356097],[-0.176901,47.357044],[-0.178644,47.357567],[-0.182041,47.357685],[-0.182831,47.357832],[-0.183756,47.358246],[-0.184919,47.359311],[-0.185318,47.359965],[-0.185672,47.362306],[-0.185971,47.362891],[-0.186338,47.363241],[-0.187506,47.363746],[-0.188279,47.364451],[-0.188846,47.365526],[-0.18826,47.368264],[-0.188427,47.370988],[-0.189452,47.373462],[-0.190086,47.376066],[-0.191772,47.377869],[-0.194287,47.378938],[-0.195526,47.37976],[-0.196336,47.380584],[-0.197862,47.383484],[-0.197963,47.385598],[-0.19653,47.387421],[-0.196563,47.388551],[-0.198362,47.391999],[-0.196572,47.396236],[-0.196222,47.397765],[-0.195366,47.397199],[-0.194395,47.396025],[-0.193299,47.395398],[-0.188453,47.394717],[-0.187024,47.394098],[-0.186318,47.393953],[-0.184325,47.393959],[-0.179907,47.395396],[-0.176835,47.395766],[-0.175979,47.396341],[-0.175193,47.39749],[-0.172173,47.397158],[-0.170361,47.396648],[-0.168093,47.398559],[-0.164497,47.402125],[-0.163791,47.402452],[-0.161241,47.402981],[-0.159898,47.403519],[-0.15948,47.404557],[-0.159721,47.404978],[-0.15937,47.405384],[-0.159722,47.405706],[-0.158719,47.406264],[-0.15802,47.406965],[-0.157223,47.407288],[-0.155176,47.407756],[-0.153263,47.40868],[-0.151735,47.409872],[-0.150814,47.410859],[-0.150137,47.411049],[-0.148989,47.41199],[-0.149415,47.412326],[-0.146969,47.414438],[-0.146629,47.414028],[-0.145528,47.414613],[-0.144727,47.415307],[-0.142961,47.415976],[-0.142172,47.416511],[-0.141173,47.416763],[-0.138509,47.418206],[-0.138775,47.4185],[-0.138717,47.419525],[-0.136914,47.420349],[-0.137092,47.420859],[-0.136705,47.421245],[-0.133227,47.422565],[-0.132813,47.422571],[-0.13262,47.422176],[-0.129867,47.423623],[-0.128776,47.424654],[-0.128296,47.424836],[-0.127311,47.424841],[-0.127114,47.424694],[-0.126434,47.424959],[-0.123767,47.429538],[-0.122356,47.43134],[-0.117566,47.438847],[-0.117803,47.442211],[-0.116871,47.443357],[-0.116134,47.443875],[-0.108066,47.447825],[-0.105841,47.449373],[-0.103125,47.450221],[-0.102839,47.450212],[-0.102411,47.449832],[-0.101419,47.44995],[-0.100779,47.450326],[-0.100134,47.450998],[-0.096979,47.453068],[-0.095663,47.455073],[-0.092959,47.456525],[-0.090418,47.456847],[-0.08768,47.456965],[-0.085774,47.457416],[-0.085971,47.457917],[-0.084377,47.458208],[-0.084743,47.459883],[-0.085062,47.459869],[-0.08516,47.460065],[-0.085548,47.462765],[-0.085523,47.46412],[-0.083755,47.464107],[-0.082692,47.464405],[-0.069542,47.47167],[-0.068435,47.471725],[-0.064454,47.470359],[-0.063454,47.470163],[-0.060139,47.469981],[-0.051894,47.470232],[-0.051012,47.470146],[-0.048313,47.469486],[-0.045768,47.469131],[-0.041617,47.468994],[-0.042629,47.46781],[-0.040987,47.467464],[-0.039401,47.464726],[-0.038794,47.464959],[-0.038567,47.464584],[-0.037729,47.464927],[-0.037273,47.464875],[-0.035501,47.46585],[-0.035175,47.465195],[-0.033707,47.464141],[-0.033771,47.46395]],[[-0.33697,47.311848],[-0.337805,47.313517],[-0.337717,47.314292],[-0.337433,47.315379],[-0.336375,47.316808],[-0.331827,47.32045],[-0.326527,47.321776],[-0.315043,47.322384],[-0.308247,47.314597],[-0.309089,47.310104],[-0.311045,47.310081],[-0.311119,47.31023],[-0.312583,47.310064],[-0.332234,47.309837],[-0.334406,47.310825],[-0.336142,47.31134],[-0.33697,47.311848]],[[-0.258439,47.326845],[-0.258032,47.327782],[-0.257687,47.327878],[-0.257055,47.328689],[-0.257184,47.33044],[-0.252739,47.331315],[-0.245929,47.328792],[-0.244656,47.325216],[-0.2469,47.324607],[-0.253496,47.32622],[-0.256199,47.326654],[-0.257663,47.327371],[-0.257893,47.327039],[-0.257615,47.326901],[-0.258213,47.326811],[-0.258189,47.326418],[-0.25865,47.326645],[-0.258439,47.326845]]]}},{"type":"Feature","properties":{"uai_primary":"0490029R","uai_all":"0490029R","is_merged":false},"geometry":{"type":"Polygon","coordinates":[[[-1.014725,47.610546],[-1.014345,47.611008],[-1.012784,47.610695],[-1.010055,47.610831],[-1.009268,47.611014],[-1.008094,47.610777],[-1.006287,47.609831],[-1.005276,47.608871],[-1.002554,47.607615],[-1.001225,47.606795],[-0.992757,47.604963],[-0.987321,47.603622],[-0.983965,47.603483],[-0.982401,47.603674],[-0.982117,47.603845],[-0.980835,47.603507],[-0.977064,47.603256],[-0.972935,47.602783],[-0.967814,47.601054],[-0.964247,47.600554],[-0.961682,47.600833],[-0.961041,47.600725],[-0.960072,47.600292],[-0.958819,47.600284],[-0.958516,47.599686],[-0.957461,47.599225],[-0.957442,47.599349],[-0.954811,47.599423],[-0.954504,47.598877],[-0.952954,47.598512],[-0.95127,47.598377],[-0.951356,47.598056],[-0.950068,47.597905],[-0.947921,47.59669],[-0.946687,47.596466],[-0.944557,47.595795],[-0.942537,47.595729],[-0.939445,47.594779],[-0.938524,47.59432],[-0.936696,47.592862],[-0.934968,47.592464],[-0.933975,47.591641],[-0.930508,47.589983],[-0.929681,47.589689],[-0.92655,47.589059],[-0.922832,47.587562],[-0.920754,47.586984],[-0.91929,47.586983],[-0.918682,47.58677],[-0.916116,47.586722],[-0.914117,47.586917],[-0.912755,47.587268],[-0.910726,47.587535],[-0.908032,47.587186],[-0.908066,47.586108],[-0.908283,47.58563],[-0.910502,47.585309],[-0.9099,47.583681],[-0.909608,47.578718],[-0.910528,47.578524],[-0.91134,47.578532],[-0.911388,47.578333],[-0.907379,47.575456],[-0.906313,47.572384],[-0.906024,47.572366],[-0.907124,47.569109],[-0.906843,47.568161],[-0.907215,47.567183],[-0.907003,47.564429],[-0.906185,47.562803],[-0.905258,47.561591],[-0.904945,47.559902],[-0.903446,47.55863],[-0.903113,47.556729],[-0.902572,47.555869],[-0.900942,47.556488],[-0.901065,47.556566],[-0.900783,47.557076],[-0.900387,47.556756],[-0.898184,47.557347],[-0.898007,47.557114],[-0.896484,47.557129],[-0.894169,47.556783],[-0.89297,47.556336],[-0.892179,47.556776],[-0.889797,47.557216],[-0.886995,47.557088],[-0.884896,47.556197],[-0.880573,47.555959],[-0.880233,47.555828],[-0.879758,47.555051],[-0.87901,47.554872],[-0.878463,47.554901],[-0.878132,47.555753],[-0.877055,47.556167],[-0.87549,47.55519],[-0.873316,47.5553],[-0.872109,47.554508],[-0.870256,47.554474],[-0.86885,47.554717],[-0.867647,47.55393],[-0.867922,47.553714],[-0.867853,47.553398],[-0.867366,47.552831],[-0.865721,47.551935],[-0.864048,47.552779],[-0.862227,47.552785],[-0.861743,47.553222],[-0.861055,47.553516],[-0.859756,47.553374],[-0.858358,47.553627],[-0.857442,47.553249],[-0.857233,47.552626],[-0.856037,47.552015],[-0.843991,47.558665],[-0.83785,47.566998],[-0.836387,47.575485],[-0.824744,47.578384],[-0.803373,47.582729],[-0.798134,47.578034],[-0.792366,47.574606],[-0.789048,47.564785],[-0.776961,47.548254],[-0.774603,47.543916],[-0.77287,47.539198],[-0.794673,47.544909],[-0.796403,47.544965],[-0.803229,47.544395],[-0.816788,47.541823],[-0.821437,47.539925],[-0.81851,47.539263],[-0.8169,47.539157],[-0.812763,47.53804],[-0.810732,47.537823],[-0.810222,47.537473],[-0.808269,47.536837],[-0.804063,47.536235],[-0.80186,47.53506],[-0.800437,47.534625],[-0.799461,47.534542],[-0.797437,47.534811],[-0.793465,47.534264],[-0.791551,47.533517],[-0.788383,47.533373],[-0.784781,47.532928],[-0.783391,47.53261],[-0.782693,47.531105],[-0.783544,47.530417],[-0.783614,47.529735],[-0.783043,47.529311],[-0.782021,47.529112],[-0.786627,47.523043],[-0.787062,47.520441],[-0.767807,47.512583],[-0.76459,47.511063],[-0.762836,47.510571],[-0.758808,47.510356],[-0.755743,47.509551],[-0.755322,47.5103],[-0.75394,47.510052],[-0.754813,47.508529],[-0.755067,47.507247],[-0.750853,47.506588],[-0.750424,47.507758],[-0.750017,47.507751],[-0.749914,47.506705],[-0.750456,47.505722],[-0.750477,47.504072],[-0.750299,47.503205],[-0.749428,47.501743],[-0.748163,47.502336],[-0.747739,47.502358],[-0.74722,47.502139],[-0.746303,47.502543],[-0.745712,47.503012],[-0.744275,47.50238],[-0.742525,47.502598],[-0.741738,47.50044],[-0.740392,47.500588],[-0.739384,47.500173],[-0.738676,47.500202],[-0.738864,47.499263],[-0.737513,47.499122],[-0.736739,47.498162],[-0.737172,47.497616],[-0.737181,47.496774],[-0.736042,47.496767],[-0.735224,47.495374],[-0.735193,47.494521],[-0.735994,47.494502],[-0.7365,47.494009],[-0.737403,47.49306],[-0.737498,47.492118],[-0.737276,47.489952],[-0.736986,47.489983],[-0.736868,47.486773],[-0.734988,47.484363],[-0.735062,47.483938],[-0.734743,47.483476],[-0.736186,47.482045],[-0.735602,47.481955],[-0.736592,47.480739],[-0.738773,47.481126],[-0.738712,47.481781],[-0.740483,47.482248],[-0.740868,47.481693],[-0.740222,47.481143],[-0.739697,47.480289],[-0.739442,47.479673],[-0.739576,47.479155],[-0.738848,47.478685],[-0.737946,47.477212],[-0.738336,47.476718],[-0.742751,47.476116],[-0.742917,47.473822],[-0.744073,47.47399],[-0.744098,47.473812],[-0.74456,47.473864],[-0.744998,47.472157],[-0.745324,47.472274],[-0.745317,47.471737],[-0.746812,47.471904],[-0.746991,47.471523],[-0.748759,47.472044],[-0.749091,47.471806],[-0.748913,47.471447],[-0.749006,47.470306],[-0.749281,47.470277],[-0.749302,47.470984],[-0.750563,47.470929],[-0.750893,47.471254],[-0.750804,47.471677],[-0.750004,47.472607],[-0.751392,47.472792],[-0.75152,47.472631],[-0.75306,47.473076],[-0.753814,47.473579],[-0.754002,47.473532],[-0.754178,47.472804],[-0.755905,47.473065],[-0.756983,47.472052],[-0.756549,47.472001],[-0.757239,47.469693],[-0.758629,47.469733],[-0.758805,47.468637],[-0.75988,47.468538],[-0.760944,47.468143],[-0.761482,47.468099],[-0.76208,47.468268],[-0.764174,47.469348],[-0.764616,47.469293],[-0.766306,47.469622],[-0.767998,47.469584],[-0.773453,47.470624],[-0.7742,47.470529],[-0.775073,47.471112],[-0.777602,47.471432],[-0.778048,47.471666],[-0.778035,47.471893],[-0.778926,47.471961],[-0.779086,47.472424],[-0.779626,47.472544],[-0.780801,47.47237],[-0.781778,47.472891],[-0.783095,47.47327],[-0.785824,47.474722],[-0.786526,47.474647],[-0.788506,47.47486],[-0.789452,47.474731],[-0.790182,47.474463],[-0.791165,47.47311],[-0.79303,47.472852],[-0.79405,47.473047],[-0.794596,47.474494],[-0.796202,47.475416],[-0.797076,47.474958],[-0.797501,47.474932],[-0.79845,47.474101],[-0.800332,47.474002],[-0.802177,47.474169],[-0.802419,47.474504],[-0.803326,47.474445],[-0.803907,47.474557],[-0.803876,47.47483],[-0.804238,47.474831],[-0.804516,47.47532],[-0.805071,47.475424],[-0.805761,47.475855],[-0.805814,47.476151],[-0.806715,47.476147],[-0.807016,47.476065],[-0.80717,47.475652],[-0.808192,47.474833],[-0.808739,47.474596],[-0.809239,47.474571],[-0.810184,47.474785],[-0.81212,47.476155],[-0.812719,47.476331],[-0.81276,47.476723],[-0.813153,47.476774],[-0.813087,47.477014],[-0.813689,47.477227],[-0.814293,47.477159],[-0.815395,47.477317],[-0.818052,47.478175],[-0.818926,47.477842],[-0.819675,47.477838],[-0.821257,47.477219],[-0.821916,47.477847],[-0.822584,47.477997],[-0.822797,47.478534],[-0.823608,47.478553],[-0.824566,47.477802],[-0.824715,47.477281],[-0.824381,47.477168],[-0.824582,47.475929],[-0.82426,47.474731],[-0.824442,47.473714],[-0.824862,47.473378],[-0.825587,47.473029],[-0.826352,47.472998],[-0.830895,47.473776],[-0.832087,47.47374],[-0.834016,47.473164],[-0.834487,47.473231],[-0.834504,47.473025],[-0.835269,47.473154],[-0.834912,47.472595],[-0.834823,47.471942],[-0.834955,47.471697],[-0.83554,47.471407],[-0.836678,47.4712],[-0.83903,47.471523],[-0.840583,47.47097],[-0.841427,47.470456],[-0.841869,47.469967],[-0.842394,47.469181],[-0.842461,47.468529],[-0.842926,47.468544],[-0.84294,47.468327],[-0.842475,47.468322],[-0.842493,47.46809],[-0.843031,47.466283],[-0.843635,47.466069],[-0.843959,47.465714],[-0.843643,47.46529],[-0.844292,47.464875],[-0.844828,47.464998],[-0.8451,47.464428],[-0.846205,47.464518],[-0.847092,47.463986],[-0.848095,47.464112],[-0.849424,47.464775],[-0.850048,47.464503],[-0.850114,47.464026],[-0.850402,47.464002],[-0.850657,47.464319],[-0.85133,47.46395],[-0.851351,47.463516],[-0.850941,47.463607],[-0.850643,47.463445],[-0.850623,47.462789],[-0.850409,47.462629],[-0.850544,47.462109],[-0.850116,47.461799],[-0.850291,47.461554],[-0.850663,47.461448],[-0.8502,47.461052],[-0.85042,47.460648],[-0.85072,47.460601],[-0.851607,47.460835],[-0.852365,47.460638],[-0.852797,47.460304],[-0.852399,47.459906],[-0.852632,47.459693],[-0.853288,47.459743],[-0.853796,47.459962],[-0.854289,47.459611],[-0.855178,47.459835],[-0.85535,47.459678],[-0.855643,47.459686],[-0.855898,47.459912],[-0.856368,47.459534],[-0.857049,47.459285],[-0.85686,47.45858],[-0.857058,47.458399],[-0.857482,47.458503],[-0.857637,47.458414],[-0.857526,47.457787],[-0.859371,47.456136],[-0.859122,47.45467],[-0.85962,47.454266],[-0.859653,47.453818],[-0.860412,47.453424],[-0.862591,47.4527],[-0.863391,47.452211],[-0.863458,47.451827],[-0.863771,47.451555],[-0.863706,47.451211],[-0.864259,47.450834],[-0.865158,47.450871],[-0.86512,47.45102],[-0.86644,47.451496],[-0.869407,47.453261],[-0.869052,47.453572],[-0.869246,47.453757],[-0.869739,47.453643],[-0.869797,47.454088],[-0.87048,47.454123],[-0.870846,47.454366],[-0.871481,47.454177],[-0.871073,47.453718],[-0.87142,47.453557],[-0.871506,47.453222],[-0.872221,47.452856],[-0.873166,47.452885],[-0.873678,47.453433],[-0.874284,47.453417],[-0.87469,47.453863],[-0.876179,47.454206],[-0.878682,47.454098],[-0.879379,47.454271],[-0.880306,47.455642],[-0.880147,47.455929],[-0.880633,47.4562],[-0.880409,47.45675],[-0.880762,47.457088],[-0.883028,47.457179],[-0.885422,47.456822],[-0.886468,47.45703],[-0.886959,47.456833],[-0.887804,47.457675],[-0.886952,47.458423],[-0.887183,47.459042],[-0.888125,47.45932],[-0.890262,47.459297],[-0.890771,47.460701],[-0.89136,47.461224],[-0.893307,47.460943],[-0.896159,47.459847],[-0.897322,47.460954],[-0.897066,47.461264],[-0.897521,47.461326],[-0.900224,47.460847],[-0.900356,47.460582],[-0.900849,47.46038],[-0.901209,47.460617],[-0.9016,47.460383],[-0.902113,47.460419],[-0.902571,47.460073],[-0.903276,47.460009],[-0.903615,47.460148],[-0.903568,47.459329],[-0.904239,47.457863],[-0.904437,47.456918],[-0.904337,47.456474],[-0.903873,47.456178],[-0.903446,47.455537],[-0.903382,47.454903],[-0.905132,47.45306],[-0.905707,47.450731],[-0.906006,47.450708],[-0.906784,47.450055],[-0.908249,47.449694],[-0.90961,47.451767],[-0.909758,47.453012],[-0.909652,47.453779],[-0.908674,47.454201],[-0.907906,47.454855],[-0.909716,47.455126],[-0.910164,47.455073],[-0.910514,47.455399],[-0.911423,47.455462],[-0.911734,47.45638],[-0.912477,47.456883],[-0.911968,47.4584],[-0.90981,47.459506],[-0.90966,47.459951],[-0.909122,47.460386],[-0.909314,47.4605],[-0.909955,47.46065],[-0.910467,47.460317],[-0.910719,47.460776],[-0.911039,47.460653],[-0.911579,47.460968],[-0.911939,47.460671],[-0.912332,47.460854],[-0.912568,47.461241],[-0.913304,47.461016],[-0.913494,47.461314],[-0.913862,47.461458],[-0.914214,47.461142],[-0.914713,47.461038],[-0.91492,47.461589],[-0.91558,47.461758],[-0.915439,47.462033],[-0.916799,47.462547],[-0.917021,47.462463],[-0.91719,47.46263],[-0.91807,47.462298],[-0.918208,47.462358],[-0.917981,47.462682],[-0.91922,47.462174],[-0.919908,47.462135],[-0.920343,47.461739],[-0.921356,47.46187],[-0.922515,47.461528],[-0.92259,47.461844],[-0.923983,47.462664],[-0.924445,47.463223],[-0.9257,47.46338],[-0.925727,47.463766],[-0.926217,47.463864],[-0.92657,47.463865],[-0.92681,47.463687],[-0.92783,47.463953],[-0.928965,47.463668],[-0.930086,47.463613],[-0.930271,47.463318],[-0.930747,47.463604],[-0.931189,47.463656],[-0.931209,47.463422],[-0.931809,47.463178],[-0.931941,47.463526],[-0.932647,47.463466],[-0.932874,47.463724],[-0.935016,47.463955],[-0.935532,47.463424],[-0.936456,47.463164],[-0.93722,47.463453],[-0.938386,47.464715],[-0.939297,47.46531],[-0.940087,47.465199],[-0.94099,47.464766],[-0.941433,47.464797],[-0.942558,47.465353],[-0.943247,47.46619],[-0.946085,47.466391],[-0.947051,47.466296],[-0.948056,47.466636],[-0.948546,47.466275],[-0.950397,47.466441],[-0.950625,47.466635],[-0.950255,47.46699],[-0.949992,47.467655],[-0.94963,47.469242],[-0.949076,47.469508],[-0.94808,47.470498],[-0.947103,47.470915],[-0.946053,47.471734],[-0.943756,47.472283],[-0.942348,47.475186],[-0.942353,47.475609],[-0.94281,47.476002],[-0.94353,47.476295],[-0.945678,47.476532],[-0.947052,47.476944],[-0.948098,47.478958],[-0.947619,47.478971],[-0.94745,47.480129],[-0.948258,47.480026],[-0.948561,47.479689],[-0.949201,47.479807],[-0.952048,47.481125],[-0.954086,47.480682],[-0.9548,47.480381],[-0.958312,47.480885],[-0.958311,47.480518],[-0.962408,47.485137],[-0.963405,47.487293],[-0.964818,47.489644],[-0.965526,47.491627],[-0.966631,47.492562],[-0.967528,47.492763],[-0.969504,47.492544],[-0.972002,47.492742],[-0.975049,47.4916],[-0.978031,47.491072],[-0.980794,47.490029],[-0.980688,47.489844],[-0.982907,47.489899],[-0.985916,47.489699],[-0.987568,47.490038],[-0.989763,47.489922],[-0.991961,47.490541],[-0.995977,47.490905],[-0.997283,47.490579],[-0.997357,47.490132],[-0.998839,47.489641],[-1.001022,47.489484],[-1.001774,47.489169],[-1.004183,47.488924],[-1.006067,47.488028],[-1.006483,47.488082],[-1.007533,47.488623],[-1.009326,47.489879],[-1.009723,47.489654],[-1.012769,47.489394],[-1.013006,47.490285],[-1.014896,47.491961],[-1.017839,47.493233],[-1.021391,47.495973],[-1.021998,47.496852],[-1.023122,47.499376],[-1.024147,47.5005],[-1.02603,47.50041],[-1.028586,47.501037],[-1.030192,47.501194],[-1.033299,47.50291],[-1.034545,47.504071],[-1.035242,47.504336],[-1.040155,47.505457],[-1.044462,47.505567],[-1.044802,47.508478],[-1.045951,47.512372],[-1.042999,47.51983],[-1.042056,47.519729],[-1.042376,47.524026],[-1.042249,47.524603],[-1.040817,47.524654],[-1.040836,47.525198],[-1.039317,47.525137],[-1.038904,47.525571],[-1.03935,47.525591],[-1.03915,47.526559],[-1.039959,47.526629],[-1.039834,47.528868],[-1.03958,47.528754],[-1.039179,47.530767],[-1.038352,47.530817],[-1.0384,47.531999],[-1.039021,47.532057],[-1.038411,47.534247],[-1.039678,47.534422],[-1.03915,47.535548],[-1.038234,47.535337],[-1.037877,47.536905],[-1.038082,47.538434],[-1.038801,47.538467],[-1.039019,47.539494],[-1.039619,47.540239],[-1.038738,47.540538],[-1.039973,47.542463],[-1.04054,47.542777],[-1.040362,47.543588],[-1.039032,47.543722],[-1.039084,47.54435],[-1.038386,47.544406],[-1.038089,47.544617],[-1.038546,47.547491],[-1.038945,47.548214],[-1.038696,47.548269],[-1.039058,47.549174],[-1.040572,47.548695],[-1.041501,47.548882],[-1.044315,47.547204],[-1.04509,47.548595],[-1.045875,47.547866],[-1.048647,47.547587],[-1.050339,47.547223],[-1.051373,47.547768],[-1.050726,47.548853],[-1.050595,47.550242],[-1.052541,47.55036],[-1.052771,47.550937],[-1.052632,47.552184],[-1.052276,47.55243],[-1.053908,47.552412],[-1.053871,47.552155],[-1.057231,47.55191],[-1.058489,47.551534],[-1.058993,47.554121],[-1.059893,47.554049],[-1.060015,47.555165],[-1.060491,47.556031],[-1.053386,47.557129],[-1.053394,47.557377],[-1.05362,47.557376],[-1.053563,47.557621],[-1.052792,47.557635],[-1.052767,47.557873],[-1.052346,47.557829],[-1.052142,47.558901],[-1.052179,47.559051],[-1.052787,47.559083],[-1.052794,47.560108],[-1.054213,47.560367],[-1.053823,47.563413],[-1.054898,47.56367],[-1.054931,47.564008],[-1.05598,47.564342],[-1.055559,47.565323],[-1.050209,47.564125],[-1.048871,47.56412],[-1.04669,47.563373],[-1.046283,47.563572],[-1.046121,47.563406],[-1.041867,47.562301],[-1.041352,47.562658],[-1.040505,47.564212],[-1.041239,47.564788],[-1.042335,47.566111],[-1.044345,47.567291],[-1.04457,47.567592],[-1.042673,47.568329],[-1.042808,47.568756],[-1.042651,47.569162],[-1.040823,47.569917],[-1.039345,47.569849],[-1.038999,47.569685],[-1.03878,47.569917],[-1.037932,47.56999],[-1.036795,47.570686],[-1.036727,47.571125],[-1.036472,47.571343],[-1.035853,47.571355],[-1.034988,47.571743],[-1.033609,47.571787],[-1.033479,47.571993],[-1.032971,47.5721],[-1.032167,47.572631],[-1.031049,47.572793],[-1.03045,47.572621],[-1.029968,47.572756],[-1.029701,47.573228],[-1.028235,47.573053],[-1.027606,47.573508],[-1.027532,47.573913],[-1.026321,47.574068],[-1.026209,47.574513],[-1.025653,47.574639],[-1.024978,47.575395],[-1.024362,47.575452],[-1.022451,47.576414],[-1.019142,47.576716],[-1.0192,47.577919],[-1.018692,47.578234],[-1.01873,47.578557],[-1.018022,47.579293],[-1.017603,47.579463],[-1.01787,47.579947],[-1.017621,47.580037],[-1.017761,47.580402],[-1.017599,47.580551],[-1.017134,47.580551],[-1.016622,47.581254],[-1.017119,47.581874],[-1.015939,47.582781],[-1.015382,47.583477],[-1.015066,47.583524],[-1.014851,47.583838],[-1.014321,47.583875],[-1.014316,47.584083],[-1.013461,47.584599],[-1.013071,47.585033],[-1.010293,47.585676],[-1.009168,47.586113],[-1.007318,47.588182],[-1.007079,47.588682],[-1.006786,47.588812],[-1.006852,47.58912],[-1.00732,47.589133],[-1.007286,47.589384],[-1.008026,47.589412],[-1.008247,47.589805],[-1.008864,47.590248],[-1.008913,47.590438],[-1.008557,47.590694],[-1.008671,47.591069],[-1.009935,47.591701],[-1.010419,47.593317],[-1.012573,47.593313],[-1.015434,47.594129],[-1.017151,47.594459],[-1.017913,47.59498],[-1.020148,47.595423],[-1.02049,47.595703],[-1.020715,47.596562],[-1.020975,47.596838],[-1.021731,47.596761],[-1.023815,47.597261],[-1.024615,47.597895],[-1.025145,47.598854],[-1.024683,47.60004],[-1.023162,47.601026],[-1.021407,47.602764],[-1.020889,47.604357],[-1.020847,47.605314],[-1.020435,47.605638],[-1.019452,47.60592],[-1.019188,47.606139],[-1.017262,47.606001],[-1.017212,47.606477],[-1.016159,47.608138],[-1.015907,47.609397],[-1.014725,47.610546]],[[-0.821607,47.539976],[-0.821222,47.545087],[-0.820436,47.550898],[-0.824944,47.551784],[-0.82562,47.551654],[-0.826018,47.552311],[-0.826138,47.551692],[-0.826657,47.551674],[-0.826798,47.551513],[-0.827283,47.551694],[-0.827478,47.550935],[-0.832919,47.547206],[-0.827524,47.540461],[-0.822931,47.540309],[-0.821607,47.539976]]]}},{"type":"Feature","properties":{"uai_primary":"0490032U","uai_all":"0490032U","is_merged":false},"geometry":{"type":"Polygon","coordinates":[[[-0.628041,47.606987],[-0.627537,47.606582],[-0.624582,47.608566],[-0.623554,47.609703],[-0.622196,47.60946],[-0.614462,47.610191],[-0.614036,47.609313],[-0.613732,47.609438],[-0.613379,47.609181],[-0.612215,47.609187],[-0.610193,47.609339],[-0.610035,47.610189],[-0.604335,47.609796],[-0.602912,47.610231],[-0.601707,47.610409],[-0.601131,47.611674],[-0.600608,47.611844],[-0.600489,47.612257],[-0.598865,47.613214],[-0.598634,47.614026],[-0.597329,47.614621],[-0.596762,47.614276],[-0.596553,47.614336],[-0.595402,47.614871],[-0.594056,47.616123],[-0.5934,47.615819],[-0.590674,47.617216],[-0.587457,47.618184],[-0.586469,47.618793],[-0.585002,47.618217],[-0.584668,47.618362],[-0.582813,47.618022],[-0.58135,47.617431],[-0.58118,47.61714],[-0.579372,47.616196],[-0.579667,47.61491],[-0.579925,47.614696],[-0.580721,47.614471],[-0.581028,47.613604],[-0.581907,47.612703],[-0.582011,47.612028],[-0.582465,47.611612],[-0.584721,47.611481],[-0.58441,47.608631],[-0.583705,47.608033],[-0.582028,47.607143],[-0.581115,47.606043],[-0.579586,47.604871],[-0.578596,47.603793],[-0.57761,47.602173],[-0.574558,47.59989],[-0.57309,47.598494],[-0.571158,47.5976],[-0.570829,47.598135],[-0.570118,47.598554],[-0.569377,47.599668],[-0.56753,47.600252],[-0.566345,47.600174],[-0.5648,47.599789],[-0.564424,47.599304],[-0.562176,47.598649],[-0.562035,47.598322],[-0.55908,47.597555],[-0.558701,47.597595],[-0.558515,47.5979],[-0.557302,47.5976],[-0.554272,47.597435],[-0.554206,47.59654],[-0.552569,47.5963],[-0.55,47.594968],[-0.549723,47.595092],[-0.549164,47.595013],[-0.548854,47.595196],[-0.544085,47.593608],[-0.542667,47.593847],[-0.542421,47.601806],[-0.533822,47.602146],[-0.529749,47.600573],[-0.529699,47.600333],[-0.529032,47.600242],[-0.525853,47.600495],[-0.523921,47.601659],[-0.521859,47.601479],[-0.521778,47.601201],[-0.519252,47.601061],[-0.519169,47.600728],[-0.518105,47.600553],[-0.518156,47.600331],[-0.51582,47.599674],[-0.51522,47.599723],[-0.514742,47.599951],[-0.511983,47.599478],[-0.512147,47.599202],[-0.512051,47.598575],[-0.511596,47.59781],[-0.511025,47.597373],[-0.511154,47.59695],[-0.510957,47.596295],[-0.510675,47.596143],[-0.510545,47.595647],[-0.509823,47.595304],[-0.509442,47.594822],[-0.509341,47.594187],[-0.509463,47.593717],[-0.509756,47.593572],[-0.509736,47.592538],[-0.509214,47.591628],[-0.507934,47.590206],[-0.507879,47.589186],[-0.508564,47.588472],[-0.508667,47.588133],[-0.511908,47.585787],[-0.51484,47.584948],[-0.51633,47.584692],[-0.517483,47.584226],[-0.517743,47.583188],[-0.518653,47.581944],[-0.519178,47.581629],[-0.520307,47.581426],[-0.520656,47.580571],[-0.521012,47.580326],[-0.521996,47.578622],[-0.522178,47.577911],[-0.521047,47.572972],[-0.519309,47.568485],[-0.515817,47.566097],[-0.514894,47.565239],[-0.51519,47.564705],[-0.522147,47.561839],[-0.525923,47.562045],[-0.52642,47.562239],[-0.527407,47.561842],[-0.528865,47.561689],[-0.529499,47.561315],[-0.531078,47.562052],[-0.533485,47.561616],[-0.534069,47.561091],[-0.534359,47.560247],[-0.534223,47.558936],[-0.533731,47.558129],[-0.53583,47.557127],[-0.537227,47.554922],[-0.537246,47.553485],[-0.536856,47.552666],[-0.538118,47.55237],[-0.541886,47.550642],[-0.544089,47.550067],[-0.550539,47.554405],[-0.549235,47.555487],[-0.55153,47.556963],[-0.552092,47.557611],[-0.551195,47.55804],[-0.552405,47.558796],[-0.552811,47.559235],[-0.554944,47.55918],[-0.556305,47.559464],[-0.556744,47.559685],[-0.558062,47.561282],[-0.558632,47.56151],[-0.558621,47.56178],[-0.559534,47.562198],[-0.559808,47.562596],[-0.56102,47.563384],[-0.561118,47.563715],[-0.560725,47.564058],[-0.56134,47.564365],[-0.562058,47.564375],[-0.562527,47.564687],[-0.562446,47.564803],[-0.562819,47.564937],[-0.563221,47.564674],[-0.565005,47.564974],[-0.568,47.565967],[-0.568991,47.564977],[-0.570552,47.564186],[-0.571667,47.563403],[-0.57423,47.561114],[-0.575736,47.561459],[-0.576682,47.559737],[-0.577182,47.558287],[-0.576935,47.556522],[-0.577509,47.55536],[-0.583046,47.561247],[-0.584717,47.55959],[-0.583686,47.557436],[-0.584981,47.55614],[-0.586292,47.555367],[-0.587563,47.55417],[-0.590307,47.550723],[-0.591123,47.550946],[-0.593793,47.547584],[-0.593021,47.547024],[-0.593949,47.546595],[-0.595951,47.544092],[-0.596115,47.543457],[-0.595544,47.543362],[-0.596455,47.541593],[-0.596236,47.540335],[-0.593771,47.538868],[-0.592528,47.538485],[-0.590787,47.535423],[-0.588763,47.535899],[-0.587988,47.535947],[-0.5851,47.535566],[-0.585184,47.534493],[-0.584591,47.53328],[-0.589089,47.533015],[-0.589071,47.532358],[-0.587573,47.532505],[-0.587227,47.531062],[-0.587736,47.530952],[-0.587755,47.530403],[-0.588717,47.530394],[-0.588891,47.529232],[-0.586295,47.528908],[-0.584408,47.528853],[-0.585037,47.52761],[-0.584298,47.527271],[-0.585163,47.525897],[-0.590524,47.525196],[-0.590317,47.524372],[-0.591369,47.524173],[-0.59322,47.523188],[-0.594129,47.524408],[-0.597269,47.524188],[-0.597706,47.523268],[-0.599783,47.522409],[-0.601944,47.523158],[-0.602457,47.522845],[-0.605723,47.522196],[-0.607438,47.522147],[-0.608252,47.522372],[-0.609203,47.522107],[-0.610025,47.521076],[-0.610641,47.520779],[-0.615075,47.523574],[-0.61762,47.521968],[-0.618318,47.521075],[-0.623212,47.522331],[-0.624139,47.521708],[-0.625051,47.522524],[-0.626199,47.523031],[-0.626714,47.522384],[-0.628626,47.522445],[-0.629495,47.522213],[-0.631192,47.5231],[-0.632224,47.521989],[-0.632646,47.522709],[-0.63312,47.522965],[-0.631077,47.524517],[-0.631212,47.524903],[-0.632185,47.525282],[-0.63198,47.525503],[-0.632952,47.526312],[-0.632742,47.526702],[-0.632335,47.526821],[-0.632432,47.528283],[-0.633576,47.52971],[-0.632661,47.53078],[-0.635152,47.532343],[-0.634789,47.532575],[-0.638008,47.533757],[-0.639409,47.533275],[-0.641149,47.533321],[-0.642186,47.530711],[-0.643048,47.529992],[-0.644425,47.531626],[-0.642284,47.533708],[-0.640316,47.536734],[-0.646698,47.537839],[-0.646853,47.538227],[-0.647985,47.537933],[-0.653224,47.534984],[-0.657884,47.533267],[-0.657924,47.531996],[-0.658382,47.529871],[-0.659045,47.528324],[-0.659926,47.527777],[-0.666379,47.526897],[-0.668121,47.526882],[-0.669562,47.527198],[-0.674531,47.527409],[-0.674865,47.525439],[-0.674692,47.524171],[-0.67715,47.5221],[-0.67667,47.521879],[-0.676553,47.521296],[-0.676337,47.521232],[-0.675841,47.521592],[-0.674846,47.521156],[-0.675389,47.52038],[-0.674567,47.520828],[-0.674996,47.519911],[-0.674026,47.520782],[-0.672684,47.520241],[-0.67358,47.518976],[-0.6741,47.518998],[-0.674844,47.519383],[-0.67505,47.519835],[-0.675958,47.5205],[-0.676437,47.520583],[-0.67705,47.520481],[-0.677222,47.522094],[-0.678551,47.522116],[-0.679779,47.522715],[-0.682276,47.523175],[-0.682896,47.523479],[-0.684507,47.523882],[-0.6881,47.524276],[-0.691211,47.524174],[-0.694372,47.525438],[-0.700003,47.52708],[-0.701487,47.527808],[-0.703795,47.528578],[-0.705783,47.52905],[-0.707512,47.529108],[-0.708304,47.529564],[-0.708762,47.529649],[-0.708355,47.530771],[-0.708762,47.531512],[-0.709266,47.531941],[-0.708883,47.532161],[-0.706529,47.53198],[-0.705262,47.532184],[-0.705061,47.532938],[-0.703956,47.534047],[-0.703736,47.534532],[-0.705238,47.534912],[-0.704257,47.537005],[-0.706156,47.537545],[-0.706293,47.537784],[-0.707942,47.53707],[-0.708576,47.537299],[-0.709351,47.537942],[-0.709424,47.538712],[-0.709929,47.538887],[-0.709766,47.539727],[-0.709292,47.539717],[-0.709181,47.540467],[-0.709197,47.540657],[-0.709716,47.540838],[-0.709725,47.541684],[-0.709141,47.541748],[-0.708043,47.54302],[-0.706012,47.543815],[-0.707948,47.544174],[-0.707833,47.544792],[-0.706571,47.544886],[-0.704025,47.545481],[-0.702822,47.545584],[-0.703585,47.546333],[-0.705167,47.547188],[-0.705772,47.547815],[-0.705076,47.548598],[-0.703313,47.550049],[-0.706192,47.550681],[-0.706749,47.551504],[-0.708366,47.55255],[-0.709467,47.552817],[-0.714516,47.555048],[-0.716273,47.555998],[-0.717047,47.556224],[-0.71766,47.556788],[-0.719056,47.556606],[-0.71969,47.556909],[-0.72089,47.557138],[-0.728988,47.559729],[-0.737338,47.561609],[-0.73314,47.564637],[-0.732053,47.563874],[-0.730748,47.563547],[-0.729587,47.563023],[-0.726453,47.564129],[-0.72534,47.564169],[-0.722591,47.561864],[-0.721758,47.56093],[-0.719283,47.56051],[-0.716776,47.564256],[-0.710638,47.561272],[-0.707397,47.560257],[-0.707337,47.560639],[-0.707666,47.560996],[-0.707683,47.56154],[-0.704929,47.563713],[-0.705039,47.563917],[-0.701588,47.565304],[-0.701069,47.566575],[-0.700735,47.566533],[-0.700495,47.566714],[-0.699707,47.566654],[-0.699548,47.566507],[-0.697966,47.566272],[-0.697156,47.56736],[-0.696583,47.568554],[-0.695366,47.569571],[-0.69301,47.570624],[-0.690859,47.571254],[-0.691594,47.571672],[-0.688916,47.573019],[-0.689208,47.573939],[-0.680365,47.572807],[-0.674978,47.571754],[-0.670996,47.569771],[-0.668564,47.569543],[-0.664468,47.569622],[-0.662989,47.569697],[-0.660748,47.570065],[-0.654374,47.572718],[-0.653527,47.574929],[-0.645835,47.586699],[-0.630713,47.603952],[-0.631993,47.603904],[-0.629362,47.605486],[-0.628041,47.606987]],[[-0.675843,47.562646],[-0.675182,47.562587],[-0.674794,47.562699],[-0.674095,47.562263],[-0.673455,47.562486],[-0.671392,47.564012],[-0.671759,47.566847],[-0.676631,47.563176],[-0.675843,47.562646]],[[-0.650969,47.278255],[-0.644816,47.28843],[-0.644192,47.289363],[-0.643697,47.289623],[-0.64309,47.288412],[-0.643262,47.283976],[-0.64918,47.277579],[-0.650045,47.278152],[-0.650969,47.278255]]]}},{"type":"Feature","properties":{"uai_primary":"0490034W","uai_all":"0490034W","is_merged":false},"geometry":{"type":"Polygon","coordinates":[[[-1.069907,47.142303],[-1.069946,47.142184],[-1.070334,47.142331],[-1.070006,47.142845],[-1.07115,47.14193],[-1.071165,47.142488],[-1.070714,47.142534],[-1.070554,47.142939],[-1.070061,47.143036],[-1.069516,47.142474],[-1.069907,47.142303]],[[-1.104607,47.175151],[-1.104289,47.177969],[-1.104725,47.178609],[-1.10543,47.178933],[-1.105985,47.179572],[-1.106634,47.179736],[-1.107092,47.179655],[-1.108175,47.180003],[-1.108442,47.179909],[-1.108581,47.179428],[-1.108986,47.17924],[-1.110372,47.179326],[-1.110554,47.180042],[-1.109912,47.180286],[-1.10955,47.180896],[-1.107637,47.181345],[-1.106535,47.180996],[-1.105309,47.181081],[-1.10361,47.182058],[-1.10211,47.181682],[-1.101621,47.181386],[-1.101163,47.181421],[-1.100274,47.18095],[-1.099532,47.181253],[-1.0979,47.181522],[-1.096584,47.182797],[-1.096794,47.181402],[-1.097116,47.181026],[-1.096688,47.180831],[-1.096008,47.179311],[-1.094128,47.173907],[-1.090203,47.169101],[-1.08842,47.166108],[-1.091829,47.163096],[-1.104607,47.175151]],[[-1.111631,47.17744],[-1.111899,47.177516],[-1.112292,47.178139],[-1.111559,47.178402],[-1.111051,47.178253],[-1.110819,47.177957],[-1.111177,47.177563],[-1.111631,47.17744]],[[-1.111273,47.181045],[-1.10984,47.180854],[-1.110853,47.180256],[-1.111115,47.180527],[-1.111585,47.18044],[-1.11163,47.181018],[-1.111401,47.181165],[-1.111273,47.181045]],[[-1.115275,47.181318],[-1.115527,47.181221],[-1.116392,47.181357],[-1.116688,47.18175],[-1.117088,47.181334],[-1.118176,47.181104],[-1.12312,47.180975],[-1.129436,47.18115],[-1.129595,47.182617],[-1.123417,47.184376],[-1.121742,47.184361],[-1.118924,47.183767],[-1.11748,47.183075],[-1.116719,47.182014],[-1.116024,47.181793],[-1.115638,47.181805],[-1.113984,47.182408],[-1.113071,47.182142],[-1.112933,47.181952],[-1.111231,47.182384],[-1.112053,47.181305],[-1.112487,47.181458],[-1.113737,47.1812],[-1.114362,47.181391],[-1.115275,47.181318]],[[-1.10956,47.183679],[-1.110068,47.183272],[-1.111142,47.182974],[-1.111846,47.183702],[-1.112399,47.185118],[-1.112412,47.186959],[-1.109946,47.18578],[-1.109076,47.185002],[-1.108784,47.18498],[-1.107703,47.185525],[-1.106285,47.185261],[-1.106099,47.184712],[-1.104918,47.183988],[-1.104918,47.183807],[-1.105676,47.183592],[-1.106225,47.183141],[-1.108137,47.183256],[-1.108219,47.183847],[-1.108996,47.184233],[-1.10956,47.183679]],[[-1.017383,47.15225],[-1.016901,47.152943],[-1.016154,47.15277],[-1.016721,47.152174],[-1.016736,47.151885],[-1.017101,47.151726],[-1.017383,47.15225]],[[-0.866843,47.190358],[-0.866881,47.190654],[-0.866503,47.190527],[-0.866843,47.190358]],[[-0.866408,47.1909],[-0.866262,47.190954],[-0.866169,47.190716],[-0.866475,47.190695],[-0.866613,47.190822],[-0.866408,47.1909]],[[-0.868215,47.191442],[-0.867808,47.190821],[-0.867196,47.190868],[-0.867134,47.190632],[-0.86783,47.190603],[-0.867825,47.190807],[-0.868267,47.190836],[-0.868399,47.191564],[-0.868215,47.191442]],[[-0.857206,47.202334],[-0.857603,47.203895],[-0.854834,47.201359],[-0.855072,47.200781],[-0.854592,47.199802],[-0.854959,47.199579],[-0.855187,47.199048],[-0.855259,47.198544],[-0.854975,47.197938],[-0.855235,47.197837],[-0.856224,47.19781],[-0.857001,47.198556],[-0.856452,47.199069],[-0.857032,47.199706],[-0.856868,47.20161],[-0.857206,47.202334]],[[-1.142839,47.196688],[-1.143438,47.196366],[-1.143599,47.196089],[-1.143386,47.195296],[-1.144086,47.194546],[-1.143878,47.193959],[-1.144145,47.193614],[-1.143949,47.193217],[-1.144651,47.19282],[-1.145624,47.191923],[-1.145761,47.191556],[-1.146103,47.191396],[-1.146069,47.191141],[-1.146499,47.191042],[-1.146673,47.191352],[-1.14695,47.191396],[-1.146954,47.191743],[-1.147428,47.191761],[-1.147424,47.191965],[-1.147931,47.192232],[-1.148585,47.192003],[-1.148812,47.192767],[-1.149297,47.192895],[-1.149601,47.192689],[-1.15011,47.192691],[-1.150238,47.19241],[-1.151263,47.19224],[-1.15183,47.19189],[-1.151763,47.191464],[-1.152539,47.190905],[-1.152843,47.190473],[-1.154339,47.189975],[-1.155395,47.189299],[-1.155297,47.18889],[-1.154557,47.188717],[-1.154031,47.188866],[-1.1537,47.188362],[-1.153981,47.188128],[-1.154249,47.188141],[-1.154157,47.187278],[-1.154587,47.186984],[-1.155071,47.186984],[-1.155664,47.187221],[-1.156186,47.187141],[-1.156575,47.187453],[-1.157027,47.188412],[-1.157499,47.188472],[-1.157711,47.188182],[-1.157629,47.187899],[-1.158197,47.187717],[-1.158704,47.187919],[-1.1587,47.187029],[-1.159053,47.186115],[-1.158833,47.18555],[-1.159447,47.185474],[-1.159933,47.185582],[-1.160678,47.185023],[-1.161081,47.185208],[-1.161267,47.185831],[-1.162093,47.18579],[-1.161746,47.186201],[-1.162224,47.187415],[-1.164301,47.187894],[-1.165688,47.187906],[-1.167338,47.188549],[-1.168277,47.188676],[-1.168895,47.188327],[-1.170438,47.186689],[-1.170609,47.186761],[-1.172232,47.188486],[-1.173682,47.191116],[-1.175336,47.192156],[-1.177909,47.193227],[-1.178434,47.193621],[-1.178425,47.194676],[-1.177686,47.196067],[-1.176947,47.196643],[-1.175723,47.197163],[-1.176799,47.198389],[-1.173584,47.198712],[-1.173612,47.199162],[-1.174508,47.199719],[-1.175424,47.200592],[-1.17676,47.202819],[-1.177726,47.203744],[-1.180488,47.207374],[-1.180466,47.207958],[-1.179598,47.208839],[-1.176915,47.210227],[-1.175716,47.211074],[-1.174977,47.211907],[-1.174508,47.212821],[-1.174478,47.214409],[-1.17596,47.214464],[-1.176914,47.214711],[-1.177175,47.215003],[-1.177264,47.215724],[-1.178656,47.21678],[-1.179301,47.21693],[-1.17974,47.217247],[-1.179978,47.217199],[-1.18019,47.217431],[-1.180628,47.217354],[-1.180763,47.217535],[-1.181106,47.217471],[-1.182668,47.218286],[-1.18424,47.218837],[-1.188173,47.21949],[-1.188403,47.219697],[-1.188347,47.21992],[-1.188764,47.220129],[-1.188217,47.220861],[-1.188025,47.221688],[-1.188368,47.223205],[-1.187854,47.224028],[-1.187073,47.224789],[-1.186805,47.226908],[-1.187061,47.227397],[-1.186789,47.228037],[-1.186249,47.228443],[-1.185142,47.228655],[-1.185124,47.229019],[-1.184254,47.230026],[-1.184204,47.230459],[-1.183646,47.231316],[-1.182985,47.231839],[-1.182244,47.232055],[-1.181567,47.232902],[-1.181792,47.234928],[-1.181439,47.235566],[-1.1816,47.235764],[-1.181424,47.236194],[-1.181543,47.236432],[-1.181937,47.236578],[-1.1822,47.237044],[-1.181849,47.237988],[-1.182137,47.238328],[-1.181906,47.23879],[-1.1823,47.239112],[-1.181185,47.240345],[-1.181184,47.240849],[-1.181395,47.240896],[-1.180823,47.24177],[-1.179378,47.242706],[-1.179062,47.243756],[-1.178269,47.244536],[-1.178337,47.244883],[-1.17805,47.245146],[-1.178145,47.245514],[-1.177706,47.245932],[-1.177862,47.246362],[-1.176547,47.247112],[-1.176392,47.247499],[-1.176032,47.247623],[-1.175653,47.248025],[-1.175363,47.248762],[-1.174753,47.248967],[-1.174515,47.249763],[-1.174132,47.249945],[-1.174286,47.250916],[-1.173979,47.251161],[-1.174106,47.251381],[-1.173736,47.25146],[-1.173264,47.25187],[-1.173275,47.252189],[-1.172831,47.252331],[-1.172843,47.252918],[-1.172403,47.253398],[-1.172617,47.253655],[-1.172288,47.253707],[-1.172022,47.254245],[-1.171209,47.254653],[-1.17142,47.254889],[-1.170596,47.255416],[-1.170186,47.255318],[-1.168505,47.255905],[-1.168218,47.256186],[-1.166871,47.256307],[-1.165943,47.256764],[-1.164328,47.257238],[-1.16123,47.257068],[-1.160169,47.257522],[-1.159293,47.257572],[-1.158195,47.258179],[-1.15731,47.258981],[-1.156921,47.258998],[-1.156534,47.259418],[-1.155724,47.259705],[-1.155653,47.259969],[-1.155303,47.260015],[-1.154625,47.26083],[-1.154012,47.260978],[-1.153804,47.261506],[-1.153042,47.26154],[-1.152162,47.262005],[-1.151298,47.261857],[-1.150991,47.262017],[-1.14819,47.262398],[-1.146851,47.26288],[-1.146412,47.262855],[-1.147344,47.265512],[-1.147865,47.266397],[-1.149855,47.268199],[-1.148956,47.270387],[-1.146802,47.271873],[-1.144597,47.27563],[-1.141544,47.277264],[-1.140334,47.278436],[-1.140147,47.278805],[-1.140005,47.282323],[-1.137643,47.284174],[-1.13684,47.285053],[-1.136519,47.285198],[-1.135592,47.285181],[-1.13404,47.286695],[-1.134924,47.289089],[-1.136826,47.291881],[-1.137494,47.293173],[-1.137965,47.296621],[-1.138594,47.298077],[-1.136938,47.297851],[-1.133948,47.298265],[-1.131918,47.299532],[-1.130853,47.300002],[-1.129199,47.301224],[-1.127095,47.302128],[-1.126352,47.303716],[-1.125006,47.304966],[-1.124651,47.306443],[-1.124864,47.307763],[-1.125342,47.308404],[-1.125126,47.308859],[-1.125312,47.309644],[-1.126066,47.310503],[-1.126948,47.312189],[-1.124751,47.312241],[-1.121167,47.311778],[-1.121219,47.314606],[-1.120796,47.315956],[-1.119081,47.315959],[-1.118663,47.316231],[-1.117523,47.316471],[-1.115943,47.316382],[-1.114781,47.315943],[-1.111856,47.315321],[-1.110821,47.314375],[-1.108269,47.312922],[-1.107205,47.312523],[-1.102538,47.312909],[-1.102421,47.313202],[-1.101119,47.310228],[-1.100683,47.309721],[-1.083946,47.30605],[-1.083454,47.306154],[-1.081818,47.305218],[-1.078512,47.305222],[-1.075753,47.306603],[-1.074715,47.305833],[-1.074772,47.305208],[-1.073973,47.30436],[-1.073923,47.303701],[-1.074136,47.30309],[-1.073709,47.302443],[-1.073231,47.30216],[-1.073008,47.302221],[-1.072697,47.302901],[-1.071262,47.303294],[-1.069918,47.303093],[-1.067877,47.303562],[-1.065659,47.30347],[-1.063905,47.303986],[-1.062112,47.304758],[-1.060347,47.306347],[-1.059936,47.306492],[-1.059158,47.306493],[-1.058622,47.306175],[-1.058576,47.305265],[-1.057987,47.304387],[-1.05658,47.303954],[-1.055582,47.30389],[-1.055066,47.304038],[-1.054467,47.304589],[-1.054156,47.305585],[-1.053577,47.306491],[-1.05344,47.308824],[-1.05303,47.3094],[-1.052744,47.309402],[-1.05176,47.310331],[-1.051264,47.311655],[-1.05091,47.311922],[-1.049959,47.312161],[-1.048671,47.313176],[-1.046654,47.313727],[-1.045837,47.313792],[-1.043918,47.314978],[-1.041992,47.316991],[-1.04212,47.317255],[-1.042751,47.317268],[-1.042959,47.31745],[-1.042746,47.318635],[-1.042953,47.320008],[-1.04172,47.321116],[-1.04049,47.321275],[-1.039978,47.321192],[-1.039278,47.320612],[-1.03826,47.318824],[-1.037541,47.318043],[-1.037288,47.31663],[-1.037569,47.315555],[-1.038316,47.315025],[-1.039322,47.314739],[-1.039775,47.314306],[-1.039958,47.31373],[-1.039594,47.312561],[-1.038508,47.31236],[-1.037621,47.311752],[-1.037275,47.310924],[-1.037389,47.309815],[-1.03651,47.308776],[-1.035699,47.308532],[-1.035916,47.307744],[-1.034771,47.307427],[-1.034307,47.307434],[-1.033289,47.307674],[-1.03259,47.308162],[-1.031622,47.308177],[-1.031032,47.308374],[-1.030571,47.30796],[-1.030852,47.307683],[-1.031164,47.30767],[-1.031312,47.307414],[-1.030837,47.307232],[-1.031259,47.307085],[-1.031008,47.306944],[-1.031476,47.306512],[-1.031278,47.306234],[-1.031598,47.305916],[-1.031807,47.304771],[-1.032171,47.304354],[-1.031854,47.304135],[-1.031852,47.303681],[-1.032382,47.301295],[-1.032209,47.3009],[-1.031281,47.300278],[-1.031162,47.299945],[-1.030515,47.299787],[-1.03035,47.299535],[-1.030306,47.298436],[-1.030505,47.297716],[-1.030883,47.297098],[-1.031753,47.296508],[-1.031597,47.296176],[-1.030886,47.295724],[-1.030696,47.295488],[-1.030789,47.295249],[-1.030464,47.295157],[-1.030386,47.294964],[-1.02841,47.294284],[-1.027508,47.29436],[-1.02689,47.294938],[-1.026669,47.296032],[-1.026205,47.296336],[-1.025142,47.295641],[-1.024266,47.295403],[-1.023998,47.294811],[-1.023674,47.294717],[-1.021563,47.292757],[-1.020866,47.292536],[-1.020504,47.292052],[-1.019764,47.291848],[-1.017584,47.292015],[-1.017015,47.291884],[-1.016609,47.291592],[-1.015819,47.290482],[-1.015908,47.29007],[-1.015656,47.289662],[-1.015118,47.28923],[-1.01182,47.288303],[-1.011597,47.287861],[-1.011112,47.287671],[-1.010519,47.287139],[-1.009717,47.28732],[-1.009053,47.287782],[-1.00497,47.28037],[-0.999623,47.276539],[-0.991966,47.271685],[-0.990038,47.271729],[-0.98772,47.273693],[-0.973461,47.281886],[-0.97136,47.282013],[-0.966492,47.281897],[-0.955874,47.280043],[-0.952234,47.263536],[-0.948051,47.262444],[-0.94825,47.261425],[-0.948088,47.260438],[-0.947548,47.259539],[-0.946295,47.258821],[-0.941981,47.258815],[-0.942432,47.257956],[-0.942106,47.256577],[-0.94231,47.256041],[-0.943484,47.255477],[-0.944353,47.25541],[-0.946493,47.254898],[-0.947121,47.254593],[-0.945704,47.253511],[-0.94502,47.253296],[-0.941855,47.253417],[-0.940156,47.253155],[-0.939742,47.253232],[-0.93897,47.252997],[-0.938754,47.252751],[-0.937314,47.253015],[-0.931773,47.253318],[-0.930316,47.253522],[-0.928997,47.252246],[-0.923264,47.247499],[-0.925238,47.246749],[-0.925012,47.246305],[-0.927733,47.246453],[-0.929446,47.245546],[-0.931301,47.244118],[-0.932641,47.24368],[-0.927553,47.24187],[-0.928947,47.239219],[-0.92781,47.238431],[-0.930168,47.237351],[-0.930876,47.236527],[-0.930601,47.234983],[-0.931599,47.234009],[-0.933776,47.233992],[-0.934389,47.234111],[-0.934613,47.233991],[-0.935279,47.234359],[-0.937012,47.232887],[-0.936304,47.232612],[-0.934429,47.232713],[-0.932441,47.231554],[-0.929314,47.230112],[-0.928763,47.229768],[-0.928393,47.229102],[-0.928334,47.228865],[-0.929678,47.228108],[-0.929832,47.227879],[-0.930527,47.228291],[-0.9314,47.228522],[-0.932173,47.22931],[-0.933088,47.229779],[-0.936015,47.230553],[-0.936541,47.230815],[-0.932059,47.224101],[-0.92974,47.220201],[-0.926508,47.213908],[-0.925499,47.209282],[-0.935361,47.192911],[-0.929511,47.186592],[-0.927318,47.184414],[-0.925564,47.183027],[-0.923726,47.178952],[-0.927414,47.171757],[-0.93032,47.168406],[-0.933818,47.163848],[-0.937397,47.158525],[-0.93781,47.157443],[-0.938397,47.157361],[-0.939553,47.155694],[-0.940798,47.154856],[-0.939881,47.153882],[-0.940044,47.153671],[-0.940264,47.153718],[-0.942047,47.153084],[-0.941596,47.152113],[-0.941857,47.152057],[-0.942096,47.152258],[-0.943484,47.152155],[-0.943904,47.151555],[-0.94353,47.150137],[-0.943644,47.149919],[-0.943303,47.149763],[-0.943419,47.149554],[-0.945588,47.15005],[-0.945738,47.14985],[-0.946789,47.149471],[-0.948285,47.149339],[-0.951461,47.147831],[-0.952754,47.14702],[-0.95464,47.144828],[-0.955456,47.144793],[-0.955045,47.144188],[-0.955593,47.144202],[-0.956461,47.144789],[-0.957159,47.144722],[-0.957851,47.145013],[-0.959724,47.145154],[-0.960689,47.145473],[-0.963055,47.145144],[-0.966102,47.146328],[-0.968067,47.147375],[-0.97056,47.148275],[-0.972372,47.148286],[-0.97307,47.147964],[-0.975082,47.14804],[-0.975579,47.148364],[-0.977283,47.148868],[-0.979792,47.147933],[-0.982792,47.146004],[-0.986014,47.146612],[-0.987326,47.147115],[-0.987659,47.149545],[-0.988195,47.151067],[-0.989401,47.150719],[-0.990728,47.158109],[-0.991118,47.165162],[-1.009788,47.163849],[-1.01456,47.162642],[-1.025385,47.160432],[-1.02935,47.155099],[-1.034947,47.149087],[-1.039238,47.152561],[-1.043656,47.156681],[-1.044833,47.15981],[-1.045094,47.165745],[-1.040077,47.171836],[-1.040135,47.174815],[-1.043538,47.179463],[-1.047924,47.184401],[-1.047804,47.186731],[-1.049265,47.186178],[-1.050513,47.186097],[-1.05248,47.184824],[-1.054554,47.183142],[-1.055943,47.183191],[-1.056421,47.183447],[-1.057072,47.183293],[-1.059797,47.184608],[-1.060871,47.184892],[-1.063502,47.184724],[-1.065018,47.184982],[-1.065695,47.183688],[-1.066341,47.181354],[-1.067467,47.179564],[-1.068313,47.17936],[-1.071707,47.177591],[-1.071765,47.181734],[-1.072578,47.185176],[-1.073889,47.18531],[-1.075893,47.18528],[-1.075872,47.18814],[-1.076556,47.191112],[-1.077997,47.191333],[-1.079019,47.191826],[-1.080069,47.193724],[-1.077141,47.195621],[-1.075502,47.196127],[-1.076187,47.197992],[-1.078852,47.198632],[-1.079127,47.198804],[-1.079725,47.199912],[-1.078396,47.201965],[-1.079292,47.201963],[-1.080416,47.202177],[-1.082842,47.203196],[-1.086376,47.20411],[-1.089035,47.205032],[-1.088379,47.206065],[-1.091503,47.205903],[-1.094617,47.205552],[-1.095109,47.206123],[-1.094291,47.207628],[-1.094681,47.208562],[-1.093967,47.208763],[-1.092535,47.208886],[-1.09289,47.210193],[-1.093214,47.2104],[-1.093822,47.211649],[-1.094,47.214435],[-1.094961,47.213956],[-1.097105,47.214433],[-1.09941,47.214319],[-1.100213,47.214475],[-1.102595,47.21553],[-1.103933,47.215805],[-1.10486,47.215822],[-1.111457,47.214635],[-1.112975,47.21521],[-1.113663,47.215673],[-1.114147,47.2151],[-1.11536,47.214698],[-1.114908,47.215882],[-1.116129,47.216385],[-1.115634,47.216896],[-1.115775,47.217026],[-1.117948,47.217952],[-1.120838,47.219711],[-1.122607,47.220383],[-1.122902,47.219382],[-1.123294,47.219031],[-1.124488,47.219067],[-1.12523,47.219357],[-1.126515,47.218555],[-1.126795,47.218558],[-1.126682,47.218143],[-1.126966,47.217913],[-1.128838,47.218072],[-1.129605,47.217864],[-1.130291,47.21734],[-1.130824,47.216268],[-1.131828,47.215866],[-1.131835,47.215232],[-1.132125,47.214774],[-1.133137,47.214726],[-1.133527,47.214845],[-1.133885,47.214724],[-1.133909,47.213901],[-1.135509,47.212868],[-1.135676,47.211775],[-1.134966,47.211329],[-1.134614,47.211389],[-1.134307,47.210568],[-1.134518,47.21001],[-1.13403,47.209339],[-1.134622,47.207466],[-1.134693,47.207001],[-1.134462,47.206594],[-1.134683,47.206011],[-1.135895,47.204478],[-1.137068,47.203709],[-1.138173,47.202089],[-1.139255,47.201594],[-1.139316,47.201276],[-1.139821,47.20106],[-1.141039,47.199767],[-1.141714,47.198625],[-1.141731,47.198234],[-1.142313,47.197748],[-1.142183,47.197454],[-1.142509,47.197127],[-1.143009,47.196945],[-1.142839,47.196688]],[[-0.97487,47.236357],[-0.977747,47.243709],[-0.9816,47.245004],[-0.986151,47.24559],[-0.992308,47.244742],[-1.000985,47.244697],[-1.008381,47.244248],[-1.009254,47.241853],[-1.006742,47.241932],[-1.005308,47.242294],[-1.004424,47.240979],[-1.003678,47.240504],[-1.002612,47.240294],[-1.003059,47.239451],[-1.003103,47.238802],[-1.001459,47.238489],[-1.001161,47.238095],[-1.000721,47.238002],[-1.000435,47.237471],[-0.999981,47.237496],[-0.997732,47.235619],[-0.997025,47.23557],[-0.997128,47.235767],[-0.996294,47.236459],[-0.995013,47.236889],[-0.994125,47.23694],[-0.994083,47.236765],[-0.993891,47.236815],[-0.992046,47.236123],[-0.991832,47.23631],[-0.991975,47.23647],[-0.991542,47.236558],[-0.99081,47.237054],[-0.9905,47.236997],[-0.990106,47.23716],[-0.989982,47.236968],[-0.98909,47.236882],[-0.989055,47.2371],[-0.988867,47.237108],[-0.988771,47.236825],[-0.9876,47.236741],[-0.987482,47.236478],[-0.987317,47.236715],[-0.986819,47.236522],[-0.986732,47.236707],[-0.986144,47.236568],[-0.985549,47.236697],[-0.985751,47.236406],[-0.985589,47.236202],[-0.985184,47.236271],[-0.985196,47.236075],[-0.984998,47.236081],[-0.984764,47.235825],[-0.984389,47.235866],[-0.98429,47.235741],[-0.984541,47.235457],[-0.983607,47.234995],[-0.983212,47.234987],[-0.982903,47.235266],[-0.981286,47.235283],[-0.981426,47.234927],[-0.982187,47.23441],[-0.982775,47.234303],[-0.982698,47.234125],[-0.980425,47.233695],[-0.979536,47.234599],[-0.978497,47.234313],[-0.97804,47.234579],[-0.977328,47.234597],[-0.977121,47.234993],[-0.976813,47.234951],[-0.976516,47.23533],[-0.976169,47.235459],[-0.976165,47.235848],[-0.975715,47.236132],[-0.97487,47.236357]],[[-0.957229,47.166955],[-0.95899,47.169325],[-0.967045,47.171968],[-0.985403,47.174946],[-0.990197,47.166419],[-0.96047,47.160844],[-0.959224,47.162669],[-0.957229,47.166955]],[[-0.955129,47.170762],[-0.955482,47.170513],[-0.95521,47.170119],[-0.955389,47.169867],[-0.954912,47.170203],[-0.954851,47.170473],[-0.955129,47.170762]],[[-1.022491,47.180851],[-1.021662,47.181023],[-1.021866,47.181543],[-1.022698,47.181922],[-1.02305,47.18179],[-1.02409,47.180764],[-1.022491,47.180851]],[[-1.019541,47.182464],[-1.01955,47.182751],[-1.019128,47.183078],[-1.019499,47.183312],[-1.019966,47.182636],[-1.019541,47.182464]],[[-0.99324,47.201114],[-0.993488,47.201717],[-0.993852,47.201826],[-0.994269,47.201607],[-0.993797,47.201558],[-0.993888,47.201408],[-0.993431,47.201032],[-0.99324,47.201114]],[[-0.988974,47.207962],[-0.989062,47.208343],[-0.989434,47.20866],[-0.990477,47.209162],[-0.99127,47.209317],[-0.991692,47.20865],[-0.991462,47.208238],[-0.989919,47.207441],[-0.989279,47.207448],[-0.989111,47.206937],[-0.988185,47.206602],[-0.987863,47.206156],[-0.986752,47.20622],[-0.986177,47.206528],[-0.985955,47.206899],[-0.987191,47.20698],[-0.987941,47.20733],[-0.988564,47.207373],[-0.988985,47.207707],[-0.988974,47.207962]],[[-0.99404,47.210789],[-0.994422,47.210547],[-0.993919,47.210267],[-0.993117,47.210323],[-0.99404,47.210789]],[[-0.984611,47.254855],[-0.985171,47.254861],[-0.985282,47.255037],[-0.985788,47.254933],[-0.985581,47.254468],[-0.98496,47.254297],[-0.984413,47.253826],[-0.983321,47.254029],[-0.983034,47.253936],[-0.982807,47.254139],[-0.982849,47.254415],[-0.983576,47.254805],[-0.983654,47.255016],[-0.984097,47.255112],[-0.984367,47.254806],[-0.984611,47.254855]],[[-1.032259,47.261764],[-1.032524,47.262027],[-1.032982,47.26208],[-1.034557,47.261624],[-1.035225,47.261658],[-1.035545,47.2618],[-1.035723,47.262164],[-1.035543,47.262411],[-1.036068,47.262754],[-1.036632,47.262506],[-1.036255,47.261934],[-1.036344,47.261806],[-1.035199,47.261082],[-1.035151,47.260536],[-1.035755,47.25913],[-1.036939,47.257445],[-1.035826,47.256471],[-1.03268,47.257904],[-1.030207,47.258474],[-1.0299,47.257875],[-1.032376,47.251058],[-1.032264,47.250936],[-1.024125,47.252369],[-1.027035,47.260266],[-1.029928,47.260562],[-1.030862,47.2609],[-1.032259,47.261764]],[[-1.034494,47.268277],[-1.034757,47.268214],[-1.034705,47.268068],[-1.034154,47.267817],[-1.033991,47.26812],[-1.034154,47.268312],[-1.034494,47.268277]],[[-1.080457,47.290682],[-1.090203,47.286121],[-1.090172,47.28587],[-1.081672,47.282772],[-1.064798,47.285714],[-1.051287,47.28858],[-1.050021,47.288543],[-1.065045,47.297117],[-1.069818,47.30026],[-1.078026,47.291801],[-1.080457,47.290682]],[[-0.916256,47.289345],[-0.917544,47.290126],[-0.91629,47.290562],[-0.915281,47.289657],[-0.914886,47.289161],[-0.914982,47.288655],[-0.91441,47.288378],[-0.914056,47.287809],[-0.912005,47.28691],[-0.907376,47.285235],[-0.905129,47.282701],[-0.914206,47.28699],[-0.914579,47.286972],[-0.914765,47.287263],[-0.91539,47.28724],[-0.915957,47.286558],[-0.920976,47.275171],[-0.925601,47.280938],[-0.918107,47.287478],[-0.916472,47.28833],[-0.916604,47.288593],[-0.916256,47.289345]],[[-0.987227,47.285487],[-0.986787,47.286949],[-0.986172,47.286822],[-0.985562,47.287051],[-0.984646,47.287116],[-0.985141,47.288017],[-0.984664,47.287995],[-0.984464,47.287572],[-0.983955,47.287763],[-0.983639,47.287621],[-0.983259,47.288223],[-0.982679,47.288531],[-0.982013,47.289214],[-0.980764,47.289539],[-0.978084,47.291723],[-0.978047,47.289829],[-0.978372,47.288957],[-0.977867,47.288169],[-0.977577,47.288066],[-0.977186,47.286487],[-0.978676,47.287752],[-0.97939,47.287672],[-0.979577,47.287969],[-0.980382,47.288203],[-0.981305,47.287501],[-0.981875,47.287889],[-0.982658,47.287157],[-0.983123,47.287188],[-0.983625,47.287015],[-0.983818,47.286734],[-0.985063,47.286877],[-0.984965,47.286314],[-0.985276,47.286337],[-0.985858,47.286014],[-0.98558,47.285748],[-0.986101,47.285544],[-0.986142,47.284663],[-0.984807,47.283396],[-0.987133,47.276046],[-0.987539,47.283749],[-0.987338,47.284507],[-0.987495,47.285179],[-0.987227,47.285487]],[[-0.983325,47.287682],[-0.983127,47.287528],[-0.983099,47.287744],[-0.983325,47.287682]],[[-0.982012,47.287979],[-0.981818,47.288042],[-0.982012,47.287979]],[[-0.913804,47.290483],[-0.914228,47.290379],[-0.914573,47.29046],[-0.914693,47.290736],[-0.914003,47.291142],[-0.913193,47.291111],[-0.912946,47.29088],[-0.913337,47.290421],[-0.913804,47.290483]],[[-0.98795,47.289107],[-0.987572,47.288784],[-0.987744,47.288466],[-0.987158,47.28801],[-0.987163,47.287434],[-0.989216,47.287896],[-0.989348,47.288287],[-0.988903,47.28884],[-0.988411,47.288758],[-0.98795,47.289107]],[[-0.985889,47.288971],[-0.985684,47.288265],[-0.986042,47.288184],[-0.987005,47.288345],[-0.987112,47.28867],[-0.986689,47.289054],[-0.986095,47.289121],[-0.985889,47.288971]],[[-0.985027,47.289975],[-0.984628,47.290079],[-0.984185,47.289969],[-0.984448,47.289491],[-0.984287,47.28912],[-0.984456,47.28888],[-0.984848,47.288785],[-0.98523,47.288951],[-0.98539,47.289222],[-0.98504,47.289438],[-0.985027,47.289975]],[[-0.999371,47.294342],[-0.998978,47.294676],[-0.998541,47.295924],[-0.998066,47.296169],[-0.996398,47.296259],[-0.99564,47.296452],[-0.995312,47.297081],[-0.994817,47.297219],[-0.994613,47.297446],[-0.993706,47.297362],[-0.992098,47.29794],[-0.989739,47.29785],[-0.987817,47.297969],[-0.984985,47.298661],[-0.982743,47.300096],[-0.981906,47.300908],[-0.981543,47.30098],[-0.979608,47.302173],[-0.976706,47.3016],[-0.975461,47.301872],[-0.974762,47.302484],[-0.973924,47.302651],[-0.971886,47.302608],[-0.971235,47.302805],[-0.97437,47.297589],[-0.982562,47.295114],[-0.989081,47.29336],[-0.992244,47.293411],[-0.999371,47.294342]],[[-0.909049,47.292401],[-0.909564,47.293154],[-0.909904,47.293321],[-0.909421,47.294116],[-0.908873,47.294266],[-0.908977,47.294639],[-0.90977,47.294984],[-0.91074,47.294075],[-0.91003,47.293318],[-0.911112,47.29278],[-0.912173,47.292682],[-0.913083,47.293326],[-0.913667,47.294252],[-0.916289,47.296886],[-0.915187,47.29977],[-0.911693,47.314876],[-0.911703,47.312359],[-0.909999,47.312632],[-0.907293,47.31331],[-0.906481,47.31308],[-0.905321,47.311888],[-0.905206,47.310292],[-0.906373,47.307957],[-0.906994,47.307169],[-0.907356,47.306991],[-0.905489,47.305682],[-0.902314,47.3046],[-0.900908,47.302996],[-0.907772,47.294345],[-0.90748,47.293274],[-0.908026,47.292769],[-0.908062,47.292334],[-0.908678,47.292029],[-0.908342,47.291394],[-0.908672,47.29122],[-0.909037,47.290359],[-0.909913,47.290686],[-0.909473,47.291228],[-0.909532,47.2916],[-0.909112,47.291635],[-0.909403,47.292132],[-0.909049,47.292401]]]}},{"type":"Feature","properties":{"uai_primary":"0490037Z","uai_all":"0490037Z","is_merged":false},"geometry":{"type":"Polygon","coordinates":[[[-0.98658,47.763046],[-0.984215,47.762594],[-0.981536,47.76162],[-0.978853,47.761795],[-0.978572,47.762222],[-0.978037,47.761553],[-0.977626,47.76152],[-0.976429,47.760533],[-0.975179,47.760063],[-0.973818,47.756421],[-0.973345,47.755846],[-0.970121,47.754667],[-0.968414,47.754804],[-0.968181,47.753591],[-0.968261,47.752502],[-0.966186,47.75273],[-0.963667,47.753307],[-0.959197,47.753204],[-0.957385,47.752872],[-0.957058,47.752307],[-0.955201,47.751067],[-0.948681,47.749522],[-0.945588,47.748335],[-0.944198,47.747662],[-0.940181,47.744934],[-0.939584,47.745596],[-0.938333,47.746087],[-0.937225,47.745759],[-0.937266,47.745278],[-0.935737,47.74465],[-0.936465,47.744297],[-0.936662,47.743959],[-0.934608,47.743064],[-0.933606,47.741188],[-0.931928,47.740178],[-0.93253,47.738722],[-0.931533,47.738173],[-0.93145,47.737949],[-0.932273,47.736858],[-0.931963,47.73631],[-0.932684,47.736064],[-0.933219,47.736115],[-0.933928,47.735183],[-0.935105,47.735582],[-0.935363,47.735502],[-0.935619,47.735253],[-0.935709,47.734328],[-0.936262,47.734019],[-0.936879,47.734392],[-0.938413,47.73191],[-0.939868,47.730637],[-0.939688,47.730076],[-0.94011,47.728977],[-0.941349,47.7289],[-0.940701,47.728214],[-0.940519,47.726307],[-0.939647,47.725302],[-0.937822,47.723751],[-0.938877,47.722604],[-0.940104,47.722554],[-0.942427,47.721921],[-0.943413,47.720988],[-0.943952,47.720727],[-0.951001,47.720716],[-0.952553,47.720878],[-0.953012,47.72123],[-0.953189,47.721724],[-0.952992,47.722394],[-0.953181,47.723438],[-0.957498,47.724029],[-0.959606,47.723553],[-0.960355,47.722693],[-0.96071,47.721882],[-0.959599,47.721928],[-0.959767,47.721145],[-0.964049,47.721938],[-0.962996,47.723615],[-0.964829,47.724057],[-0.964578,47.724496],[-0.966395,47.724686],[-0.967567,47.72506],[-0.968229,47.724121],[-0.967862,47.724071],[-0.968348,47.722509],[-0.969962,47.723136],[-0.9708,47.722379],[-0.969987,47.721525],[-0.972296,47.718231],[-0.97397,47.718681],[-0.975641,47.719937],[-0.976713,47.719989],[-0.977504,47.72032],[-0.979094,47.717292],[-0.97742,47.716606],[-0.976263,47.716329],[-0.979224,47.71437],[-0.979557,47.71368],[-0.979032,47.71028],[-0.978545,47.71007],[-0.979145,47.708919],[-0.979647,47.708401],[-0.98163,47.708858],[-0.982029,47.707488],[-0.982591,47.706917],[-0.983308,47.70524],[-0.983589,47.70523],[-0.983909,47.704329],[-0.984845,47.702994],[-0.98441,47.701977],[-0.983456,47.701593],[-0.983533,47.701491],[-0.986383,47.700932],[-0.987613,47.700466],[-0.987458,47.6985],[-0.987921,47.696747],[-0.98793,47.696471],[-0.98615,47.696105],[-0.984053,47.695417],[-0.985134,47.694009],[-0.981302,47.693437],[-0.980882,47.694819],[-0.980007,47.694648],[-0.980346,47.692688],[-0.981468,47.690556],[-0.98165,47.689574],[-0.982261,47.689104],[-0.982278,47.688802],[-0.982179,47.68854],[-0.981031,47.687773],[-0.980984,47.687199],[-0.97918,47.685543],[-0.978954,47.685021],[-0.980107,47.684258],[-0.980943,47.684566],[-0.982069,47.684251],[-0.98305,47.684534],[-0.983807,47.684573],[-0.98462,47.684256],[-0.986062,47.684304],[-0.986861,47.683842],[-0.987831,47.684167],[-0.988821,47.683952],[-0.989375,47.684065],[-0.989755,47.684359],[-0.990839,47.684379],[-0.991419,47.684861],[-0.992386,47.6849],[-0.992765,47.685136],[-0.993659,47.685216],[-0.994281,47.685543],[-0.997484,47.685869],[-0.99998,47.684509],[-1.000819,47.684508],[-1.000762,47.683103],[-1.001133,47.681835],[-1.000249,47.681608],[-1.000467,47.680802],[-1.001043,47.680533],[-1.001205,47.679658],[-1.00186,47.678993],[-1.001878,47.678735],[-1.00246,47.678689],[-1.002483,47.676048],[-1.003737,47.676293],[-1.004463,47.675129],[-1.005291,47.675143],[-1.005287,47.675397],[-1.005662,47.675425],[-1.005672,47.673854],[-1.006408,47.673725],[-1.007066,47.672798],[-1.006886,47.672728],[-1.007484,47.672031],[-1.006645,47.671195],[-1.007142,47.670474],[-1.007929,47.669937],[-1.007652,47.669702],[-1.006249,47.669584],[-1.006953,47.66827],[-1.007631,47.668035],[-1.00852,47.668003],[-1.009316,47.667345],[-1.010206,47.667414],[-1.010334,47.666082],[-1.009445,47.666007],[-1.008462,47.66567],[-1.008122,47.665374],[-1.008428,47.665424],[-1.008521,47.665091],[-1.006983,47.664619],[-1.006771,47.664279],[-1.006939,47.663682],[-1.006462,47.662227],[-1.006525,47.661863],[-1.005984,47.660943],[-1.005718,47.659325],[-1.005443,47.659163],[-1.005466,47.658902],[-1.00592,47.658891],[-1.008396,47.657433],[-1.007876,47.657333],[-1.007251,47.657834],[-1.007026,47.657633],[-1.00606,47.657544],[-1.005968,47.65734],[-1.00547,47.657237],[-1.005208,47.656678],[-1.004713,47.65644],[-1.004496,47.655717],[-1.003974,47.655678],[-1.003967,47.655378],[-1.004312,47.655307],[-1.003795,47.654225],[-1.004815,47.654123],[-1.005278,47.653034],[-1.003538,47.652803],[-1.00467,47.651203],[-1.005501,47.650728],[-1.006471,47.649841],[-1.007029,47.64912],[-1.008611,47.647823],[-1.00914,47.647021],[-1.010817,47.646057],[-1.011164,47.645669],[-1.011062,47.644983],[-1.009759,47.64454],[-1.009123,47.644487],[-1.008646,47.643998],[-1.008506,47.642544],[-1.007859,47.640382],[-1.006628,47.639257],[-1.006234,47.639111],[-1.00571,47.636961],[-1.007676,47.627635],[-1.007029,47.625963],[-1.006781,47.62587],[-1.006848,47.625131],[-1.006518,47.623617],[-1.006962,47.622867],[-1.009631,47.623759],[-1.010059,47.623002],[-1.010327,47.623102],[-1.010387,47.621629],[-1.01079,47.620523],[-1.012267,47.619699],[-1.012392,47.619281],[-1.013504,47.61953],[-1.01605,47.615827],[-1.017718,47.611548],[-1.015269,47.611206],[-1.014404,47.610954],[-1.015907,47.609397],[-1.016159,47.608138],[-1.017212,47.606477],[-1.017262,47.606001],[-1.019188,47.606139],[-1.019452,47.60592],[-1.020435,47.605638],[-1.020847,47.605314],[-1.020889,47.604357],[-1.021407,47.602764],[-1.023162,47.601026],[-1.024683,47.60004],[-1.025145,47.598854],[-1.025872,47.599381],[-1.027165,47.599151],[-1.027872,47.598709],[-1.028517,47.598826],[-1.029277,47.5993],[-1.029772,47.599107],[-1.030502,47.599086],[-1.030686,47.599243],[-1.032074,47.599434],[-1.033284,47.599315],[-1.033538,47.59913],[-1.033642,47.599514],[-1.034329,47.59944],[-1.034844,47.599896],[-1.035737,47.60185],[-1.036215,47.601846],[-1.036657,47.602366],[-1.038622,47.602429],[-1.040301,47.602708],[-1.04141,47.602586],[-1.04175,47.602694],[-1.041874,47.602929],[-1.043253,47.603352],[-1.047637,47.603273],[-1.049274,47.602489],[-1.049262,47.602094],[-1.049953,47.602071],[-1.049919,47.601749],[-1.050315,47.601611],[-1.050345,47.601731],[-1.051033,47.601773],[-1.051239,47.601581],[-1.05164,47.601852],[-1.052421,47.601553],[-1.053227,47.601682],[-1.05508,47.601462],[-1.058449,47.601418],[-1.058963,47.60146],[-1.059215,47.601705],[-1.059653,47.601772],[-1.060658,47.602551],[-1.060622,47.602848],[-1.061165,47.602817],[-1.061422,47.603116],[-1.061877,47.60297],[-1.064366,47.603401],[-1.067439,47.604599],[-1.068309,47.604692],[-1.070647,47.604395],[-1.071284,47.604575],[-1.0717,47.605267],[-1.073162,47.605835],[-1.078208,47.606721],[-1.07893,47.607094],[-1.080337,47.608438],[-1.081049,47.608768],[-1.082811,47.609207],[-1.0852,47.609249],[-1.090208,47.611383],[-1.091905,47.611452],[-1.091868,47.616081],[-1.096145,47.618065],[-1.096172,47.618909],[-1.098446,47.619273],[-1.098641,47.619719],[-1.100393,47.620397],[-1.100745,47.620664],[-1.10174,47.620653],[-1.103214,47.621009],[-1.104545,47.620745],[-1.106848,47.621012],[-1.108924,47.620914],[-1.110338,47.620748],[-1.112715,47.620044],[-1.114758,47.61969],[-1.120242,47.620528],[-1.121168,47.620308],[-1.123861,47.619215],[-1.126497,47.619284],[-1.128178,47.619715],[-1.128658,47.619509],[-1.129863,47.619338],[-1.132387,47.619371],[-1.133966,47.619148],[-1.135473,47.619427],[-1.137197,47.619324],[-1.137699,47.61908],[-1.137961,47.619614],[-1.137159,47.621007],[-1.137056,47.621776],[-1.137255,47.622087],[-1.138088,47.622464],[-1.138642,47.622963],[-1.138944,47.624189],[-1.140429,47.624555],[-1.141564,47.624592],[-1.142116,47.625845],[-1.142869,47.626491],[-1.143646,47.626769],[-1.145383,47.626987],[-1.147982,47.628053],[-1.148166,47.628684],[-1.149401,47.629428],[-1.149426,47.630572],[-1.149677,47.630882],[-1.149752,47.631471],[-1.150753,47.632264],[-1.151574,47.63249],[-1.151734,47.633107],[-1.152681,47.63367],[-1.153372,47.633498],[-1.153718,47.633885],[-1.154128,47.633891],[-1.157511,47.635589],[-1.157411,47.635978],[-1.157706,47.636668],[-1.158257,47.637166],[-1.158348,47.638082],[-1.158041,47.638892],[-1.157255,47.639123],[-1.157136,47.640236],[-1.156759,47.641099],[-1.15685,47.642278],[-1.156196,47.642906],[-1.156288,47.643404],[-1.155969,47.644629],[-1.155967,47.64562],[-1.156153,47.646425],[-1.157839,47.648759],[-1.157896,47.649677],[-1.157665,47.650486],[-1.157885,47.651074],[-1.158448,47.651843],[-1.159933,47.652851],[-1.159601,47.652961],[-1.160397,47.653532],[-1.161506,47.655044],[-1.160548,47.656997],[-1.160347,47.658131],[-1.160519,47.658926],[-1.15965,47.660423],[-1.160289,47.661259],[-1.160472,47.661357],[-1.162885,47.660627],[-1.162942,47.66049],[-1.163275,47.66048],[-1.164179,47.660048],[-1.166846,47.660058],[-1.168033,47.659886],[-1.16966,47.659297],[-1.174021,47.659751],[-1.175212,47.659625],[-1.176522,47.65927],[-1.176898,47.659935],[-1.174891,47.660805],[-1.170945,47.661599],[-1.170235,47.661936],[-1.169666,47.662403],[-1.170443,47.663573],[-1.171393,47.663602],[-1.172907,47.664061],[-1.173975,47.664782],[-1.175354,47.664876],[-1.176081,47.664735],[-1.176526,47.664969],[-1.177156,47.665029],[-1.177797,47.664818],[-1.180344,47.664651],[-1.182091,47.66426],[-1.181861,47.665043],[-1.180897,47.664935],[-1.180753,47.665805],[-1.180262,47.666114],[-1.180814,47.668281],[-1.182431,47.668005],[-1.182929,47.669475],[-1.181603,47.670398],[-1.181851,47.671112],[-1.181928,47.672571],[-1.181759,47.67429],[-1.18033,47.676554],[-1.180188,47.677142],[-1.180511,47.677378],[-1.179193,47.677862],[-1.178032,47.680298],[-1.176497,47.680337],[-1.17465,47.680818],[-1.174472,47.681468],[-1.174027,47.681689],[-1.173208,47.681799],[-1.173366,47.682036],[-1.17506,47.682944],[-1.176167,47.68397],[-1.177318,47.684188],[-1.177194,47.684764],[-1.177423,47.686273],[-1.17815,47.687178],[-1.178442,47.688849],[-1.177777,47.689894],[-1.177748,47.690311],[-1.17649,47.691127],[-1.176163,47.691674],[-1.175261,47.69244],[-1.174909,47.693582],[-1.175173,47.694908],[-1.174918,47.695137],[-1.17593,47.695895],[-1.177022,47.695905],[-1.180359,47.696448],[-1.1814,47.69713],[-1.184041,47.698297],[-1.186137,47.698728],[-1.1895,47.699167],[-1.189121,47.700484],[-1.188137,47.701728],[-1.186742,47.701816],[-1.182572,47.701267],[-1.181731,47.701288],[-1.181566,47.702197],[-1.181755,47.703047],[-1.181585,47.703503],[-1.182982,47.70445],[-1.184618,47.704987],[-1.18505,47.705469],[-1.185868,47.705713],[-1.186227,47.706149],[-1.192861,47.707223],[-1.194989,47.708028],[-1.194998,47.708633],[-1.195915,47.70937],[-1.196217,47.709901],[-1.19617,47.711208],[-1.19544,47.712266],[-1.195862,47.714468],[-1.196373,47.714803],[-1.196816,47.716044],[-1.195793,47.717966],[-1.195375,47.718405],[-1.195281,47.719376],[-1.194246,47.719463],[-1.194709,47.720863],[-1.195356,47.721805],[-1.196816,47.721207],[-1.199292,47.720767],[-1.201527,47.72041],[-1.202962,47.720489],[-1.205391,47.719367],[-1.206605,47.719262],[-1.207155,47.718821],[-1.20748,47.718896],[-1.209103,47.718681],[-1.212073,47.719208],[-1.215054,47.719035],[-1.215248,47.718904],[-1.21723,47.719601],[-1.218399,47.719796],[-1.21945,47.720386],[-1.222878,47.72114],[-1.225038,47.722045],[-1.227155,47.72221],[-1.229681,47.723122],[-1.237329,47.723446],[-1.237603,47.723996],[-1.24006,47.726074],[-1.242079,47.728205],[-1.243501,47.729263],[-1.246283,47.730492],[-1.247241,47.731402],[-1.248317,47.731994],[-1.249954,47.732031],[-1.252037,47.731448],[-1.25229,47.730949],[-1.252624,47.730957],[-1.2532,47.730674],[-1.253628,47.73063],[-1.254163,47.730814],[-1.254983,47.730745],[-1.255441,47.731158],[-1.254369,47.734576],[-1.253595,47.735715],[-1.25345,47.73645],[-1.254887,47.738],[-1.255387,47.739771],[-1.25556,47.742574],[-1.250609,47.742903],[-1.245261,47.742976],[-1.241727,47.742858],[-1.241458,47.745793],[-1.241131,47.745893],[-1.241113,47.74742],[-1.242597,47.747859],[-1.242782,47.748223],[-1.2408,47.751184],[-1.240013,47.751576],[-1.239562,47.752073],[-1.237694,47.752478],[-1.235757,47.753704],[-1.23519,47.754622],[-1.234453,47.754893],[-1.234165,47.75516],[-1.233845,47.756363],[-1.2343,47.757078],[-1.236873,47.756722],[-1.239547,47.757548],[-1.240072,47.758044],[-1.24051,47.757864],[-1.240521,47.758487],[-1.241184,47.75855],[-1.241255,47.759073],[-1.241536,47.759009],[-1.241985,47.759224],[-1.242471,47.758851],[-1.242926,47.75874],[-1.243354,47.758845],[-1.244518,47.759847],[-1.245338,47.760281],[-1.245597,47.761225],[-1.245286,47.762262],[-1.246422,47.763137],[-1.248541,47.763282],[-1.249044,47.763606],[-1.249911,47.765002],[-1.249891,47.765302],[-1.249389,47.765932],[-1.247911,47.766293],[-1.247288,47.766894],[-1.247496,47.769349],[-1.246959,47.771194],[-1.246899,47.773284],[-1.246601,47.773706],[-1.247002,47.774478],[-1.246905,47.77502],[-1.24646,47.775278],[-1.246514,47.775935],[-1.244357,47.779549],[-1.244541,47.782281],[-1.242791,47.787131],[-1.241294,47.790391],[-1.241659,47.791073],[-1.241359,47.791157],[-1.240768,47.793506],[-1.2387,47.794592],[-1.23764,47.795438],[-1.23652,47.798259],[-1.23723,47.799878],[-1.238359,47.799929],[-1.238761,47.800134],[-1.23896,47.800474],[-1.239282,47.800503],[-1.240199,47.80228],[-1.239626,47.803842],[-1.23982,47.804526],[-1.239363,47.804884],[-1.239435,47.806059],[-1.239923,47.806559],[-1.242644,47.807922],[-1.242058,47.808276],[-1.241642,47.808309],[-1.241636,47.808552],[-1.241186,47.808652],[-1.241049,47.809107],[-1.240555,47.809116],[-1.240236,47.809327],[-1.240099,47.809733],[-1.239687,47.809666],[-1.239216,47.809881],[-1.238877,47.80976],[-1.238248,47.809992],[-1.238113,47.809817],[-1.238757,47.809599],[-1.238777,47.809463],[-1.237901,47.809122],[-1.237859,47.808844],[-1.237244,47.808658],[-1.237384,47.808428],[-1.237141,47.808327],[-1.236438,47.808426],[-1.235818,47.808701],[-1.235454,47.808544],[-1.234599,47.808712],[-1.234357,47.808415],[-1.233794,47.808317],[-1.232084,47.808547],[-1.231033,47.808034],[-1.230407,47.808052],[-1.229632,47.807163],[-1.226143,47.805351],[-1.223431,47.804904],[-1.218143,47.80367],[-1.215467,47.803582],[-1.213711,47.802964],[-1.213145,47.80119],[-1.212545,47.800853],[-1.211277,47.800577],[-1.211342,47.800209],[-1.211078,47.79987],[-1.209686,47.799014],[-1.211693,47.796727],[-1.208751,47.796223],[-1.20617,47.795238],[-1.203566,47.795577],[-1.201535,47.795296],[-1.196955,47.795313],[-1.196138,47.793561],[-1.1953,47.79226],[-1.194809,47.791916],[-1.19372,47.789608],[-1.193079,47.788859],[-1.193044,47.787428],[-1.193292,47.787395],[-1.193319,47.785846],[-1.191999,47.785628],[-1.189706,47.785498],[-1.186232,47.784927],[-1.183224,47.784931],[-1.177964,47.784665],[-1.178156,47.783868],[-1.176654,47.783612],[-1.174495,47.783486],[-1.172651,47.783023],[-1.170705,47.782833],[-1.171105,47.779272],[-1.16653,47.77906],[-1.164592,47.778821],[-1.160679,47.778914],[-1.153155,47.778233],[-1.149143,47.775266],[-1.144042,47.774533],[-1.140378,47.774884],[-1.139239,47.775217],[-1.137098,47.775357],[-1.13764,47.776799],[-1.137931,47.778461],[-1.13846,47.778883],[-1.138478,47.77957],[-1.139563,47.782091],[-1.138166,47.782507],[-1.137072,47.782208],[-1.137134,47.782591],[-1.136409,47.782403],[-1.132582,47.783798],[-1.130935,47.78368],[-1.129506,47.783963],[-1.126939,47.783983],[-1.124725,47.784204],[-1.123771,47.783971],[-1.122391,47.784042],[-1.120429,47.783604],[-1.116005,47.783387],[-1.113814,47.782834],[-1.112494,47.782758],[-1.108115,47.781847],[-1.104379,47.782397],[-1.098849,47.781916],[-1.09623,47.781545],[-1.093392,47.782026],[-1.092685,47.781353],[-1.091033,47.780975],[-1.089973,47.780375],[-1.089628,47.779623],[-1.089753,47.779256],[-1.086447,47.777834],[-1.086109,47.777475],[-1.086717,47.776147],[-1.085755,47.776221],[-1.084931,47.776071],[-1.082402,47.775077],[-1.080795,47.774745],[-1.075393,47.774454],[-1.075038,47.774237],[-1.073117,47.774079],[-1.066951,47.773104],[-1.064696,47.773302],[-1.063228,47.773258],[-1.062007,47.772875],[-1.061,47.772748],[-1.058741,47.773168],[-1.058036,47.773011],[-1.054638,47.773222],[-1.051745,47.773665],[-1.047344,47.773628],[-1.046998,47.773279],[-1.046216,47.772965],[-1.045786,47.772882],[-1.045483,47.773053],[-1.041348,47.772342],[-1.041476,47.771165],[-1.041103,47.771077],[-1.041004,47.77148],[-1.040751,47.771452],[-1.040765,47.770981],[-1.039317,47.77072],[-1.03927,47.771791],[-1.040572,47.771915],[-1.040524,47.772232],[-1.038705,47.772074],[-1.036802,47.771151],[-1.0336,47.770679],[-1.03152,47.770602],[-1.030855,47.77079],[-1.02979,47.770785],[-1.02792,47.77436],[-1.025481,47.77321],[-1.024676,47.775026],[-1.027802,47.775503],[-1.027196,47.776816],[-1.025798,47.776476],[-1.025444,47.77735],[-1.023373,47.776983],[-1.023246,47.777326],[-1.022371,47.777197],[-1.022177,47.777678],[-1.022412,47.777743],[-1.022355,47.778274],[-1.01964,47.777778],[-1.019831,47.776493],[-1.020647,47.776597],[-1.020803,47.776015],[-1.019612,47.77567],[-1.019485,47.775969],[-1.018111,47.775713],[-1.018432,47.774824],[-1.019878,47.775267],[-1.02108,47.773937],[-1.022721,47.774332],[-1.023376,47.772633],[-1.020788,47.77186],[-1.019875,47.771776],[-1.018033,47.771313],[-1.018485,47.770695],[-1.018046,47.770491],[-1.015617,47.769877],[-1.015626,47.769695],[-1.014246,47.769635],[-1.014522,47.767517],[-1.013367,47.766898],[-1.013094,47.767161],[-1.009874,47.767704],[-1.009062,47.768078],[-1.006187,47.768321],[-1.00653,47.766849],[-1.007158,47.766432],[-0.999756,47.764272],[-0.996845,47.764138],[-0.990846,47.76424],[-0.989931,47.763959],[-0.988678,47.763841],[-0.988578,47.76361],[-0.98658,47.763046]]]}},{"type":"Feature","properties":{"uai_primary":"0490039B","uai_all":"0490039B","is_merged":false},"geometry":{"type":"Polygon","coordinates":[[[-0.805955,47.317241],[-0.804579,47.316953],[-0.804595,47.316557],[-0.805348,47.315995],[-0.807372,47.31626],[-0.807183,47.316837],[-0.806599,47.317323],[-0.805955,47.317241]],[[-1.190051,47.318578],[-1.185937,47.309293],[-1.201724,47.301128],[-1.211737,47.296431],[-1.21626,47.294952],[-1.229573,47.304024],[-1.221768,47.311868],[-1.214711,47.321786],[-1.209322,47.322863],[-1.20179,47.321737],[-1.190051,47.318578]],[[-1.172929,47.356519],[-1.173348,47.356877],[-1.173126,47.357475],[-1.172374,47.357845],[-1.171998,47.35843],[-1.168416,47.365615],[-1.165789,47.366499],[-1.16475,47.365394],[-1.164419,47.365296],[-1.163337,47.365392],[-1.15622,47.356791],[-1.161796,47.353007],[-1.165046,47.351843],[-1.170883,47.355651],[-1.172929,47.356519]],[[-1.052232,47.256021],[-1.05167,47.256213],[-1.050265,47.255478],[-1.051234,47.255143],[-1.052122,47.255338],[-1.052742,47.255732],[-1.052232,47.256021]],[[-1.045505,47.261707],[-1.045509,47.261861],[-1.045286,47.26185],[-1.045256,47.261731],[-1.045505,47.261707]],[[-1.045988,47.261911],[-1.045822,47.262082],[-1.045596,47.261895],[-1.045988,47.261911]],[[-1.034362,47.266538],[-1.034196,47.266636],[-1.033251,47.266442],[-1.033635,47.265552],[-1.034087,47.265328],[-1.035131,47.265589],[-1.035604,47.266204],[-1.034362,47.266538]],[[-1.07416,47.270568],[-1.07382,47.270897],[-1.073414,47.270782],[-1.073117,47.270343],[-1.073691,47.270022],[-1.074977,47.267702],[-1.075606,47.269223],[-1.075583,47.269573],[-1.075154,47.270222],[-1.074599,47.270535],[-1.07416,47.270568]],[[-1.06887,47.273124],[-1.06864,47.273057],[-1.068494,47.272684],[-1.068281,47.272654],[-1.068465,47.272117],[-1.068685,47.272591],[-1.070261,47.27281],[-1.069458,47.273287],[-1.06887,47.273124]],[[-1.068545,47.273409],[-1.068229,47.273061],[-1.068616,47.273067],[-1.068545,47.273409]],[[-1.058828,47.269668],[-1.059322,47.269813],[-1.059114,47.270208],[-1.060263,47.270883],[-1.060817,47.273588],[-1.054333,47.279271],[-1.051826,47.280297],[-1.047873,47.274307],[-1.053833,47.268708],[-1.054793,47.268329],[-1.054917,47.268583],[-1.055274,47.268738],[-1.055521,47.268651],[-1.055922,47.268781],[-1.056026,47.268978],[-1.056845,47.269209],[-1.057201,47.2695],[-1.057195,47.269887],[-1.057437,47.270016],[-1.057654,47.270521],[-1.05826,47.270037],[-1.058751,47.270178],[-1.058828,47.269668]],[[-1.050021,47.288543],[-1.051287,47.28858],[-1.064798,47.285714],[-1.081672,47.282772],[-1.090172,47.28587],[-1.090203,47.286121],[-1.078026,47.291801],[-1.069818,47.30026],[-1.065045,47.297117],[-1.050021,47.288543]],[[-1.081541,47.302467],[-1.080651,47.302687],[-1.080419,47.303131],[-1.080949,47.303608],[-1.081483,47.303721],[-1.080765,47.304147],[-1.079499,47.304466],[-1.080187,47.303118],[-1.080015,47.302953],[-1.080157,47.302538],[-1.079404,47.302289],[-1.078943,47.3023],[-1.079313,47.301292],[-1.080132,47.301246],[-1.080577,47.301516],[-1.081081,47.301574],[-1.082006,47.302214],[-1.081541,47.302467]],[[-0.959128,47.243862],[-0.959143,47.244159],[-0.958645,47.244474],[-0.960148,47.245146],[-0.961035,47.246579],[-0.961383,47.24799],[-0.961302,47.250053],[-0.958372,47.245824],[-0.958442,47.24496],[-0.958088,47.244806],[-0.958118,47.244615],[-0.957858,47.24443],[-0.956653,47.244248],[-0.956299,47.243409],[-0.956372,47.243067],[-0.955688,47.243066],[-0.955484,47.24291],[-0.955748,47.242667],[-0.955359,47.242535],[-0.955256,47.24232],[-0.953709,47.242125],[-0.930055,47.237397],[-0.930876,47.236527],[-0.930601,47.234983],[-0.931599,47.234009],[-0.933776,47.233992],[-0.934389,47.234111],[-0.934613,47.233991],[-0.935279,47.234359],[-0.937012,47.232887],[-0.936304,47.232612],[-0.934429,47.232713],[-0.932441,47.231554],[-0.928763,47.229768],[-0.928334,47.228865],[-0.929678,47.228108],[-0.929832,47.227879],[-0.930527,47.228291],[-0.9314,47.228522],[-0.932173,47.22931],[-0.933315,47.229876],[-0.936015,47.230553],[-0.936696,47.230893],[-0.938339,47.230712],[-0.937684,47.228659],[-0.936906,47.227826],[-0.937034,47.227372],[-0.938371,47.228009],[-0.938735,47.229258],[-0.939777,47.230657],[-0.940048,47.231431],[-0.945035,47.231061],[-0.945609,47.23073],[-0.946019,47.229862],[-0.94691,47.229797],[-0.957042,47.242759],[-0.956876,47.242939],[-0.957386,47.243373],[-0.957971,47.242951],[-0.959228,47.243018],[-0.959315,47.243497],[-0.959128,47.243862]],[[-0.977747,47.243709],[-0.97487,47.236357],[-0.975715,47.236132],[-0.976165,47.235848],[-0.976169,47.235459],[-0.976516,47.23533],[-0.976813,47.234951],[-0.977121,47.234993],[-0.977328,47.234597],[-0.97804,47.234579],[-0.978497,47.234313],[-0.979536,47.234599],[-0.980425,47.233695],[-0.982698,47.234125],[-0.982775,47.234303],[-0.982187,47.23441],[-0.981426,47.234927],[-0.981286,47.235283],[-0.982903,47.235266],[-0.983212,47.234987],[-0.983607,47.234995],[-0.984541,47.235457],[-0.98429,47.235741],[-0.984389,47.235866],[-0.984764,47.235825],[-0.984998,47.236081],[-0.985196,47.236075],[-0.985184,47.236271],[-0.985589,47.236202],[-0.985751,47.236406],[-0.985549,47.236697],[-0.986144,47.236568],[-0.986732,47.236707],[-0.986819,47.236522],[-0.987317,47.236715],[-0.987482,47.236478],[-0.9876,47.236741],[-0.988771,47.236825],[-0.988867,47.237108],[-0.989055,47.2371],[-0.98909,47.236882],[-0.989982,47.236968],[-0.990106,47.23716],[-0.9905,47.236997],[-0.99081,47.237054],[-0.991542,47.236558],[-0.991975,47.23647],[-0.991832,47.23631],[-0.992046,47.236123],[-0.993891,47.236815],[-0.994083,47.236765],[-0.994125,47.23694],[-0.995013,47.236889],[-0.996294,47.236459],[-0.997128,47.235767],[-0.997025,47.23557],[-0.99778,47.235631],[-0.999981,47.237496],[-1.000435,47.237471],[-1.000721,47.238002],[-1.001161,47.238095],[-1.001459,47.238489],[-1.003103,47.238802],[-1.003059,47.239451],[-1.002612,47.240294],[-1.003678,47.240504],[-1.004424,47.240979],[-1.005308,47.242294],[-1.006742,47.241932],[-1.009254,47.241853],[-1.008381,47.244248],[-1.000985,47.244697],[-0.992308,47.244742],[-0.986151,47.24559],[-0.9816,47.245004],[-0.977747,47.243709]],[[-0.988157,47.255001],[-0.987865,47.254865],[-0.987402,47.254055],[-0.986908,47.253765],[-0.987207,47.252851],[-0.987637,47.252367],[-0.991223,47.252029],[-0.994627,47.254655],[-0.989292,47.255112],[-0.988157,47.255001]],[[-0.985282,47.255037],[-0.985171,47.254861],[-0.984367,47.254806],[-0.984097,47.255112],[-0.983654,47.255016],[-0.983576,47.254805],[-0.982849,47.254415],[-0.982807,47.254139],[-0.983034,47.253936],[-0.983321,47.254029],[-0.984413,47.253826],[-0.98496,47.254297],[-0.985593,47.254481],[-0.985788,47.254933],[-0.985282,47.255037]],[[-1.035199,47.261082],[-1.036344,47.261806],[-1.036255,47.261934],[-1.036749,47.262663],[-1.036356,47.263142],[-1.035915,47.26258],[-1.035543,47.262411],[-1.035723,47.262164],[-1.035545,47.2618],[-1.035225,47.261658],[-1.034557,47.261624],[-1.032982,47.26208],[-1.032524,47.262027],[-1.031443,47.261228],[-1.030425,47.260716],[-1.028435,47.260321],[-1.027035,47.260266],[-1.024125,47.252369],[-1.032264,47.250936],[-1.032376,47.251058],[-1.0299,47.257875],[-1.030207,47.258474],[-1.031908,47.258153],[-1.033544,47.257584],[-1.035826,47.256471],[-1.036939,47.257445],[-1.035755,47.25913],[-1.035151,47.260536],[-1.035199,47.261082]],[[-1.034266,47.268304],[-1.033991,47.26812],[-1.0342,47.267808],[-1.034757,47.268214],[-1.034266,47.268304]],[[-1.024835,47.270479],[-1.024452,47.270341],[-1.024579,47.27012],[-1.023713,47.270166],[-1.022259,47.269546],[-1.021779,47.269663],[-1.021416,47.269247],[-1.021674,47.268204],[-1.022006,47.267811],[-1.022517,47.267816],[-1.022788,47.268281],[-1.023156,47.268242],[-1.024443,47.268551],[-1.02378,47.269249],[-1.023791,47.26955],[-1.024508,47.269728],[-1.024933,47.270092],[-1.025396,47.270034],[-1.025689,47.270268],[-1.025584,47.270564],[-1.024835,47.270479]],[[-1.033642,47.271606],[-1.032912,47.271598],[-1.032484,47.271739],[-1.032077,47.271452],[-1.032227,47.271305],[-1.032716,47.271335],[-1.032718,47.270854],[-1.032232,47.270748],[-1.03191,47.270037],[-1.032437,47.269742],[-1.03284,47.269733],[-1.032842,47.270139],[-1.03327,47.270434],[-1.035186,47.270677],[-1.033642,47.271606]],[[-0.9907,47.259959],[-0.998819,47.263827],[-0.991966,47.271685],[-0.999623,47.276539],[-1.00497,47.28037],[-1.009053,47.287782],[-1.009717,47.28732],[-1.010519,47.287139],[-1.011112,47.287671],[-1.011597,47.287861],[-1.01182,47.288303],[-1.015118,47.28923],[-1.015656,47.289662],[-1.015908,47.29007],[-1.015819,47.290482],[-1.016609,47.291592],[-1.017015,47.291884],[-1.017584,47.292015],[-1.019764,47.291848],[-1.020504,47.292052],[-1.020866,47.292536],[-1.021563,47.292757],[-1.023674,47.294717],[-1.023998,47.294811],[-1.024266,47.295403],[-1.025142,47.295641],[-1.026205,47.296336],[-1.026669,47.296032],[-1.026934,47.294867],[-1.027508,47.29436],[-1.028175,47.294266],[-1.030346,47.29494],[-1.030464,47.295157],[-1.030789,47.295249],[-1.030696,47.295488],[-1.030886,47.295724],[-1.031698,47.296274],[-1.031679,47.296667],[-1.030883,47.297098],[-1.030505,47.297716],[-1.030343,47.299434],[-1.030515,47.299787],[-1.031162,47.299945],[-1.031281,47.300278],[-1.032209,47.3009],[-1.032366,47.301172],[-1.031852,47.303681],[-1.031854,47.304135],[-1.032171,47.304354],[-1.031807,47.304771],[-1.031598,47.305916],[-1.031278,47.306234],[-1.031476,47.306512],[-1.031008,47.306944],[-1.031259,47.307085],[-1.030837,47.307232],[-1.031312,47.307414],[-1.031164,47.30767],[-1.030852,47.307683],[-1.030571,47.30796],[-1.031032,47.308374],[-1.031622,47.308177],[-1.03259,47.308162],[-1.033289,47.307674],[-1.034307,47.307434],[-1.034771,47.307427],[-1.035916,47.307744],[-1.035699,47.308532],[-1.03651,47.308776],[-1.037389,47.309815],[-1.037275,47.310924],[-1.037621,47.311752],[-1.038508,47.31236],[-1.039594,47.312561],[-1.039958,47.31373],[-1.039775,47.314306],[-1.039322,47.314739],[-1.038316,47.315025],[-1.037569,47.315555],[-1.037288,47.31663],[-1.037541,47.318043],[-1.03826,47.318824],[-1.039278,47.320612],[-1.039978,47.321192],[-1.04049,47.321275],[-1.04172,47.321116],[-1.042953,47.320008],[-1.042746,47.318635],[-1.042959,47.31745],[-1.042751,47.317268],[-1.04212,47.317255],[-1.041992,47.316991],[-1.043918,47.314978],[-1.045837,47.313792],[-1.046654,47.313727],[-1.048671,47.313176],[-1.049959,47.312161],[-1.05091,47.311922],[-1.051264,47.311655],[-1.05176,47.310331],[-1.052744,47.309402],[-1.05303,47.3094],[-1.05344,47.308824],[-1.053661,47.306258],[-1.054156,47.305585],[-1.054467,47.304589],[-1.055346,47.303927],[-1.05658,47.303954],[-1.057987,47.304387],[-1.058576,47.305265],[-1.058622,47.306175],[-1.059158,47.306493],[-1.059936,47.306492],[-1.060347,47.306347],[-1.062112,47.304758],[-1.063905,47.303986],[-1.065659,47.30347],[-1.067877,47.303562],[-1.069918,47.303093],[-1.071262,47.303294],[-1.072697,47.302901],[-1.073008,47.302221],[-1.073324,47.30216],[-1.074136,47.30309],[-1.073923,47.303701],[-1.073973,47.30436],[-1.074772,47.305208],[-1.074715,47.305833],[-1.075753,47.306603],[-1.078512,47.305222],[-1.081818,47.305218],[-1.083454,47.306154],[-1.083946,47.30605],[-1.100683,47.309721],[-1.101119,47.310228],[-1.102421,47.313202],[-1.102538,47.312909],[-1.107205,47.312523],[-1.108269,47.312922],[-1.110821,47.314375],[-1.111856,47.315321],[-1.114781,47.315943],[-1.115943,47.316382],[-1.117523,47.316471],[-1.118663,47.316231],[-1.119081,47.315959],[-1.120796,47.315956],[-1.121219,47.314606],[-1.121167,47.311778],[-1.124751,47.312241],[-1.126948,47.312189],[-1.126066,47.310503],[-1.125312,47.309644],[-1.125126,47.308859],[-1.125342,47.308404],[-1.124864,47.307763],[-1.124663,47.306909],[-1.124714,47.305813],[-1.125074,47.30486],[-1.126563,47.303402],[-1.127095,47.302128],[-1.128819,47.301374],[-1.140925,47.32867],[-1.137731,47.332995],[-1.132218,47.343838],[-1.131105,47.346637],[-1.138834,47.355544],[-1.130825,47.367148],[-1.127382,47.366885],[-1.120838,47.359005],[-1.119546,47.357982],[-1.118123,47.357296],[-1.117702,47.357444],[-1.117699,47.357771],[-1.116718,47.358657],[-1.114881,47.36099],[-1.111312,47.36613],[-1.107632,47.365832],[-1.09802,47.36731],[-1.09343,47.36889],[-1.084672,47.370168],[-1.082596,47.370298],[-1.069903,47.37063],[-1.063654,47.370378],[-1.057568,47.369451],[-1.056431,47.369153],[-1.060588,47.357437],[-1.061552,47.352678],[-1.057415,47.350215],[-1.054217,47.349114],[-1.04948,47.350608],[-1.040099,47.353872],[-1.049503,47.366565],[-1.045824,47.365488],[-1.041383,47.364875],[-1.032591,47.365042],[-1.02887,47.365583],[-1.024614,47.365405],[-1.020656,47.365424],[-1.016536,47.365004],[-1.014086,47.365299],[-1.012567,47.365669],[-1.010658,47.366454],[-1.010495,47.366346],[-1.007615,47.368313],[-1.005927,47.36904],[-1.004195,47.369164],[-1.002862,47.368704],[-1.0021,47.368665],[-1.000595,47.369326],[-0.999042,47.369713],[-0.997261,47.369493],[-0.995716,47.369725],[-0.993676,47.370827],[-0.993878,47.370955],[-0.993441,47.372077],[-0.992259,47.372856],[-0.991199,47.372841],[-0.990144,47.371966],[-0.987948,47.371005],[-0.985302,47.371342],[-0.97966,47.37071],[-0.977061,47.370947],[-0.974856,47.371343],[-0.972793,47.372179],[-0.970161,47.373993],[-0.969379,47.374732],[-0.968116,47.376506],[-0.967601,47.376766],[-0.964492,47.377343],[-0.962214,47.378046],[-0.958169,47.380218],[-0.95255,47.382608],[-0.951615,47.383097],[-0.948236,47.38551],[-0.946661,47.386978],[-0.944439,47.386946],[-0.943372,47.387254],[-0.942706,47.387583],[-0.940733,47.38911],[-0.939117,47.388139],[-0.941069,47.386513],[-0.943831,47.383644],[-0.942565,47.382543],[-0.937914,47.384866],[-0.936696,47.385826],[-0.934328,47.388619],[-0.927111,47.396252],[-0.92322,47.399141],[-0.917723,47.401409],[-0.915093,47.40223],[-0.909289,47.402742],[-0.907039,47.402606],[-0.9053,47.402338],[-0.902363,47.401564],[-0.90121,47.404176],[-0.899801,47.404139],[-0.897262,47.404332],[-0.89661,47.404996],[-0.895596,47.405482],[-0.893925,47.405683],[-0.892514,47.405724],[-0.891793,47.405618],[-0.891181,47.405339],[-0.890245,47.405409],[-0.887121,47.405118],[-0.89346,47.391303],[-0.892384,47.390233],[-0.888745,47.387569],[-0.88386,47.385677],[-0.879451,47.384927],[-0.877406,47.382937],[-0.875839,47.382174],[-0.873391,47.382106],[-0.872716,47.381699],[-0.871898,47.382378],[-0.872278,47.383192],[-0.872248,47.384228],[-0.869704,47.384459],[-0.868891,47.384278],[-0.866935,47.383076],[-0.866546,47.383717],[-0.865661,47.384327],[-0.864325,47.384646],[-0.863685,47.385172],[-0.863187,47.385131],[-0.863849,47.384224],[-0.863828,47.383844],[-0.86485,47.383104],[-0.865633,47.382812],[-0.866883,47.38298],[-0.869137,47.380398],[-0.870196,47.377074],[-0.870666,47.372194],[-0.872001,47.37169],[-0.875522,47.373319],[-0.877063,47.373867],[-0.881506,47.374726],[-0.885609,47.374922],[-0.89251,47.373918],[-0.896061,47.372651],[-0.897613,47.371379],[-0.902967,47.364268],[-0.90435,47.362148],[-0.906349,47.358111],[-0.904753,47.354199],[-0.907618,47.347946],[-0.905152,47.343813],[-0.90636,47.336084],[-0.905557,47.333277],[-0.899011,47.320327],[-0.893312,47.309593],[-0.894677,47.300755],[-0.894501,47.300803],[-0.893397,47.299794],[-0.892615,47.299585],[-0.891802,47.298888],[-0.891468,47.298428],[-0.89134,47.297788],[-0.890763,47.297165],[-0.889025,47.296892],[-0.888227,47.296497],[-0.887704,47.296578],[-0.886574,47.293943],[-0.886701,47.292988],[-0.886533,47.29248],[-0.885825,47.292071],[-0.885173,47.292089],[-0.878772,47.293359],[-0.877328,47.2927],[-0.876555,47.292679],[-0.876257,47.292831],[-0.87628,47.293015],[-0.874957,47.293451],[-0.873205,47.293594],[-0.872885,47.293892],[-0.871294,47.29404],[-0.871067,47.294248],[-0.870077,47.294385],[-0.869507,47.294723],[-0.868617,47.294908],[-0.868217,47.29553],[-0.867768,47.295378],[-0.867351,47.295582],[-0.866448,47.295708],[-0.866332,47.295477],[-0.865426,47.29514],[-0.865022,47.295145],[-0.864168,47.294815],[-0.86382,47.294981],[-0.862693,47.294799],[-0.860847,47.293947],[-0.859909,47.294073],[-0.859218,47.293987],[-0.858637,47.293379],[-0.858213,47.293184],[-0.857072,47.292942],[-0.856604,47.293097],[-0.856153,47.292908],[-0.855802,47.292588],[-0.855911,47.292359],[-0.855591,47.291974],[-0.854823,47.291674],[-0.854904,47.291487],[-0.855173,47.291457],[-0.854876,47.291309],[-0.854826,47.291045],[-0.854196,47.290927],[-0.854096,47.291088],[-0.853676,47.291151],[-0.853553,47.290939],[-0.852886,47.290613],[-0.85289,47.2903],[-0.852469,47.290062],[-0.852427,47.28968],[-0.852843,47.288632],[-0.852289,47.287195],[-0.85249,47.28668],[-0.852205,47.28652],[-0.852125,47.285907],[-0.852719,47.285224],[-0.852763,47.284857],[-0.852408,47.283349],[-0.852477,47.282738],[-0.852114,47.282162],[-0.85252,47.281811],[-0.852242,47.281746],[-0.852487,47.281121],[-0.852347,47.280915],[-0.853125,47.280364],[-0.853772,47.279558],[-0.85323,47.278874],[-0.8527,47.278543],[-0.852765,47.277788],[-0.852558,47.277298],[-0.855943,47.276828],[-0.858593,47.276045],[-0.859586,47.275586],[-0.860269,47.274986],[-0.861618,47.274371],[-0.862318,47.273456],[-0.862594,47.271579],[-0.861952,47.269225],[-0.862381,47.268589],[-0.863113,47.268019],[-0.863793,47.26826],[-0.865691,47.268293],[-0.866524,47.268472],[-0.868111,47.268076],[-0.869682,47.267974],[-0.870389,47.26808],[-0.871503,47.26856],[-0.872177,47.268088],[-0.873306,47.268147],[-0.873473,47.267647],[-0.87343,47.266143],[-0.874179,47.265875],[-0.875853,47.266017],[-0.876675,47.265857],[-0.878603,47.266151],[-0.88083,47.266813],[-0.880364,47.26786],[-0.880447,47.268129],[-0.881354,47.268913],[-0.882497,47.270322],[-0.882884,47.271099],[-0.884819,47.270086],[-0.884697,47.268415],[-0.884948,47.267103],[-0.885432,47.266369],[-0.887078,47.264936],[-0.888079,47.265157],[-0.887915,47.26585],[-0.889836,47.266945],[-0.888104,47.268829],[-0.887726,47.269481],[-0.887501,47.269452],[-0.886786,47.272157],[-0.888539,47.271819],[-0.891086,47.272378],[-0.891944,47.272354],[-0.893641,47.270866],[-0.895347,47.269558],[-0.895545,47.269552],[-0.896983,47.270367],[-0.89772,47.270527],[-0.898571,47.270368],[-0.899731,47.270966],[-0.902841,47.272094],[-0.903375,47.272169],[-0.904183,47.271291],[-0.906745,47.2732],[-0.907287,47.27341],[-0.907947,47.273391],[-0.908596,47.271989],[-0.908139,47.271641],[-0.908688,47.271434],[-0.909108,47.271828],[-0.909153,47.272546],[-0.909886,47.273265],[-0.9118,47.271907],[-0.91551,47.27088],[-0.916049,47.27085],[-0.916938,47.271756],[-0.91695,47.2727],[-0.917764,47.272663],[-0.918258,47.272408],[-0.917256,47.270601],[-0.919452,47.269864],[-0.919903,47.270133],[-0.92048,47.270898],[-0.922964,47.274735],[-0.923403,47.274696],[-0.923882,47.274611],[-0.922448,47.271538],[-0.920732,47.270165],[-0.920118,47.269135],[-0.922924,47.268392],[-0.923771,47.268315],[-0.925081,47.267669],[-0.927151,47.267363],[-0.930305,47.265769],[-0.931373,47.264619],[-0.932488,47.26436],[-0.937005,47.266178],[-0.939084,47.266659],[-0.940457,47.267456],[-0.94344,47.265531],[-0.947374,47.263908],[-0.947264,47.263797],[-0.94788,47.263175],[-0.948051,47.262444],[-0.952234,47.263536],[-0.955874,47.280043],[-0.966492,47.281897],[-0.97136,47.282013],[-0.973461,47.281886],[-0.98772,47.273693],[-0.990038,47.271729],[-0.971709,47.26427],[-0.981826,47.259109],[-0.982406,47.259025],[-0.986636,47.257499],[-0.986983,47.257719],[-0.987608,47.257816],[-0.987752,47.258211],[-0.9907,47.259959]],[[-0.999371,47.294342],[-0.992244,47.293411],[-0.989081,47.29336],[-0.982562,47.295114],[-0.97437,47.297589],[-0.971235,47.302805],[-0.971886,47.302608],[-0.973924,47.302651],[-0.974762,47.302484],[-0.975461,47.301872],[-0.976706,47.3016],[-0.979608,47.302173],[-0.981543,47.30098],[-0.981906,47.300908],[-0.982743,47.300096],[-0.984985,47.298661],[-0.987817,47.297969],[-0.989739,47.29785],[-0.992098,47.29794],[-0.993706,47.297362],[-0.994613,47.297446],[-0.994817,47.297219],[-0.995312,47.297081],[-0.99564,47.296452],[-0.996398,47.296259],[-0.998066,47.296169],[-0.998541,47.295924],[-0.998978,47.294676],[-0.999371,47.294342]],[[-0.926758,47.32235],[-0.926321,47.32232],[-0.926607,47.321987],[-0.927361,47.32192],[-0.927004,47.321162],[-0.926264,47.321245],[-0.926056,47.321489],[-0.926397,47.32168],[-0.926284,47.321797],[-0.925753,47.321662],[-0.926071,47.322026],[-0.925698,47.322291],[-0.925833,47.322466],[-0.926182,47.322513],[-0.926342,47.322784],[-0.926799,47.322532],[-0.926758,47.32235]],[[-0.930013,47.328947],[-0.935666,47.328061],[-0.942444,47.326699],[-0.942495,47.326229],[-0.934003,47.323102],[-0.931714,47.321751],[-0.929679,47.320952],[-0.928458,47.320969],[-0.927736,47.320763],[-0.927362,47.32102],[-0.928374,47.321305],[-0.928622,47.321701],[-0.928482,47.322042],[-0.928007,47.322368],[-0.92808,47.322734],[-0.927501,47.323661],[-0.927587,47.324036],[-0.930013,47.328947]],[[-1.007014,47.359758],[-1.007463,47.359998],[-1.008955,47.360311],[-1.00937,47.36074],[-1.009627,47.360428],[-1.009348,47.360123],[-1.009469,47.35985],[-1.008428,47.359292],[-1.008478,47.35904],[-1.007634,47.357886],[-1.002439,47.348264],[-0.999792,47.346156],[-0.989029,47.349208],[-1.006111,47.359394],[-1.007014,47.359758]],[[-1.019808,47.360808],[-1.019834,47.360582],[-1.020261,47.360579],[-1.020401,47.360446],[-1.019881,47.36031],[-1.019394,47.360389],[-1.01844,47.361257],[-1.019052,47.361599],[-1.019744,47.361238],[-1.019808,47.360808]],[[-0.940356,47.366099],[-0.940555,47.365966],[-0.939991,47.365523],[-0.939264,47.365504],[-0.93893,47.36592],[-0.939368,47.366118],[-0.940356,47.366099]],[[-1.117916,47.357147],[-1.117912,47.356873],[-1.118911,47.35635],[-1.11975,47.355544],[-1.121405,47.352506],[-1.124694,47.347923],[-1.10727,47.349561],[-1.105735,47.34984],[-1.103247,47.350581],[-1.095665,47.353039],[-1.115386,47.356228],[-1.116542,47.356512],[-1.117677,47.357376],[-1.118033,47.35725],[-1.117916,47.357147]],[[-0.983811,47.28705],[-0.982658,47.287157],[-0.981875,47.287889],[-0.981305,47.287501],[-0.980382,47.288203],[-0.979577,47.287969],[-0.97939,47.287672],[-0.978676,47.287752],[-0.977186,47.286487],[-0.977577,47.288066],[-0.977867,47.288169],[-0.978372,47.288957],[-0.978047,47.289829],[-0.978084,47.291723],[-0.980764,47.289539],[-0.982013,47.289214],[-0.982679,47.288531],[-0.983259,47.288223],[-0.983639,47.287621],[-0.983955,47.287763],[-0.984464,47.287572],[-0.984664,47.287995],[-0.985141,47.288017],[-0.984646,47.287116],[-0.984377,47.287243],[-0.983811,47.28705]],[[-0.983099,47.287744],[-0.983127,47.287528],[-0.983367,47.287626],[-0.983099,47.287744]],[[-0.981899,47.287948],[-0.981916,47.288107],[-0.981899,47.287948]]]}},{"type":"Feature","properties":{"uai_primary":"0490042E","uai_all":"0490042E","is_merged":false},"geometry":{"type":"Polygon","coordinates":[[[-0.041932,47.202513],[-0.041617,47.202808],[-0.04052,47.202562],[-0.041932,47.202513]],[[-0.073772,47.272821],[-0.074326,47.273348],[-0.074469,47.273898],[-0.074276,47.273953],[-0.072724,47.273733],[-0.072279,47.274022],[-0.071806,47.273935],[-0.071279,47.273626],[-0.070914,47.272929],[-0.071085,47.27271],[-0.07191,47.272356],[-0.072735,47.272206],[-0.073373,47.272396],[-0.073772,47.272821]],[[-0.078776,47.276788],[-0.077696,47.277838],[-0.074963,47.278827],[-0.073603,47.279861],[-0.072087,47.281666],[-0.070686,47.283781],[-0.069265,47.279181],[-0.068814,47.278446],[-0.069108,47.278204],[-0.070144,47.278633],[-0.070348,47.278501],[-0.071835,47.277004],[-0.071745,47.275896],[-0.074012,47.275875],[-0.07382,47.275324],[-0.074582,47.27495],[-0.074805,47.274488],[-0.074605,47.273935],[-0.076157,47.273547],[-0.076483,47.27375],[-0.076813,47.275262],[-0.077829,47.275185],[-0.078928,47.275822],[-0.079126,47.276132],[-0.078788,47.276441],[-0.078776,47.276788]],[[-0.220211,47.265662],[-0.220017,47.267963],[-0.219736,47.268913],[-0.224574,47.269584],[-0.225704,47.270115],[-0.225135,47.271944],[-0.22415,47.273217],[-0.224512,47.2733],[-0.224576,47.274842],[-0.224046,47.27586],[-0.224634,47.276847],[-0.220309,47.280047],[-0.219703,47.281487],[-0.218841,47.282686],[-0.214539,47.283096],[-0.213437,47.283388],[-0.21322,47.283237],[-0.210698,47.283542],[-0.209373,47.284225],[-0.205639,47.285508],[-0.203852,47.28633],[-0.20247,47.286407],[-0.201529,47.287063],[-0.196699,47.28734],[-0.195492,47.287636],[-0.194608,47.288004],[-0.194526,47.288262],[-0.19289,47.288642],[-0.191801,47.289487],[-0.191384,47.289322],[-0.191794,47.288803],[-0.190717,47.287291],[-0.1898,47.287422],[-0.188593,47.28789],[-0.186304,47.285211],[-0.185451,47.28455],[-0.183024,47.285834],[-0.182597,47.285587],[-0.18235,47.285735],[-0.182079,47.285521],[-0.181797,47.285722],[-0.180121,47.285196],[-0.177094,47.283495],[-0.174619,47.284439],[-0.169865,47.283194],[-0.169594,47.283503],[-0.168652,47.283405],[-0.167143,47.283852],[-0.166039,47.283503],[-0.16554,47.283994],[-0.164967,47.283926],[-0.164375,47.284396],[-0.163799,47.284048],[-0.161838,47.285644],[-0.158989,47.28689],[-0.158414,47.286445],[-0.157993,47.28429],[-0.157531,47.283301],[-0.15701,47.283036],[-0.156683,47.281885],[-0.156815,47.281214],[-0.157343,47.280277],[-0.159857,47.277393],[-0.159971,47.27644],[-0.158634,47.275941],[-0.156149,47.27592],[-0.156436,47.275056],[-0.156223,47.275015],[-0.15658,47.273973],[-0.156448,47.273958],[-0.156935,47.27248],[-0.156551,47.272432],[-0.156788,47.271251],[-0.156134,47.269743],[-0.156189,47.26864],[-0.154258,47.268513],[-0.146047,47.269205],[-0.146085,47.268936],[-0.145495,47.268555],[-0.144847,47.268538],[-0.144432,47.268371],[-0.14345,47.26718],[-0.140936,47.265682],[-0.139343,47.262731],[-0.139032,47.261605],[-0.137085,47.260374],[-0.135771,47.260014],[-0.135004,47.259285],[-0.130776,47.257537],[-0.129958,47.256758],[-0.128699,47.255969],[-0.127172,47.255528],[-0.12465,47.253965],[-0.125892,47.253],[-0.125734,47.251598],[-0.124182,47.249506],[-0.115819,47.249694],[-0.11582,47.2486],[-0.115641,47.248294],[-0.11599,47.247495],[-0.114854,47.246383],[-0.113431,47.245615],[-0.112821,47.244701],[-0.112159,47.244376],[-0.111286,47.244306],[-0.109543,47.244815],[-0.109837,47.245542],[-0.109641,47.245677],[-0.107585,47.245018],[-0.106781,47.245881],[-0.104429,47.246579],[-0.104302,47.247812],[-0.104467,47.249019],[-0.102948,47.250592],[-0.101637,47.251349],[-0.101101,47.251844],[-0.101619,47.253674],[-0.101245,47.255035],[-0.101712,47.256078],[-0.097779,47.257344],[-0.097614,47.257851],[-0.097716,47.258423],[-0.097177,47.258798],[-0.097514,47.25927],[-0.096854,47.259961],[-0.097856,47.25992],[-0.098514,47.260098],[-0.098859,47.260685],[-0.098574,47.261007],[-0.098678,47.261383],[-0.099104,47.261409],[-0.099602,47.261696],[-0.100506,47.261743],[-0.10056,47.262355],[-0.100837,47.262796],[-0.100474,47.263591],[-0.100873,47.264343],[-0.100454,47.264399],[-0.099629,47.263843],[-0.098944,47.263605],[-0.098244,47.263615],[-0.093677,47.262741],[-0.092276,47.261911],[-0.091987,47.259351],[-0.09109,47.256623],[-0.090167,47.255704],[-0.089537,47.255405],[-0.088633,47.254063],[-0.087059,47.253008],[-0.084627,47.251844],[-0.083304,47.252444],[-0.081988,47.252442],[-0.081473,47.252236],[-0.080947,47.25097],[-0.081179,47.250366],[-0.078782,47.250495],[-0.077074,47.249528],[-0.075734,47.249972],[-0.073965,47.252274],[-0.07245,47.251],[-0.072717,47.250455],[-0.072699,47.249751],[-0.072484,47.249475],[-0.071095,47.248793],[-0.069802,47.248493],[-0.069809,47.247274],[-0.07022,47.24662],[-0.070196,47.246167],[-0.068911,47.245246],[-0.06794,47.245811],[-0.067428,47.245356],[-0.066186,47.245375],[-0.065324,47.245873],[-0.065353,47.246324],[-0.065033,47.246608],[-0.06317,47.246716],[-0.063392,47.247397],[-0.062464,47.247929],[-0.062296,47.248713],[-0.061477,47.248926],[-0.06088,47.249281],[-0.060122,47.248975],[-0.059272,47.248062],[-0.055883,47.247329],[-0.052662,47.243793],[-0.052539,47.243249],[-0.052739,47.241698],[-0.053253,47.240644],[-0.05062,47.233194],[-0.048455,47.232783],[-0.046311,47.233343],[-0.045094,47.234188],[-0.045059,47.234039],[-0.045042,47.232928],[-0.045762,47.231755],[-0.046069,47.230736],[-0.046925,47.230889],[-0.047021,47.230662],[-0.047718,47.230805],[-0.047817,47.230507],[-0.049749,47.230729],[-0.047667,47.224554],[-0.045474,47.220007],[-0.044655,47.212872],[-0.044806,47.212942],[-0.04383,47.211237],[-0.043717,47.209759],[-0.053126,47.209045],[-0.048435,47.202288],[-0.050112,47.202288],[-0.055806,47.204266],[-0.058302,47.204819],[-0.058742,47.204852],[-0.063612,47.203316],[-0.066251,47.202646],[-0.070802,47.203035],[-0.07315,47.204454],[-0.077745,47.201407],[-0.079201,47.200058],[-0.079526,47.198628],[-0.07866,47.198047],[-0.078202,47.198014],[-0.077177,47.197528],[-0.072115,47.196325],[-0.072222,47.193335],[-0.074915,47.187192],[-0.078037,47.184579],[-0.081053,47.183226],[-0.083928,47.182648],[-0.083834,47.183387],[-0.083054,47.185153],[-0.083345,47.189002],[-0.083536,47.189369],[-0.085819,47.187921],[-0.08741,47.18758],[-0.089356,47.187445],[-0.092083,47.187014],[-0.094665,47.188156],[-0.096433,47.187791],[-0.098053,47.188285],[-0.099064,47.188043],[-0.101105,47.187158],[-0.101986,47.187568],[-0.103282,47.187605],[-0.104226,47.188045],[-0.107307,47.188148],[-0.107286,47.188284],[-0.108812,47.188479],[-0.110224,47.189214],[-0.1105,47.189513],[-0.110621,47.190298],[-0.110132,47.190915],[-0.111334,47.191128],[-0.111339,47.192205],[-0.113036,47.192435],[-0.114536,47.192822],[-0.114237,47.193168],[-0.113917,47.19445],[-0.11294,47.196429],[-0.114248,47.196699],[-0.113708,47.197854],[-0.115439,47.198257],[-0.113608,47.199526],[-0.113237,47.199969],[-0.112427,47.202673],[-0.112045,47.203593],[-0.111232,47.204727],[-0.110761,47.20651],[-0.10868,47.209573],[-0.107888,47.211239],[-0.107096,47.212176],[-0.110777,47.211106],[-0.11336,47.210823],[-0.115329,47.2102],[-0.120293,47.208123],[-0.122681,47.207414],[-0.127271,47.20491],[-0.130982,47.205344],[-0.132287,47.205289],[-0.134179,47.204842],[-0.135342,47.204881],[-0.137257,47.206643],[-0.139325,47.209018],[-0.143809,47.207602],[-0.143933,47.207937],[-0.143727,47.208143],[-0.144859,47.208863],[-0.146499,47.208039],[-0.148811,47.207625],[-0.151585,47.206722],[-0.153033,47.20684],[-0.157892,47.208204],[-0.158234,47.208233],[-0.158623,47.207886],[-0.160472,47.208516],[-0.161892,47.209223],[-0.162512,47.210091],[-0.163435,47.210604],[-0.163223,47.210776],[-0.163409,47.210891],[-0.165359,47.211466],[-0.166663,47.212087],[-0.167442,47.212224],[-0.16826,47.212147],[-0.170147,47.211603],[-0.171594,47.210856],[-0.173451,47.210322],[-0.173966,47.209421],[-0.174902,47.208366],[-0.175712,47.207985],[-0.175724,47.207743],[-0.176539,47.206733],[-0.178936,47.209344],[-0.179765,47.211555],[-0.18086,47.212155],[-0.19195,47.208418],[-0.193823,47.209798],[-0.192803,47.210932],[-0.192912,47.211666],[-0.191514,47.213131],[-0.194117,47.214289],[-0.19564,47.214319],[-0.199051,47.21515],[-0.200047,47.215756],[-0.201813,47.21652],[-0.202387,47.216251],[-0.204688,47.216892],[-0.205599,47.216205],[-0.207991,47.217146],[-0.206971,47.218583],[-0.202311,47.218876],[-0.199259,47.219841],[-0.200573,47.222123],[-0.203421,47.224221],[-0.204593,47.22538],[-0.202561,47.226005],[-0.197582,47.227961],[-0.196606,47.229297],[-0.19584,47.230854],[-0.195314,47.231232],[-0.195253,47.231697],[-0.193973,47.231837],[-0.194267,47.232631],[-0.193949,47.236706],[-0.193707,47.237276],[-0.193851,47.238044],[-0.193541,47.238751],[-0.192741,47.239488],[-0.192033,47.240716],[-0.192581,47.241919],[-0.192535,47.242233],[-0.194708,47.243421],[-0.195211,47.244841],[-0.196606,47.24606],[-0.195906,47.246863],[-0.195998,47.247495],[-0.195633,47.24872],[-0.195966,47.250395],[-0.195578,47.250738],[-0.195304,47.251715],[-0.19533,47.253437],[-0.195456,47.254721],[-0.196082,47.255524],[-0.196155,47.256351],[-0.196833,47.257884],[-0.197258,47.259871],[-0.197723,47.261006],[-0.198046,47.261477],[-0.198523,47.261778],[-0.200787,47.262459],[-0.202511,47.262558],[-0.203609,47.261778],[-0.205411,47.262023],[-0.207334,47.261633],[-0.208626,47.261643],[-0.209402,47.262038],[-0.211434,47.262372],[-0.214629,47.263242],[-0.218443,47.263547],[-0.218763,47.263629],[-0.219198,47.264162],[-0.220332,47.264207],[-0.220023,47.265458],[-0.220211,47.265662]],[[-0.108066,47.240807],[-0.107057,47.241367],[-0.107282,47.242803],[-0.108756,47.244115],[-0.110151,47.242429],[-0.111107,47.240762],[-0.111479,47.23987],[-0.110946,47.239218],[-0.108066,47.240807]],[[-0.092012,47.24154],[-0.092958,47.241619],[-0.093565,47.241042],[-0.093435,47.24075],[-0.092609,47.240696],[-0.092097,47.240478],[-0.091737,47.240815],[-0.092012,47.24154]],[[-0.069792,47.241779],[-0.067515,47.242012],[-0.067723,47.240176],[-0.067308,47.239236],[-0.062923,47.242041],[-0.057798,47.241892],[-0.059457,47.243373],[-0.063556,47.245228],[-0.064404,47.245324],[-0.064892,47.245305],[-0.065118,47.245061],[-0.065304,47.242776],[-0.0676,47.243903],[-0.068339,47.244019],[-0.069163,47.24394],[-0.070099,47.243193],[-0.070638,47.242483],[-0.070322,47.241776],[-0.069792,47.241779]]]}},{"type":"Feature","properties":{"uai_primary":"0490046J","uai_all":"0490046J","is_merged":false},"geometry":{"type":"Polygon","coordinates":[[[-0.671048,47.328655],[-0.671621,47.328183],[-0.672391,47.328155],[-0.672761,47.329436],[-0.671376,47.329086],[-0.671048,47.328655]],[[-0.700817,47.169641],[-0.692907,47.172518],[-0.685049,47.17406],[-0.679198,47.174982],[-0.68279,47.166983],[-0.683036,47.165592],[-0.683781,47.164367],[-0.685473,47.159928],[-0.689967,47.156033],[-0.711694,47.166126],[-0.700817,47.169641]],[[-0.666489,47.28557],[-0.663066,47.290049],[-0.665823,47.28964],[-0.66671,47.28933],[-0.670103,47.287545],[-0.671774,47.287069],[-0.67346,47.286803],[-0.674203,47.286547],[-0.678208,47.286588],[-0.678371,47.288398],[-0.680132,47.292894],[-0.682311,47.29278],[-0.682166,47.292205],[-0.684393,47.29222],[-0.68491,47.2932],[-0.687354,47.295929],[-0.689125,47.296649],[-0.69074,47.296774],[-0.691731,47.29853],[-0.691684,47.298851],[-0.692251,47.29992],[-0.695085,47.299657],[-0.696839,47.302581],[-0.69725,47.302841],[-0.698391,47.303126],[-0.698478,47.303484],[-0.700573,47.304239],[-0.703191,47.307231],[-0.706604,47.307906],[-0.707344,47.308111],[-0.707972,47.308549],[-0.707022,47.309426],[-0.706035,47.31095],[-0.703805,47.312561],[-0.702894,47.312827],[-0.702565,47.312792],[-0.700219,47.313831],[-0.697911,47.315334],[-0.697254,47.315485],[-0.69571,47.315534],[-0.695275,47.315911],[-0.694941,47.315903],[-0.694686,47.316145],[-0.691917,47.317091],[-0.691056,47.317782],[-0.688967,47.318917],[-0.686038,47.31807],[-0.681381,47.31526],[-0.678537,47.313989],[-0.674744,47.312732],[-0.669043,47.312003],[-0.664858,47.312071],[-0.660266,47.312915],[-0.659819,47.313551],[-0.651438,47.319234],[-0.650529,47.319],[-0.647625,47.316882],[-0.646926,47.315393],[-0.642478,47.315819],[-0.641298,47.316367],[-0.640874,47.317072],[-0.639938,47.31773],[-0.639061,47.317925],[-0.638904,47.318524],[-0.63795,47.319531],[-0.637947,47.320619],[-0.638531,47.321527],[-0.638537,47.321913],[-0.637654,47.323853],[-0.63518,47.326447],[-0.635167,47.32666],[-0.635692,47.327067],[-0.635867,47.327458],[-0.635239,47.328062],[-0.635056,47.328568],[-0.633634,47.329304],[-0.633405,47.330156],[-0.634131,47.330778],[-0.63233,47.332479],[-0.63138,47.332933],[-0.630838,47.334221],[-0.628706,47.333693],[-0.623317,47.333246],[-0.620508,47.332714],[-0.612562,47.332184],[-0.609556,47.332586],[-0.605804,47.332813],[-0.604055,47.333218],[-0.602846,47.33299],[-0.601748,47.333755],[-0.599449,47.334083],[-0.599306,47.333445],[-0.598976,47.333123],[-0.596288,47.332329],[-0.596528,47.331864],[-0.590083,47.330506],[-0.589747,47.330487],[-0.588527,47.331268],[-0.586826,47.330529],[-0.585059,47.330063],[-0.58325,47.329118],[-0.582203,47.328922],[-0.582447,47.328494],[-0.580708,47.328156],[-0.578521,47.328247],[-0.577086,47.328809],[-0.576396,47.328203],[-0.573629,47.327778],[-0.573052,47.326867],[-0.571603,47.32625],[-0.570365,47.325944],[-0.571195,47.324245],[-0.570867,47.323614],[-0.569907,47.322709],[-0.567966,47.322906],[-0.56742,47.323163],[-0.567198,47.323813],[-0.565094,47.324407],[-0.563602,47.323994],[-0.562191,47.32431],[-0.56072,47.32435],[-0.560218,47.324857],[-0.560235,47.325172],[-0.561261,47.325776],[-0.561263,47.327036],[-0.557549,47.326794],[-0.557754,47.326386],[-0.556502,47.325896],[-0.555852,47.327352],[-0.556025,47.328037],[-0.555803,47.328365],[-0.553861,47.33017],[-0.552994,47.330644],[-0.552116,47.331591],[-0.551083,47.332251],[-0.547185,47.329989],[-0.546628,47.33057],[-0.546449,47.331502],[-0.545049,47.333849],[-0.545264,47.334166],[-0.54676,47.334866],[-0.544017,47.335524],[-0.543032,47.335916],[-0.542858,47.336119],[-0.541554,47.335606],[-0.538955,47.335543],[-0.537432,47.335827],[-0.536293,47.336565],[-0.533904,47.335497],[-0.533266,47.335872],[-0.531615,47.336282],[-0.52928,47.336377],[-0.528222,47.335955],[-0.5269,47.335969],[-0.525891,47.336211],[-0.525516,47.335668],[-0.525137,47.334476],[-0.525715,47.333188],[-0.527498,47.331677],[-0.527884,47.33035],[-0.527481,47.330035],[-0.52513,47.32904],[-0.523351,47.326947],[-0.520538,47.325169],[-0.519438,47.324646],[-0.517509,47.321769],[-0.516133,47.321504],[-0.514805,47.322383],[-0.512757,47.322944],[-0.511815,47.321213],[-0.511943,47.320636],[-0.503077,47.318969],[-0.504503,47.317953],[-0.503715,47.317686],[-0.502542,47.316951],[-0.50205,47.316234],[-0.499729,47.314376],[-0.498849,47.314168],[-0.495119,47.314504],[-0.49313,47.314167],[-0.490622,47.313378],[-0.489034,47.314266],[-0.48786,47.31467],[-0.483442,47.315798],[-0.482518,47.315901],[-0.478728,47.315837],[-0.477494,47.316318],[-0.473437,47.31596],[-0.47293,47.31576],[-0.466261,47.319379],[-0.461237,47.322613],[-0.458963,47.323478],[-0.457619,47.323249],[-0.457573,47.322818],[-0.456778,47.32237],[-0.456067,47.32154],[-0.455501,47.320381],[-0.454566,47.319851],[-0.453464,47.319368],[-0.451757,47.319516],[-0.450781,47.319358],[-0.449858,47.319425],[-0.448754,47.320418],[-0.44884,47.321386],[-0.448328,47.32197],[-0.447461,47.322349],[-0.446077,47.323374],[-0.444327,47.32359],[-0.444097,47.323516],[-0.444195,47.323381],[-0.443382,47.321535],[-0.442558,47.320321],[-0.442075,47.318448],[-0.44225,47.317998],[-0.441989,47.317958],[-0.440102,47.315464],[-0.441693,47.315318],[-0.442108,47.315151],[-0.441587,47.314753],[-0.440693,47.311603],[-0.443018,47.306651],[-0.442694,47.305621],[-0.442798,47.304861],[-0.441134,47.3049],[-0.43833,47.303793],[-0.434007,47.302717],[-0.430345,47.301321],[-0.427547,47.300876],[-0.427571,47.300298],[-0.42828,47.29919],[-0.425294,47.297938],[-0.424101,47.297613],[-0.42551,47.295482],[-0.424744,47.295163],[-0.42475,47.294566],[-0.425471,47.293233],[-0.424049,47.292592],[-0.42621,47.289184],[-0.426157,47.288853],[-0.42641,47.288434],[-0.427582,47.286943],[-0.427867,47.2861],[-0.428539,47.285215],[-0.427535,47.284002],[-0.421701,47.281339],[-0.419412,47.282181],[-0.416128,47.282194],[-0.415901,47.281557],[-0.410133,47.277333],[-0.40996,47.275871],[-0.406739,47.274957],[-0.406031,47.274106],[-0.405268,47.274133],[-0.403901,47.273611],[-0.402984,47.27303],[-0.401743,47.27294],[-0.402545,47.271065],[-0.403498,47.269623],[-0.403997,47.268032],[-0.405431,47.265231],[-0.401423,47.264248],[-0.396458,47.263258],[-0.39402,47.268147],[-0.393252,47.269193],[-0.392372,47.267952],[-0.392537,47.266278],[-0.39067,47.265094],[-0.390491,47.263976],[-0.388712,47.264005],[-0.387742,47.262891],[-0.387523,47.260398],[-0.388,47.258346],[-0.387925,47.256528],[-0.388727,47.256704],[-0.38874,47.255754],[-0.39055,47.255763],[-0.392231,47.255004],[-0.391936,47.25312],[-0.392168,47.252484],[-0.393779,47.25066],[-0.394677,47.251518],[-0.395697,47.252057],[-0.39671,47.250802],[-0.397307,47.250878],[-0.398119,47.249914],[-0.399189,47.250285],[-0.399832,47.249569],[-0.400829,47.249857],[-0.40355,47.24758],[-0.403952,47.247851],[-0.405086,47.246598],[-0.403381,47.245558],[-0.403437,47.245377],[-0.405588,47.244234],[-0.40471,47.242834],[-0.403626,47.24001],[-0.402591,47.238558],[-0.402059,47.237175],[-0.399784,47.23709],[-0.399351,47.235258],[-0.39681,47.235948],[-0.396709,47.235276],[-0.395966,47.234978],[-0.396016,47.234662],[-0.396992,47.233421],[-0.396027,47.23349],[-0.396332,47.231978],[-0.396654,47.231632],[-0.396937,47.229662],[-0.397753,47.22963],[-0.397783,47.229267],[-0.394343,47.228923],[-0.393403,47.228511],[-0.394734,47.226016],[-0.394459,47.225916],[-0.394004,47.223529],[-0.393137,47.222147],[-0.401054,47.21964],[-0.40396,47.220085],[-0.406889,47.220009],[-0.408697,47.219598],[-0.409856,47.220053],[-0.411744,47.220404],[-0.417328,47.223194],[-0.419641,47.223452],[-0.421213,47.223417],[-0.421751,47.223243],[-0.422073,47.222946],[-0.423234,47.221124],[-0.42749,47.218447],[-0.428298,47.217663],[-0.429985,47.21524],[-0.430493,47.214774],[-0.431164,47.214489],[-0.431305,47.215188],[-0.432012,47.215171],[-0.435291,47.214732],[-0.436489,47.21435],[-0.438742,47.214751],[-0.439493,47.215173],[-0.440399,47.216814],[-0.443709,47.220465],[-0.448277,47.221702],[-0.449036,47.22155],[-0.449421,47.221262],[-0.4502,47.221058],[-0.453583,47.218286],[-0.45715,47.217051],[-0.458178,47.216017],[-0.459014,47.215724],[-0.460264,47.215967],[-0.462246,47.216686],[-0.462863,47.217223],[-0.463668,47.217521],[-0.463905,47.219065],[-0.46342,47.22116],[-0.462221,47.221826],[-0.46153,47.22294],[-0.460836,47.223332],[-0.460771,47.223926],[-0.461409,47.225638],[-0.462505,47.226716],[-0.464499,47.227308],[-0.465208,47.227942],[-0.465921,47.228061],[-0.468835,47.227273],[-0.471706,47.225643],[-0.472595,47.224657],[-0.473389,47.221866],[-0.47404,47.221484],[-0.475087,47.22135],[-0.477018,47.221653],[-0.478253,47.223244],[-0.477902,47.224332],[-0.480139,47.223969],[-0.480679,47.223695],[-0.481236,47.223728],[-0.481814,47.223423],[-0.482431,47.222429],[-0.483265,47.222056],[-0.483554,47.221499],[-0.484149,47.221349],[-0.484657,47.220792],[-0.484515,47.220524],[-0.484894,47.220311],[-0.484629,47.220039],[-0.484759,47.219168],[-0.485078,47.21882],[-0.48538,47.218938],[-0.48557,47.218844],[-0.485638,47.218218],[-0.486048,47.217754],[-0.485931,47.21731],[-0.486445,47.216421],[-0.486891,47.216285],[-0.487332,47.216527],[-0.48736,47.216119],[-0.48801,47.216297],[-0.48891,47.215695],[-0.48958,47.215768],[-0.491505,47.215562],[-0.492759,47.21449],[-0.494386,47.213811],[-0.494504,47.2134],[-0.494895,47.213354],[-0.494799,47.213103],[-0.495148,47.212949],[-0.494871,47.212495],[-0.495241,47.210905],[-0.495629,47.210584],[-0.496729,47.211067],[-0.497523,47.211184],[-0.497985,47.210886],[-0.499603,47.21057],[-0.500894,47.20962],[-0.503618,47.209604],[-0.505325,47.209145],[-0.506408,47.209056],[-0.510692,47.209349],[-0.513005,47.20925],[-0.518344,47.210022],[-0.521985,47.209232],[-0.533786,47.207824],[-0.540837,47.207479],[-0.542087,47.207575],[-0.544078,47.207204],[-0.544741,47.207277],[-0.545619,47.207615],[-0.547078,47.208665],[-0.547899,47.208238],[-0.548077,47.208735],[-0.548387,47.208885],[-0.548236,47.209404],[-0.548523,47.209743],[-0.548834,47.211186],[-0.549441,47.211311],[-0.548397,47.211847],[-0.54808,47.212372],[-0.548082,47.213019],[-0.547528,47.213047],[-0.547171,47.213539],[-0.545371,47.214834],[-0.544981,47.215857],[-0.545067,47.216249],[-0.545406,47.216557],[-0.545113,47.216795],[-0.545159,47.217104],[-0.544493,47.217818],[-0.543699,47.218181],[-0.543266,47.218856],[-0.542627,47.219392],[-0.541474,47.219759],[-0.540821,47.22017],[-0.540351,47.220858],[-0.53982,47.221214],[-0.538969,47.222552],[-0.537159,47.223376],[-0.536461,47.224087],[-0.53527,47.224821],[-0.534525,47.225821],[-0.532824,47.226566],[-0.532818,47.227048],[-0.53216,47.227742],[-0.532446,47.229012],[-0.532098,47.229448],[-0.530943,47.230123],[-0.530634,47.230549],[-0.530115,47.230542],[-0.529874,47.230677],[-0.529256,47.231309],[-0.527738,47.231524],[-0.526455,47.233015],[-0.525316,47.233465],[-0.524443,47.233522],[-0.525528,47.234051],[-0.527628,47.23425],[-0.528604,47.234637],[-0.529208,47.234175],[-0.52932,47.233812],[-0.529913,47.233797],[-0.530062,47.234108],[-0.530263,47.234148],[-0.530593,47.233847],[-0.531624,47.233903],[-0.531922,47.233458],[-0.531399,47.23332],[-0.531601,47.232597],[-0.534623,47.233023],[-0.534459,47.233556],[-0.537561,47.234002],[-0.539503,47.233214],[-0.53933,47.234634],[-0.540401,47.234661],[-0.540716,47.234383],[-0.546716,47.235359],[-0.547067,47.234494],[-0.548197,47.234646],[-0.548792,47.233416],[-0.5498,47.233706],[-0.549506,47.234388],[-0.552186,47.235087],[-0.554488,47.235916],[-0.555943,47.235252],[-0.557596,47.233932],[-0.55944,47.232995],[-0.560252,47.233273],[-0.560697,47.233613],[-0.563594,47.23462],[-0.567106,47.234802],[-0.567208,47.235475],[-0.56768,47.235638],[-0.568104,47.236016],[-0.569255,47.236445],[-0.569262,47.236867],[-0.56802,47.239011],[-0.568183,47.23949],[-0.569266,47.239626],[-0.569414,47.239915],[-0.569898,47.240027],[-0.571204,47.239573],[-0.571729,47.239631],[-0.573031,47.240884],[-0.577161,47.240679],[-0.578953,47.240286],[-0.579706,47.239891],[-0.580537,47.24033],[-0.58045,47.241206],[-0.581891,47.241765],[-0.582816,47.241742],[-0.583674,47.241972],[-0.585016,47.24116],[-0.585424,47.241487],[-0.585571,47.242572],[-0.588751,47.244622],[-0.588023,47.245403],[-0.587333,47.246731],[-0.592095,47.248884],[-0.593806,47.24913],[-0.594737,47.250107],[-0.595549,47.250306],[-0.596539,47.250935],[-0.598218,47.251433],[-0.602298,47.253058],[-0.606415,47.254194],[-0.610376,47.254909],[-0.612279,47.255024],[-0.614411,47.255807],[-0.608529,47.25303],[-0.617628,47.241949],[-0.622196,47.240397],[-0.660367,47.229248],[-0.664385,47.231427],[-0.673577,47.246528],[-0.688338,47.255985],[-0.694922,47.263767],[-0.674167,47.275742],[-0.666489,47.28557]],[[-0.643589,47.279559],[-0.636235,47.268408],[-0.633009,47.265216],[-0.630836,47.26376],[-0.627208,47.261846],[-0.61598,47.256547],[-0.61357,47.258519],[-0.611325,47.259908],[-0.60984,47.26145],[-0.613237,47.263653],[-0.614009,47.263274],[-0.615694,47.264421],[-0.6137,47.26511],[-0.611849,47.266183],[-0.610279,47.267947],[-0.609018,47.268752],[-0.607828,47.269243],[-0.60275,47.272918],[-0.601505,47.27527],[-0.602926,47.275865],[-0.607108,47.27697],[-0.611813,47.277603],[-0.611436,47.279362],[-0.611057,47.279799],[-0.610036,47.280623],[-0.608602,47.281396],[-0.606512,47.28353],[-0.604635,47.28389],[-0.60377,47.284639],[-0.604392,47.285265],[-0.603659,47.285904],[-0.603391,47.286531],[-0.603514,47.286759],[-0.601977,47.288181],[-0.600137,47.288874],[-0.600371,47.288948],[-0.600171,47.28914],[-0.599053,47.289741],[-0.599018,47.291166],[-0.599232,47.292152],[-0.59875,47.292889],[-0.596945,47.293755],[-0.595973,47.294982],[-0.595156,47.295383],[-0.594792,47.296042],[-0.594441,47.296119],[-0.594022,47.296578],[-0.593944,47.296782],[-0.594382,47.296949],[-0.594714,47.297513],[-0.595598,47.297819],[-0.595773,47.29835],[-0.596469,47.298573],[-0.597223,47.298321],[-0.597601,47.298472],[-0.598172,47.299933],[-0.597812,47.30149],[-0.600392,47.300663],[-0.604333,47.298943],[-0.605026,47.298295],[-0.605756,47.297151],[-0.608144,47.295626],[-0.609439,47.296742],[-0.610668,47.297431],[-0.610935,47.297469],[-0.611758,47.296818],[-0.612766,47.296305],[-0.613346,47.297215],[-0.613283,47.297656],[-0.61367,47.297963],[-0.616123,47.298604],[-0.617199,47.298719],[-0.618304,47.299283],[-0.62175,47.299387],[-0.623078,47.299898],[-0.62353,47.298238],[-0.625038,47.297436],[-0.625859,47.296333],[-0.626677,47.296194],[-0.627375,47.295618],[-0.627911,47.294749],[-0.628534,47.294682],[-0.62908,47.294021],[-0.629713,47.290996],[-0.629421,47.290463],[-0.629724,47.290184],[-0.629472,47.289431],[-0.629531,47.288787],[-0.63011,47.288584],[-0.630557,47.287839],[-0.631294,47.287679],[-0.632743,47.287673],[-0.633538,47.287396],[-0.634996,47.28615],[-0.634988,47.28593],[-0.635861,47.284766],[-0.638019,47.2839],[-0.639186,47.282998],[-0.639873,47.282076],[-0.6399,47.28128],[-0.639512,47.280444],[-0.639918,47.279419],[-0.641767,47.279054],[-0.642507,47.279123],[-0.642485,47.279385],[-0.642751,47.2795],[-0.643589,47.279559]],[[-1.020261,47.360579],[-1.019834,47.360582],[-1.019744,47.361238],[-1.019052,47.361599],[-1.01844,47.361257],[-1.019394,47.360389],[-1.02022,47.360348],[-1.020401,47.360446],[-1.020261,47.360579]]]}},{"type":"Feature","properties":{"uai_primary":"0490048L","uai_all":"0490048L","is_merged":false},"geometry":{"type":"Polygon","coordinates":[[[-0.416852,47.446734],[-0.415567,47.446553],[-0.41555,47.445907],[-0.415881,47.445788],[-0.416391,47.446158],[-0.417241,47.446433],[-0.417371,47.446567],[-0.416852,47.446734]],[[-0.395824,47.456557],[-0.394793,47.457229],[-0.393634,47.458336],[-0.388935,47.454442],[-0.3878,47.453227],[-0.389829,47.45163],[-0.39382,47.454374],[-0.395823,47.455343],[-0.395824,47.456557]],[[-0.389813,47.462084],[-0.389282,47.462385],[-0.389003,47.462075],[-0.387809,47.46157],[-0.387802,47.461325],[-0.388168,47.461107],[-0.388455,47.461471],[-0.389813,47.462084]],[[-0.389814,47.46228],[-0.390233,47.46243],[-0.389942,47.462455],[-0.389814,47.46228]],[[-0.353625,47.473131],[-0.35338,47.472677],[-0.354285,47.472297],[-0.354576,47.472705],[-0.354365,47.473245],[-0.353924,47.473318],[-0.353625,47.473131]],[[-0.360105,47.474232],[-0.36059,47.473686],[-0.361474,47.473429],[-0.362096,47.472352],[-0.362677,47.472266],[-0.36656,47.472453],[-0.364225,47.474838],[-0.363078,47.4747],[-0.359055,47.475522],[-0.358843,47.475295],[-0.360105,47.474232]],[[-0.406682,47.498448],[-0.406448,47.498417],[-0.406292,47.496809],[-0.405569,47.49448],[-0.406141,47.492459],[-0.407562,47.490391],[-0.408136,47.490447],[-0.411227,47.494826],[-0.40881,47.497853],[-0.408382,47.498071],[-0.406682,47.498448]],[[-0.44791,47.467806],[-0.44698,47.465718],[-0.44558,47.464756],[-0.445157,47.462811],[-0.444747,47.462093],[-0.44482,47.460715],[-0.445711,47.45955],[-0.446314,47.457257],[-0.442594,47.457064],[-0.442456,47.454144],[-0.441198,47.454306],[-0.439823,47.452199],[-0.438457,47.450653],[-0.44196,47.448953],[-0.442781,47.448735],[-0.444394,47.44753],[-0.445384,47.447459],[-0.445877,47.446384],[-0.445458,47.446271],[-0.445513,47.445883],[-0.446685,47.444553],[-0.448778,47.444744],[-0.449057,47.444134],[-0.449075,47.44317],[-0.448315,47.442391],[-0.450691,47.441442],[-0.455628,47.441033],[-0.452763,47.437158],[-0.447835,47.435722],[-0.433823,47.434261],[-0.426877,47.434994],[-0.423844,47.433939],[-0.415581,47.434293],[-0.41155,47.438783],[-0.410444,47.439324],[-0.405086,47.440173],[-0.39968,47.440234],[-0.393307,47.444486],[-0.3927,47.444641],[-0.38924,47.443277],[-0.384357,47.442132],[-0.367836,47.445608],[-0.361977,47.438388],[-0.356833,47.436571],[-0.350302,47.439649],[-0.330084,47.444904],[-0.331099,47.442798],[-0.332538,47.438978],[-0.331741,47.439981],[-0.329245,47.441537],[-0.327953,47.441959],[-0.32697,47.441982],[-0.32623,47.442183],[-0.322411,47.441403],[-0.319762,47.440216],[-0.318718,47.440246],[-0.317912,47.440003],[-0.316772,47.439897],[-0.316979,47.439383],[-0.31656,47.439542],[-0.315563,47.438306],[-0.31268,47.437205],[-0.31243,47.437255],[-0.312205,47.436655],[-0.311448,47.436589],[-0.312606,47.435176],[-0.307601,47.43337],[-0.30788,47.433157],[-0.306343,47.43246],[-0.305792,47.432859],[-0.302559,47.431499],[-0.294317,47.429866],[-0.293058,47.429042],[-0.292385,47.428285],[-0.289927,47.427247],[-0.290039,47.426876],[-0.289784,47.426422],[-0.28888,47.426046],[-0.288451,47.425425],[-0.287858,47.425176],[-0.285312,47.424702],[-0.284086,47.423314],[-0.283833,47.422687],[-0.283361,47.422313],[-0.282773,47.422052],[-0.281703,47.421919],[-0.280788,47.421604],[-0.280044,47.421862],[-0.278765,47.422038],[-0.277818,47.422518],[-0.27746,47.42319],[-0.277535,47.42389],[-0.277137,47.425518],[-0.276881,47.425862],[-0.276159,47.426343],[-0.274533,47.426198],[-0.273873,47.425573],[-0.272455,47.42492],[-0.272811,47.424372],[-0.271509,47.424013],[-0.271839,47.423252],[-0.271422,47.421736],[-0.270671,47.420922],[-0.269398,47.420244],[-0.268837,47.419656],[-0.268679,47.418968],[-0.269152,47.417419],[-0.271341,47.415801],[-0.272924,47.415021],[-0.274477,47.414499],[-0.277688,47.41392],[-0.280661,47.413156],[-0.280464,47.412693],[-0.281932,47.411756],[-0.281298,47.411346],[-0.280705,47.411218],[-0.281056,47.409713],[-0.281778,47.408544],[-0.281604,47.407437],[-0.282308,47.406643],[-0.282752,47.406625],[-0.283745,47.405974],[-0.284405,47.405943],[-0.285613,47.40535],[-0.287327,47.404114],[-0.288793,47.402763],[-0.289158,47.402794],[-0.291875,47.40019],[-0.296684,47.401448],[-0.304747,47.40526],[-0.312481,47.406092],[-0.325202,47.407938],[-0.331845,47.408444],[-0.33956,47.410214],[-0.351931,47.412072],[-0.373673,47.415987],[-0.377326,47.416497],[-0.384426,47.41698],[-0.38533,47.416951],[-0.386046,47.416428],[-0.388768,47.416759],[-0.389328,47.417007],[-0.389891,47.417536],[-0.393381,47.417806],[-0.402886,47.417724],[-0.410405,47.417222],[-0.414602,47.417173],[-0.413288,47.41402],[-0.417244,47.413184],[-0.424401,47.412605],[-0.426698,47.412805],[-0.428725,47.41384],[-0.431621,47.414249],[-0.434427,47.414245],[-0.437423,47.414653],[-0.439919,47.414501],[-0.444294,47.415162],[-0.447963,47.41474],[-0.451298,47.414665],[-0.45513,47.415941],[-0.457885,47.417105],[-0.459228,47.417338],[-0.461351,47.417485],[-0.468866,47.416717],[-0.468938,47.418561],[-0.469365,47.419045],[-0.468079,47.420956],[-0.46806,47.421573],[-0.468333,47.421835],[-0.468442,47.422838],[-0.468903,47.423009],[-0.469287,47.423421],[-0.471383,47.423514],[-0.472158,47.423478],[-0.475166,47.422821],[-0.476923,47.422961],[-0.477222,47.423242],[-0.477461,47.424028],[-0.476637,47.425078],[-0.476559,47.426307],[-0.477189,47.426766],[-0.477374,47.427374],[-0.478157,47.428061],[-0.475693,47.428759],[-0.474658,47.4292],[-0.474464,47.429446],[-0.472134,47.430025],[-0.471523,47.430338],[-0.470412,47.432868],[-0.468997,47.434064],[-0.470576,47.435077],[-0.470938,47.435624],[-0.472812,47.436487],[-0.47412,47.436748],[-0.47972,47.438579],[-0.480563,47.43974],[-0.482178,47.440807],[-0.483366,47.441371],[-0.484198,47.441542],[-0.484114,47.441425],[-0.484879,47.441227],[-0.485132,47.44173],[-0.484909,47.441789],[-0.48618,47.44216],[-0.489428,47.442187],[-0.489755,47.440742],[-0.489224,47.440523],[-0.490025,47.439138],[-0.491024,47.439074],[-0.491144,47.438869],[-0.492048,47.439062],[-0.49222,47.43868],[-0.494199,47.439029],[-0.494842,47.43835],[-0.496272,47.438234],[-0.496124,47.438693],[-0.495889,47.43864],[-0.495607,47.439101],[-0.496186,47.439375],[-0.497253,47.439223],[-0.497502,47.440106],[-0.498093,47.44086],[-0.498472,47.440668],[-0.498741,47.44074],[-0.499461,47.440573],[-0.500375,47.440862],[-0.500363,47.44112],[-0.501426,47.441455],[-0.503426,47.441573],[-0.503538,47.442109],[-0.504007,47.442605],[-0.504211,47.443203],[-0.503773,47.444463],[-0.505843,47.444813],[-0.506646,47.44529],[-0.508602,47.445792],[-0.509858,47.446313],[-0.509288,47.448583],[-0.509425,47.449498],[-0.509244,47.450728],[-0.509868,47.451354],[-0.511087,47.451849],[-0.515038,47.452491],[-0.514931,47.452956],[-0.517582,47.453251],[-0.516757,47.455099],[-0.515199,47.456666],[-0.515029,47.457977],[-0.513535,47.4588],[-0.511092,47.45877],[-0.507273,47.457783],[-0.505421,47.457477],[-0.5038,47.456786],[-0.502877,47.458037],[-0.50341,47.458186],[-0.503231,47.458617],[-0.502744,47.459],[-0.502273,47.45913],[-0.502063,47.459464],[-0.500371,47.459148],[-0.496086,47.458738],[-0.495222,47.458611],[-0.49495,47.458435],[-0.493109,47.458235],[-0.492948,47.458558],[-0.491841,47.45826],[-0.490993,47.45734],[-0.490286,47.457082],[-0.49143,47.456037],[-0.489426,47.455527],[-0.485739,47.456968],[-0.48572,47.457161],[-0.479588,47.458789],[-0.475914,47.460062],[-0.473786,47.460464],[-0.472362,47.461447],[-0.470897,47.463108],[-0.467825,47.462559],[-0.467737,47.463334],[-0.46799,47.4635],[-0.467685,47.464085],[-0.465909,47.464064],[-0.465143,47.464988],[-0.465258,47.465104],[-0.464057,47.465397],[-0.463594,47.464813],[-0.461943,47.46519],[-0.462966,47.466283],[-0.461461,47.466512],[-0.459576,47.466555],[-0.458463,47.466408],[-0.458191,47.468594],[-0.457008,47.468826],[-0.457198,47.46971],[-0.455006,47.469417],[-0.454944,47.470291],[-0.452502,47.469299],[-0.451954,47.469853],[-0.450276,47.469237],[-0.44791,47.467806]]]}},{"type":"Feature","properties":{"uai_primary":"0490057W","uai_all":"0490057W","is_merged":false},"geometry":{"type":"Polygon","coordinates":[[[-1.137749,47.354299],[-1.131105,47.346637],[-1.132218,47.343838],[-1.137731,47.332995],[-1.140925,47.32867],[-1.128819,47.301374],[-1.130853,47.300002],[-1.131918,47.299532],[-1.133948,47.298265],[-1.136938,47.297851],[-1.138594,47.298077],[-1.137965,47.296621],[-1.137494,47.293173],[-1.136826,47.291881],[-1.134924,47.289089],[-1.13404,47.286695],[-1.135592,47.285181],[-1.136519,47.285198],[-1.13684,47.285053],[-1.137643,47.284174],[-1.140005,47.282323],[-1.140147,47.278805],[-1.140334,47.278436],[-1.141544,47.277264],[-1.144597,47.27563],[-1.146802,47.271873],[-1.148956,47.270387],[-1.149855,47.268199],[-1.147865,47.266397],[-1.147344,47.265512],[-1.146412,47.262855],[-1.146851,47.26288],[-1.14819,47.262398],[-1.150991,47.262017],[-1.151298,47.261857],[-1.152162,47.262005],[-1.153042,47.26154],[-1.153804,47.261506],[-1.154012,47.260978],[-1.154625,47.26083],[-1.155303,47.260015],[-1.155653,47.259969],[-1.155724,47.259705],[-1.156534,47.259418],[-1.156921,47.258998],[-1.15731,47.258981],[-1.158195,47.258179],[-1.159293,47.257572],[-1.160169,47.257522],[-1.16123,47.257068],[-1.164328,47.257238],[-1.165943,47.256764],[-1.166871,47.256307],[-1.168218,47.256186],[-1.168505,47.255905],[-1.170186,47.255318],[-1.170543,47.255429],[-1.17074,47.25535],[-1.17142,47.254889],[-1.171209,47.254653],[-1.172022,47.254245],[-1.172288,47.253707],[-1.172617,47.253655],[-1.172403,47.253398],[-1.172843,47.252918],[-1.172831,47.252331],[-1.173275,47.252189],[-1.173264,47.25187],[-1.173736,47.25146],[-1.174106,47.251381],[-1.173979,47.251161],[-1.174286,47.250916],[-1.174132,47.249945],[-1.174515,47.249763],[-1.174753,47.248967],[-1.175363,47.248762],[-1.175653,47.248025],[-1.176032,47.247623],[-1.176392,47.247499],[-1.176547,47.247112],[-1.177862,47.246362],[-1.177706,47.245932],[-1.178145,47.245514],[-1.17805,47.245146],[-1.178337,47.244883],[-1.178269,47.244536],[-1.179062,47.243756],[-1.179378,47.242706],[-1.180823,47.24177],[-1.181395,47.240896],[-1.182234,47.241133],[-1.184859,47.242542],[-1.186982,47.242931],[-1.187918,47.243481],[-1.188959,47.243721],[-1.189994,47.244377],[-1.192477,47.247105],[-1.193946,47.248067],[-1.195025,47.248486],[-1.194975,47.249824],[-1.194133,47.252155],[-1.195703,47.252317],[-1.198025,47.253001],[-1.203062,47.252921],[-1.207378,47.253193],[-1.212836,47.249739],[-1.212895,47.245866],[-1.214341,47.244894],[-1.215355,47.244628],[-1.217303,47.244511],[-1.217995,47.24429],[-1.219368,47.243382],[-1.219869,47.243339],[-1.220691,47.242887],[-1.221128,47.242887],[-1.222674,47.241772],[-1.223261,47.241746],[-1.225269,47.240977],[-1.2266,47.240729],[-1.228184,47.239854],[-1.230159,47.239468],[-1.232182,47.239852],[-1.232903,47.240402],[-1.233994,47.240527],[-1.23616,47.241187],[-1.236678,47.241103],[-1.237165,47.241535],[-1.237615,47.241466],[-1.238801,47.242226],[-1.239029,47.242423],[-1.238895,47.24266],[-1.239448,47.243053],[-1.240482,47.243224],[-1.242325,47.243195],[-1.243129,47.243585],[-1.243317,47.244112],[-1.243167,47.244637],[-1.24337,47.24486],[-1.242739,47.24537],[-1.242935,47.24564],[-1.24265,47.246454],[-1.242872,47.247016],[-1.244634,47.247515],[-1.247124,47.247596],[-1.249552,47.247023],[-1.250842,47.247058],[-1.251199,47.246935],[-1.25294,47.247539],[-1.253458,47.247581],[-1.254486,47.24805],[-1.255154,47.24871],[-1.25508,47.249177],[-1.254273,47.24979],[-1.254228,47.250293],[-1.253979,47.250556],[-1.252791,47.250839],[-1.25336,47.251551],[-1.253598,47.251517],[-1.254182,47.251851],[-1.254692,47.25279],[-1.254674,47.253248],[-1.25574,47.253286],[-1.25676,47.253608],[-1.256937,47.254214],[-1.257445,47.25422],[-1.257849,47.254538],[-1.258146,47.255378],[-1.258735,47.255484],[-1.258777,47.256155],[-1.259512,47.256696],[-1.260005,47.25686],[-1.260646,47.257657],[-1.260939,47.25857],[-1.261639,47.25906],[-1.262252,47.25921],[-1.26787,47.259626],[-1.268229,47.259784],[-1.268439,47.260001],[-1.268236,47.26053],[-1.268325,47.261106],[-1.268819,47.261619],[-1.270039,47.262262],[-1.270507,47.263348],[-1.27063,47.263456],[-1.272004,47.263503],[-1.272937,47.264289],[-1.273261,47.265349],[-1.273202,47.265822],[-1.274587,47.267052],[-1.274718,47.267701],[-1.274539,47.26828],[-1.274931,47.269188],[-1.275287,47.269407],[-1.27649,47.269642],[-1.277527,47.2705],[-1.278101,47.270728],[-1.27816,47.272329],[-1.279119,47.274027],[-1.279825,47.274582],[-1.279503,47.275056],[-1.278872,47.275316],[-1.278742,47.275765],[-1.277596,47.27606],[-1.275904,47.276854],[-1.275547,47.277263],[-1.275955,47.277871],[-1.277343,47.278863],[-1.277601,47.279591],[-1.277417,47.280266],[-1.277631,47.28078],[-1.278009,47.280959],[-1.278893,47.280967],[-1.279243,47.281211],[-1.279313,47.281565],[-1.278934,47.281796],[-1.278392,47.281478],[-1.278166,47.28153],[-1.277535,47.282688],[-1.276833,47.28327],[-1.276804,47.283698],[-1.278173,47.285439],[-1.27821,47.286722],[-1.277548,47.287709],[-1.276847,47.288283],[-1.276777,47.288581],[-1.275116,47.289383],[-1.274824,47.28993],[-1.27482,47.290519],[-1.275194,47.291007],[-1.27582,47.291321],[-1.277548,47.291381],[-1.278586,47.291157],[-1.279575,47.291455],[-1.280284,47.291974],[-1.280756,47.292628],[-1.280376,47.293145],[-1.280642,47.293722],[-1.279874,47.294568],[-1.280267,47.295188],[-1.280844,47.29547],[-1.280992,47.295791],[-1.281884,47.296052],[-1.28274,47.29608],[-1.283741,47.295672],[-1.284733,47.295484],[-1.285041,47.295266],[-1.28573,47.295348],[-1.286275,47.295931],[-1.286726,47.295764],[-1.287196,47.295992],[-1.287362,47.296351],[-1.287216,47.296803],[-1.287654,47.296871],[-1.288049,47.296721],[-1.288261,47.296921],[-1.288213,47.29716],[-1.287393,47.297861],[-1.287461,47.29831],[-1.288009,47.298358],[-1.289001,47.298843],[-1.289551,47.298745],[-1.290792,47.299359],[-1.290985,47.299928],[-1.29167,47.299872],[-1.292324,47.300098],[-1.2928,47.299828],[-1.293185,47.299896],[-1.293787,47.30033],[-1.294355,47.300377],[-1.294684,47.300749],[-1.294594,47.301297],[-1.294861,47.301396],[-1.295022,47.3019],[-1.295482,47.302346],[-1.2953,47.302961],[-1.295604,47.303391],[-1.295014,47.303652],[-1.295689,47.304167],[-1.295128,47.304315],[-1.294907,47.304553],[-1.295615,47.305225],[-1.29553,47.305547],[-1.29576,47.306017],[-1.29628,47.306304],[-1.296631,47.306315],[-1.297151,47.305943],[-1.297373,47.305633],[-1.297337,47.304985],[-1.298427,47.304278],[-1.298584,47.30394],[-1.299003,47.303721],[-1.298941,47.303403],[-1.299276,47.303265],[-1.303626,47.303162],[-1.304269,47.302772],[-1.30587,47.303433],[-1.307076,47.304186],[-1.308058,47.304328],[-1.308602,47.304045],[-1.308591,47.303655],[-1.31034,47.302879],[-1.311699,47.302867],[-1.314424,47.303163],[-1.315069,47.303479],[-1.315658,47.303181],[-1.316175,47.303315],[-1.316212,47.302949],[-1.315748,47.302417],[-1.315775,47.3019],[-1.316253,47.301555],[-1.317135,47.301499],[-1.317443,47.301256],[-1.317973,47.301385],[-1.318404,47.301143],[-1.318702,47.301329],[-1.318666,47.30165],[-1.319027,47.302018],[-1.31907,47.302342],[-1.318668,47.302912],[-1.317612,47.302967],[-1.317824,47.303249],[-1.318532,47.303442],[-1.318003,47.303828],[-1.318872,47.303754],[-1.319569,47.304306],[-1.319664,47.305062],[-1.320526,47.304986],[-1.320597,47.30527],[-1.320362,47.305625],[-1.320527,47.305895],[-1.321991,47.305723],[-1.322262,47.305587],[-1.32251,47.303775],[-1.323222,47.303152],[-1.324836,47.303247],[-1.325676,47.303478],[-1.327128,47.30344],[-1.327554,47.303323],[-1.328346,47.302744],[-1.329969,47.302551],[-1.330511,47.302653],[-1.331475,47.303195],[-1.331979,47.303117],[-1.334442,47.302056],[-1.335164,47.302058],[-1.33527,47.301742],[-1.334924,47.301278],[-1.33499,47.300986],[-1.335231,47.300862],[-1.336323,47.300854],[-1.337199,47.300224],[-1.339035,47.300904],[-1.339817,47.300815],[-1.341179,47.300922],[-1.341809,47.300364],[-1.34302,47.300611],[-1.343657,47.300999],[-1.344875,47.300933],[-1.345204,47.301151],[-1.345326,47.301986],[-1.346734,47.301861],[-1.34881,47.302254],[-1.349685,47.302512],[-1.351239,47.303305],[-1.354199,47.304154],[-1.352793,47.304874],[-1.349388,47.307236],[-1.342511,47.31353],[-1.335078,47.319169],[-1.331922,47.319158],[-1.331003,47.319001],[-1.330819,47.319397],[-1.327662,47.319707],[-1.320572,47.321568],[-1.319991,47.321522],[-1.31995,47.32185],[-1.317618,47.325407],[-1.317359,47.326099],[-1.314821,47.328105],[-1.312435,47.329039],[-1.311851,47.32941],[-1.311276,47.330652],[-1.311439,47.331114],[-1.310596,47.332047],[-1.307371,47.333827],[-1.306555,47.334483],[-1.299879,47.33762],[-1.296901,47.338614],[-1.293578,47.339439],[-1.291639,47.339752],[-1.284051,47.340452],[-1.269378,47.341577],[-1.267774,47.341596],[-1.26526,47.34113],[-1.261305,47.340885],[-1.257628,47.341193],[-1.24446,47.344363],[-1.233828,47.34727],[-1.232478,47.34782],[-1.228488,47.349894],[-1.227406,47.35025],[-1.225194,47.350188],[-1.217213,47.349084],[-1.216997,47.35027],[-1.216634,47.350577],[-1.21451,47.351366],[-1.213106,47.351444],[-1.209492,47.350727],[-1.208904,47.34987],[-1.208329,47.349861],[-1.208169,47.349035],[-1.201958,47.350045],[-1.198061,47.351469],[-1.195979,47.350932],[-1.193148,47.351707],[-1.188663,47.352291],[-1.184404,47.353622],[-1.182978,47.354311],[-1.183826,47.355005],[-1.179506,47.357925],[-1.177752,47.358922],[-1.179585,47.360858],[-1.175173,47.36221],[-1.172873,47.363646],[-1.169346,47.365302],[-1.165789,47.366499],[-1.16475,47.365394],[-1.164419,47.365296],[-1.160697,47.365553],[-1.157334,47.365574],[-1.154862,47.365913],[-1.151596,47.367159],[-1.144563,47.369031],[-1.144145,47.368095],[-1.141953,47.367743],[-1.139117,47.367552],[-1.139011,47.36678],[-1.138662,47.366865],[-1.13869,47.367105],[-1.13633,47.367532],[-1.135265,47.36861],[-1.133729,47.36795],[-1.130825,47.367148],[-1.138834,47.355544],[-1.137749,47.354299]],[[-1.119989,47.355045],[-1.119174,47.356139],[-1.117912,47.356873],[-1.117872,47.35709],[-1.1197,47.358081],[-1.120838,47.359005],[-1.127382,47.366885],[-1.11547,47.367401],[-1.114118,47.367575],[-1.114055,47.36635],[-1.111312,47.36613],[-1.114881,47.36099],[-1.116718,47.358657],[-1.117699,47.357771],[-1.117537,47.357254],[-1.116542,47.356512],[-1.115386,47.356228],[-1.095665,47.353039],[-1.103247,47.350581],[-1.105735,47.34984],[-1.10727,47.349561],[-1.124694,47.347923],[-1.121405,47.352506],[-1.119989,47.355045]]]}},{"type":"Feature","properties":{"uai_primary":"0490060Z","uai_all":"0490060Z","is_merged":false},"geometry":{"type":"Polygon","coordinates":[[[-0.538521,47.479592],[-0.538828,47.479666],[-0.539359,47.479519],[-0.53963,47.479718],[-0.540367,47.479696],[-0.54082,47.479882],[-0.541079,47.479749],[-0.541553,47.479889],[-0.541206,47.480115],[-0.541246,47.480433],[-0.541461,47.480555],[-0.541209,47.480856],[-0.541545,47.480968],[-0.541142,47.481223],[-0.54134,47.481387],[-0.540939,47.481486],[-0.541379,47.481747],[-0.541179,47.48182],[-0.541231,47.482175],[-0.54099,47.482486],[-0.541195,47.482539],[-0.541048,47.482635],[-0.541415,47.482705],[-0.541127,47.482752],[-0.541299,47.482919],[-0.54096,47.483054],[-0.54145,47.483187],[-0.540885,47.48342],[-0.541305,47.483654],[-0.541052,47.484508],[-0.539293,47.484315],[-0.538681,47.484467],[-0.540084,47.484824],[-0.541661,47.484908],[-0.542934,47.485169],[-0.542754,47.485796],[-0.542012,47.486613],[-0.542322,47.487505],[-0.542036,47.488818],[-0.543446,47.488146],[-0.54413,47.488469],[-0.544163,47.49048],[-0.540955,47.492322],[-0.540596,47.494487],[-0.538754,47.498479],[-0.541593,47.512808],[-0.54182,47.517488],[-0.54087,47.517723],[-0.540069,47.518112],[-0.53879,47.519023],[-0.537969,47.520085],[-0.537313,47.521646],[-0.535231,47.523958],[-0.532418,47.525921],[-0.530585,47.526392],[-0.529952,47.526328],[-0.528022,47.525348],[-0.526423,47.524037],[-0.523557,47.516901],[-0.523569,47.513528],[-0.523899,47.512261],[-0.524354,47.511401],[-0.526146,47.508742],[-0.529218,47.505469],[-0.530951,47.502552],[-0.533175,47.500049],[-0.533659,47.499782],[-0.530015,47.497833],[-0.526547,47.496358],[-0.526791,47.495418],[-0.525926,47.49514],[-0.52519,47.494615],[-0.524079,47.494543],[-0.523297,47.494317],[-0.522989,47.493448],[-0.522565,47.493477],[-0.522222,47.493195],[-0.518568,47.49244],[-0.518657,47.491813],[-0.517643,47.490748],[-0.5168,47.488552],[-0.515939,47.487806],[-0.51489,47.487678],[-0.514218,47.487216],[-0.514149,47.486946],[-0.514507,47.486085],[-0.514943,47.485719],[-0.515365,47.485713],[-0.515761,47.485426],[-0.515177,47.485386],[-0.51525,47.48516],[-0.514829,47.485191],[-0.514762,47.485007],[-0.514161,47.484793],[-0.513768,47.484825],[-0.513695,47.484497],[-0.513014,47.484315],[-0.513519,47.483752],[-0.512146,47.48296],[-0.513182,47.481291],[-0.514596,47.478151],[-0.514769,47.478287],[-0.515379,47.478196],[-0.515699,47.478495],[-0.515987,47.478406],[-0.516373,47.478561],[-0.516918,47.478005],[-0.517312,47.478732],[-0.517897,47.478827],[-0.51801,47.47873],[-0.518141,47.478872],[-0.518414,47.478656],[-0.519504,47.478836],[-0.519676,47.479021],[-0.520097,47.479003],[-0.520119,47.479131],[-0.520704,47.478838],[-0.520763,47.479241],[-0.521374,47.479342],[-0.521094,47.48],[-0.521774,47.480279],[-0.521666,47.480408],[-0.521882,47.480652],[-0.52174,47.480732],[-0.521935,47.480992],[-0.521414,47.481396],[-0.522007,47.481555],[-0.522226,47.481759],[-0.522122,47.482],[-0.522499,47.482223],[-0.522862,47.481457],[-0.523261,47.481524],[-0.524008,47.481327],[-0.52499,47.480617],[-0.526121,47.480204],[-0.526532,47.479799],[-0.526866,47.479789],[-0.527352,47.479407],[-0.527944,47.479245],[-0.528463,47.478602],[-0.528811,47.47864],[-0.52967,47.478272],[-0.529944,47.477875],[-0.530646,47.477717],[-0.530823,47.477851],[-0.531068,47.477724],[-0.532049,47.477847],[-0.532309,47.478013],[-0.532429,47.477908],[-0.533478,47.47797],[-0.535622,47.478636],[-0.53622,47.47834],[-0.536329,47.478937],[-0.536786,47.478614],[-0.536708,47.478986],[-0.537632,47.479102],[-0.538521,47.479592]]]}},{"type":"Feature","properties":{"uai_primary":"0490061A","uai_all":"0490061A","is_merged":false},"geometry":{"type":"Polygon","coordinates":[[[-0.583368,47.480015],[-0.585261,47.481763],[-0.584293,47.4817],[-0.583099,47.481454],[-0.582951,47.481206],[-0.581582,47.481005],[-0.580592,47.482922],[-0.582718,47.48439],[-0.582399,47.48488],[-0.582364,47.485648],[-0.581748,47.486807],[-0.580658,47.487992],[-0.579718,47.489546],[-0.579944,47.489677],[-0.579236,47.490503],[-0.57845,47.491043],[-0.576851,47.491657],[-0.578585,47.494084],[-0.578195,47.494239],[-0.578263,47.494347],[-0.576942,47.494732],[-0.575064,47.496874],[-0.574688,47.496736],[-0.574424,47.496961],[-0.574722,47.497187],[-0.573666,47.497888],[-0.576083,47.498989],[-0.574511,47.500047],[-0.5746,47.50104],[-0.574263,47.500912],[-0.574594,47.502852],[-0.574304,47.503465],[-0.573844,47.503766],[-0.572094,47.503815],[-0.571107,47.504032],[-0.567743,47.506378],[-0.567132,47.506349],[-0.567235,47.504734],[-0.566882,47.49988],[-0.564045,47.497207],[-0.562726,47.495139],[-0.562968,47.494767],[-0.563935,47.494706],[-0.56512,47.495142],[-0.567296,47.496546],[-0.56809,47.494845],[-0.566262,47.493423],[-0.56456,47.492686],[-0.563469,47.493196],[-0.562348,47.493488],[-0.562197,47.494454],[-0.561643,47.494897],[-0.560822,47.495099],[-0.558832,47.494941],[-0.544998,47.517086],[-0.54182,47.517488],[-0.541593,47.512808],[-0.538754,47.498479],[-0.540596,47.494487],[-0.540955,47.492322],[-0.545201,47.490027],[-0.547477,47.488202],[-0.548221,47.486311],[-0.550422,47.483918],[-0.551855,47.481498],[-0.552475,47.481167],[-0.55278,47.480262],[-0.552701,47.47958],[-0.554342,47.478466],[-0.555714,47.476844],[-0.556355,47.475718],[-0.556921,47.475325],[-0.55676,47.474568],[-0.557227,47.473543],[-0.558704,47.472325],[-0.560846,47.471004],[-0.562224,47.471172],[-0.563454,47.470796],[-0.563957,47.470357],[-0.565012,47.469945],[-0.567088,47.468664],[-0.57215,47.466159],[-0.575193,47.465211],[-0.577067,47.464901],[-0.574918,47.469534],[-0.575034,47.471063],[-0.577159,47.472952],[-0.576804,47.473727],[-0.57693,47.4754],[-0.579291,47.476509],[-0.579584,47.477151],[-0.581788,47.47922],[-0.583368,47.480015]],[[-0.567028,47.507996],[-0.569548,47.512195],[-0.569374,47.514045],[-0.566708,47.514453],[-0.567028,47.507996]]]}},{"type":"Feature","properties":{"uai_primary":"0490783K","uai_all":"0490783K","is_merged":false},"geometry":{"type":"Polygon","coordinates":[[[-0.542247,47.418949],[-0.545392,47.418122],[-0.549542,47.417396],[-0.551846,47.416844],[-0.558461,47.414697],[-0.562339,47.413881],[-0.567761,47.413124],[-0.569893,47.413065],[-0.572069,47.41332],[-0.583955,47.415542],[-0.590143,47.415461],[-0.594682,47.414904],[-0.601888,47.414542],[-0.606288,47.413755],[-0.612816,47.410692],[-0.615482,47.408569],[-0.614684,47.411955],[-0.613171,47.414988],[-0.612518,47.415791],[-0.609852,47.418208],[-0.6082,47.420118],[-0.60507,47.422367],[-0.604567,47.42304],[-0.603834,47.424882],[-0.603629,47.425966],[-0.603589,47.426969],[-0.604054,47.429842],[-0.604047,47.433385],[-0.603571,47.435095],[-0.601635,47.438131],[-0.59704,47.443164],[-0.593182,47.448791],[-0.591213,47.450161],[-0.587156,47.451905],[-0.588261,47.452704],[-0.590178,47.452405],[-0.590263,47.452525],[-0.587798,47.454138],[-0.589596,47.455019],[-0.586761,47.457281],[-0.585474,47.457778],[-0.584788,47.459018],[-0.583732,47.460133],[-0.579871,47.462984],[-0.579301,47.464016],[-0.577067,47.464901],[-0.575193,47.465211],[-0.57215,47.466159],[-0.566669,47.465552],[-0.565696,47.465017],[-0.565482,47.464495],[-0.564783,47.464394],[-0.564014,47.463997],[-0.563292,47.462946],[-0.563622,47.462664],[-0.56247,47.462124],[-0.562122,47.461525],[-0.56153,47.461479],[-0.561754,47.461129],[-0.561112,47.460953],[-0.561316,47.460755],[-0.560992,47.460576],[-0.561058,47.460354],[-0.560523,47.459516],[-0.55994,47.459491],[-0.558969,47.459945],[-0.558297,47.460048],[-0.558026,47.459826],[-0.558398,47.459522],[-0.557994,47.459546],[-0.558006,47.459048],[-0.557162,47.458697],[-0.55631,47.458782],[-0.555664,47.458368],[-0.555619,47.458162],[-0.554153,47.458389],[-0.553918,47.458665],[-0.55239,47.458797],[-0.551697,47.458489],[-0.551534,47.457224],[-0.550965,47.456545],[-0.551493,47.456221],[-0.551955,47.456251],[-0.552727,47.456636],[-0.554117,47.456922],[-0.554395,47.456225],[-0.55386,47.456103],[-0.553568,47.454882],[-0.553923,47.454698],[-0.553922,47.454332],[-0.554379,47.453939],[-0.554475,47.453057],[-0.555605,47.452206],[-0.55562,47.451515],[-0.5564,47.451166],[-0.557859,47.451319],[-0.558662,47.450503],[-0.55928,47.450665],[-0.560743,47.450437],[-0.561164,47.449859],[-0.561778,47.449756],[-0.56175,47.449235],[-0.561974,47.449107],[-0.56298,47.448904],[-0.563565,47.448915],[-0.563815,47.449077],[-0.565664,47.448574],[-0.566356,47.447726],[-0.566561,47.447027],[-0.567536,47.447189],[-0.567942,47.446966],[-0.568531,47.447086],[-0.569406,47.446733],[-0.570185,47.446823],[-0.570767,47.446193],[-0.569936,47.445671],[-0.570342,47.445428],[-0.57031,47.445063],[-0.570669,47.444808],[-0.570541,47.44446],[-0.570158,47.444298],[-0.569694,47.443418],[-0.571192,47.443344],[-0.570622,47.443051],[-0.571623,47.443129],[-0.570991,47.442809],[-0.571136,47.442642],[-0.571528,47.442648],[-0.571065,47.442128],[-0.572219,47.442286],[-0.573942,47.442909],[-0.571348,47.441028],[-0.569258,47.440176],[-0.565284,47.437507],[-0.564132,47.438633],[-0.561522,47.4374],[-0.561352,47.437714],[-0.561795,47.438524],[-0.559988,47.439947],[-0.559626,47.439824],[-0.557884,47.442649],[-0.556848,47.443031],[-0.556202,47.443624],[-0.555337,47.443774],[-0.553983,47.443662],[-0.551641,47.444319],[-0.552097,47.441628],[-0.552781,47.440109],[-0.554041,47.435282],[-0.551597,47.435035],[-0.548664,47.433904],[-0.547718,47.433278],[-0.54789,47.433087],[-0.546288,47.431029],[-0.546895,47.430586],[-0.544787,47.428328],[-0.543992,47.42696],[-0.544786,47.423946],[-0.541907,47.42476],[-0.536531,47.42505],[-0.524904,47.421118],[-0.526739,47.420907],[-0.530139,47.419919],[-0.532394,47.419493],[-0.534877,47.419258],[-0.539237,47.419224],[-0.542247,47.418949]],[[-0.565311,47.449158],[-0.565774,47.449389],[-0.566102,47.449069],[-0.565311,47.449158]],[[-0.553536,47.457455],[-0.553915,47.457356],[-0.553979,47.457143],[-0.553421,47.457261],[-0.553536,47.457455]]]}},{"type":"Feature","properties":{"uai_primary":"0490921K","uai_all":"0490921K","is_merged":false},"geometry":{"type":"Polygon","coordinates":[[[-0.627643,47.498572],[-0.628307,47.496919],[-0.62709,47.496582],[-0.623514,47.495088],[-0.622575,47.494759],[-0.620277,47.495169],[-0.619918,47.495705],[-0.617596,47.495077],[-0.615329,47.493951],[-0.614218,47.491982],[-0.614717,47.490907],[-0.612881,47.490201],[-0.609497,47.489446],[-0.609931,47.488861],[-0.6077,47.488592],[-0.607896,47.488069],[-0.60774,47.487573],[-0.606049,47.486673],[-0.604048,47.486171],[-0.602386,47.48636],[-0.601521,47.486313],[-0.601291,47.486466],[-0.600293,47.486232],[-0.599958,47.48574],[-0.600263,47.484886],[-0.600245,47.483705],[-0.59987,47.483742],[-0.599161,47.483416],[-0.592842,47.483114],[-0.587604,47.482641],[-0.586566,47.482408],[-0.586012,47.481842],[-0.585261,47.481763],[-0.583368,47.480015],[-0.581788,47.47922],[-0.579584,47.477151],[-0.579291,47.476509],[-0.57693,47.4754],[-0.576804,47.473727],[-0.577163,47.472975],[-0.578101,47.473536],[-0.579246,47.47367],[-0.579535,47.473449],[-0.580725,47.473319],[-0.580927,47.47303],[-0.581299,47.473149],[-0.58233,47.47269],[-0.582202,47.471827],[-0.584048,47.47246],[-0.584706,47.472334],[-0.5849,47.472139],[-0.585538,47.472328],[-0.585522,47.471989],[-0.586122,47.472118],[-0.586278,47.47199],[-0.586547,47.472153],[-0.586787,47.471942],[-0.587011,47.472297],[-0.587256,47.471733],[-0.587512,47.472616],[-0.588512,47.472153],[-0.589903,47.472726],[-0.590438,47.472591],[-0.591047,47.472165],[-0.592109,47.472036],[-0.592316,47.471762],[-0.592535,47.472162],[-0.593016,47.471807],[-0.5936,47.472534],[-0.594254,47.472491],[-0.594321,47.472281],[-0.595007,47.471957],[-0.59544,47.472198],[-0.596374,47.471932],[-0.596404,47.472287],[-0.596775,47.472563],[-0.597133,47.47242],[-0.59753,47.47249],[-0.597752,47.472356],[-0.597682,47.47151],[-0.598439,47.47234],[-0.599108,47.472323],[-0.598342,47.470542],[-0.599216,47.470354],[-0.60042,47.472302],[-0.600739,47.472307],[-0.601704,47.469778],[-0.60258,47.469687],[-0.603391,47.471547],[-0.604197,47.471997],[-0.607759,47.471606],[-0.609975,47.470708],[-0.612981,47.47108],[-0.613289,47.471367],[-0.612329,47.470444],[-0.611652,47.469421],[-0.610692,47.469239],[-0.609825,47.467883],[-0.60893,47.467803],[-0.609112,47.467089],[-0.608981,47.465754],[-0.605589,47.465227],[-0.606152,47.463524],[-0.607152,47.463466],[-0.610097,47.46225],[-0.613256,47.46385],[-0.615546,47.463125],[-0.616616,47.461991],[-0.616361,47.461876],[-0.617726,47.460195],[-0.614042,47.456735],[-0.613688,47.455728],[-0.613825,47.454916],[-0.614386,47.454761],[-0.616251,47.453716],[-0.617869,47.452417],[-0.619252,47.450786],[-0.620393,47.45065],[-0.622364,47.450855],[-0.623388,47.450681],[-0.625158,47.449492],[-0.625809,47.447918],[-0.627395,47.44794],[-0.628567,47.447196],[-0.630554,47.446495],[-0.633453,47.447631],[-0.635258,47.447776],[-0.641292,47.448756],[-0.644976,47.451145],[-0.646491,47.452518],[-0.651361,47.454684],[-0.650902,47.455866],[-0.649949,47.45657],[-0.651905,47.457521],[-0.651871,47.4578],[-0.653931,47.458994],[-0.654031,47.459092],[-0.653702,47.459188],[-0.653803,47.459314],[-0.654718,47.459569],[-0.656642,47.461938],[-0.656274,47.462851],[-0.656731,47.463042],[-0.657785,47.463142],[-0.658537,47.464716],[-0.659199,47.464799],[-0.659618,47.465196],[-0.657927,47.467804],[-0.657532,47.468627],[-0.657556,47.469123],[-0.659446,47.470882],[-0.661708,47.472408],[-0.662725,47.472652],[-0.663883,47.47254],[-0.664763,47.472235],[-0.665468,47.471381],[-0.665964,47.471637],[-0.665399,47.472105],[-0.665342,47.472561],[-0.665855,47.473036],[-0.666516,47.473263],[-0.669113,47.473407],[-0.671275,47.472988],[-0.671053,47.473662],[-0.673921,47.473826],[-0.674149,47.47312],[-0.67655,47.473115],[-0.678554,47.473521],[-0.68079,47.473545],[-0.682187,47.47328],[-0.684235,47.472285],[-0.687732,47.470008],[-0.688261,47.469964],[-0.688494,47.469804],[-0.691962,47.470007],[-0.693237,47.470338],[-0.698029,47.473545],[-0.69833,47.473269],[-0.69924,47.473721],[-0.700515,47.474817],[-0.701486,47.475173],[-0.703509,47.475301],[-0.707966,47.476678],[-0.710876,47.478023],[-0.714488,47.478414],[-0.715188,47.478942],[-0.715884,47.479224],[-0.717338,47.480629],[-0.716516,47.480702],[-0.715689,47.481749],[-0.717718,47.481909],[-0.717454,47.482273],[-0.7182,47.482744],[-0.718863,47.482917],[-0.720721,47.482828],[-0.720681,47.483143],[-0.721792,47.483246],[-0.722947,47.483068],[-0.724064,47.483177],[-0.724424,47.483073],[-0.725319,47.48351],[-0.726089,47.482436],[-0.726777,47.482609],[-0.727497,47.48213],[-0.727128,47.481178],[-0.727394,47.479796],[-0.728075,47.47896],[-0.730689,47.480437],[-0.732868,47.482652],[-0.734859,47.483576],[-0.735062,47.483938],[-0.734988,47.484363],[-0.736868,47.486773],[-0.736986,47.489983],[-0.737276,47.489952],[-0.737444,47.492881],[-0.735994,47.494502],[-0.735193,47.494521],[-0.735224,47.495374],[-0.736042,47.496767],[-0.737181,47.496774],[-0.737172,47.497616],[-0.736739,47.498162],[-0.737513,47.499122],[-0.738864,47.499263],[-0.738676,47.500202],[-0.739384,47.500173],[-0.740392,47.500588],[-0.741738,47.50044],[-0.742525,47.502598],[-0.744275,47.50238],[-0.745712,47.503012],[-0.746303,47.502543],[-0.74722,47.502139],[-0.747739,47.502358],[-0.748163,47.502336],[-0.749428,47.501743],[-0.750299,47.503205],[-0.750477,47.504072],[-0.750456,47.505722],[-0.749914,47.506705],[-0.750017,47.507751],[-0.750424,47.507758],[-0.750853,47.506588],[-0.755067,47.507247],[-0.754813,47.508529],[-0.75394,47.510052],[-0.755322,47.5103],[-0.755743,47.509551],[-0.758808,47.510356],[-0.762836,47.510571],[-0.76459,47.511063],[-0.767807,47.512583],[-0.787062,47.520441],[-0.786627,47.523043],[-0.78122,47.530276],[-0.774383,47.528987],[-0.772737,47.529048],[-0.772687,47.529237],[-0.770448,47.529148],[-0.769714,47.531679],[-0.771608,47.531899],[-0.774137,47.532658],[-0.773991,47.53423],[-0.773655,47.534907],[-0.772294,47.534696],[-0.769875,47.534583],[-0.767219,47.53536],[-0.766737,47.535908],[-0.766726,47.53633],[-0.765489,47.537109],[-0.765525,47.538352],[-0.765959,47.538372],[-0.765732,47.540186],[-0.764849,47.539635],[-0.76438,47.539625],[-0.764341,47.541737],[-0.763328,47.5442],[-0.764471,47.544576],[-0.764218,47.545917],[-0.764233,47.547318],[-0.764902,47.549637],[-0.763407,47.550131],[-0.762735,47.550148],[-0.76297,47.551407],[-0.762873,47.552761],[-0.76092,47.552721],[-0.761001,47.553313],[-0.761295,47.553452],[-0.760737,47.554438],[-0.762765,47.554678],[-0.761675,47.556119],[-0.761135,47.557903],[-0.763294,47.558173],[-0.763097,47.55907],[-0.760673,47.558768],[-0.760698,47.559251],[-0.76028,47.559399],[-0.757724,47.559088],[-0.744729,47.562512],[-0.740924,47.562417],[-0.728988,47.559729],[-0.72089,47.557138],[-0.71969,47.556909],[-0.719056,47.556606],[-0.71766,47.556788],[-0.717047,47.556224],[-0.716273,47.555998],[-0.714516,47.555048],[-0.709467,47.552817],[-0.708366,47.55255],[-0.706749,47.551504],[-0.706192,47.550681],[-0.703313,47.550049],[-0.705076,47.548598],[-0.705772,47.547815],[-0.705167,47.547188],[-0.703585,47.546333],[-0.702822,47.545584],[-0.704025,47.545481],[-0.706571,47.544886],[-0.707833,47.544792],[-0.707948,47.544174],[-0.706012,47.543815],[-0.708043,47.54302],[-0.709141,47.541748],[-0.709725,47.541684],[-0.709716,47.540838],[-0.709197,47.540657],[-0.709181,47.540467],[-0.709292,47.539717],[-0.709766,47.539727],[-0.709929,47.538887],[-0.709424,47.538712],[-0.709351,47.537942],[-0.70841,47.53722],[-0.707885,47.537067],[-0.706293,47.537784],[-0.706156,47.537545],[-0.704257,47.537005],[-0.705238,47.534912],[-0.703736,47.534532],[-0.703956,47.534047],[-0.705061,47.532938],[-0.705262,47.532184],[-0.706529,47.53198],[-0.708883,47.532161],[-0.709266,47.531941],[-0.708762,47.531512],[-0.708355,47.530771],[-0.708762,47.529649],[-0.706884,47.528899],[-0.706946,47.528689],[-0.707349,47.527884],[-0.708018,47.527937],[-0.708324,47.527112],[-0.708479,47.527147],[-0.708781,47.526798],[-0.710708,47.527233],[-0.7112,47.526461],[-0.710066,47.526141],[-0.708677,47.525972],[-0.710432,47.524741],[-0.711507,47.523405],[-0.711169,47.523227],[-0.710809,47.523303],[-0.710185,47.52315],[-0.710448,47.522912],[-0.710541,47.522143],[-0.712449,47.522533],[-0.714042,47.520811],[-0.713343,47.520758],[-0.713601,47.51982],[-0.713301,47.519639],[-0.713086,47.519102],[-0.712924,47.517774],[-0.708351,47.517936],[-0.708228,47.517009],[-0.708497,47.516282],[-0.705868,47.515799],[-0.707314,47.514686],[-0.704629,47.5134],[-0.703152,47.513229],[-0.702634,47.513334],[-0.701361,47.515006],[-0.699761,47.514857],[-0.700016,47.51425],[-0.698649,47.513992],[-0.699138,47.513115],[-0.701051,47.513504],[-0.701088,47.513388],[-0.699239,47.512886],[-0.699356,47.512627],[-0.698017,47.512228],[-0.698096,47.51212],[-0.697102,47.511734],[-0.697326,47.510807],[-0.699398,47.511332],[-0.699714,47.510844],[-0.694617,47.506911],[-0.693262,47.508694],[-0.690631,47.50823],[-0.691321,47.507231],[-0.68946,47.50661],[-0.687858,47.508829],[-0.684968,47.508285],[-0.683732,47.508801],[-0.683119,47.509382],[-0.681649,47.508657],[-0.682744,47.507581],[-0.683283,47.507782],[-0.683671,47.506566],[-0.685984,47.506626],[-0.685135,47.504404],[-0.684218,47.50446],[-0.683598,47.50433],[-0.68299,47.504494],[-0.682467,47.50669],[-0.682103,47.507386],[-0.680903,47.506936],[-0.680237,47.506478],[-0.678496,47.504973],[-0.677711,47.50389],[-0.676967,47.503583],[-0.67504,47.502273],[-0.674447,47.50212],[-0.672211,47.500668],[-0.672661,47.499478],[-0.673377,47.499085],[-0.6714,47.498609],[-0.671122,47.498952],[-0.670784,47.498796],[-0.669626,47.500138],[-0.668546,47.499836],[-0.662725,47.497525],[-0.662011,47.497611],[-0.659791,47.49982],[-0.65952,47.49989],[-0.659448,47.499067],[-0.658627,47.498027],[-0.658551,47.498251],[-0.657615,47.498912],[-0.656001,47.498275],[-0.655246,47.499005],[-0.65468,47.499299],[-0.654239,47.498673],[-0.652999,47.499002],[-0.648574,47.497077],[-0.64779,47.496606],[-0.645252,47.496393],[-0.645258,47.49722],[-0.644331,47.498542],[-0.645432,47.498844],[-0.64523,47.499245],[-0.644664,47.499681],[-0.643896,47.499985],[-0.643816,47.500176],[-0.642365,47.500782],[-0.642096,47.501851],[-0.641214,47.501805],[-0.641058,47.501586],[-0.640471,47.501454],[-0.640436,47.501105],[-0.639901,47.500879],[-0.63956,47.500402],[-0.638653,47.50042],[-0.638401,47.500682],[-0.638129,47.500559],[-0.63813,47.500287],[-0.637752,47.500372],[-0.637398,47.500234],[-0.637037,47.50065],[-0.636563,47.500403],[-0.636424,47.500662],[-0.636195,47.500573],[-0.636004,47.500812],[-0.635736,47.50082],[-0.635136,47.500674],[-0.635244,47.500335],[-0.634768,47.500166],[-0.634242,47.500311],[-0.634591,47.500713],[-0.634427,47.500762],[-0.633056,47.500479],[-0.632893,47.500029],[-0.63185,47.50044],[-0.631523,47.500151],[-0.631018,47.500193],[-0.63081,47.499785],[-0.630192,47.499918],[-0.6302,47.499583],[-0.629693,47.499402],[-0.629251,47.499435],[-0.629497,47.499077],[-0.629005,47.498661],[-0.627643,47.498572]]]}},{"type":"Feature","properties":{"uai_primary":"0490922L","uai_all":"0490922L","is_merged":false},"geometry":{"type":"Polygon","coordinates":[[[-0.353739,47.477677],[-0.35522,47.477181],[-0.356242,47.477802],[-0.356585,47.478615],[-0.356688,47.47936],[-0.356348,47.481021],[-0.354948,47.481418],[-0.352629,47.480248],[-0.348895,47.479306],[-0.351028,47.477541],[-0.351519,47.477435],[-0.352755,47.478111],[-0.353739,47.477677]],[[-0.248721,47.567673],[-0.258222,47.56795],[-0.26013,47.56892],[-0.26126,47.569878],[-0.250738,47.574081],[-0.247828,47.57706],[-0.244837,47.57899],[-0.240648,47.581297],[-0.220868,47.591322],[-0.217969,47.591034],[-0.2179,47.586711],[-0.211528,47.584842],[-0.206905,47.582749],[-0.2075,47.581823],[-0.207051,47.578521],[-0.206722,47.578003],[-0.205893,47.577321],[-0.216789,47.573079],[-0.234452,47.56738],[-0.239049,47.566913],[-0.241902,47.567646],[-0.248721,47.567673]],[[-0.23293,47.505385],[-0.232644,47.508317],[-0.23658,47.509996],[-0.23956,47.510412],[-0.240175,47.511305],[-0.239302,47.514741],[-0.234572,47.516814],[-0.232765,47.515804],[-0.230388,47.514873],[-0.230192,47.514836],[-0.22996,47.51532],[-0.229684,47.515422],[-0.227218,47.515425],[-0.226878,47.514231],[-0.225963,47.513228],[-0.224929,47.512562],[-0.22453,47.51092],[-0.224749,47.509593],[-0.222453,47.508935],[-0.22002,47.507835],[-0.218323,47.507912],[-0.216779,47.50767],[-0.215039,47.50765],[-0.212667,47.510891],[-0.212601,47.511396],[-0.212219,47.511502],[-0.211357,47.511265],[-0.20991,47.512068],[-0.20514,47.512483],[-0.204917,47.511764],[-0.205391,47.51128],[-0.204064,47.510852],[-0.203853,47.511162],[-0.202757,47.510765],[-0.203006,47.510381],[-0.201561,47.510169],[-0.200876,47.509816],[-0.199715,47.509734],[-0.199607,47.509332],[-0.198589,47.509507],[-0.198532,47.508877],[-0.199333,47.507644],[-0.198762,47.507055],[-0.199022,47.506157],[-0.198714,47.505628],[-0.197023,47.504208],[-0.196021,47.504866],[-0.195743,47.505239],[-0.190063,47.507288],[-0.189768,47.508069],[-0.18885,47.507792],[-0.186632,47.506361],[-0.18634,47.506458],[-0.186466,47.506561],[-0.186283,47.506725],[-0.185533,47.506396],[-0.185739,47.506217],[-0.184721,47.5055],[-0.18361,47.506541],[-0.183387,47.506465],[-0.18291,47.506871],[-0.183168,47.507002],[-0.182386,47.507736],[-0.181673,47.507486],[-0.181084,47.507031],[-0.179921,47.507846],[-0.176011,47.509258],[-0.173887,47.510401],[-0.173079,47.509826],[-0.172553,47.510169],[-0.172197,47.509904],[-0.170937,47.510867],[-0.169949,47.510294],[-0.170641,47.509309],[-0.168204,47.508446],[-0.166391,47.507613],[-0.165937,47.507603],[-0.166968,47.506199],[-0.166018,47.505543],[-0.16594,47.505327],[-0.165692,47.504464],[-0.166116,47.503305],[-0.162977,47.502741],[-0.162705,47.502203],[-0.160123,47.501893],[-0.159302,47.501632],[-0.158882,47.501665],[-0.158525,47.501902],[-0.15743,47.501779],[-0.15484,47.50291],[-0.153396,47.502417],[-0.152995,47.501597],[-0.152474,47.501464],[-0.152321,47.501047],[-0.150876,47.499789],[-0.149578,47.499327],[-0.148132,47.498386],[-0.147289,47.497117],[-0.147183,47.496618],[-0.145917,47.495236],[-0.144624,47.494874],[-0.142281,47.493198],[-0.141713,47.492574],[-0.137606,47.490624],[-0.139728,47.489297],[-0.141431,47.488516],[-0.143749,47.487953],[-0.149949,47.484276],[-0.150711,47.483563],[-0.151952,47.481494],[-0.149739,47.481046],[-0.147854,47.480939],[-0.14413,47.481539],[-0.142389,47.48104],[-0.142348,47.480869],[-0.140943,47.480162],[-0.137213,47.478934],[-0.13241,47.478546],[-0.132559,47.478049],[-0.131723,47.477008],[-0.131459,47.477103],[-0.13092,47.475502],[-0.12995,47.475766],[-0.12968,47.476043],[-0.126161,47.477751],[-0.125327,47.477263],[-0.124488,47.477672],[-0.122712,47.477288],[-0.12674,47.473047],[-0.125733,47.472417],[-0.124264,47.473099],[-0.12193,47.474969],[-0.121404,47.475579],[-0.118508,47.474562],[-0.11532,47.473912],[-0.11517,47.474187],[-0.112328,47.473691],[-0.108219,47.470435],[-0.108097,47.470499],[-0.107441,47.469698],[-0.107156,47.469831],[-0.106654,47.468491],[-0.106236,47.468518],[-0.106415,47.46728],[-0.105914,47.466647],[-0.100521,47.465043],[-0.101466,47.46238],[-0.102522,47.460462],[-0.102604,47.458729],[-0.098196,47.459365],[-0.094248,47.460902],[-0.091963,47.462326],[-0.091387,47.461647],[-0.090114,47.460642],[-0.087636,47.459146],[-0.086375,47.457339],[-0.08808,47.456897],[-0.090418,47.456847],[-0.092959,47.456525],[-0.095663,47.455073],[-0.096979,47.453068],[-0.100134,47.450998],[-0.100779,47.450326],[-0.101419,47.44995],[-0.102411,47.449832],[-0.102839,47.450212],[-0.103125,47.450221],[-0.105841,47.449373],[-0.108066,47.447825],[-0.116134,47.443875],[-0.116871,47.443357],[-0.117803,47.442211],[-0.117566,47.438847],[-0.122356,47.43134],[-0.123767,47.429538],[-0.126434,47.424959],[-0.127114,47.424694],[-0.127311,47.424841],[-0.128296,47.424836],[-0.128776,47.424654],[-0.129867,47.423623],[-0.13262,47.422176],[-0.132813,47.422571],[-0.133227,47.422565],[-0.136705,47.421245],[-0.137092,47.420859],[-0.136914,47.420349],[-0.138717,47.419525],[-0.138775,47.4185],[-0.138509,47.418206],[-0.141173,47.416763],[-0.142172,47.416511],[-0.142961,47.415976],[-0.144727,47.415307],[-0.145528,47.414613],[-0.146629,47.414028],[-0.146969,47.414438],[-0.149415,47.412326],[-0.148989,47.41199],[-0.150137,47.411049],[-0.150814,47.410859],[-0.151735,47.409872],[-0.153263,47.40868],[-0.155176,47.407756],[-0.157223,47.407288],[-0.15802,47.406965],[-0.158719,47.406264],[-0.159722,47.405706],[-0.15937,47.405384],[-0.159721,47.404978],[-0.15948,47.404557],[-0.159898,47.403519],[-0.161241,47.402981],[-0.163791,47.402452],[-0.164497,47.402125],[-0.168093,47.398559],[-0.170361,47.396648],[-0.172173,47.397158],[-0.175193,47.39749],[-0.175979,47.396341],[-0.176835,47.395766],[-0.179907,47.395396],[-0.184325,47.393959],[-0.186318,47.393953],[-0.187024,47.394098],[-0.188453,47.394717],[-0.193485,47.395474],[-0.194395,47.396025],[-0.19557,47.397392],[-0.19768,47.398912],[-0.199292,47.399725],[-0.202637,47.400331],[-0.20406,47.400798],[-0.204774,47.401204],[-0.209679,47.406181],[-0.212953,47.408412],[-0.214222,47.4097],[-0.214896,47.410709],[-0.21869,47.413908],[-0.220595,47.415007],[-0.22512,47.415849],[-0.227506,47.416644],[-0.229148,47.417632],[-0.230039,47.418688],[-0.231476,47.419431],[-0.235808,47.42035],[-0.241953,47.420843],[-0.248132,47.423401],[-0.250246,47.425443],[-0.252817,47.427354],[-0.254971,47.429554],[-0.254116,47.432291],[-0.252394,47.435336],[-0.252398,47.435749],[-0.252888,47.43648],[-0.253893,47.437006],[-0.258097,47.437174],[-0.258769,47.437315],[-0.261418,47.438749],[-0.262364,47.440509],[-0.263156,47.441233],[-0.264029,47.440713],[-0.263442,47.439988],[-0.264138,47.439451],[-0.264675,47.438649],[-0.265374,47.437057],[-0.266084,47.436657],[-0.270184,47.432812],[-0.272918,47.430988],[-0.274616,47.42917],[-0.275867,47.427285],[-0.276121,47.426395],[-0.277107,47.42559],[-0.277535,47.42389],[-0.27746,47.42319],[-0.277818,47.422518],[-0.278765,47.422038],[-0.280044,47.421862],[-0.280788,47.421604],[-0.281703,47.421919],[-0.282773,47.422052],[-0.283361,47.422313],[-0.283833,47.422687],[-0.284086,47.423314],[-0.285312,47.424702],[-0.287858,47.425176],[-0.288451,47.425425],[-0.28888,47.426046],[-0.289784,47.426422],[-0.290039,47.426876],[-0.289927,47.427247],[-0.292385,47.428285],[-0.293058,47.429042],[-0.294317,47.429866],[-0.302559,47.431499],[-0.305792,47.432859],[-0.306343,47.43246],[-0.30788,47.433157],[-0.307601,47.43337],[-0.312606,47.435176],[-0.311448,47.436589],[-0.312205,47.436655],[-0.31243,47.437255],[-0.31268,47.437205],[-0.315563,47.438306],[-0.31656,47.439542],[-0.316979,47.439383],[-0.316772,47.439897],[-0.317912,47.440003],[-0.318718,47.440246],[-0.319762,47.440216],[-0.322411,47.441403],[-0.32623,47.442183],[-0.32697,47.441982],[-0.327953,47.441959],[-0.329245,47.441537],[-0.331741,47.439981],[-0.332538,47.438978],[-0.328745,47.448444],[-0.329246,47.448823],[-0.328573,47.448797],[-0.327975,47.451049],[-0.328216,47.451177],[-0.328126,47.45137],[-0.328851,47.453672],[-0.328767,47.454127],[-0.329194,47.454876],[-0.329437,47.455934],[-0.329549,47.457249],[-0.329254,47.457902],[-0.329274,47.458468],[-0.328825,47.458769],[-0.329195,47.458951],[-0.329342,47.459414],[-0.329029,47.460371],[-0.326631,47.461751],[-0.31952,47.467767],[-0.315871,47.47337],[-0.315668,47.47407],[-0.314938,47.473835],[-0.312351,47.474139],[-0.311944,47.473941],[-0.309108,47.473738],[-0.305947,47.473939],[-0.301351,47.474557],[-0.301192,47.475155],[-0.301225,47.478186],[-0.300278,47.479028],[-0.299703,47.479379],[-0.299523,47.479319],[-0.298516,47.48085],[-0.298223,47.481876],[-0.298221,47.482511],[-0.298668,47.483941],[-0.298168,47.487173],[-0.298352,47.488441],[-0.298154,47.489108],[-0.297467,47.489168],[-0.297485,47.48944],[-0.296634,47.489553],[-0.295744,47.48989],[-0.295501,47.490199],[-0.294732,47.490214],[-0.293147,47.489863],[-0.292546,47.490703],[-0.292273,47.490407],[-0.291207,47.490712],[-0.28876,47.490395],[-0.287573,47.491693],[-0.284687,47.491745],[-0.283958,47.491532],[-0.282313,47.490471],[-0.282097,47.490635],[-0.281403,47.490746],[-0.281392,47.49138],[-0.28075,47.491286],[-0.279984,47.49374],[-0.276631,47.493666],[-0.275237,47.495181],[-0.274373,47.497087],[-0.274296,47.498069],[-0.274849,47.499255],[-0.274788,47.500463],[-0.274087,47.501233],[-0.273834,47.502296],[-0.273803,47.503536],[-0.274159,47.504158],[-0.271229,47.501387],[-0.2669,47.490918],[-0.265376,47.489095],[-0.260244,47.487253],[-0.252478,47.49111],[-0.252655,47.49156],[-0.252521,47.492444],[-0.252253,47.492954],[-0.251593,47.493013],[-0.251197,47.494169],[-0.250101,47.494076],[-0.248176,47.494342],[-0.248211,47.494531],[-0.247205,47.495345],[-0.246947,47.495871],[-0.246818,47.497643],[-0.247266,47.499096],[-0.246543,47.499129],[-0.245706,47.499623],[-0.244752,47.499401],[-0.244502,47.499639],[-0.243964,47.499644],[-0.243356,47.499983],[-0.241388,47.500431],[-0.240247,47.50111],[-0.239682,47.501194],[-0.240044,47.501268],[-0.239756,47.501661],[-0.239489,47.501613],[-0.239291,47.50223],[-0.239079,47.502216],[-0.239476,47.504604],[-0.238074,47.504765],[-0.236264,47.504697],[-0.234368,47.504862],[-0.232868,47.505162],[-0.23293,47.505385]]]}},{"type":"Feature","properties":{"uai_primary":"0490953V","uai_all":"0490953V","is_merged":false},"geometry":{"type":"Polygon","coordinates":[[[-0.539423,47.450604],[-0.540536,47.451491],[-0.540606,47.45209],[-0.541357,47.453443],[-0.541293,47.453667],[-0.5422,47.454485],[-0.542312,47.455103],[-0.542068,47.455539],[-0.543089,47.456048],[-0.543566,47.456499],[-0.54302,47.456469],[-0.542983,47.456832],[-0.542527,47.456755],[-0.542662,47.457105],[-0.541695,47.457804],[-0.541395,47.457675],[-0.541364,47.457128],[-0.541776,47.456575],[-0.541649,47.456413],[-0.54133,47.456502],[-0.541231,47.456331],[-0.540792,47.456336],[-0.540842,47.456484],[-0.540442,47.456854],[-0.539698,47.457301],[-0.539691,47.457452],[-0.539465,47.457444],[-0.539533,47.457595],[-0.539059,47.457817],[-0.537979,47.458852],[-0.537725,47.458888],[-0.537807,47.459031],[-0.537018,47.459092],[-0.536709,47.459398],[-0.536758,47.459668],[-0.536002,47.46021],[-0.5366,47.460245],[-0.536796,47.460534],[-0.536682,47.460669],[-0.536318,47.46066],[-0.536355,47.460924],[-0.535999,47.460995],[-0.535607,47.461562],[-0.535361,47.461617],[-0.535387,47.461873],[-0.534748,47.462652],[-0.534265,47.462707],[-0.534202,47.46318],[-0.533657,47.463237],[-0.533833,47.463481],[-0.533736,47.46379],[-0.534639,47.464276],[-0.534089,47.464771],[-0.533651,47.464691],[-0.533659,47.46492],[-0.533478,47.464861],[-0.533378,47.465032],[-0.53288,47.465088],[-0.532045,47.465609],[-0.530824,47.465148],[-0.530889,47.466342],[-0.531337,47.466608],[-0.530539,47.467365],[-0.529876,47.467616],[-0.527976,47.469192],[-0.525491,47.468764],[-0.524599,47.468458],[-0.523058,47.466846],[-0.519221,47.466327],[-0.519753,47.465256],[-0.519522,47.463698],[-0.516648,47.463086],[-0.515385,47.462295],[-0.51429,47.46195],[-0.515559,47.460068],[-0.516236,47.459719],[-0.51603,47.458336],[-0.515029,47.457977],[-0.514954,47.457785],[-0.515194,47.457322],[-0.515126,47.456803],[-0.515415,47.456316],[-0.516757,47.455099],[-0.517582,47.453251],[-0.514931,47.452956],[-0.515038,47.452491],[-0.511087,47.451849],[-0.509868,47.451354],[-0.509244,47.450728],[-0.509498,47.447583],[-0.520183,47.451267],[-0.521614,47.450644],[-0.524056,47.450287],[-0.524892,47.449099],[-0.525939,47.446555],[-0.526892,47.445641],[-0.527895,47.44603],[-0.531657,47.443701],[-0.533586,47.443033],[-0.534848,47.442803],[-0.535701,47.443284],[-0.536184,47.44542],[-0.536804,47.445878],[-0.537108,47.446411],[-0.537017,47.446848],[-0.537419,47.447374],[-0.537462,47.448064],[-0.537953,47.448537],[-0.539403,47.449402],[-0.539423,47.450604]]]}},{"type":"Feature","properties":{"uai_primary":"0490955X","uai_all":"0490955X","is_merged":false},"geometry":{"type":"Polygon","coordinates":[[[-0.729591,47.204341],[-0.729503,47.204734],[-0.72916,47.205036],[-0.728769,47.205104],[-0.728434,47.20549],[-0.729302,47.205821],[-0.729528,47.206237],[-0.730385,47.206585],[-0.730676,47.208501],[-0.730501,47.208899],[-0.729319,47.210018],[-0.729407,47.21017],[-0.729221,47.210186],[-0.728855,47.209679],[-0.728928,47.209359],[-0.729349,47.209109],[-0.729143,47.208952],[-0.729445,47.208725],[-0.728326,47.207211],[-0.72842,47.206796],[-0.727758,47.206165],[-0.728091,47.20564],[-0.727216,47.205158],[-0.727197,47.204338],[-0.728209,47.204252],[-0.728442,47.204033],[-0.728038,47.201929],[-0.727346,47.200809],[-0.727612,47.19904],[-0.730743,47.201238],[-0.731391,47.202173],[-0.732694,47.202408],[-0.734416,47.203407],[-0.732876,47.204035],[-0.732542,47.204077],[-0.731275,47.203782],[-0.729591,47.204341]],[[-0.718311,47.210474],[-0.716812,47.210872],[-0.715495,47.210693],[-0.714931,47.209958],[-0.715088,47.20887],[-0.716074,47.20772],[-0.717946,47.208742],[-0.718394,47.20971],[-0.718311,47.210474]],[[-0.718981,47.210894],[-0.719738,47.210684],[-0.719917,47.211267],[-0.718802,47.21171],[-0.718981,47.210894]],[[-0.722351,47.215039],[-0.721876,47.215455],[-0.720921,47.215125],[-0.721038,47.214759],[-0.721467,47.21455],[-0.722351,47.215039]],[[-0.722751,47.216723],[-0.72282,47.216897],[-0.722482,47.217258],[-0.721988,47.217247],[-0.720839,47.216564],[-0.720773,47.216204],[-0.72125,47.216107],[-0.722751,47.216723]],[[-0.730229,47.212049],[-0.730223,47.212191],[-0.730793,47.212491],[-0.730814,47.212807],[-0.731477,47.212821],[-0.731352,47.213142],[-0.731574,47.213572],[-0.731202,47.213531],[-0.731001,47.213709],[-0.730841,47.214042],[-0.731042,47.214452],[-0.730666,47.214786],[-0.730574,47.215294],[-0.731141,47.215723],[-0.73113,47.216168],[-0.731039,47.21635],[-0.730096,47.216472],[-0.729787,47.217024],[-0.729897,47.217293],[-0.729572,47.217489],[-0.729354,47.218078],[-0.728906,47.218407],[-0.728889,47.218692],[-0.728412,47.2192],[-0.72787,47.219428],[-0.727873,47.2199],[-0.72754,47.220445],[-0.728367,47.221764],[-0.728032,47.222512],[-0.728126,47.222742],[-0.726769,47.223374],[-0.726696,47.22358],[-0.726762,47.224293],[-0.728624,47.226055],[-0.728413,47.227991],[-0.72773,47.229105],[-0.725186,47.228799],[-0.719366,47.227023],[-0.722589,47.22473],[-0.723786,47.223245],[-0.725063,47.223132],[-0.726159,47.22255],[-0.726702,47.222436],[-0.726039,47.221986],[-0.726314,47.221303],[-0.726646,47.221043],[-0.726436,47.220714],[-0.726519,47.220473],[-0.727038,47.220017],[-0.727129,47.219685],[-0.72755,47.21952],[-0.72744,47.219313],[-0.727715,47.218807],[-0.727494,47.218347],[-0.727922,47.21795],[-0.727731,47.217501],[-0.7283,47.217139],[-0.728134,47.216094],[-0.728498,47.215643],[-0.729181,47.215602],[-0.729083,47.21519],[-0.729323,47.214986],[-0.729149,47.214408],[-0.730928,47.213295],[-0.729746,47.212773],[-0.729955,47.212045],[-0.729203,47.211899],[-0.728769,47.211356],[-0.729127,47.211066],[-0.729109,47.210751],[-0.728528,47.210451],[-0.729135,47.210277],[-0.729613,47.210653],[-0.729481,47.210965],[-0.729642,47.211289],[-0.730578,47.211525],[-0.730229,47.212049]],[[-0.726676,47.221049],[-0.726935,47.221167],[-0.726962,47.221052],[-0.726676,47.221049]],[[-0.926342,47.322784],[-0.926182,47.322513],[-0.925833,47.322466],[-0.925698,47.322291],[-0.926071,47.322026],[-0.925753,47.321662],[-0.926284,47.321797],[-0.926397,47.32168],[-0.926056,47.321489],[-0.926264,47.321245],[-0.927058,47.321172],[-0.927361,47.32192],[-0.926607,47.321987],[-0.926321,47.32232],[-0.92683,47.322335],[-0.926799,47.322532],[-0.926342,47.322784]],[[-0.930872,47.321482],[-0.931714,47.321751],[-0.934003,47.323102],[-0.942495,47.326229],[-0.942444,47.326699],[-0.951215,47.336843],[-0.93821,47.343288],[-0.924332,47.34769],[-0.916869,47.347902],[-0.907618,47.347946],[-0.904753,47.354199],[-0.906349,47.358111],[-0.90435,47.362148],[-0.899975,47.36842],[-0.897249,47.371781],[-0.896061,47.372651],[-0.893149,47.373712],[-0.890265,47.374283],[-0.885575,47.374922],[-0.881506,47.374726],[-0.877063,47.373867],[-0.875522,47.373319],[-0.872001,47.37169],[-0.870666,47.372194],[-0.86552,47.372714],[-0.857979,47.372637],[-0.847182,47.369099],[-0.845331,47.369163],[-0.834732,47.365809],[-0.812401,47.361164],[-0.812325,47.361518],[-0.812758,47.361812],[-0.811755,47.36206],[-0.812379,47.362571],[-0.811604,47.362912],[-0.811098,47.362772],[-0.810841,47.362996],[-0.809812,47.363284],[-0.810178,47.364009],[-0.809077,47.36483],[-0.811133,47.365743],[-0.811132,47.366719],[-0.811816,47.367319],[-0.811696,47.368133],[-0.812527,47.369206],[-0.812979,47.369444],[-0.811589,47.37111],[-0.814224,47.37331],[-0.816175,47.37436],[-0.824547,47.376411],[-0.827429,47.377374],[-0.82915,47.378483],[-0.831681,47.381117],[-0.833797,47.382662],[-0.835227,47.383221],[-0.838838,47.383988],[-0.838459,47.384771],[-0.837708,47.385565],[-0.837241,47.385707],[-0.834272,47.388735],[-0.823624,47.383064],[-0.817501,47.381914],[-0.806461,47.38058],[-0.796918,47.380289],[-0.793241,47.379594],[-0.787665,47.378216],[-0.781034,47.375645],[-0.776702,47.373574],[-0.774017,47.373876],[-0.770574,47.373713],[-0.766282,47.372344],[-0.76032,47.369533],[-0.758273,47.368963],[-0.743336,47.366151],[-0.740927,47.365462],[-0.733758,47.362913],[-0.726965,47.361909],[-0.720437,47.361567],[-0.710856,47.362351],[-0.702358,47.363385],[-0.692715,47.365128],[-0.69011,47.365728],[-0.686648,47.367084],[-0.681412,47.369581],[-0.678923,47.370038],[-0.676307,47.369939],[-0.66912,47.36892],[-0.667801,47.368936],[-0.665568,47.3687],[-0.663168,47.369053],[-0.659229,47.370663],[-0.64941,47.373413],[-0.648197,47.374358],[-0.642961,47.377079],[-0.640195,47.374773],[-0.639789,47.374714],[-0.637834,47.373804],[-0.636993,47.372703],[-0.635642,47.371603],[-0.635163,47.372317],[-0.632897,47.37127],[-0.633113,47.372142],[-0.632059,47.372037],[-0.62968,47.371498],[-0.627728,47.370689],[-0.626205,47.369113],[-0.624189,47.36758],[-0.62302,47.365417],[-0.622407,47.364787],[-0.621872,47.364483],[-0.620836,47.364242],[-0.6185,47.361963],[-0.61622,47.360565],[-0.615764,47.360333],[-0.614082,47.360055],[-0.611889,47.358574],[-0.608363,47.356665],[-0.606275,47.354677],[-0.605996,47.353649],[-0.604066,47.353311],[-0.602392,47.352761],[-0.601125,47.352695],[-0.600304,47.355284],[-0.599683,47.355268],[-0.596721,47.357162],[-0.594649,47.356564],[-0.597679,47.355167],[-0.597843,47.354098],[-0.599534,47.352595],[-0.599682,47.352041],[-0.600397,47.352256],[-0.601495,47.352039],[-0.601494,47.350366],[-0.601248,47.349417],[-0.601517,47.349021],[-0.600988,47.348934],[-0.602646,47.347721],[-0.603587,47.347593],[-0.60591,47.346655],[-0.606534,47.345678],[-0.60578,47.345315],[-0.605832,47.344716],[-0.605322,47.343897],[-0.604129,47.343897],[-0.603372,47.343531],[-0.602786,47.343503],[-0.601123,47.342516],[-0.600805,47.341884],[-0.598841,47.341586],[-0.598453,47.341317],[-0.599372,47.340441],[-0.599882,47.339579],[-0.600077,47.339555],[-0.600274,47.339067],[-0.600652,47.338754],[-0.600666,47.338412],[-0.601303,47.337914],[-0.602196,47.336439],[-0.601919,47.335696],[-0.601748,47.333755],[-0.602846,47.33299],[-0.604055,47.333218],[-0.605804,47.332813],[-0.609556,47.332586],[-0.612562,47.332184],[-0.620508,47.332714],[-0.623317,47.333246],[-0.628706,47.333693],[-0.630838,47.334221],[-0.63138,47.332933],[-0.63233,47.332479],[-0.634131,47.330778],[-0.633405,47.330156],[-0.633634,47.329304],[-0.635056,47.328568],[-0.635239,47.328062],[-0.635867,47.327458],[-0.635692,47.327067],[-0.635167,47.32666],[-0.63518,47.326447],[-0.637654,47.323853],[-0.638537,47.321913],[-0.638531,47.321527],[-0.637947,47.320619],[-0.63795,47.319531],[-0.638904,47.318524],[-0.639061,47.317925],[-0.639938,47.31773],[-0.640874,47.317072],[-0.641298,47.316367],[-0.642478,47.315819],[-0.646926,47.315393],[-0.647625,47.316882],[-0.650529,47.319],[-0.651438,47.319234],[-0.659819,47.313551],[-0.660266,47.312915],[-0.664858,47.312071],[-0.669043,47.312003],[-0.674744,47.312732],[-0.678537,47.313989],[-0.681381,47.31526],[-0.686038,47.31807],[-0.688967,47.318917],[-0.691056,47.317782],[-0.691917,47.317091],[-0.694686,47.316145],[-0.694941,47.315903],[-0.695275,47.315911],[-0.69571,47.315534],[-0.697254,47.315485],[-0.697911,47.315334],[-0.700219,47.313831],[-0.702565,47.312792],[-0.702894,47.312827],[-0.703805,47.312561],[-0.706035,47.31095],[-0.707022,47.309426],[-0.707972,47.308549],[-0.709842,47.308707],[-0.709784,47.309128],[-0.711404,47.309671],[-0.712238,47.31045],[-0.714822,47.310044],[-0.715828,47.311924],[-0.716183,47.313024],[-0.717133,47.313994],[-0.718308,47.313659],[-0.718719,47.313931],[-0.719384,47.313826],[-0.722312,47.312938],[-0.723564,47.312385],[-0.724147,47.311389],[-0.724833,47.311323],[-0.725979,47.311513],[-0.726282,47.311302],[-0.728011,47.311721],[-0.728237,47.31216],[-0.728929,47.312145],[-0.729236,47.312271],[-0.729233,47.3128],[-0.728476,47.313679],[-0.728601,47.314549],[-0.728394,47.314723],[-0.729464,47.315323],[-0.729507,47.315582],[-0.729228,47.315914],[-0.735496,47.313173],[-0.738318,47.31406],[-0.738402,47.313312],[-0.717939,47.308539],[-0.713014,47.306986],[-0.710626,47.305648],[-0.710079,47.30551],[-0.708932,47.305848],[-0.708738,47.304927],[-0.709069,47.303882],[-0.709039,47.30322],[-0.718634,47.295058],[-0.734451,47.302188],[-0.748315,47.310658],[-0.751086,47.310372],[-0.755787,47.310426],[-0.756957,47.310035],[-0.758816,47.308995],[-0.760777,47.308582],[-0.767023,47.306748],[-0.767616,47.306688],[-0.768361,47.306983],[-0.768644,47.308018],[-0.769551,47.307094],[-0.769249,47.306028],[-0.769398,47.305709],[-0.770505,47.305388],[-0.771005,47.304768],[-0.770168,47.303887],[-0.769704,47.303904],[-0.768881,47.304439],[-0.768566,47.304222],[-0.768775,47.302913],[-0.769065,47.302324],[-0.769082,47.301457],[-0.769464,47.301236],[-0.76974,47.300049],[-0.769455,47.298841],[-0.769898,47.298307],[-0.77038,47.296618],[-0.770155,47.295698],[-0.769495,47.295372],[-0.769224,47.294818],[-0.770222,47.293633],[-0.770845,47.293269],[-0.770991,47.292746],[-0.770813,47.292313],[-0.771842,47.291795],[-0.772261,47.290751],[-0.773436,47.289434],[-0.77393,47.288194],[-0.775513,47.287307],[-0.776416,47.287205],[-0.776454,47.286946],[-0.776825,47.286698],[-0.778506,47.286701],[-0.780605,47.286932],[-0.78112,47.286648],[-0.781424,47.286715],[-0.781488,47.286943],[-0.781892,47.286909],[-0.782444,47.286288],[-0.783127,47.286069],[-0.783521,47.28562],[-0.78436,47.285486],[-0.785212,47.285622],[-0.785465,47.285506],[-0.785904,47.285676],[-0.786271,47.285323],[-0.788265,47.284402],[-0.789246,47.284663],[-0.790656,47.284415],[-0.790871,47.284171],[-0.792976,47.283234],[-0.793905,47.282646],[-0.794038,47.282342],[-0.794575,47.281982],[-0.795148,47.282003],[-0.796116,47.282299],[-0.797203,47.282085],[-0.797521,47.281882],[-0.797606,47.281586],[-0.798393,47.281265],[-0.799281,47.281272],[-0.802714,47.283596],[-0.803389,47.283424],[-0.804396,47.284366],[-0.80508,47.284744],[-0.806222,47.284788],[-0.806781,47.28503],[-0.807446,47.286146],[-0.807331,47.286694],[-0.808198,47.28698],[-0.808384,47.287251],[-0.807905,47.28812],[-0.809924,47.288475],[-0.811484,47.288481],[-0.811841,47.288814],[-0.814225,47.288726],[-0.824438,47.283582],[-0.834047,47.276778],[-0.844148,47.271527],[-0.861374,47.262991],[-0.863338,47.265634],[-0.864232,47.266268],[-0.864024,47.267165],[-0.862381,47.268589],[-0.861952,47.269225],[-0.862599,47.271474],[-0.862318,47.273456],[-0.861487,47.274464],[-0.860269,47.274986],[-0.859586,47.275586],[-0.858593,47.276045],[-0.855943,47.276828],[-0.852558,47.277298],[-0.852765,47.277788],[-0.8527,47.278543],[-0.85323,47.278874],[-0.853772,47.279558],[-0.853625,47.279887],[-0.852332,47.280958],[-0.852487,47.281121],[-0.852242,47.281746],[-0.85252,47.281811],[-0.852114,47.282162],[-0.852477,47.282738],[-0.852408,47.283349],[-0.852763,47.284857],[-0.852719,47.285224],[-0.852132,47.285863],[-0.852205,47.28652],[-0.852463,47.286653],[-0.851867,47.287488],[-0.851505,47.287489],[-0.851301,47.287648],[-0.850979,47.287376],[-0.850446,47.287602],[-0.848739,47.28721],[-0.848779,47.287953],[-0.849746,47.288786],[-0.851321,47.290857],[-0.853505,47.291841],[-0.864292,47.298052],[-0.866102,47.298882],[-0.866618,47.298652],[-0.867566,47.297775],[-0.868348,47.29756],[-0.868217,47.29553],[-0.868398,47.295118],[-0.868617,47.294908],[-0.869507,47.294723],[-0.870077,47.294385],[-0.871067,47.294248],[-0.871294,47.29404],[-0.872885,47.293892],[-0.873205,47.293594],[-0.874957,47.293451],[-0.87628,47.293015],[-0.876257,47.292831],[-0.876599,47.292671],[-0.877328,47.2927],[-0.878772,47.293359],[-0.885173,47.292089],[-0.885825,47.292071],[-0.886376,47.292317],[-0.886701,47.292988],[-0.886574,47.293943],[-0.887704,47.296578],[-0.888227,47.296497],[-0.889025,47.296892],[-0.890763,47.297165],[-0.89134,47.297788],[-0.891468,47.298428],[-0.891802,47.298888],[-0.892615,47.299585],[-0.893397,47.299794],[-0.894501,47.300803],[-0.894677,47.300755],[-0.893312,47.309593],[-0.899011,47.320327],[-0.905557,47.333277],[-0.90636,47.336084],[-0.930013,47.328947],[-0.927501,47.323661],[-0.92808,47.322734],[-0.928007,47.322368],[-0.928482,47.322042],[-0.928622,47.321701],[-0.928374,47.321305],[-0.927362,47.32102],[-0.927736,47.320763],[-0.928458,47.320969],[-0.929679,47.320952],[-0.930872,47.321482]],[[-0.671621,47.328183],[-0.671048,47.328655],[-0.671078,47.328816],[-0.671376,47.329086],[-0.672761,47.329436],[-0.672391,47.328155],[-0.671621,47.328183]],[[-0.836074,47.314876],[-0.836719,47.314705],[-0.836805,47.314253],[-0.834981,47.313114],[-0.833778,47.313227],[-0.833563,47.313692],[-0.833749,47.314941],[-0.834922,47.3147],[-0.836074,47.314876]],[[-0.805944,47.316112],[-0.805348,47.315995],[-0.804595,47.316557],[-0.804579,47.316953],[-0.806599,47.317323],[-0.807183,47.316837],[-0.807372,47.31626],[-0.805944,47.316112]],[[-1.050883,47.333507],[-1.050398,47.33826],[-1.049581,47.339245],[-1.048046,47.340151],[-1.042408,47.339117],[-1.026111,47.337174],[-1.022742,47.334937],[-1.024744,47.321978],[-1.030475,47.316786],[-1.034007,47.314306],[-1.037379,47.317442],[-1.037541,47.318043],[-1.03826,47.318824],[-1.039278,47.320612],[-1.039736,47.321076],[-1.04049,47.321275],[-1.041371,47.321152],[-1.045453,47.324946],[-1.048253,47.328762],[-1.051763,47.332661],[-1.050883,47.333507]],[[-1.008478,47.35904],[-1.008428,47.359292],[-1.009469,47.35985],[-1.009348,47.360123],[-1.009627,47.360428],[-1.00937,47.36074],[-1.008955,47.360311],[-1.007463,47.359998],[-1.006111,47.359394],[-0.989029,47.349208],[-0.999792,47.346156],[-1.002439,47.348264],[-1.007634,47.357886],[-1.008478,47.35904]],[[-1.054217,47.349114],[-1.057415,47.350215],[-1.061552,47.352678],[-1.060588,47.357437],[-1.056431,47.369153],[-1.050696,47.3669],[-1.049503,47.366565],[-1.040099,47.353872],[-1.04948,47.350608],[-1.054217,47.349114]],[[-0.939665,47.366125],[-0.93893,47.36592],[-0.939288,47.365497],[-0.940291,47.365631],[-0.940555,47.365966],[-0.939994,47.366177],[-0.939665,47.366125]],[[-0.857533,47.385376],[-0.85799,47.385552],[-0.85809,47.386392],[-0.856959,47.38658],[-0.855818,47.386339],[-0.856095,47.385883],[-0.857066,47.385891],[-0.857295,47.385437],[-0.857533,47.385376]]]}},{"type":"Feature","properties":{"uai_primary":"0490956Y","uai_all":"0490956Y","is_merged":false},"geometry":{"type":"Polygon","coordinates":[[[-0.432926,47.749675],[-0.43303,47.749856],[-0.432449,47.750068],[-0.432204,47.750273],[-0.43226,47.750462],[-0.433735,47.751641],[-0.432223,47.751729],[-0.431971,47.751342],[-0.432049,47.750986],[-0.43153,47.750778],[-0.431342,47.749637],[-0.431563,47.749473],[-0.432126,47.749635],[-0.432159,47.749291],[-0.432466,47.749188],[-0.432926,47.749675]],[[-0.438302,47.753128],[-0.439177,47.749489],[-0.443191,47.740801],[-0.444471,47.74153],[-0.444728,47.742115],[-0.446801,47.742789],[-0.446758,47.74322],[-0.448567,47.743449],[-0.450288,47.743008],[-0.451571,47.74352],[-0.451428,47.743934],[-0.453291,47.744832],[-0.453083,47.745048],[-0.454207,47.745408],[-0.45194,47.748936],[-0.45233,47.752193],[-0.452213,47.754177],[-0.452768,47.754339],[-0.453029,47.75459],[-0.453647,47.756739],[-0.45299,47.757342],[-0.452329,47.757085],[-0.450075,47.757207],[-0.449079,47.758323],[-0.441576,47.763845],[-0.439475,47.758858],[-0.438302,47.753128]],[[-0.387022,47.632605],[-0.387361,47.632589],[-0.386298,47.636648],[-0.386555,47.637617],[-0.384888,47.641424],[-0.384948,47.646545],[-0.384403,47.648578],[-0.384489,47.649481],[-0.383794,47.650322],[-0.383228,47.652058],[-0.382544,47.652209],[-0.38252,47.652751],[-0.382964,47.6531],[-0.38242,47.654437],[-0.38211,47.654621],[-0.382473,47.65588],[-0.381674,47.658441],[-0.382202,47.658673],[-0.383354,47.65866],[-0.383577,47.659301],[-0.384499,47.659116],[-0.385279,47.659753],[-0.386355,47.660136],[-0.386111,47.660583],[-0.386896,47.661644],[-0.387543,47.661235],[-0.389204,47.660663],[-0.390419,47.6604],[-0.39206,47.660268],[-0.392473,47.660014],[-0.395718,47.659161],[-0.398944,47.658504],[-0.400134,47.658582],[-0.402299,47.659005],[-0.403296,47.658719],[-0.404374,47.659373],[-0.407792,47.659713],[-0.408594,47.660228],[-0.409608,47.660148],[-0.411527,47.661667],[-0.413651,47.661269],[-0.413663,47.663027],[-0.417226,47.663042],[-0.418656,47.662242],[-0.420235,47.662362],[-0.420595,47.662255],[-0.421599,47.662547],[-0.422099,47.662232],[-0.422592,47.662216],[-0.423218,47.665806],[-0.423008,47.666867],[-0.422421,47.666978],[-0.421562,47.666902],[-0.421557,47.667167],[-0.422026,47.667269],[-0.421723,47.667993],[-0.422085,47.66809],[-0.421462,47.669473],[-0.419923,47.671163],[-0.41862,47.671056],[-0.417052,47.675188],[-0.417347,47.675879],[-0.417509,47.67589],[-0.418611,47.677665],[-0.420127,47.679189],[-0.423436,47.680984],[-0.424391,47.681771],[-0.424223,47.682224],[-0.424716,47.683047],[-0.425462,47.683549],[-0.429017,47.683994],[-0.437028,47.684412],[-0.438306,47.684723],[-0.439496,47.685407],[-0.438438,47.68636],[-0.437694,47.688034],[-0.437095,47.690092],[-0.437253,47.69126],[-0.437819,47.691816],[-0.439433,47.692882],[-0.44317,47.694896],[-0.443655,47.695467],[-0.444113,47.696703],[-0.444672,47.697528],[-0.446647,47.699413],[-0.446688,47.699896],[-0.448955,47.702182],[-0.449405,47.703359],[-0.449241,47.70394],[-0.448661,47.704441],[-0.44345,47.706376],[-0.44017,47.708003],[-0.438246,47.709802],[-0.436913,47.711933],[-0.436391,47.713229],[-0.436361,47.714164],[-0.436599,47.714957],[-0.439724,47.718355],[-0.44045,47.718886],[-0.444405,47.720541],[-0.445136,47.720995],[-0.445962,47.721813],[-0.446499,47.723607],[-0.446305,47.726152],[-0.445761,47.728194],[-0.44367,47.731721],[-0.441273,47.73278],[-0.43732,47.733855],[-0.432251,47.735652],[-0.431164,47.736258],[-0.431688,47.736723],[-0.432686,47.737244],[-0.43393,47.738349],[-0.434294,47.738568],[-0.435108,47.738699],[-0.435312,47.739107],[-0.436124,47.739193],[-0.438091,47.738943],[-0.440509,47.739698],[-0.438714,47.740564],[-0.434548,47.741892],[-0.428431,47.744095],[-0.426184,47.745086],[-0.425496,47.746778],[-0.423793,47.749262],[-0.425085,47.751672],[-0.425721,47.75378],[-0.428588,47.767777],[-0.424889,47.766966],[-0.423826,47.765969],[-0.423186,47.765664],[-0.419008,47.765024],[-0.413173,47.765467],[-0.40989,47.765334],[-0.410228,47.765981],[-0.410126,47.76777],[-0.410786,47.769037],[-0.41166,47.769315],[-0.41199,47.769597],[-0.412755,47.772259],[-0.415106,47.77653],[-0.415329,47.778041],[-0.415952,47.780027],[-0.415842,47.780937],[-0.414992,47.780442],[-0.413528,47.779983],[-0.413492,47.77981],[-0.411149,47.77914],[-0.410697,47.779214],[-0.408737,47.778373],[-0.407273,47.777327],[-0.407565,47.776391],[-0.404542,47.775912],[-0.404311,47.775423],[-0.400252,47.773665],[-0.398092,47.772372],[-0.396802,47.771066],[-0.395136,47.770429],[-0.393992,47.7702],[-0.392964,47.769555],[-0.389321,47.770291],[-0.387408,47.769978],[-0.386964,47.769698],[-0.38663,47.769922],[-0.385297,47.768933],[-0.384991,47.768484],[-0.384455,47.768406],[-0.383643,47.767412],[-0.383467,47.766368],[-0.381884,47.765367],[-0.382014,47.764296],[-0.38106,47.763175],[-0.382453,47.762372],[-0.382313,47.761242],[-0.382452,47.761031],[-0.382095,47.760583],[-0.38177,47.760727],[-0.380716,47.759913],[-0.379009,47.760275],[-0.377451,47.760881],[-0.375657,47.760736],[-0.375182,47.760586],[-0.374663,47.760176],[-0.374594,47.759818],[-0.37494,47.759377],[-0.375665,47.757217],[-0.376123,47.757242],[-0.376585,47.755309],[-0.377359,47.754326],[-0.377977,47.753091],[-0.380328,47.750886],[-0.380603,47.751091],[-0.381205,47.750288],[-0.380142,47.749996],[-0.378066,47.747657],[-0.373707,47.744821],[-0.372769,47.743607],[-0.373443,47.743208],[-0.373263,47.74298],[-0.373349,47.742151],[-0.374038,47.742318],[-0.374858,47.738964],[-0.372758,47.738189],[-0.367059,47.736838],[-0.365473,47.73686],[-0.364483,47.73703],[-0.363582,47.736855],[-0.362682,47.735716],[-0.361384,47.735185],[-0.360712,47.734432],[-0.359838,47.733886],[-0.3592,47.732936],[-0.357988,47.732248],[-0.356653,47.730605],[-0.357942,47.730186],[-0.357883,47.72984],[-0.358702,47.72958],[-0.358178,47.728482],[-0.358818,47.728369],[-0.358726,47.727775],[-0.359197,47.727628],[-0.358738,47.725907],[-0.360817,47.725391],[-0.360549,47.725268],[-0.35969,47.722698],[-0.36065,47.722486],[-0.361102,47.721961],[-0.36149,47.721817],[-0.362832,47.721771],[-0.363338,47.721887],[-0.362999,47.719721],[-0.364011,47.719536],[-0.363638,47.719169],[-0.364744,47.71853],[-0.364005,47.717882],[-0.365206,47.717215],[-0.365884,47.717588],[-0.365835,47.716229],[-0.364522,47.715913],[-0.364359,47.715138],[-0.362572,47.71506],[-0.362449,47.714489],[-0.36042,47.714717],[-0.359731,47.714929],[-0.352085,47.714054],[-0.351098,47.7149],[-0.347907,47.714746],[-0.347019,47.717901],[-0.346059,47.717806],[-0.344356,47.718162],[-0.343246,47.718045],[-0.343007,47.718458],[-0.340087,47.71843],[-0.33996,47.719031],[-0.335792,47.718643],[-0.335254,47.72062],[-0.333896,47.720584],[-0.333861,47.721105],[-0.333016,47.721094],[-0.33306,47.721561],[-0.332212,47.721664],[-0.330927,47.72158],[-0.330909,47.721868],[-0.33016,47.721877],[-0.328212,47.721015],[-0.326148,47.720344],[-0.325663,47.719751],[-0.325373,47.719831],[-0.32078,47.719136],[-0.319128,47.718603],[-0.317878,47.71856],[-0.313149,47.717639],[-0.304719,47.71666],[-0.301171,47.716545],[-0.296874,47.716791],[-0.296569,47.717379],[-0.296362,47.717399],[-0.293198,47.717025],[-0.291968,47.717082],[-0.290082,47.718311],[-0.28799,47.718748],[-0.28614,47.719445],[-0.285491,47.719509],[-0.281899,47.716991],[-0.281054,47.717294],[-0.279599,47.714564],[-0.278908,47.714058],[-0.278472,47.714142],[-0.277485,47.713526],[-0.274327,47.713759],[-0.274183,47.713085],[-0.272165,47.713545],[-0.2715,47.71423],[-0.270776,47.714454],[-0.269173,47.714373],[-0.268572,47.714564],[-0.267712,47.714609],[-0.266942,47.712865],[-0.265912,47.712465],[-0.26549,47.711931],[-0.264944,47.711641],[-0.263807,47.712443],[-0.262841,47.711899],[-0.261483,47.711582],[-0.260193,47.710468],[-0.260247,47.710271],[-0.25977,47.710062],[-0.259354,47.709271],[-0.258377,47.709074],[-0.257197,47.707242],[-0.25581,47.707408],[-0.252635,47.70701],[-0.251133,47.707391],[-0.250379,47.707318],[-0.24966,47.707734],[-0.248389,47.707608],[-0.247229,47.707309],[-0.24669,47.707359],[-0.244898,47.706915],[-0.242752,47.706925],[-0.240426,47.704815],[-0.239478,47.704391],[-0.238222,47.704282],[-0.234721,47.703401],[-0.234307,47.703481],[-0.233698,47.704054],[-0.233785,47.704524],[-0.233186,47.707369],[-0.231717,47.708451],[-0.231021,47.709186],[-0.230259,47.709324],[-0.227271,47.711311],[-0.226798,47.711474],[-0.226337,47.711977],[-0.225556,47.712299],[-0.224237,47.713468],[-0.222987,47.713508],[-0.22222,47.713817],[-0.219578,47.715522],[-0.219148,47.716547],[-0.218584,47.716959],[-0.217601,47.717094],[-0.215438,47.717723],[-0.214208,47.717766],[-0.213682,47.718143],[-0.21379,47.718561],[-0.213598,47.718966],[-0.210859,47.720406],[-0.210025,47.721109],[-0.209677,47.721209],[-0.209091,47.721947],[-0.208266,47.722434],[-0.206984,47.722348],[-0.205724,47.7225],[-0.204012,47.72353],[-0.203121,47.723774],[-0.202631,47.724195],[-0.202719,47.724974],[-0.202205,47.725191],[-0.199976,47.724742],[-0.19568,47.725191],[-0.194452,47.724596],[-0.194023,47.724245],[-0.193577,47.723402],[-0.193866,47.72295],[-0.19371,47.722154],[-0.193322,47.721708],[-0.192263,47.721343],[-0.190499,47.721026],[-0.190351,47.720801],[-0.189276,47.720469],[-0.18749,47.719314],[-0.186567,47.719007],[-0.186452,47.718331],[-0.185535,47.716882],[-0.185181,47.71577],[-0.184198,47.714753],[-0.183335,47.715078],[-0.18266,47.714961],[-0.176619,47.716333],[-0.175555,47.715888],[-0.175076,47.71608],[-0.175075,47.716299],[-0.174417,47.716471],[-0.173631,47.715218],[-0.173654,47.713503],[-0.181634,47.712964],[-0.18336,47.712656],[-0.183746,47.712459],[-0.183699,47.711886],[-0.182442,47.710645],[-0.181861,47.706215],[-0.183838,47.706426],[-0.186167,47.704027],[-0.188393,47.702171],[-0.188905,47.702201],[-0.19228,47.699985],[-0.194113,47.699533],[-0.197318,47.697431],[-0.197605,47.696975],[-0.198541,47.696422],[-0.20004,47.694919],[-0.204296,47.693661],[-0.205397,47.692723],[-0.206439,47.693396],[-0.209234,47.693773],[-0.209875,47.69353],[-0.215531,47.695948],[-0.217891,47.69244],[-0.220197,47.689623],[-0.21976,47.687889],[-0.216364,47.685409],[-0.216436,47.683875],[-0.216806,47.683535],[-0.216193,47.683366],[-0.215415,47.682045],[-0.215571,47.680954],[-0.213016,47.679991],[-0.212595,47.680106],[-0.212032,47.679889],[-0.210571,47.678549],[-0.209921,47.67835],[-0.209514,47.677662],[-0.207647,47.675893],[-0.206475,47.675281],[-0.206392,47.674673],[-0.207171,47.674082],[-0.207517,47.673332],[-0.207956,47.672939],[-0.208482,47.671525],[-0.206459,47.670949],[-0.205265,47.670328],[-0.203469,47.669252],[-0.201346,47.667647],[-0.199711,47.666034],[-0.199374,47.665127],[-0.198831,47.664783],[-0.198085,47.663843],[-0.195296,47.661704],[-0.196052,47.660634],[-0.195896,47.660192],[-0.194401,47.65962],[-0.196355,47.658196],[-0.195812,47.657686],[-0.195352,47.656806],[-0.195483,47.656055],[-0.195226,47.655231],[-0.196626,47.652237],[-0.19663,47.650918],[-0.196959,47.649651],[-0.19662,47.648969],[-0.192969,47.647893],[-0.19399,47.645426],[-0.195416,47.643794],[-0.196376,47.641858],[-0.197619,47.640536],[-0.198457,47.640082],[-0.198324,47.637953],[-0.199156,47.635914],[-0.199975,47.634733],[-0.199646,47.633286],[-0.198471,47.631308],[-0.197334,47.628354],[-0.197727,47.626371],[-0.198023,47.625843],[-0.197142,47.625577],[-0.195684,47.624483],[-0.194109,47.623649],[-0.193422,47.623046],[-0.19308,47.62314],[-0.190837,47.619609],[-0.19062,47.619606],[-0.190256,47.618738],[-0.189614,47.618366],[-0.188621,47.61718],[-0.190231,47.616767],[-0.190186,47.616339],[-0.191327,47.61345],[-0.191538,47.613506],[-0.191996,47.612849],[-0.192644,47.612886],[-0.192845,47.612761],[-0.194081,47.613157],[-0.194329,47.612683],[-0.196557,47.612763],[-0.197337,47.6123],[-0.198594,47.610913],[-0.200007,47.61024],[-0.202258,47.6097],[-0.204139,47.609675],[-0.20459,47.609819],[-0.206374,47.609834],[-0.210103,47.610168],[-0.215726,47.611311],[-0.217061,47.611879],[-0.219042,47.61342],[-0.222529,47.614997],[-0.226383,47.614169],[-0.22829,47.614552],[-0.230789,47.613567],[-0.232812,47.612562],[-0.233473,47.612034],[-0.237279,47.611962],[-0.237372,47.611557],[-0.23822,47.611342],[-0.250749,47.612383],[-0.268581,47.605618],[-0.271123,47.610567],[-0.27126,47.611784],[-0.271115,47.612087],[-0.269602,47.6126],[-0.269114,47.612588],[-0.265954,47.613883],[-0.264966,47.614117],[-0.25552,47.615747],[-0.250087,47.619218],[-0.250472,47.619188],[-0.250937,47.61946],[-0.263569,47.622433],[-0.263835,47.622607],[-0.264053,47.623295],[-0.266831,47.624005],[-0.272247,47.624904],[-0.273493,47.626104],[-0.273806,47.628014],[-0.275054,47.629361],[-0.277047,47.631091],[-0.279154,47.632041],[-0.280733,47.633086],[-0.282394,47.632248],[-0.283115,47.631542],[-0.28414,47.630944],[-0.283423,47.630491],[-0.282811,47.630628],[-0.282337,47.629934],[-0.282932,47.629463],[-0.281744,47.628823],[-0.281456,47.628992],[-0.281234,47.628607],[-0.281125,47.6282],[-0.281649,47.627172],[-0.281991,47.627153],[-0.28206,47.626905],[-0.281832,47.625013],[-0.284354,47.62405],[-0.286067,47.622249],[-0.287329,47.621705],[-0.287389,47.619886],[-0.289132,47.619394],[-0.291208,47.619152],[-0.292427,47.61935],[-0.293573,47.619823],[-0.296102,47.621961],[-0.297079,47.621703],[-0.298143,47.622299],[-0.299158,47.621361],[-0.298398,47.620949],[-0.297608,47.620772],[-0.298384,47.619365],[-0.299769,47.620166],[-0.300458,47.619616],[-0.300943,47.620179],[-0.302386,47.619889],[-0.302398,47.619746],[-0.303773,47.619586],[-0.304028,47.62072],[-0.305312,47.621461],[-0.314937,47.62417],[-0.317596,47.622294],[-0.318795,47.622882],[-0.318092,47.623319],[-0.320563,47.625174],[-0.320914,47.626163],[-0.322494,47.627845],[-0.325105,47.629876],[-0.326078,47.630003],[-0.326718,47.630589],[-0.327156,47.630647],[-0.32814,47.631938],[-0.329001,47.63224],[-0.330002,47.633582],[-0.331317,47.633532],[-0.33221,47.633305],[-0.332782,47.633048],[-0.33392,47.631927],[-0.338937,47.630153],[-0.339764,47.629591],[-0.341116,47.628274],[-0.34331,47.627385],[-0.345036,47.625653],[-0.345846,47.625234],[-0.349159,47.624209],[-0.354965,47.623412],[-0.355788,47.623126],[-0.356624,47.623377],[-0.3597,47.623288],[-0.361576,47.623686],[-0.364366,47.623576],[-0.365887,47.623716],[-0.368437,47.624926],[-0.369605,47.62643],[-0.371147,47.627616],[-0.376385,47.630609],[-0.379798,47.631601],[-0.38069,47.631668],[-0.382466,47.631523],[-0.38413,47.631711],[-0.386346,47.632512],[-0.387022,47.632605]]]}},{"type":"Feature","properties":{"uai_primary":"0490957Z","uai_all":"0490957Z","is_merged":false},"geometry":{"type":"Polygon","coordinates":[[[-0.458674,47.492606],[-0.458699,47.494417],[-0.456965,47.49571],[-0.457271,47.496112],[-0.456598,47.496173],[-0.456847,47.496559],[-0.453243,47.497899],[-0.453662,47.498138],[-0.453677,47.498309],[-0.449689,47.498886],[-0.44882,47.499852],[-0.446666,47.49903],[-0.446902,47.498499],[-0.445527,47.498262],[-0.444932,47.49887],[-0.440288,47.504739],[-0.439886,47.504557],[-0.436798,47.507495],[-0.437858,47.508238],[-0.439992,47.509324],[-0.439939,47.509883],[-0.439606,47.510212],[-0.440853,47.511258],[-0.441716,47.51116],[-0.441597,47.512036],[-0.441022,47.512559],[-0.440577,47.513406],[-0.440082,47.513492],[-0.439246,47.514049],[-0.439107,47.514855],[-0.43816,47.515298],[-0.436261,47.515221],[-0.436192,47.515866],[-0.432217,47.515879],[-0.432183,47.515677],[-0.430675,47.515819],[-0.430474,47.515478],[-0.430059,47.515464],[-0.429552,47.515534],[-0.429549,47.515751],[-0.428873,47.515786],[-0.426602,47.515513],[-0.426437,47.516002],[-0.425346,47.515798],[-0.42546,47.515536],[-0.424183,47.515241],[-0.424414,47.514718],[-0.424493,47.512651],[-0.425892,47.508851],[-0.426379,47.505873],[-0.42613,47.50586],[-0.426657,47.505495],[-0.426783,47.505162],[-0.424246,47.503687],[-0.422329,47.50398],[-0.421241,47.503566],[-0.419915,47.505182],[-0.418343,47.507988],[-0.417757,47.508344],[-0.417549,47.508811],[-0.417839,47.508793],[-0.417604,47.509481],[-0.418141,47.509674],[-0.417476,47.510184],[-0.416789,47.511087],[-0.416246,47.511225],[-0.414639,47.512302],[-0.413944,47.513602],[-0.41264,47.51465],[-0.411631,47.515226],[-0.411322,47.515911],[-0.410749,47.5158],[-0.410424,47.516053],[-0.409989,47.515712],[-0.410079,47.515564],[-0.409227,47.515126],[-0.409296,47.514855],[-0.408703,47.514769],[-0.407957,47.514968],[-0.407782,47.515159],[-0.406157,47.515208],[-0.40448,47.514549],[-0.404568,47.514306],[-0.403547,47.514321],[-0.402784,47.514158],[-0.401714,47.513687],[-0.400627,47.512905],[-0.400494,47.513011],[-0.396455,47.511478],[-0.395023,47.512826],[-0.394395,47.51289],[-0.392683,47.512703],[-0.388196,47.511846],[-0.383544,47.508931],[-0.383693,47.508524],[-0.383377,47.508273],[-0.383378,47.507299],[-0.381566,47.505541],[-0.378139,47.50496],[-0.378131,47.50514],[-0.376279,47.505054],[-0.376393,47.504845],[-0.373431,47.504425],[-0.368779,47.50455],[-0.368986,47.503478],[-0.367744,47.503425],[-0.36702,47.501712],[-0.365994,47.501435],[-0.362868,47.502777],[-0.354976,47.496796],[-0.359029,47.49206],[-0.359061,47.490582],[-0.358671,47.487814],[-0.357996,47.486763],[-0.356987,47.486352],[-0.355917,47.486453],[-0.35523,47.486165],[-0.35557,47.486711],[-0.354351,47.488963],[-0.350523,47.488286],[-0.347756,47.48829],[-0.343091,47.49009],[-0.341723,47.489071],[-0.337686,47.487373],[-0.334379,47.486668],[-0.335454,47.486535],[-0.335713,47.486342],[-0.336703,47.486127],[-0.337479,47.482329],[-0.337331,47.478408],[-0.33555,47.478272],[-0.33407,47.478472],[-0.334025,47.4767],[-0.331832,47.47667],[-0.327173,47.475647],[-0.323484,47.476033],[-0.321523,47.476041],[-0.321109,47.475545],[-0.320012,47.475012],[-0.319897,47.474476],[-0.319518,47.47439],[-0.31961,47.474112],[-0.315809,47.473518],[-0.31952,47.467767],[-0.326631,47.461751],[-0.328837,47.460538],[-0.329286,47.459957],[-0.329273,47.45908],[-0.328825,47.458769],[-0.329274,47.458468],[-0.329254,47.457902],[-0.329549,47.457249],[-0.329437,47.455934],[-0.329194,47.454876],[-0.328767,47.454127],[-0.328851,47.453672],[-0.328126,47.45137],[-0.328216,47.451177],[-0.327975,47.451049],[-0.328573,47.448797],[-0.329246,47.448823],[-0.328745,47.448444],[-0.330084,47.444904],[-0.350302,47.439649],[-0.356833,47.436571],[-0.361977,47.438388],[-0.367836,47.445608],[-0.384357,47.442132],[-0.38924,47.443277],[-0.3927,47.444641],[-0.393307,47.444486],[-0.39968,47.440234],[-0.405086,47.440173],[-0.410444,47.439324],[-0.41155,47.438783],[-0.415581,47.434293],[-0.423844,47.433939],[-0.426877,47.434994],[-0.433823,47.434261],[-0.44662,47.435528],[-0.447835,47.435722],[-0.452763,47.437158],[-0.455628,47.441033],[-0.450691,47.441442],[-0.448315,47.442391],[-0.449075,47.44317],[-0.449057,47.444134],[-0.448778,47.444744],[-0.446685,47.444553],[-0.445513,47.445883],[-0.445458,47.446271],[-0.445877,47.446384],[-0.445384,47.447459],[-0.444394,47.44753],[-0.442781,47.448735],[-0.44196,47.448953],[-0.438457,47.450653],[-0.439823,47.452199],[-0.441198,47.454306],[-0.442456,47.454144],[-0.442594,47.457064],[-0.446314,47.457257],[-0.445711,47.45955],[-0.444884,47.460575],[-0.444725,47.461237],[-0.444747,47.462093],[-0.445157,47.462811],[-0.44558,47.464756],[-0.44698,47.465718],[-0.4481,47.467982],[-0.450276,47.469237],[-0.451954,47.469853],[-0.452502,47.469299],[-0.454944,47.470291],[-0.455006,47.469417],[-0.457198,47.46971],[-0.457008,47.468826],[-0.458191,47.468594],[-0.458463,47.466408],[-0.459576,47.466555],[-0.461461,47.466512],[-0.462966,47.466283],[-0.461943,47.46519],[-0.463594,47.464813],[-0.464057,47.465397],[-0.465258,47.465104],[-0.465143,47.464988],[-0.465909,47.464064],[-0.467685,47.464085],[-0.46799,47.4635],[-0.467737,47.463334],[-0.467825,47.462559],[-0.470897,47.463108],[-0.472362,47.461447],[-0.473786,47.460464],[-0.475914,47.460062],[-0.479588,47.458789],[-0.48572,47.457161],[-0.485739,47.456968],[-0.489426,47.455527],[-0.49143,47.456037],[-0.490286,47.457082],[-0.490993,47.45734],[-0.491841,47.45826],[-0.492948,47.458558],[-0.493109,47.458235],[-0.49495,47.458435],[-0.495222,47.458611],[-0.496086,47.458738],[-0.500371,47.459148],[-0.502063,47.459464],[-0.502273,47.45913],[-0.502744,47.459],[-0.503231,47.458617],[-0.50341,47.458186],[-0.502877,47.458037],[-0.5038,47.456786],[-0.505421,47.457477],[-0.507273,47.457783],[-0.511092,47.45877],[-0.513535,47.4588],[-0.515029,47.457977],[-0.51603,47.458336],[-0.516236,47.459719],[-0.515559,47.460068],[-0.51429,47.46195],[-0.515385,47.462295],[-0.516648,47.463086],[-0.519522,47.463698],[-0.519753,47.465256],[-0.518898,47.466817],[-0.520126,47.467545],[-0.51903,47.468384],[-0.519792,47.469037],[-0.519033,47.471168],[-0.518468,47.471919],[-0.517173,47.472994],[-0.516309,47.472669],[-0.515507,47.473152],[-0.515707,47.474655],[-0.514658,47.47804],[-0.513182,47.481291],[-0.512146,47.48296],[-0.513519,47.483752],[-0.508533,47.48925],[-0.507297,47.489902],[-0.505134,47.489435],[-0.502769,47.489333],[-0.501208,47.488994],[-0.497192,47.487508],[-0.490051,47.487409],[-0.487001,47.486936],[-0.479765,47.486948],[-0.477106,47.486732],[-0.472163,47.487294],[-0.46646,47.488425],[-0.4642,47.490117],[-0.461014,47.491858],[-0.458674,47.492606]],[[-0.394185,47.510623],[-0.392497,47.508654],[-0.392198,47.508648],[-0.392256,47.510268],[-0.392483,47.510409],[-0.394185,47.510623]],[[-0.369011,47.500166],[-0.368793,47.500233],[-0.369011,47.500166]],[[-0.41621,47.445956],[-0.415881,47.445788],[-0.41555,47.445907],[-0.415567,47.446553],[-0.416705,47.446782],[-0.417371,47.446567],[-0.41621,47.445956]],[[-0.394157,47.45777],[-0.395826,47.456556],[-0.395823,47.455343],[-0.39382,47.454374],[-0.389829,47.45163],[-0.3878,47.453227],[-0.388935,47.454442],[-0.393634,47.458336],[-0.394157,47.45777]],[[-0.387809,47.46157],[-0.389003,47.462075],[-0.389282,47.462385],[-0.389735,47.46224],[-0.38981,47.46205],[-0.388455,47.461471],[-0.388168,47.461107],[-0.387802,47.461325],[-0.387809,47.46157]],[[-0.390057,47.46229],[-0.389814,47.46228],[-0.389942,47.462455],[-0.390233,47.46243],[-0.390057,47.46229]],[[-0.353553,47.473014],[-0.353924,47.473318],[-0.354365,47.473245],[-0.354576,47.472705],[-0.354285,47.472297],[-0.353424,47.47263],[-0.353553,47.473014]],[[-0.363372,47.474691],[-0.364225,47.474838],[-0.36656,47.472453],[-0.362677,47.472266],[-0.362096,47.472352],[-0.361474,47.473429],[-0.36059,47.473686],[-0.359011,47.475128],[-0.363372,47.474691]],[[-0.356585,47.478615],[-0.356242,47.477802],[-0.35522,47.477181],[-0.352755,47.478111],[-0.351519,47.477435],[-0.351028,47.477541],[-0.350068,47.478198],[-0.348895,47.479306],[-0.352629,47.480248],[-0.354948,47.481418],[-0.356348,47.481021],[-0.356688,47.47936],[-0.356585,47.478615]],[[-0.334936,47.420168],[-0.335149,47.419251],[-0.33532,47.419385],[-0.334936,47.420168]],[[-0.333032,47.419439],[-0.333824,47.419449],[-0.333915,47.418544],[-0.334481,47.419123],[-0.334466,47.419943],[-0.333086,47.419458],[-0.3348,47.420665],[-0.333238,47.42228],[-0.332551,47.422658],[-0.332317,47.422611],[-0.332204,47.420393],[-0.331996,47.420236],[-0.330904,47.420034],[-0.331035,47.419373],[-0.331849,47.41799],[-0.332765,47.419355],[-0.333032,47.419439]],[[-0.333094,47.419989],[-0.333498,47.419953],[-0.332766,47.419359],[-0.332753,47.419817],[-0.333094,47.419989]],[[-0.332461,47.420351],[-0.332603,47.420025],[-0.332312,47.420217],[-0.332461,47.420351]],[[-0.437913,47.420175],[-0.438165,47.420386],[-0.43818,47.421179],[-0.438939,47.42209],[-0.43829,47.421785],[-0.437945,47.421798],[-0.437559,47.421295],[-0.436672,47.420754],[-0.437052,47.420334],[-0.436675,47.41915],[-0.436857,47.418943],[-0.437758,47.419805],[-0.437913,47.420175]],[[-0.317596,47.4968],[-0.317337,47.496805],[-0.319018,47.495792],[-0.320068,47.495983],[-0.319619,47.496554],[-0.31926,47.496506],[-0.317596,47.4968]]]}},{"type":"Feature","properties":{"uai_primary":"0490960C","uai_all":"0490960C","is_merged":false},"geometry":{"type":"Polygon","coordinates":[[[-0.10856,47.284602],[-0.111331,47.286307],[-0.112584,47.286787],[-0.11728,47.288219],[-0.12176,47.289339],[-0.122312,47.289607],[-0.123761,47.290405],[-0.131791,47.29592],[-0.127335,47.293907],[-0.12981,47.297097],[-0.135371,47.298903],[-0.137841,47.300322],[-0.139654,47.302097],[-0.140516,47.303358],[-0.141137,47.306055],[-0.141648,47.306179],[-0.143433,47.30729],[-0.146266,47.308683],[-0.148747,47.310689],[-0.154326,47.313564],[-0.151469,47.31659],[-0.153242,47.316199],[-0.154567,47.315607],[-0.15604,47.314436],[-0.158277,47.315797],[-0.160599,47.316862],[-0.162674,47.3172],[-0.165906,47.318799],[-0.167943,47.319359],[-0.169717,47.321346],[-0.176208,47.321723],[-0.179257,47.32376],[-0.181336,47.326377],[-0.181775,47.327297],[-0.180204,47.326628],[-0.178934,47.325704],[-0.177837,47.323662],[-0.176601,47.322267],[-0.172013,47.326827],[-0.170996,47.327468],[-0.168246,47.32868],[-0.167916,47.329057],[-0.166354,47.329715],[-0.164348,47.331241],[-0.163345,47.332478],[-0.162197,47.335202],[-0.15761,47.338489],[-0.157587,47.339062],[-0.154955,47.340598],[-0.154862,47.341043],[-0.152699,47.343732],[-0.149496,47.341891],[-0.144822,47.340731],[-0.144069,47.3398],[-0.142622,47.339093],[-0.138927,47.336433],[-0.136885,47.33555],[-0.135073,47.335103],[-0.131288,47.333328],[-0.129149,47.332085],[-0.127317,47.330639],[-0.12488,47.329938],[-0.122592,47.328944],[-0.120192,47.3269],[-0.119874,47.325954],[-0.120072,47.324824],[-0.119952,47.324153],[-0.119272,47.323365],[-0.118117,47.32264],[-0.11786,47.322299],[-0.115684,47.32479],[-0.114646,47.325324],[-0.112564,47.327464],[-0.112179,47.327981],[-0.11233,47.328452],[-0.107774,47.333463],[-0.108353,47.334409],[-0.109738,47.340042],[-0.108823,47.34054],[-0.107138,47.342034],[-0.104765,47.340982],[-0.100555,47.339649],[-0.100299,47.339852],[-0.099026,47.339249],[-0.099152,47.339122],[-0.094954,47.338348],[-0.094311,47.339567],[-0.093429,47.340434],[-0.093001,47.341194],[-0.09104,47.342806],[-0.090057,47.343841],[-0.088871,47.345579],[-0.089263,47.346458],[-0.08888,47.347175],[-0.089099,47.347571],[-0.088666,47.348804],[-0.088055,47.348643],[-0.086747,47.34859],[-0.085661,47.348104],[-0.085806,47.347908],[-0.082911,47.346775],[-0.082818,47.347173],[-0.08127,47.347176],[-0.079641,47.347546],[-0.07908,47.348129],[-0.077625,47.348707],[-0.076046,47.349228],[-0.074986,47.349297],[-0.073287,47.349887],[-0.071355,47.349723],[-0.069769,47.349363],[-0.067886,47.348553],[-0.063477,47.347244],[-0.062206,47.347476],[-0.061921,47.34564],[-0.062063,47.344429],[-0.062702,47.342623],[-0.063133,47.342411],[-0.064409,47.34064],[-0.064105,47.34023],[-0.063099,47.339827],[-0.06092,47.338203],[-0.060036,47.338247],[-0.057638,47.338877],[-0.055827,47.338895],[-0.055312,47.339421],[-0.053279,47.339273],[-0.052031,47.339459],[-0.051128,47.339197],[-0.050729,47.339592],[-0.050959,47.339699],[-0.048225,47.342209],[-0.048127,47.342351],[-0.04863,47.342708],[-0.047653,47.344596],[-0.046338,47.34572],[-0.0451,47.347217],[-0.044864,47.347075],[-0.043294,47.348248],[-0.042646,47.34781],[-0.042459,47.347945],[-0.042114,47.347758],[-0.040362,47.348683],[-0.037634,47.350661],[-0.035601,47.352463],[-0.035029,47.352696],[-0.034096,47.353434],[-0.032043,47.353909],[-0.032051,47.355339],[-0.030756,47.35542],[-0.028352,47.354392],[-0.026996,47.354701],[-0.026866,47.354239],[-0.025232,47.354354],[-0.024567,47.353993],[-0.019963,47.35642],[-0.016086,47.355421],[-0.015509,47.355229],[-0.014968,47.353666],[-0.013687,47.35272],[-0.012455,47.352488],[-0.009334,47.348842],[-0.007757,47.34951],[-0.005698,47.349789],[-0.000107,47.351118],[0.004186,47.351485],[0.004849,47.351758],[0.008217,47.352014],[0.010518,47.352929],[0.01337,47.353524],[0.013907,47.352987],[0.014155,47.351867],[0.015502,47.351309],[0.015968,47.348751],[0.017277,47.351244],[0.021189,47.35522],[0.026744,47.360284],[0.028203,47.361447],[0.0293,47.361886],[0.029745,47.362471],[0.029999,47.362392],[0.033963,47.364719],[0.03732,47.366135],[0.039844,47.366548],[0.041521,47.366303],[0.042623,47.366438],[0.045046,47.367442],[0.046321,47.367797],[0.048043,47.36921],[0.048315,47.369979],[0.049814,47.369983],[0.05495,47.371084],[0.060283,47.369387],[0.062905,47.368775],[0.063605,47.369137],[0.063939,47.369099],[0.06489,47.368533],[0.066637,47.367938],[0.069107,47.367491],[0.070754,47.364965],[0.075354,47.365211],[0.078622,47.365025],[0.08035,47.367845],[0.090693,47.367515],[0.098611,47.366423],[0.098705,47.365545],[0.105785,47.360679],[0.106981,47.35937],[0.110473,47.356678],[0.11244,47.360249],[0.113841,47.361444],[0.115014,47.363012],[0.118718,47.363051],[0.133335,47.360416],[0.133376,47.361414],[0.135688,47.361563],[0.138512,47.360847],[0.140415,47.361807],[0.14102,47.360942],[0.142136,47.36005],[0.142227,47.359425],[0.143828,47.35761],[0.145433,47.355046],[0.146966,47.351669],[0.146964,47.350421],[0.147671,47.34861],[0.147839,47.347227],[0.147454,47.345994],[0.14265,47.342267],[0.139978,47.339632],[0.138616,47.338016],[0.137976,47.336051],[0.126408,47.332561],[0.125155,47.332406],[0.120794,47.332331],[0.119987,47.332152],[0.117468,47.332306],[0.11843,47.326063],[0.115436,47.322126],[0.114097,47.320039],[0.11396,47.318286],[0.112903,47.317473],[0.112008,47.316154],[0.110437,47.314939],[0.108952,47.313271],[0.103435,47.310547],[0.101063,47.309888],[0.099388,47.308825],[0.098463,47.30745],[0.098174,47.305987],[0.099343,47.303264],[0.097928,47.303707],[0.095499,47.304128],[0.092267,47.300466],[0.088721,47.295775],[0.086587,47.292612],[0.086065,47.290496],[0.085563,47.289696],[0.085053,47.289239],[0.082165,47.287636],[0.080373,47.285281],[0.078934,47.284281],[0.078502,47.283737],[0.078349,47.282917],[0.082417,47.282765],[0.089318,47.282967],[0.089569,47.281596],[0.089076,47.279913],[0.088489,47.278879],[0.088675,47.278838],[0.088388,47.276877],[0.088623,47.276451],[0.08855,47.27538],[0.086861,47.275433],[0.086494,47.27556],[0.085853,47.275048],[0.084362,47.275131],[0.0834,47.274958],[0.083063,47.274332],[0.082538,47.274063],[0.081811,47.27319],[0.081216,47.27308],[0.08061,47.272034],[0.079901,47.271683],[0.080624,47.27077],[0.080438,47.270402],[0.08157,47.269594],[0.081476,47.26912],[0.080471,47.267458],[0.079503,47.266815],[0.080683,47.265651],[0.080689,47.265145],[0.079732,47.264976],[0.076811,47.263844],[0.075876,47.263298],[0.074841,47.262293],[0.074695,47.261597],[0.07648,47.256857],[0.077351,47.253815],[0.076962,47.251817],[0.076228,47.25131],[0.075807,47.250722],[0.075006,47.250281],[0.074956,47.248175],[0.071953,47.247706],[0.067892,47.24751],[0.067969,47.245179],[0.068763,47.243603],[0.069379,47.242948],[0.069919,47.241018],[0.072923,47.237332],[0.073745,47.237029],[0.073862,47.236537],[0.073827,47.232232],[0.074266,47.229933],[0.073709,47.229612],[0.074359,47.227675],[0.074051,47.227142],[0.074102,47.226691],[0.072931,47.22645],[0.073266,47.223948],[0.071703,47.223427],[0.0715,47.223229],[0.071651,47.221786],[0.072527,47.220603],[0.072473,47.22],[0.071574,47.219661],[0.068733,47.220346],[0.066796,47.22125],[0.066068,47.221329],[0.064728,47.221192],[0.063644,47.221431],[0.062117,47.22118],[0.06095,47.220764],[0.059444,47.218548],[0.055236,47.22064],[0.052824,47.222697],[0.048454,47.225092],[0.033553,47.230423],[0.033706,47.230715],[0.030524,47.231895],[0.022363,47.233638],[0.010216,47.237492],[0.008827,47.23817],[0.006075,47.24064],[0.002932,47.242495],[0.001461,47.242496],[-0.000376,47.243114],[-0.002042,47.243832],[-0.004275,47.245121],[-0.008855,47.246463],[-0.022303,47.249514],[-0.024442,47.249792],[-0.030314,47.250026],[-0.03272,47.250318],[-0.036185,47.250059],[-0.03848,47.250745],[-0.03829,47.250993],[-0.044829,47.252906],[-0.044545,47.25464],[-0.054818,47.256412],[-0.057013,47.257468],[-0.059985,47.258641],[-0.061085,47.258997],[-0.062714,47.259168],[-0.065333,47.259854],[-0.067187,47.262569],[-0.067253,47.263654],[-0.068142,47.264504],[-0.068949,47.265993],[-0.06983,47.266141],[-0.070874,47.266631],[-0.076583,47.270467],[-0.077544,47.271573],[-0.081625,47.272523],[-0.085719,47.272322],[-0.089064,47.273604],[-0.094912,47.274793],[-0.095575,47.275435],[-0.098126,47.277212],[-0.09876,47.278114],[-0.103854,47.28227],[-0.1082,47.284291],[-0.10856,47.284602]],[[-0.045127,47.270711],[-0.047197,47.275583],[-0.049328,47.273022],[-0.052732,47.268188],[-0.046439,47.268958],[-0.045127,47.270711]],[[-0.074276,47.273953],[-0.074469,47.273898],[-0.074326,47.273348],[-0.073373,47.272396],[-0.073,47.272247],[-0.07191,47.272356],[-0.071085,47.27271],[-0.070914,47.272929],[-0.071279,47.273626],[-0.071806,47.273935],[-0.072279,47.274022],[-0.072724,47.273733],[-0.074276,47.273953]],[[-0.072087,47.281666],[-0.073393,47.280058],[-0.074963,47.278827],[-0.077696,47.277838],[-0.077908,47.277493],[-0.078746,47.276884],[-0.078788,47.276441],[-0.079126,47.276132],[-0.079003,47.275926],[-0.077829,47.275185],[-0.076813,47.275262],[-0.076384,47.27358],[-0.075258,47.273693],[-0.074605,47.273935],[-0.074805,47.274488],[-0.074582,47.27495],[-0.07382,47.275324],[-0.074012,47.275875],[-0.071745,47.275896],[-0.071835,47.277004],[-0.070144,47.278633],[-0.069108,47.278204],[-0.068814,47.278446],[-0.069265,47.279181],[-0.070686,47.283781],[-0.072087,47.281666]],[[-0.087751,47.299198],[-0.089262,47.295505],[-0.089336,47.294603],[-0.08896,47.293704],[-0.087477,47.291739],[-0.086181,47.290607],[-0.075163,47.291569],[-0.073052,47.297816],[-0.087751,47.299198]]]}},{"type":"Feature","properties":{"uai_primary":"0490962E","uai_all":"0490962E","is_merged":false},"geometry":{"type":"Polygon","coordinates":[[[-0.85234,47.626552],[-0.852629,47.625292],[-0.851707,47.623496],[-0.851679,47.622463],[-0.851985,47.621869],[-0.851926,47.621584],[-0.851669,47.621135],[-0.8509,47.620491],[-0.851222,47.620427],[-0.851424,47.619693],[-0.8526,47.619918],[-0.853508,47.61855],[-0.852932,47.618324],[-0.85327,47.617415],[-0.854133,47.617146],[-0.855771,47.616952],[-0.856108,47.61659],[-0.854947,47.615988],[-0.85715,47.615453],[-0.85764,47.614829],[-0.857594,47.613418],[-0.858996,47.612577],[-0.858816,47.611818],[-0.859094,47.611533],[-0.860039,47.611202],[-0.861529,47.608999],[-0.859671,47.608308],[-0.859366,47.608333],[-0.85936,47.608207],[-0.858893,47.608201],[-0.858632,47.60728],[-0.858883,47.607266],[-0.859331,47.606203],[-0.859164,47.605641],[-0.862241,47.605774],[-0.86379,47.604428],[-0.865143,47.603922],[-0.865301,47.601588],[-0.867496,47.602222],[-0.873699,47.601846],[-0.872638,47.600583],[-0.87119,47.600444],[-0.871415,47.599595],[-0.871919,47.598776],[-0.870854,47.59859],[-0.870951,47.598233],[-0.870319,47.598125],[-0.870471,47.597053],[-0.871201,47.596977],[-0.870869,47.596315],[-0.87205,47.596124],[-0.872651,47.595724],[-0.871821,47.593981],[-0.872163,47.593876],[-0.871935,47.593301],[-0.874075,47.592643],[-0.874014,47.592196],[-0.87466,47.592061],[-0.874773,47.590862],[-0.877777,47.589818],[-0.87992,47.588696],[-0.881848,47.590697],[-0.883067,47.591305],[-0.885315,47.591772],[-0.886298,47.590018],[-0.887373,47.590228],[-0.887449,47.59012],[-0.888818,47.590226],[-0.888953,47.58906],[-0.890991,47.588623],[-0.890457,47.587794],[-0.889597,47.587807],[-0.889218,47.587503],[-0.889351,47.58639],[-0.889892,47.585272],[-0.890661,47.584189],[-0.890923,47.584235],[-0.891141,47.583246],[-0.891472,47.583182],[-0.893032,47.581793],[-0.893838,47.580738],[-0.893916,47.579734],[-0.894225,47.579451],[-0.894871,47.57744],[-0.896446,47.578103],[-0.897086,47.577717],[-0.898418,47.576258],[-0.898785,47.575757],[-0.898439,47.575247],[-0.898955,47.574766],[-0.899711,47.57504],[-0.900376,47.574598],[-0.900317,47.57325],[-0.899975,47.572304],[-0.899409,47.571834],[-0.89825,47.57162],[-0.898355,47.571454],[-0.899163,47.571264],[-0.900446,47.570353],[-0.90066,47.570392],[-0.90058,47.571105],[-0.903079,47.572191],[-0.904287,47.573023],[-0.904969,47.573261],[-0.905973,47.571229],[-0.906413,47.571411],[-0.906024,47.572366],[-0.906313,47.572384],[-0.907379,47.575456],[-0.911388,47.578333],[-0.91134,47.578532],[-0.910528,47.578524],[-0.909608,47.578718],[-0.9099,47.583681],[-0.910502,47.585309],[-0.908283,47.58563],[-0.908066,47.586108],[-0.908032,47.587186],[-0.910726,47.587535],[-0.912755,47.587268],[-0.914117,47.586917],[-0.916116,47.586722],[-0.918682,47.58677],[-0.91929,47.586983],[-0.920754,47.586984],[-0.922832,47.587562],[-0.92655,47.589059],[-0.929681,47.589689],[-0.930508,47.589983],[-0.933975,47.591641],[-0.934968,47.592464],[-0.936696,47.592862],[-0.938524,47.59432],[-0.939445,47.594779],[-0.942537,47.595729],[-0.944557,47.595795],[-0.946687,47.596466],[-0.947921,47.59669],[-0.950068,47.597905],[-0.951356,47.598056],[-0.95127,47.598377],[-0.952954,47.598512],[-0.954504,47.598877],[-0.954811,47.599423],[-0.957442,47.599349],[-0.957461,47.599225],[-0.958516,47.599686],[-0.958819,47.600284],[-0.960072,47.600292],[-0.961041,47.600725],[-0.961682,47.600833],[-0.964247,47.600554],[-0.967814,47.601054],[-0.972935,47.602783],[-0.977064,47.603256],[-0.980835,47.603507],[-0.982117,47.603845],[-0.982401,47.603674],[-0.983965,47.603483],[-0.987321,47.603622],[-0.992757,47.604963],[-1.001225,47.606795],[-1.002554,47.607615],[-1.005276,47.608871],[-1.006287,47.609831],[-1.008094,47.610777],[-1.009268,47.611014],[-1.010301,47.610811],[-1.013191,47.61072],[-1.015269,47.611206],[-1.017718,47.611548],[-1.01605,47.615827],[-1.013504,47.61953],[-1.012392,47.619281],[-1.012267,47.619699],[-1.01079,47.620523],[-1.010387,47.621629],[-1.010327,47.623102],[-1.010059,47.623002],[-1.009631,47.623759],[-1.006962,47.622867],[-1.006518,47.623617],[-1.006848,47.625131],[-1.006781,47.62587],[-1.007029,47.625963],[-1.007676,47.627635],[-1.00571,47.636961],[-1.006234,47.639111],[-1.006628,47.639257],[-1.007859,47.640382],[-1.008506,47.642544],[-1.008646,47.643998],[-1.009123,47.644487],[-1.009759,47.64454],[-1.011062,47.644983],[-1.011164,47.645669],[-1.010817,47.646057],[-1.00914,47.647021],[-1.008611,47.647823],[-1.007029,47.64912],[-1.006471,47.649841],[-1.005501,47.650728],[-1.00467,47.651203],[-1.003538,47.652803],[-1.005278,47.653034],[-1.004815,47.654123],[-1.003795,47.654225],[-1.004312,47.655307],[-1.003967,47.655378],[-1.003974,47.655678],[-1.004496,47.655717],[-1.004713,47.65644],[-1.005208,47.656678],[-1.00547,47.657237],[-1.005968,47.65734],[-1.00606,47.657544],[-1.007026,47.657633],[-1.007251,47.657834],[-1.007876,47.657333],[-1.008396,47.657433],[-1.00592,47.658891],[-1.005466,47.658902],[-1.005443,47.659163],[-1.005718,47.659325],[-1.005984,47.660943],[-1.006525,47.661863],[-1.006462,47.662227],[-1.006939,47.663682],[-1.006771,47.664279],[-1.006983,47.664619],[-1.008521,47.665091],[-1.008428,47.665424],[-1.008122,47.665374],[-1.008462,47.66567],[-1.009445,47.666007],[-1.010334,47.666082],[-1.010206,47.667414],[-1.009316,47.667345],[-1.00852,47.668003],[-1.007631,47.668035],[-1.006953,47.66827],[-1.006249,47.669584],[-1.007652,47.669702],[-1.007929,47.669937],[-1.007142,47.670474],[-1.006645,47.671195],[-1.007484,47.672031],[-1.006886,47.672728],[-1.007066,47.672798],[-1.006408,47.673725],[-1.005672,47.673854],[-1.005662,47.675425],[-1.005287,47.675397],[-1.005291,47.675143],[-1.004463,47.675129],[-1.003737,47.676293],[-1.002483,47.676048],[-1.00246,47.678689],[-1.001878,47.678735],[-1.00186,47.678993],[-1.001205,47.679658],[-1.001043,47.680533],[-1.000467,47.680802],[-1.000249,47.681608],[-1.001133,47.681835],[-1.000762,47.683103],[-1.000819,47.684508],[-0.99998,47.684509],[-0.997484,47.685869],[-0.994281,47.685543],[-0.993659,47.685216],[-0.992765,47.685136],[-0.992386,47.6849],[-0.991419,47.684861],[-0.990839,47.684379],[-0.989755,47.684359],[-0.989375,47.684065],[-0.988821,47.683952],[-0.987831,47.684167],[-0.986861,47.683842],[-0.986062,47.684304],[-0.98462,47.684256],[-0.983807,47.684573],[-0.98305,47.684534],[-0.982069,47.684251],[-0.980943,47.684566],[-0.980107,47.684258],[-0.978954,47.685021],[-0.97918,47.685543],[-0.980984,47.687199],[-0.981031,47.687773],[-0.982179,47.68854],[-0.982278,47.688802],[-0.982261,47.689104],[-0.98165,47.689574],[-0.981468,47.690556],[-0.980346,47.692688],[-0.980007,47.694648],[-0.980882,47.694819],[-0.981302,47.693437],[-0.985134,47.694009],[-0.984053,47.695417],[-0.98615,47.696105],[-0.98793,47.696471],[-0.987921,47.696747],[-0.987458,47.6985],[-0.987613,47.700466],[-0.986383,47.700932],[-0.983533,47.701491],[-0.983456,47.701593],[-0.98441,47.701977],[-0.984845,47.702994],[-0.983909,47.704329],[-0.983589,47.70523],[-0.983308,47.70524],[-0.982591,47.706917],[-0.982029,47.707488],[-0.98163,47.708858],[-0.979647,47.708401],[-0.979145,47.708919],[-0.978545,47.71007],[-0.979032,47.71028],[-0.979557,47.71368],[-0.979224,47.71437],[-0.976263,47.716329],[-0.97742,47.716606],[-0.979094,47.717292],[-0.977504,47.72032],[-0.976713,47.719989],[-0.975641,47.719937],[-0.97397,47.718681],[-0.972296,47.718231],[-0.969987,47.721525],[-0.9708,47.722379],[-0.969962,47.723136],[-0.968348,47.722509],[-0.967862,47.724071],[-0.968229,47.724121],[-0.967567,47.72506],[-0.966395,47.724686],[-0.964578,47.724496],[-0.964829,47.724057],[-0.962996,47.723615],[-0.964049,47.721938],[-0.959767,47.721145],[-0.959599,47.721928],[-0.96071,47.721882],[-0.960355,47.722693],[-0.959606,47.723553],[-0.957498,47.724029],[-0.953181,47.723438],[-0.952992,47.722394],[-0.953189,47.721724],[-0.953012,47.72123],[-0.952553,47.720878],[-0.951001,47.720716],[-0.943952,47.720727],[-0.943413,47.720988],[-0.942427,47.721921],[-0.940104,47.722554],[-0.938877,47.722604],[-0.937822,47.723751],[-0.939647,47.725302],[-0.940519,47.726307],[-0.940701,47.728214],[-0.941349,47.7289],[-0.94011,47.728977],[-0.939688,47.730076],[-0.939868,47.730637],[-0.938413,47.73191],[-0.936879,47.734392],[-0.936262,47.734019],[-0.935709,47.734328],[-0.935619,47.735253],[-0.935363,47.735502],[-0.935105,47.735582],[-0.933928,47.735183],[-0.933219,47.736115],[-0.932684,47.736064],[-0.931963,47.73631],[-0.932273,47.736858],[-0.93145,47.737949],[-0.931533,47.738173],[-0.93253,47.738722],[-0.931928,47.740178],[-0.933606,47.741188],[-0.934608,47.743064],[-0.936662,47.743959],[-0.936465,47.744297],[-0.935737,47.74465],[-0.937266,47.745278],[-0.937225,47.745759],[-0.938333,47.746087],[-0.939584,47.745596],[-0.940181,47.744934],[-0.944198,47.747662],[-0.945588,47.748335],[-0.948681,47.749522],[-0.955201,47.751067],[-0.957058,47.752307],[-0.957385,47.752872],[-0.959197,47.753204],[-0.963667,47.753307],[-0.966186,47.75273],[-0.968261,47.752502],[-0.968181,47.753591],[-0.968414,47.754804],[-0.970121,47.754667],[-0.973345,47.755846],[-0.973818,47.756421],[-0.975179,47.760063],[-0.976429,47.760533],[-0.977626,47.76152],[-0.978037,47.761553],[-0.978572,47.762222],[-0.97773,47.762573],[-0.976924,47.763288],[-0.975719,47.764002],[-0.975587,47.766025],[-0.970545,47.765683],[-0.97068,47.766469],[-0.969984,47.766699],[-0.968934,47.766773],[-0.967741,47.766591],[-0.9662,47.766706],[-0.966145,47.766887],[-0.963561,47.76684],[-0.96338,47.767633],[-0.960738,47.767222],[-0.960228,47.76728],[-0.959574,47.76765],[-0.951709,47.766698],[-0.951628,47.767631],[-0.950558,47.76834],[-0.950494,47.768526],[-0.951882,47.769585],[-0.952582,47.770441],[-0.953401,47.773304],[-0.955295,47.776963],[-0.955387,47.779372],[-0.955992,47.779143],[-0.956789,47.779074],[-0.957402,47.779514],[-0.957983,47.779433],[-0.958559,47.779752],[-0.959902,47.77965],[-0.960292,47.779829],[-0.96046,47.780166],[-0.961638,47.780569],[-0.96261,47.780526],[-0.963044,47.78009],[-0.963986,47.780101],[-0.965523,47.77938],[-0.966261,47.779549],[-0.966812,47.779356],[-0.967217,47.779522],[-0.967558,47.779489],[-0.96763,47.779789],[-0.968141,47.77991],[-0.968274,47.780194],[-0.968586,47.780287],[-0.968947,47.780985],[-0.968822,47.781278],[-0.969469,47.782137],[-0.970346,47.782414],[-0.97052,47.782916],[-0.971544,47.782956],[-0.971896,47.783278],[-0.972202,47.783288],[-0.972193,47.784109],[-0.970996,47.784165],[-0.970465,47.785368],[-0.971011,47.785476],[-0.970767,47.786547],[-0.969082,47.787269],[-0.968096,47.787522],[-0.964659,47.790276],[-0.96321,47.792096],[-0.961682,47.792406],[-0.962421,47.793588],[-0.962044,47.793922],[-0.961415,47.794044],[-0.961228,47.795819],[-0.960585,47.796497],[-0.959754,47.796419],[-0.957268,47.795333],[-0.955196,47.794992],[-0.953053,47.796423],[-0.952255,47.796592],[-0.951408,47.79635],[-0.949585,47.795448],[-0.948323,47.795095],[-0.947719,47.794719],[-0.947451,47.793422],[-0.94721,47.793097],[-0.945428,47.792131],[-0.943566,47.791486],[-0.943239,47.791207],[-0.9426,47.789756],[-0.942543,47.788601],[-0.941477,47.788238],[-0.939649,47.787946],[-0.939209,47.788041],[-0.938656,47.78861],[-0.937851,47.788373],[-0.936821,47.788469],[-0.936463,47.788095],[-0.936497,47.787134],[-0.935274,47.786871],[-0.935416,47.785992],[-0.935249,47.785534],[-0.933896,47.786159],[-0.933432,47.786572],[-0.9322,47.786702],[-0.932,47.787116],[-0.930821,47.787152],[-0.930104,47.788215],[-0.930095,47.788506],[-0.930755,47.789517],[-0.931393,47.789958],[-0.931148,47.790286],[-0.931418,47.790664],[-0.931388,47.791],[-0.931601,47.791181],[-0.932076,47.791252],[-0.932579,47.791821],[-0.932577,47.792445],[-0.932033,47.79295],[-0.932123,47.793715],[-0.931195,47.79344],[-0.930272,47.792881],[-0.929145,47.79182],[-0.927567,47.789477],[-0.926544,47.788652],[-0.923167,47.786641],[-0.922156,47.785408],[-0.920491,47.784458],[-0.919011,47.783369],[-0.914379,47.782388],[-0.9101,47.781998],[-0.908796,47.781614],[-0.902336,47.778007],[-0.89914,47.776409],[-0.89776,47.775487],[-0.896875,47.775383],[-0.896017,47.774765],[-0.895241,47.774635],[-0.894273,47.770523],[-0.893384,47.768545],[-0.893489,47.763516],[-0.888652,47.763928],[-0.886938,47.764214],[-0.880956,47.763522],[-0.878473,47.763091],[-0.8738,47.761902],[-0.870282,47.761328],[-0.864985,47.759284],[-0.861268,47.758424],[-0.857904,47.757842],[-0.854674,47.756931],[-0.852003,47.756356],[-0.843612,47.753874],[-0.839481,47.752303],[-0.839184,47.753151],[-0.839136,47.75557],[-0.838535,47.759686],[-0.839735,47.762988],[-0.839708,47.764021],[-0.839177,47.766518],[-0.84006,47.768274],[-0.837297,47.769478],[-0.834017,47.769858],[-0.831304,47.770736],[-0.828589,47.770918],[-0.821999,47.770418],[-0.816133,47.771261],[-0.815934,47.769553],[-0.816333,47.76884],[-0.815714,47.768761],[-0.81474,47.767351],[-0.813944,47.766551],[-0.81111,47.764159],[-0.808302,47.765045],[-0.806374,47.766142],[-0.805211,47.765273],[-0.801491,47.765549],[-0.801305,47.765037],[-0.801611,47.763527],[-0.796562,47.763646],[-0.79671,47.763427],[-0.796133,47.762723],[-0.794963,47.762628],[-0.793865,47.762148],[-0.793846,47.761916],[-0.792395,47.761529],[-0.791014,47.760952],[-0.790345,47.760412],[-0.790074,47.759503],[-0.788769,47.758759],[-0.788319,47.758865],[-0.788071,47.758755],[-0.787672,47.758026],[-0.788779,47.757046],[-0.789419,47.755669],[-0.789873,47.755448],[-0.789227,47.754526],[-0.789099,47.75403],[-0.787847,47.753572],[-0.787533,47.753586],[-0.786782,47.753039],[-0.786367,47.753056],[-0.786112,47.752591],[-0.78532,47.752598],[-0.784594,47.751259],[-0.783385,47.750187],[-0.781764,47.750995],[-0.781994,47.751484],[-0.781753,47.751418],[-0.781009,47.751839],[-0.780325,47.751979],[-0.778652,47.751441],[-0.77673,47.75138],[-0.775815,47.751965],[-0.773163,47.753212],[-0.771185,47.753207],[-0.770451,47.753712],[-0.769853,47.753731],[-0.768916,47.752958],[-0.767977,47.752619],[-0.76781,47.75296],[-0.767439,47.75304],[-0.768113,47.754054],[-0.765802,47.754703],[-0.765313,47.754601],[-0.764946,47.753895],[-0.763938,47.753603],[-0.762304,47.753533],[-0.761343,47.753956],[-0.759475,47.753887],[-0.758985,47.75326],[-0.758002,47.753033],[-0.75712,47.752037],[-0.757396,47.751403],[-0.757799,47.75111],[-0.757828,47.750728],[-0.757437,47.750101],[-0.756582,47.749645],[-0.755975,47.749519],[-0.755699,47.749251],[-0.754918,47.749043],[-0.756172,47.746961],[-0.757591,47.746979],[-0.757787,47.746574],[-0.756697,47.746483],[-0.754299,47.745956],[-0.755504,47.744616],[-0.758108,47.745468],[-0.75833,47.745181],[-0.758676,47.745225],[-0.759027,47.745012],[-0.756636,47.744293],[-0.754344,47.743131],[-0.753294,47.743545],[-0.751868,47.743576],[-0.751645,47.743409],[-0.751304,47.742151],[-0.750676,47.742373],[-0.750592,47.741996],[-0.749454,47.74107],[-0.749231,47.740471],[-0.747908,47.739226],[-0.745464,47.739256],[-0.745489,47.74237],[-0.74374,47.74205],[-0.743793,47.739065],[-0.741882,47.739264],[-0.7419,47.737879],[-0.739397,47.738393],[-0.739352,47.738661],[-0.738853,47.738689],[-0.73879,47.739773],[-0.737637,47.739749],[-0.736741,47.741107],[-0.735928,47.741057],[-0.736497,47.740451],[-0.736467,47.740072],[-0.737261,47.739748],[-0.736323,47.737453],[-0.735335,47.737419],[-0.734923,47.73868],[-0.735459,47.740257],[-0.734452,47.740642],[-0.734903,47.741379],[-0.733596,47.741242],[-0.732989,47.741021],[-0.731642,47.742022],[-0.729103,47.742721],[-0.72817,47.743181],[-0.727737,47.743639],[-0.725327,47.742052],[-0.724314,47.741853],[-0.724114,47.741859],[-0.723899,47.742764],[-0.722814,47.742504],[-0.720513,47.742627],[-0.72011,47.741076],[-0.718664,47.741768],[-0.718088,47.740423],[-0.718093,47.739312],[-0.71866,47.738427],[-0.720112,47.73751],[-0.720562,47.736646],[-0.720907,47.733713],[-0.721211,47.732856],[-0.721373,47.732581],[-0.722303,47.732008],[-0.722256,47.73174],[-0.722545,47.731482],[-0.723826,47.730771],[-0.724257,47.728455],[-0.723559,47.728309],[-0.722496,47.72768],[-0.721241,47.728054],[-0.719503,47.727933],[-0.719822,47.725715],[-0.718992,47.725278],[-0.720288,47.724085],[-0.720091,47.723977],[-0.719197,47.72455],[-0.71812,47.72472],[-0.717882,47.725199],[-0.71723,47.725381],[-0.71693,47.726026],[-0.715465,47.726064],[-0.715398,47.725375],[-0.71479,47.72525],[-0.713645,47.725034],[-0.712298,47.72514],[-0.712168,47.724838],[-0.711457,47.72457],[-0.711676,47.723109],[-0.711144,47.723331],[-0.710776,47.723322],[-0.709051,47.722804],[-0.708235,47.722113],[-0.707372,47.722181],[-0.70712,47.721687],[-0.70658,47.721897],[-0.706382,47.721623],[-0.705091,47.721523],[-0.704696,47.720926],[-0.704833,47.720605],[-0.704682,47.720241],[-0.702019,47.719677],[-0.70237,47.718982],[-0.702123,47.718743],[-0.697756,47.717376],[-0.699952,47.714945],[-0.69981,47.712717],[-0.699396,47.711572],[-0.699746,47.711444],[-0.699857,47.711204],[-0.700656,47.71132],[-0.702328,47.710527],[-0.702567,47.710074],[-0.703985,47.709817],[-0.703825,47.70946],[-0.702882,47.708877],[-0.701285,47.708236],[-0.700247,47.707601],[-0.701405,47.706495],[-0.701745,47.705753],[-0.701844,47.704198],[-0.701266,47.70297],[-0.701143,47.700403],[-0.701917,47.698173],[-0.70257,47.698552],[-0.703632,47.697642],[-0.704508,47.698446],[-0.705267,47.697889],[-0.705402,47.697506],[-0.706092,47.697469],[-0.706231,47.696893],[-0.70718,47.697088],[-0.707092,47.697495],[-0.706696,47.697941],[-0.708138,47.698075],[-0.708948,47.695799],[-0.7098,47.695152],[-0.71057,47.694186],[-0.710819,47.693319],[-0.713276,47.69388],[-0.713621,47.693707],[-0.715978,47.693695],[-0.718001,47.693495],[-0.718156,47.694406],[-0.718484,47.694412],[-0.7185,47.696442],[-0.719434,47.696455],[-0.72044,47.695057],[-0.718316,47.693515],[-0.71871,47.692408],[-0.717969,47.691543],[-0.717087,47.691115],[-0.717094,47.690975],[-0.7181,47.688331],[-0.718965,47.686928],[-0.719235,47.685917],[-0.719153,47.68535],[-0.72011,47.685192],[-0.720216,47.684734],[-0.720983,47.683733],[-0.719727,47.682191],[-0.718226,47.682719],[-0.717392,47.681305],[-0.720469,47.680084],[-0.722311,47.680171],[-0.722339,47.681284],[-0.724561,47.681109],[-0.724716,47.681315],[-0.726791,47.681135],[-0.7269,47.680985],[-0.727259,47.680966],[-0.727348,47.681134],[-0.729389,47.680971],[-0.729474,47.681283],[-0.731508,47.680747],[-0.733339,47.679903],[-0.733497,47.679538],[-0.733264,47.679203],[-0.733804,47.678226],[-0.734467,47.678622],[-0.736307,47.677787],[-0.739446,47.676979],[-0.73998,47.676964],[-0.740764,47.676088],[-0.740878,47.675176],[-0.741025,47.675198],[-0.741338,47.674793],[-0.74147,47.672924],[-0.739719,47.67225],[-0.738487,47.672017],[-0.738264,47.671734],[-0.737841,47.671706],[-0.73763,47.67132],[-0.737263,47.671179],[-0.737113,47.670683],[-0.737256,47.670286],[-0.738062,47.669691],[-0.738617,47.668659],[-0.739689,47.668504],[-0.74064,47.667992],[-0.741433,47.666044],[-0.741763,47.66601],[-0.742257,47.665669],[-0.742497,47.665035],[-0.742299,47.664061],[-0.74256,47.663901],[-0.742284,47.663845],[-0.742266,47.66331],[-0.746934,47.663628],[-0.748746,47.663521],[-0.750049,47.662657],[-0.750879,47.661221],[-0.751547,47.660867],[-0.753178,47.660866],[-0.757337,47.661651],[-0.758372,47.662372],[-0.760228,47.66493],[-0.761715,47.666605],[-0.763063,47.667296],[-0.763921,47.667379],[-0.765225,47.667817],[-0.769057,47.671764],[-0.769922,47.672388],[-0.771486,47.672992],[-0.775193,47.675047],[-0.777907,47.676252],[-0.779635,47.67852],[-0.781185,47.6794],[-0.78263,47.679763],[-0.785528,47.679835],[-0.786169,47.67971],[-0.786791,47.679369],[-0.788275,47.67906],[-0.793823,47.679031],[-0.796199,47.678655],[-0.798001,47.678709],[-0.798286,47.678383],[-0.798539,47.676858],[-0.800166,47.675463],[-0.801417,47.673776],[-0.802305,47.672073],[-0.804721,47.672016],[-0.804834,47.670028],[-0.804597,47.669278],[-0.805156,47.667682],[-0.806211,47.667798],[-0.807078,47.667213],[-0.807715,47.666003],[-0.808812,47.664613],[-0.809543,47.662807],[-0.80934,47.661307],[-0.811303,47.66078],[-0.808733,47.658566],[-0.806946,47.657339],[-0.806896,47.657216],[-0.80815,47.656544],[-0.807404,47.655832],[-0.806932,47.655831],[-0.807412,47.655066],[-0.806579,47.654977],[-0.805966,47.655433],[-0.804368,47.655324],[-0.80491,47.65385],[-0.806493,47.654207],[-0.806945,47.654149],[-0.807847,47.653669],[-0.808381,47.652632],[-0.808752,47.650301],[-0.809417,47.650204],[-0.810129,47.65029],[-0.810848,47.650067],[-0.810835,47.650244],[-0.812199,47.650307],[-0.81263,47.649208],[-0.812973,47.648993],[-0.814772,47.648545],[-0.815727,47.648481],[-0.817887,47.64867],[-0.818001,47.648108],[-0.817013,47.648085],[-0.816933,47.647508],[-0.817154,47.646913],[-0.816154,47.64665],[-0.816186,47.646443],[-0.816714,47.646163],[-0.818451,47.644352],[-0.816786,47.643769],[-0.815558,47.642886],[-0.817938,47.640743],[-0.818149,47.640641],[-0.820126,47.641265],[-0.820579,47.641077],[-0.822212,47.641157],[-0.822929,47.640847],[-0.822813,47.640361],[-0.823567,47.640081],[-0.824212,47.64034],[-0.825033,47.640261],[-0.825139,47.64042],[-0.826887,47.640259],[-0.826775,47.639786],[-0.827826,47.639754],[-0.827817,47.638818],[-0.827602,47.638846],[-0.82756,47.638631],[-0.827747,47.637519],[-0.826995,47.637108],[-0.827005,47.634705],[-0.826147,47.633601],[-0.829076,47.634115],[-0.828893,47.633186],[-0.826367,47.633251],[-0.82624,47.63203],[-0.825143,47.632006],[-0.824997,47.630937],[-0.828329,47.630934],[-0.82852,47.632207],[-0.828771,47.632172],[-0.828814,47.631812],[-0.829771,47.631773],[-0.829684,47.63064],[-0.830431,47.630604],[-0.832879,47.630987],[-0.833798,47.630977],[-0.833811,47.630158],[-0.835404,47.630118],[-0.835564,47.628774],[-0.835362,47.628574],[-0.83464,47.628122],[-0.832347,47.627484],[-0.832613,47.626127],[-0.833181,47.626307],[-0.833231,47.626806],[-0.835266,47.626865],[-0.835395,47.626562],[-0.836486,47.626591],[-0.836577,47.627084],[-0.838224,47.627388],[-0.840283,47.627268],[-0.841798,47.627579],[-0.843407,47.627518],[-0.843241,47.627058],[-0.846164,47.627092],[-0.846408,47.626958],[-0.846446,47.626525],[-0.846938,47.62659],[-0.847223,47.626248],[-0.848579,47.626669],[-0.850535,47.626849],[-0.850676,47.626387],[-0.85234,47.626552]],[[-0.742784,47.741729],[-0.7408,47.742278],[-0.740216,47.741057],[-0.740176,47.739696],[-0.740624,47.739571],[-0.740956,47.739924],[-0.742081,47.739997],[-0.742784,47.741729]]]}},{"type":"Feature","properties":{"uai_primary":"0491024X","uai_all":"0491024X","is_merged":false},"geometry":{"type":"Polygon","coordinates":[[[-0.413522,47.469514],[-0.416015,47.46986],[-0.417323,47.470223],[-0.419759,47.471204],[-0.419108,47.47175],[-0.418405,47.473823],[-0.41551,47.472121],[-0.412993,47.472202],[-0.412073,47.470758],[-0.413522,47.469514]],[[-0.368793,47.500233],[-0.369011,47.500166],[-0.368793,47.500233]],[[-0.393748,47.510564],[-0.392483,47.510409],[-0.392256,47.510268],[-0.392198,47.508648],[-0.392497,47.508654],[-0.394185,47.510623],[-0.393748,47.510564]],[[-0.393405,47.512783],[-0.395023,47.512826],[-0.396455,47.511478],[-0.400494,47.513011],[-0.400627,47.512905],[-0.401714,47.513687],[-0.402784,47.514158],[-0.403547,47.514321],[-0.404568,47.514306],[-0.40448,47.514549],[-0.406157,47.515208],[-0.407782,47.515159],[-0.407957,47.514968],[-0.408703,47.514769],[-0.409296,47.514855],[-0.409227,47.515126],[-0.410079,47.515564],[-0.409989,47.515712],[-0.410424,47.516053],[-0.410749,47.5158],[-0.411322,47.515911],[-0.411631,47.515226],[-0.41264,47.51465],[-0.413944,47.513602],[-0.414639,47.512302],[-0.416246,47.511225],[-0.416789,47.511087],[-0.417476,47.510184],[-0.418141,47.509674],[-0.417604,47.509481],[-0.417839,47.508793],[-0.417549,47.508811],[-0.417757,47.508344],[-0.418343,47.507988],[-0.419915,47.505182],[-0.421241,47.503566],[-0.422329,47.50398],[-0.424246,47.503687],[-0.426783,47.505162],[-0.426657,47.505495],[-0.42613,47.50586],[-0.426379,47.505873],[-0.425892,47.508851],[-0.424493,47.512651],[-0.424414,47.514718],[-0.424183,47.515241],[-0.42546,47.515536],[-0.425346,47.515798],[-0.426437,47.516002],[-0.426602,47.515513],[-0.428873,47.515786],[-0.429549,47.515751],[-0.429552,47.515534],[-0.430059,47.515464],[-0.430474,47.515478],[-0.430675,47.515819],[-0.432183,47.515677],[-0.432217,47.515879],[-0.436192,47.515866],[-0.436074,47.517284],[-0.436293,47.517943],[-0.435981,47.521727],[-0.435706,47.521745],[-0.435524,47.524108],[-0.434259,47.527002],[-0.433675,47.529479],[-0.434478,47.531055],[-0.434447,47.532496],[-0.434753,47.533787],[-0.43605,47.533868],[-0.438807,47.533542],[-0.442263,47.533712],[-0.445917,47.533084],[-0.448832,47.533444],[-0.449347,47.534828],[-0.448769,47.536079],[-0.448903,47.536494],[-0.449141,47.536916],[-0.450597,47.536954],[-0.450287,47.537109],[-0.450466,47.538166],[-0.451084,47.53883],[-0.45063,47.53966],[-0.451224,47.540006],[-0.451121,47.541976],[-0.451428,47.543852],[-0.46006,47.549401],[-0.460509,47.549595],[-0.461951,47.548447],[-0.465313,47.547795],[-0.465465,47.546987],[-0.466089,47.545979],[-0.46584,47.544071],[-0.4651,47.542266],[-0.465118,47.541796],[-0.464453,47.540882],[-0.463933,47.539227],[-0.464,47.538791],[-0.46482,47.53825],[-0.464931,47.53762],[-0.466364,47.536867],[-0.467061,47.536861],[-0.468383,47.535728],[-0.469192,47.535415],[-0.472096,47.533631],[-0.473148,47.534422],[-0.47402,47.53433],[-0.474652,47.533767],[-0.477601,47.533473],[-0.477659,47.534459],[-0.481579,47.535092],[-0.482002,47.535418],[-0.482549,47.535335],[-0.485626,47.537051],[-0.490284,47.539963],[-0.489666,47.541125],[-0.489775,47.541264],[-0.489293,47.541818],[-0.489772,47.542143],[-0.490467,47.542418],[-0.490782,47.542717],[-0.493285,47.542691],[-0.493911,47.542963],[-0.492613,47.543832],[-0.492286,47.544403],[-0.492427,47.545714],[-0.493666,47.549289],[-0.494195,47.549994],[-0.494989,47.550633],[-0.497656,47.552465],[-0.499015,47.553193],[-0.498356,47.554746],[-0.500149,47.556871],[-0.500755,47.557293],[-0.500979,47.55737],[-0.502894,47.554034],[-0.504665,47.551833],[-0.504788,47.551158],[-0.504993,47.55101],[-0.50796,47.549619],[-0.508729,47.5494],[-0.509771,47.549331],[-0.512476,47.549533],[-0.514813,47.549127],[-0.515755,47.549326],[-0.518045,47.550208],[-0.520522,47.54995],[-0.521055,47.549981],[-0.521872,47.550334],[-0.524156,47.552904],[-0.524495,47.554939],[-0.525913,47.555733],[-0.5265,47.556249],[-0.526437,47.557559],[-0.526669,47.558106],[-0.528047,47.558015],[-0.531705,47.558582],[-0.533731,47.558129],[-0.534223,47.558936],[-0.534359,47.560247],[-0.534069,47.561091],[-0.533485,47.561616],[-0.531078,47.562052],[-0.529499,47.561315],[-0.528865,47.561689],[-0.527407,47.561842],[-0.52642,47.562239],[-0.525923,47.562045],[-0.522147,47.561839],[-0.51519,47.564705],[-0.514894,47.565239],[-0.515817,47.566097],[-0.519309,47.568485],[-0.521047,47.572972],[-0.522154,47.577402],[-0.522153,47.578153],[-0.520307,47.581426],[-0.519178,47.581629],[-0.518653,47.581944],[-0.517743,47.583188],[-0.517483,47.584226],[-0.51633,47.584692],[-0.51484,47.584948],[-0.511908,47.585787],[-0.508667,47.588133],[-0.508564,47.588472],[-0.507879,47.589186],[-0.507934,47.590206],[-0.509214,47.591628],[-0.509736,47.592538],[-0.509756,47.593572],[-0.509463,47.593717],[-0.509341,47.594187],[-0.509442,47.594822],[-0.509823,47.595304],[-0.510545,47.595647],[-0.511109,47.596752],[-0.511025,47.597373],[-0.511596,47.59781],[-0.512051,47.598575],[-0.512147,47.599202],[-0.511604,47.600407],[-0.51106,47.600922],[-0.511072,47.601323],[-0.510594,47.601719],[-0.509155,47.602082],[-0.508184,47.602504],[-0.506749,47.601612],[-0.505952,47.601488],[-0.504886,47.59992],[-0.503888,47.59888],[-0.501483,47.596978],[-0.496956,47.597948],[-0.493477,47.597276],[-0.491986,47.598348],[-0.489943,47.597505],[-0.487644,47.596176],[-0.485814,47.594301],[-0.484122,47.59318],[-0.483459,47.591658],[-0.483977,47.591138],[-0.483121,47.590272],[-0.483079,47.590028],[-0.481968,47.58934],[-0.481203,47.589063],[-0.480303,47.587684],[-0.474965,47.589243],[-0.473194,47.58938],[-0.472529,47.589631],[-0.471218,47.589447],[-0.470221,47.589556],[-0.462622,47.592167],[-0.461588,47.592134],[-0.458853,47.592571],[-0.457634,47.592601],[-0.456498,47.592069],[-0.451841,47.595542],[-0.436244,47.604369],[-0.435236,47.605053],[-0.432749,47.607507],[-0.430087,47.609545],[-0.429217,47.609848],[-0.427737,47.610787],[-0.426975,47.611503],[-0.426531,47.612596],[-0.426134,47.614485],[-0.425175,47.616484],[-0.422643,47.618803],[-0.420579,47.621296],[-0.419227,47.62236],[-0.417839,47.624599],[-0.41576,47.624554],[-0.414826,47.624352],[-0.414242,47.624554],[-0.413916,47.624893],[-0.413583,47.624921],[-0.412094,47.624628],[-0.411062,47.624641],[-0.411004,47.625474],[-0.410423,47.626785],[-0.409412,47.627556],[-0.407707,47.628258],[-0.406072,47.630099],[-0.401173,47.632585],[-0.399406,47.632934],[-0.394631,47.633299],[-0.392591,47.633158],[-0.389657,47.632477],[-0.386632,47.632586],[-0.384865,47.631892],[-0.383456,47.631603],[-0.382466,47.631523],[-0.380223,47.631656],[-0.378605,47.631318],[-0.376007,47.630428],[-0.371147,47.627616],[-0.369605,47.62643],[-0.368437,47.624926],[-0.36624,47.62384],[-0.365091,47.623582],[-0.361576,47.623686],[-0.35917,47.623261],[-0.356624,47.623377],[-0.355788,47.623126],[-0.354965,47.623412],[-0.349159,47.624209],[-0.345846,47.625234],[-0.345036,47.625653],[-0.34331,47.627385],[-0.341116,47.628274],[-0.339764,47.629591],[-0.338937,47.630153],[-0.33392,47.631927],[-0.332782,47.633048],[-0.33221,47.633305],[-0.331317,47.633532],[-0.330002,47.633582],[-0.329001,47.63224],[-0.32814,47.631938],[-0.327156,47.630647],[-0.326718,47.630589],[-0.326078,47.630003],[-0.325105,47.629876],[-0.322494,47.627845],[-0.320914,47.626163],[-0.320563,47.625174],[-0.318092,47.623319],[-0.318795,47.622882],[-0.317596,47.622294],[-0.314937,47.62417],[-0.305312,47.621461],[-0.304028,47.62072],[-0.303773,47.619586],[-0.302398,47.619746],[-0.302386,47.619889],[-0.300943,47.620179],[-0.300458,47.619616],[-0.299769,47.620166],[-0.298384,47.619365],[-0.297608,47.620772],[-0.298398,47.620949],[-0.299158,47.621361],[-0.298143,47.622299],[-0.297079,47.621703],[-0.296102,47.621961],[-0.293573,47.619823],[-0.292427,47.61935],[-0.291208,47.619152],[-0.289132,47.619394],[-0.287389,47.619886],[-0.287329,47.621705],[-0.286067,47.622249],[-0.284354,47.62405],[-0.281832,47.625013],[-0.28206,47.626905],[-0.281991,47.627153],[-0.281649,47.627172],[-0.281125,47.6282],[-0.281234,47.628607],[-0.281456,47.628992],[-0.281744,47.628823],[-0.282932,47.629463],[-0.282337,47.629934],[-0.282811,47.630628],[-0.283423,47.630491],[-0.28414,47.630944],[-0.283115,47.631542],[-0.282394,47.632248],[-0.280733,47.633086],[-0.279154,47.632041],[-0.277047,47.631091],[-0.275054,47.629361],[-0.273806,47.628014],[-0.273493,47.626104],[-0.272247,47.624904],[-0.266831,47.624005],[-0.264053,47.623295],[-0.263835,47.622607],[-0.263569,47.622433],[-0.250937,47.61946],[-0.250472,47.619188],[-0.250087,47.619218],[-0.25552,47.615747],[-0.264966,47.614117],[-0.265954,47.613883],[-0.269114,47.612588],[-0.269602,47.6126],[-0.271115,47.612087],[-0.27126,47.611784],[-0.271123,47.610567],[-0.268581,47.605618],[-0.250749,47.612383],[-0.23844,47.611344],[-0.237372,47.611557],[-0.237245,47.611097],[-0.235314,47.609345],[-0.236299,47.607508],[-0.236313,47.606669],[-0.235706,47.606287],[-0.233855,47.605758],[-0.233717,47.605248],[-0.234563,47.604679],[-0.235629,47.604369],[-0.237045,47.603544],[-0.238944,47.601685],[-0.239719,47.601374],[-0.240261,47.600714],[-0.242524,47.599463],[-0.241653,47.598574],[-0.240771,47.598033],[-0.240122,47.597919],[-0.239498,47.596488],[-0.239229,47.595196],[-0.240563,47.594991],[-0.240725,47.592624],[-0.241263,47.590791],[-0.238664,47.58776],[-0.234159,47.589261],[-0.22987,47.591947],[-0.217969,47.591034],[-0.2179,47.586711],[-0.211528,47.584842],[-0.206905,47.582749],[-0.2075,47.581823],[-0.206945,47.57826],[-0.204474,47.576233],[-0.201845,47.575237],[-0.200403,47.573224],[-0.199282,47.572733],[-0.201174,47.571282],[-0.200586,47.569368],[-0.201656,47.568046],[-0.2014,47.567259],[-0.201422,47.56596],[-0.202239,47.565889],[-0.204391,47.564971],[-0.203974,47.564512],[-0.204072,47.564162],[-0.20289,47.562692],[-0.203632,47.562337],[-0.202891,47.561628],[-0.203237,47.561469],[-0.20226,47.560803],[-0.201854,47.561111],[-0.199754,47.559571],[-0.201939,47.558119],[-0.202161,47.558213],[-0.202715,47.557968],[-0.203433,47.557346],[-0.204203,47.555818],[-0.204749,47.555235],[-0.205007,47.554458],[-0.205475,47.553876],[-0.205678,47.553937],[-0.206977,47.551913],[-0.207793,47.54973],[-0.208058,47.548107],[-0.206454,47.546687],[-0.206703,47.546564],[-0.206728,47.546],[-0.205862,47.545998],[-0.204983,47.545557],[-0.204688,47.544689],[-0.203724,47.544091],[-0.201705,47.543625],[-0.200261,47.543605],[-0.198397,47.542896],[-0.197954,47.542341],[-0.196141,47.541436],[-0.195331,47.539513],[-0.195422,47.538651],[-0.19519,47.537847],[-0.192969,47.537436],[-0.192653,47.536898],[-0.192578,47.536258],[-0.190955,47.535777],[-0.189534,47.532811],[-0.189166,47.532443],[-0.189972,47.530962],[-0.190524,47.53033],[-0.190897,47.528253],[-0.191112,47.527939],[-0.195248,47.528545],[-0.199239,47.528655],[-0.200879,47.529432],[-0.201081,47.52933],[-0.203105,47.53052],[-0.203923,47.529994],[-0.204537,47.531051],[-0.20769,47.531962],[-0.20852,47.532162],[-0.209137,47.532057],[-0.209934,47.532206],[-0.2129,47.532208],[-0.213138,47.533941],[-0.214363,47.533947],[-0.218315,47.535317],[-0.218496,47.535179],[-0.219136,47.535463],[-0.21975,47.534782],[-0.221178,47.535074],[-0.222092,47.536633],[-0.223503,47.537381],[-0.224386,47.535652],[-0.223867,47.535438],[-0.224435,47.534314],[-0.225066,47.534452],[-0.225431,47.534052],[-0.225464,47.533672],[-0.225913,47.533324],[-0.226725,47.533539],[-0.226858,47.533332],[-0.227781,47.533296],[-0.228708,47.533479],[-0.228991,47.533094],[-0.229205,47.533241],[-0.229696,47.532678],[-0.231177,47.533008],[-0.231151,47.532465],[-0.231504,47.532276],[-0.232114,47.532399],[-0.23232,47.531987],[-0.233055,47.531932],[-0.234799,47.53212],[-0.235016,47.531685],[-0.235856,47.531871],[-0.236085,47.531246],[-0.236979,47.530434],[-0.237525,47.528751],[-0.238502,47.527233],[-0.238736,47.526096],[-0.240054,47.525051],[-0.237293,47.52383],[-0.236667,47.523683],[-0.235306,47.522744],[-0.233842,47.522527],[-0.234017,47.522021],[-0.233529,47.521302],[-0.235181,47.521294],[-0.236622,47.52098],[-0.236515,47.520381],[-0.235322,47.520372],[-0.235271,47.520541],[-0.234797,47.520454],[-0.234662,47.520704],[-0.23266,47.520627],[-0.232176,47.520316],[-0.234239,47.519603],[-0.234933,47.518202],[-0.235548,47.518352],[-0.235801,47.517791],[-0.234572,47.516814],[-0.239302,47.514741],[-0.240175,47.511305],[-0.23956,47.510412],[-0.23658,47.509996],[-0.232644,47.508317],[-0.23293,47.506174],[-0.232868,47.505162],[-0.235725,47.504728],[-0.238074,47.504765],[-0.239476,47.504604],[-0.239079,47.502216],[-0.239291,47.50223],[-0.239489,47.501613],[-0.239756,47.501661],[-0.240044,47.501268],[-0.239682,47.501194],[-0.240247,47.50111],[-0.241388,47.500431],[-0.243356,47.499983],[-0.243964,47.499644],[-0.244502,47.499639],[-0.244752,47.499401],[-0.245706,47.499623],[-0.246543,47.499129],[-0.247266,47.499096],[-0.246818,47.497643],[-0.246947,47.495871],[-0.247205,47.495345],[-0.248211,47.494531],[-0.248176,47.494342],[-0.250101,47.494076],[-0.251197,47.494169],[-0.251593,47.493013],[-0.252253,47.492954],[-0.252521,47.492444],[-0.252655,47.49156],[-0.252478,47.49111],[-0.260244,47.487253],[-0.265376,47.489095],[-0.2669,47.490918],[-0.271229,47.501387],[-0.274159,47.504158],[-0.273803,47.503536],[-0.273834,47.502296],[-0.274087,47.501233],[-0.274788,47.500463],[-0.274849,47.499255],[-0.274296,47.498069],[-0.274373,47.497087],[-0.275237,47.495181],[-0.276298,47.493958],[-0.276631,47.493666],[-0.279984,47.49374],[-0.28075,47.491286],[-0.281392,47.49138],[-0.281403,47.490746],[-0.282097,47.490635],[-0.282313,47.490471],[-0.283958,47.491532],[-0.284687,47.491745],[-0.287573,47.491693],[-0.28876,47.490395],[-0.291207,47.490712],[-0.292273,47.490407],[-0.292546,47.490703],[-0.293147,47.489863],[-0.294732,47.490214],[-0.295501,47.490199],[-0.295744,47.48989],[-0.296634,47.489553],[-0.297485,47.48944],[-0.297467,47.489168],[-0.298154,47.489108],[-0.298352,47.488441],[-0.298168,47.487173],[-0.298668,47.483941],[-0.298221,47.482511],[-0.298223,47.481876],[-0.298516,47.48085],[-0.299523,47.479319],[-0.299703,47.479379],[-0.300278,47.479028],[-0.301225,47.478186],[-0.301337,47.474581],[-0.305947,47.473939],[-0.309108,47.473738],[-0.311944,47.473941],[-0.312351,47.474139],[-0.314938,47.473835],[-0.315668,47.47407],[-0.315809,47.473518],[-0.31961,47.474112],[-0.319518,47.47439],[-0.319897,47.474476],[-0.320012,47.475012],[-0.321109,47.475545],[-0.321523,47.476041],[-0.323484,47.476033],[-0.327173,47.475647],[-0.331832,47.47667],[-0.334025,47.4767],[-0.33407,47.478472],[-0.33555,47.478272],[-0.337331,47.478408],[-0.337479,47.482329],[-0.336703,47.486127],[-0.335713,47.486342],[-0.335454,47.486535],[-0.334379,47.486668],[-0.337686,47.487373],[-0.341723,47.489071],[-0.343091,47.49009],[-0.347756,47.48829],[-0.350523,47.488286],[-0.354351,47.488963],[-0.35557,47.486711],[-0.35523,47.486165],[-0.355917,47.486453],[-0.356987,47.486352],[-0.357996,47.486763],[-0.358671,47.487814],[-0.359061,47.490582],[-0.359029,47.49206],[-0.354976,47.496796],[-0.362868,47.502777],[-0.365994,47.501435],[-0.36702,47.501712],[-0.367744,47.503425],[-0.368986,47.503478],[-0.368779,47.50455],[-0.373431,47.504425],[-0.376393,47.504845],[-0.376279,47.505054],[-0.378131,47.50514],[-0.378139,47.50496],[-0.381566,47.505541],[-0.383378,47.507299],[-0.383377,47.508273],[-0.383693,47.508524],[-0.383544,47.508931],[-0.386004,47.510594],[-0.38828,47.511873],[-0.393405,47.512783]],[[-0.319018,47.495792],[-0.317337,47.496805],[-0.319797,47.49648],[-0.320068,47.495983],[-0.319018,47.495792]],[[-0.280094,47.523939],[-0.280836,47.523831],[-0.281043,47.523604],[-0.281141,47.523008],[-0.280973,47.5225],[-0.280094,47.523939]]]}},{"type":"Feature","properties":{"uai_primary":"0491025Y","uai_all":"0491025Y","is_merged":false},"geometry":{"type":"Polygon","coordinates":[[[-0.929664,47.060172],[-0.929853,47.059959],[-0.930263,47.060047],[-0.930417,47.059861],[-0.931508,47.060157],[-0.93176,47.059736],[-0.932015,47.060052],[-0.932473,47.060037],[-0.933033,47.06046],[-0.932756,47.062089],[-0.929644,47.061856],[-0.928851,47.063501],[-0.927352,47.063475],[-0.926709,47.063229],[-0.927577,47.062466],[-0.928682,47.059282],[-0.929664,47.060172]],[[-1.064894,47.018685],[-1.064629,47.018755],[-1.064156,47.018549],[-1.064439,47.017956],[-1.065375,47.018246],[-1.065234,47.018546],[-1.064666,47.018465],[-1.064894,47.018685]],[[-1.118385,47.037057],[-1.117666,47.037017],[-1.11763,47.036434],[-1.117757,47.035618],[-1.11827,47.034979],[-1.11897,47.035641],[-1.119355,47.036382],[-1.118385,47.037057]],[[-1.120609,47.094833],[-1.119527,47.095099],[-1.114757,47.096877],[-1.095176,47.094274],[-1.096124,47.087111],[-1.097818,47.078966],[-1.120859,47.093152],[-1.12105,47.093525],[-1.120929,47.094513],[-1.120609,47.094833]],[[-1.154463,47.100067],[-1.146495,47.09361],[-1.14241,47.088566],[-1.142165,47.087877],[-1.142798,47.085689],[-1.142314,47.085505],[-1.142024,47.085079],[-1.14268,47.085128],[-1.142981,47.08557],[-1.144944,47.085456],[-1.16361,47.089475],[-1.161788,47.092474],[-1.154463,47.100067]],[[-1.117618,47.119818],[-1.117468,47.120242],[-1.117612,47.121715],[-1.117166,47.122068],[-1.11563,47.121904],[-1.11328,47.121915],[-1.110299,47.123168],[-1.111258,47.11898],[-1.109631,47.114525],[-1.111963,47.11547],[-1.114183,47.118304],[-1.115522,47.118539],[-1.116684,47.118924],[-1.116649,47.119253],[-1.1169,47.119361],[-1.117602,47.119294],[-1.117618,47.119818]],[[-1.161387,47.142564],[-1.158406,47.141171],[-1.157902,47.140699],[-1.161197,47.140485],[-1.162511,47.140649],[-1.162961,47.140945],[-1.162293,47.141959],[-1.161387,47.142564]],[[-1.05958,47.017913],[-1.059342,47.018187],[-1.05969,47.018255],[-1.060319,47.018121],[-1.060329,47.01854],[-1.060068,47.018769],[-1.060713,47.019098],[-1.060632,47.019381],[-1.060044,47.019623],[-1.059406,47.019448],[-1.058936,47.019048],[-1.058393,47.019025],[-1.058256,47.018506],[-1.059012,47.018461],[-1.059322,47.01819],[-1.05902,47.017891],[-1.059488,47.017734],[-1.05958,47.017913]],[[-1.064548,47.087728],[-1.064105,47.087867],[-1.063758,47.088359],[-1.06422,47.088426],[-1.064425,47.088236],[-1.064947,47.088137],[-1.065318,47.088213],[-1.065292,47.088608],[-1.064811,47.089212],[-1.064206,47.089395],[-1.063218,47.088805],[-1.062979,47.088006],[-1.061772,47.086764],[-1.063722,47.087433],[-1.064504,47.087266],[-1.064548,47.087728]],[[-1.05895,47.118436],[-1.059583,47.118913],[-1.058878,47.119408],[-1.058298,47.119352],[-1.057323,47.119013],[-1.057011,47.118682],[-1.057117,47.118262],[-1.05567,47.117735],[-1.057431,47.117884],[-1.058263,47.11766],[-1.058792,47.118063],[-1.05895,47.118436]],[[-1.055402,47.122863],[-1.055139,47.122824],[-1.055259,47.122569],[-1.055964,47.12258],[-1.057036,47.12228],[-1.057573,47.122525],[-1.059319,47.122384],[-1.060788,47.123877],[-1.063438,47.12723],[-1.055118,47.132224],[-1.055193,47.128579],[-1.055496,47.126957],[-1.055443,47.123887],[-1.055872,47.123433],[-1.056695,47.123477],[-1.05694,47.123046],[-1.056446,47.123096],[-1.055402,47.122863]],[[-0.770043,47.075535],[-0.769463,47.076305],[-0.767951,47.076397],[-0.766941,47.076819],[-0.762918,47.076899],[-0.761075,47.077258],[-0.760394,47.075952],[-0.759072,47.074136],[-0.75853,47.072948],[-0.758069,47.072802],[-0.758238,47.07203],[-0.758765,47.071281],[-0.753449,47.071141],[-0.750489,47.071353],[-0.749501,47.072032],[-0.750837,47.073948],[-0.750461,47.075259],[-0.750531,47.077719],[-0.750329,47.078215],[-0.746348,47.080955],[-0.746975,47.080868],[-0.748008,47.081108],[-0.748235,47.081343],[-0.749095,47.081348],[-0.748348,47.082623],[-0.744618,47.082341],[-0.742817,47.081581],[-0.742667,47.080463],[-0.743741,47.077295],[-0.74353,47.077087],[-0.741323,47.075916],[-0.740081,47.075077],[-0.740139,47.074918],[-0.739446,47.074816],[-0.737618,47.073777],[-0.736457,47.073565],[-0.733558,47.074086],[-0.731773,47.073533],[-0.731302,47.072026],[-0.731332,47.071119],[-0.729448,47.070619],[-0.728666,47.070263],[-0.726235,47.068843],[-0.725699,47.068674],[-0.725139,47.068152],[-0.724893,47.066144],[-0.725225,47.065706],[-0.726091,47.065767],[-0.727209,47.065567],[-0.729198,47.065945],[-0.731935,47.065178],[-0.732321,47.064673],[-0.732561,47.06379],[-0.73364,47.063085],[-0.733823,47.062094],[-0.7356,47.060602],[-0.735937,47.059904],[-0.737533,47.059223],[-0.737487,47.057873],[-0.737187,47.057178],[-0.736552,47.056362],[-0.735288,47.055423],[-0.734874,47.054659],[-0.734449,47.051461],[-0.736105,47.051224],[-0.738161,47.051166],[-0.740936,47.051897],[-0.74189,47.051817],[-0.747119,47.048506],[-0.747734,47.048312],[-0.74785,47.047676],[-0.749756,47.044452],[-0.749876,47.041471],[-0.747394,47.042092],[-0.747115,47.042593],[-0.746778,47.042768],[-0.744698,47.042353],[-0.744493,47.042218],[-0.744507,47.041582],[-0.745434,47.040518],[-0.748111,47.038412],[-0.748989,47.038078],[-0.749426,47.038348],[-0.749827,47.038127],[-0.750076,47.037885],[-0.750046,47.036973],[-0.751255,47.035534],[-0.75254,47.037302],[-0.753755,47.03828],[-0.755527,47.039168],[-0.756838,47.040775],[-0.757305,47.040663],[-0.758321,47.040728],[-0.758322,47.040044],[-0.760567,47.040571],[-0.760919,47.039643],[-0.762698,47.039981],[-0.763618,47.040853],[-0.76392,47.040755],[-0.763461,47.040218],[-0.764967,47.03981],[-0.765109,47.040103],[-0.765416,47.039961],[-0.765536,47.040216],[-0.766205,47.039949],[-0.766566,47.040756],[-0.768453,47.040026],[-0.77286,47.037312],[-0.773862,47.038015],[-0.774637,47.039695],[-0.77563,47.041087],[-0.777127,47.041861],[-0.777868,47.042407],[-0.777827,47.042578],[-0.778841,47.042565],[-0.780372,47.042909],[-0.782337,47.043851],[-0.783243,47.044083],[-0.785027,47.044214],[-0.785012,47.043613],[-0.786029,47.042803],[-0.786817,47.043077],[-0.788313,47.042952],[-0.790437,47.043465],[-0.79307,47.043217],[-0.794932,47.043269],[-0.794397,47.045485],[-0.793813,47.045392],[-0.793663,47.045699],[-0.793298,47.0458],[-0.792911,47.045417],[-0.792224,47.045529],[-0.791848,47.045339],[-0.791899,47.04563],[-0.791494,47.045635],[-0.791576,47.045853],[-0.791827,47.045831],[-0.791907,47.046143],[-0.791557,47.047034],[-0.789376,47.047433],[-0.788813,47.047901],[-0.78813,47.047575],[-0.787569,47.047512],[-0.786996,47.04758],[-0.786852,47.04791],[-0.78632,47.047981],[-0.786025,47.048881],[-0.786192,47.04904],[-0.785951,47.049135],[-0.785882,47.049477],[-0.785506,47.049843],[-0.785244,47.049937],[-0.784817,47.050655],[-0.78481,47.05189],[-0.784539,47.052277],[-0.784078,47.052509],[-0.784033,47.052776],[-0.78426,47.052826],[-0.784311,47.053138],[-0.784172,47.053851],[-0.783354,47.054576],[-0.782585,47.05561],[-0.781878,47.056039],[-0.781171,47.056215],[-0.780663,47.056899],[-0.780722,47.057101],[-0.779927,47.057405],[-0.779326,47.057264],[-0.778911,47.057418],[-0.778623,47.057911],[-0.778869,47.058144],[-0.778796,47.058295],[-0.777777,47.059197],[-0.777339,47.059077],[-0.775873,47.059115],[-0.775026,47.059444],[-0.774567,47.059988],[-0.773448,47.060547],[-0.773381,47.0608],[-0.773767,47.061033],[-0.773701,47.06151],[-0.774043,47.061765],[-0.773958,47.062086],[-0.773724,47.062198],[-0.77369,47.062634],[-0.774126,47.063496],[-0.773993,47.064136],[-0.773177,47.064914],[-0.772665,47.06585],[-0.773296,47.066595],[-0.774952,47.067512],[-0.775283,47.067884],[-0.775315,47.068307],[-0.774343,47.069082],[-0.773359,47.070459],[-0.771907,47.071816],[-0.771833,47.07241],[-0.772305,47.072762],[-0.771924,47.072918],[-0.77138,47.073586],[-0.770718,47.074002],[-0.770878,47.074475],[-0.770043,47.075535]],[[-0.945987,47.119867],[-0.948206,47.118758],[-0.949882,47.117637],[-0.950615,47.116568],[-0.950936,47.115496],[-0.952349,47.114804],[-0.953607,47.114428],[-0.95651,47.11443],[-0.957807,47.114632],[-0.958132,47.114706],[-0.95852,47.115395],[-0.958893,47.115652],[-0.961567,47.11614],[-0.964501,47.116207],[-0.965263,47.115767],[-0.964576,47.115293],[-0.964548,47.114124],[-0.96502,47.113078],[-0.965696,47.112247],[-0.966271,47.11104],[-0.966253,47.11061],[-0.96676,47.110077],[-0.967254,47.109873],[-0.96705,47.108872],[-0.967849,47.107754],[-0.968763,47.107958],[-0.970367,47.106898],[-0.970221,47.106302],[-0.96872,47.105441],[-0.966329,47.104755],[-0.969335,47.101652],[-0.969109,47.101294],[-0.973649,47.100756],[-0.974059,47.100535],[-0.974833,47.100409],[-0.978438,47.100071],[-0.979903,47.096908],[-0.981501,47.096255],[-0.983356,47.09493],[-0.983987,47.095096],[-0.984778,47.094839],[-0.989408,47.091092],[-0.990822,47.090295],[-0.9921,47.09038],[-0.993033,47.089355],[-0.993109,47.089019],[-0.993363,47.089182],[-0.993369,47.089569],[-0.997895,47.09084],[-0.998496,47.088622],[-0.997505,47.086696],[-0.997924,47.086014],[-0.998069,47.085131],[-0.997484,47.083966],[-0.99665,47.083873],[-0.996554,47.083192],[-1.001639,47.082483],[-1.003261,47.081846],[-1.004276,47.080498],[-1.004834,47.0801],[-1.006678,47.079885],[-1.008233,47.080038],[-1.008667,47.079827],[-1.009128,47.079052],[-1.00974,47.078532],[-1.010314,47.078292],[-1.010941,47.07827],[-1.012071,47.07765],[-1.012482,47.076852],[-1.013547,47.076173],[-1.013411,47.075481],[-1.014454,47.075277],[-1.015416,47.075495],[-1.016261,47.075023],[-1.015507,47.075063],[-1.014976,47.074774],[-1.014052,47.073443],[-1.013994,47.072374],[-1.012729,47.070102],[-1.010489,47.067981],[-1.009278,47.067718],[-1.008602,47.067782],[-1.007351,47.067318],[-1.005487,47.066876],[-1.005174,47.06712],[-1.005217,47.067586],[-1.005989,47.068531],[-1.005443,47.069051],[-1.005126,47.069139],[-1.004504,47.069043],[-1.003341,47.068531],[-1.001474,47.067001],[-1.000986,47.066024],[-1.000884,47.065347],[-0.99832,47.063909],[-0.99767,47.063689],[-0.996603,47.06416],[-0.995765,47.064826],[-0.994431,47.065218],[-0.99312,47.066001],[-0.991817,47.066156],[-0.990409,47.065802],[-0.989745,47.065422],[-0.989566,47.064548],[-0.988795,47.064118],[-0.989082,47.063802],[-0.988332,47.063654],[-0.988598,47.062819],[-0.988428,47.062524],[-0.987713,47.062325],[-0.986854,47.062434],[-0.98653,47.062147],[-0.986284,47.062285],[-0.986061,47.061985],[-0.985154,47.061919],[-0.985112,47.061756],[-0.984469,47.061575],[-0.984267,47.061292],[-0.983486,47.061327],[-0.982737,47.060772],[-0.982645,47.06028],[-0.982979,47.059271],[-0.982697,47.058695],[-0.982898,47.058459],[-0.982261,47.058015],[-0.98199,47.058033],[-0.982023,47.057551],[-0.981434,47.057407],[-0.981574,47.057099],[-0.981167,47.057151],[-0.980763,47.056928],[-0.980701,47.056602],[-0.979587,47.056385],[-0.979571,47.056128],[-0.979095,47.056075],[-0.979062,47.055868],[-0.978634,47.055592],[-0.978433,47.055593],[-0.977845,47.056294],[-0.977468,47.056396],[-0.977215,47.056221],[-0.976504,47.056181],[-0.976192,47.055757],[-0.975653,47.055873],[-0.975214,47.055203],[-0.974866,47.055022],[-0.974373,47.055021],[-0.973987,47.054565],[-0.97409,47.05424],[-0.973733,47.053962],[-0.973872,47.053612],[-0.97353,47.053521],[-0.973497,47.053018],[-0.973141,47.053016],[-0.972975,47.052778],[-0.973044,47.052127],[-0.972915,47.052026],[-0.972502,47.052113],[-0.971753,47.051653],[-0.971592,47.051263],[-0.970983,47.050796],[-0.971,47.050377],[-0.970232,47.04907],[-0.970327,47.048643],[-0.971039,47.047712],[-0.971426,47.047731],[-0.971564,47.047457],[-0.971885,47.047486],[-0.971925,47.047248],[-0.972278,47.047255],[-0.972612,47.046973],[-0.972763,47.045987],[-0.973247,47.045312],[-0.973353,47.044678],[-0.973998,47.044189],[-0.973811,47.043926],[-0.974382,47.043746],[-0.974392,47.04336],[-0.974057,47.042917],[-0.974191,47.042546],[-0.974576,47.042266],[-0.975334,47.042135],[-0.97588,47.042356],[-0.976439,47.042312],[-0.977304,47.041809],[-0.977656,47.041078],[-0.97914,47.040221],[-0.980024,47.040095],[-0.981136,47.039541],[-0.982095,47.039368],[-0.98313,47.038898],[-0.984562,47.03901],[-0.984847,47.039372],[-0.98509,47.039421],[-0.985879,47.03888],[-0.986283,47.037956],[-0.98714,47.037982],[-0.987552,47.038137],[-0.987979,47.037886],[-0.98855,47.037938],[-0.989196,47.037731],[-0.989655,47.037268],[-0.990261,47.037346],[-0.990733,47.037187],[-0.991038,47.037296],[-0.991507,47.037109],[-0.99318,47.037715],[-0.993827,47.037768],[-0.995129,47.037237],[-0.995925,47.037173],[-0.99699,47.036703],[-0.997626,47.036799],[-0.998712,47.036704],[-0.999799,47.036414],[-1.003499,47.034155],[-1.004525,47.03398],[-1.005892,47.034645],[-1.008813,47.037094],[-1.010055,47.036757],[-1.010507,47.036397],[-1.010869,47.037089],[-1.011967,47.037263],[-1.012478,47.036518],[-1.011117,47.034892],[-1.011849,47.034329],[-1.01198,47.03453],[-1.01391,47.035146],[-1.01662,47.035581],[-1.020219,47.0374],[-1.018823,47.038146],[-1.019544,47.039165],[-1.020335,47.038904],[-1.020713,47.0395],[-1.020078,47.042246],[-1.021991,47.043722],[-1.022619,47.044505],[-1.023727,47.044304],[-1.023855,47.042567],[-1.028338,47.043193],[-1.028526,47.046577],[-1.029328,47.046492],[-1.031666,47.045682],[-1.033921,47.044427],[-1.036868,47.045037],[-1.038956,47.045773],[-1.039456,47.046614],[-1.040996,47.047222],[-1.040363,47.048076],[-1.041677,47.050809],[-1.042388,47.051365],[-1.043293,47.051777],[-1.043862,47.052359],[-1.042479,47.052727],[-1.040741,47.052036],[-1.039086,47.053073],[-1.036794,47.054111],[-1.03268,47.055647],[-1.031558,47.055852],[-1.033791,47.058073],[-1.036352,47.059949],[-1.03872,47.061387],[-1.04296,47.059505],[-1.042626,47.062442],[-1.042919,47.063977],[-1.044095,47.065867],[-1.046194,47.068615],[-1.042853,47.071418],[-1.041901,47.072712],[-1.041014,47.073183],[-1.039291,47.07315],[-1.037,47.071828],[-1.035791,47.070638],[-1.036983,47.069765],[-1.0382,47.069219],[-1.039566,47.067823],[-1.038371,47.067549],[-1.038363,47.068104],[-1.037426,47.068232],[-1.034275,47.069478],[-1.033959,47.069666],[-1.034061,47.070021],[-1.032856,47.070107],[-1.032704,47.071373],[-1.032486,47.071687],[-1.033008,47.075722],[-1.033906,47.079075],[-1.035565,47.088147],[-1.03748,47.104463],[-1.035742,47.106088],[-1.036268,47.114108],[-1.04639,47.116985],[-1.05657,47.119184],[-1.056852,47.119717],[-1.056632,47.120326],[-1.056858,47.120837],[-1.056017,47.120976],[-1.056001,47.121342],[-1.055353,47.121647],[-1.054984,47.121625],[-1.042091,47.118346],[-1.035999,47.116561],[-1.03202,47.130791],[-1.032141,47.132132],[-1.019323,47.132049],[-1.01323,47.131501],[-1.009969,47.130873],[-1.00591,47.129228],[-1.004221,47.128715],[-0.999098,47.13022],[-0.999462,47.131727],[-0.999456,47.133191],[-0.997533,47.132094],[-0.993553,47.131827],[-0.993925,47.133541],[-0.994543,47.13407],[-0.993558,47.135876],[-0.993868,47.137687],[-0.995789,47.139074],[-1.001208,47.141143],[-1.001148,47.151594],[-1.000133,47.151445],[-0.999056,47.151604],[-0.997534,47.152658],[-0.995604,47.153333],[-0.995176,47.152684],[-0.995079,47.152147],[-0.995,47.151238],[-0.995238,47.149684],[-0.994474,47.149556],[-0.994089,47.1493],[-0.992586,47.149747],[-0.99047,47.150757],[-0.989214,47.15072],[-0.988195,47.151067],[-0.987659,47.149545],[-0.987326,47.147115],[-0.986014,47.146612],[-0.984234,47.146215],[-0.982792,47.146004],[-0.979792,47.147933],[-0.977283,47.148868],[-0.975579,47.148364],[-0.975082,47.14804],[-0.97307,47.147964],[-0.972372,47.148286],[-0.97056,47.148275],[-0.968067,47.147375],[-0.966102,47.146328],[-0.963055,47.145144],[-0.960689,47.145473],[-0.959724,47.145154],[-0.957851,47.145013],[-0.957159,47.144722],[-0.956461,47.144789],[-0.956021,47.144516],[-0.974427,47.137208],[-0.97845,47.135123],[-0.98128,47.132773],[-0.984124,47.129956],[-0.985435,47.12904],[-0.987677,47.126153],[-0.987439,47.125806],[-0.986946,47.125591],[-0.987047,47.125158],[-0.986586,47.125025],[-0.986572,47.124853],[-0.986221,47.124831],[-0.986227,47.125097],[-0.985741,47.125176],[-0.985785,47.125482],[-0.985535,47.125835],[-0.984827,47.12571],[-0.984373,47.126183],[-0.983589,47.126388],[-0.983237,47.126201],[-0.983155,47.126482],[-0.982879,47.12657],[-0.98259,47.126095],[-0.982297,47.126143],[-0.982264,47.126581],[-0.982882,47.127232],[-0.982787,47.12754],[-0.981971,47.127363],[-0.981411,47.127601],[-0.95533,47.143166],[-0.955028,47.144284],[-0.955456,47.144793],[-0.95464,47.144828],[-0.952877,47.146925],[-0.951461,47.147831],[-0.948285,47.149339],[-0.946789,47.149471],[-0.945738,47.14985],[-0.945588,47.15005],[-0.943419,47.149554],[-0.943303,47.149763],[-0.943644,47.149919],[-0.94353,47.150137],[-0.943904,47.151555],[-0.943484,47.152155],[-0.942096,47.152258],[-0.941857,47.152057],[-0.941596,47.152113],[-0.942047,47.153084],[-0.940264,47.153718],[-0.940044,47.153671],[-0.939881,47.153882],[-0.940798,47.154856],[-0.939553,47.155694],[-0.938397,47.157361],[-0.93782,47.157447],[-0.937325,47.157219],[-0.936068,47.158373],[-0.934669,47.160163],[-0.933028,47.161128],[-0.932009,47.161585],[-0.930579,47.161829],[-0.928656,47.162844],[-0.927214,47.162774],[-0.926861,47.163208],[-0.926071,47.163675],[-0.921388,47.16065],[-0.921082,47.160731],[-0.918746,47.159644],[-0.916587,47.15915],[-0.916465,47.159259],[-0.915412,47.159145],[-0.91163,47.159309],[-0.910135,47.159648],[-0.910932,47.160269],[-0.911297,47.160843],[-0.911119,47.161164],[-0.912301,47.163246],[-0.912727,47.164685],[-0.911125,47.164967],[-0.909665,47.161191],[-0.908851,47.160224],[-0.906818,47.161096],[-0.904824,47.161118],[-0.90419,47.160098],[-0.902938,47.161005],[-0.901241,47.160452],[-0.899084,47.160432],[-0.897548,47.161007],[-0.895814,47.161263],[-0.893905,47.161075],[-0.890975,47.16023],[-0.888682,47.160368],[-0.888535,47.160163],[-0.888042,47.160156],[-0.887201,47.159817],[-0.885819,47.158959],[-0.885042,47.158851],[-0.884207,47.158968],[-0.884021,47.158834],[-0.880862,47.159358],[-0.880289,47.159187],[-0.879756,47.159392],[-0.878988,47.159028],[-0.877381,47.158906],[-0.876812,47.159166],[-0.876451,47.159017],[-0.876222,47.159117],[-0.875957,47.159696],[-0.875867,47.159507],[-0.875484,47.159381],[-0.875397,47.159109],[-0.875009,47.159147],[-0.874819,47.158683],[-0.874066,47.158261],[-0.873458,47.1583],[-0.873028,47.158056],[-0.869743,47.15706],[-0.866802,47.156878],[-0.86696,47.155551],[-0.866328,47.154278],[-0.8658,47.15376],[-0.865168,47.153582],[-0.865135,47.153317],[-0.863948,47.152114],[-0.862897,47.151544],[-0.86159,47.151303],[-0.860479,47.151358],[-0.857381,47.152437],[-0.855811,47.152801],[-0.851464,47.152844],[-0.850387,47.152641],[-0.848024,47.151597],[-0.845019,47.151429],[-0.844092,47.151139],[-0.842867,47.150378],[-0.839548,47.149972],[-0.836781,47.150523],[-0.834622,47.150277],[-0.832938,47.15045],[-0.8323,47.15036],[-0.831657,47.150077],[-0.832282,47.149183],[-0.832079,47.148776],[-0.832232,47.148051],[-0.831988,47.147156],[-0.831054,47.146503],[-0.828533,47.145999],[-0.828692,47.145729],[-0.828115,47.144806],[-0.826874,47.144379],[-0.826856,47.143466],[-0.828278,47.142951],[-0.828871,47.142276],[-0.828883,47.141966],[-0.828458,47.141652],[-0.828928,47.140316],[-0.828905,47.138352],[-0.832784,47.13437],[-0.833271,47.133216],[-0.833897,47.132943],[-0.835234,47.132721],[-0.836424,47.131781],[-0.836173,47.131494],[-0.837557,47.130676],[-0.839391,47.128825],[-0.840025,47.128453],[-0.840796,47.127282],[-0.841828,47.123618],[-0.842439,47.123651],[-0.843678,47.12413],[-0.844662,47.12408],[-0.8465,47.12324],[-0.847141,47.123111],[-0.847602,47.122737],[-0.848797,47.122269],[-0.849498,47.122107],[-0.850933,47.122204],[-0.851476,47.122087],[-0.852057,47.121743],[-0.851693,47.120961],[-0.852116,47.120907],[-0.852203,47.120761],[-0.85178,47.119504],[-0.852032,47.119317],[-0.852247,47.119444],[-0.85293,47.119316],[-0.854365,47.118552],[-0.853631,47.117635],[-0.854705,47.117253],[-0.855006,47.116898],[-0.854824,47.116299],[-0.853796,47.115896],[-0.853539,47.11591],[-0.853456,47.116113],[-0.852694,47.116472],[-0.852253,47.116181],[-0.851558,47.116225],[-0.851364,47.116366],[-0.850977,47.116302],[-0.850752,47.116514],[-0.850017,47.116374],[-0.850032,47.115776],[-0.849568,47.115736],[-0.849263,47.115404],[-0.849323,47.115017],[-0.848837,47.114793],[-0.848973,47.114573],[-0.849317,47.114578],[-0.848813,47.114226],[-0.848883,47.114036],[-0.849154,47.114043],[-0.84916,47.113668],[-0.848933,47.113474],[-0.848428,47.113508],[-0.848359,47.112579],[-0.848695,47.112491],[-0.848841,47.112177],[-0.848237,47.112091],[-0.847933,47.111719],[-0.848342,47.111529],[-0.847819,47.111074],[-0.848033,47.110496],[-0.847765,47.109969],[-0.846339,47.108919],[-0.845872,47.108845],[-0.845839,47.108642],[-0.845193,47.108791],[-0.845082,47.108476],[-0.845325,47.108036],[-0.845152,47.107867],[-0.844977,47.108007],[-0.844776,47.107958],[-0.844565,47.107736],[-0.844904,47.107177],[-0.844668,47.106951],[-0.845222,47.106508],[-0.844967,47.106087],[-0.844314,47.10593],[-0.843746,47.106144],[-0.843616,47.106522],[-0.842748,47.106851],[-0.842376,47.106817],[-0.842175,47.106638],[-0.841872,47.106701],[-0.841613,47.106442],[-0.841693,47.106191],[-0.841152,47.10633],[-0.840882,47.106025],[-0.840276,47.106036],[-0.839702,47.105637],[-0.839604,47.105192],[-0.839419,47.105201],[-0.839189,47.104925],[-0.838208,47.104693],[-0.838122,47.104561],[-0.838327,47.104494],[-0.83815,47.104195],[-0.837593,47.104183],[-0.837155,47.103895],[-0.836664,47.104038],[-0.836316,47.103785],[-0.836575,47.103439],[-0.836142,47.103248],[-0.836321,47.10301],[-0.836003,47.102872],[-0.836249,47.102413],[-0.835627,47.102399],[-0.835517,47.102156],[-0.835893,47.101895],[-0.835439,47.101851],[-0.835515,47.101402],[-0.835182,47.10139],[-0.835022,47.101127],[-0.838872,47.100773],[-0.839409,47.100209],[-0.840387,47.099906],[-0.840775,47.098787],[-0.841419,47.09813],[-0.842728,47.09752],[-0.844926,47.097131],[-0.846647,47.097502],[-0.84757,47.099394],[-0.847656,47.100377],[-0.847956,47.100853],[-0.850293,47.101615],[-0.850994,47.102032],[-0.852214,47.102327],[-0.853742,47.102431],[-0.853881,47.102214],[-0.854649,47.102187],[-0.855702,47.10145],[-0.856117,47.101412],[-0.856784,47.101058],[-0.856809,47.100723],[-0.857499,47.099831],[-0.859145,47.099709],[-0.86017,47.100208],[-0.861166,47.100948],[-0.8613,47.101218],[-0.861859,47.101374],[-0.861565,47.101678],[-0.86185,47.101998],[-0.862616,47.102492],[-0.863651,47.1028],[-0.86433,47.101883],[-0.86542,47.101271],[-0.866203,47.101025],[-0.867015,47.100395],[-0.868134,47.098941],[-0.868341,47.09802],[-0.867526,47.097089],[-0.867749,47.095905],[-0.867328,47.095468],[-0.867579,47.095287],[-0.867946,47.094345],[-0.869033,47.094052],[-0.869696,47.093646],[-0.869235,47.092926],[-0.869325,47.092631],[-0.868018,47.092196],[-0.865685,47.09248],[-0.865677,47.09234],[-0.868115,47.092123],[-0.87007,47.092831],[-0.870733,47.092708],[-0.871515,47.092949],[-0.873165,47.092699],[-0.873271,47.093115],[-0.873996,47.093379],[-0.874599,47.093915],[-0.877188,47.094224],[-0.879528,47.095096],[-0.881675,47.09533],[-0.883505,47.094564],[-0.884358,47.093313],[-0.885437,47.093145],[-0.884893,47.085369],[-0.883601,47.084105],[-0.882473,47.08173],[-0.881932,47.079778],[-0.881593,47.079243],[-0.880389,47.077853],[-0.87771,47.077041],[-0.877792,47.07628],[-0.878528,47.074697],[-0.878464,47.074281],[-0.877876,47.07355],[-0.877452,47.072555],[-0.877544,47.071035],[-0.87847,47.071167],[-0.879073,47.069962],[-0.879671,47.069304],[-0.879818,47.068685],[-0.880097,47.068599],[-0.880125,47.068356],[-0.880514,47.068103],[-0.880389,47.067881],[-0.880788,47.067586],[-0.880446,47.067388],[-0.879541,47.067348],[-0.879475,47.066541],[-0.878855,47.066823],[-0.876341,47.066125],[-0.876017,47.065871],[-0.875722,47.065957],[-0.873925,47.065458],[-0.873707,47.065549],[-0.873722,47.06534],[-0.87208,47.064833],[-0.871372,47.06486],[-0.871556,47.064688],[-0.870945,47.064405],[-0.870108,47.064978],[-0.870131,47.065486],[-0.869818,47.065767],[-0.869394,47.065602],[-0.869159,47.064838],[-0.86842,47.06464],[-0.868021,47.064779],[-0.867284,47.064417],[-0.866919,47.064018],[-0.865764,47.063483],[-0.866198,47.063064],[-0.866494,47.063068],[-0.866617,47.062732],[-0.869789,47.061632],[-0.870218,47.061409],[-0.870307,47.061142],[-0.870771,47.061257],[-0.87121,47.061071],[-0.871326,47.060855],[-0.871933,47.060748],[-0.871944,47.061522],[-0.873113,47.061217],[-0.873369,47.061563],[-0.874713,47.061824],[-0.875139,47.062233],[-0.876251,47.062105],[-0.876387,47.062425],[-0.877344,47.062403],[-0.877527,47.062518],[-0.878009,47.062406],[-0.878258,47.062546],[-0.878657,47.062138],[-0.879066,47.062197],[-0.879329,47.062075],[-0.879766,47.062229],[-0.880513,47.061557],[-0.880595,47.061234],[-0.880026,47.060893],[-0.880301,47.060703],[-0.880125,47.060443],[-0.880334,47.060372],[-0.879955,47.060138],[-0.880193,47.059891],[-0.87999,47.059768],[-0.880156,47.059103],[-0.882376,47.058982],[-0.883288,47.058708],[-0.882656,47.05818],[-0.882895,47.057776],[-0.883508,47.057185],[-0.883815,47.057152],[-0.883835,47.056883],[-0.884471,47.056866],[-0.884784,47.056701],[-0.884521,47.056245],[-0.88472,47.055949],[-0.886435,47.054514],[-0.886917,47.053965],[-0.886885,47.053739],[-0.887231,47.053698],[-0.887868,47.053065],[-0.888024,47.052898],[-0.887844,47.052689],[-0.888502,47.052712],[-0.888454,47.052481],[-0.888836,47.052184],[-0.889733,47.052288],[-0.889962,47.051872],[-0.88968,47.051299],[-0.890207,47.050797],[-0.890549,47.050762],[-0.890679,47.050378],[-0.89098,47.050605],[-0.890713,47.050942],[-0.890943,47.051137],[-0.890753,47.051733],[-0.89083,47.0525],[-0.890093,47.053547],[-0.890153,47.053793],[-0.88834,47.056905],[-0.888455,47.057516],[-0.888944,47.057538],[-0.889503,47.057776],[-0.889102,47.058556],[-0.889253,47.059131],[-0.889842,47.059128],[-0.890328,47.059369],[-0.890275,47.060047],[-0.891097,47.060557],[-0.890797,47.060873],[-0.891018,47.061157],[-0.891652,47.06126],[-0.892345,47.060904],[-0.892821,47.060989],[-0.892965,47.060828],[-0.894222,47.060841],[-0.894883,47.060578],[-0.895125,47.06071],[-0.895276,47.06059],[-0.895663,47.060638],[-0.896091,47.060884],[-0.896344,47.060463],[-0.896843,47.06013],[-0.897934,47.060205],[-0.898415,47.059901],[-0.899312,47.059787],[-0.899659,47.059767],[-0.900408,47.06017],[-0.900701,47.0597],[-0.901181,47.059591],[-0.901501,47.059178],[-0.90206,47.058853],[-0.903788,47.059232],[-0.903946,47.059061],[-0.905459,47.059043],[-0.90618,47.05878],[-0.907915,47.061165],[-0.909439,47.055068],[-0.910062,47.054818],[-0.913207,47.054298],[-0.918575,47.054469],[-0.924,47.052492],[-0.924948,47.052331],[-0.925114,47.060115],[-0.924948,47.060065],[-0.924284,47.061092],[-0.925108,47.06249],[-0.925065,47.064673],[-0.925516,47.064277],[-0.925345,47.065126],[-0.924326,47.065049],[-0.924392,47.066253],[-0.924934,47.067188],[-0.929593,47.067651],[-0.929024,47.068098],[-0.92846,47.071629],[-0.926371,47.073713],[-0.925085,47.074439],[-0.924771,47.075056],[-0.924401,47.075215],[-0.924045,47.075677],[-0.923716,47.076361],[-0.923751,47.077386],[-0.923401,47.078605],[-0.922053,47.078056],[-0.919793,47.077766],[-0.91843,47.077165],[-0.918442,47.07703],[-0.914078,47.075927],[-0.911923,47.075789],[-0.911831,47.076009],[-0.910918,47.076034],[-0.910904,47.076199],[-0.911081,47.076169],[-0.910059,47.078695],[-0.91023,47.079409],[-0.908986,47.08198],[-0.908213,47.082935],[-0.910913,47.085591],[-0.911322,47.08651],[-0.911227,47.088289],[-0.914537,47.090553],[-0.916397,47.092629],[-0.916877,47.092601],[-0.918628,47.09307],[-0.926592,47.09432],[-0.926726,47.09527],[-0.928606,47.095943],[-0.929697,47.096145],[-0.92932,47.0963],[-0.929306,47.096557],[-0.929895,47.09817],[-0.932161,47.098912],[-0.933259,47.097195],[-0.934882,47.098081],[-0.935811,47.099544],[-0.935369,47.099711],[-0.933156,47.102084],[-0.934619,47.102811],[-0.934469,47.104446],[-0.935923,47.104821],[-0.939734,47.106565],[-0.93866,47.108176],[-0.947908,47.108652],[-0.947625,47.109554],[-0.946963,47.110374],[-0.947484,47.110818],[-0.946989,47.111179],[-0.948584,47.111838],[-0.948722,47.112031],[-0.949427,47.110803],[-0.950167,47.11035],[-0.950438,47.10879],[-0.951729,47.108922],[-0.952139,47.109909],[-0.950803,47.110184],[-0.9513,47.111145],[-0.951398,47.111856],[-0.946557,47.114183],[-0.943379,47.116498],[-0.9436,47.116641],[-0.944439,47.116583],[-0.945889,47.116767],[-0.944098,47.118161],[-0.942943,47.118678],[-0.943397,47.11911],[-0.943613,47.11899],[-0.943941,47.119087],[-0.943696,47.119453],[-0.945364,47.119435],[-0.945987,47.119867]],[[-0.881946,47.059837],[-0.881662,47.059734],[-0.881823,47.06],[-0.881946,47.059837]],[[-0.881186,47.061993],[-0.881491,47.06197],[-0.881186,47.061993]],[[-0.888802,47.070846],[-0.888865,47.070666],[-0.888374,47.070328],[-0.887731,47.070402],[-0.887748,47.070836],[-0.888074,47.071372],[-0.88884,47.071467],[-0.88897,47.07135],[-0.888802,47.070846]],[[-0.989858,47.099473],[-0.990025,47.099602],[-0.989419,47.100203],[-0.990322,47.100105],[-0.990433,47.099658],[-0.99119,47.099834],[-0.992008,47.098914],[-0.991675,47.098623],[-0.991256,47.098563],[-0.990883,47.099128],[-0.990563,47.098953],[-0.989999,47.099152],[-0.989539,47.099061],[-0.989372,47.099245],[-0.989858,47.099473]],[[-0.993671,47.101913],[-0.993314,47.101487],[-0.99288,47.101349],[-0.992692,47.101546],[-0.992273,47.101473],[-0.991552,47.10176],[-0.991273,47.102232],[-0.99058,47.102728],[-0.990486,47.103038],[-0.989623,47.103304],[-0.99044,47.10418],[-0.990642,47.104694],[-0.991177,47.105087],[-0.992376,47.10446],[-0.993191,47.104398],[-0.993878,47.10395],[-0.993694,47.103265],[-0.99328,47.102762],[-0.993391,47.102111],[-0.993671,47.101913]],[[-0.991169,47.105734],[-0.99112,47.10564],[-0.99037,47.10572],[-0.990515,47.106052],[-0.991165,47.105927],[-0.991169,47.105734]],[[-0.995119,47.118403],[-0.99404,47.118771],[-0.993933,47.119103],[-0.994389,47.119296],[-0.995118,47.11916],[-0.995341,47.119021],[-0.995119,47.118403]],[[-0.993781,47.119958],[-0.993974,47.120355],[-0.994339,47.120379],[-0.994417,47.119902],[-0.993781,47.119958]],[[-1.002296,47.122996],[-1.003309,47.122304],[-1.006174,47.122332],[-1.006896,47.122045],[-1.00748,47.122034],[-1.00881,47.122885],[-1.010365,47.122961],[-1.00929,47.121703],[-1.008412,47.121215],[-1.008054,47.12116],[-1.00785,47.121329],[-1.007464,47.121338],[-1.00538,47.121045],[-1.005027,47.121326],[-1.004982,47.121662],[-1.004667,47.121778],[-1.004443,47.121711],[-1.004343,47.121435],[-1.002447,47.121541],[-1.002207,47.121714],[-1.001392,47.121611],[-1.000518,47.122125],[-1.000003,47.122174],[-0.999519,47.122646],[-0.998343,47.12235],[-0.997621,47.122989],[-0.996383,47.123074],[-0.996063,47.123545],[-0.996373,47.124063],[-0.996814,47.124263],[-0.996912,47.12375],[-0.999751,47.123434],[-1.000954,47.123793],[-1.002296,47.122996]],[[-0.990727,47.124029],[-0.991015,47.123671],[-0.991545,47.123645],[-0.991545,47.123504],[-0.990837,47.123494],[-0.990586,47.123336],[-0.990235,47.123671],[-0.989573,47.123719],[-0.989237,47.12335],[-0.988901,47.123257],[-0.988198,47.123609],[-0.988321,47.123816],[-0.98789,47.124286],[-0.987191,47.124601],[-0.987101,47.125113],[-0.987674,47.124998],[-0.988587,47.125557],[-0.989091,47.125663],[-0.989537,47.125152],[-0.989387,47.124811],[-0.990395,47.124524],[-0.990727,47.124029]]]}},{"type":"Feature","properties":{"uai_primary":"0491026Z","uai_all":"0491026Z","is_merged":false},"geometry":{"type":"Polygon","coordinates":[[[-0.755632,47.126252],[-0.754714,47.126406],[-0.753305,47.128401],[-0.751227,47.128119],[-0.750462,47.127768],[-0.748193,47.127567],[-0.747417,47.127342],[-0.747465,47.126936],[-0.747113,47.127309],[-0.744376,47.127631],[-0.743658,47.127853],[-0.742786,47.128343],[-0.741411,47.129576],[-0.740311,47.130005],[-0.729275,47.128534],[-0.728708,47.128662],[-0.727239,47.1286],[-0.726214,47.127882],[-0.723621,47.128301],[-0.722145,47.128122],[-0.720905,47.128368],[-0.719932,47.128783],[-0.720287,47.129475],[-0.719668,47.130166],[-0.719769,47.130794],[-0.715656,47.132769],[-0.714892,47.132366],[-0.712764,47.13287],[-0.710599,47.13282],[-0.709731,47.132601],[-0.70739,47.131167],[-0.706937,47.130723],[-0.705908,47.131881],[-0.703497,47.131179],[-0.701852,47.130356],[-0.702075,47.129332],[-0.70149,47.127601],[-0.700398,47.128583],[-0.699315,47.1292],[-0.697924,47.129176],[-0.697168,47.129453],[-0.696088,47.129613],[-0.695239,47.12993],[-0.694172,47.130908],[-0.693114,47.13043],[-0.692463,47.129899],[-0.689827,47.129918],[-0.687468,47.129417],[-0.686717,47.129421],[-0.682835,47.128482],[-0.681767,47.128092],[-0.68292,47.126585],[-0.684621,47.126493],[-0.684799,47.126016],[-0.684755,47.125494],[-0.683452,47.12426],[-0.682613,47.123098],[-0.677814,47.123619],[-0.678159,47.121801],[-0.677476,47.121176],[-0.675607,47.120755],[-0.675121,47.120315],[-0.67459,47.120744],[-0.674617,47.120113],[-0.6743,47.119667],[-0.674682,47.119355],[-0.67465,47.118855],[-0.673582,47.118446],[-0.673224,47.118656],[-0.672833,47.118594],[-0.672872,47.118178],[-0.672623,47.117902],[-0.673997,47.116833],[-0.67585,47.115941],[-0.679752,47.115148],[-0.681569,47.114958],[-0.681473,47.11469],[-0.680938,47.114711],[-0.680471,47.113357],[-0.680484,47.113105],[-0.681568,47.112307],[-0.680831,47.111655],[-0.680532,47.110944],[-0.679597,47.110353],[-0.678223,47.111003],[-0.677923,47.110927],[-0.678006,47.110185],[-0.679067,47.108147],[-0.678815,47.107512],[-0.678199,47.107043],[-0.677665,47.106921],[-0.677075,47.106982],[-0.676303,47.107318],[-0.67621,47.107911],[-0.675816,47.10794],[-0.675262,47.106471],[-0.678604,47.106087],[-0.679145,47.1057],[-0.679091,47.104686],[-0.679353,47.103819],[-0.678184,47.103511],[-0.67499,47.103154],[-0.672693,47.1022],[-0.671231,47.10215],[-0.669883,47.102271],[-0.668634,47.103776],[-0.667921,47.103545],[-0.667538,47.103896],[-0.665621,47.103771],[-0.665897,47.10273],[-0.665353,47.102744],[-0.665714,47.102213],[-0.662362,47.101923],[-0.660002,47.101126],[-0.658501,47.101356],[-0.657893,47.102373],[-0.656618,47.101965],[-0.656914,47.101223],[-0.655392,47.100941],[-0.654642,47.101057],[-0.653088,47.101799],[-0.651224,47.101455],[-0.651948,47.1],[-0.649229,47.099467],[-0.650125,47.09746],[-0.648378,47.09747],[-0.647565,47.095619],[-0.647649,47.095064],[-0.646957,47.095022],[-0.646575,47.094072],[-0.645789,47.09348],[-0.645273,47.093109],[-0.643684,47.092749],[-0.641813,47.092053],[-0.639453,47.091705],[-0.63786,47.091703],[-0.637622,47.090612],[-0.638183,47.089633],[-0.639744,47.090009],[-0.641338,47.090051],[-0.642257,47.089648],[-0.64237,47.089073],[-0.643172,47.089066],[-0.646129,47.084418],[-0.645315,47.083857],[-0.643347,47.082918],[-0.644356,47.082028],[-0.646309,47.080821],[-0.647562,47.079778],[-0.648445,47.078789],[-0.648505,47.077946],[-0.648951,47.076997],[-0.651561,47.07595],[-0.651984,47.075221],[-0.652529,47.075495],[-0.65292,47.075464],[-0.653697,47.074861],[-0.654833,47.074486],[-0.655541,47.073113],[-0.654881,47.072789],[-0.655418,47.072469],[-0.655853,47.071904],[-0.65709,47.071364],[-0.657393,47.071683],[-0.661263,47.071337],[-0.666043,47.067511],[-0.665827,47.06712],[-0.667864,47.065282],[-0.669723,47.064115],[-0.670996,47.063049],[-0.670983,47.062311],[-0.670572,47.06151],[-0.670305,47.061341],[-0.670274,47.059783],[-0.670962,47.059794],[-0.671108,47.059286],[-0.671015,47.058753],[-0.670029,47.058537],[-0.669492,47.058145],[-0.668782,47.056522],[-0.668285,47.056196],[-0.66748,47.056247],[-0.66797,47.055774],[-0.668832,47.055342],[-0.667712,47.0547],[-0.66751,47.05413],[-0.666185,47.053418],[-0.664887,47.053037],[-0.662122,47.053073],[-0.660633,47.052636],[-0.660059,47.052733],[-0.658428,47.051603],[-0.658369,47.051143],[-0.657715,47.050677],[-0.656396,47.050438],[-0.656337,47.050183],[-0.655708,47.049999],[-0.65559,47.049466],[-0.654871,47.049069],[-0.654002,47.048902],[-0.653908,47.048302],[-0.653191,47.048001],[-0.65296,47.047738],[-0.653095,47.047649],[-0.652779,47.047401],[-0.652794,47.047217],[-0.653123,47.047152],[-0.653047,47.046559],[-0.653252,47.046209],[-0.652543,47.046225],[-0.652181,47.045902],[-0.651175,47.045573],[-0.650783,47.044936],[-0.650874,47.044608],[-0.649961,47.04441],[-0.649538,47.043848],[-0.649348,47.043744],[-0.648623,47.043838],[-0.64775,47.044294],[-0.646934,47.044294],[-0.644737,47.043298],[-0.643757,47.042563],[-0.642548,47.042811],[-0.641807,47.043271],[-0.640765,47.043157],[-0.640271,47.042818],[-0.640288,47.042388],[-0.640097,47.042217],[-0.638877,47.042121],[-0.638661,47.041777],[-0.638274,47.041578],[-0.638297,47.041047],[-0.637768,47.040694],[-0.635919,47.038404],[-0.63563,47.038321],[-0.635303,47.038569],[-0.634808,47.038481],[-0.634383,47.037986],[-0.632905,47.037817],[-0.631879,47.037507],[-0.632048,47.037258],[-0.631842,47.037097],[-0.632964,47.036906],[-0.633275,47.037133],[-0.633841,47.037023],[-0.634357,47.036611],[-0.634587,47.036835],[-0.635154,47.036911],[-0.635709,47.037268],[-0.636365,47.037304],[-0.636607,47.037514],[-0.637051,47.037437],[-0.637275,47.037655],[-0.637586,47.037467],[-0.63836,47.037429],[-0.639045,47.037531],[-0.639746,47.037991],[-0.642328,47.037836],[-0.64309,47.037288],[-0.643944,47.037347],[-0.644358,47.037189],[-0.645991,47.036289],[-0.646253,47.035991],[-0.647512,47.035451],[-0.647906,47.035588],[-0.648388,47.035439],[-0.648496,47.035208],[-0.649014,47.035046],[-0.649336,47.032886],[-0.648947,47.032782],[-0.648715,47.032067],[-0.647936,47.031211],[-0.647962,47.029365],[-0.648248,47.02885],[-0.6483,47.027998],[-0.648517,47.027494],[-0.648965,47.027095],[-0.649157,47.026366],[-0.651846,47.024207],[-0.654416,47.021729],[-0.655619,47.021235],[-0.656792,47.01994],[-0.657295,47.018798],[-0.659269,47.016891],[-0.660102,47.016328],[-0.662788,47.015767],[-0.665145,47.014999],[-0.667132,47.013971],[-0.668305,47.01314],[-0.669766,47.011723],[-0.670993,47.011897],[-0.672299,47.012437],[-0.673421,47.012649],[-0.675227,47.012603],[-0.678099,47.011712],[-0.681783,47.007021],[-0.68208,47.006439],[-0.681785,47.005602],[-0.682687,47.004396],[-0.683368,47.005002],[-0.684745,47.005416],[-0.685653,47.005919],[-0.686657,47.006224],[-0.687321,47.006211],[-0.687363,47.005295],[-0.687718,47.00486],[-0.690897,47.002448],[-0.688987,47.000622],[-0.689748,47.000308],[-0.690321,47.000263],[-0.690813,46.999525],[-0.689892,46.999579],[-0.687756,46.998575],[-0.686522,46.996759],[-0.686416,46.996315],[-0.684621,46.995922],[-0.683827,46.996251],[-0.683676,46.995894],[-0.684373,46.995426],[-0.684201,46.99471],[-0.683587,46.994322],[-0.68038,46.993238],[-0.679356,46.992767],[-0.678529,46.992114],[-0.677686,46.989976],[-0.677876,46.98945],[-0.680188,46.987659],[-0.680647,46.987647],[-0.682372,46.988344],[-0.682981,46.98842],[-0.684254,46.988056],[-0.684673,46.988261],[-0.685272,46.98787],[-0.68568,46.988021],[-0.686887,46.988065],[-0.687487,46.988614],[-0.688439,46.989098],[-0.689599,46.990414],[-0.689713,46.990808],[-0.689371,46.991165],[-0.689408,46.991804],[-0.689141,46.992204],[-0.689629,46.993058],[-0.690169,46.993052],[-0.690601,46.992844],[-0.690789,46.993071],[-0.691223,46.993131],[-0.69148,46.992906],[-0.692706,46.992626],[-0.693053,46.992389],[-0.693412,46.992411],[-0.694464,46.993251],[-0.694304,46.993567],[-0.695291,46.994058],[-0.696033,46.994745],[-0.696663,46.994873],[-0.696956,46.994711],[-0.698582,46.994648],[-0.702543,46.997521],[-0.705287,46.998356],[-0.705436,46.999114],[-0.704953,46.999811],[-0.703471,47.000319],[-0.702612,47.000198],[-0.701219,47.00078],[-0.702626,47.001056],[-0.702004,47.002533],[-0.702724,47.002903],[-0.704259,47.003061],[-0.705387,47.002949],[-0.706111,47.001838],[-0.708904,47.004196],[-0.710746,47.005118],[-0.712468,47.005653],[-0.71437,47.005959],[-0.717994,47.005953],[-0.721817,47.006423],[-0.725622,47.006702],[-0.725535,47.006803],[-0.727322,47.006977],[-0.727825,47.007169],[-0.726156,47.008927],[-0.725022,47.009233],[-0.724083,47.00996],[-0.723989,47.010272],[-0.725329,47.010302],[-0.728237,47.010765],[-0.729057,47.011545],[-0.730023,47.012063],[-0.730979,47.013538],[-0.732931,47.013752],[-0.732747,47.014013],[-0.733104,47.014164],[-0.733588,47.014819],[-0.735583,47.016012],[-0.735941,47.016615],[-0.736467,47.016724],[-0.733355,47.019407],[-0.732227,47.019411],[-0.73104,47.020067],[-0.731123,47.020872],[-0.731658,47.02111],[-0.73168,47.022149],[-0.730848,47.022364],[-0.72872,47.02369],[-0.729204,47.024198],[-0.731154,47.023819],[-0.732346,47.024241],[-0.731715,47.024523],[-0.731278,47.024507],[-0.731092,47.024962],[-0.731401,47.025179],[-0.730729,47.025957],[-0.730801,47.026126],[-0.732974,47.026551],[-0.733405,47.026518],[-0.734619,47.027127],[-0.735556,47.028931],[-0.735083,47.029439],[-0.736423,47.029784],[-0.737378,47.029821],[-0.73518,47.03414],[-0.738173,47.034377],[-0.737912,47.035686],[-0.740705,47.037371],[-0.741724,47.038763],[-0.743059,47.039985],[-0.743888,47.041207],[-0.744501,47.041538],[-0.744493,47.042218],[-0.744698,47.042353],[-0.746778,47.042768],[-0.747115,47.042593],[-0.747394,47.042092],[-0.749876,47.041471],[-0.749756,47.044452],[-0.74785,47.047676],[-0.747734,47.048312],[-0.747119,47.048506],[-0.742213,47.051709],[-0.740936,47.051897],[-0.738161,47.051166],[-0.736105,47.051224],[-0.734449,47.051461],[-0.734874,47.054659],[-0.735288,47.055423],[-0.736552,47.056362],[-0.737187,47.057178],[-0.737487,47.057873],[-0.737533,47.059223],[-0.735937,47.059904],[-0.7356,47.060602],[-0.733823,47.062094],[-0.73364,47.063085],[-0.732561,47.06379],[-0.732321,47.064673],[-0.731935,47.065178],[-0.729198,47.065945],[-0.727209,47.065567],[-0.726091,47.065767],[-0.725225,47.065706],[-0.724893,47.066144],[-0.725139,47.068152],[-0.725699,47.068674],[-0.729448,47.070619],[-0.731332,47.071119],[-0.731302,47.072026],[-0.731773,47.073533],[-0.733558,47.074086],[-0.736457,47.073565],[-0.737618,47.073777],[-0.739446,47.074816],[-0.740139,47.074918],[-0.740081,47.075077],[-0.741323,47.075916],[-0.74353,47.077087],[-0.743741,47.077295],[-0.742656,47.080631],[-0.742817,47.081581],[-0.743538,47.081986],[-0.744618,47.082341],[-0.748348,47.082623],[-0.749095,47.081348],[-0.748235,47.081343],[-0.748008,47.081108],[-0.746975,47.080868],[-0.746348,47.080955],[-0.750329,47.078215],[-0.750531,47.077719],[-0.750461,47.075259],[-0.750837,47.073948],[-0.749501,47.072032],[-0.750489,47.071353],[-0.753449,47.071141],[-0.758765,47.071281],[-0.758238,47.07203],[-0.758069,47.072802],[-0.75853,47.072948],[-0.759072,47.074136],[-0.760394,47.075952],[-0.761075,47.077258],[-0.762918,47.076899],[-0.766941,47.076819],[-0.767951,47.076397],[-0.769463,47.076305],[-0.769883,47.075936],[-0.769972,47.076184],[-0.771412,47.077392],[-0.771893,47.078181],[-0.7719,47.078381],[-0.771491,47.078639],[-0.7729,47.080313],[-0.774284,47.082385],[-0.77631,47.081345],[-0.77771,47.080867],[-0.779917,47.080649],[-0.780853,47.080366],[-0.782266,47.080408],[-0.78316,47.079668],[-0.784377,47.0793],[-0.78607,47.078351],[-0.78805,47.077695],[-0.789019,47.076474],[-0.789285,47.075766],[-0.791094,47.074607],[-0.794301,47.074414],[-0.795427,47.073656],[-0.79631,47.072623],[-0.796839,47.072343],[-0.794926,47.0685],[-0.794715,47.06738],[-0.796488,47.06716],[-0.798264,47.067235],[-0.799616,47.066574],[-0.80059,47.065217],[-0.801458,47.064602],[-0.803335,47.063776],[-0.806018,47.063306],[-0.808857,47.063049],[-0.811349,47.063444],[-0.811637,47.063847],[-0.81192,47.067737],[-0.810554,47.068099],[-0.80826,47.069313],[-0.808567,47.069611],[-0.807205,47.070665],[-0.807696,47.07093],[-0.808248,47.070529],[-0.808704,47.071181],[-0.808912,47.071953],[-0.806882,47.072086],[-0.806692,47.072931],[-0.807237,47.07379],[-0.806647,47.074354],[-0.807071,47.074788],[-0.808561,47.075627],[-0.808406,47.077156],[-0.809489,47.078711],[-0.808966,47.079285],[-0.81658,47.081016],[-0.821746,47.084687],[-0.826965,47.085274],[-0.829185,47.084963],[-0.833,47.083501],[-0.834327,47.082657],[-0.833427,47.079511],[-0.834206,47.078109],[-0.835139,47.077731],[-0.835559,47.076848],[-0.83528,47.074228],[-0.837341,47.074336],[-0.838341,47.074657],[-0.840855,47.074766],[-0.841954,47.074709],[-0.842436,47.073462],[-0.844506,47.073841],[-0.844756,47.073272],[-0.845178,47.072944],[-0.845799,47.072843],[-0.845961,47.07259],[-0.846507,47.072583],[-0.846435,47.072349],[-0.847521,47.072151],[-0.84774,47.071608],[-0.847179,47.070699],[-0.847489,47.069689],[-0.849077,47.069666],[-0.850902,47.070414],[-0.851514,47.07001],[-0.851997,47.07019],[-0.852256,47.069518],[-0.853193,47.069879],[-0.853436,47.068978],[-0.854024,47.068946],[-0.855137,47.068558],[-0.855353,47.068101],[-0.855795,47.067978],[-0.85583,47.067696],[-0.857584,47.067298],[-0.857854,47.066835],[-0.858753,47.066817],[-0.859612,47.066101],[-0.859896,47.066161],[-0.860532,47.065981],[-0.861098,47.066107],[-0.861577,47.065489],[-0.861594,47.065154],[-0.86208,47.064987],[-0.862725,47.065119],[-0.863168,47.065027],[-0.863453,47.064854],[-0.863523,47.064218],[-0.864269,47.064351],[-0.864307,47.063911],[-0.86473,47.063705],[-0.865361,47.063794],[-0.865765,47.063498],[-0.866284,47.063654],[-0.868021,47.064779],[-0.86842,47.06464],[-0.869221,47.064875],[-0.869394,47.065602],[-0.869818,47.065767],[-0.870131,47.065486],[-0.870108,47.064978],[-0.870945,47.064405],[-0.871556,47.064688],[-0.871372,47.06486],[-0.87208,47.064833],[-0.873722,47.06534],[-0.873707,47.065549],[-0.873925,47.065458],[-0.875722,47.065957],[-0.876017,47.065871],[-0.876341,47.066125],[-0.878855,47.066823],[-0.879475,47.066541],[-0.879541,47.067348],[-0.880446,47.067388],[-0.880788,47.067586],[-0.880389,47.067881],[-0.880514,47.068103],[-0.880125,47.068356],[-0.880097,47.068599],[-0.879818,47.068685],[-0.879671,47.069304],[-0.879073,47.069962],[-0.87847,47.071167],[-0.877544,47.071035],[-0.877452,47.072555],[-0.877876,47.07355],[-0.878464,47.074281],[-0.878528,47.074697],[-0.877792,47.07628],[-0.87771,47.077041],[-0.880389,47.077853],[-0.881593,47.079243],[-0.881932,47.079778],[-0.882473,47.08173],[-0.883601,47.084105],[-0.884893,47.085369],[-0.885437,47.093145],[-0.884358,47.093313],[-0.883505,47.094564],[-0.881675,47.09533],[-0.879528,47.095096],[-0.877188,47.094224],[-0.874599,47.093915],[-0.873996,47.093379],[-0.873271,47.093115],[-0.873165,47.092699],[-0.871515,47.092949],[-0.870733,47.092708],[-0.87007,47.092831],[-0.868115,47.092123],[-0.865677,47.09234],[-0.865685,47.09248],[-0.868018,47.092196],[-0.869325,47.092631],[-0.869235,47.092926],[-0.869696,47.093646],[-0.869033,47.094052],[-0.867946,47.094345],[-0.867579,47.095287],[-0.867328,47.095468],[-0.867749,47.095905],[-0.867526,47.097089],[-0.868341,47.09802],[-0.868134,47.098941],[-0.867015,47.100395],[-0.866203,47.101025],[-0.86542,47.101271],[-0.86433,47.101883],[-0.863651,47.1028],[-0.862616,47.102492],[-0.86185,47.101998],[-0.861565,47.101678],[-0.861859,47.101374],[-0.8613,47.101218],[-0.861166,47.100948],[-0.86017,47.100208],[-0.859145,47.099709],[-0.857499,47.099831],[-0.856809,47.100723],[-0.856784,47.101058],[-0.856117,47.101412],[-0.855702,47.10145],[-0.854649,47.102187],[-0.853881,47.102214],[-0.853742,47.102431],[-0.852214,47.102327],[-0.850994,47.102032],[-0.850293,47.101615],[-0.847956,47.100853],[-0.847656,47.100377],[-0.84757,47.099394],[-0.846647,47.097502],[-0.844926,47.097131],[-0.842728,47.09752],[-0.841419,47.09813],[-0.840775,47.098787],[-0.840387,47.099906],[-0.839409,47.100209],[-0.838872,47.100773],[-0.835022,47.101127],[-0.835182,47.10139],[-0.835515,47.101402],[-0.835439,47.101851],[-0.835893,47.101895],[-0.835517,47.102156],[-0.835627,47.102399],[-0.836249,47.102413],[-0.836003,47.102872],[-0.836321,47.10301],[-0.836142,47.103248],[-0.836575,47.103439],[-0.836316,47.103785],[-0.836664,47.104038],[-0.837155,47.103895],[-0.837593,47.104183],[-0.83815,47.104195],[-0.838327,47.104494],[-0.838122,47.104561],[-0.838208,47.104693],[-0.839189,47.104925],[-0.839419,47.105201],[-0.839604,47.105192],[-0.839702,47.105637],[-0.840276,47.106036],[-0.840882,47.106025],[-0.841152,47.10633],[-0.841693,47.106191],[-0.841613,47.106442],[-0.841872,47.106701],[-0.842175,47.106638],[-0.842376,47.106817],[-0.842748,47.106851],[-0.843616,47.106522],[-0.843746,47.106144],[-0.844314,47.10593],[-0.844967,47.106087],[-0.845222,47.106508],[-0.844668,47.106951],[-0.844904,47.107177],[-0.844565,47.107736],[-0.844776,47.107958],[-0.844977,47.108007],[-0.845152,47.107867],[-0.845325,47.108036],[-0.845082,47.108476],[-0.845193,47.108791],[-0.845839,47.108642],[-0.845872,47.108845],[-0.846339,47.108919],[-0.847765,47.109969],[-0.848033,47.110496],[-0.847819,47.111074],[-0.848342,47.111529],[-0.847933,47.111719],[-0.848237,47.112091],[-0.848841,47.112177],[-0.848695,47.112491],[-0.848359,47.112579],[-0.848428,47.113508],[-0.848933,47.113474],[-0.84916,47.113668],[-0.849154,47.114043],[-0.848883,47.114036],[-0.848813,47.114226],[-0.849317,47.114578],[-0.848973,47.114573],[-0.848837,47.114793],[-0.849323,47.115017],[-0.849263,47.115404],[-0.849568,47.115736],[-0.850032,47.115776],[-0.850017,47.116374],[-0.850752,47.116514],[-0.850977,47.116302],[-0.851364,47.116366],[-0.851558,47.116225],[-0.852253,47.116181],[-0.852694,47.116472],[-0.853456,47.116113],[-0.853539,47.11591],[-0.853796,47.115896],[-0.854824,47.116299],[-0.855006,47.116898],[-0.854705,47.117253],[-0.853631,47.117635],[-0.854365,47.118552],[-0.85293,47.119316],[-0.852247,47.119444],[-0.852032,47.119317],[-0.85178,47.119504],[-0.852203,47.120761],[-0.852116,47.120907],[-0.851693,47.120961],[-0.852057,47.121743],[-0.851476,47.122087],[-0.850933,47.122204],[-0.849498,47.122107],[-0.848797,47.122269],[-0.847602,47.122737],[-0.847141,47.123111],[-0.8465,47.12324],[-0.844662,47.12408],[-0.843678,47.12413],[-0.842439,47.123651],[-0.841828,47.123618],[-0.840796,47.127282],[-0.840025,47.128453],[-0.839391,47.128825],[-0.837557,47.130676],[-0.836173,47.131494],[-0.836424,47.131781],[-0.835234,47.132721],[-0.833897,47.132943],[-0.833271,47.133216],[-0.832784,47.13437],[-0.828905,47.138352],[-0.828928,47.140316],[-0.828458,47.141652],[-0.828883,47.141966],[-0.828871,47.142276],[-0.828278,47.142951],[-0.826856,47.143466],[-0.826874,47.144379],[-0.828115,47.144806],[-0.828692,47.145729],[-0.828533,47.145999],[-0.831054,47.146503],[-0.831988,47.147156],[-0.832232,47.148051],[-0.832079,47.148776],[-0.832282,47.149183],[-0.831834,47.149882],[-0.830629,47.151072],[-0.830325,47.152719],[-0.830113,47.152551],[-0.829885,47.152654],[-0.827803,47.152363],[-0.827569,47.153708],[-0.826082,47.155589],[-0.825337,47.156855],[-0.824713,47.156739],[-0.824423,47.15688],[-0.824124,47.156669],[-0.823971,47.156803],[-0.823513,47.15681],[-0.822864,47.156493],[-0.821728,47.15623],[-0.821495,47.15614],[-0.821566,47.155945],[-0.821277,47.155955],[-0.820767,47.155501],[-0.819576,47.155235],[-0.819465,47.154944],[-0.819153,47.154837],[-0.818644,47.154278],[-0.818053,47.154351],[-0.818054,47.154176],[-0.817597,47.154278],[-0.816215,47.155099],[-0.815281,47.155392],[-0.813065,47.155994],[-0.809541,47.156699],[-0.808284,47.157468],[-0.806368,47.156665],[-0.80569,47.156591],[-0.80385,47.156668],[-0.802353,47.157039],[-0.801996,47.15388],[-0.8017,47.153203],[-0.7999,47.151605],[-0.798743,47.152046],[-0.79675,47.150273],[-0.796446,47.14782],[-0.79404,47.147693],[-0.792867,47.147932],[-0.792366,47.147384],[-0.790662,47.148312],[-0.789696,47.147616],[-0.78854,47.149139],[-0.788176,47.149197],[-0.786425,47.1479],[-0.786251,47.146968],[-0.785197,47.146892],[-0.784825,47.142604],[-0.784252,47.142552],[-0.780047,47.143427],[-0.779442,47.143262],[-0.779096,47.143643],[-0.776545,47.14425],[-0.775934,47.142725],[-0.77461,47.14294],[-0.772975,47.142934],[-0.771309,47.143122],[-0.766998,47.143115],[-0.76298,47.14355],[-0.764525,47.140684],[-0.765204,47.138177],[-0.764681,47.137155],[-0.765445,47.134108],[-0.765128,47.133272],[-0.765193,47.13241],[-0.764755,47.131839],[-0.764587,47.131152],[-0.764165,47.130843],[-0.761233,47.130328],[-0.759873,47.130233],[-0.758747,47.12975],[-0.757279,47.129441],[-0.756912,47.128934],[-0.756982,47.128399],[-0.756617,47.127936],[-0.756134,47.12776],[-0.755748,47.127182],[-0.755632,47.126252]]]}},{"type":"Feature","properties":{"uai_primary":"0491028B","uai_all":"0491028B","is_merged":false},"geometry":{"type":"Polygon","coordinates":[[[-0.543133,47.471721],[-0.543102,47.472016],[-0.542575,47.472079],[-0.542696,47.47181],[-0.543133,47.471721]],[[-0.541592,47.471004],[-0.541403,47.47133],[-0.541553,47.471689],[-0.542534,47.472102],[-0.542732,47.472609],[-0.542371,47.473029],[-0.542586,47.473363],[-0.542041,47.473628],[-0.54201,47.473995],[-0.541205,47.474775],[-0.542625,47.475146],[-0.543708,47.474716],[-0.544943,47.474975],[-0.545223,47.475355],[-0.544574,47.475949],[-0.544909,47.47641],[-0.544638,47.476716],[-0.544308,47.476884],[-0.543861,47.476887],[-0.544339,47.477363],[-0.543829,47.477351],[-0.543938,47.47772],[-0.54362,47.478135],[-0.543744,47.47866],[-0.543264,47.479012],[-0.542705,47.478914],[-0.542146,47.479432],[-0.541446,47.479632],[-0.541383,47.479828],[-0.541079,47.479749],[-0.54063,47.479874],[-0.540367,47.479696],[-0.53963,47.479718],[-0.539359,47.479519],[-0.538608,47.479667],[-0.538245,47.479335],[-0.537728,47.479266],[-0.537632,47.479102],[-0.536708,47.478986],[-0.536786,47.478614],[-0.536329,47.478937],[-0.53622,47.47834],[-0.535622,47.478636],[-0.533478,47.47797],[-0.532429,47.477908],[-0.532309,47.478013],[-0.532049,47.477847],[-0.531068,47.477724],[-0.530823,47.477851],[-0.530646,47.477717],[-0.529944,47.477875],[-0.52967,47.478272],[-0.528811,47.47864],[-0.528463,47.478602],[-0.527944,47.479245],[-0.527352,47.479407],[-0.526866,47.479789],[-0.526532,47.479799],[-0.526121,47.480204],[-0.52499,47.480617],[-0.524008,47.481327],[-0.523261,47.481524],[-0.522862,47.481457],[-0.522499,47.482223],[-0.522122,47.482],[-0.522226,47.481759],[-0.522007,47.481555],[-0.521414,47.481396],[-0.521935,47.480992],[-0.52174,47.480732],[-0.521882,47.480652],[-0.521666,47.480408],[-0.521774,47.480279],[-0.521094,47.48],[-0.521374,47.479342],[-0.520763,47.479241],[-0.520704,47.478838],[-0.520119,47.479131],[-0.520097,47.479003],[-0.519676,47.479021],[-0.519504,47.478836],[-0.518414,47.478656],[-0.518141,47.478872],[-0.51801,47.47873],[-0.517897,47.478827],[-0.517312,47.478732],[-0.516918,47.478005],[-0.516373,47.478561],[-0.515987,47.478406],[-0.515699,47.478495],[-0.515379,47.478196],[-0.514769,47.478287],[-0.514596,47.478151],[-0.515707,47.474655],[-0.515507,47.473152],[-0.516309,47.472669],[-0.517173,47.472994],[-0.518468,47.471919],[-0.519033,47.471168],[-0.519794,47.468997],[-0.51903,47.468384],[-0.520126,47.467545],[-0.518916,47.466866],[-0.519221,47.466327],[-0.523058,47.466846],[-0.524599,47.468458],[-0.525491,47.468764],[-0.527976,47.469192],[-0.529876,47.467616],[-0.530539,47.467365],[-0.531337,47.466608],[-0.532403,47.466338],[-0.533016,47.467035],[-0.533241,47.466105],[-0.534035,47.46703],[-0.535754,47.46765],[-0.536339,47.467471],[-0.537025,47.467883],[-0.537124,47.468374],[-0.537522,47.468515],[-0.537878,47.468303],[-0.538602,47.468496],[-0.538745,47.468394],[-0.53908,47.468713],[-0.539449,47.46874],[-0.539454,47.46894],[-0.54071,47.469279],[-0.541014,47.46955],[-0.54167,47.469443],[-0.541806,47.469622],[-0.542089,47.469639],[-0.542319,47.469842],[-0.542079,47.470038],[-0.541447,47.470164],[-0.542007,47.470602],[-0.541512,47.470695],[-0.541592,47.471004]],[[-0.539445,47.473735],[-0.539486,47.474027],[-0.539953,47.474058],[-0.539875,47.473736],[-0.539445,47.473735]]]}},{"type":"Feature","properties":{"uai_primary":"0491260D","uai_all":"0491260D","is_merged":false},"geometry":{"type":"Polygon","coordinates":[[[-0.468866,47.416717],[-0.461351,47.417485],[-0.457885,47.417105],[-0.45513,47.415941],[-0.451298,47.414665],[-0.447963,47.41474],[-0.444294,47.415162],[-0.444167,47.410375],[-0.443283,47.410129],[-0.44271,47.409737],[-0.443845,47.405471],[-0.442787,47.404931],[-0.43941,47.404676],[-0.439517,47.403464],[-0.439098,47.401857],[-0.439676,47.399856],[-0.439742,47.396886],[-0.440157,47.396919],[-0.440222,47.396337],[-0.440182,47.395716],[-0.439687,47.395614],[-0.439807,47.394883],[-0.438997,47.394843],[-0.439113,47.394147],[-0.436762,47.393854],[-0.434167,47.392894],[-0.434059,47.389729],[-0.433744,47.389739],[-0.433974,47.388892],[-0.433494,47.388757],[-0.432904,47.387031],[-0.432896,47.385382],[-0.437687,47.385612],[-0.437921,47.385238],[-0.44068,47.3853],[-0.444273,47.382659],[-0.444769,47.381822],[-0.447809,47.382271],[-0.451041,47.382443],[-0.450824,47.380865],[-0.451754,47.377508],[-0.452881,47.375793],[-0.453449,47.373597],[-0.454072,47.372732],[-0.454473,47.372588],[-0.453642,47.37074],[-0.453126,47.368935],[-0.451303,47.366455],[-0.451141,47.365374],[-0.450868,47.365085],[-0.450181,47.36289],[-0.45001,47.359796],[-0.4528,47.3587],[-0.453982,47.358839],[-0.454197,47.359622],[-0.453639,47.359989],[-0.454055,47.361053],[-0.455105,47.362322],[-0.457171,47.363082],[-0.458603,47.362889],[-0.459252,47.362307],[-0.459207,47.362041],[-0.460309,47.361892],[-0.461835,47.361072],[-0.464075,47.361256],[-0.464732,47.361774],[-0.465154,47.362522],[-0.464805,47.362869],[-0.464924,47.363701],[-0.464385,47.364672],[-0.464281,47.366019],[-0.464772,47.366747],[-0.465344,47.366953],[-0.46581,47.36694],[-0.469461,47.364769],[-0.471077,47.364636],[-0.472017,47.364114],[-0.473484,47.363949],[-0.474906,47.363308],[-0.474678,47.363081],[-0.473924,47.363535],[-0.473512,47.36351],[-0.472953,47.361446],[-0.473585,47.361866],[-0.474409,47.362108],[-0.474723,47.358558],[-0.472265,47.358419],[-0.468716,47.357407],[-0.467499,47.356919],[-0.466348,47.357622],[-0.464862,47.356916],[-0.468266,47.352595],[-0.469345,47.352386],[-0.471619,47.352584],[-0.471822,47.352722],[-0.474695,47.352727],[-0.475009,47.353018],[-0.476176,47.353377],[-0.481055,47.35406],[-0.481652,47.353948],[-0.481346,47.352592],[-0.481928,47.352249],[-0.481836,47.352024],[-0.482674,47.351528],[-0.483075,47.352637],[-0.483126,47.354023],[-0.482733,47.354886],[-0.481594,47.356392],[-0.48161,47.357687],[-0.482698,47.357496],[-0.483075,47.357862],[-0.483904,47.358048],[-0.484446,47.358787],[-0.485477,47.359439],[-0.486288,47.361765],[-0.483184,47.363137],[-0.483185,47.364015],[-0.48276,47.365287],[-0.48505,47.365253],[-0.484903,47.365939],[-0.48592,47.365994],[-0.486052,47.365803],[-0.488743,47.366633],[-0.48905,47.366242],[-0.489784,47.36688],[-0.490255,47.366571],[-0.491528,47.367585],[-0.493334,47.365927],[-0.493752,47.365736],[-0.493762,47.365883],[-0.495336,47.365926],[-0.496182,47.365266],[-0.497257,47.364796],[-0.496687,47.362665],[-0.497514,47.362147],[-0.497106,47.361662],[-0.497464,47.361554],[-0.49744,47.361213],[-0.498245,47.360547],[-0.499518,47.361171],[-0.497673,47.362077],[-0.498461,47.362363],[-0.500559,47.362572],[-0.501984,47.361444],[-0.501127,47.359142],[-0.501312,47.358954],[-0.501319,47.357438],[-0.502511,47.355871],[-0.503219,47.354104],[-0.502794,47.353078],[-0.502678,47.352053],[-0.501988,47.351371],[-0.50292,47.35116],[-0.503185,47.35092],[-0.503155,47.3501],[-0.502615,47.349556],[-0.50367,47.348743],[-0.504884,47.348123],[-0.50536,47.344846],[-0.506588,47.342246],[-0.505987,47.340784],[-0.506003,47.340366],[-0.504886,47.339621],[-0.504592,47.338783],[-0.507391,47.337703],[-0.509264,47.337169],[-0.511375,47.337405],[-0.512776,47.337401],[-0.512914,47.33692],[-0.513608,47.336884],[-0.514972,47.336066],[-0.516406,47.335851],[-0.516562,47.33535],[-0.516965,47.334946],[-0.518368,47.334345],[-0.522352,47.33496],[-0.525137,47.334476],[-0.525516,47.335668],[-0.525891,47.336211],[-0.5269,47.335969],[-0.528222,47.335955],[-0.52928,47.336377],[-0.531615,47.336282],[-0.533266,47.335872],[-0.533904,47.335497],[-0.536293,47.336565],[-0.537432,47.335827],[-0.538955,47.335543],[-0.541554,47.335606],[-0.542858,47.336119],[-0.543032,47.335916],[-0.544017,47.335524],[-0.54676,47.334866],[-0.545264,47.334166],[-0.545049,47.333849],[-0.546449,47.331502],[-0.546628,47.33057],[-0.547185,47.329989],[-0.551083,47.332251],[-0.552116,47.331591],[-0.552994,47.330644],[-0.553861,47.33017],[-0.555803,47.328365],[-0.556025,47.328037],[-0.555852,47.327352],[-0.556502,47.325896],[-0.557754,47.326386],[-0.557549,47.326794],[-0.561263,47.327036],[-0.561261,47.325776],[-0.560235,47.325172],[-0.560218,47.324857],[-0.56072,47.32435],[-0.562191,47.32431],[-0.563602,47.323994],[-0.565094,47.324407],[-0.567198,47.323813],[-0.56742,47.323163],[-0.567966,47.322906],[-0.569907,47.322709],[-0.570867,47.323614],[-0.571195,47.324245],[-0.570365,47.325944],[-0.571603,47.32625],[-0.573052,47.326867],[-0.573629,47.327778],[-0.576396,47.328203],[-0.577086,47.328809],[-0.578348,47.328285],[-0.579865,47.32811],[-0.582196,47.328436],[-0.582447,47.328494],[-0.582203,47.328922],[-0.58325,47.329118],[-0.585059,47.330063],[-0.586826,47.330529],[-0.588527,47.331268],[-0.589747,47.330487],[-0.590367,47.33055],[-0.596528,47.331864],[-0.596288,47.332329],[-0.598976,47.333123],[-0.599306,47.333445],[-0.599449,47.334083],[-0.601748,47.333755],[-0.601919,47.335696],[-0.602196,47.336439],[-0.601303,47.337914],[-0.600666,47.338412],[-0.600652,47.338754],[-0.600274,47.339067],[-0.600077,47.339555],[-0.599882,47.339579],[-0.599372,47.340441],[-0.598453,47.341317],[-0.598841,47.341586],[-0.600805,47.341884],[-0.601123,47.342516],[-0.602786,47.343503],[-0.603372,47.343531],[-0.604129,47.343897],[-0.605322,47.343897],[-0.605832,47.344716],[-0.60578,47.345315],[-0.606534,47.345678],[-0.60591,47.346655],[-0.603587,47.347593],[-0.602646,47.347721],[-0.600988,47.348934],[-0.601517,47.349021],[-0.601248,47.349417],[-0.601494,47.350366],[-0.601495,47.352039],[-0.600397,47.352256],[-0.599682,47.352041],[-0.599534,47.352595],[-0.597843,47.354098],[-0.597679,47.355167],[-0.594649,47.356564],[-0.596721,47.357162],[-0.599683,47.355268],[-0.600304,47.355284],[-0.601125,47.352695],[-0.602392,47.352761],[-0.604066,47.353311],[-0.605996,47.353649],[-0.606275,47.354677],[-0.608363,47.356665],[-0.611889,47.358574],[-0.614082,47.360055],[-0.615764,47.360333],[-0.61622,47.360565],[-0.6185,47.361963],[-0.620836,47.364242],[-0.621872,47.364483],[-0.622407,47.364787],[-0.62302,47.365417],[-0.624189,47.36758],[-0.626205,47.369113],[-0.627728,47.370689],[-0.62968,47.371498],[-0.632059,47.372037],[-0.633113,47.372142],[-0.632897,47.37127],[-0.635163,47.372317],[-0.635642,47.371603],[-0.636993,47.372703],[-0.637834,47.373804],[-0.639789,47.374714],[-0.640195,47.374773],[-0.642961,47.377079],[-0.640667,47.378066],[-0.632817,47.384638],[-0.631246,47.389614],[-0.630402,47.390998],[-0.627681,47.393817],[-0.625048,47.398106],[-0.623757,47.399464],[-0.623049,47.401468],[-0.619102,47.405487],[-0.612816,47.410692],[-0.606288,47.413755],[-0.601888,47.414542],[-0.594682,47.414904],[-0.590143,47.415461],[-0.585616,47.415582],[-0.582622,47.415385],[-0.572069,47.41332],[-0.569893,47.413065],[-0.567761,47.413124],[-0.562339,47.413881],[-0.558461,47.414697],[-0.551846,47.416844],[-0.549542,47.417396],[-0.545392,47.418122],[-0.542247,47.418949],[-0.539237,47.419224],[-0.534877,47.419258],[-0.532394,47.419493],[-0.530139,47.419919],[-0.526739,47.420907],[-0.524904,47.421118],[-0.536531,47.42505],[-0.541907,47.42476],[-0.544786,47.423946],[-0.543992,47.42696],[-0.544787,47.428328],[-0.546895,47.430586],[-0.546288,47.431029],[-0.54789,47.433087],[-0.547718,47.433278],[-0.548664,47.433904],[-0.551597,47.435035],[-0.554041,47.435282],[-0.552781,47.440109],[-0.552262,47.441232],[-0.551598,47.441077],[-0.549351,47.44104],[-0.547202,47.441395],[-0.545181,47.441443],[-0.54083,47.441224],[-0.539533,47.441473],[-0.538675,47.442266],[-0.538334,47.442363],[-0.535141,47.442738],[-0.532765,47.443275],[-0.530918,47.444064],[-0.527895,47.44603],[-0.526892,47.445641],[-0.525939,47.446555],[-0.524892,47.449099],[-0.524056,47.450287],[-0.521614,47.450644],[-0.520183,47.451267],[-0.509498,47.447583],[-0.509858,47.446313],[-0.508602,47.445792],[-0.506646,47.44529],[-0.505843,47.444813],[-0.503773,47.444463],[-0.504211,47.443203],[-0.504007,47.442605],[-0.503538,47.442109],[-0.503426,47.441573],[-0.501426,47.441455],[-0.500363,47.44112],[-0.500375,47.440862],[-0.499461,47.440573],[-0.498741,47.44074],[-0.498472,47.440668],[-0.498093,47.44086],[-0.497502,47.440106],[-0.497253,47.439223],[-0.496186,47.439375],[-0.495607,47.439101],[-0.495889,47.43864],[-0.496124,47.438693],[-0.496272,47.438234],[-0.494842,47.43835],[-0.494199,47.439029],[-0.49222,47.43868],[-0.492048,47.439062],[-0.491144,47.438869],[-0.491024,47.439074],[-0.490025,47.439138],[-0.489224,47.440523],[-0.489755,47.440742],[-0.489428,47.442187],[-0.48618,47.44216],[-0.484909,47.441789],[-0.485132,47.44173],[-0.484879,47.441227],[-0.484114,47.441425],[-0.484198,47.441542],[-0.483366,47.441371],[-0.482178,47.440807],[-0.480563,47.43974],[-0.47972,47.438579],[-0.47412,47.436748],[-0.472812,47.436487],[-0.470938,47.435624],[-0.470576,47.435077],[-0.468997,47.434064],[-0.470412,47.432868],[-0.471523,47.430338],[-0.472134,47.430025],[-0.474464,47.429446],[-0.474658,47.4292],[-0.475693,47.428759],[-0.478157,47.428061],[-0.477374,47.427374],[-0.477189,47.426766],[-0.476559,47.426307],[-0.476637,47.425078],[-0.477461,47.424028],[-0.477222,47.423242],[-0.476923,47.422961],[-0.475166,47.422821],[-0.472158,47.423478],[-0.471383,47.423514],[-0.469287,47.423421],[-0.468903,47.423009],[-0.468442,47.422838],[-0.468333,47.421835],[-0.46806,47.421573],[-0.468079,47.420956],[-0.469365,47.419045],[-0.468938,47.418561],[-0.468866,47.416717]]]}},{"type":"Feature","properties":{"uai_primary":"0491261E","uai_all":"0491261E","is_merged":false},"geometry":{"type":"Polygon","coordinates":[[[-0.395125,47.275803],[-0.395588,47.275428],[-0.394801,47.282913],[-0.393865,47.284847],[-0.393626,47.287339],[-0.389876,47.285465],[-0.387991,47.284162],[-0.386913,47.284075],[-0.392846,47.277837],[-0.395125,47.275803]],[[-0.40842,47.350715],[-0.410241,47.355048],[-0.410864,47.355584],[-0.410913,47.356196],[-0.41011,47.355916],[-0.40962,47.356027],[-0.409196,47.356546],[-0.409032,47.360798],[-0.403555,47.360387],[-0.403038,47.360187],[-0.404326,47.356022],[-0.404588,47.354255],[-0.406153,47.352535],[-0.40842,47.350715]],[[-0.374071,47.367165],[-0.380622,47.373617],[-0.378987,47.373254],[-0.373017,47.372812],[-0.373476,47.371914],[-0.371879,47.367295],[-0.371862,47.364621],[-0.371987,47.363899],[-0.374006,47.361469],[-0.373158,47.366119],[-0.374071,47.367165]],[[-0.312659,47.310058],[-0.312752,47.310062],[-0.312583,47.310064],[-0.312659,47.310058]],[[-0.179257,47.32376],[-0.176208,47.321723],[-0.169717,47.321346],[-0.167943,47.319359],[-0.165906,47.318799],[-0.162674,47.3172],[-0.160599,47.316862],[-0.158277,47.315797],[-0.15604,47.314436],[-0.154567,47.315607],[-0.153242,47.316199],[-0.151469,47.31659],[-0.154326,47.313564],[-0.148747,47.310689],[-0.146266,47.308683],[-0.143433,47.30729],[-0.141648,47.306179],[-0.141137,47.306055],[-0.140516,47.303358],[-0.139654,47.302097],[-0.138259,47.300666],[-0.137258,47.299923],[-0.135371,47.298903],[-0.12981,47.297097],[-0.127335,47.293907],[-0.131015,47.295522],[-0.135991,47.298068],[-0.138075,47.296382],[-0.139052,47.295927],[-0.143041,47.295291],[-0.144178,47.294258],[-0.144158,47.293852],[-0.145217,47.292107],[-0.146353,47.291314],[-0.147491,47.291073],[-0.147819,47.291331],[-0.148402,47.290785],[-0.149811,47.29064],[-0.149965,47.290851],[-0.151926,47.290065],[-0.151764,47.289917],[-0.154473,47.288762],[-0.157029,47.287292],[-0.158765,47.28659],[-0.158989,47.28689],[-0.161838,47.285644],[-0.163799,47.284048],[-0.164375,47.284396],[-0.164967,47.283926],[-0.16554,47.283994],[-0.166039,47.283503],[-0.167143,47.283852],[-0.168652,47.283405],[-0.169594,47.283503],[-0.169865,47.283194],[-0.174619,47.284439],[-0.177094,47.283495],[-0.180121,47.285196],[-0.181797,47.285722],[-0.182079,47.285521],[-0.18235,47.285735],[-0.182597,47.285587],[-0.183024,47.285834],[-0.185451,47.28455],[-0.186304,47.285211],[-0.188593,47.28789],[-0.1898,47.287422],[-0.190717,47.287291],[-0.191794,47.288803],[-0.191384,47.289322],[-0.191801,47.289487],[-0.19289,47.288642],[-0.194526,47.288262],[-0.194608,47.288004],[-0.195492,47.287636],[-0.196699,47.28734],[-0.201529,47.287063],[-0.20247,47.286407],[-0.203852,47.28633],[-0.205639,47.285508],[-0.209373,47.284225],[-0.210698,47.283542],[-0.21322,47.283237],[-0.213437,47.283388],[-0.214539,47.283096],[-0.218841,47.282686],[-0.219703,47.281487],[-0.220309,47.280047],[-0.224845,47.276694],[-0.226649,47.276324],[-0.228674,47.275672],[-0.230262,47.274755],[-0.231107,47.273398],[-0.232174,47.272631],[-0.232953,47.272216],[-0.235755,47.271207],[-0.238417,47.269613],[-0.239284,47.27214],[-0.239487,47.273428],[-0.24121,47.275613],[-0.242437,47.276398],[-0.24486,47.277589],[-0.246933,47.278277],[-0.248898,47.279484],[-0.251715,47.279452],[-0.255898,47.280713],[-0.256713,47.281157],[-0.257745,47.28204],[-0.258748,47.282328],[-0.258237,47.28362],[-0.259692,47.283671],[-0.261825,47.283418],[-0.263864,47.28242],[-0.267059,47.282242],[-0.267865,47.282482],[-0.269294,47.283246],[-0.268036,47.28422],[-0.282685,47.288149],[-0.281506,47.292553],[-0.277412,47.291904],[-0.27414,47.294755],[-0.273005,47.296647],[-0.27535,47.299094],[-0.27476,47.29974],[-0.2747,47.300456],[-0.273154,47.30194],[-0.2731,47.302626],[-0.271031,47.305792],[-0.27076,47.305661],[-0.270901,47.305518],[-0.269565,47.30514],[-0.269105,47.305587],[-0.268862,47.305541],[-0.2686,47.305719],[-0.268074,47.305601],[-0.268283,47.305396],[-0.268012,47.305282],[-0.266104,47.308059],[-0.265626,47.309758],[-0.263978,47.312983],[-0.265536,47.314028],[-0.268141,47.31268],[-0.271979,47.313991],[-0.272524,47.312963],[-0.27433,47.313],[-0.275582,47.310079],[-0.276315,47.30902],[-0.277946,47.308524],[-0.27921,47.308379],[-0.280533,47.308027],[-0.283585,47.306631],[-0.286995,47.304866],[-0.289181,47.30298],[-0.289126,47.304612],[-0.288368,47.305606],[-0.288962,47.305525],[-0.292129,47.307471],[-0.294596,47.308644],[-0.295419,47.309702],[-0.295428,47.310011],[-0.296365,47.309996],[-0.298814,47.309491],[-0.300522,47.309634],[-0.30197,47.309983],[-0.30382,47.30989],[-0.304877,47.310018],[-0.305895,47.309853],[-0.307782,47.309843],[-0.30924,47.310024],[-0.310985,47.30996],[-0.311045,47.310081],[-0.309089,47.310104],[-0.308247,47.314597],[-0.315043,47.322384],[-0.326527,47.321776],[-0.331827,47.32045],[-0.336614,47.316551],[-0.337433,47.315379],[-0.337805,47.313517],[-0.336731,47.311624],[-0.334205,47.310747],[-0.332234,47.309837],[-0.312783,47.310061],[-0.312825,47.309944],[-0.31643,47.309764],[-0.318709,47.309804],[-0.321568,47.309263],[-0.324454,47.308954],[-0.330722,47.307446],[-0.331789,47.30669],[-0.330791,47.305991],[-0.331968,47.304409],[-0.333891,47.304784],[-0.334436,47.302198],[-0.333854,47.302183],[-0.333954,47.300851],[-0.338535,47.299471],[-0.340791,47.299182],[-0.342136,47.29868],[-0.343296,47.297981],[-0.346325,47.299489],[-0.349129,47.300354],[-0.349961,47.300931],[-0.352343,47.297992],[-0.353591,47.298493],[-0.353706,47.298392],[-0.356379,47.2995],[-0.35694,47.298764],[-0.358143,47.298113],[-0.358912,47.297382],[-0.359394,47.297554],[-0.35927,47.296984],[-0.360039,47.297057],[-0.360222,47.296226],[-0.361084,47.296583],[-0.36141,47.296119],[-0.362215,47.296466],[-0.364005,47.294616],[-0.362182,47.293676],[-0.362403,47.2934],[-0.368295,47.294125],[-0.370753,47.294284],[-0.373147,47.294127],[-0.37384,47.294257],[-0.374408,47.295595],[-0.373056,47.295182],[-0.372672,47.295305],[-0.372515,47.29555],[-0.374046,47.299547],[-0.374541,47.299737],[-0.374715,47.302165],[-0.373222,47.302269],[-0.373816,47.304145],[-0.373979,47.306225],[-0.370168,47.306506],[-0.368983,47.306972],[-0.368337,47.307499],[-0.368735,47.307987],[-0.365706,47.310844],[-0.366154,47.311145],[-0.366696,47.311908],[-0.3647,47.312541],[-0.363258,47.313604],[-0.362955,47.313637],[-0.362886,47.314051],[-0.361187,47.315711],[-0.359911,47.316519],[-0.359927,47.317244],[-0.360125,47.317421],[-0.359957,47.31764],[-0.358343,47.318696],[-0.358731,47.318937],[-0.358495,47.319319],[-0.358643,47.320674],[-0.358096,47.321821],[-0.358276,47.322642],[-0.359795,47.323994],[-0.360853,47.324009],[-0.362744,47.325996],[-0.363263,47.325796],[-0.363578,47.326828],[-0.364132,47.327573],[-0.363758,47.329177],[-0.364201,47.32956],[-0.362424,47.33076],[-0.362312,47.332579],[-0.361466,47.334637],[-0.360138,47.336138],[-0.359826,47.337038],[-0.357922,47.337605],[-0.358015,47.338177],[-0.358725,47.338885],[-0.359183,47.339667],[-0.358686,47.339943],[-0.35781,47.339837],[-0.356338,47.339066],[-0.355869,47.338262],[-0.35606,47.337623],[-0.351258,47.337615],[-0.347909,47.338828],[-0.345054,47.339496],[-0.342757,47.339655],[-0.341416,47.340058],[-0.337272,47.340252],[-0.334197,47.340164],[-0.333831,47.340668],[-0.332761,47.341496],[-0.329565,47.341948],[-0.329449,47.342046],[-0.330731,47.34312],[-0.330916,47.345753],[-0.331422,47.347988],[-0.332239,47.348403],[-0.332496,47.350054],[-0.33226,47.35334],[-0.329492,47.358108],[-0.329307,47.358831],[-0.328379,47.35882],[-0.328498,47.359465],[-0.327733,47.361242],[-0.326988,47.361157],[-0.326278,47.363039],[-0.326027,47.363008],[-0.325354,47.363792],[-0.324659,47.363529],[-0.320489,47.363965],[-0.323211,47.367104],[-0.332923,47.360126],[-0.340404,47.356425],[-0.342849,47.355927],[-0.344185,47.354573],[-0.348195,47.351984],[-0.348986,47.351776],[-0.352301,47.351855],[-0.353341,47.351468],[-0.36021,47.354389],[-0.361488,47.357431],[-0.363481,47.358421],[-0.365788,47.357699],[-0.368666,47.359641],[-0.369804,47.363935],[-0.369919,47.365057],[-0.371062,47.368571],[-0.370833,47.369696],[-0.369929,47.371693],[-0.370094,47.373432],[-0.368454,47.376384],[-0.367919,47.378804],[-0.367447,47.379685],[-0.367016,47.380163],[-0.363152,47.381976],[-0.362037,47.383111],[-0.361274,47.385321],[-0.360126,47.38733],[-0.361188,47.38965],[-0.360387,47.391639],[-0.358998,47.39161],[-0.356392,47.391241],[-0.355288,47.394361],[-0.355445,47.397291],[-0.355014,47.397276],[-0.354939,47.39632],[-0.351896,47.396663],[-0.349575,47.396737],[-0.349158,47.396653],[-0.34917,47.395872],[-0.345544,47.395641],[-0.344931,47.397785],[-0.343404,47.398861],[-0.343093,47.399258],[-0.342478,47.401685],[-0.341077,47.403823],[-0.340332,47.40652],[-0.345927,47.406601],[-0.348627,47.407174],[-0.350432,47.4079],[-0.35187,47.40878],[-0.352394,47.409643],[-0.351931,47.412072],[-0.33956,47.410214],[-0.331845,47.408444],[-0.325202,47.407938],[-0.312481,47.406092],[-0.304747,47.40526],[-0.296684,47.401448],[-0.291875,47.40019],[-0.289158,47.402794],[-0.288793,47.402763],[-0.287327,47.404114],[-0.285613,47.40535],[-0.284405,47.405943],[-0.283745,47.405974],[-0.282752,47.406625],[-0.282308,47.406643],[-0.281604,47.407437],[-0.281778,47.408544],[-0.281056,47.409713],[-0.280705,47.411218],[-0.281298,47.411346],[-0.281932,47.411756],[-0.280464,47.412693],[-0.280661,47.413156],[-0.277688,47.41392],[-0.274477,47.414499],[-0.272924,47.415021],[-0.271341,47.415801],[-0.269152,47.417419],[-0.268718,47.418764],[-0.268722,47.419419],[-0.269257,47.420138],[-0.270665,47.420918],[-0.271422,47.421736],[-0.271839,47.423252],[-0.271509,47.424013],[-0.272811,47.424372],[-0.272455,47.42492],[-0.273873,47.425573],[-0.274533,47.426198],[-0.276159,47.426343],[-0.27555,47.427797],[-0.273336,47.430602],[-0.270184,47.432812],[-0.266084,47.436657],[-0.265374,47.437057],[-0.264675,47.438649],[-0.264138,47.439451],[-0.263442,47.439988],[-0.264029,47.440713],[-0.263156,47.441233],[-0.262364,47.440509],[-0.261418,47.438749],[-0.258619,47.437256],[-0.254199,47.437032],[-0.253363,47.436825],[-0.252519,47.435962],[-0.252394,47.435336],[-0.254116,47.432291],[-0.254971,47.429554],[-0.253789,47.428234],[-0.252153,47.426762],[-0.250246,47.425443],[-0.24845,47.423617],[-0.245598,47.422256],[-0.241953,47.420843],[-0.235808,47.42035],[-0.231476,47.419431],[-0.230039,47.418688],[-0.229148,47.417632],[-0.227506,47.416644],[-0.22512,47.415849],[-0.220595,47.415007],[-0.21869,47.413908],[-0.214896,47.410709],[-0.214222,47.4097],[-0.212953,47.408412],[-0.209679,47.406181],[-0.204774,47.401204],[-0.20406,47.400798],[-0.202637,47.400331],[-0.199292,47.399725],[-0.197282,47.398687],[-0.196222,47.397765],[-0.196572,47.396236],[-0.198362,47.391999],[-0.196563,47.388551],[-0.19653,47.387421],[-0.197963,47.385598],[-0.197862,47.383484],[-0.196336,47.380584],[-0.195526,47.37976],[-0.194287,47.378938],[-0.191772,47.377869],[-0.190086,47.376066],[-0.189452,47.373462],[-0.188427,47.370988],[-0.18826,47.368264],[-0.188846,47.365526],[-0.188279,47.364451],[-0.187506,47.363746],[-0.186338,47.363241],[-0.185971,47.362891],[-0.185672,47.362306],[-0.185318,47.359965],[-0.184919,47.359311],[-0.183923,47.358377],[-0.183398,47.358032],[-0.182575,47.357768],[-0.178644,47.357567],[-0.176901,47.357044],[-0.17549,47.356097],[-0.171745,47.354039],[-0.169251,47.353256],[-0.166311,47.350937],[-0.163684,47.349389],[-0.160197,47.348369],[-0.158928,47.346515],[-0.154772,47.345481],[-0.153935,47.344935],[-0.152699,47.343732],[-0.154862,47.341043],[-0.154955,47.340598],[-0.157587,47.339062],[-0.15761,47.338489],[-0.162197,47.335202],[-0.163345,47.332478],[-0.164348,47.331241],[-0.166354,47.329715],[-0.167916,47.329057],[-0.168246,47.32868],[-0.170996,47.327468],[-0.172013,47.326827],[-0.176601,47.322267],[-0.177837,47.323662],[-0.178934,47.325704],[-0.180204,47.326628],[-0.181775,47.327297],[-0.181336,47.326377],[-0.179257,47.32376]]]}},{"type":"Feature","properties":{"uai_primary":"0491262F","uai_all":"0491262F","is_merged":false},"geometry":{"type":"Polygon","coordinates":[[[-0.135342,47.204881],[-0.134179,47.204842],[-0.132287,47.205289],[-0.130982,47.205344],[-0.12721,47.204923],[-0.122681,47.207414],[-0.120293,47.208123],[-0.115329,47.2102],[-0.11336,47.210823],[-0.110777,47.211106],[-0.107096,47.212176],[-0.107888,47.211239],[-0.10868,47.209573],[-0.110761,47.20651],[-0.111232,47.204727],[-0.112045,47.203593],[-0.112427,47.202673],[-0.113237,47.199969],[-0.113608,47.199526],[-0.115439,47.198257],[-0.113708,47.197854],[-0.114248,47.196699],[-0.11294,47.196429],[-0.113917,47.19445],[-0.114237,47.193168],[-0.114536,47.192822],[-0.113036,47.192435],[-0.111339,47.192205],[-0.111334,47.191128],[-0.110132,47.190915],[-0.110621,47.190298],[-0.1105,47.189513],[-0.110224,47.189214],[-0.108812,47.188479],[-0.107286,47.188284],[-0.107307,47.188148],[-0.104226,47.188045],[-0.103282,47.187605],[-0.101986,47.187568],[-0.101105,47.187158],[-0.099064,47.188043],[-0.098053,47.188285],[-0.096433,47.187791],[-0.094665,47.188156],[-0.092083,47.187014],[-0.089356,47.187445],[-0.08741,47.18758],[-0.085819,47.187921],[-0.083536,47.189369],[-0.083345,47.189002],[-0.083054,47.185153],[-0.083834,47.183387],[-0.083928,47.182648],[-0.081053,47.183226],[-0.078037,47.184579],[-0.074915,47.187192],[-0.072222,47.193335],[-0.072115,47.196325],[-0.077177,47.197528],[-0.078202,47.198014],[-0.07866,47.198047],[-0.079526,47.198628],[-0.079201,47.200058],[-0.077745,47.201407],[-0.07315,47.204454],[-0.070802,47.203035],[-0.066251,47.202646],[-0.063612,47.203316],[-0.058742,47.204852],[-0.057531,47.204717],[-0.055806,47.204266],[-0.050112,47.202288],[-0.048435,47.202288],[-0.046652,47.199479],[-0.045021,47.200231],[-0.043627,47.201427],[-0.041932,47.202513],[-0.04052,47.202562],[-0.038137,47.20214],[-0.035513,47.200855],[-0.03435,47.200469],[-0.033252,47.20026],[-0.030748,47.200087],[-0.021606,47.197434],[-0.018191,47.196875],[-0.01481,47.197306],[-0.011812,47.19826],[-0.01023,47.198566],[-0.009823,47.196095],[-0.009067,47.193798],[-0.008901,47.192623],[-0.009193,47.192348],[-0.011094,47.192527],[-0.011575,47.192302],[-0.011746,47.191984],[-0.014154,47.192765],[-0.014399,47.190144],[-0.011409,47.189246],[-0.010187,47.188543],[-0.007127,47.188056],[-0.006495,47.188175],[-0.003742,47.187563],[-0.00083,47.186476],[-0.000354,47.186167],[0.006043,47.183853],[0.012045,47.181121],[0.017871,47.176521],[0.018884,47.17599],[0.01055,47.169609],[0.00839,47.169254],[0.006759,47.167528],[-0.001815,47.163756],[-0.008767,47.15937],[-0.010878,47.157697],[-0.012101,47.156448],[-0.018016,47.148801],[-0.018695,47.148308],[-0.018984,47.147462],[-0.021773,47.143591],[-0.023098,47.142316],[-0.023036,47.141788],[-0.029457,47.133728],[-0.029784,47.133518],[-0.032127,47.129444],[-0.034151,47.12755],[-0.036095,47.125176],[-0.035811,47.120395],[-0.034382,47.121134],[-0.034436,47.120531],[-0.035543,47.118646],[-0.036783,47.117702],[-0.041107,47.113655],[-0.040626,47.112797],[-0.04007,47.112765],[-0.039524,47.11183],[-0.039603,47.110924],[-0.038832,47.110758],[-0.039175,47.109672],[-0.038399,47.109462],[-0.039318,47.107996],[-0.037281,47.107696],[-0.033282,47.106783],[-0.026525,47.10609],[-0.027498,47.101158],[-0.0284,47.097835],[-0.029338,47.095549],[-0.031945,47.092023],[-0.03334,47.090844],[-0.034085,47.089893],[-0.035504,47.086741],[-0.039672,47.087014],[-0.040953,47.08771],[-0.039945,47.089703],[-0.040856,47.091549],[-0.040919,47.092665],[-0.041386,47.093875],[-0.042808,47.093786],[-0.044253,47.093272],[-0.049116,47.093903],[-0.056978,47.095221],[-0.057261,47.094536],[-0.060581,47.095403],[-0.062719,47.094738],[-0.067712,47.093561],[-0.069445,47.094152],[-0.069472,47.095346],[-0.067409,47.099607],[-0.068822,47.099345],[-0.072784,47.098992],[-0.074696,47.099229],[-0.076405,47.099224],[-0.078517,47.098995],[-0.079868,47.099179],[-0.082719,47.099194],[-0.08406,47.09984],[-0.085909,47.10101],[-0.088879,47.09873],[-0.088634,47.098658],[-0.089655,47.097422],[-0.09036,47.097828],[-0.093939,47.095547],[-0.095117,47.095181],[-0.097222,47.091662],[-0.098786,47.090285],[-0.101284,47.085782],[-0.100674,47.084766],[-0.101326,47.083738],[-0.101589,47.082873],[-0.100847,47.082552],[-0.10009,47.081978],[-0.099876,47.081523],[-0.09958,47.08051],[-0.099876,47.078185],[-0.103125,47.077365],[-0.103282,47.075837],[-0.101919,47.072353],[-0.105027,47.0713],[-0.104101,47.0686],[-0.1021,47.065172],[-0.107795,47.063382],[-0.11112,47.061722],[-0.114545,47.061256],[-0.117718,47.060285],[-0.120283,47.058639],[-0.122764,47.055889],[-0.125521,47.055947],[-0.126687,47.055556],[-0.128788,47.054424],[-0.130867,47.055172],[-0.134549,47.056064],[-0.13559,47.056128],[-0.137203,47.056703],[-0.135381,47.059046],[-0.138418,47.060585],[-0.137174,47.062665],[-0.13674,47.063996],[-0.138114,47.064382],[-0.138536,47.065743],[-0.139202,47.066575],[-0.139404,47.066266],[-0.141023,47.066835],[-0.14482,47.068582],[-0.145429,47.068028],[-0.147259,47.068315],[-0.147417,47.069991],[-0.14959,47.070326],[-0.150906,47.069884],[-0.152555,47.069643],[-0.154017,47.070367],[-0.154546,47.070991],[-0.155926,47.069481],[-0.156098,47.06944],[-0.157338,47.070237],[-0.160494,47.06791],[-0.160962,47.067824],[-0.162756,47.066343],[-0.163279,47.066316],[-0.164341,47.065493],[-0.164965,47.065661],[-0.16601,47.064699],[-0.166812,47.065154],[-0.168648,47.065788],[-0.17295,47.066831],[-0.179203,47.070157],[-0.178085,47.070859],[-0.175285,47.073331],[-0.174402,47.073803],[-0.173189,47.075175],[-0.170341,47.077373],[-0.169166,47.079019],[-0.164912,47.082746],[-0.162685,47.084227],[-0.160531,47.085106],[-0.160968,47.085632],[-0.158581,47.086561],[-0.15839,47.086406],[-0.157833,47.086637],[-0.157457,47.08632],[-0.152825,47.087932],[-0.14573,47.09164],[-0.143912,47.093871],[-0.140143,47.097817],[-0.140789,47.098971],[-0.141401,47.104127],[-0.145311,47.103423],[-0.148069,47.102297],[-0.148504,47.101821],[-0.149142,47.101647],[-0.151973,47.101021],[-0.153114,47.101079],[-0.156746,47.10163],[-0.158362,47.102338],[-0.161357,47.103311],[-0.164015,47.103781],[-0.167332,47.104008],[-0.171617,47.104945],[-0.174564,47.105914],[-0.17629,47.107022],[-0.179679,47.108125],[-0.180394,47.108254],[-0.180843,47.108122],[-0.181675,47.108153],[-0.184087,47.108391],[-0.184553,47.108549],[-0.185265,47.108408],[-0.184722,47.107217],[-0.184846,47.106547],[-0.185301,47.106406],[-0.186773,47.1065],[-0.187493,47.106068],[-0.187712,47.105705],[-0.187631,47.104961],[-0.186498,47.103284],[-0.186276,47.101922],[-0.186649,47.1014],[-0.190313,47.099475],[-0.192807,47.098596],[-0.196953,47.097538],[-0.199384,47.097372],[-0.202228,47.096026],[-0.202973,47.094875],[-0.203638,47.09424],[-0.206142,47.093167],[-0.207059,47.093726],[-0.207168,47.094957],[-0.207452,47.095249],[-0.210535,47.096704],[-0.21491,47.097444],[-0.215688,47.098639],[-0.216716,47.098666],[-0.218593,47.098367],[-0.221621,47.099738],[-0.222973,47.100018],[-0.226764,47.099666],[-0.229313,47.099792],[-0.230237,47.101208],[-0.232262,47.102103],[-0.233307,47.102819],[-0.23407,47.103604],[-0.235662,47.104204],[-0.237567,47.104673],[-0.237969,47.105172],[-0.238995,47.105044],[-0.241083,47.105563],[-0.244254,47.10573],[-0.24614,47.10543],[-0.24644,47.105166],[-0.247415,47.105076],[-0.250011,47.103737],[-0.250564,47.102502],[-0.251377,47.102711],[-0.252153,47.102359],[-0.254786,47.100888],[-0.255681,47.100002],[-0.256212,47.100085],[-0.256935,47.100503],[-0.257419,47.100541],[-0.257663,47.100175],[-0.259662,47.100153],[-0.26173,47.099161],[-0.262905,47.09901],[-0.26305,47.10158],[-0.2621,47.101503],[-0.261877,47.103049],[-0.263086,47.102992],[-0.263215,47.103505],[-0.26262,47.105698],[-0.26573,47.105492],[-0.265281,47.103452],[-0.266314,47.103413],[-0.2675,47.10368],[-0.267333,47.103495],[-0.26739,47.10181],[-0.269407,47.101117],[-0.275044,47.100437],[-0.277887,47.100704],[-0.280443,47.10012],[-0.280848,47.099902],[-0.280982,47.09955],[-0.281389,47.099541],[-0.282283,47.101329],[-0.282256,47.102336],[-0.282829,47.103491],[-0.28482,47.102409],[-0.287383,47.101596],[-0.287504,47.101693],[-0.29261,47.100696],[-0.295218,47.100025],[-0.301312,47.099119],[-0.302244,47.098432],[-0.305764,47.097225],[-0.306852,47.096023],[-0.308313,47.095514],[-0.309711,47.09371],[-0.311099,47.09288],[-0.312555,47.092257],[-0.312632,47.094987],[-0.311853,47.104175],[-0.312577,47.104158],[-0.313769,47.10474],[-0.314571,47.104721],[-0.315605,47.105394],[-0.3159,47.105763],[-0.314916,47.106305],[-0.317185,47.108012],[-0.318197,47.107497],[-0.319531,47.107937],[-0.322018,47.108344],[-0.322738,47.108762],[-0.322166,47.113341],[-0.323874,47.116436],[-0.321459,47.121283],[-0.319366,47.120468],[-0.318372,47.121193],[-0.316669,47.121768],[-0.316141,47.122482],[-0.314313,47.121609],[-0.30926,47.124088],[-0.307739,47.125018],[-0.308032,47.125491],[-0.306784,47.126065],[-0.305775,47.125392],[-0.305179,47.124736],[-0.303322,47.123733],[-0.301215,47.127391],[-0.297289,47.13137],[-0.296872,47.131886],[-0.296815,47.132402],[-0.294323,47.134772],[-0.293858,47.133801],[-0.291626,47.131286],[-0.291304,47.13047],[-0.289909,47.129252],[-0.289621,47.129326],[-0.287731,47.128112],[-0.286504,47.126786],[-0.283471,47.125123],[-0.281948,47.125596],[-0.281047,47.125721],[-0.279935,47.125731],[-0.279126,47.125566],[-0.27789,47.126295],[-0.276617,47.127648],[-0.27411,47.12831],[-0.270865,47.129693],[-0.270023,47.129656],[-0.267467,47.130172],[-0.267039,47.130011],[-0.266445,47.129315],[-0.266107,47.129235],[-0.263183,47.129979],[-0.260605,47.130371],[-0.254497,47.132351],[-0.246667,47.135331],[-0.251051,47.137574],[-0.250608,47.139229],[-0.250814,47.140238],[-0.250623,47.142456],[-0.251163,47.143008],[-0.251562,47.144177],[-0.256573,47.146249],[-0.262281,47.149017],[-0.26246,47.148861],[-0.263673,47.14968],[-0.264929,47.15003],[-0.263896,47.154194],[-0.263957,47.155844],[-0.262869,47.159844],[-0.262842,47.16049],[-0.263161,47.160912],[-0.262725,47.161876],[-0.262081,47.161138],[-0.261401,47.161546],[-0.262151,47.161779],[-0.261327,47.162143],[-0.262422,47.162373],[-0.261671,47.16382],[-0.261715,47.165653],[-0.261222,47.166388],[-0.261242,47.167444],[-0.26098,47.168177],[-0.261138,47.169147],[-0.257461,47.168701],[-0.257099,47.167643],[-0.256754,47.167379],[-0.255194,47.166847],[-0.25238,47.16547],[-0.248013,47.163737],[-0.244206,47.162557],[-0.24256,47.162366],[-0.238945,47.162423],[-0.233191,47.161665],[-0.232954,47.162097],[-0.234202,47.163913],[-0.232668,47.166941],[-0.231959,47.168948],[-0.231636,47.169015],[-0.231477,47.169908],[-0.230684,47.171742],[-0.228919,47.174695],[-0.227812,47.177698],[-0.226056,47.17746],[-0.225685,47.178633],[-0.223855,47.182365],[-0.22326,47.182058],[-0.222369,47.181902],[-0.222239,47.182116],[-0.220961,47.18192],[-0.219806,47.182332],[-0.218919,47.182175],[-0.218957,47.181908],[-0.218423,47.181836],[-0.21759,47.181429],[-0.21772,47.180929],[-0.216725,47.180764],[-0.217356,47.179484],[-0.21834,47.179523],[-0.218719,47.179132],[-0.218881,47.17809],[-0.218627,47.177937],[-0.217589,47.177766],[-0.216674,47.177956],[-0.214041,47.178079],[-0.211004,47.177063],[-0.211084,47.176767],[-0.207446,47.175698],[-0.207245,47.175826],[-0.206351,47.175672],[-0.203762,47.174993],[-0.203104,47.174025],[-0.202374,47.173639],[-0.201445,47.173538],[-0.200498,47.173758],[-0.20125,47.1762],[-0.201369,47.178315],[-0.201855,47.180019],[-0.201568,47.183393],[-0.201254,47.184662],[-0.201237,47.187577],[-0.201978,47.187767],[-0.203387,47.187578],[-0.204445,47.19094],[-0.207423,47.190812],[-0.209886,47.191326],[-0.20902,47.193615],[-0.209107,47.195694],[-0.208499,47.199648],[-0.210111,47.200538],[-0.209545,47.202496],[-0.212177,47.201586],[-0.216614,47.203084],[-0.216286,47.203567],[-0.216633,47.203658],[-0.216151,47.204599],[-0.215885,47.205822],[-0.215516,47.206258],[-0.214967,47.2062],[-0.213993,47.208044],[-0.211691,47.211573],[-0.210695,47.213409],[-0.210534,47.214846],[-0.208111,47.21708],[-0.207991,47.217146],[-0.205599,47.216205],[-0.204688,47.216892],[-0.202387,47.216251],[-0.201813,47.21652],[-0.200047,47.215756],[-0.199051,47.21515],[-0.19564,47.214319],[-0.194117,47.214289],[-0.191514,47.213131],[-0.192912,47.211666],[-0.192803,47.210932],[-0.193823,47.209798],[-0.19195,47.208418],[-0.18086,47.212155],[-0.179765,47.211555],[-0.178936,47.209344],[-0.176539,47.206733],[-0.175724,47.207743],[-0.175712,47.207985],[-0.174902,47.208366],[-0.173966,47.209421],[-0.173451,47.210322],[-0.171594,47.210856],[-0.170147,47.211603],[-0.16826,47.212147],[-0.167442,47.212224],[-0.166663,47.212087],[-0.165359,47.211466],[-0.163409,47.210891],[-0.163223,47.210776],[-0.163435,47.210604],[-0.162512,47.210091],[-0.161892,47.209223],[-0.160472,47.208516],[-0.158623,47.207886],[-0.158234,47.208233],[-0.157892,47.208204],[-0.152494,47.206758],[-0.151585,47.206722],[-0.148811,47.207625],[-0.146499,47.208039],[-0.144859,47.208863],[-0.143727,47.208143],[-0.143933,47.207937],[-0.143809,47.207602],[-0.139325,47.209018],[-0.137257,47.206643],[-0.135342,47.204881]]]}},{"type":"Feature","properties":{"uai_primary":"0491645X","uai_all":"0491645X","is_merged":false},"geometry":{"type":"Polygon","coordinates":[[[-0.640667,47.378066],[-0.642961,47.377079],[-0.648197,47.374358],[-0.64941,47.373413],[-0.659229,47.370663],[-0.663168,47.369053],[-0.665568,47.3687],[-0.667801,47.368936],[-0.66912,47.36892],[-0.676307,47.369939],[-0.678923,47.370038],[-0.681412,47.369581],[-0.688552,47.366262],[-0.69011,47.365728],[-0.692715,47.365128],[-0.703858,47.363136],[-0.710856,47.362351],[-0.720437,47.361567],[-0.726965,47.361909],[-0.733758,47.362913],[-0.740927,47.365462],[-0.743336,47.366151],[-0.758273,47.368963],[-0.76032,47.369533],[-0.766282,47.372344],[-0.768087,47.373],[-0.771149,47.373797],[-0.774017,47.373876],[-0.776702,47.373574],[-0.781034,47.375645],[-0.787665,47.378216],[-0.793241,47.379594],[-0.796918,47.380289],[-0.806461,47.38058],[-0.817501,47.381914],[-0.823624,47.383064],[-0.83954,47.391507],[-0.844517,47.393611],[-0.842666,47.396804],[-0.838364,47.407752],[-0.837804,47.408405],[-0.842507,47.408746],[-0.843038,47.410654],[-0.842115,47.41072],[-0.842446,47.412042],[-0.838062,47.41174],[-0.838469,47.412305],[-0.839163,47.41473],[-0.838478,47.416112],[-0.838341,47.417174],[-0.838079,47.417319],[-0.837477,47.418649],[-0.83609,47.419805],[-0.836572,47.420066],[-0.836317,47.420224],[-0.833335,47.420786],[-0.832712,47.421346],[-0.83227,47.421499],[-0.832445,47.42283],[-0.832196,47.423226],[-0.830754,47.423783],[-0.828475,47.425698],[-0.827994,47.425935],[-0.826969,47.427403],[-0.82597,47.428329],[-0.825492,47.428336],[-0.82465,47.42887],[-0.824188,47.431152],[-0.82438,47.432035],[-0.819433,47.431498],[-0.818832,47.433084],[-0.818038,47.434409],[-0.821596,47.434935],[-0.821162,47.435231],[-0.822122,47.435495],[-0.824375,47.436513],[-0.823948,47.436754],[-0.825386,47.438064],[-0.8258,47.437872],[-0.825978,47.438884],[-0.826729,47.439646],[-0.825005,47.440515],[-0.824252,47.441877],[-0.823623,47.442337],[-0.824714,47.443021],[-0.823563,47.443923],[-0.824549,47.444967],[-0.825805,47.444536],[-0.826419,47.447884],[-0.827414,47.447802],[-0.827989,47.448065],[-0.828175,47.447637],[-0.831603,47.448501],[-0.832707,47.448944],[-0.833033,47.448526],[-0.834401,47.448871],[-0.839962,47.449259],[-0.841629,47.449959],[-0.847191,47.45126],[-0.847495,47.451666],[-0.847852,47.451458],[-0.85055,47.451219],[-0.855255,47.449743],[-0.857585,47.449616],[-0.857817,47.449738],[-0.857814,47.450215],[-0.858271,47.450724],[-0.859802,47.450603],[-0.860169,47.450304],[-0.862333,47.45144],[-0.863706,47.451211],[-0.863771,47.451555],[-0.863458,47.451827],[-0.863391,47.452211],[-0.862591,47.4527],[-0.860412,47.453424],[-0.859653,47.453818],[-0.85962,47.454266],[-0.859122,47.45467],[-0.859371,47.456136],[-0.857526,47.457787],[-0.857637,47.458414],[-0.857482,47.458503],[-0.857058,47.458399],[-0.85686,47.45858],[-0.857049,47.459285],[-0.856368,47.459534],[-0.855898,47.459912],[-0.855643,47.459686],[-0.85535,47.459678],[-0.855178,47.459835],[-0.854289,47.459611],[-0.853796,47.459962],[-0.853288,47.459743],[-0.852632,47.459693],[-0.852399,47.459906],[-0.852797,47.460304],[-0.852365,47.460638],[-0.851607,47.460835],[-0.85072,47.460601],[-0.85042,47.460648],[-0.8502,47.461052],[-0.850663,47.461448],[-0.850291,47.461554],[-0.850116,47.461799],[-0.850544,47.462109],[-0.850409,47.462629],[-0.850623,47.462789],[-0.850643,47.463445],[-0.850941,47.463607],[-0.851351,47.463516],[-0.85133,47.46395],[-0.850657,47.464319],[-0.850402,47.464002],[-0.850114,47.464026],[-0.850048,47.464503],[-0.849424,47.464775],[-0.848095,47.464112],[-0.847092,47.463986],[-0.846205,47.464518],[-0.8451,47.464428],[-0.844828,47.464998],[-0.844292,47.464875],[-0.843643,47.46529],[-0.843959,47.465714],[-0.843635,47.466069],[-0.843031,47.466283],[-0.842493,47.46809],[-0.842475,47.468322],[-0.84294,47.468327],[-0.842926,47.468544],[-0.842461,47.468529],[-0.842394,47.469181],[-0.841869,47.469967],[-0.841427,47.470456],[-0.840583,47.47097],[-0.83903,47.471523],[-0.836678,47.4712],[-0.83554,47.471407],[-0.834955,47.471697],[-0.834823,47.471942],[-0.834912,47.472595],[-0.835269,47.473154],[-0.834504,47.473025],[-0.834487,47.473231],[-0.834016,47.473164],[-0.832087,47.47374],[-0.830895,47.473776],[-0.826352,47.472998],[-0.825587,47.473029],[-0.824862,47.473378],[-0.824442,47.473714],[-0.82426,47.474731],[-0.824582,47.475929],[-0.824381,47.477168],[-0.824715,47.477281],[-0.824566,47.477802],[-0.823608,47.478553],[-0.822797,47.478534],[-0.822584,47.477997],[-0.821916,47.477847],[-0.821257,47.477219],[-0.819675,47.477838],[-0.818926,47.477842],[-0.818052,47.478175],[-0.815395,47.477317],[-0.814293,47.477159],[-0.813689,47.477227],[-0.813087,47.477014],[-0.813153,47.476774],[-0.81276,47.476723],[-0.812719,47.476331],[-0.81212,47.476155],[-0.810184,47.474785],[-0.809239,47.474571],[-0.808739,47.474596],[-0.808192,47.474833],[-0.80717,47.475652],[-0.807016,47.476065],[-0.806715,47.476147],[-0.805814,47.476151],[-0.805761,47.475855],[-0.805071,47.475424],[-0.804516,47.47532],[-0.804238,47.474831],[-0.803876,47.47483],[-0.803907,47.474557],[-0.803326,47.474445],[-0.802419,47.474504],[-0.802177,47.474169],[-0.800332,47.474002],[-0.79845,47.474101],[-0.797501,47.474932],[-0.797076,47.474958],[-0.796202,47.475416],[-0.794596,47.474494],[-0.79405,47.473047],[-0.79303,47.472852],[-0.791165,47.47311],[-0.790182,47.474463],[-0.789452,47.474731],[-0.788506,47.47486],[-0.786526,47.474647],[-0.785824,47.474722],[-0.783095,47.47327],[-0.781778,47.472891],[-0.780801,47.47237],[-0.779626,47.472544],[-0.779086,47.472424],[-0.778926,47.471961],[-0.778035,47.471893],[-0.778048,47.471666],[-0.777602,47.471432],[-0.775073,47.471112],[-0.7742,47.470529],[-0.773453,47.470624],[-0.767998,47.469584],[-0.766306,47.469622],[-0.764616,47.469293],[-0.764174,47.469348],[-0.76208,47.468268],[-0.76108,47.468112],[-0.75988,47.468538],[-0.758805,47.468637],[-0.758629,47.469733],[-0.757239,47.469693],[-0.756549,47.472001],[-0.756983,47.472052],[-0.755905,47.473065],[-0.754178,47.472804],[-0.754002,47.473532],[-0.753842,47.473576],[-0.75306,47.473076],[-0.75152,47.472631],[-0.751392,47.472792],[-0.750004,47.472607],[-0.750804,47.471677],[-0.750893,47.471254],[-0.750563,47.470929],[-0.749302,47.470984],[-0.749281,47.470277],[-0.749006,47.470306],[-0.748913,47.471447],[-0.749091,47.471806],[-0.748759,47.472044],[-0.746991,47.471523],[-0.746812,47.471904],[-0.745317,47.471737],[-0.745324,47.472274],[-0.744998,47.472157],[-0.74456,47.473864],[-0.744098,47.473812],[-0.744073,47.47399],[-0.742917,47.473822],[-0.742751,47.476116],[-0.738336,47.476718],[-0.737946,47.477212],[-0.738848,47.478685],[-0.739576,47.479155],[-0.739442,47.479673],[-0.739697,47.480289],[-0.740222,47.481143],[-0.740868,47.481693],[-0.740483,47.482248],[-0.738712,47.481781],[-0.738773,47.481126],[-0.736592,47.480739],[-0.735602,47.481955],[-0.736186,47.482045],[-0.734743,47.483476],[-0.732868,47.482652],[-0.730689,47.480437],[-0.728075,47.47896],[-0.727394,47.479796],[-0.727128,47.481178],[-0.727497,47.48213],[-0.726777,47.482609],[-0.726089,47.482436],[-0.725319,47.48351],[-0.724424,47.483073],[-0.724064,47.483177],[-0.722947,47.483068],[-0.721792,47.483246],[-0.720681,47.483143],[-0.720721,47.482828],[-0.718935,47.482926],[-0.7182,47.482744],[-0.717454,47.482273],[-0.717718,47.481909],[-0.715689,47.481749],[-0.716516,47.480702],[-0.717338,47.480629],[-0.715884,47.479224],[-0.715188,47.478942],[-0.714488,47.478414],[-0.710876,47.478023],[-0.707966,47.476678],[-0.703509,47.475301],[-0.701486,47.475173],[-0.700515,47.474817],[-0.699446,47.473859],[-0.69833,47.473269],[-0.698029,47.473545],[-0.693237,47.470338],[-0.691962,47.470007],[-0.689934,47.469919],[-0.691839,47.456607],[-0.689883,47.450502],[-0.687154,47.450658],[-0.686008,47.450558],[-0.685137,47.450218],[-0.684305,47.450265],[-0.683622,47.449809],[-0.683628,47.449594],[-0.682213,47.448794],[-0.681978,47.447663],[-0.680969,47.447278],[-0.671782,47.451824],[-0.66826,47.450822],[-0.667152,47.45019],[-0.667792,47.449765],[-0.667374,47.449366],[-0.667456,47.448738],[-0.666745,47.447685],[-0.666455,47.44688],[-0.666547,47.446418],[-0.665991,47.446263],[-0.666891,47.44506],[-0.665341,47.444586],[-0.665696,47.444266],[-0.665589,47.442627],[-0.665091,47.442198],[-0.664443,47.441982],[-0.664739,47.44191],[-0.664909,47.441576],[-0.665353,47.441342],[-0.665147,47.441243],[-0.665064,47.439041],[-0.663958,47.438881],[-0.663329,47.43858],[-0.662097,47.43852],[-0.662106,47.438351],[-0.660838,47.438411],[-0.661098,47.438037],[-0.6605,47.43722],[-0.660435,47.436212],[-0.657857,47.433586],[-0.655381,47.431303],[-0.653813,47.430513],[-0.6522,47.429314],[-0.65074,47.427778],[-0.648909,47.427028],[-0.650717,47.425413],[-0.653432,47.42386],[-0.655889,47.422807],[-0.655691,47.421837],[-0.654678,47.421176],[-0.654363,47.419891],[-0.656465,47.418668],[-0.653568,47.417344],[-0.653653,47.416825],[-0.652944,47.414767],[-0.652117,47.413885],[-0.651295,47.412423],[-0.65018,47.411345],[-0.649485,47.408401],[-0.648436,47.408091],[-0.647826,47.40772],[-0.645732,47.405637],[-0.644899,47.405028],[-0.640712,47.40346],[-0.639081,47.402562],[-0.635344,47.399144],[-0.634662,47.399441],[-0.634502,47.399321],[-0.631975,47.400001],[-0.63183,47.398964],[-0.632161,47.398163],[-0.630217,47.398133],[-0.628787,47.398783],[-0.628119,47.398885],[-0.626257,47.398555],[-0.625048,47.398106],[-0.627681,47.393817],[-0.630402,47.390998],[-0.631246,47.389614],[-0.632817,47.384638],[-0.640667,47.378066]]]}},{"type":"Feature","properties":{"uai_primary":"0491648A","uai_all":"0491648A","is_merged":false},"geometry":{"type":"Polygon","coordinates":[[[0.002932,47.242495],[0.006075,47.24064],[0.008827,47.23817],[0.010216,47.237492],[0.022363,47.233638],[0.030524,47.231895],[0.033706,47.230715],[0.033553,47.230423],[0.048454,47.225092],[0.052824,47.222697],[0.055236,47.22064],[0.059444,47.218548],[0.06095,47.220764],[0.062117,47.22118],[0.0639,47.221428],[0.064728,47.221192],[0.066068,47.221329],[0.066911,47.221224],[0.068612,47.220389],[0.06962,47.220056],[0.071046,47.219841],[0.07127,47.219661],[0.072393,47.219994],[0.074254,47.21998],[0.07579,47.220353],[0.076693,47.220292],[0.076742,47.219113],[0.07741,47.219232],[0.077587,47.218505],[0.07789,47.218497],[0.078023,47.217861],[0.078483,47.217925],[0.078588,47.21772],[0.078872,47.217809],[0.079205,47.216763],[0.076237,47.216103],[0.07452,47.214442],[0.068186,47.215783],[0.066566,47.214155],[0.067181,47.213498],[0.065712,47.213336],[0.065618,47.212875],[0.066102,47.212055],[0.067107,47.212001],[0.066936,47.211301],[0.065748,47.210209],[0.063663,47.208774],[0.062389,47.207583],[0.06223,47.207533],[0.061564,47.20814],[0.060642,47.208555],[0.058938,47.206668],[0.057779,47.203156],[0.056901,47.201601],[0.055366,47.200028],[0.053578,47.199317],[0.05373,47.198288],[0.052739,47.196668],[0.05446,47.194856],[0.055219,47.194461],[0.057983,47.194041],[0.061889,47.190433],[0.066521,47.189663],[0.066048,47.18643],[0.065104,47.182566],[0.063182,47.176302],[0.061217,47.173799],[0.059632,47.172521],[0.058473,47.168963],[0.055267,47.166058],[0.053862,47.164002],[0.053907,47.163679],[0.052519,47.166834],[0.051445,47.167173],[0.049201,47.168944],[0.047566,47.16759],[0.046306,47.165704],[0.045197,47.165524],[0.044015,47.164938],[0.042851,47.164693],[0.040171,47.1638],[0.036734,47.160931],[0.036264,47.160045],[0.018884,47.17599],[0.017871,47.176521],[0.012045,47.181121],[0.006043,47.183853],[-0.000354,47.186167],[-0.00083,47.186476],[-0.003742,47.187563],[-0.006495,47.188175],[-0.007127,47.188056],[-0.010187,47.188543],[-0.011409,47.189246],[-0.014399,47.190144],[-0.014154,47.192765],[-0.011746,47.191984],[-0.011575,47.192302],[-0.011094,47.192527],[-0.009193,47.192348],[-0.008901,47.192623],[-0.009067,47.193798],[-0.009823,47.196095],[-0.01023,47.198566],[-0.011812,47.19826],[-0.01481,47.197306],[-0.018191,47.196875],[-0.021606,47.197434],[-0.030748,47.200087],[-0.033252,47.20026],[-0.03435,47.200469],[-0.035513,47.200855],[-0.038137,47.20214],[-0.041617,47.202808],[-0.043627,47.201427],[-0.045021,47.200231],[-0.046652,47.199479],[-0.053126,47.209045],[-0.043717,47.209759],[-0.04383,47.211237],[-0.044806,47.212942],[-0.044655,47.212872],[-0.045474,47.220007],[-0.047667,47.224554],[-0.049749,47.230729],[-0.047817,47.230507],[-0.047718,47.230805],[-0.047021,47.230662],[-0.046925,47.230889],[-0.046069,47.230736],[-0.045762,47.231755],[-0.045042,47.232928],[-0.045059,47.234039],[-0.045094,47.234188],[-0.046311,47.233343],[-0.048455,47.232783],[-0.05062,47.233194],[-0.053253,47.240644],[-0.052739,47.241698],[-0.052539,47.243249],[-0.052662,47.243793],[-0.055883,47.247329],[-0.059272,47.248062],[-0.060122,47.248975],[-0.06088,47.249281],[-0.061477,47.248926],[-0.062296,47.248713],[-0.062464,47.247929],[-0.063392,47.247397],[-0.06317,47.246716],[-0.065033,47.246608],[-0.065353,47.246324],[-0.065324,47.245873],[-0.066186,47.245375],[-0.067428,47.245356],[-0.06794,47.245811],[-0.068911,47.245246],[-0.070196,47.246167],[-0.07022,47.24662],[-0.069809,47.247274],[-0.069802,47.248493],[-0.071095,47.248793],[-0.072484,47.249475],[-0.072699,47.249751],[-0.072717,47.250455],[-0.07245,47.251],[-0.073965,47.252274],[-0.075734,47.249972],[-0.077074,47.249528],[-0.078782,47.250495],[-0.081179,47.250366],[-0.080947,47.25097],[-0.081473,47.252236],[-0.081988,47.252442],[-0.083304,47.252444],[-0.084627,47.251844],[-0.087059,47.253008],[-0.088633,47.254063],[-0.089537,47.255405],[-0.090167,47.255704],[-0.09109,47.256623],[-0.091987,47.259351],[-0.092276,47.261911],[-0.093677,47.262741],[-0.098244,47.263615],[-0.098944,47.263605],[-0.099629,47.263843],[-0.100454,47.264399],[-0.100873,47.264343],[-0.100474,47.263591],[-0.100837,47.262796],[-0.10056,47.262355],[-0.100506,47.261743],[-0.099602,47.261696],[-0.099104,47.261409],[-0.098678,47.261383],[-0.098574,47.261007],[-0.098859,47.260685],[-0.098514,47.260098],[-0.097856,47.25992],[-0.096854,47.259961],[-0.097514,47.25927],[-0.097177,47.258798],[-0.097716,47.258423],[-0.097614,47.257851],[-0.097779,47.257344],[-0.101712,47.256078],[-0.101245,47.255035],[-0.101619,47.253674],[-0.101101,47.251844],[-0.101637,47.251349],[-0.102948,47.250592],[-0.104467,47.249019],[-0.104302,47.247812],[-0.104429,47.246579],[-0.106781,47.245881],[-0.107585,47.245018],[-0.109641,47.245677],[-0.109837,47.245542],[-0.109543,47.244815],[-0.111286,47.244306],[-0.112159,47.244376],[-0.112821,47.244701],[-0.113431,47.245615],[-0.114854,47.246383],[-0.11599,47.247495],[-0.115641,47.248294],[-0.11582,47.2486],[-0.115819,47.249694],[-0.124182,47.249506],[-0.125734,47.251598],[-0.125892,47.253],[-0.12465,47.253965],[-0.127172,47.255528],[-0.128699,47.255969],[-0.129958,47.256758],[-0.130776,47.257537],[-0.135004,47.259285],[-0.135771,47.260014],[-0.137085,47.260374],[-0.139032,47.261605],[-0.139343,47.262731],[-0.140936,47.265682],[-0.14345,47.26718],[-0.144432,47.268371],[-0.144847,47.268538],[-0.145495,47.268555],[-0.146085,47.268936],[-0.146047,47.269205],[-0.154258,47.268513],[-0.156189,47.26864],[-0.156134,47.269743],[-0.156788,47.271251],[-0.156551,47.272432],[-0.156935,47.27248],[-0.156448,47.273958],[-0.15658,47.273973],[-0.156223,47.275015],[-0.156436,47.275056],[-0.156149,47.27592],[-0.158634,47.275941],[-0.159971,47.27644],[-0.159857,47.277393],[-0.157343,47.280277],[-0.156692,47.281782],[-0.15701,47.283036],[-0.157531,47.283301],[-0.157993,47.28429],[-0.158414,47.286445],[-0.158765,47.28659],[-0.157029,47.287292],[-0.154473,47.288762],[-0.151764,47.289917],[-0.151926,47.290065],[-0.149965,47.290851],[-0.149811,47.29064],[-0.148402,47.290785],[-0.147819,47.291331],[-0.147491,47.291073],[-0.146353,47.291314],[-0.145217,47.292107],[-0.144158,47.293852],[-0.144178,47.294258],[-0.143041,47.295291],[-0.139052,47.295927],[-0.138075,47.296382],[-0.135991,47.298068],[-0.131791,47.29592],[-0.123761,47.290405],[-0.122312,47.289607],[-0.12176,47.289339],[-0.11728,47.288219],[-0.111331,47.286307],[-0.1082,47.284291],[-0.103854,47.28227],[-0.09876,47.278114],[-0.098126,47.277212],[-0.095575,47.275435],[-0.094912,47.274793],[-0.089064,47.273604],[-0.085719,47.272322],[-0.081625,47.272523],[-0.077544,47.271573],[-0.076583,47.270467],[-0.070874,47.266631],[-0.06983,47.266141],[-0.068949,47.265993],[-0.068142,47.264504],[-0.067253,47.263654],[-0.067187,47.262569],[-0.065333,47.259854],[-0.062714,47.259168],[-0.061085,47.258997],[-0.059985,47.258641],[-0.057013,47.257468],[-0.054818,47.256412],[-0.044545,47.25464],[-0.044829,47.252906],[-0.03829,47.250993],[-0.03848,47.250745],[-0.036185,47.250059],[-0.03272,47.250318],[-0.030314,47.250026],[-0.024442,47.249792],[-0.02117,47.249304],[-0.008855,47.246463],[-0.004275,47.245121],[-0.002042,47.243832],[-0.000376,47.243114],[0.001461,47.242496],[0.002932,47.242495]],[[-0.093565,47.241042],[-0.092958,47.241619],[-0.092371,47.241599],[-0.091941,47.241466],[-0.091737,47.240815],[-0.092097,47.240478],[-0.092609,47.240696],[-0.093374,47.240717],[-0.093565,47.241042]],[[-0.066908,47.243611],[-0.065304,47.242776],[-0.065118,47.245061],[-0.064892,47.245305],[-0.063556,47.245228],[-0.059457,47.243373],[-0.057798,47.241892],[-0.062923,47.242041],[-0.067308,47.239236],[-0.067723,47.240176],[-0.067515,47.242012],[-0.070322,47.241776],[-0.070638,47.242483],[-0.070099,47.243193],[-0.069163,47.24394],[-0.068121,47.244006],[-0.066908,47.243611]],[[-0.110392,47.239487],[-0.110946,47.239218],[-0.111479,47.23987],[-0.110151,47.242429],[-0.108756,47.244115],[-0.107282,47.242803],[-0.107057,47.241367],[-0.110392,47.239487]],[[-0.053276,47.268059],[-0.052766,47.269668],[-0.053049,47.270447],[-0.056914,47.2715],[-0.053388,47.274159],[-0.051422,47.275316],[-0.047316,47.275995],[-0.045127,47.270711],[-0.046174,47.269275],[-0.046439,47.268958],[-0.053276,47.268059]],[[-0.088722,47.293363],[-0.089336,47.294603],[-0.089262,47.295505],[-0.087751,47.299198],[-0.073052,47.297816],[-0.075163,47.291569],[-0.086181,47.290607],[-0.087477,47.291739],[-0.088722,47.293363]]]}},{"type":"Feature","properties":{"uai_primary":"0491674D","uai_all":"0491674D","is_merged":false},"geometry":{"type":"Polygon","coordinates":[[[-0.608567,47.488705],[-0.609931,47.488861],[-0.609497,47.489446],[-0.609645,47.489509],[-0.612881,47.490201],[-0.614717,47.490907],[-0.614218,47.491982],[-0.615329,47.493951],[-0.617289,47.49494],[-0.619918,47.495705],[-0.620277,47.495169],[-0.622575,47.494759],[-0.623514,47.495088],[-0.62709,47.496582],[-0.628307,47.496919],[-0.627517,47.498563],[-0.629005,47.498661],[-0.629497,47.499077],[-0.629251,47.499435],[-0.629693,47.499402],[-0.6302,47.499583],[-0.630192,47.499918],[-0.63081,47.499785],[-0.631018,47.500193],[-0.631523,47.500151],[-0.63185,47.50044],[-0.632893,47.500029],[-0.633056,47.500479],[-0.634427,47.500762],[-0.634591,47.500713],[-0.634242,47.500311],[-0.634768,47.500166],[-0.635244,47.500335],[-0.635136,47.500674],[-0.635736,47.50082],[-0.636004,47.500812],[-0.636195,47.500573],[-0.636424,47.500662],[-0.636563,47.500403],[-0.637037,47.50065],[-0.637398,47.500234],[-0.637752,47.500372],[-0.63813,47.500287],[-0.638129,47.500559],[-0.638401,47.500682],[-0.638653,47.50042],[-0.63956,47.500402],[-0.639901,47.500879],[-0.640436,47.501105],[-0.640471,47.501454],[-0.641058,47.501586],[-0.641214,47.501805],[-0.642096,47.501851],[-0.642365,47.500782],[-0.643816,47.500176],[-0.643896,47.499985],[-0.644664,47.499681],[-0.64523,47.499245],[-0.645432,47.498844],[-0.644331,47.498542],[-0.645258,47.49722],[-0.645252,47.496393],[-0.64779,47.496606],[-0.648574,47.497077],[-0.652999,47.499002],[-0.654239,47.498673],[-0.65468,47.499299],[-0.655246,47.499005],[-0.656001,47.498275],[-0.657615,47.498912],[-0.658551,47.498251],[-0.658627,47.498027],[-0.659448,47.499067],[-0.65952,47.49989],[-0.659791,47.49982],[-0.662171,47.497504],[-0.663161,47.497621],[-0.666845,47.49918],[-0.669626,47.500138],[-0.670784,47.498796],[-0.671122,47.498952],[-0.6714,47.498609],[-0.673377,47.499085],[-0.672661,47.499478],[-0.672211,47.500668],[-0.674447,47.50212],[-0.67504,47.502273],[-0.676967,47.503583],[-0.677711,47.50389],[-0.678496,47.504973],[-0.680237,47.506478],[-0.681152,47.507058],[-0.682103,47.507386],[-0.682467,47.50669],[-0.68299,47.504494],[-0.683598,47.50433],[-0.684218,47.50446],[-0.685135,47.504404],[-0.685984,47.506626],[-0.683671,47.506566],[-0.683283,47.507782],[-0.682744,47.507581],[-0.681757,47.508467],[-0.681649,47.508657],[-0.681904,47.508814],[-0.683119,47.509382],[-0.683732,47.508801],[-0.684968,47.508285],[-0.687858,47.508829],[-0.68946,47.50661],[-0.691321,47.507231],[-0.690631,47.50823],[-0.693262,47.508694],[-0.694617,47.506911],[-0.699714,47.510844],[-0.699398,47.511332],[-0.697326,47.510807],[-0.697102,47.511734],[-0.698096,47.51212],[-0.698017,47.512228],[-0.699356,47.512627],[-0.699239,47.512886],[-0.701088,47.513388],[-0.701051,47.513504],[-0.699138,47.513115],[-0.698649,47.513992],[-0.700016,47.51425],[-0.699761,47.514857],[-0.701361,47.515006],[-0.702634,47.513334],[-0.703152,47.513229],[-0.704629,47.5134],[-0.707314,47.514686],[-0.705868,47.515799],[-0.708497,47.516282],[-0.708228,47.517009],[-0.708351,47.517936],[-0.712924,47.517774],[-0.713086,47.519102],[-0.713301,47.519639],[-0.713601,47.51982],[-0.713343,47.520758],[-0.714042,47.520811],[-0.712449,47.522533],[-0.710541,47.522143],[-0.710448,47.522912],[-0.710185,47.52315],[-0.710809,47.523303],[-0.711169,47.523227],[-0.711507,47.523405],[-0.710432,47.524741],[-0.708679,47.525926],[-0.7112,47.526461],[-0.710708,47.527233],[-0.708781,47.526798],[-0.708479,47.527147],[-0.708324,47.527112],[-0.708018,47.527937],[-0.707349,47.527884],[-0.706946,47.528689],[-0.706884,47.528899],[-0.707512,47.529108],[-0.705783,47.52905],[-0.70353,47.528495],[-0.701487,47.527808],[-0.700003,47.52708],[-0.694372,47.525438],[-0.691211,47.524174],[-0.6881,47.524276],[-0.684507,47.523882],[-0.682896,47.523479],[-0.682276,47.523175],[-0.679779,47.522715],[-0.678551,47.522116],[-0.677222,47.522094],[-0.67705,47.520481],[-0.676437,47.520583],[-0.675958,47.5205],[-0.67505,47.519835],[-0.674844,47.519383],[-0.6741,47.518998],[-0.67358,47.518976],[-0.672684,47.520241],[-0.674026,47.520782],[-0.674996,47.519911],[-0.674567,47.520828],[-0.675389,47.52038],[-0.674846,47.521156],[-0.675841,47.521592],[-0.676337,47.521232],[-0.676553,47.521296],[-0.67667,47.521879],[-0.67715,47.5221],[-0.674692,47.524171],[-0.674865,47.525439],[-0.674531,47.527409],[-0.669562,47.527198],[-0.668121,47.526882],[-0.666379,47.526897],[-0.659926,47.527777],[-0.659045,47.528324],[-0.658382,47.529871],[-0.657924,47.531996],[-0.657884,47.533267],[-0.653224,47.534984],[-0.647985,47.537933],[-0.646853,47.538227],[-0.646698,47.537839],[-0.640316,47.536734],[-0.642284,47.533708],[-0.644425,47.531626],[-0.643048,47.529992],[-0.642186,47.530711],[-0.641149,47.533321],[-0.639409,47.533275],[-0.638008,47.533757],[-0.634789,47.532575],[-0.635152,47.532343],[-0.632661,47.53078],[-0.633576,47.52971],[-0.632432,47.528283],[-0.632335,47.526821],[-0.632742,47.526702],[-0.632952,47.526312],[-0.63198,47.525503],[-0.632185,47.525282],[-0.631212,47.524903],[-0.631077,47.524517],[-0.63312,47.522965],[-0.632646,47.522709],[-0.632224,47.521989],[-0.631192,47.5231],[-0.629495,47.522213],[-0.628626,47.522445],[-0.626714,47.522384],[-0.626199,47.523031],[-0.625051,47.522524],[-0.624139,47.521708],[-0.623212,47.522331],[-0.618318,47.521075],[-0.61762,47.521968],[-0.615075,47.523574],[-0.610641,47.520779],[-0.610025,47.521076],[-0.609203,47.522107],[-0.608252,47.522372],[-0.607438,47.522147],[-0.605723,47.522196],[-0.602457,47.522845],[-0.601944,47.523158],[-0.599783,47.522409],[-0.597706,47.523268],[-0.597269,47.524188],[-0.594129,47.524408],[-0.59322,47.523188],[-0.591369,47.524173],[-0.590317,47.524372],[-0.590524,47.525196],[-0.589174,47.525461],[-0.588991,47.525368],[-0.587347,47.525676],[-0.585217,47.525838],[-0.584298,47.527271],[-0.585037,47.52761],[-0.584408,47.528853],[-0.586295,47.528908],[-0.588891,47.529232],[-0.588717,47.530394],[-0.587755,47.530403],[-0.587736,47.530952],[-0.587227,47.531062],[-0.587573,47.532505],[-0.589071,47.532358],[-0.589089,47.533015],[-0.584591,47.53328],[-0.585184,47.534493],[-0.5851,47.535566],[-0.587988,47.535947],[-0.588763,47.535899],[-0.590787,47.535423],[-0.592528,47.538485],[-0.593771,47.538868],[-0.596236,47.540335],[-0.596455,47.541593],[-0.595544,47.543362],[-0.596115,47.543457],[-0.595864,47.544338],[-0.595376,47.544678],[-0.593949,47.546595],[-0.593021,47.547024],[-0.593793,47.547584],[-0.593063,47.548593],[-0.591123,47.550946],[-0.590307,47.550723],[-0.587563,47.55417],[-0.586292,47.555367],[-0.584981,47.55614],[-0.583686,47.557436],[-0.584717,47.55959],[-0.583046,47.561247],[-0.577509,47.55536],[-0.576935,47.556522],[-0.577182,47.558287],[-0.576682,47.559737],[-0.575736,47.561459],[-0.57423,47.561114],[-0.571667,47.563403],[-0.570552,47.564186],[-0.568991,47.564977],[-0.568,47.565967],[-0.565005,47.564974],[-0.563221,47.564674],[-0.562819,47.564937],[-0.562446,47.564803],[-0.562527,47.564687],[-0.562058,47.564375],[-0.56134,47.564365],[-0.560725,47.564058],[-0.561118,47.563715],[-0.56102,47.563384],[-0.559808,47.562596],[-0.559534,47.562198],[-0.558621,47.56178],[-0.558632,47.56151],[-0.558062,47.561282],[-0.556744,47.559685],[-0.556305,47.559464],[-0.554944,47.55918],[-0.552811,47.559235],[-0.552405,47.558796],[-0.551195,47.55804],[-0.552092,47.557611],[-0.55153,47.556963],[-0.549235,47.555487],[-0.550539,47.554405],[-0.546036,47.551495],[-0.544259,47.550073],[-0.545668,47.549965],[-0.546512,47.549473],[-0.548172,47.546927],[-0.548769,47.545213],[-0.548837,47.541558],[-0.548536,47.540984],[-0.548085,47.538685],[-0.548184,47.537287],[-0.548529,47.536886],[-0.54847,47.536105],[-0.547259,47.533864],[-0.546089,47.532869],[-0.545596,47.53258],[-0.545303,47.532596],[-0.542735,47.531043],[-0.541716,47.530653],[-0.540513,47.530682],[-0.536173,47.529352],[-0.534701,47.5287],[-0.534501,47.528345],[-0.534042,47.528128],[-0.53275,47.527742],[-0.532395,47.527809],[-0.530585,47.526392],[-0.532418,47.525921],[-0.535231,47.523958],[-0.537313,47.521646],[-0.537969,47.520085],[-0.53879,47.519023],[-0.540069,47.518112],[-0.54087,47.517723],[-0.541984,47.517452],[-0.547581,47.51689],[-0.551895,47.517009],[-0.554715,47.517305],[-0.557967,47.517859],[-0.56203,47.518749],[-0.563177,47.519466],[-0.56379,47.51937],[-0.563852,47.516789],[-0.563005,47.514603],[-0.563862,47.514577],[-0.564282,47.515557],[-0.566415,47.515435],[-0.566402,47.514438],[-0.568117,47.514322],[-0.569374,47.514045],[-0.569548,47.512195],[-0.568049,47.509787],[-0.567448,47.508466],[-0.566763,47.507648],[-0.566182,47.506235],[-0.567597,47.506456],[-0.571107,47.504032],[-0.572094,47.503815],[-0.573844,47.503766],[-0.574524,47.503217],[-0.574263,47.500912],[-0.5746,47.50104],[-0.574511,47.500047],[-0.576083,47.498989],[-0.573666,47.497888],[-0.574722,47.497187],[-0.574424,47.496961],[-0.574688,47.496736],[-0.575064,47.496874],[-0.576942,47.494732],[-0.578263,47.494347],[-0.578195,47.494239],[-0.578585,47.494084],[-0.576851,47.491657],[-0.57845,47.491043],[-0.579236,47.490503],[-0.579944,47.489677],[-0.579718,47.489546],[-0.580658,47.487992],[-0.581748,47.486807],[-0.582364,47.485648],[-0.582399,47.48488],[-0.582718,47.48439],[-0.580592,47.482922],[-0.581582,47.481005],[-0.582951,47.481206],[-0.583099,47.481454],[-0.584293,47.4817],[-0.586012,47.481842],[-0.586566,47.482408],[-0.587325,47.482608],[-0.592842,47.483114],[-0.599161,47.483416],[-0.59987,47.483742],[-0.600245,47.483705],[-0.600263,47.484886],[-0.599958,47.48574],[-0.600293,47.486232],[-0.601291,47.486466],[-0.601521,47.486313],[-0.602386,47.48636],[-0.604048,47.486171],[-0.605173,47.486393],[-0.607622,47.487462],[-0.607896,47.488069],[-0.6077,47.488592],[-0.608567,47.488705]]]}},{"type":"Feature","properties":{"uai_primary":"0491675E","uai_all":"0491675E","is_merged":false},"geometry":{"type":"Polygon","coordinates":[[[-0.913671,47.025757],[-0.911307,47.027381],[-0.912506,47.028782],[-0.912758,47.029784],[-0.912604,47.031303],[-0.912461,47.031559],[-0.911747,47.031951],[-0.909676,47.034578],[-0.903436,47.03534],[-0.9037,47.036044],[-0.901506,47.04043],[-0.900609,47.041038],[-0.897314,47.042031],[-0.897348,47.042582],[-0.896123,47.044555],[-0.896006,47.045953],[-0.895038,47.04659],[-0.89414,47.046815],[-0.893106,47.048066],[-0.892239,47.04836],[-0.890993,47.04957],[-0.890549,47.050762],[-0.890207,47.050797],[-0.88968,47.051299],[-0.889962,47.051872],[-0.889733,47.052288],[-0.888836,47.052184],[-0.888454,47.052481],[-0.888502,47.052712],[-0.887844,47.052689],[-0.888024,47.052898],[-0.887868,47.053065],[-0.887231,47.053698],[-0.886885,47.053739],[-0.886917,47.053965],[-0.886435,47.054514],[-0.88472,47.055949],[-0.884521,47.056245],[-0.884784,47.056701],[-0.884471,47.056866],[-0.883835,47.056883],[-0.883815,47.057152],[-0.883508,47.057185],[-0.882895,47.057776],[-0.882656,47.05818],[-0.883288,47.058708],[-0.882376,47.058982],[-0.882493,47.059521],[-0.882257,47.05978],[-0.881823,47.06],[-0.881662,47.059734],[-0.881929,47.059441],[-0.8819,47.059011],[-0.880156,47.059103],[-0.87999,47.059768],[-0.880193,47.059891],[-0.879955,47.060138],[-0.880334,47.060372],[-0.880125,47.060443],[-0.880301,47.060703],[-0.880026,47.060893],[-0.880595,47.061234],[-0.881304,47.06099],[-0.881476,47.062012],[-0.881139,47.061982],[-0.880513,47.061557],[-0.879766,47.062229],[-0.879329,47.062075],[-0.879066,47.062197],[-0.878657,47.062138],[-0.878258,47.062546],[-0.878009,47.062406],[-0.877527,47.062518],[-0.877344,47.062403],[-0.876387,47.062425],[-0.876251,47.062105],[-0.875139,47.062233],[-0.874713,47.061824],[-0.873369,47.061563],[-0.873113,47.061217],[-0.871944,47.061522],[-0.87193,47.061429],[-0.871938,47.060739],[-0.873563,47.06013],[-0.873683,47.059809],[-0.874146,47.059652],[-0.874396,47.058801],[-0.8748,47.058802],[-0.875092,47.058518],[-0.875659,47.058349],[-0.875866,47.057983],[-0.876514,47.057608],[-0.87707,47.05696],[-0.878509,47.056274],[-0.87846,47.055988],[-0.877703,47.055661],[-0.877027,47.055116],[-0.87714,47.054605],[-0.876734,47.053667],[-0.875959,47.053351],[-0.875151,47.052705],[-0.874964,47.052034],[-0.875173,47.051047],[-0.873673,47.050201],[-0.872528,47.049786],[-0.872464,47.049072],[-0.870939,47.046877],[-0.86932,47.046273],[-0.868028,47.046504],[-0.866594,47.04702],[-0.864719,47.046824],[-0.863503,47.045306],[-0.864304,47.04404],[-0.864222,47.042915],[-0.861953,47.042158],[-0.860936,47.042121],[-0.860525,47.039995],[-0.860132,47.039619],[-0.859375,47.038105],[-0.857127,47.036729],[-0.845089,47.031917],[-0.844805,47.031129],[-0.843765,47.031656],[-0.841241,47.031519],[-0.838838,47.032061],[-0.83957,47.03243],[-0.839589,47.032744],[-0.839017,47.033298],[-0.838902,47.033904],[-0.838207,47.034261],[-0.838637,47.034422],[-0.838614,47.035071],[-0.837947,47.036202],[-0.836997,47.03698],[-0.836489,47.03709],[-0.835859,47.036852],[-0.835443,47.036969],[-0.835232,47.037236],[-0.834706,47.037247],[-0.834291,47.036834],[-0.833755,47.036639],[-0.833083,47.036879],[-0.833059,47.037213],[-0.833721,47.037557],[-0.833743,47.037746],[-0.832703,47.038292],[-0.832771,47.039154],[-0.832599,47.039589],[-0.832012,47.03947],[-0.831931,47.039877],[-0.831236,47.040158],[-0.831105,47.040403],[-0.830282,47.040489],[-0.83036,47.040011],[-0.830003,47.039561],[-0.829752,47.039524],[-0.829418,47.039892],[-0.829125,47.039855],[-0.828797,47.039658],[-0.829026,47.039291],[-0.828616,47.039239],[-0.828959,47.038978],[-0.828922,47.038763],[-0.828391,47.038649],[-0.828282,47.038319],[-0.827996,47.038406],[-0.827833,47.038275],[-0.827604,47.038452],[-0.826696,47.037896],[-0.826071,47.03835],[-0.82617,47.038996],[-0.825553,47.039028],[-0.825858,47.039372],[-0.825463,47.040018],[-0.824736,47.040192],[-0.82458,47.040448],[-0.823824,47.04037],[-0.82339,47.040607],[-0.8232,47.04027],[-0.822914,47.040323],[-0.822823,47.040118],[-0.822629,47.040178],[-0.822566,47.03999],[-0.822155,47.039938],[-0.821288,47.039034],[-0.82046,47.038792],[-0.820882,47.039097],[-0.820837,47.039243],[-0.82054,47.039096],[-0.820456,47.039338],[-0.820104,47.039466],[-0.82001,47.039223],[-0.819764,47.039214],[-0.818276,47.040194],[-0.817771,47.040076],[-0.817201,47.040386],[-0.816453,47.040554],[-0.816027,47.040437],[-0.81513,47.039764],[-0.814609,47.039893],[-0.813947,47.040951],[-0.812506,47.040913],[-0.81149,47.040501],[-0.811029,47.040515],[-0.81094,47.040882],[-0.810533,47.040932],[-0.810394,47.041367],[-0.810121,47.041515],[-0.810391,47.041816],[-0.810104,47.042399],[-0.809567,47.042481],[-0.809654,47.042877],[-0.809249,47.043058],[-0.809469,47.043518],[-0.809113,47.043825],[-0.809048,47.044159],[-0.809453,47.044405],[-0.809805,47.044412],[-0.809996,47.04492],[-0.809652,47.04559],[-0.808411,47.045671],[-0.807637,47.045329],[-0.807483,47.045513],[-0.806845,47.045361],[-0.8064,47.045499],[-0.806002,47.045418],[-0.805724,47.045584],[-0.805129,47.04531],[-0.804827,47.045491],[-0.804506,47.045397],[-0.804198,47.045641],[-0.804431,47.046302],[-0.80385,47.046364],[-0.804126,47.046761],[-0.803603,47.046929],[-0.803374,47.047242],[-0.802816,47.047222],[-0.801944,47.046703],[-0.801377,47.046695],[-0.800071,47.047866],[-0.79937,47.047771],[-0.799026,47.047378],[-0.798497,47.047154],[-0.798446,47.046655],[-0.798032,47.046343],[-0.797948,47.045978],[-0.797556,47.046055],[-0.797094,47.045698],[-0.796519,47.045887],[-0.794718,47.045797],[-0.794872,47.045515],[-0.794397,47.045485],[-0.794317,47.045326],[-0.79458,47.044909],[-0.794932,47.043269],[-0.79307,47.043217],[-0.790437,47.043465],[-0.788313,47.042952],[-0.786817,47.043077],[-0.786029,47.042803],[-0.785012,47.043613],[-0.785027,47.044214],[-0.784504,47.044216],[-0.782337,47.043851],[-0.780372,47.042909],[-0.778841,47.042565],[-0.777827,47.042578],[-0.777868,47.042407],[-0.777127,47.041861],[-0.776482,47.041626],[-0.775488,47.040949],[-0.774637,47.039695],[-0.773862,47.038015],[-0.77286,47.037312],[-0.768453,47.040026],[-0.766566,47.040756],[-0.766205,47.039949],[-0.765536,47.040216],[-0.765416,47.039961],[-0.765109,47.040103],[-0.764967,47.03981],[-0.763461,47.040218],[-0.76392,47.040755],[-0.763618,47.040853],[-0.762698,47.039981],[-0.760919,47.039643],[-0.760567,47.040571],[-0.758322,47.040044],[-0.758321,47.040728],[-0.757305,47.040663],[-0.756838,47.040775],[-0.755527,47.039168],[-0.753755,47.03828],[-0.75254,47.037302],[-0.751255,47.035534],[-0.750046,47.036973],[-0.750076,47.037885],[-0.749827,47.038127],[-0.749426,47.038348],[-0.748989,47.038078],[-0.748111,47.038412],[-0.745434,47.040518],[-0.744507,47.041582],[-0.744245,47.041301],[-0.743888,47.041207],[-0.743059,47.039985],[-0.741724,47.038763],[-0.740705,47.037371],[-0.737912,47.035686],[-0.738173,47.034377],[-0.73518,47.03414],[-0.737378,47.029821],[-0.736423,47.029784],[-0.735083,47.029439],[-0.735556,47.028931],[-0.734619,47.027127],[-0.733405,47.026518],[-0.732974,47.026551],[-0.730801,47.026126],[-0.730729,47.025957],[-0.731401,47.025179],[-0.731092,47.024962],[-0.731278,47.024507],[-0.731715,47.024523],[-0.732346,47.024241],[-0.731154,47.023819],[-0.729204,47.024198],[-0.72872,47.02369],[-0.730848,47.022364],[-0.73168,47.022149],[-0.731658,47.02111],[-0.731123,47.020872],[-0.73104,47.020067],[-0.732227,47.019411],[-0.733355,47.019407],[-0.736467,47.016724],[-0.735941,47.016615],[-0.735583,47.016012],[-0.733588,47.014819],[-0.733104,47.014164],[-0.732747,47.014013],[-0.732931,47.013752],[-0.730979,47.013538],[-0.730023,47.012063],[-0.729057,47.011545],[-0.728237,47.010765],[-0.725329,47.010302],[-0.723989,47.010272],[-0.724083,47.00996],[-0.725022,47.009233],[-0.726156,47.008927],[-0.727825,47.007169],[-0.727322,47.006977],[-0.725535,47.006803],[-0.725622,47.006702],[-0.721817,47.006423],[-0.717994,47.005953],[-0.71437,47.005959],[-0.712468,47.005653],[-0.710746,47.005118],[-0.708904,47.004196],[-0.706111,47.001838],[-0.705387,47.002949],[-0.704259,47.003061],[-0.702724,47.002903],[-0.702004,47.002533],[-0.702626,47.001056],[-0.701219,47.00078],[-0.702612,47.000198],[-0.703471,47.000319],[-0.704953,46.999811],[-0.705436,46.999114],[-0.705371,46.998511],[-0.705287,46.998356],[-0.702543,46.997521],[-0.698582,46.994648],[-0.699642,46.993216],[-0.700696,46.992576],[-0.702231,46.992246],[-0.703282,46.992539],[-0.70435,46.992196],[-0.703859,46.991849],[-0.703637,46.991425],[-0.704682,46.990212],[-0.706509,46.989022],[-0.707584,46.98878],[-0.709297,46.987931],[-0.710233,46.987686],[-0.711423,46.987073],[-0.711609,46.986824],[-0.712202,46.986674],[-0.713707,46.985458],[-0.713859,46.985145],[-0.714499,46.98476],[-0.715208,46.984565],[-0.715947,46.98402],[-0.716334,46.984839],[-0.718107,46.987193],[-0.723719,46.992209],[-0.726677,46.993382],[-0.728071,46.994973],[-0.72926,46.995934],[-0.731239,46.99673],[-0.732543,46.997508],[-0.734914,46.99798],[-0.736484,46.997961],[-0.739475,46.998787],[-0.743405,47.000992],[-0.743626,46.994335],[-0.74298,46.992012],[-0.744389,46.991741],[-0.747754,46.991537],[-0.750554,46.992744],[-0.753551,46.992973],[-0.754341,46.992883],[-0.75608,46.99208],[-0.756685,46.992133],[-0.756819,46.991958],[-0.757656,46.992214],[-0.759575,46.992147],[-0.761515,46.992264],[-0.76263,46.99245],[-0.76411,46.992997],[-0.765475,46.994016],[-0.76528,46.994815],[-0.767098,46.995785],[-0.76733,46.995789],[-0.768062,46.99516],[-0.768492,46.994998],[-0.768885,46.995031],[-0.768693,46.998337],[-0.767998,46.99898],[-0.768472,47.001449],[-0.768847,47.001562],[-0.768811,47.002008],[-0.769335,47.002974],[-0.769831,47.003139],[-0.770167,47.003039],[-0.770712,47.003131],[-0.771009,47.003438],[-0.771352,47.003471],[-0.771879,47.004067],[-0.772347,47.004161],[-0.772144,47.004293],[-0.772268,47.004577],[-0.773718,47.004606],[-0.773889,47.004394],[-0.773548,47.004215],[-0.774218,47.003997],[-0.774648,47.004138],[-0.775295,47.003965],[-0.77521,47.003653],[-0.776458,47.003002],[-0.77683,47.003046],[-0.776715,47.003302],[-0.77756,47.003555],[-0.77756,47.003762],[-0.778047,47.003757],[-0.778001,47.00428],[-0.778667,47.004386],[-0.779699,47.004275],[-0.779971,47.003385],[-0.780249,47.003196],[-0.780609,47.003275],[-0.781021,47.003138],[-0.781774,47.002141],[-0.782938,47.002026],[-0.783438,47.001813],[-0.784541,47.002807],[-0.784226,47.003023],[-0.784603,47.003138],[-0.784486,47.004214],[-0.784938,47.004478],[-0.784968,47.004748],[-0.786168,47.004982],[-0.786294,47.00533],[-0.786724,47.005452],[-0.787572,47.00512],[-0.78967,47.003751],[-0.789635,47.002406],[-0.791189,47.0001],[-0.792213,46.999023],[-0.792857,46.99875],[-0.792908,46.998491],[-0.79344,46.99808],[-0.794844,46.997696],[-0.795473,46.997166],[-0.796264,46.996051],[-0.800662,46.994378],[-0.80338,46.994287],[-0.804104,46.99387],[-0.804449,46.994183],[-0.805517,46.994451],[-0.806226,46.994169],[-0.807032,46.994405],[-0.809165,46.993135],[-0.810151,46.991958],[-0.810871,46.991732],[-0.81103,46.991511],[-0.809145,46.99059],[-0.808373,46.991571],[-0.806324,46.990554],[-0.805101,46.989541],[-0.807346,46.988608],[-0.808467,46.987583],[-0.808091,46.986954],[-0.808466,46.986718],[-0.808797,46.987562],[-0.809506,46.988206],[-0.809551,46.988562],[-0.809848,46.988681],[-0.81035,46.988427],[-0.8109,46.988995],[-0.810992,46.989415],[-0.812298,46.989251],[-0.812597,46.990568],[-0.815701,46.989765],[-0.813842,46.990761],[-0.811693,46.991457],[-0.811338,46.991774],[-0.811428,46.993567],[-0.811637,46.99406],[-0.811501,46.994372],[-0.811747,46.994549],[-0.815185,46.993473],[-0.815426,46.993264],[-0.816589,46.993317],[-0.817527,46.993124],[-0.81824,46.993546],[-0.81869,46.994079],[-0.826568,46.992643],[-0.828933,46.99147],[-0.82958,46.990804],[-0.831333,46.989756],[-0.831489,46.988715],[-0.83286,46.98825],[-0.834276,46.987467],[-0.835635,46.986344],[-0.836415,46.985926],[-0.836343,46.985762],[-0.838289,46.985689],[-0.839504,46.985428],[-0.839998,46.986392],[-0.841886,46.98833],[-0.842993,46.990173],[-0.843997,46.989672],[-0.844013,46.989362],[-0.846592,46.986729],[-0.847436,46.986872],[-0.84766,46.986228],[-0.847572,46.985272],[-0.847915,46.982014],[-0.848638,46.982194],[-0.849641,46.981978],[-0.852226,46.980938],[-0.853824,46.979929],[-0.854929,46.979693],[-0.85563,46.979215],[-0.856161,46.979208],[-0.857129,46.978461],[-0.857087,46.977742],[-0.856539,46.977397],[-0.855274,46.977116],[-0.85046,46.973974],[-0.849248,46.973924],[-0.849242,46.97382],[-0.850818,46.972422],[-0.851523,46.971566],[-0.8526,46.971008],[-0.85353,46.97085],[-0.853971,46.971197],[-0.854617,46.971188],[-0.855925,46.970654],[-0.858258,46.969282],[-0.860658,46.968886],[-0.860947,46.969361],[-0.861437,46.969427],[-0.861422,46.969701],[-0.861013,46.969954],[-0.861169,46.970234],[-0.862031,46.970096],[-0.862803,46.970306],[-0.862643,46.970842],[-0.862043,46.971125],[-0.863063,46.971487],[-0.863072,46.97178],[-0.862697,46.971927],[-0.862631,46.972212],[-0.863054,46.972618],[-0.864042,46.972856],[-0.86481,46.972842],[-0.865056,46.972695],[-0.865465,46.972994],[-0.866704,46.973134],[-0.867244,46.972901],[-0.866871,46.972663],[-0.867239,46.972541],[-0.868013,46.972796],[-0.867978,46.97321],[-0.868179,46.973273],[-0.868854,46.972693],[-0.869484,46.972438],[-0.869614,46.972074],[-0.869897,46.972059],[-0.870414,46.972274],[-0.87059,46.972897],[-0.871095,46.972949],[-0.871334,46.972746],[-0.871639,46.972761],[-0.871464,46.973387],[-0.871813,46.973719],[-0.872356,46.973921],[-0.873024,46.974041],[-0.873395,46.973735],[-0.873697,46.974036],[-0.874551,46.973995],[-0.874996,46.974305],[-0.876047,46.974264],[-0.876432,46.974575],[-0.877306,46.973998],[-0.877684,46.974209],[-0.877939,46.974806],[-0.879249,46.974666],[-0.880167,46.975259],[-0.879569,46.976065],[-0.880691,46.976365],[-0.880738,46.977058],[-0.881321,46.976931],[-0.881875,46.977025],[-0.882064,46.977455],[-0.882318,46.977465],[-0.882593,46.977196],[-0.882092,46.976721],[-0.882176,46.976556],[-0.882712,46.976535],[-0.883404,46.976903],[-0.883451,46.977073],[-0.884047,46.976967],[-0.884374,46.977246],[-0.884937,46.977334],[-0.885156,46.976298],[-0.885952,46.976505],[-0.886434,46.976387],[-0.886918,46.976492],[-0.888462,46.975566],[-0.888821,46.975613],[-0.88977,46.976132],[-0.890727,46.975929],[-0.892187,46.976082],[-0.89268,46.977473],[-0.892484,46.978577],[-0.89368,46.979146],[-0.89469,46.979395],[-0.89487,46.979114],[-0.895071,46.979177],[-0.894874,46.980231],[-0.896843,46.980815],[-0.89488,46.98279],[-0.89505,46.982986],[-0.893065,46.984496],[-0.893462,46.984764],[-0.893777,46.984583],[-0.895414,46.985393],[-0.895727,46.985249],[-0.89623,46.985842],[-0.895404,46.986335],[-0.896858,46.987135],[-0.898933,46.988627],[-0.897542,46.989873],[-0.899592,46.990822],[-0.90103,46.991734],[-0.900889,46.992293],[-0.9013,46.992473],[-0.902118,46.993637],[-0.902515,46.993922],[-0.903073,46.994021],[-0.903734,46.994638],[-0.904396,46.994915],[-0.907873,46.994955],[-0.908013,46.993961],[-0.908721,46.993784],[-0.908442,46.993064],[-0.908708,46.99287],[-0.90923,46.993087],[-0.90939,46.993412],[-0.910136,46.993697],[-0.910372,46.994036],[-0.910316,46.994396],[-0.911699,46.995997],[-0.912372,46.995659],[-0.911586,46.9948],[-0.911471,46.994439],[-0.910852,46.994271],[-0.912311,46.992815],[-0.91297,46.992366],[-0.913859,46.992659],[-0.915289,46.992611],[-0.915649,46.993302],[-0.914227,46.994688],[-0.916525,46.996111],[-0.917365,46.995723],[-0.918747,46.995522],[-0.918685,46.996536],[-0.919848,46.99727],[-0.920194,46.997212],[-0.920685,46.997755],[-0.921024,46.997763],[-0.921435,46.998028],[-0.92109,46.99836],[-0.920455,46.998506],[-0.920005,46.998402],[-0.91993,46.998618],[-0.917958,46.998454],[-0.91735,46.999533],[-0.916957,46.999858],[-0.916653,47.000017],[-0.91566,46.999812],[-0.914871,47.000633],[-0.915053,47.00101],[-0.915853,47.001637],[-0.917262,47.002071],[-0.919365,47.002324],[-0.919063,47.002973],[-0.919609,47.003338],[-0.919905,47.003428],[-0.920686,47.003007],[-0.920992,47.003543],[-0.922894,47.0031],[-0.922829,47.002693],[-0.923051,47.002413],[-0.924316,47.00293],[-0.925021,47.002535],[-0.9253,47.002205],[-0.924907,47.001657],[-0.925042,46.999834],[-0.928445,47.000682],[-0.928231,47.001508],[-0.928661,47.002451],[-0.9294,47.00237],[-0.930144,47.002025],[-0.931099,47.002059],[-0.931169,47.001944],[-0.932392,47.002206],[-0.932632,47.00195],[-0.933243,47.002515],[-0.933984,47.002852],[-0.934643,47.002132],[-0.935226,47.002345],[-0.934372,47.003757],[-0.93278,47.00456],[-0.931063,47.003357],[-0.931039,47.004519],[-0.930319,47.003908],[-0.929018,47.003499],[-0.928248,47.00382],[-0.928311,47.004452],[-0.927821,47.004826],[-0.927819,47.006037],[-0.927473,47.006346],[-0.927667,47.006428],[-0.927659,47.006784],[-0.929194,47.008111],[-0.930279,47.007656],[-0.93073,47.006873],[-0.931826,47.005981],[-0.932389,47.006069],[-0.93192,47.0066],[-0.932014,47.007985],[-0.93295,47.007838],[-0.933399,47.009041],[-0.934022,47.008172],[-0.934658,47.008674],[-0.933417,47.00984],[-0.933841,47.010385],[-0.934841,47.010407],[-0.937631,47.010021],[-0.939141,47.010266],[-0.939167,47.010934],[-0.939411,47.010914],[-0.922539,47.020832],[-0.922139,47.021199],[-0.914322,47.024839],[-0.913671,47.025757]],[[-0.864756,47.053633],[-0.864176,47.052679],[-0.865024,47.05193],[-0.866042,47.05256],[-0.866409,47.053112],[-0.86585,47.053567],[-0.864756,47.053633]],[[-0.890657,47.053932],[-0.890439,47.054267],[-0.890685,47.054616],[-0.889563,47.055101],[-0.889844,47.056183],[-0.88839,47.056694],[-0.888793,47.057033],[-0.888944,47.057538],[-0.88792,47.05754],[-0.887582,47.057415],[-0.887933,47.056903],[-0.888333,47.056694],[-0.8884,47.056396],[-0.888216,47.056248],[-0.888683,47.056146],[-0.888599,47.056005],[-0.88882,47.056029],[-0.888199,47.055322],[-0.887663,47.055205],[-0.88764,47.054501],[-0.888236,47.054069],[-0.889173,47.054358],[-0.889527,47.054169],[-0.889857,47.05426],[-0.890153,47.053793],[-0.890093,47.053547],[-0.890577,47.052995],[-0.891401,47.053152],[-0.89138,47.053507],[-0.890657,47.053932]],[[-0.864611,47.061729],[-0.864354,47.061954],[-0.863951,47.061796],[-0.86381,47.060746],[-0.864038,47.060592],[-0.864456,47.06084],[-0.864611,47.061729]],[[-0.888686,47.07145],[-0.888046,47.071341],[-0.887748,47.070836],[-0.887731,47.070402],[-0.887932,47.07029],[-0.888374,47.070328],[-0.888865,47.070666],[-0.888766,47.071071],[-0.88897,47.07135],[-0.888686,47.07145]],[[-0.593961,46.998759],[-0.595493,46.99791],[-0.599647,46.997558],[-0.600884,46.997817],[-0.60161,46.997765],[-0.605378,46.99668],[-0.605809,46.996664],[-0.606965,46.995884],[-0.608484,46.995579],[-0.608828,46.995234],[-0.6111,46.994423],[-0.611707,46.994054],[-0.61453,46.993537],[-0.61564,46.992889],[-0.61796,46.992751],[-0.618781,46.992342],[-0.620603,46.993759],[-0.621938,46.993911],[-0.62494,46.992792],[-0.624561,46.994115],[-0.625647,46.994812],[-0.62635,46.994855],[-0.626537,46.994548],[-0.627917,46.995691],[-0.626743,46.996879],[-0.629751,46.996798],[-0.630802,46.996965],[-0.632012,46.997465],[-0.633554,46.997483],[-0.635438,46.995724],[-0.638994,46.995527],[-0.640352,46.996116],[-0.641046,46.994672],[-0.642167,46.994818],[-0.645504,46.99212],[-0.645764,46.992069],[-0.646962,46.992308],[-0.646978,46.992578],[-0.646391,46.993443],[-0.646391,46.99368],[-0.646963,46.994091],[-0.649992,46.994917],[-0.648239,46.99622],[-0.648025,46.996594],[-0.650398,46.997689],[-0.651846,46.998122],[-0.652639,46.997851],[-0.653462,46.997772],[-0.655643,46.998395],[-0.65689,46.99911],[-0.657311,46.999199],[-0.657708,46.9986],[-0.659127,46.998856],[-0.659373,46.998488],[-0.660979,46.998839],[-0.661627,46.997686],[-0.669937,47.000802],[-0.670346,47.001061],[-0.670186,47.001741],[-0.670368,47.002636],[-0.671196,47.003207],[-0.671843,47.003185],[-0.672793,47.002831],[-0.672988,47.002432],[-0.67409,47.002134],[-0.674719,47.001621],[-0.675501,47.001555],[-0.676179,47.001885],[-0.676831,47.000296],[-0.67555,46.99998],[-0.674732,46.999172],[-0.675177,46.998708],[-0.676007,46.997074],[-0.675567,46.996648],[-0.676564,46.995917],[-0.67725,46.995118],[-0.68038,46.993238],[-0.683587,46.994322],[-0.684201,46.99471],[-0.684373,46.995426],[-0.683676,46.995894],[-0.683827,46.996251],[-0.684621,46.995922],[-0.686416,46.996315],[-0.686522,46.996759],[-0.687756,46.998575],[-0.689892,46.999579],[-0.690813,46.999525],[-0.690321,47.000263],[-0.689748,47.000308],[-0.688987,47.000622],[-0.690897,47.002448],[-0.687718,47.00486],[-0.687363,47.005295],[-0.687321,47.006211],[-0.686657,47.006224],[-0.685653,47.005919],[-0.684745,47.005416],[-0.683368,47.005002],[-0.682687,47.004396],[-0.681785,47.005602],[-0.68208,47.006439],[-0.681783,47.007021],[-0.678099,47.011712],[-0.675227,47.012603],[-0.673421,47.012649],[-0.672299,47.012437],[-0.670993,47.011897],[-0.669766,47.011723],[-0.668305,47.01314],[-0.667132,47.013971],[-0.665145,47.014999],[-0.662788,47.015767],[-0.659842,47.016468],[-0.657295,47.018798],[-0.656792,47.01994],[-0.655619,47.021235],[-0.654416,47.021729],[-0.652033,47.023925],[-0.649009,47.021858],[-0.648431,47.021124],[-0.646599,47.020358],[-0.644644,47.019147],[-0.638284,47.018551],[-0.637748,47.018385],[-0.636578,47.01747],[-0.627315,47.016906],[-0.626336,47.016375],[-0.623975,47.015561],[-0.622197,47.014721],[-0.620573,47.016082],[-0.619783,47.016448],[-0.617052,47.014745],[-0.615968,47.013517],[-0.616028,47.013155],[-0.615641,47.012741],[-0.612901,47.012102],[-0.611552,47.011999],[-0.609658,47.011457],[-0.608535,47.011395],[-0.608127,47.011136],[-0.608098,47.010115],[-0.609932,47.008553],[-0.610429,47.008239],[-0.611492,47.007923],[-0.612674,47.006553],[-0.611429,47.005765],[-0.61025,47.003917],[-0.608856,47.002893],[-0.606534,47.004678],[-0.604324,47.004602],[-0.603289,47.004873],[-0.602158,47.005482],[-0.599945,47.005417],[-0.599497,47.005722],[-0.5977,47.007345],[-0.599244,47.007755],[-0.599532,47.008896],[-0.600916,47.009374],[-0.596219,47.008484],[-0.59474,47.00948],[-0.591092,47.0077],[-0.589374,47.006348],[-0.589028,47.006216],[-0.587195,47.006228],[-0.58775,47.005337],[-0.588722,47.005002],[-0.589206,47.004511],[-0.590324,47.004531],[-0.591247,47.00394],[-0.5927,47.003709],[-0.593318,47.003226],[-0.593892,47.003157],[-0.594036,47.002879],[-0.594749,47.002794],[-0.59541,47.001981],[-0.597171,47.000769],[-0.595709,46.999711],[-0.595348,46.999885],[-0.593961,46.998759]]]}},{"type":"Feature","properties":{"uai_primary":"0491703K","uai_all":"0491703K","is_merged":false},"geometry":{"type":"Polygon","coordinates":[[[-0.573657,47.442758],[-0.572219,47.442286],[-0.571065,47.442128],[-0.571528,47.442648],[-0.571136,47.442642],[-0.570991,47.442809],[-0.571623,47.443129],[-0.570622,47.443051],[-0.571192,47.443344],[-0.569694,47.443418],[-0.570158,47.444298],[-0.570541,47.44446],[-0.570669,47.444808],[-0.57031,47.445063],[-0.570342,47.445428],[-0.569936,47.445671],[-0.570767,47.446193],[-0.570185,47.446823],[-0.569406,47.446733],[-0.568531,47.447086],[-0.567942,47.446966],[-0.567536,47.447189],[-0.566561,47.447027],[-0.566356,47.447726],[-0.565664,47.448574],[-0.563815,47.449077],[-0.563565,47.448915],[-0.56298,47.448904],[-0.561974,47.449107],[-0.56175,47.449235],[-0.561778,47.449756],[-0.561164,47.449859],[-0.560743,47.450437],[-0.55928,47.450665],[-0.558662,47.450503],[-0.557859,47.451319],[-0.5564,47.451166],[-0.55562,47.451515],[-0.555605,47.452206],[-0.554475,47.453057],[-0.554379,47.453939],[-0.553922,47.454332],[-0.553923,47.454698],[-0.553568,47.454882],[-0.55386,47.456103],[-0.554395,47.456225],[-0.554059,47.456981],[-0.552727,47.456636],[-0.551955,47.456251],[-0.551648,47.456295],[-0.551113,47.456113],[-0.550696,47.456196],[-0.550716,47.455871],[-0.550354,47.455596],[-0.548372,47.454927],[-0.548107,47.454644],[-0.547305,47.454511],[-0.546942,47.454082],[-0.547229,47.453187],[-0.546505,47.453656],[-0.545623,47.4538],[-0.545203,47.453565],[-0.545571,47.45272],[-0.545014,47.452404],[-0.544831,47.4519],[-0.542192,47.452493],[-0.540738,47.452197],[-0.540536,47.451491],[-0.539312,47.450436],[-0.539403,47.449402],[-0.537953,47.448537],[-0.537462,47.448064],[-0.537419,47.447374],[-0.537017,47.446848],[-0.537108,47.446411],[-0.536804,47.445878],[-0.536184,47.44542],[-0.535701,47.443284],[-0.534848,47.442803],[-0.538596,47.442295],[-0.539533,47.441473],[-0.54083,47.441224],[-0.546168,47.441441],[-0.549351,47.44104],[-0.550808,47.441041],[-0.552262,47.441232],[-0.551641,47.444319],[-0.553983,47.443662],[-0.555337,47.443774],[-0.556202,47.443624],[-0.556848,47.443031],[-0.557884,47.442649],[-0.559626,47.439824],[-0.559988,47.439947],[-0.561795,47.438524],[-0.561352,47.437714],[-0.561522,47.4374],[-0.564132,47.438633],[-0.565284,47.437507],[-0.569258,47.440176],[-0.571348,47.441028],[-0.573657,47.442758]],[[-0.565774,47.449389],[-0.565348,47.449067],[-0.566102,47.449069],[-0.565774,47.449389]],[[-0.553761,47.457154],[-0.553979,47.457143],[-0.553915,47.457356],[-0.553536,47.457455],[-0.553421,47.457261],[-0.553761,47.457154]]]}},{"type":"Feature","properties":{"uai_primary":"0491705M","uai_all":"0491705M","is_merged":false},"geometry":{"type":"Polygon","coordinates":[[[-0.538494,47.601959],[-0.542421,47.601806],[-0.542667,47.593847],[-0.544085,47.593608],[-0.548854,47.595196],[-0.549164,47.595013],[-0.549723,47.595092],[-0.55,47.594968],[-0.552569,47.5963],[-0.554206,47.59654],[-0.554272,47.597435],[-0.557302,47.5976],[-0.558515,47.5979],[-0.558701,47.597595],[-0.55908,47.597555],[-0.562035,47.598322],[-0.562176,47.598649],[-0.564424,47.599304],[-0.5648,47.599789],[-0.566345,47.600174],[-0.56753,47.600252],[-0.569377,47.599668],[-0.570118,47.598554],[-0.570829,47.598135],[-0.571158,47.5976],[-0.57309,47.598494],[-0.574558,47.59989],[-0.57761,47.602173],[-0.578596,47.603793],[-0.579586,47.604871],[-0.581115,47.606043],[-0.582028,47.607143],[-0.583705,47.608033],[-0.58441,47.608631],[-0.584721,47.611481],[-0.582465,47.611612],[-0.582011,47.612028],[-0.581907,47.612703],[-0.581028,47.613604],[-0.580721,47.614471],[-0.579925,47.614696],[-0.579667,47.61491],[-0.579372,47.616196],[-0.58118,47.61714],[-0.58135,47.617431],[-0.583054,47.618097],[-0.583887,47.6182],[-0.583415,47.620141],[-0.585174,47.621305],[-0.584798,47.622223],[-0.585021,47.623219],[-0.587691,47.623714],[-0.586569,47.625078],[-0.586486,47.625323],[-0.58674,47.625791],[-0.586392,47.626107],[-0.585758,47.627516],[-0.584339,47.628086],[-0.584568,47.630145],[-0.585034,47.631007],[-0.583919,47.631675],[-0.58246,47.634405],[-0.580951,47.633985],[-0.580097,47.633966],[-0.580019,47.6343],[-0.578403,47.635663],[-0.577508,47.635469],[-0.576812,47.636624],[-0.577393,47.636841],[-0.576891,47.637976],[-0.575828,47.637598],[-0.574794,47.637521],[-0.574724,47.637928],[-0.575686,47.638211],[-0.575523,47.638591],[-0.573524,47.638053],[-0.573121,47.638242],[-0.572911,47.637959],[-0.572469,47.638186],[-0.571605,47.638293],[-0.57117,47.639161],[-0.572814,47.639686],[-0.574198,47.640604],[-0.572796,47.64234],[-0.572717,47.642675],[-0.572505,47.642704],[-0.572684,47.643161],[-0.572312,47.644241],[-0.579162,47.645979],[-0.579761,47.646262],[-0.581756,47.64639],[-0.582572,47.646591],[-0.582961,47.646699],[-0.582975,47.647129],[-0.583343,47.647227],[-0.59142,47.648697],[-0.591801,47.648226],[-0.593275,47.648551],[-0.593105,47.648831],[-0.59456,47.649325],[-0.596174,47.649467],[-0.598543,47.648962],[-0.599036,47.648976],[-0.599053,47.648814],[-0.601347,47.648878],[-0.604708,47.649622],[-0.604408,47.649949],[-0.604234,47.650688],[-0.606521,47.650538],[-0.607702,47.650091],[-0.609412,47.649828],[-0.614316,47.649463],[-0.621939,47.650802],[-0.623043,47.651168],[-0.627137,47.651684],[-0.631885,47.652516],[-0.633354,47.658004],[-0.634744,47.658732],[-0.635721,47.660198],[-0.636849,47.66113],[-0.637324,47.661261],[-0.634948,47.66409],[-0.632452,47.668139],[-0.632857,47.670361],[-0.633135,47.67034],[-0.632973,47.670658],[-0.634383,47.672373],[-0.634734,47.672483],[-0.634296,47.673121],[-0.634424,47.673316],[-0.635114,47.673554],[-0.634342,47.67383],[-0.634064,47.674175],[-0.632774,47.674583],[-0.631882,47.675117],[-0.631496,47.675552],[-0.632155,47.67569],[-0.632349,47.676061],[-0.631363,47.681422],[-0.631829,47.682151],[-0.631562,47.682524],[-0.631797,47.682781],[-0.63177,47.683087],[-0.631259,47.683321],[-0.631114,47.683708],[-0.633322,47.684653],[-0.633957,47.685167],[-0.634457,47.685978],[-0.635902,47.686759],[-0.636558,47.687052],[-0.637655,47.687151],[-0.638498,47.687511],[-0.639865,47.687681],[-0.640521,47.688009],[-0.640439,47.689123],[-0.643744,47.691074],[-0.645228,47.692423],[-0.644433,47.694103],[-0.643371,47.694666],[-0.643208,47.696314],[-0.642581,47.697012],[-0.641818,47.697426],[-0.64143,47.698099],[-0.642607,47.699354],[-0.6425,47.69993],[-0.642847,47.700553],[-0.642608,47.700849],[-0.645818,47.702469],[-0.646321,47.702402],[-0.647029,47.70274],[-0.646504,47.703202],[-0.64939,47.704718],[-0.651421,47.705429],[-0.651256,47.705677],[-0.651777,47.706149],[-0.653952,47.706782],[-0.654308,47.706654],[-0.655696,47.707003],[-0.656111,47.70713],[-0.656253,47.707362],[-0.658112,47.706132],[-0.658996,47.706103],[-0.66268,47.707589],[-0.662235,47.707986],[-0.662152,47.70831],[-0.663825,47.712736],[-0.664633,47.715864],[-0.665925,47.719485],[-0.667883,47.723874],[-0.668559,47.724921],[-0.668212,47.725838],[-0.665823,47.727764],[-0.663784,47.728731],[-0.660094,47.730017],[-0.656911,47.73143],[-0.652276,47.734078],[-0.650846,47.734497],[-0.648979,47.734748],[-0.645976,47.737159],[-0.645299,47.736718],[-0.645235,47.736249],[-0.643907,47.735598],[-0.643349,47.735642],[-0.642585,47.735997],[-0.64157,47.737092],[-0.641247,47.736948],[-0.640864,47.736329],[-0.640342,47.736084],[-0.637215,47.735925],[-0.635921,47.735224],[-0.635893,47.735597],[-0.635157,47.735789],[-0.634891,47.736913],[-0.634441,47.737252],[-0.633939,47.737408],[-0.633488,47.73736],[-0.633064,47.737565],[-0.632167,47.736915],[-0.629717,47.73699],[-0.628208,47.73852],[-0.626868,47.737684],[-0.623171,47.737786],[-0.620882,47.736864],[-0.620681,47.736508],[-0.618657,47.736453],[-0.615433,47.735889],[-0.61082,47.735691],[-0.610087,47.736924],[-0.608385,47.737506],[-0.607739,47.737883],[-0.607308,47.738524],[-0.607155,47.739363],[-0.606255,47.740046],[-0.604148,47.743206],[-0.60281,47.742826],[-0.601902,47.743782],[-0.600212,47.743111],[-0.59965,47.743884],[-0.598134,47.744797],[-0.597357,47.745908],[-0.596375,47.74591],[-0.596549,47.746905],[-0.595759,47.747742],[-0.595234,47.747846],[-0.594594,47.749287],[-0.592638,47.750146],[-0.592144,47.750655],[-0.591973,47.751228],[-0.592399,47.751934],[-0.591989,47.752786],[-0.591574,47.752694],[-0.591201,47.753505],[-0.590685,47.753862],[-0.590278,47.754541],[-0.588721,47.756034],[-0.586316,47.756889],[-0.58488,47.758912],[-0.582679,47.756433],[-0.5825,47.756355],[-0.580976,47.756836],[-0.579925,47.755516],[-0.57905,47.755589],[-0.578951,47.754612],[-0.575948,47.75347],[-0.574618,47.75318],[-0.572901,47.753054],[-0.572815,47.753792],[-0.570966,47.755048],[-0.570809,47.756102],[-0.570151,47.756136],[-0.569965,47.755996],[-0.567329,47.756154],[-0.56723,47.756438],[-0.565522,47.756262],[-0.564973,47.757166],[-0.563864,47.757082],[-0.56319,47.757631],[-0.56092,47.757787],[-0.558745,47.75677],[-0.556943,47.756324],[-0.553905,47.755027],[-0.551759,47.753594],[-0.550151,47.754087],[-0.547066,47.753641],[-0.546736,47.75317],[-0.542768,47.752418],[-0.539638,47.752178],[-0.538605,47.751738],[-0.536369,47.751295],[-0.535604,47.750859],[-0.532859,47.750822],[-0.531798,47.751825],[-0.531346,47.751945],[-0.531386,47.752318],[-0.531081,47.752624],[-0.525586,47.756802],[-0.523595,47.759706],[-0.519551,47.764116],[-0.517697,47.769483],[-0.517954,47.770177],[-0.517869,47.770611],[-0.518927,47.771288],[-0.518796,47.771756],[-0.519393,47.772222],[-0.519579,47.773153],[-0.519763,47.773261],[-0.519835,47.773821],[-0.518972,47.774203],[-0.518849,47.774432],[-0.52118,47.774536],[-0.521221,47.774943],[-0.520623,47.77505],[-0.521181,47.775317],[-0.521076,47.776093],[-0.52131,47.77671],[-0.520406,47.777683],[-0.520789,47.777788],[-0.521628,47.780946],[-0.522783,47.782666],[-0.522275,47.783665],[-0.519838,47.786593],[-0.519305,47.787506],[-0.518434,47.787042],[-0.517796,47.786101],[-0.516041,47.785376],[-0.513177,47.785509],[-0.511586,47.785733],[-0.510504,47.785702],[-0.509787,47.786278],[-0.509073,47.786329],[-0.508092,47.785914],[-0.506435,47.784667],[-0.503694,47.784407],[-0.501868,47.783695],[-0.500496,47.782681],[-0.498029,47.781992],[-0.497283,47.781449],[-0.495561,47.781283],[-0.494516,47.780975],[-0.494199,47.781272],[-0.492579,47.780386],[-0.492246,47.778446],[-0.489886,47.778286],[-0.488373,47.778021],[-0.487491,47.778085],[-0.484561,47.780203],[-0.483013,47.779422],[-0.478926,47.775975],[-0.478273,47.774987],[-0.477769,47.774697],[-0.477611,47.774191],[-0.476957,47.774248],[-0.472597,47.77074],[-0.470798,47.76958],[-0.469726,47.769043],[-0.466432,47.768194],[-0.465799,47.768288],[-0.465709,47.768626],[-0.46461,47.768906],[-0.46401,47.768036],[-0.460743,47.765317],[-0.460103,47.76495],[-0.459827,47.764252],[-0.456351,47.759187],[-0.454189,47.757122],[-0.454615,47.75646],[-0.453555,47.756365],[-0.453029,47.75459],[-0.452768,47.754339],[-0.452213,47.754177],[-0.45233,47.752193],[-0.45194,47.748936],[-0.454207,47.745408],[-0.453083,47.745048],[-0.453291,47.744832],[-0.451428,47.743934],[-0.451571,47.74352],[-0.450288,47.743008],[-0.448567,47.743449],[-0.446758,47.74322],[-0.446801,47.742789],[-0.444728,47.742115],[-0.444471,47.74153],[-0.443191,47.740801],[-0.439177,47.749489],[-0.438302,47.753128],[-0.439475,47.758858],[-0.441576,47.763845],[-0.440516,47.764625],[-0.439459,47.763794],[-0.438389,47.76373],[-0.438011,47.763389],[-0.435376,47.764461],[-0.433478,47.765735],[-0.432441,47.765968],[-0.432149,47.765759],[-0.430785,47.765895],[-0.430603,47.766067],[-0.431032,47.766256],[-0.430713,47.766945],[-0.42949,47.767692],[-0.428588,47.767777],[-0.425721,47.75378],[-0.425085,47.751672],[-0.423793,47.749262],[-0.425496,47.746778],[-0.426184,47.745086],[-0.428431,47.744095],[-0.434548,47.741892],[-0.438714,47.740564],[-0.440509,47.739698],[-0.438091,47.738943],[-0.436124,47.739193],[-0.435312,47.739107],[-0.435108,47.738699],[-0.434294,47.738568],[-0.43393,47.738349],[-0.432686,47.737244],[-0.431688,47.736723],[-0.431164,47.736258],[-0.432251,47.735652],[-0.43732,47.733855],[-0.441273,47.73278],[-0.44367,47.731721],[-0.445761,47.728194],[-0.446305,47.726152],[-0.446499,47.723607],[-0.445962,47.721813],[-0.445136,47.720995],[-0.444405,47.720541],[-0.44045,47.718886],[-0.439724,47.718355],[-0.436599,47.714957],[-0.436361,47.714164],[-0.436391,47.713229],[-0.437608,47.7107],[-0.439525,47.708513],[-0.440896,47.707563],[-0.442091,47.706974],[-0.448661,47.704441],[-0.449367,47.703661],[-0.449266,47.702656],[-0.446688,47.699896],[-0.446647,47.699413],[-0.444672,47.697528],[-0.444113,47.696703],[-0.443655,47.695467],[-0.44317,47.694896],[-0.439433,47.692882],[-0.437819,47.691816],[-0.437253,47.69126],[-0.437095,47.690092],[-0.437694,47.688034],[-0.438438,47.68636],[-0.439496,47.685407],[-0.438306,47.684723],[-0.437028,47.684412],[-0.429017,47.683994],[-0.425462,47.683549],[-0.424716,47.683047],[-0.424223,47.682224],[-0.424391,47.681771],[-0.423436,47.680984],[-0.420127,47.679189],[-0.418611,47.677665],[-0.417509,47.67589],[-0.417347,47.675879],[-0.417052,47.675188],[-0.41862,47.671056],[-0.419923,47.671163],[-0.421462,47.669473],[-0.422085,47.66809],[-0.421723,47.667993],[-0.422026,47.667269],[-0.421557,47.667167],[-0.421562,47.666902],[-0.422421,47.666978],[-0.423008,47.666867],[-0.423218,47.665806],[-0.422592,47.662216],[-0.422099,47.662232],[-0.421599,47.662547],[-0.420595,47.662255],[-0.420235,47.662362],[-0.418656,47.662242],[-0.417226,47.663042],[-0.413663,47.663027],[-0.413651,47.661269],[-0.411527,47.661667],[-0.409608,47.660148],[-0.408594,47.660228],[-0.407792,47.659713],[-0.404374,47.659373],[-0.403296,47.658719],[-0.402299,47.659005],[-0.400134,47.658582],[-0.398944,47.658504],[-0.395718,47.659161],[-0.392473,47.660014],[-0.39206,47.660268],[-0.390419,47.6604],[-0.389204,47.660663],[-0.387543,47.661235],[-0.386896,47.661644],[-0.386111,47.660583],[-0.386355,47.660136],[-0.385279,47.659753],[-0.384499,47.659116],[-0.383577,47.659301],[-0.383354,47.65866],[-0.382202,47.658673],[-0.381674,47.658441],[-0.382473,47.65588],[-0.38211,47.654621],[-0.38242,47.654437],[-0.382964,47.6531],[-0.38252,47.652751],[-0.382544,47.652209],[-0.383228,47.652058],[-0.383794,47.650322],[-0.384489,47.649481],[-0.384403,47.648578],[-0.384948,47.646545],[-0.384888,47.641424],[-0.386555,47.637617],[-0.386298,47.636648],[-0.387361,47.632589],[-0.389657,47.632477],[-0.392591,47.633158],[-0.3942,47.633303],[-0.398674,47.633009],[-0.401173,47.632585],[-0.406072,47.630099],[-0.407707,47.628258],[-0.409412,47.627556],[-0.410144,47.627055],[-0.410778,47.626127],[-0.411062,47.624641],[-0.412094,47.624628],[-0.413583,47.624921],[-0.413916,47.624893],[-0.414242,47.624554],[-0.414826,47.624352],[-0.41576,47.624554],[-0.417839,47.624599],[-0.419227,47.62236],[-0.420579,47.621296],[-0.422643,47.618803],[-0.425175,47.616484],[-0.426134,47.614485],[-0.426531,47.612596],[-0.426975,47.611503],[-0.427737,47.610787],[-0.429217,47.609848],[-0.430087,47.609545],[-0.432749,47.607507],[-0.435236,47.605053],[-0.436244,47.604369],[-0.451841,47.595542],[-0.456498,47.592069],[-0.457634,47.592601],[-0.458853,47.592571],[-0.461588,47.592134],[-0.462622,47.592167],[-0.470221,47.589556],[-0.471218,47.589447],[-0.472529,47.589631],[-0.473194,47.58938],[-0.474965,47.589243],[-0.480303,47.587684],[-0.481203,47.589063],[-0.481968,47.58934],[-0.483079,47.590028],[-0.483121,47.590272],[-0.483977,47.591138],[-0.483459,47.591658],[-0.484122,47.59318],[-0.485814,47.594301],[-0.487644,47.596176],[-0.489152,47.597113],[-0.491986,47.598348],[-0.493477,47.597276],[-0.496956,47.597948],[-0.501483,47.596978],[-0.503888,47.59888],[-0.504886,47.59992],[-0.505952,47.601488],[-0.506917,47.60169],[-0.507574,47.602021],[-0.507985,47.602463],[-0.508333,47.602502],[-0.509155,47.602082],[-0.510594,47.601719],[-0.511072,47.601323],[-0.51106,47.600922],[-0.511496,47.600635],[-0.511983,47.599478],[-0.514742,47.599951],[-0.51522,47.599723],[-0.51582,47.599674],[-0.518156,47.600331],[-0.518105,47.600553],[-0.519169,47.600728],[-0.519252,47.601061],[-0.521778,47.601201],[-0.521859,47.601479],[-0.523921,47.601659],[-0.525853,47.600495],[-0.529032,47.600242],[-0.529699,47.600333],[-0.529749,47.600573],[-0.533822,47.602146],[-0.538494,47.601959]],[[-0.432518,47.749237],[-0.432159,47.749291],[-0.432126,47.749635],[-0.431563,47.749473],[-0.431342,47.749637],[-0.43153,47.750778],[-0.432049,47.750986],[-0.431971,47.751342],[-0.432223,47.751729],[-0.433735,47.751641],[-0.43226,47.750462],[-0.432204,47.750273],[-0.432449,47.750068],[-0.43303,47.749856],[-0.432518,47.749237]]]}},{"type":"Feature","properties":{"uai_primary":"0491706N","uai_all":"0491706N","is_merged":false},"geometry":{"type":"Polygon","coordinates":[[[-1.060705,47.019082],[-1.060632,47.019381],[-1.060044,47.019623],[-1.059406,47.019448],[-1.058936,47.019048],[-1.058393,47.019025],[-1.058256,47.018506],[-1.059012,47.018461],[-1.059322,47.01819],[-1.05969,47.018255],[-1.060234,47.018091],[-1.060426,47.018273],[-1.060068,47.018769],[-1.060705,47.019082]],[[-1.062831,47.020463],[-1.062522,47.020026],[-1.062105,47.019985],[-1.061773,47.019573],[-1.062025,47.019445],[-1.063298,47.019693],[-1.063826,47.019149],[-1.064301,47.019406],[-1.064234,47.01952],[-1.063819,47.019728],[-1.063356,47.019723],[-1.063432,47.020232],[-1.062831,47.020463]],[[-0.991341,47.097302],[-0.990764,47.096941],[-0.990329,47.095821],[-0.992247,47.095279],[-0.992544,47.095964],[-0.993169,47.096255],[-0.992939,47.096516],[-0.99257,47.096463],[-0.992292,47.096894],[-0.991341,47.097302]],[[-0.994309,47.107634],[-0.994535,47.107931],[-0.994212,47.108019],[-0.993749,47.108029],[-0.993225,47.107837],[-0.993645,47.10755],[-0.994309,47.107634]],[[-0.994364,47.11927],[-0.993933,47.119103],[-0.99404,47.118771],[-0.995119,47.118403],[-0.995341,47.119021],[-0.994883,47.119273],[-0.994364,47.11927]],[[-0.994417,47.119902],[-0.994339,47.120379],[-0.993974,47.120355],[-0.993781,47.119958],[-0.994417,47.119902]],[[-1.007538,47.121315],[-1.00785,47.121329],[-1.008054,47.12116],[-1.008954,47.121488],[-1.00951,47.1219],[-1.010365,47.122961],[-1.00881,47.122885],[-1.007658,47.122048],[-1.006896,47.122045],[-1.006174,47.122332],[-1.003309,47.122304],[-1.002781,47.122776],[-1.000954,47.123793],[-0.999751,47.123434],[-0.99788,47.123587],[-0.996912,47.12375],[-0.996814,47.124263],[-0.996373,47.124063],[-0.996063,47.123545],[-0.996553,47.122996],[-0.997621,47.122989],[-0.998343,47.12235],[-0.999519,47.122646],[-1.000003,47.122174],[-1.000518,47.122125],[-1.001392,47.121611],[-1.002207,47.121714],[-1.002447,47.121541],[-1.004343,47.121435],[-1.004443,47.121711],[-1.004667,47.121778],[-1.004982,47.121662],[-1.005027,47.121326],[-1.00538,47.121045],[-1.007538,47.121315]],[[-0.989597,47.098486],[-0.989971,47.098304],[-0.990307,47.098445],[-0.990193,47.098618],[-0.990412,47.098956],[-0.990883,47.099128],[-0.991256,47.098563],[-0.991675,47.098623],[-0.992029,47.098963],[-0.991621,47.099208],[-0.991604,47.099447],[-0.99119,47.099834],[-0.990433,47.099658],[-0.990186,47.100177],[-0.989382,47.100188],[-0.990025,47.099602],[-0.989372,47.099245],[-0.989539,47.099061],[-0.98938,47.098688],[-0.989597,47.098486]],[[-0.992376,47.10446],[-0.991177,47.105087],[-0.990642,47.104694],[-0.99044,47.10418],[-0.989597,47.103351],[-0.990486,47.103038],[-0.99058,47.102728],[-0.991273,47.102232],[-0.991634,47.101708],[-0.992273,47.101473],[-0.992692,47.101546],[-0.99288,47.101349],[-0.993314,47.101487],[-0.993671,47.101913],[-0.993391,47.102111],[-0.99328,47.102762],[-0.993694,47.103265],[-0.993878,47.10395],[-0.993191,47.104398],[-0.992376,47.10446]],[[-0.99056,47.106068],[-0.99037,47.10572],[-0.99112,47.10564],[-0.991165,47.105927],[-0.99056,47.106068]],[[-0.991142,47.116461],[-0.99102,47.116207],[-0.991169,47.115977],[-0.992046,47.115657],[-0.992562,47.115902],[-0.992519,47.11626],[-0.991936,47.116631],[-0.991142,47.116461]],[[-0.987915,47.116891],[-0.987409,47.117954],[-0.986934,47.117816],[-0.98618,47.117296],[-0.98704,47.116747],[-0.987177,47.116085],[-0.98897,47.115362],[-0.989451,47.116143],[-0.989371,47.116418],[-0.988038,47.11667],[-0.987915,47.116891]],[[-0.990073,47.123702],[-0.990586,47.123336],[-0.990837,47.123494],[-0.991566,47.123535],[-0.991545,47.123645],[-0.991015,47.123671],[-0.990395,47.124524],[-0.989472,47.124737],[-0.989537,47.125152],[-0.989091,47.125663],[-0.988587,47.125557],[-0.987674,47.124998],[-0.987101,47.125113],[-0.987064,47.124736],[-0.98789,47.124286],[-0.988321,47.123816],[-0.988198,47.123609],[-0.988624,47.123368],[-0.988901,47.123257],[-0.989237,47.12335],[-0.989551,47.123716],[-0.990073,47.123702]],[[-0.985748,47.128569],[-0.985435,47.12904],[-0.984124,47.129956],[-0.981053,47.132977],[-0.97845,47.135123],[-0.974427,47.137208],[-0.95613,47.144482],[-0.955487,47.144172],[-0.955045,47.144188],[-0.95533,47.143166],[-0.981411,47.127601],[-0.981971,47.127363],[-0.982787,47.12754],[-0.982882,47.127232],[-0.982264,47.126581],[-0.982297,47.126143],[-0.98259,47.126095],[-0.982879,47.12657],[-0.983155,47.126482],[-0.983237,47.126201],[-0.983829,47.126374],[-0.983903,47.126218],[-0.984373,47.126183],[-0.984827,47.12571],[-0.985535,47.125835],[-0.985785,47.125482],[-0.985741,47.125176],[-0.986227,47.125097],[-0.986221,47.124831],[-0.986572,47.124853],[-0.986586,47.125025],[-0.987047,47.125158],[-0.986946,47.125591],[-0.987439,47.125806],[-0.987677,47.126153],[-0.985748,47.128569]],[[-0.944958,47.167971],[-0.945682,47.168489],[-0.946854,47.168188],[-0.947133,47.168474],[-0.947788,47.168588],[-0.948232,47.16898],[-0.948284,47.170063],[-0.947166,47.169616],[-0.946392,47.168864],[-0.945629,47.168615],[-0.942491,47.168131],[-0.933818,47.163848],[-0.937397,47.158525],[-0.942064,47.163783],[-0.943477,47.165775],[-0.944341,47.167427],[-0.944958,47.167971]],[[-0.957229,47.166955],[-0.959224,47.162669],[-0.96047,47.160844],[-0.990197,47.166419],[-0.985403,47.174946],[-0.967045,47.171968],[-0.95899,47.169325],[-0.957229,47.166955]],[[-0.955051,47.170688],[-0.954851,47.170473],[-0.954912,47.170203],[-0.955389,47.169867],[-0.95521,47.170119],[-0.955482,47.170513],[-0.955383,47.170667],[-0.955051,47.170688]],[[-0.951476,47.171124],[-0.951734,47.171675],[-0.951401,47.171906],[-0.950933,47.171842],[-0.95024,47.171447],[-0.950021,47.170907],[-0.948901,47.170565],[-0.948514,47.17063],[-0.948412,47.170218],[-0.948748,47.170164],[-0.948922,47.169961],[-0.949168,47.170249],[-0.949811,47.169998],[-0.950812,47.17028],[-0.951446,47.170248],[-0.951476,47.171124]],[[-1.019901,47.181338],[-1.019659,47.182421],[-1.019966,47.182636],[-1.019801,47.183024],[-1.019389,47.183302],[-1.019128,47.183078],[-1.01955,47.182751],[-1.019547,47.18246],[-1.01917,47.182053],[-1.019175,47.181615],[-1.018853,47.181399],[-1.018299,47.181382],[-1.017851,47.181015],[-1.017765,47.180718],[-1.018073,47.180472],[-1.018095,47.180184],[-1.017762,47.18002],[-1.016122,47.179815],[-1.015289,47.179455],[-1.012359,47.1787],[-1.007408,47.17405],[-1.020734,47.176535],[-1.019282,47.179803],[-1.019284,47.180921],[-1.019901,47.181338]],[[-1.022943,47.181847],[-1.022698,47.181922],[-1.021866,47.181543],[-1.021662,47.181023],[-1.02217,47.180861],[-1.02409,47.180764],[-1.022943,47.181847]],[[-0.995042,47.199316],[-0.99517,47.199486],[-0.994925,47.19955],[-0.994963,47.199708],[-0.995276,47.200173],[-0.994659,47.20063],[-0.995108,47.200914],[-0.994417,47.201065],[-0.994491,47.201607],[-0.993877,47.20171],[-0.993852,47.201826],[-0.993332,47.201618],[-0.99324,47.201114],[-0.993973,47.20048],[-0.994415,47.200312],[-0.994714,47.199715],[-0.99447,47.199224],[-0.994603,47.198884],[-0.994435,47.198618],[-0.994606,47.198441],[-0.994475,47.198339],[-0.99419,47.198528],[-0.992427,47.197819],[-0.993608,47.197371],[-0.994536,47.198125],[-0.995138,47.198365],[-0.994923,47.198775],[-0.995287,47.199049],[-0.995042,47.199316]],[[-0.999114,47.205066],[-0.998804,47.205129],[-0.9984,47.20493],[-0.997889,47.204911],[-0.997454,47.204623],[-0.997928,47.204037],[-0.998917,47.203722],[-0.999364,47.204131],[-0.998924,47.204469],[-0.999013,47.204575],[-0.999621,47.204763],[-1.000207,47.204611],[-1.000232,47.204728],[-0.999901,47.205445],[-0.999624,47.20519],[-0.999114,47.205066]],[[-1.166813,47.188317],[-1.156391,47.196402],[-1.153428,47.196973],[-1.152116,47.197723],[-1.149664,47.198798],[-1.148092,47.200545],[-1.148009,47.20086],[-1.147506,47.200754],[-1.147481,47.200473],[-1.146849,47.200201],[-1.145748,47.200104],[-1.145616,47.19945],[-1.145271,47.199288],[-1.145159,47.198985],[-1.14528,47.198129],[-1.144863,47.197692],[-1.143732,47.197527],[-1.142509,47.197127],[-1.142183,47.197454],[-1.142313,47.197748],[-1.141731,47.198234],[-1.141714,47.198625],[-1.141039,47.199767],[-1.139821,47.20106],[-1.139316,47.201276],[-1.139255,47.201594],[-1.138173,47.202089],[-1.137068,47.203709],[-1.135895,47.204478],[-1.134683,47.206011],[-1.134462,47.206594],[-1.134693,47.207001],[-1.134622,47.207466],[-1.13403,47.209339],[-1.134518,47.21001],[-1.134307,47.210568],[-1.134614,47.211389],[-1.134966,47.211329],[-1.135676,47.211775],[-1.135509,47.212868],[-1.133909,47.213901],[-1.133885,47.214724],[-1.133527,47.214845],[-1.133137,47.214726],[-1.132125,47.214774],[-1.131835,47.215232],[-1.131828,47.215866],[-1.130824,47.216268],[-1.130291,47.21734],[-1.12973,47.217808],[-1.128838,47.218072],[-1.126966,47.217913],[-1.126682,47.218143],[-1.126795,47.218558],[-1.126515,47.218555],[-1.12523,47.219357],[-1.124488,47.219067],[-1.123294,47.219031],[-1.122902,47.219382],[-1.122607,47.220383],[-1.120838,47.219711],[-1.117948,47.217952],[-1.115775,47.217026],[-1.115634,47.216896],[-1.116129,47.216385],[-1.114908,47.215882],[-1.11536,47.214698],[-1.114147,47.2151],[-1.113663,47.215673],[-1.112975,47.21521],[-1.111457,47.214635],[-1.10486,47.215822],[-1.103933,47.215805],[-1.102595,47.21553],[-1.100213,47.214475],[-1.09941,47.214319],[-1.097105,47.214433],[-1.094961,47.213956],[-1.094,47.214435],[-1.093822,47.211649],[-1.093214,47.2104],[-1.09289,47.210193],[-1.092535,47.208886],[-1.093967,47.208763],[-1.094681,47.208562],[-1.094291,47.207628],[-1.095109,47.206123],[-1.094617,47.205552],[-1.091503,47.205903],[-1.088379,47.206065],[-1.089035,47.205032],[-1.086376,47.20411],[-1.082842,47.203196],[-1.080416,47.202177],[-1.079292,47.201963],[-1.078396,47.201965],[-1.079725,47.199912],[-1.079127,47.198804],[-1.078852,47.198632],[-1.076187,47.197992],[-1.075502,47.196127],[-1.077141,47.195621],[-1.079904,47.193858],[-1.084346,47.191965],[-1.090018,47.189105],[-1.093856,47.187506],[-1.095672,47.184019],[-1.096296,47.183117],[-1.0979,47.181522],[-1.099532,47.181253],[-1.100274,47.18095],[-1.101163,47.181421],[-1.101621,47.181386],[-1.10211,47.181682],[-1.10361,47.182058],[-1.105309,47.181081],[-1.106535,47.180996],[-1.107637,47.181345],[-1.10955,47.180896],[-1.109912,47.180286],[-1.110554,47.180042],[-1.110372,47.179326],[-1.108986,47.17924],[-1.108581,47.179428],[-1.108442,47.179909],[-1.108175,47.180003],[-1.107092,47.179655],[-1.106634,47.179736],[-1.105985,47.179572],[-1.105703,47.179914],[-1.105711,47.180334],[-1.105454,47.180043],[-1.10479,47.179996],[-1.103062,47.179307],[-1.101969,47.179234],[-1.100329,47.178772],[-1.099046,47.178115],[-1.096983,47.176651],[-1.093734,47.173463],[-1.090203,47.169101],[-1.08842,47.166108],[-1.086019,47.167254],[-1.08075,47.169222],[-1.078579,47.169874],[-1.073201,47.17101],[-1.047924,47.184401],[-1.043538,47.179463],[-1.040135,47.174815],[-1.040077,47.171836],[-1.045094,47.165745],[-1.044833,47.15981],[-1.043656,47.156681],[-1.039238,47.152561],[-1.034947,47.149087],[-1.02935,47.155099],[-1.025385,47.160432],[-1.01456,47.162642],[-1.009788,47.163849],[-0.991118,47.165162],[-0.990728,47.158109],[-0.989401,47.150719],[-0.99047,47.150757],[-0.992586,47.149747],[-0.994089,47.1493],[-0.994474,47.149556],[-0.995238,47.149684],[-0.995,47.151238],[-0.995079,47.152147],[-0.995176,47.152684],[-0.995604,47.153333],[-0.997534,47.152658],[-0.999056,47.151604],[-1.000133,47.151445],[-1.001148,47.151594],[-1.001208,47.141143],[-0.995789,47.139074],[-0.993868,47.137687],[-0.993558,47.135876],[-0.994543,47.13407],[-0.993925,47.133541],[-0.993553,47.131827],[-0.997533,47.132094],[-0.999456,47.133191],[-0.999462,47.131727],[-0.999098,47.13022],[-1.004221,47.128715],[-1.00591,47.129228],[-1.009969,47.130873],[-1.01323,47.131501],[-1.019323,47.132049],[-1.032141,47.132132],[-1.03202,47.130791],[-1.035999,47.116561],[-1.042091,47.118346],[-1.054984,47.121625],[-1.055353,47.121647],[-1.056001,47.121342],[-1.056017,47.120976],[-1.056858,47.120837],[-1.056632,47.120326],[-1.056852,47.119717],[-1.05657,47.119184],[-1.04639,47.116985],[-1.036268,47.114108],[-1.035742,47.106088],[-1.03748,47.104463],[-1.035565,47.088147],[-1.033906,47.079075],[-1.033008,47.075722],[-1.032486,47.071687],[-1.032704,47.071373],[-1.032856,47.070107],[-1.034061,47.070021],[-1.033959,47.069666],[-1.034275,47.069478],[-1.037426,47.068232],[-1.038363,47.068104],[-1.038371,47.067549],[-1.039566,47.067823],[-1.0382,47.069219],[-1.036983,47.069765],[-1.035791,47.070638],[-1.037,47.071828],[-1.039291,47.07315],[-1.041014,47.073183],[-1.041901,47.072712],[-1.042853,47.071418],[-1.046194,47.068615],[-1.044095,47.065867],[-1.042919,47.063977],[-1.042626,47.062442],[-1.04296,47.059505],[-1.03872,47.061387],[-1.035995,47.059692],[-1.033791,47.058073],[-1.032772,47.057029],[-1.045888,47.055652],[-1.064529,47.035175],[-1.071145,47.030967],[-1.077761,47.02738],[-1.082194,47.025333],[-1.089362,47.022393],[-1.087117,47.012797],[-1.089042,47.014462],[-1.090419,47.015135],[-1.092283,47.01574],[-1.093014,47.015717],[-1.094803,47.015251],[-1.095942,47.0141],[-1.096643,47.013687],[-1.097355,47.013535],[-1.098481,47.014371],[-1.100387,47.014816],[-1.105467,47.014958],[-1.105699,47.01527],[-1.107444,47.015627],[-1.108549,47.01575],[-1.11027,47.015671],[-1.111022,47.015809],[-1.111507,47.016098],[-1.111596,47.016414],[-1.112839,47.016851],[-1.113996,47.018691],[-1.118466,47.020735],[-1.123287,47.021523],[-1.126411,47.021579],[-1.126458,47.02177],[-1.127622,47.021439],[-1.128401,47.021443],[-1.129601,47.021746],[-1.131579,47.022603],[-1.13311,47.022727],[-1.134633,47.023725],[-1.134746,47.023932],[-1.134526,47.024362],[-1.134809,47.024579],[-1.135494,47.024587],[-1.1374,47.025085],[-1.138013,47.025039],[-1.13822,47.024648],[-1.139511,47.024424],[-1.143464,47.024747],[-1.144891,47.025727],[-1.145813,47.026781],[-1.145819,47.027729],[-1.147044,47.02835],[-1.148372,47.029454],[-1.146733,47.02964],[-1.145036,47.030433],[-1.144271,47.03116],[-1.142571,47.031241],[-1.141568,47.031685],[-1.140082,47.032059],[-1.139352,47.032685],[-1.138093,47.033189],[-1.1375,47.033626],[-1.136414,47.034965],[-1.134408,47.034898],[-1.132884,47.034409],[-1.132028,47.035395],[-1.131771,47.036062],[-1.131293,47.036319],[-1.130699,47.036317],[-1.12948,47.035683],[-1.128465,47.036054],[-1.12673,47.03608],[-1.126284,47.036386],[-1.126199,47.037378],[-1.124455,47.038422],[-1.124016,47.03849],[-1.123368,47.038363],[-1.122976,47.038481],[-1.122021,47.038223],[-1.121594,47.038252],[-1.120572,47.038654],[-1.120388,47.039008],[-1.11995,47.038986],[-1.11941,47.039293],[-1.11903,47.039303],[-1.118937,47.039488],[-1.118675,47.039459],[-1.117777,47.040083],[-1.117554,47.039885],[-1.117363,47.039949],[-1.117075,47.041282],[-1.11668,47.041436],[-1.117119,47.042347],[-1.117032,47.043163],[-1.11727,47.044484],[-1.117765,47.045186],[-1.117595,47.045982],[-1.118806,47.04708],[-1.119398,47.048253],[-1.119754,47.050455],[-1.120525,47.053223],[-1.121041,47.056134],[-1.120957,47.056857],[-1.120024,47.057741],[-1.11803,47.058475],[-1.116796,47.059775],[-1.114905,47.06134],[-1.114761,47.061788],[-1.115292,47.062745],[-1.118285,47.063466],[-1.118719,47.064189],[-1.119387,47.064411],[-1.120727,47.064431],[-1.122177,47.064023],[-1.123646,47.064524],[-1.125541,47.064613],[-1.126424,47.064384],[-1.127785,47.063764],[-1.12911,47.063824],[-1.130386,47.064303],[-1.131187,47.065055],[-1.131852,47.065223],[-1.132255,47.06558],[-1.133335,47.065726],[-1.135275,47.066449],[-1.136418,47.067241],[-1.13797,47.067606],[-1.13932,47.06815],[-1.141324,47.067801],[-1.141842,47.067894],[-1.142399,47.068271],[-1.14296,47.068006],[-1.143418,47.068157],[-1.143905,47.068108],[-1.145778,47.068616],[-1.146845,47.069002],[-1.147217,47.06933],[-1.148878,47.069838],[-1.150043,47.069975],[-1.150473,47.069819],[-1.150909,47.070519],[-1.152276,47.071277],[-1.154232,47.071799],[-1.154843,47.072361],[-1.155332,47.072507],[-1.155941,47.07335],[-1.157385,47.074562],[-1.158032,47.075396],[-1.158224,47.075982],[-1.158971,47.076883],[-1.159171,47.078508],[-1.161297,47.078763],[-1.161454,47.079249],[-1.162169,47.079646],[-1.162321,47.081072],[-1.162656,47.08148],[-1.163052,47.081597],[-1.163115,47.081934],[-1.163519,47.081937],[-1.163618,47.08206],[-1.163381,47.083056],[-1.163985,47.084007],[-1.16407,47.084948],[-1.163818,47.086086],[-1.164911,47.086903],[-1.166128,47.087344],[-1.166486,47.087727],[-1.166825,47.08775],[-1.167404,47.088416],[-1.168127,47.088908],[-1.168576,47.089537],[-1.16823,47.090451],[-1.168316,47.091009],[-1.168582,47.091318],[-1.168637,47.092259],[-1.169584,47.093295],[-1.170428,47.09327],[-1.170639,47.093044],[-1.171517,47.092748],[-1.172516,47.092824],[-1.174724,47.093527],[-1.176528,47.093809],[-1.177789,47.094362],[-1.178848,47.095457],[-1.179115,47.095505],[-1.180321,47.094905],[-1.180968,47.094774],[-1.182945,47.09531],[-1.18497,47.095647],[-1.185801,47.095621],[-1.186208,47.095365],[-1.186756,47.09554],[-1.188284,47.095581],[-1.189621,47.095306],[-1.189825,47.095107],[-1.19268,47.095047],[-1.193574,47.095272],[-1.194439,47.094951],[-1.195458,47.094928],[-1.199838,47.096152],[-1.201402,47.097399],[-1.201955,47.097513],[-1.203212,47.097506],[-1.206304,47.09692],[-1.209442,47.09712],[-1.211585,47.097428],[-1.213086,47.097823],[-1.213917,47.097869],[-1.21697,47.09906],[-1.218661,47.099525],[-1.219906,47.099692],[-1.223657,47.09938],[-1.225505,47.099412],[-1.226448,47.099699],[-1.22675,47.1],[-1.228911,47.100648],[-1.231038,47.100245],[-1.232654,47.099637],[-1.232834,47.099349],[-1.232687,47.09834],[-1.233237,47.097269],[-1.233978,47.096491],[-1.235543,47.096199],[-1.237954,47.096306],[-1.239076,47.096149],[-1.239574,47.095645],[-1.239727,47.094708],[-1.240811,47.094183],[-1.244757,47.094433],[-1.245988,47.095867],[-1.247808,47.097246],[-1.248567,47.097703],[-1.249361,47.097786],[-1.248983,47.098844],[-1.248061,47.100032],[-1.246169,47.100804],[-1.244414,47.100981],[-1.242306,47.101416],[-1.241275,47.10239],[-1.240043,47.103087],[-1.23846,47.104819],[-1.234978,47.107988],[-1.232334,47.109872],[-1.229641,47.109967],[-1.227751,47.113534],[-1.226377,47.115003],[-1.229584,47.11528],[-1.227501,47.116753],[-1.226444,47.116997],[-1.225748,47.117955],[-1.224546,47.118713],[-1.224623,47.118891],[-1.227071,47.119986],[-1.227421,47.120291],[-1.227968,47.121579],[-1.228464,47.122104],[-1.230048,47.122676],[-1.230756,47.122667],[-1.230652,47.123337],[-1.232917,47.123],[-1.232957,47.123137],[-1.232449,47.123266],[-1.232709,47.123752],[-1.232618,47.12437],[-1.232032,47.124765],[-1.232229,47.128111],[-1.231849,47.130329],[-1.23099,47.131301],[-1.231457,47.131377],[-1.233534,47.132439],[-1.23449,47.132395],[-1.234562,47.131855],[-1.234859,47.131582],[-1.235362,47.131763],[-1.237509,47.133997],[-1.23776,47.134674],[-1.238171,47.134969],[-1.237515,47.135025],[-1.237304,47.135355],[-1.237682,47.135792],[-1.238638,47.13617],[-1.23898,47.137115],[-1.238617,47.137303],[-1.237238,47.136998],[-1.236152,47.136981],[-1.234405,47.13727],[-1.233782,47.13751],[-1.233591,47.13796],[-1.235098,47.13873],[-1.23531,47.139554],[-1.235041,47.14014],[-1.234132,47.1406],[-1.233351,47.140193],[-1.232622,47.140457],[-1.230418,47.13817],[-1.229832,47.138021],[-1.229393,47.13812],[-1.228875,47.138456],[-1.228654,47.138973],[-1.228797,47.139302],[-1.228549,47.139876],[-1.228676,47.140463],[-1.2285,47.140827],[-1.228738,47.140969],[-1.228618,47.142017],[-1.228234,47.142265],[-1.227644,47.142242],[-1.227563,47.14191],[-1.226371,47.140847],[-1.22483,47.140384],[-1.223832,47.140313],[-1.222137,47.141583],[-1.221733,47.142156],[-1.221088,47.142346],[-1.220259,47.142264],[-1.219425,47.142773],[-1.218978,47.143535],[-1.218917,47.14404],[-1.219621,47.145002],[-1.219713,47.145513],[-1.219074,47.145761],[-1.218241,47.145732],[-1.217378,47.145302],[-1.217226,47.144871],[-1.217438,47.144177],[-1.217134,47.143597],[-1.215753,47.142995],[-1.214814,47.143027],[-1.214655,47.14335],[-1.214057,47.14377],[-1.213663,47.14496],[-1.212782,47.14536],[-1.21217,47.145428],[-1.211843,47.145302],[-1.211821,47.144713],[-1.211241,47.144665],[-1.210537,47.144171],[-1.209852,47.143942],[-1.209566,47.143138],[-1.209317,47.143113],[-1.209095,47.143305],[-1.208602,47.143171],[-1.208462,47.143746],[-1.20809,47.143981],[-1.207897,47.14456],[-1.207203,47.144714],[-1.207221,47.144363],[-1.206813,47.14409],[-1.204681,47.14498],[-1.203965,47.145526],[-1.203969,47.146195],[-1.204307,47.146553],[-1.204119,47.146724],[-1.203624,47.146713],[-1.203679,47.147015],[-1.204186,47.147206],[-1.204506,47.147112],[-1.205834,47.147249],[-1.20574,47.147651],[-1.20611,47.148003],[-1.206413,47.147926],[-1.206316,47.147717],[-1.206937,47.147545],[-1.207208,47.147996],[-1.207096,47.148827],[-1.206948,47.14904],[-1.206372,47.14906],[-1.205972,47.149749],[-1.205994,47.1502],[-1.205095,47.150371],[-1.20518,47.15006],[-1.204162,47.14967],[-1.203993,47.149682],[-1.20392,47.149992],[-1.203052,47.149902],[-1.203167,47.149428],[-1.201674,47.149475],[-1.201506,47.14907],[-1.200649,47.148584],[-1.199687,47.148673],[-1.199495,47.149251],[-1.199773,47.149578],[-1.199171,47.149819],[-1.199078,47.149504],[-1.198699,47.149343],[-1.19857,47.149046],[-1.197997,47.149104],[-1.197933,47.149249],[-1.198207,47.149393],[-1.198012,47.149628],[-1.198262,47.150124],[-1.197247,47.150292],[-1.197211,47.150685],[-1.196486,47.151182],[-1.198244,47.152678],[-1.197896,47.153436],[-1.198,47.154085],[-1.197273,47.154139],[-1.196896,47.154535],[-1.196241,47.154529],[-1.195705,47.154837],[-1.194731,47.154998],[-1.194529,47.15519],[-1.193886,47.155341],[-1.192371,47.15514],[-1.192038,47.154716],[-1.191302,47.154905],[-1.191146,47.154525],[-1.190935,47.154539],[-1.190652,47.154876],[-1.190005,47.15468],[-1.18965,47.155046],[-1.189872,47.155406],[-1.189572,47.155461],[-1.18948,47.155656],[-1.189689,47.156181],[-1.189233,47.156462],[-1.189121,47.157188],[-1.188716,47.156875],[-1.188283,47.156937],[-1.188346,47.15796],[-1.187818,47.158706],[-1.187551,47.158703],[-1.187644,47.158387],[-1.187452,47.1583],[-1.186494,47.158513],[-1.186391,47.158706],[-1.186726,47.15896],[-1.186594,47.159201],[-1.18583,47.159557],[-1.184828,47.159246],[-1.1847,47.159435],[-1.185061,47.159738],[-1.184445,47.160056],[-1.183778,47.159185],[-1.183369,47.159419],[-1.182778,47.159092],[-1.182204,47.159088],[-1.182497,47.159583],[-1.182413,47.159683],[-1.181807,47.15959],[-1.181629,47.159906],[-1.182166,47.160188],[-1.182187,47.160437],[-1.181841,47.160587],[-1.181464,47.160396],[-1.181198,47.160432],[-1.181428,47.160789],[-1.180757,47.160981],[-1.180542,47.161282],[-1.180932,47.161733],[-1.181278,47.162768],[-1.181048,47.163033],[-1.181326,47.163116],[-1.181376,47.163354],[-1.181838,47.163364],[-1.181756,47.16373],[-1.182294,47.164177],[-1.182304,47.164735],[-1.181474,47.16545],[-1.180878,47.165567],[-1.180465,47.165476],[-1.180063,47.164948],[-1.179476,47.165338],[-1.179107,47.165145],[-1.178547,47.165122],[-1.17865,47.164812],[-1.178351,47.164611],[-1.178365,47.164207],[-1.178618,47.163789],[-1.178173,47.163646],[-1.178061,47.163197],[-1.177357,47.162933],[-1.176972,47.162914],[-1.176757,47.163127],[-1.175336,47.163437],[-1.175376,47.163694],[-1.176067,47.163686],[-1.175985,47.163961],[-1.176201,47.164238],[-1.175939,47.164727],[-1.175121,47.164567],[-1.174818,47.165388],[-1.174614,47.165166],[-1.174345,47.16517],[-1.173364,47.165767],[-1.173573,47.166065],[-1.173401,47.166499],[-1.172775,47.166613],[-1.172582,47.167003],[-1.172279,47.167168],[-1.171727,47.166997],[-1.171313,47.167159],[-1.171755,47.16729],[-1.17146,47.167926],[-1.171863,47.167881],[-1.172122,47.168057],[-1.172218,47.16848],[-1.171763,47.168677],[-1.172255,47.169607],[-1.171831,47.169531],[-1.17085,47.169783],[-1.170802,47.170116],[-1.17109,47.170196],[-1.170804,47.170511],[-1.170607,47.17059],[-1.170089,47.170429],[-1.169509,47.17076],[-1.169494,47.17146],[-1.168907,47.171939],[-1.168751,47.172682],[-1.168133,47.172898],[-1.167917,47.173252],[-1.166752,47.173655],[-1.166516,47.173936],[-1.167168,47.175075],[-1.167938,47.175657],[-1.167685,47.175923],[-1.16799,47.176299],[-1.167752,47.176405],[-1.16743,47.177005],[-1.166555,47.176813],[-1.166317,47.177141],[-1.165517,47.177443],[-1.165195,47.17734],[-1.165395,47.177035],[-1.165134,47.17674],[-1.165001,47.17703],[-1.164715,47.176869],[-1.164348,47.177028],[-1.163654,47.176882],[-1.162358,47.177327],[-1.161646,47.177949],[-1.161808,47.17854],[-1.163192,47.178664],[-1.164557,47.179324],[-1.16467,47.179673],[-1.164251,47.18016],[-1.164809,47.18074],[-1.164549,47.18124],[-1.163964,47.181087],[-1.161974,47.181645],[-1.160873,47.183145],[-1.161416,47.183226],[-1.161298,47.183718],[-1.161888,47.183896],[-1.161981,47.184329],[-1.162804,47.184504],[-1.163454,47.184913],[-1.163512,47.185451],[-1.162892,47.185949],[-1.162093,47.18579],[-1.161781,47.186089],[-1.162224,47.187415],[-1.164301,47.187894],[-1.165688,47.187906],[-1.166813,47.188317]],[[-1.117666,47.037017],[-1.118385,47.037057],[-1.119355,47.036382],[-1.11897,47.035641],[-1.11827,47.034979],[-1.117757,47.035618],[-1.117666,47.037017]],[[-1.097818,47.078966],[-1.096124,47.087111],[-1.095176,47.094274],[-1.114757,47.096877],[-1.119527,47.095099],[-1.120609,47.094833],[-1.120929,47.094513],[-1.12105,47.093525],[-1.120859,47.093152],[-1.097818,47.078966]],[[-1.142836,47.085425],[-1.14268,47.085128],[-1.14225,47.085023],[-1.141974,47.085132],[-1.142338,47.085524],[-1.142649,47.085531],[-1.142798,47.085689],[-1.142165,47.087877],[-1.14241,47.088566],[-1.146495,47.09361],[-1.154463,47.100067],[-1.161788,47.092474],[-1.16361,47.089475],[-1.144944,47.085456],[-1.143207,47.085595],[-1.142836,47.085425]],[[-1.058988,47.119346],[-1.059583,47.118913],[-1.059075,47.118475],[-1.058467,47.118801],[-1.058454,47.118949],[-1.058029,47.118938],[-1.058056,47.118447],[-1.058507,47.117842],[-1.058263,47.11766],[-1.057431,47.117884],[-1.05567,47.117735],[-1.057117,47.118262],[-1.057011,47.118682],[-1.057323,47.119013],[-1.058298,47.119352],[-1.058988,47.119346]],[[-1.117602,47.119294],[-1.1169,47.119361],[-1.116649,47.119253],[-1.116684,47.118924],[-1.115522,47.118539],[-1.114183,47.118304],[-1.111963,47.11547],[-1.109631,47.114525],[-1.111258,47.11898],[-1.110299,47.123168],[-1.11328,47.121915],[-1.11563,47.121904],[-1.117166,47.122068],[-1.117612,47.121715],[-1.117468,47.120242],[-1.117704,47.119683],[-1.117602,47.119294]],[[-1.057036,47.12228],[-1.055964,47.12258],[-1.055259,47.122569],[-1.055139,47.122824],[-1.056446,47.123096],[-1.05694,47.123046],[-1.057395,47.122471],[-1.057036,47.12228]],[[-1.161472,47.142586],[-1.162293,47.141959],[-1.162961,47.140945],[-1.162511,47.140649],[-1.161197,47.140485],[-1.157902,47.140699],[-1.158406,47.141171],[-1.161472,47.142586]],[[-1.069993,47.142927],[-1.070061,47.143036],[-1.070554,47.142939],[-1.070714,47.142534],[-1.071097,47.142576],[-1.07115,47.14193],[-1.070006,47.142845],[-1.070334,47.142331],[-1.069946,47.142184],[-1.069516,47.142474],[-1.069993,47.142927]],[[-1.111045,47.177779],[-1.110826,47.178011],[-1.111287,47.178335],[-1.111559,47.178402],[-1.112292,47.178139],[-1.111899,47.177516],[-1.111687,47.177451],[-1.111177,47.177563],[-1.111045,47.177779]],[[-1.112945,47.182075],[-1.113984,47.182408],[-1.115638,47.181805],[-1.116024,47.181793],[-1.116719,47.182014],[-1.11748,47.183075],[-1.118924,47.183767],[-1.121742,47.184361],[-1.123417,47.184376],[-1.129595,47.182617],[-1.129436,47.18115],[-1.12312,47.180975],[-1.118176,47.181104],[-1.117088,47.181334],[-1.116688,47.18175],[-1.116392,47.181357],[-1.115527,47.181221],[-1.114527,47.181394],[-1.113737,47.1812],[-1.112487,47.181458],[-1.112053,47.181305],[-1.111231,47.182384],[-1.112933,47.181952],[-1.112945,47.182075]],[[-1.111846,47.183702],[-1.111142,47.182974],[-1.110906,47.183004],[-1.109743,47.183462],[-1.108996,47.184233],[-1.108219,47.183847],[-1.108137,47.183256],[-1.106225,47.183141],[-1.105676,47.183592],[-1.104918,47.183807],[-1.104918,47.183988],[-1.106099,47.184712],[-1.106285,47.185261],[-1.107703,47.185525],[-1.108784,47.18498],[-1.109076,47.185002],[-1.109946,47.18578],[-1.112412,47.186959],[-1.112399,47.185118],[-1.111846,47.183702]]]}},{"type":"Feature","properties":{"uai_primary":"0491707P","uai_all":"0491707P","is_merged":false},"geometry":{"type":"Polygon","coordinates":[[[-0.661101,47.155234],[-0.660617,47.161549],[-0.654278,47.183564],[-0.645549,47.19197],[-0.627175,47.187581],[-0.635936,47.165518],[-0.637988,47.163104],[-0.639477,47.159646],[-0.640771,47.157888],[-0.64089,47.157428],[-0.641988,47.156149],[-0.647326,47.156817],[-0.652339,47.156393],[-0.661101,47.155234]],[[-0.725326,47.203518],[-0.725327,47.202926],[-0.725684,47.202237],[-0.727346,47.200809],[-0.728038,47.201929],[-0.72844,47.204037],[-0.728209,47.204252],[-0.727197,47.204338],[-0.725459,47.203877],[-0.725326,47.203518]],[[-0.387062,47.091936],[-0.387114,47.092276],[-0.387617,47.092321],[-0.390121,47.09194],[-0.396159,47.091638],[-0.396656,47.088392],[-0.396735,47.08308],[-0.397487,47.08079],[-0.398723,47.078888],[-0.400268,47.074938],[-0.401197,47.070748],[-0.402737,47.069057],[-0.404642,47.067859],[-0.40615,47.06719],[-0.407124,47.066498],[-0.409291,47.066201],[-0.410642,47.067264],[-0.413268,47.068386],[-0.417558,47.070664],[-0.418326,47.071955],[-0.418782,47.0717],[-0.419131,47.072093],[-0.419867,47.071592],[-0.419581,47.071221],[-0.423197,47.069714],[-0.424254,47.071464],[-0.425663,47.07098],[-0.426051,47.071741],[-0.4257,47.07217],[-0.425819,47.072494],[-0.426981,47.072989],[-0.42855,47.072715],[-0.434829,47.070538],[-0.435219,47.070438],[-0.435912,47.070818],[-0.437186,47.069987],[-0.438973,47.069898],[-0.439206,47.068855],[-0.440427,47.068599],[-0.441123,47.067721],[-0.446138,47.067565],[-0.450235,47.067825],[-0.451534,47.067478],[-0.453105,47.067311],[-0.45469,47.067357],[-0.455689,47.067558],[-0.457035,47.06811],[-0.458225,47.068988],[-0.459828,47.068554],[-0.460605,47.06816],[-0.460955,47.068395],[-0.460867,47.068804],[-0.461078,47.068813],[-0.465024,47.066888],[-0.466049,47.065426],[-0.467394,47.06437],[-0.471237,47.059795],[-0.472096,47.057572],[-0.472563,47.057695],[-0.476341,47.054362],[-0.48032,47.053338],[-0.480575,47.054591],[-0.481107,47.05499],[-0.481295,47.055828],[-0.481594,47.055937],[-0.482267,47.056752],[-0.482219,47.057217],[-0.482659,47.057738],[-0.483789,47.061171],[-0.485332,47.063885],[-0.485443,47.064779],[-0.484992,47.065973],[-0.484256,47.06678],[-0.482624,47.068017],[-0.480083,47.070581],[-0.478094,47.071911],[-0.477054,47.072075],[-0.472027,47.072332],[-0.471778,47.072428],[-0.471629,47.072765],[-0.469805,47.073652],[-0.469085,47.073617],[-0.468249,47.073194],[-0.467719,47.073563],[-0.464185,47.074359],[-0.463973,47.076088],[-0.460983,47.078141],[-0.458991,47.079943],[-0.459258,47.080325],[-0.459656,47.082135],[-0.459801,47.081965],[-0.460289,47.081959],[-0.460772,47.081737],[-0.461022,47.081803],[-0.461179,47.082183],[-0.462704,47.082135],[-0.463163,47.081846],[-0.463569,47.082021],[-0.464243,47.081932],[-0.464942,47.082228],[-0.465938,47.082372],[-0.467712,47.083685],[-0.468364,47.083816],[-0.470318,47.08326],[-0.471206,47.082482],[-0.472363,47.081978],[-0.473271,47.081778],[-0.473848,47.081879],[-0.475228,47.082932],[-0.476073,47.083041],[-0.477094,47.082304],[-0.478752,47.081727],[-0.479553,47.081812],[-0.479514,47.081961],[-0.479842,47.082053],[-0.480784,47.081789],[-0.48134,47.081842],[-0.482109,47.081529],[-0.482805,47.081644],[-0.483761,47.081331],[-0.484783,47.081687],[-0.485319,47.081561],[-0.485545,47.081292],[-0.487306,47.081146],[-0.487739,47.080881],[-0.488178,47.08094],[-0.488551,47.081363],[-0.489668,47.081784],[-0.490683,47.082485],[-0.490791,47.082896],[-0.49124,47.082934],[-0.492289,47.083362],[-0.493101,47.083353],[-0.496106,47.081798],[-0.498023,47.081627],[-0.499337,47.080958],[-0.500472,47.080999],[-0.502752,47.079825],[-0.504174,47.079332],[-0.504807,47.079429],[-0.505357,47.079204],[-0.506422,47.079086],[-0.507317,47.079241],[-0.507444,47.079082],[-0.50826,47.078934],[-0.509612,47.077977],[-0.511784,47.077466],[-0.513504,47.077391],[-0.514264,47.077513],[-0.51525,47.078035],[-0.51637,47.077243],[-0.519108,47.076035],[-0.521718,47.075327],[-0.525741,47.073919],[-0.530173,47.073549],[-0.535082,47.072271],[-0.535926,47.071927],[-0.537367,47.070852],[-0.538552,47.070292],[-0.543423,47.068667],[-0.544634,47.068135],[-0.545235,47.067681],[-0.546184,47.066345],[-0.547768,47.065743],[-0.550979,47.064957],[-0.554534,47.064658],[-0.557552,47.06409],[-0.557896,47.063393],[-0.559461,47.061813],[-0.557877,47.061316],[-0.5567,47.060691],[-0.55648,47.060086],[-0.555519,47.059148],[-0.555508,47.05876],[-0.55487,47.058237],[-0.554371,47.05726],[-0.554392,47.057144],[-0.556825,47.056237],[-0.558239,47.056069],[-0.557988,47.055261],[-0.558275,47.053228],[-0.556006,47.044378],[-0.556265,47.042695],[-0.553767,47.041893],[-0.551036,47.041561],[-0.548737,47.040569],[-0.547825,47.039524],[-0.546836,47.038721],[-0.544559,47.03753],[-0.543391,47.036506],[-0.542042,47.034972],[-0.542108,47.034356],[-0.542862,47.033877],[-0.542997,47.033623],[-0.542222,47.033037],[-0.542336,47.032532],[-0.542953,47.032003],[-0.5438,47.031794],[-0.544415,47.031412],[-0.54533,47.030668],[-0.54581,47.029103],[-0.547006,47.028834],[-0.547134,47.029381],[-0.547693,47.029639],[-0.550863,47.029069],[-0.552365,47.029189],[-0.553589,47.029783],[-0.555032,47.030743],[-0.555679,47.030902],[-0.55722,47.030844],[-0.55876,47.030552],[-0.561308,47.030647],[-0.561541,47.030549],[-0.561697,47.030171],[-0.562342,47.030496],[-0.562667,47.030025],[-0.562563,47.029396],[-0.563143,47.029181],[-0.562792,47.028962],[-0.562791,47.028289],[-0.564087,47.026005],[-0.5637,47.025452],[-0.563685,47.025009],[-0.564024,47.024412],[-0.563775,47.02414],[-0.564574,47.023068],[-0.564613,47.021082],[-0.564869,47.020141],[-0.565494,47.019589],[-0.566584,47.019064],[-0.567816,47.01872],[-0.568872,47.018621],[-0.569053,47.018291],[-0.570446,47.018078],[-0.571807,47.018187],[-0.572355,47.017868],[-0.573466,47.017812],[-0.574041,47.018048],[-0.574527,47.017832],[-0.574987,47.017828],[-0.575062,47.017361],[-0.57568,47.017235],[-0.576286,47.016714],[-0.577633,47.016305],[-0.578631,47.015686],[-0.579401,47.015456],[-0.580122,47.014723],[-0.580904,47.014612],[-0.581101,47.014372],[-0.580939,47.014187],[-0.581934,47.013436],[-0.582254,47.012979],[-0.58294,47.012836],[-0.583145,47.012508],[-0.583869,47.01211],[-0.584826,47.011134],[-0.585568,47.010758],[-0.586249,47.010152],[-0.587014,47.009192],[-0.587446,47.007884],[-0.587243,47.007508],[-0.587415,47.007315],[-0.586937,47.006767],[-0.587195,47.006228],[-0.589028,47.006216],[-0.589374,47.006348],[-0.591092,47.0077],[-0.59474,47.00948],[-0.596219,47.008484],[-0.600916,47.009374],[-0.599532,47.008896],[-0.599244,47.007755],[-0.5977,47.007345],[-0.599497,47.005722],[-0.599945,47.005417],[-0.602158,47.005482],[-0.603289,47.004873],[-0.604324,47.004602],[-0.606534,47.004678],[-0.608856,47.002893],[-0.61025,47.003917],[-0.611429,47.005765],[-0.612674,47.006553],[-0.611492,47.007923],[-0.610429,47.008239],[-0.609932,47.008553],[-0.608098,47.010115],[-0.608127,47.011136],[-0.608535,47.011395],[-0.609658,47.011457],[-0.611552,47.011999],[-0.612901,47.012102],[-0.615641,47.012741],[-0.616028,47.013155],[-0.615968,47.013517],[-0.617052,47.014745],[-0.619783,47.016448],[-0.620573,47.016082],[-0.622197,47.014721],[-0.623975,47.015561],[-0.626336,47.016375],[-0.627315,47.016906],[-0.636578,47.01747],[-0.637748,47.018385],[-0.638284,47.018551],[-0.644644,47.019147],[-0.646599,47.020358],[-0.648431,47.021124],[-0.649009,47.021858],[-0.652033,47.023925],[-0.649157,47.026366],[-0.648965,47.027095],[-0.648517,47.027494],[-0.6483,47.027998],[-0.648248,47.02885],[-0.647962,47.029365],[-0.647936,47.031211],[-0.648715,47.032067],[-0.648947,47.032782],[-0.649322,47.032835],[-0.649014,47.035046],[-0.648496,47.035208],[-0.648388,47.035439],[-0.647906,47.035588],[-0.647512,47.035451],[-0.646433,47.035905],[-0.645185,47.036791],[-0.643944,47.037347],[-0.64309,47.037288],[-0.642328,47.037836],[-0.639746,47.037991],[-0.639045,47.037531],[-0.63836,47.037429],[-0.637586,47.037467],[-0.637275,47.037655],[-0.637051,47.037437],[-0.636607,47.037514],[-0.636365,47.037304],[-0.635709,47.037268],[-0.635154,47.036911],[-0.634587,47.036835],[-0.634357,47.036611],[-0.633841,47.037023],[-0.633275,47.037133],[-0.632964,47.036906],[-0.631967,47.037042],[-0.631842,47.037097],[-0.632048,47.037258],[-0.631837,47.037456],[-0.632771,47.03779],[-0.634383,47.037986],[-0.634808,47.038481],[-0.635303,47.038569],[-0.63563,47.038321],[-0.635919,47.038404],[-0.637768,47.040694],[-0.638297,47.041047],[-0.638274,47.041578],[-0.638661,47.041777],[-0.638877,47.042121],[-0.640097,47.042217],[-0.640288,47.042388],[-0.640271,47.042818],[-0.640765,47.043157],[-0.641807,47.043271],[-0.642548,47.042811],[-0.643757,47.042563],[-0.644737,47.043298],[-0.646934,47.044294],[-0.64775,47.044294],[-0.648623,47.043838],[-0.649348,47.043744],[-0.649961,47.04441],[-0.650874,47.044608],[-0.650783,47.044936],[-0.651175,47.045573],[-0.652181,47.045902],[-0.652543,47.046225],[-0.653252,47.046209],[-0.653047,47.046559],[-0.653123,47.047152],[-0.652794,47.047217],[-0.652779,47.047401],[-0.653095,47.047649],[-0.65296,47.047738],[-0.653191,47.048001],[-0.653908,47.048302],[-0.654002,47.048902],[-0.654871,47.049069],[-0.65559,47.049466],[-0.655708,47.049999],[-0.656337,47.050183],[-0.656396,47.050438],[-0.657715,47.050677],[-0.658369,47.051143],[-0.658428,47.051603],[-0.660059,47.052733],[-0.660633,47.052636],[-0.662122,47.053073],[-0.664887,47.053037],[-0.666185,47.053418],[-0.66751,47.05413],[-0.667712,47.0547],[-0.668832,47.055342],[-0.66797,47.055774],[-0.66748,47.056247],[-0.668285,47.056196],[-0.668555,47.056361],[-0.66907,47.056921],[-0.669492,47.058145],[-0.670029,47.058537],[-0.671015,47.058753],[-0.671071,47.059643],[-0.670962,47.059794],[-0.670274,47.059783],[-0.670305,47.061341],[-0.670781,47.061854],[-0.671098,47.062858],[-0.670482,47.06356],[-0.667864,47.065282],[-0.665827,47.06712],[-0.666043,47.067511],[-0.661263,47.071337],[-0.657393,47.071683],[-0.65709,47.071364],[-0.655853,47.071904],[-0.655418,47.072469],[-0.654881,47.072789],[-0.655541,47.073113],[-0.654833,47.074486],[-0.653697,47.074861],[-0.65292,47.075464],[-0.652529,47.075495],[-0.651984,47.075221],[-0.651561,47.07595],[-0.648951,47.076997],[-0.648505,47.077946],[-0.648445,47.078789],[-0.647562,47.079778],[-0.646309,47.080821],[-0.644356,47.082028],[-0.643347,47.082918],[-0.645315,47.083857],[-0.646129,47.084418],[-0.643172,47.089066],[-0.64237,47.089073],[-0.642257,47.089648],[-0.641338,47.090051],[-0.639744,47.090009],[-0.638183,47.089633],[-0.637622,47.090612],[-0.637809,47.091562],[-0.63786,47.091703],[-0.639453,47.091705],[-0.641813,47.092053],[-0.643684,47.092749],[-0.645273,47.093109],[-0.645789,47.09348],[-0.646575,47.094072],[-0.646957,47.095022],[-0.647649,47.095064],[-0.647565,47.095619],[-0.648378,47.09747],[-0.650125,47.09746],[-0.649229,47.099467],[-0.651948,47.1],[-0.651224,47.101455],[-0.653088,47.101799],[-0.654642,47.101057],[-0.655392,47.100941],[-0.656914,47.101223],[-0.656618,47.101965],[-0.657893,47.102373],[-0.658501,47.101356],[-0.660002,47.101126],[-0.662362,47.101923],[-0.665714,47.102213],[-0.665353,47.102744],[-0.665897,47.10273],[-0.665621,47.103771],[-0.667538,47.103896],[-0.667921,47.103545],[-0.668634,47.103776],[-0.669883,47.102271],[-0.671231,47.10215],[-0.672693,47.1022],[-0.67499,47.103154],[-0.678184,47.103511],[-0.679353,47.103819],[-0.679091,47.104686],[-0.679145,47.1057],[-0.678604,47.106087],[-0.675262,47.106471],[-0.675816,47.10794],[-0.67621,47.107911],[-0.676303,47.107318],[-0.677075,47.106982],[-0.677665,47.106921],[-0.678199,47.107043],[-0.678815,47.107512],[-0.679067,47.108147],[-0.678006,47.110185],[-0.677923,47.110927],[-0.678223,47.111003],[-0.679597,47.110353],[-0.680532,47.110944],[-0.680831,47.111655],[-0.681568,47.112307],[-0.680484,47.113105],[-0.680471,47.113357],[-0.680938,47.114711],[-0.681473,47.11469],[-0.681569,47.114958],[-0.679752,47.115148],[-0.67585,47.115941],[-0.673997,47.116833],[-0.672623,47.117902],[-0.672872,47.118178],[-0.672833,47.118594],[-0.673224,47.118656],[-0.673582,47.118446],[-0.674607,47.118795],[-0.674682,47.119355],[-0.6743,47.119667],[-0.674617,47.120113],[-0.67459,47.120744],[-0.675121,47.120315],[-0.675607,47.120755],[-0.677183,47.121066],[-0.677877,47.121501],[-0.678249,47.121977],[-0.677937,47.122497],[-0.677814,47.123619],[-0.682613,47.123098],[-0.683452,47.12426],[-0.684755,47.125494],[-0.684798,47.126087],[-0.684505,47.126526],[-0.68292,47.126585],[-0.681767,47.128092],[-0.685177,47.129096],[-0.688837,47.129736],[-0.686627,47.131177],[-0.685009,47.131849],[-0.6807,47.130547],[-0.680013,47.130618],[-0.679653,47.130824],[-0.678609,47.129982],[-0.676278,47.131031],[-0.676445,47.131158],[-0.676046,47.131292],[-0.674832,47.131332],[-0.674229,47.131132],[-0.671374,47.132367],[-0.671075,47.132743],[-0.670484,47.132987],[-0.670336,47.133333],[-0.670494,47.133809],[-0.670074,47.134202],[-0.666837,47.133182],[-0.664819,47.134615],[-0.662762,47.135173],[-0.659606,47.136733],[-0.661117,47.137602],[-0.661258,47.137779],[-0.660788,47.138781],[-0.662358,47.13973],[-0.662068,47.140459],[-0.662047,47.141389],[-0.661544,47.142345],[-0.661274,47.142223],[-0.661216,47.141758],[-0.660957,47.141474],[-0.659167,47.141034],[-0.658529,47.14103],[-0.658637,47.141812],[-0.657647,47.141996],[-0.657742,47.141094],[-0.65679,47.140824],[-0.655244,47.141967],[-0.655575,47.142154],[-0.65526,47.143056],[-0.655481,47.14394],[-0.655204,47.144456],[-0.650964,47.14514],[-0.650943,47.144015],[-0.650229,47.144351],[-0.6494,47.144817],[-0.648071,47.146159],[-0.64802,47.146509],[-0.648412,47.147565],[-0.648111,47.148068],[-0.647599,47.148351],[-0.645837,47.148711],[-0.645694,47.149047],[-0.645046,47.149261],[-0.644552,47.150036],[-0.642902,47.150853],[-0.641321,47.15116],[-0.639844,47.150264],[-0.639518,47.150317],[-0.637368,47.149049],[-0.636791,47.151277],[-0.634778,47.151401],[-0.627599,47.150578],[-0.624948,47.149871],[-0.623876,47.149943],[-0.621292,47.149341],[-0.618513,47.149284],[-0.616158,47.148997],[-0.614066,47.148949],[-0.611255,47.147944],[-0.608714,47.151739],[-0.608264,47.15159],[-0.607215,47.152414],[-0.607102,47.153079],[-0.606431,47.153062],[-0.606321,47.153981],[-0.605315,47.155016],[-0.603836,47.156098],[-0.60299,47.157147],[-0.601443,47.158274],[-0.60096,47.158251],[-0.598875,47.159885],[-0.598666,47.160504],[-0.596746,47.162506],[-0.596559,47.163645],[-0.594551,47.165637],[-0.593306,47.166566],[-0.591142,47.169356],[-0.59139,47.171355],[-0.590855,47.171662],[-0.590948,47.173115],[-0.589552,47.175159],[-0.588852,47.175415],[-0.588575,47.175915],[-0.587766,47.176045],[-0.586321,47.176705],[-0.585385,47.177266],[-0.584434,47.178155],[-0.583724,47.178307],[-0.583356,47.179013],[-0.581188,47.180057],[-0.578653,47.182371],[-0.578339,47.183213],[-0.576405,47.18457],[-0.576323,47.185025],[-0.575733,47.185397],[-0.57559,47.185924],[-0.574775,47.186539],[-0.574183,47.186532],[-0.574129,47.186814],[-0.572611,47.187908],[-0.572335,47.188659],[-0.571555,47.189365],[-0.571011,47.189637],[-0.569481,47.189929],[-0.569259,47.190431],[-0.567743,47.191026],[-0.567683,47.191218],[-0.567285,47.191131],[-0.567237,47.191416],[-0.566832,47.19131],[-0.566864,47.191449],[-0.565961,47.191731],[-0.565194,47.192525],[-0.564467,47.192306],[-0.563815,47.192628],[-0.562223,47.192931],[-0.561775,47.193611],[-0.561446,47.193716],[-0.561056,47.193619],[-0.559833,47.194222],[-0.559628,47.194135],[-0.559378,47.194302],[-0.559072,47.194122],[-0.558835,47.194163],[-0.558627,47.194416],[-0.558856,47.194778],[-0.558092,47.195266],[-0.557256,47.197598],[-0.557028,47.197922],[-0.556643,47.198081],[-0.556143,47.198959],[-0.555665,47.199108],[-0.555524,47.199551],[-0.556042,47.200146],[-0.555934,47.200523],[-0.554827,47.20142],[-0.553992,47.201712],[-0.553962,47.202132],[-0.55336,47.202199],[-0.551999,47.203279],[-0.551594,47.203378],[-0.550243,47.20432],[-0.550141,47.204528],[-0.550387,47.204799],[-0.549932,47.205143],[-0.549437,47.205197],[-0.548567,47.206779],[-0.548556,47.207172],[-0.547944,47.207617],[-0.547899,47.208238],[-0.547078,47.208665],[-0.545619,47.207615],[-0.544741,47.207277],[-0.544078,47.207204],[-0.542087,47.207575],[-0.540837,47.207479],[-0.533786,47.207824],[-0.521985,47.209232],[-0.518344,47.210022],[-0.513005,47.20925],[-0.510692,47.209349],[-0.506408,47.209056],[-0.505325,47.209145],[-0.503618,47.209604],[-0.500894,47.20962],[-0.499603,47.21057],[-0.497985,47.210886],[-0.497523,47.211184],[-0.496729,47.211067],[-0.495629,47.210584],[-0.495241,47.210905],[-0.494871,47.212495],[-0.495148,47.212949],[-0.494799,47.213103],[-0.494895,47.213354],[-0.494504,47.2134],[-0.494386,47.213811],[-0.492759,47.21449],[-0.491505,47.215562],[-0.48958,47.215768],[-0.48891,47.215695],[-0.48801,47.216297],[-0.48736,47.216119],[-0.487332,47.216527],[-0.486891,47.216285],[-0.486445,47.216421],[-0.485931,47.21731],[-0.486048,47.217754],[-0.485638,47.218218],[-0.48557,47.218844],[-0.48538,47.218938],[-0.485078,47.21882],[-0.484759,47.219168],[-0.484629,47.220039],[-0.484894,47.220311],[-0.484515,47.220524],[-0.484657,47.220792],[-0.484149,47.221349],[-0.483554,47.221499],[-0.483265,47.222056],[-0.482431,47.222429],[-0.481814,47.223423],[-0.481236,47.223728],[-0.480679,47.223695],[-0.480139,47.223969],[-0.477902,47.224332],[-0.478253,47.223244],[-0.477018,47.221653],[-0.475087,47.22135],[-0.47404,47.221484],[-0.473389,47.221866],[-0.472595,47.224657],[-0.471706,47.225643],[-0.468961,47.22722],[-0.466069,47.228046],[-0.465338,47.228008],[-0.464499,47.227308],[-0.462505,47.226716],[-0.461409,47.225638],[-0.460771,47.223926],[-0.460836,47.223332],[-0.46153,47.22294],[-0.462221,47.221826],[-0.46342,47.22116],[-0.463905,47.219065],[-0.463668,47.217521],[-0.462863,47.217223],[-0.462246,47.216686],[-0.460264,47.215967],[-0.459014,47.215724],[-0.458178,47.216017],[-0.45715,47.217051],[-0.453583,47.218286],[-0.4502,47.221058],[-0.449421,47.221262],[-0.449036,47.22155],[-0.448108,47.221706],[-0.443646,47.220419],[-0.440399,47.216814],[-0.439594,47.215276],[-0.438914,47.214821],[-0.436489,47.21435],[-0.435291,47.214732],[-0.431305,47.215188],[-0.431104,47.214496],[-0.430493,47.214774],[-0.429985,47.21524],[-0.428298,47.217663],[-0.42749,47.218447],[-0.423234,47.221124],[-0.421751,47.223243],[-0.420772,47.22345],[-0.417893,47.223312],[-0.416774,47.222988],[-0.415976,47.222449],[-0.415254,47.222214],[-0.411744,47.220404],[-0.409856,47.220053],[-0.408895,47.21963],[-0.40786,47.219696],[-0.406889,47.220009],[-0.403714,47.22008],[-0.401168,47.219627],[-0.401124,47.219452],[-0.401247,47.217798],[-0.401103,47.217383],[-0.401763,47.215406],[-0.40383,47.213639],[-0.405048,47.210537],[-0.406696,47.208507],[-0.407547,47.207107],[-0.407825,47.206784],[-0.408976,47.207093],[-0.409558,47.206496],[-0.410264,47.206932],[-0.410453,47.206853],[-0.41171,47.205248],[-0.409833,47.204575],[-0.412285,47.201901],[-0.412792,47.200156],[-0.417371,47.197103],[-0.418555,47.195783],[-0.418248,47.193134],[-0.417619,47.190956],[-0.415152,47.190957],[-0.414972,47.190874],[-0.41521,47.190279],[-0.415007,47.190194],[-0.413958,47.190365],[-0.414043,47.188603],[-0.413413,47.18875],[-0.413439,47.187417],[-0.412285,47.187333],[-0.412315,47.186381],[-0.412716,47.185432],[-0.411996,47.185065],[-0.411807,47.183142],[-0.413784,47.180231],[-0.411015,47.179865],[-0.411006,47.18028],[-0.408398,47.179388],[-0.408282,47.179647],[-0.407773,47.179534],[-0.402195,47.177222],[-0.401812,47.177456],[-0.401479,47.177419],[-0.400516,47.176952],[-0.399488,47.177426],[-0.398605,47.176722],[-0.397828,47.175706],[-0.397697,47.17509],[-0.397269,47.174935],[-0.396209,47.175061],[-0.394587,47.176119],[-0.392411,47.175972],[-0.390827,47.176182],[-0.38967,47.175879],[-0.390425,47.174598],[-0.394179,47.171043],[-0.399176,47.168755],[-0.401794,47.16704],[-0.404656,47.16466],[-0.404899,47.164598],[-0.405383,47.164763],[-0.406628,47.163987],[-0.406273,47.163637],[-0.410081,47.159147],[-0.410125,47.158827],[-0.404906,47.160023],[-0.40023,47.155857],[-0.400209,47.157593],[-0.399643,47.1588],[-0.399627,47.159767],[-0.397278,47.159998],[-0.396127,47.159938],[-0.394766,47.159666],[-0.392061,47.15838],[-0.388383,47.157432],[-0.386661,47.157293],[-0.384412,47.156495],[-0.381255,47.154727],[-0.377651,47.153213],[-0.37621,47.152132],[-0.375187,47.151642],[-0.374535,47.152286],[-0.373949,47.152541],[-0.372576,47.152853],[-0.371896,47.153177],[-0.370852,47.152572],[-0.369563,47.153469],[-0.366432,47.151314],[-0.364216,47.151146],[-0.36114,47.151223],[-0.358176,47.14991],[-0.35578,47.149185],[-0.354149,47.150779],[-0.353323,47.152762],[-0.351485,47.152225],[-0.352047,47.151282],[-0.351791,47.150161],[-0.350726,47.149434],[-0.350341,47.148346],[-0.350786,47.146715],[-0.349996,47.146686],[-0.348841,47.146936],[-0.347566,47.146139],[-0.348226,47.145623],[-0.347823,47.145302],[-0.348616,47.144665],[-0.349273,47.145089],[-0.3497,47.144933],[-0.35129,47.143227],[-0.352133,47.142752],[-0.353369,47.141311],[-0.352075,47.139834],[-0.350545,47.13761],[-0.350001,47.137076],[-0.348571,47.136324],[-0.342742,47.134635],[-0.34165,47.134599],[-0.338095,47.134994],[-0.333255,47.133742],[-0.334297,47.132289],[-0.333202,47.131624],[-0.332489,47.131577],[-0.33382,47.130432],[-0.33418,47.130435],[-0.335003,47.130917],[-0.336201,47.130646],[-0.336934,47.130733],[-0.337404,47.130469],[-0.337955,47.130561],[-0.339003,47.130223],[-0.339656,47.129779],[-0.340293,47.129568],[-0.340679,47.129137],[-0.341232,47.128987],[-0.340678,47.128352],[-0.340907,47.127883],[-0.339153,47.12661],[-0.338941,47.125606],[-0.339118,47.125369],[-0.338209,47.125162],[-0.33722,47.12614],[-0.33536,47.125446],[-0.334314,47.125902],[-0.332498,47.125028],[-0.330249,47.126144],[-0.329691,47.126009],[-0.3293,47.12564],[-0.330002,47.123199],[-0.327816,47.122427],[-0.327435,47.122443],[-0.325581,47.123121],[-0.321459,47.121283],[-0.323874,47.116436],[-0.322166,47.113341],[-0.322738,47.108762],[-0.322018,47.108344],[-0.319531,47.107937],[-0.318197,47.107497],[-0.317185,47.108012],[-0.314916,47.106305],[-0.3159,47.105763],[-0.315605,47.105394],[-0.314571,47.104721],[-0.313769,47.10474],[-0.312577,47.104158],[-0.311853,47.104175],[-0.312632,47.094987],[-0.312555,47.092257],[-0.314144,47.091639],[-0.316819,47.091673],[-0.317926,47.091389],[-0.320436,47.091209],[-0.335462,47.088016],[-0.337941,47.087969],[-0.341763,47.087377],[-0.34211,47.088667],[-0.342071,47.089257],[-0.341728,47.09023],[-0.341058,47.090578],[-0.340916,47.092061],[-0.342223,47.091881],[-0.344448,47.091859],[-0.345409,47.091648],[-0.345537,47.091819],[-0.346198,47.091871],[-0.34892,47.091647],[-0.349764,47.091708],[-0.350164,47.09192],[-0.350595,47.093069],[-0.351837,47.093765],[-0.353789,47.095386],[-0.355501,47.094883],[-0.356586,47.094825],[-0.357055,47.094317],[-0.358283,47.093668],[-0.359044,47.093679],[-0.359845,47.093259],[-0.360883,47.093512],[-0.36328,47.09244],[-0.36371,47.092698],[-0.365347,47.092584],[-0.366364,47.092389],[-0.367044,47.09165],[-0.368791,47.091703],[-0.370208,47.090979],[-0.370858,47.090184],[-0.372603,47.089925],[-0.374921,47.089146],[-0.375421,47.08925],[-0.376022,47.089114],[-0.376532,47.088641],[-0.379578,47.08915],[-0.380012,47.089535],[-0.380666,47.089793],[-0.381368,47.08822],[-0.38227,47.08844],[-0.383695,47.087519],[-0.38433,47.087421],[-0.386349,47.087343],[-0.387129,47.089575],[-0.387062,47.091936]]]}},{"type":"Feature","properties":{"uai_primary":"0491764B","uai_all":"0491764B","is_merged":false},"geometry":{"type":"Polygon","coordinates":[[[-0.467906,47.573924],[-0.467858,47.57376],[-0.470711,47.572814],[-0.473957,47.572088],[-0.47582,47.570821],[-0.477433,47.570703],[-0.479119,47.570138],[-0.48119,47.570294],[-0.482701,47.57076],[-0.486948,47.570886],[-0.488405,47.571296],[-0.489189,47.571132],[-0.489637,47.570575],[-0.490167,47.570305],[-0.491707,47.570413],[-0.494162,47.569688],[-0.495259,47.568579],[-0.496943,47.567354],[-0.497441,47.566481],[-0.497376,47.565238],[-0.496281,47.564129],[-0.496645,47.563618],[-0.498144,47.562876],[-0.499023,47.562061],[-0.499192,47.561554],[-0.498834,47.560882],[-0.498898,47.560521],[-0.50044,47.559258],[-0.500675,47.557955],[-0.500979,47.55737],[-0.500149,47.556871],[-0.498356,47.554746],[-0.499015,47.553193],[-0.497656,47.552465],[-0.494989,47.550633],[-0.494195,47.549994],[-0.493666,47.549289],[-0.492427,47.545714],[-0.492286,47.544403],[-0.492613,47.543832],[-0.493911,47.542963],[-0.493285,47.542691],[-0.490782,47.542717],[-0.490467,47.542418],[-0.489772,47.542143],[-0.489293,47.541818],[-0.489775,47.541264],[-0.489666,47.541125],[-0.490284,47.539963],[-0.485626,47.537051],[-0.482549,47.535335],[-0.482002,47.535418],[-0.481579,47.535092],[-0.477659,47.534459],[-0.477601,47.533473],[-0.474652,47.533767],[-0.47402,47.53433],[-0.473148,47.534422],[-0.472096,47.533631],[-0.469192,47.535415],[-0.468383,47.535728],[-0.467061,47.536861],[-0.466364,47.536867],[-0.464931,47.53762],[-0.46482,47.53825],[-0.464,47.538791],[-0.463933,47.539227],[-0.464453,47.540882],[-0.465118,47.541796],[-0.4651,47.542266],[-0.46584,47.544071],[-0.466089,47.545979],[-0.465465,47.546987],[-0.465313,47.547795],[-0.461951,47.548447],[-0.460509,47.549595],[-0.456998,47.547511],[-0.451428,47.543852],[-0.451121,47.541976],[-0.451224,47.540006],[-0.45063,47.53966],[-0.451084,47.53883],[-0.450466,47.538166],[-0.450287,47.537109],[-0.450597,47.536954],[-0.449141,47.536916],[-0.448903,47.536494],[-0.448769,47.536079],[-0.449347,47.534828],[-0.448832,47.533444],[-0.445917,47.533084],[-0.442263,47.533712],[-0.438807,47.533542],[-0.43605,47.533868],[-0.434753,47.533787],[-0.434447,47.532496],[-0.434478,47.531055],[-0.433675,47.529479],[-0.434259,47.527002],[-0.435524,47.524108],[-0.435706,47.521745],[-0.435981,47.521727],[-0.436293,47.517943],[-0.436068,47.517119],[-0.436261,47.515221],[-0.43816,47.515298],[-0.439107,47.514855],[-0.439246,47.514049],[-0.440082,47.513492],[-0.440577,47.513406],[-0.441022,47.512559],[-0.441597,47.512036],[-0.441716,47.51116],[-0.440853,47.511258],[-0.439606,47.510212],[-0.439939,47.509883],[-0.439992,47.509324],[-0.437858,47.508238],[-0.436798,47.507495],[-0.439886,47.504557],[-0.440288,47.504739],[-0.445527,47.498262],[-0.446902,47.498499],[-0.446666,47.49903],[-0.44882,47.499852],[-0.449689,47.498886],[-0.453677,47.498309],[-0.453662,47.498138],[-0.453243,47.497899],[-0.456847,47.496559],[-0.456598,47.496173],[-0.457271,47.496112],[-0.456965,47.49571],[-0.458699,47.494417],[-0.458674,47.492606],[-0.461014,47.491858],[-0.4642,47.490117],[-0.46646,47.488425],[-0.472163,47.487294],[-0.476868,47.486748],[-0.479765,47.486948],[-0.487001,47.486936],[-0.490051,47.487409],[-0.497192,47.487508],[-0.501463,47.489061],[-0.503166,47.489389],[-0.505134,47.489435],[-0.507297,47.489902],[-0.508533,47.48925],[-0.513014,47.484315],[-0.513695,47.484497],[-0.513768,47.484825],[-0.514161,47.484793],[-0.514762,47.485007],[-0.514829,47.485191],[-0.51525,47.48516],[-0.515177,47.485386],[-0.515761,47.485426],[-0.515365,47.485713],[-0.514943,47.485719],[-0.514507,47.486085],[-0.514149,47.486946],[-0.514218,47.487216],[-0.51489,47.487678],[-0.515939,47.487806],[-0.5168,47.488552],[-0.517643,47.490748],[-0.518657,47.491813],[-0.518568,47.49244],[-0.522222,47.493195],[-0.522565,47.493477],[-0.522989,47.493448],[-0.523297,47.494317],[-0.524079,47.494543],[-0.52519,47.494615],[-0.525926,47.49514],[-0.526791,47.495418],[-0.526547,47.496358],[-0.530015,47.497833],[-0.533659,47.499782],[-0.533175,47.500049],[-0.530951,47.502552],[-0.529218,47.505469],[-0.528254,47.506616],[-0.527041,47.507644],[-0.524354,47.511401],[-0.523899,47.512261],[-0.5235,47.514175],[-0.523493,47.51622],[-0.523768,47.517605],[-0.526423,47.524037],[-0.528022,47.525348],[-0.529952,47.526328],[-0.530585,47.526392],[-0.532395,47.527809],[-0.53275,47.527742],[-0.534042,47.528128],[-0.534501,47.528345],[-0.534701,47.5287],[-0.536173,47.529352],[-0.540513,47.530682],[-0.541716,47.530653],[-0.542735,47.531043],[-0.545303,47.532596],[-0.545596,47.53258],[-0.546089,47.532869],[-0.547259,47.533864],[-0.548427,47.535801],[-0.5485,47.536335],[-0.548529,47.536886],[-0.548184,47.537287],[-0.548085,47.538685],[-0.548536,47.540984],[-0.548816,47.541367],[-0.548886,47.543653],[-0.548769,47.545213],[-0.548172,47.546927],[-0.546758,47.549182],[-0.546016,47.549845],[-0.544675,47.550124],[-0.544089,47.550067],[-0.541886,47.550642],[-0.538118,47.55237],[-0.536856,47.552666],[-0.537246,47.553485],[-0.537227,47.554922],[-0.53583,47.557127],[-0.533731,47.558129],[-0.534223,47.558936],[-0.534359,47.560247],[-0.534069,47.561091],[-0.533485,47.561616],[-0.531078,47.562052],[-0.529499,47.561315],[-0.528865,47.561689],[-0.527407,47.561842],[-0.52642,47.562239],[-0.525923,47.562045],[-0.522147,47.561839],[-0.51519,47.564705],[-0.514894,47.565239],[-0.515817,47.566097],[-0.519309,47.568485],[-0.521047,47.572972],[-0.522154,47.577402],[-0.522153,47.578153],[-0.520307,47.581426],[-0.519178,47.581629],[-0.518653,47.581944],[-0.517743,47.583188],[-0.517483,47.584226],[-0.51633,47.584692],[-0.51484,47.584948],[-0.511908,47.585787],[-0.508667,47.588133],[-0.508564,47.588472],[-0.507879,47.589186],[-0.507934,47.590206],[-0.509214,47.591628],[-0.509736,47.592538],[-0.509756,47.593572],[-0.509463,47.593717],[-0.509341,47.594187],[-0.509442,47.594822],[-0.509823,47.595304],[-0.510545,47.595647],[-0.511109,47.596752],[-0.511025,47.597373],[-0.511596,47.59781],[-0.512051,47.598575],[-0.512147,47.599202],[-0.511496,47.600635],[-0.51106,47.600922],[-0.511018,47.601383],[-0.510165,47.601916],[-0.509422,47.602001],[-0.508184,47.602504],[-0.506749,47.601612],[-0.505952,47.601488],[-0.504886,47.59992],[-0.503888,47.59888],[-0.501483,47.596978],[-0.496956,47.597948],[-0.493477,47.597276],[-0.491986,47.598348],[-0.489943,47.597505],[-0.487644,47.596176],[-0.485814,47.594301],[-0.484122,47.59318],[-0.483459,47.591658],[-0.483977,47.591138],[-0.483121,47.590272],[-0.483079,47.590028],[-0.481968,47.58934],[-0.481203,47.589063],[-0.480303,47.587684],[-0.474965,47.589243],[-0.473194,47.58938],[-0.472529,47.589631],[-0.471218,47.589447],[-0.470221,47.589556],[-0.462622,47.592167],[-0.461588,47.592134],[-0.458853,47.592571],[-0.457634,47.592601],[-0.456498,47.592069],[-0.45661,47.591388],[-0.457173,47.591192],[-0.4592,47.589535],[-0.460401,47.588787],[-0.461958,47.58831],[-0.462103,47.587455],[-0.462837,47.58577],[-0.463223,47.585314],[-0.463901,47.585005],[-0.463916,47.584808],[-0.463532,47.583983],[-0.463784,47.582566],[-0.461914,47.578667],[-0.465068,47.578405],[-0.467206,47.576874],[-0.468152,47.575087],[-0.467906,47.573924]]]}},{"type":"Feature","properties":{"uai_primary":"0491766D","uai_all":"0491766D","is_merged":false},"geometry":{"type":"Polygon","coordinates":[[[0.220001,47.502115],[0.220006,47.501895],[0.216973,47.499691],[0.214433,47.498475],[0.213464,47.497782],[0.209548,47.494479],[0.209328,47.493297],[0.208622,47.492699],[0.20771,47.490514],[0.206428,47.489464],[0.203376,47.485686],[0.201757,47.485746],[0.200885,47.484553],[0.200488,47.48448],[0.199617,47.483451],[0.200733,47.482693],[0.199627,47.481961],[0.198384,47.481488],[0.198416,47.481059],[0.19891,47.481146],[0.199372,47.479917],[0.199432,47.478253],[0.198902,47.477782],[0.198775,47.476545],[0.198088,47.475775],[0.197374,47.475712],[0.195922,47.475054],[0.194943,47.475133],[0.193534,47.470866],[0.193974,47.470699],[0.190374,47.461202],[0.18873,47.459718],[0.187645,47.458374],[0.185648,47.456726],[0.182225,47.454329],[0.18112,47.453324],[0.181875,47.450565],[0.181873,47.448294],[0.182622,47.443737],[0.182576,47.44062],[0.18315,47.436048],[0.183182,47.433593],[0.18403,47.430693],[0.184965,47.428746],[0.185356,47.425043],[0.18503,47.423585],[0.18258,47.419508],[0.181942,47.418919],[0.18121,47.417775],[0.180875,47.416311],[0.180799,47.416201],[0.179183,47.41719],[0.178089,47.41529],[0.17734,47.415553],[0.176482,47.41444],[0.1746,47.415034],[0.171576,47.41094],[0.170503,47.409147],[0.166163,47.403913],[0.162457,47.404778],[0.162146,47.404475],[0.160646,47.404406],[0.159498,47.403496],[0.159168,47.403664],[0.157627,47.402172],[0.156427,47.401363],[0.156716,47.401165],[0.154945,47.400108],[0.154048,47.399366],[0.153735,47.399315],[0.153457,47.398763],[0.151976,47.398439],[0.148699,47.400114],[0.14218,47.407145],[0.140287,47.409674],[0.138519,47.412663],[0.133118,47.418087],[0.132476,47.419155],[0.131908,47.419176],[0.130118,47.418736],[0.128113,47.418469],[0.126058,47.418783],[0.124069,47.418862],[0.123154,47.418601],[0.120604,47.419165],[0.113778,47.421264],[0.105892,47.421687],[0.105699,47.422185],[0.103548,47.422987],[0.101656,47.423941],[0.097723,47.425117],[0.097101,47.425515],[0.095423,47.425997],[0.095545,47.426437],[0.091551,47.428307],[0.087672,47.42971],[0.086332,47.430398],[0.08332,47.432469],[0.084696,47.43309],[0.084418,47.433401],[0.085528,47.433749],[0.087867,47.435343],[0.089791,47.437401],[0.089824,47.437688],[0.088395,47.437309],[0.085898,47.436272],[0.084268,47.436119],[0.083286,47.435858],[0.083343,47.435467],[0.082516,47.435405],[0.082384,47.435737],[0.081928,47.435548],[0.078048,47.436103],[0.078041,47.43665],[0.077243,47.436556],[0.076953,47.436263],[0.074698,47.435472],[0.073431,47.434813],[0.070708,47.434395],[0.06915,47.433541],[0.06895,47.433114],[0.06829,47.432535],[0.067628,47.431234],[0.065629,47.435281],[0.057704,47.434363],[0.058314,47.436285],[0.052874,47.440286],[0.048442,47.442037],[0.043213,47.443754],[0.040608,47.444313],[0.04021,47.444153],[0.038965,47.444407],[0.035943,47.444657],[0.035298,47.44544],[0.036767,47.446105],[0.037139,47.446823],[0.037069,47.448445],[0.036424,47.450441],[0.035605,47.450635],[0.036156,47.451598],[0.036502,47.451858],[0.03893,47.453202],[0.039619,47.452964],[0.040229,47.452969],[0.042406,47.453733],[0.043972,47.453792],[0.045241,47.454254],[0.045154,47.454686],[0.04538,47.454822],[0.04851,47.455456],[0.04961,47.455341],[0.051474,47.455983],[0.051442,47.456738],[0.055581,47.458372],[0.056001,47.458867],[0.056515,47.458942],[0.056828,47.459734],[0.057566,47.460286],[0.057925,47.460886],[0.057972,47.462692],[0.059453,47.462534],[0.05947,47.462959],[0.06103,47.465164],[0.059232,47.467202],[0.059638,47.467687],[0.06032,47.467533],[0.06071,47.466923],[0.060938,47.466985],[0.061447,47.469106],[0.061458,47.470571],[0.062035,47.471289],[0.061989,47.472368],[0.063446,47.473971],[0.06716,47.477148],[0.068342,47.479017],[0.066733,47.479389],[0.070006,47.482018],[0.069955,47.4823],[0.063555,47.485165],[0.063663,47.485323],[0.062776,47.485765],[0.063147,47.486133],[0.061433,47.486923],[0.060758,47.486948],[0.057904,47.488297],[0.057265,47.488157],[0.047947,47.489762],[0.045199,47.490071],[0.044041,47.490057],[0.043043,47.490505],[0.041432,47.489899],[0.039364,47.489512],[0.038737,47.489152],[0.037746,47.486639],[0.037852,47.486114],[0.037593,47.485414],[0.037164,47.485723],[0.036752,47.486636],[0.036735,47.487043],[0.037289,47.488127],[0.034545,47.490654],[0.033887,47.491985],[0.033212,47.491745],[0.031434,47.491589],[0.030036,47.491334],[0.028086,47.489394],[0.026816,47.488538],[0.026784,47.486394],[0.026208,47.485253],[0.025513,47.482961],[0.020139,47.484502],[0.019517,47.483153],[0.018137,47.477495],[0.017313,47.475568],[0.015848,47.477175],[0.015066,47.478454],[0.014664,47.478628],[0.013881,47.478613],[0.012154,47.476634],[0.01053,47.475104],[0.009627,47.474518],[0.008356,47.473967],[0.006381,47.471818],[0.002901,47.474952],[0.001736,47.473959],[0.001442,47.473927],[-0.00018,47.474863],[-0.002434,47.475697],[-0.004597,47.476207],[-0.007721,47.477753],[-0.009614,47.478363],[-0.01227,47.478928],[-0.014372,47.48011],[-0.018647,47.481453],[-0.013536,47.486493],[-0.015185,47.487694],[-0.017094,47.488611],[-0.02002,47.489714],[-0.021436,47.490581],[-0.025196,47.492346],[-0.02638,47.493364],[-0.027944,47.494394],[-0.026779,47.495038],[-0.024458,47.495934],[-0.023885,47.496359],[-0.02251,47.498008],[-0.021487,47.500392],[-0.02001,47.500769],[-0.018655,47.501627],[-0.016132,47.502413],[-0.013073,47.504113],[-0.010034,47.506288],[-0.007081,47.50895],[-0.006658,47.509939],[-0.005926,47.510967],[-0.005752,47.512408],[-0.005204,47.513476],[-0.003716,47.514862],[-0.000649,47.516752],[-0.005186,47.516702],[-0.006701,47.516478],[-0.008583,47.516912],[-0.009786,47.517694],[-0.009642,47.517713],[-0.010014,47.518852],[-0.010397,47.519415],[-0.013227,47.522017],[-0.014649,47.522917],[-0.018632,47.523593],[-0.019185,47.524989],[-0.020219,47.525799],[-0.019359,47.52587],[-0.019494,47.526272],[-0.017534,47.527785],[-0.016732,47.528896],[-0.016501,47.529762],[-0.016334,47.532497],[-0.015992,47.533053],[-0.016133,47.533562],[-0.016957,47.534456],[-0.016886,47.536711],[-0.017387,47.537609],[-0.020325,47.537962],[-0.020927,47.537815],[-0.02155,47.537884],[-0.022436,47.538649],[-0.024236,47.539076],[-0.024411,47.539559],[-0.025615,47.54059],[-0.027955,47.54094],[-0.029198,47.541273],[-0.028079,47.543006],[-0.027745,47.544561],[-0.027038,47.54581],[-0.024714,47.548189],[-0.023223,47.548797],[-0.021728,47.550677],[-0.020596,47.552497],[-0.020104,47.552809],[-0.019509,47.552692],[-0.018174,47.554642],[-0.015707,47.55686],[-0.015188,47.556803],[-0.014728,47.558393],[-0.014987,47.558502],[-0.014982,47.560941],[-0.014547,47.561667],[-0.016018,47.562286],[-0.01672,47.561713],[-0.017517,47.561909],[-0.020148,47.563154],[-0.021227,47.561939],[-0.023721,47.563119],[-0.024238,47.563765],[-0.025511,47.564692],[-0.025858,47.567151],[-0.02551,47.567514],[-0.024154,47.571051],[-0.022977,47.572178],[-0.022184,47.57315],[-0.02201,47.573674],[-0.022189,47.57648],[-0.022034,47.578672],[-0.019883,47.579688],[-0.01638,47.58176],[-0.014258,47.583577],[-0.013222,47.584782],[-0.013133,47.585749],[-0.011395,47.587352],[-0.00661,47.587685],[-0.006329,47.587464],[-0.00626,47.586969],[-0.004101,47.586367],[0.001277,47.58376],[0.001963,47.587991],[0.002357,47.588116],[0.003322,47.588104],[0.004371,47.59071],[0.001852,47.594624],[0.003059,47.595245],[0.002934,47.596455],[0.003117,47.596819],[0.003888,47.597464],[0.004188,47.59819],[0.001364,47.598898],[0.002353,47.600582],[0.003012,47.600731],[0.003974,47.60156],[0.004729,47.602565],[0.005501,47.60618],[0.006619,47.606472],[0.006044,47.607451],[0.007268,47.608375],[0.007603,47.608817],[0.005796,47.609945],[0.004836,47.611094],[0.007838,47.612529],[0.009857,47.612838],[0.01155,47.613586],[0.013103,47.614525],[0.013882,47.615287],[0.014006,47.616047],[0.012627,47.616671],[0.012117,47.61918],[0.010474,47.621757],[0.009245,47.622452],[0.009222,47.622991],[0.00992,47.62377],[0.013725,47.622002],[0.016783,47.622063],[0.018208,47.621417],[0.018295,47.620969],[0.021537,47.621393],[0.021999,47.619962],[0.02033,47.620064],[0.020367,47.61921],[0.022173,47.619329],[0.024124,47.620176],[0.026408,47.620903],[0.026629,47.620316],[0.035829,47.618662],[0.036539,47.617641],[0.037731,47.617755],[0.039293,47.614904],[0.039522,47.614821],[0.040165,47.613799],[0.039651,47.613384],[0.039874,47.612848],[0.040477,47.612726],[0.041026,47.612376],[0.043419,47.610345],[0.046528,47.609353],[0.048667,47.607983],[0.049044,47.608],[0.053026,47.605806],[0.056426,47.605436],[0.057779,47.604922],[0.059256,47.604591],[0.06028,47.604424],[0.062796,47.6045],[0.064598,47.604299],[0.066265,47.605583],[0.068996,47.607076],[0.070011,47.608221],[0.072758,47.607779],[0.074715,47.607143],[0.075518,47.607024],[0.079377,47.607009],[0.087424,47.6055],[0.095765,47.603322],[0.096285,47.603585],[0.096404,47.604153],[0.09596,47.604415],[0.096213,47.604715],[0.096674,47.604829],[0.098404,47.604374],[0.099058,47.604801],[0.099632,47.604701],[0.100282,47.605074],[0.101081,47.605044],[0.103461,47.605405],[0.10479,47.60543],[0.105861,47.605271],[0.10784,47.605668],[0.110306,47.605581],[0.110624,47.605902],[0.114937,47.605863],[0.115688,47.605729],[0.118658,47.601511],[0.118066,47.601044],[0.11919,47.600428],[0.119064,47.600102],[0.119883,47.59924],[0.121092,47.598949],[0.120134,47.597986],[0.120219,47.597582],[0.118662,47.596962],[0.119994,47.595383],[0.120537,47.595172],[0.121469,47.595527],[0.122162,47.59513],[0.122258,47.594824],[0.123422,47.594396],[0.124054,47.594911],[0.126218,47.595672],[0.128077,47.595752],[0.129336,47.59744],[0.1323,47.596552],[0.131542,47.595593],[0.131682,47.595416],[0.132493,47.595116],[0.133726,47.59424],[0.134527,47.594165],[0.13555,47.593554],[0.136212,47.593602],[0.138015,47.590894],[0.139952,47.590949],[0.139702,47.586576],[0.140017,47.586261],[0.139658,47.584274],[0.14253,47.583969],[0.144229,47.584495],[0.144506,47.584411],[0.145334,47.583244],[0.145095,47.583008],[0.144738,47.58299],[0.145078,47.582601],[0.144993,47.582288],[0.145175,47.582065],[0.145913,47.581525],[0.146693,47.581725],[0.148358,47.581282],[0.148347,47.581523],[0.150192,47.581498],[0.150893,47.58173],[0.151361,47.581726],[0.151306,47.582554],[0.153126,47.58591],[0.153495,47.585865],[0.153614,47.586584],[0.153378,47.586668],[0.153428,47.587347],[0.153939,47.587971],[0.157938,47.58921],[0.158654,47.590589],[0.159305,47.590835],[0.162062,47.594173],[0.164954,47.593976],[0.16921,47.593072],[0.171206,47.59294],[0.172985,47.59304],[0.173596,47.593194],[0.175686,47.594428],[0.176514,47.594518],[0.177456,47.595061],[0.179289,47.59577],[0.182668,47.596566],[0.184686,47.59917],[0.184906,47.600149],[0.184876,47.602914],[0.183931,47.608144],[0.184275,47.609971],[0.185997,47.613898],[0.185729,47.616554],[0.189481,47.616788],[0.192495,47.617507],[0.193041,47.616407],[0.194442,47.615283],[0.198232,47.615292],[0.198893,47.615528],[0.199441,47.615542],[0.199495,47.614865],[0.200394,47.614788],[0.200779,47.614808],[0.200884,47.615528],[0.201904,47.615578],[0.201916,47.615308],[0.2014,47.614893],[0.201281,47.614531],[0.201829,47.614071],[0.20208,47.611154],[0.201627,47.609639],[0.202165,47.60838],[0.201554,47.608026],[0.201857,47.607608],[0.202216,47.607529],[0.202491,47.607682],[0.204629,47.6067],[0.205018,47.606235],[0.205756,47.605821],[0.206028,47.605244],[0.205764,47.605106],[0.206016,47.604949],[0.205965,47.604517],[0.205724,47.604399],[0.205782,47.604179],[0.205524,47.604144],[0.205769,47.60364],[0.206924,47.603702],[0.209766,47.604929],[0.210035,47.605659],[0.211357,47.607535],[0.211454,47.607829],[0.210704,47.610203],[0.210529,47.611484],[0.209675,47.611764],[0.210379,47.611761],[0.21115,47.612183],[0.214429,47.612863],[0.219674,47.613018],[0.224372,47.612477],[0.225007,47.611559],[0.228439,47.609179],[0.22988,47.60846],[0.230565,47.607498],[0.232147,47.606279],[0.232432,47.605787],[0.23232,47.605245],[0.232591,47.60387],[0.232743,47.600848],[0.232634,47.599722],[0.232176,47.598809],[0.232419,47.597992],[0.232386,47.597109],[0.231943,47.596286],[0.231997,47.594937],[0.232358,47.594224],[0.233738,47.592944],[0.233419,47.592624],[0.233372,47.592128],[0.233926,47.589888],[0.232574,47.587075],[0.231751,47.586025],[0.231454,47.58512],[0.229619,47.584651],[0.233908,47.580545],[0.234555,47.578091],[0.231524,47.578328],[0.230008,47.576321],[0.227513,47.575511],[0.227112,47.574644],[0.2265,47.57458],[0.22541,47.574109],[0.223452,47.5739],[0.222358,47.574006],[0.220707,47.573806],[0.218334,47.573781],[0.21516,47.573184],[0.215102,47.572991],[0.215505,47.572629],[0.215909,47.571812],[0.214915,47.571322],[0.214837,47.570255],[0.21462,47.570104],[0.214905,47.569857],[0.214076,47.568992],[0.213491,47.5692],[0.212756,47.568842],[0.21326,47.568407],[0.212235,47.567881],[0.211101,47.565951],[0.209399,47.565076],[0.207999,47.563848],[0.208057,47.562847],[0.208554,47.562523],[0.208193,47.562327],[0.208307,47.562205],[0.206355,47.560998],[0.20683,47.559991],[0.207505,47.559337],[0.207707,47.559341],[0.209078,47.557718],[0.204748,47.55187],[0.204011,47.549792],[0.203952,47.548369],[0.203445,47.547224],[0.199526,47.545278],[0.199424,47.543671],[0.199772,47.54228],[0.199375,47.540976],[0.198453,47.540967],[0.197678,47.540413],[0.193346,47.539118],[0.193053,47.538123],[0.194206,47.537514],[0.200595,47.535608],[0.202084,47.534915],[0.20563,47.534632],[0.206509,47.533642],[0.206552,47.532491],[0.205176,47.53065],[0.204961,47.530608],[0.202824,47.52817],[0.205822,47.526838],[0.206906,47.526693],[0.208775,47.526698],[0.210784,47.526168],[0.21227,47.525339],[0.213244,47.524428],[0.214334,47.523756],[0.215099,47.523513],[0.215703,47.524341],[0.21697,47.526832],[0.217453,47.52938],[0.219974,47.528676],[0.222811,47.528231],[0.226065,47.526581],[0.226073,47.526356],[0.22481,47.524714],[0.223648,47.521864],[0.222709,47.521825],[0.221992,47.52151],[0.221197,47.520619],[0.219967,47.519727],[0.222078,47.517789],[0.221012,47.512942],[0.219174,47.509213],[0.220001,47.502115]]]}},{"type":"Feature","properties":{"uai_primary":"0491859E","uai_all":"0491859E","is_merged":false},"geometry":{"type":"Polygon","coordinates":[[[-1.086643,47.023515],[-1.082194,47.025333],[-1.077761,47.02738],[-1.074085,47.0293],[-1.070242,47.031515],[-1.064529,47.035175],[-1.045888,47.055652],[-1.032772,47.057029],[-1.031562,47.055793],[-1.03268,47.055647],[-1.036794,47.054111],[-1.039086,47.053073],[-1.040741,47.052036],[-1.042479,47.052727],[-1.043862,47.052359],[-1.043293,47.051777],[-1.041899,47.051018],[-1.041309,47.050274],[-1.040363,47.048076],[-1.040996,47.047222],[-1.039456,47.046614],[-1.039146,47.046315],[-1.039004,47.045809],[-1.038031,47.045406],[-1.036646,47.04498],[-1.033921,47.044427],[-1.031666,47.045682],[-1.029328,47.046492],[-1.028526,47.046577],[-1.028338,47.043193],[-1.023855,47.042567],[-1.023727,47.044304],[-1.022619,47.044505],[-1.021991,47.043722],[-1.020078,47.042246],[-1.020713,47.0395],[-1.020335,47.038904],[-1.019544,47.039165],[-1.018823,47.038146],[-1.020219,47.0374],[-1.01662,47.035581],[-1.01391,47.035146],[-1.01198,47.03453],[-1.011849,47.034329],[-1.011117,47.034892],[-1.012478,47.036518],[-1.011967,47.037263],[-1.010869,47.037089],[-1.010507,47.036397],[-1.010055,47.036757],[-1.008813,47.037094],[-1.005892,47.034645],[-1.004525,47.03398],[-1.003499,47.034155],[-0.999799,47.036414],[-0.99911,47.036608],[-0.998098,47.036794],[-0.99699,47.036703],[-0.995925,47.037173],[-0.995129,47.037237],[-0.993827,47.037768],[-0.99318,47.037715],[-0.991507,47.037109],[-0.991038,47.037296],[-0.990733,47.037187],[-0.990261,47.037346],[-0.989655,47.037268],[-0.989196,47.037731],[-0.98855,47.037938],[-0.987979,47.037886],[-0.987552,47.038137],[-0.98714,47.037982],[-0.986283,47.037956],[-0.985879,47.03888],[-0.98509,47.039421],[-0.984847,47.039372],[-0.984562,47.03901],[-0.983277,47.038857],[-0.982095,47.039368],[-0.981136,47.039541],[-0.980024,47.040095],[-0.97914,47.040221],[-0.977656,47.041078],[-0.977304,47.041809],[-0.976439,47.042312],[-0.97588,47.042356],[-0.975334,47.042135],[-0.974576,47.042266],[-0.974064,47.042782],[-0.974392,47.04336],[-0.974382,47.043746],[-0.973811,47.043926],[-0.973998,47.044189],[-0.973353,47.044678],[-0.973247,47.045312],[-0.972763,47.045987],[-0.972612,47.046973],[-0.972278,47.047255],[-0.971925,47.047248],[-0.971885,47.047486],[-0.971564,47.047457],[-0.971426,47.047731],[-0.971039,47.047712],[-0.970327,47.048643],[-0.970232,47.04907],[-0.971,47.050377],[-0.970983,47.050796],[-0.971592,47.051263],[-0.971753,47.051653],[-0.972502,47.052113],[-0.972915,47.052026],[-0.973044,47.052127],[-0.972975,47.052778],[-0.973141,47.053016],[-0.973497,47.053018],[-0.97353,47.053521],[-0.973872,47.053612],[-0.973733,47.053962],[-0.97409,47.05424],[-0.973987,47.054565],[-0.974373,47.055021],[-0.974866,47.055022],[-0.975214,47.055203],[-0.975653,47.055873],[-0.976192,47.055757],[-0.976504,47.056181],[-0.977215,47.056221],[-0.977468,47.056396],[-0.977845,47.056294],[-0.978433,47.055593],[-0.978634,47.055592],[-0.979062,47.055868],[-0.979095,47.056075],[-0.979571,47.056128],[-0.979587,47.056385],[-0.980701,47.056602],[-0.980763,47.056928],[-0.981167,47.057151],[-0.981574,47.057099],[-0.981434,47.057407],[-0.982023,47.057551],[-0.98199,47.058033],[-0.982261,47.058015],[-0.982898,47.058459],[-0.982697,47.058695],[-0.982979,47.059271],[-0.982645,47.06028],[-0.982737,47.060772],[-0.983486,47.061327],[-0.984267,47.061292],[-0.984469,47.061575],[-0.985112,47.061756],[-0.985154,47.061919],[-0.986061,47.061985],[-0.986284,47.062285],[-0.98653,47.062147],[-0.986854,47.062434],[-0.987713,47.062325],[-0.988428,47.062524],[-0.988598,47.062819],[-0.988332,47.063654],[-0.989082,47.063802],[-0.988795,47.064118],[-0.989566,47.064548],[-0.989745,47.065422],[-0.990409,47.065802],[-0.991817,47.066156],[-0.99312,47.066001],[-0.994431,47.065218],[-0.995765,47.064826],[-0.996603,47.06416],[-0.99767,47.063689],[-0.99832,47.063909],[-1.000884,47.065347],[-1.000986,47.066024],[-1.001474,47.067001],[-1.003341,47.068531],[-1.004504,47.069043],[-1.005126,47.069139],[-1.005443,47.069051],[-1.005989,47.068531],[-1.005217,47.067586],[-1.005174,47.06712],[-1.005487,47.066876],[-1.007351,47.067318],[-1.008602,47.067782],[-1.009278,47.067718],[-1.010489,47.067981],[-1.012729,47.070102],[-1.013994,47.072374],[-1.014052,47.073443],[-1.014976,47.074774],[-1.015507,47.075063],[-1.016261,47.075023],[-1.015416,47.075495],[-1.014454,47.075277],[-1.013411,47.075481],[-1.013547,47.076173],[-1.012482,47.076852],[-1.012071,47.07765],[-1.010941,47.07827],[-1.010314,47.078292],[-1.00974,47.078532],[-1.009128,47.079052],[-1.008667,47.079827],[-1.008233,47.080038],[-1.006678,47.079885],[-1.004834,47.0801],[-1.004276,47.080498],[-1.003261,47.081846],[-1.001639,47.082483],[-0.996554,47.083192],[-0.99665,47.083873],[-0.997484,47.083966],[-0.998069,47.085131],[-0.997924,47.086014],[-0.997505,47.086696],[-0.998496,47.088622],[-0.997895,47.09084],[-0.993369,47.089569],[-0.993363,47.089182],[-0.993109,47.089019],[-0.993033,47.089355],[-0.9921,47.09038],[-0.990822,47.090295],[-0.989408,47.091092],[-0.984778,47.094839],[-0.983987,47.095096],[-0.983356,47.09493],[-0.981501,47.096255],[-0.979903,47.096908],[-0.978438,47.100071],[-0.974833,47.100409],[-0.974059,47.100535],[-0.973649,47.100756],[-0.969109,47.101294],[-0.969335,47.101652],[-0.966329,47.104755],[-0.96872,47.105441],[-0.970221,47.106302],[-0.970367,47.106898],[-0.968763,47.107958],[-0.967849,47.107754],[-0.96705,47.108872],[-0.967254,47.109873],[-0.96676,47.110077],[-0.966253,47.11061],[-0.966271,47.11104],[-0.965696,47.112247],[-0.96502,47.113078],[-0.964548,47.114124],[-0.964576,47.115293],[-0.965263,47.115767],[-0.964501,47.116207],[-0.961567,47.11614],[-0.958893,47.115652],[-0.95852,47.115395],[-0.958132,47.114706],[-0.957807,47.114632],[-0.95651,47.11443],[-0.953607,47.114428],[-0.952349,47.114804],[-0.950936,47.115496],[-0.950615,47.116568],[-0.949882,47.117637],[-0.946038,47.119935],[-0.945364,47.119435],[-0.943696,47.119453],[-0.943941,47.119087],[-0.943613,47.11899],[-0.943397,47.11911],[-0.942943,47.118678],[-0.944098,47.118161],[-0.945889,47.116767],[-0.944439,47.116583],[-0.9436,47.116641],[-0.943379,47.116498],[-0.946557,47.114183],[-0.951398,47.111856],[-0.9513,47.111145],[-0.950803,47.110184],[-0.952139,47.109909],[-0.951729,47.108922],[-0.950438,47.10879],[-0.950167,47.11035],[-0.949427,47.110803],[-0.948722,47.112031],[-0.948584,47.111838],[-0.946989,47.111179],[-0.947484,47.110818],[-0.946963,47.110374],[-0.947625,47.109554],[-0.947908,47.108652],[-0.93866,47.108176],[-0.939734,47.106565],[-0.935923,47.104821],[-0.934469,47.104446],[-0.934619,47.102811],[-0.933156,47.102084],[-0.935369,47.099711],[-0.935811,47.099544],[-0.934882,47.098081],[-0.933259,47.097195],[-0.932161,47.098912],[-0.929895,47.09817],[-0.929306,47.096557],[-0.92932,47.0963],[-0.929697,47.096145],[-0.928606,47.095943],[-0.926726,47.09527],[-0.926592,47.09432],[-0.918628,47.09307],[-0.916877,47.092601],[-0.916397,47.092629],[-0.914537,47.090553],[-0.911227,47.088289],[-0.911322,47.08651],[-0.910913,47.085591],[-0.908213,47.082935],[-0.908986,47.08198],[-0.91023,47.079409],[-0.910059,47.078695],[-0.911081,47.076169],[-0.910904,47.076199],[-0.910918,47.076034],[-0.911831,47.076009],[-0.911923,47.075789],[-0.914078,47.075927],[-0.918442,47.07703],[-0.91843,47.077165],[-0.919793,47.077766],[-0.922053,47.078056],[-0.923401,47.078605],[-0.923751,47.077386],[-0.923716,47.076361],[-0.924045,47.075677],[-0.924401,47.075215],[-0.924771,47.075056],[-0.925085,47.074439],[-0.926371,47.073713],[-0.92846,47.071629],[-0.929024,47.068098],[-0.929593,47.067651],[-0.924934,47.067188],[-0.924392,47.066253],[-0.924326,47.065049],[-0.925345,47.065126],[-0.925516,47.064277],[-0.925065,47.064673],[-0.925108,47.06249],[-0.924284,47.061092],[-0.924948,47.060065],[-0.925114,47.060115],[-0.924948,47.052331],[-0.924,47.052492],[-0.918575,47.054469],[-0.913207,47.054298],[-0.910062,47.054818],[-0.909439,47.055068],[-0.907915,47.061165],[-0.90618,47.05878],[-0.905459,47.059043],[-0.903946,47.059061],[-0.903788,47.059232],[-0.90206,47.058853],[-0.901501,47.059178],[-0.901181,47.059591],[-0.900701,47.0597],[-0.900408,47.06017],[-0.899659,47.059767],[-0.899312,47.059787],[-0.898415,47.059901],[-0.897934,47.060205],[-0.896843,47.06013],[-0.896344,47.060463],[-0.896091,47.060884],[-0.895663,47.060638],[-0.895276,47.06059],[-0.895125,47.06071],[-0.894883,47.060578],[-0.894222,47.060841],[-0.892965,47.060828],[-0.892821,47.060989],[-0.892345,47.060904],[-0.891652,47.06126],[-0.891018,47.061157],[-0.890797,47.060873],[-0.891097,47.060557],[-0.890275,47.060047],[-0.890328,47.059369],[-0.889842,47.059128],[-0.889253,47.059131],[-0.889102,47.058556],[-0.889503,47.057776],[-0.888944,47.057538],[-0.888455,47.057516],[-0.88834,47.056905],[-0.888406,47.056804],[-0.888653,47.056863],[-0.88839,47.056694],[-0.889018,47.055865],[-0.889319,47.055022],[-0.890153,47.053793],[-0.890093,47.053547],[-0.89083,47.0525],[-0.890753,47.051733],[-0.890943,47.051137],[-0.890713,47.050942],[-0.89098,47.050605],[-0.890679,47.050378],[-0.890831,47.049754],[-0.892239,47.04836],[-0.893106,47.048066],[-0.89414,47.046815],[-0.895038,47.04659],[-0.896006,47.045953],[-0.896123,47.044555],[-0.897348,47.042582],[-0.897314,47.042031],[-0.900609,47.041038],[-0.901506,47.04043],[-0.9037,47.036044],[-0.903436,47.03534],[-0.909676,47.034578],[-0.911747,47.031951],[-0.912461,47.031559],[-0.91276,47.030152],[-0.912676,47.029345],[-0.912506,47.028782],[-0.911307,47.027381],[-0.913671,47.025757],[-0.914322,47.024839],[-0.922139,47.021199],[-0.922539,47.020832],[-0.939411,47.010914],[-0.939167,47.010934],[-0.939141,47.010266],[-0.937631,47.010021],[-0.934841,47.010407],[-0.933841,47.010385],[-0.933417,47.00984],[-0.934658,47.008674],[-0.934058,47.008123],[-0.934609,47.007654],[-0.935539,47.007348],[-0.934844,47.005633],[-0.936462,47.005257],[-0.936367,47.004668],[-0.937296,47.003048],[-0.938529,47.0034],[-0.938673,47.002401],[-0.939634,47.002783],[-0.939812,47.002193],[-0.940348,47.002647],[-0.940278,47.003189],[-0.940733,47.0035],[-0.941149,47.003425],[-0.941698,47.00358],[-0.943366,47.000604],[-0.944733,46.999796],[-0.944993,46.998988],[-0.945861,46.999043],[-0.946023,46.999335],[-0.947166,46.999717],[-0.948313,47.001307],[-0.948438,47.001507],[-0.947948,47.002407],[-0.948194,47.002769],[-0.948136,47.003073],[-0.947611,47.003399],[-0.947959,47.003693],[-0.948897,47.00394],[-0.948911,47.00336],[-0.950822,47.002829],[-0.951958,47.002736],[-0.953181,47.001709],[-0.953334,47.000763],[-0.955039,46.999919],[-0.955661,46.99757],[-0.954756,46.995966],[-0.956737,46.996404],[-0.958285,46.99543],[-0.957369,46.99515],[-0.957388,46.994887],[-0.958138,46.994861],[-0.959511,46.995151],[-0.960802,46.994722],[-0.960874,46.995261],[-0.95985,46.995287],[-0.960264,46.99571],[-0.961433,46.995596],[-0.962158,46.995809],[-0.96194,46.997098],[-0.961741,46.997277],[-0.962256,46.997434],[-0.962497,46.996568],[-0.963159,46.996458],[-0.964354,46.997292],[-0.963447,46.998099],[-0.964306,46.998702],[-0.964611,46.999367],[-0.964985,46.999584],[-0.964744,46.999874],[-0.963629,47.000185],[-0.963101,47.00063],[-0.963229,47.001985],[-0.963642,47.002769],[-0.964014,47.003068],[-0.965473,47.003277],[-0.966535,47.002838],[-0.966973,47.00312],[-0.96713,47.003546],[-0.968005,47.004208],[-0.968026,47.004451],[-0.967578,47.004506],[-0.967052,47.005199],[-0.965982,47.004729],[-0.966467,47.005599],[-0.968678,47.006688],[-0.967816,47.007355],[-0.96861,47.007782],[-0.970079,47.007531],[-0.970504,47.007588],[-0.972909,47.009056],[-0.973483,47.0081],[-0.975229,47.008652],[-0.974932,47.010525],[-0.974088,47.010915],[-0.973166,47.012531],[-0.975314,47.013218],[-0.974907,47.013532],[-0.974251,47.01506],[-0.973361,47.016124],[-0.97408,47.016586],[-0.975663,47.01687],[-0.976156,47.018317],[-0.977622,47.01885],[-0.978354,47.018918],[-0.981844,47.018147],[-0.981502,47.017046],[-0.982825,47.016521],[-0.982976,47.016083],[-0.982666,47.015791],[-0.980948,47.014858],[-0.980279,47.014309],[-0.981258,47.013449],[-0.980527,47.013364],[-0.980506,47.013064],[-0.980905,47.012459],[-0.981683,47.011811],[-0.982174,47.010593],[-0.983499,47.010977],[-0.986383,47.012421],[-0.991487,47.015537],[-0.992328,47.015838],[-0.993395,47.016587],[-0.995514,47.017676],[-0.99619,47.018469],[-0.999529,47.020687],[-1.000722,47.021206],[-1.002179,47.02152],[-1.002153,47.021166],[-1.002672,47.020502],[-1.002745,47.020066],[-1.006332,47.017472],[-1.007261,47.017172],[-1.007676,47.016042],[-1.007358,47.015225],[-1.006736,47.01481],[-1.00645,47.013029],[-1.007448,47.012254],[-1.008563,47.011844],[-1.009443,47.011023],[-1.010669,47.010398],[-1.011681,47.009634],[-1.012078,47.008612],[-1.011954,47.007569],[-1.012918,47.00706],[-1.013515,47.006278],[-1.014286,47.005873],[-1.014578,47.00541],[-1.014515,47.005167],[-1.015478,47.004216],[-1.016048,47.004008],[-1.016303,47.003558],[-1.016831,47.003785],[-1.017981,47.00493],[-1.019236,47.0052],[-1.021765,47.004837],[-1.022667,47.00409],[-1.023447,47.003969],[-1.027746,47.003939],[-1.028846,47.004478],[-1.032461,47.005115],[-1.033343,47.005072],[-1.034498,47.004652],[-1.035929,47.004355],[-1.038672,47.005238],[-1.038748,47.006262],[-1.039668,47.006587],[-1.04054,47.006588],[-1.041277,47.006276],[-1.042643,47.004515],[-1.043656,47.004309],[-1.046899,47.005195],[-1.047197,47.005643],[-1.047308,47.006999],[-1.047761,47.007258],[-1.048156,47.007211],[-1.050255,47.006237],[-1.050539,47.005448],[-1.051238,47.004927],[-1.053184,47.004456],[-1.054643,47.004386],[-1.055167,47.004546],[-1.055637,47.006122],[-1.056535,47.00738],[-1.057384,47.007619],[-1.05973,47.008998],[-1.060565,47.009143],[-1.062129,47.00898],[-1.063292,47.007897],[-1.063753,47.007866],[-1.064069,47.008009],[-1.064291,47.008749],[-1.063792,47.008966],[-1.06384,47.009508],[-1.06607,47.012525],[-1.066757,47.013039],[-1.067698,47.01309],[-1.068535,47.012943],[-1.070119,47.012194],[-1.071511,47.011072],[-1.071739,47.009684],[-1.072254,47.009089],[-1.072918,47.008631],[-1.073881,47.008453],[-1.074294,47.008476],[-1.07569,47.009023],[-1.078308,47.010789],[-1.080045,47.011456],[-1.081315,47.013131],[-1.081751,47.013393],[-1.082418,47.013392],[-1.082952,47.013182],[-1.083616,47.01212],[-1.084367,47.011796],[-1.085237,47.011825],[-1.086571,47.012431],[-1.087117,47.012797],[-1.089362,47.022393],[-1.086643,47.023515]],[[-0.933033,47.06046],[-0.932473,47.060037],[-0.932015,47.060052],[-0.93176,47.059736],[-0.931508,47.060157],[-0.930417,47.059861],[-0.930263,47.060047],[-0.929853,47.059959],[-0.929664,47.060172],[-0.928682,47.059282],[-0.927577,47.062466],[-0.926709,47.063229],[-0.927352,47.063475],[-0.928851,47.063501],[-0.929644,47.061856],[-0.932756,47.062089],[-0.933033,47.06046]],[[-1.059322,47.01819],[-1.059594,47.017885],[-1.059488,47.017734],[-1.05902,47.017891],[-1.059322,47.01819]],[[-1.064206,47.018313],[-1.064156,47.018549],[-1.064629,47.018755],[-1.064894,47.018685],[-1.064666,47.018465],[-1.065234,47.018546],[-1.065375,47.018246],[-1.064439,47.017956],[-1.064206,47.018313]]]}},{"type":"Feature","properties":{"uai_primary":"0492081W","uai_all":"0492081W","is_merged":false},"geometry":{"type":"Polygon","coordinates":[[[-0.612981,47.47108],[-0.609975,47.470708],[-0.607759,47.471606],[-0.604197,47.471997],[-0.603391,47.471547],[-0.60258,47.469687],[-0.602264,47.469709],[-0.601704,47.469778],[-0.600739,47.472307],[-0.60042,47.472302],[-0.599216,47.470354],[-0.598342,47.470542],[-0.599108,47.472323],[-0.598439,47.47234],[-0.597682,47.47151],[-0.597752,47.472356],[-0.59753,47.47249],[-0.597133,47.47242],[-0.596775,47.472563],[-0.596404,47.472287],[-0.596374,47.471932],[-0.59544,47.472198],[-0.595007,47.471957],[-0.594321,47.472281],[-0.594254,47.472491],[-0.5936,47.472534],[-0.593016,47.471807],[-0.592535,47.472162],[-0.592316,47.471762],[-0.592109,47.472036],[-0.591047,47.472165],[-0.590438,47.472591],[-0.589903,47.472726],[-0.588512,47.472153],[-0.587512,47.472616],[-0.587256,47.471733],[-0.587011,47.472297],[-0.586787,47.471942],[-0.586547,47.472153],[-0.586278,47.47199],[-0.586122,47.472118],[-0.585522,47.471989],[-0.585538,47.472328],[-0.5849,47.472139],[-0.584706,47.472334],[-0.584048,47.47246],[-0.582202,47.471827],[-0.58233,47.47269],[-0.582149,47.472837],[-0.58142,47.473002],[-0.581299,47.473149],[-0.580927,47.47303],[-0.580725,47.473319],[-0.579535,47.473449],[-0.579246,47.47367],[-0.577981,47.473484],[-0.577163,47.472975],[-0.575034,47.471063],[-0.574918,47.469534],[-0.577067,47.464901],[-0.579301,47.464016],[-0.579871,47.462984],[-0.583732,47.460133],[-0.584788,47.459018],[-0.585474,47.457778],[-0.586761,47.457281],[-0.589596,47.455019],[-0.587798,47.454138],[-0.590263,47.452525],[-0.590178,47.452405],[-0.588261,47.452704],[-0.587156,47.451905],[-0.591213,47.450161],[-0.593182,47.448791],[-0.596206,47.444233],[-0.601635,47.438131],[-0.602583,47.436725],[-0.603571,47.435095],[-0.604047,47.433385],[-0.604054,47.429842],[-0.603589,47.426969],[-0.603629,47.425966],[-0.603834,47.424882],[-0.604567,47.42304],[-0.60507,47.422367],[-0.6082,47.420118],[-0.609852,47.418208],[-0.612518,47.415791],[-0.613171,47.414988],[-0.614684,47.411955],[-0.615482,47.408569],[-0.617044,47.407085],[-0.619102,47.405487],[-0.623049,47.401468],[-0.623757,47.399464],[-0.625048,47.398106],[-0.626257,47.398555],[-0.628119,47.398885],[-0.628787,47.398783],[-0.630217,47.398133],[-0.632161,47.398163],[-0.63183,47.398964],[-0.631975,47.400001],[-0.634502,47.399321],[-0.634662,47.399441],[-0.635344,47.399144],[-0.639081,47.402562],[-0.640712,47.40346],[-0.644899,47.405028],[-0.645732,47.405637],[-0.647826,47.40772],[-0.648436,47.408091],[-0.649485,47.408401],[-0.65018,47.411345],[-0.651295,47.412423],[-0.652117,47.413885],[-0.652944,47.414767],[-0.653653,47.416825],[-0.653568,47.417344],[-0.656465,47.418668],[-0.654363,47.419891],[-0.654678,47.421176],[-0.655691,47.421837],[-0.655889,47.422807],[-0.653432,47.42386],[-0.650717,47.425413],[-0.648909,47.427028],[-0.65074,47.427778],[-0.6522,47.429314],[-0.653813,47.430513],[-0.655381,47.431303],[-0.657857,47.433586],[-0.660435,47.436212],[-0.6605,47.43722],[-0.661098,47.438037],[-0.660838,47.438411],[-0.662106,47.438351],[-0.662097,47.43852],[-0.663329,47.43858],[-0.663958,47.438881],[-0.665064,47.439041],[-0.665147,47.441243],[-0.665353,47.441342],[-0.664909,47.441576],[-0.664739,47.44191],[-0.664443,47.441982],[-0.665091,47.442198],[-0.665589,47.442627],[-0.665696,47.444266],[-0.665341,47.444586],[-0.666891,47.44506],[-0.665991,47.446263],[-0.666547,47.446418],[-0.666455,47.44688],[-0.666745,47.447685],[-0.667456,47.448738],[-0.667374,47.449366],[-0.667792,47.449765],[-0.667152,47.45019],[-0.66826,47.450822],[-0.671782,47.451824],[-0.680969,47.447278],[-0.681978,47.447663],[-0.682213,47.448794],[-0.683628,47.449594],[-0.683622,47.449809],[-0.684305,47.450265],[-0.685137,47.450218],[-0.686008,47.450558],[-0.687154,47.450658],[-0.689883,47.450502],[-0.691839,47.456607],[-0.689934,47.469919],[-0.688494,47.469804],[-0.688261,47.469964],[-0.687732,47.470008],[-0.684235,47.472285],[-0.682187,47.47328],[-0.68079,47.473545],[-0.678554,47.473521],[-0.67655,47.473115],[-0.674149,47.47312],[-0.673921,47.473826],[-0.671053,47.473662],[-0.671275,47.472988],[-0.669113,47.473407],[-0.666516,47.473263],[-0.665855,47.473036],[-0.665342,47.472561],[-0.665399,47.472105],[-0.665964,47.471637],[-0.665468,47.471381],[-0.664763,47.472235],[-0.663883,47.47254],[-0.662725,47.472652],[-0.661708,47.472408],[-0.659446,47.470882],[-0.657556,47.469123],[-0.657532,47.468627],[-0.657927,47.467804],[-0.659618,47.465196],[-0.659199,47.464799],[-0.658537,47.464716],[-0.657785,47.463142],[-0.656731,47.463042],[-0.656274,47.462851],[-0.656642,47.461938],[-0.654718,47.459569],[-0.653803,47.459314],[-0.653702,47.459188],[-0.654031,47.459092],[-0.653931,47.458994],[-0.651871,47.4578],[-0.651905,47.457521],[-0.649949,47.45657],[-0.650902,47.455866],[-0.651361,47.454684],[-0.646491,47.452518],[-0.644976,47.451145],[-0.641292,47.448756],[-0.635258,47.447776],[-0.633453,47.447631],[-0.630554,47.446495],[-0.628567,47.447196],[-0.627395,47.44794],[-0.625809,47.447918],[-0.625158,47.449492],[-0.623388,47.450681],[-0.622364,47.450855],[-0.620393,47.45065],[-0.619252,47.450786],[-0.617869,47.452417],[-0.616251,47.453716],[-0.614386,47.454761],[-0.613825,47.454916],[-0.613688,47.455728],[-0.614042,47.456735],[-0.617726,47.460195],[-0.616361,47.461876],[-0.616616,47.461991],[-0.615546,47.463125],[-0.613256,47.46385],[-0.610097,47.46225],[-0.607152,47.463466],[-0.606152,47.463524],[-0.605589,47.465227],[-0.608981,47.465754],[-0.609112,47.467089],[-0.60893,47.467803],[-0.609825,47.467883],[-0.610692,47.469239],[-0.611652,47.469421],[-0.612981,47.47108]],[[-0.835845,47.313742],[-0.836805,47.314253],[-0.836719,47.314705],[-0.836074,47.314876],[-0.834922,47.3147],[-0.833749,47.314941],[-0.833563,47.313692],[-0.833778,47.313227],[-0.834981,47.313114],[-0.835845,47.313742]]]}},{"type":"Feature","properties":{"uai_primary":"0490004N","uai_all":"0490004N,0491825T","is_merged":true},"geometry":{"type":"Polygon","coordinates":[[[-0.561471,47.461002],[-0.561755,47.461129],[-0.56153,47.461479],[-0.562122,47.461525],[-0.56247,47.462124],[-0.563622,47.462664],[-0.563292,47.462946],[-0.564014,47.463997],[-0.564783,47.464394],[-0.565482,47.464495],[-0.565696,47.465017],[-0.566145,47.4653],[-0.566669,47.465552],[-0.57215,47.466159],[-0.567088,47.468664],[-0.565012,47.469945],[-0.563957,47.470357],[-0.563454,47.470796],[-0.562224,47.471172],[-0.560846,47.471004],[-0.558705,47.472325],[-0.557227,47.473543],[-0.55676,47.474568],[-0.556921,47.475325],[-0.556355,47.475718],[-0.555714,47.476844],[-0.554342,47.478466],[-0.552701,47.47958],[-0.55278,47.480262],[-0.552475,47.481167],[-0.551856,47.481498],[-0.550422,47.483918],[-0.548221,47.486312],[-0.547477,47.488203],[-0.545201,47.490026],[-0.544163,47.49048],[-0.54413,47.488469],[-0.543446,47.488146],[-0.542036,47.488818],[-0.542322,47.487505],[-0.542012,47.486613],[-0.542754,47.485796],[-0.542934,47.485169],[-0.541661,47.484908],[-0.540084,47.484824],[-0.538681,47.484467],[-0.539293,47.484315],[-0.541052,47.484508],[-0.541305,47.483654],[-0.540885,47.48342],[-0.54145,47.483187],[-0.54096,47.483054],[-0.541299,47.482919],[-0.541127,47.482752],[-0.541415,47.482705],[-0.541048,47.482635],[-0.541179,47.48182],[-0.541379,47.481747],[-0.540939,47.481486],[-0.54134,47.481387],[-0.541142,47.481223],[-0.541545,47.480968],[-0.541209,47.480856],[-0.541461,47.480555],[-0.541246,47.480433],[-0.541206,47.480115],[-0.541553,47.479889],[-0.541378,47.479807],[-0.54155,47.479572],[-0.542146,47.479432],[-0.542705,47.478914],[-0.543264,47.479012],[-0.543744,47.47866],[-0.54362,47.478135],[-0.543939,47.47772],[-0.543829,47.477351],[-0.544339,47.477363],[-0.543861,47.476887],[-0.544308,47.476884],[-0.544638,47.476716],[-0.544909,47.47641],[-0.544574,47.475948],[-0.545223,47.475355],[-0.544943,47.474975],[-0.543708,47.474716],[-0.542625,47.475146],[-0.541205,47.474775],[-0.54201,47.473996],[-0.542041,47.473628],[-0.542586,47.473363],[-0.542371,47.473029],[-0.542732,47.472609],[-0.542534,47.472102],[-0.541553,47.471689],[-0.541403,47.47133],[-0.54164,47.470863],[-0.541512,47.470695],[-0.542007,47.470602],[-0.541447,47.470164],[-0.542079,47.470038],[-0.542319,47.469842],[-0.542089,47.469639],[-0.541806,47.469622],[-0.54167,47.469443],[-0.541014,47.469551],[-0.54071,47.469279],[-0.539454,47.46894],[-0.539449,47.46874],[-0.53908,47.468713],[-0.538745,47.468394],[-0.538602,47.468496],[-0.537878,47.468303],[-0.537522,47.468515],[-0.537124,47.468374],[-0.537025,47.467883],[-0.536339,47.467471],[-0.535754,47.46765],[-0.534035,47.46703],[-0.533241,47.466105],[-0.533016,47.467035],[-0.532403,47.466338],[-0.531337,47.466608],[-0.530889,47.466342],[-0.530824,47.465148],[-0.532045,47.465609],[-0.53288,47.465088],[-0.533378,47.465032],[-0.533478,47.464861],[-0.533659,47.46492],[-0.533651,47.464692],[-0.534089,47.464771],[-0.534639,47.464276],[-0.533736,47.46379],[-0.533833,47.463481],[-0.533657,47.463238],[-0.534202,47.46318],[-0.534265,47.462707],[-0.534748,47.462652],[-0.535387,47.461873],[-0.535361,47.461618],[-0.535607,47.461562],[-0.535999,47.460995],[-0.536355,47.460924],[-0.536318,47.46066],[-0.536682,47.460669],[-0.536796,47.460534],[-0.5366,47.460245],[-0.536002,47.46021],[-0.536758,47.459668],[-0.536709,47.459398],[-0.537018,47.459092],[-0.537807,47.459031],[-0.537725,47.458888],[-0.537979,47.458853],[-0.539059,47.457817],[-0.539533,47.457595],[-0.539465,47.457444],[-0.539691,47.457452],[-0.539698,47.457301],[-0.540442,47.456854],[-0.540842,47.456484],[-0.540792,47.456336],[-0.541231,47.456331],[-0.54133,47.456502],[-0.541649,47.456413],[-0.541776,47.456575],[-0.541364,47.457128],[-0.541395,47.457675],[-0.541695,47.457804],[-0.542662,47.457105],[-0.542527,47.456755],[-0.542983,47.456832],[-0.54302,47.456469],[-0.543566,47.456499],[-0.543089,47.456048],[-0.542068,47.455539],[-0.542312,47.455103],[-0.5422,47.454485],[-0.541293,47.453667],[-0.541357,47.453443],[-0.540738,47.452197],[-0.542192,47.452493],[-0.544831,47.4519],[-0.545014,47.452404],[-0.545571,47.45272],[-0.545203,47.453565],[-0.545623,47.4538],[-0.546505,47.453656],[-0.547229,47.453187],[-0.546952,47.453978],[-0.547093,47.454371],[-0.548107,47.454644],[-0.548372,47.454927],[-0.550354,47.455596],[-0.550716,47.455871],[-0.550696,47.456196],[-0.551113,47.456113],[-0.551493,47.456221],[-0.550966,47.456545],[-0.551534,47.457224],[-0.551728,47.458157],[-0.551577,47.458286],[-0.55211,47.458769],[-0.553918,47.458665],[-0.554153,47.458389],[-0.555619,47.458162],[-0.555664,47.458368],[-0.55631,47.458782],[-0.557162,47.458697],[-0.558006,47.459048],[-0.557994,47.459546],[-0.558398,47.459522],[-0.558026,47.459826],[-0.558297,47.460048],[-0.558969,47.459945],[-0.55994,47.459491],[-0.560523,47.459516],[-0.561058,47.460354],[-0.560992,47.460576],[-0.561316,47.460755],[-0.561112,47.460954],[-0.561471,47.461002]],[[-0.543133,47.471721],[-0.542696,47.47181],[-0.542575,47.472079],[-0.543102,47.472016],[-0.543133,47.471721]],[[-0.539953,47.474058],[-0.539486,47.474027],[-0.539445,47.473735],[-0.539875,47.473736],[-0.539953,47.474058]],[[-0.567296,47.496546],[-0.56512,47.495142],[-0.563935,47.494706],[-0.563205,47.494702],[-0.562844,47.494877],[-0.562726,47.495139],[-0.562974,47.495721],[-0.564045,47.497207],[-0.566882,47.49988],[-0.567235,47.504735],[-0.567132,47.50635],[-0.566245,47.50618],[-0.566155,47.506293],[-0.567028,47.507996],[-0.566415,47.515435],[-0.564282,47.515557],[-0.563862,47.514577],[-0.563005,47.514603],[-0.563852,47.516789],[-0.56379,47.51937],[-0.563177,47.519466],[-0.562569,47.518978],[-0.561362,47.518546],[-0.554716,47.517305],[-0.551895,47.517009],[-0.548554,47.516872],[-0.544998,47.517086],[-0.558832,47.494941],[-0.560823,47.495099],[-0.561643,47.494897],[-0.562197,47.494454],[-0.562349,47.493488],[-0.563469,47.493196],[-0.56456,47.492686],[-0.566262,47.493423],[-0.56809,47.494845],[-0.567296,47.496546]]]}}]}