{"type":"FeatureCollection","features":[{"type":"Feature","properties":{"uai_primary":"0610003X","uai_all":"0610003X","is_merged":false},"geometry":{"type":"Polygon","coordinates":[[[-0.048985,48.481942],[-0.048651,48.481437],[-0.047669,48.481025],[-0.046843,48.480886],[-0.029562,48.480791],[-0.026562,48.48066],[-0.019328,48.475032],[-0.017776,48.473664],[-0.017543,48.473339],[-0.017514,48.472694],[-0.016745,48.472079],[-0.017204,48.471809],[-0.017588,48.472127],[-0.018882,48.471798],[-0.019393,48.469739],[-0.019466,48.467875],[-0.020506,48.466842],[-0.016186,48.465767],[-0.011649,48.464992],[-0.008442,48.464256],[-0.006743,48.463721],[-0.006362,48.463439],[-0.002356,48.462722],[-0.002544,48.462326],[0.001515,48.461722],[0.004874,48.461048],[0.006662,48.46095],[0.006858,48.460731],[0.008,48.460532],[0.009243,48.46005],[0.011079,48.459778],[0.012121,48.458547],[0.012155,48.457898],[0.012667,48.457351],[0.013686,48.456583],[0.014556,48.456441],[0.014601,48.455854],[0.015229,48.455287],[0.015537,48.455249],[0.015491,48.455068],[0.015036,48.454951],[0.014922,48.454539],[0.014967,48.454182],[0.015641,48.453872],[0.015671,48.453384],[0.015628,48.453268],[0.015328,48.453362],[0.014788,48.452731],[0.01499,48.451977],[0.014822,48.451752],[0.01479,48.450533],[0.015126,48.449759],[0.01504,48.449501],[0.015319,48.449389],[0.014936,48.448858],[0.01492,48.448361],[0.015364,48.447697],[0.014981,48.447498],[0.014743,48.446398],[0.015188,48.442976],[0.014161,48.442581],[0.012929,48.442378],[0.013132,48.442101],[0.011546,48.441547],[0.010681,48.441974],[0.009905,48.441719],[0.007921,48.442586],[0.000995,48.441296],[0.00078,48.440965],[0.001075,48.440707],[0.001141,48.440275],[0.000903,48.440374],[-0.000191,48.440084],[0.000115,48.439621],[2.4e-05,48.437587],[0.000365,48.436544],[0.000494,48.434992],[0.001583,48.434552],[0.00265,48.434506],[0.003093,48.434579],[0.003188,48.434879],[0.003954,48.435244],[0.006869,48.434614],[0.008382,48.434569],[0.00855,48.434182],[0.009229,48.433782],[0.009163,48.433013],[0.009372,48.432714],[0.0091,48.432511],[0.008763,48.43146],[0.007716,48.430182],[0.007798,48.430028],[0.0064,48.430392],[0.00562,48.430776],[0.005316,48.430576],[0.002433,48.431039],[0.002097,48.430332],[-0.001431,48.430525],[-0.001351,48.430987],[-0.002459,48.431606],[-0.005051,48.431793],[-0.005344,48.43106],[-0.006667,48.431384],[-0.00906,48.431616],[-0.01105,48.431573],[-0.015513,48.431237],[-0.019296,48.430379],[-0.019203,48.431415],[-0.020665,48.431291],[-0.020553,48.430837],[-0.02136,48.43113],[-0.021546,48.430946],[-0.022293,48.431673],[-0.023811,48.432581],[-0.023791,48.432772],[-0.02563,48.433811],[-0.026128,48.434286],[-0.027221,48.434534],[-0.027519,48.434915],[-0.030169,48.43441],[-0.031392,48.434434],[-0.03296,48.434158],[-0.033461,48.434332],[-0.036036,48.434362],[-0.038003,48.433559],[-0.0421,48.432403],[-0.045158,48.432016],[-0.048734,48.43178],[-0.050031,48.431548],[-0.053232,48.430612],[-0.054854,48.430622],[-0.054986,48.431681],[-0.054812,48.432516],[-0.053827,48.433642],[-0.053551,48.435491],[-0.052784,48.43689],[-0.052975,48.437279],[-0.052416,48.43771],[-0.052341,48.439187],[-0.052066,48.439286],[-0.052143,48.439579],[-0.051687,48.440051],[-0.051536,48.440571],[-0.05151,48.441142],[-0.052016,48.441419],[-0.052255,48.441859],[-0.052077,48.442292],[-0.052258,48.442631],[-0.05072,48.443311],[-0.049776,48.44448],[-0.050403,48.444606],[-0.050354,48.444845],[-0.050923,48.445507],[-0.050733,48.445732],[-0.050079,48.445588],[-0.050255,48.445817],[-0.04982,48.446449],[-0.050315,48.446806],[-0.049922,48.446746],[-0.049801,48.446855],[-0.049976,48.447435],[-0.049524,48.447716],[-0.049734,48.448066],[-0.049174,48.44834],[-0.049363,48.449071],[-0.049142,48.449522],[-0.049361,48.449813],[-0.04988,48.449677],[-0.050302,48.449747],[-0.050022,48.450067],[-0.051298,48.450619],[-0.050857,48.451439],[-0.051157,48.451672],[-0.050981,48.45191],[-0.051511,48.452352],[-0.051389,48.452652],[-0.050988,48.452889],[-0.051161,48.45307],[-0.051652,48.453388],[-0.05243,48.453596],[-0.05263,48.453873],[-0.053795,48.454],[-0.054264,48.454717],[-0.055233,48.454309],[-0.056427,48.454512],[-0.057864,48.455357],[-0.059237,48.455741],[-0.05929,48.455883],[-0.059965,48.45588],[-0.060485,48.456205],[-0.061126,48.456182],[-0.061876,48.456365],[-0.062579,48.456738],[-0.062688,48.457281],[-0.062431,48.457987],[-0.062645,48.458295],[-0.060868,48.458922],[-0.05855,48.460622],[-0.056395,48.461375],[-0.056617,48.463099],[-0.05578,48.463335],[-0.055402,48.465572],[-0.055563,48.468894],[-0.055518,48.469258],[-0.055193,48.469605],[-0.05557,48.471159],[-0.055532,48.472375],[-0.054999,48.473177],[-0.054106,48.473399],[-0.053816,48.473821],[-0.053031,48.474075],[-0.053263,48.474486],[-0.053024,48.475017],[-0.053423,48.475689],[-0.053374,48.476436],[-0.053131,48.476798],[-0.053071,48.477623],[-0.05238,48.478894],[-0.052671,48.479831],[-0.052056,48.480454],[-0.052137,48.480945],[-0.051684,48.480902],[-0.051429,48.481028],[-0.051646,48.481388],[-0.051407,48.481588],[-0.050803,48.481625],[-0.050004,48.481361],[-0.048985,48.481942]],[[0.0979,48.413777],[0.099184,48.412889],[0.098003,48.412058],[0.097421,48.411068],[0.096532,48.411723],[0.097281,48.413403],[0.097195,48.413669],[0.0979,48.413777]],[[0.09554,48.419759],[0.095538,48.419952],[0.095837,48.420015],[0.095831,48.419664],[0.09554,48.419759]],[[0.091793,48.419893],[0.091502,48.420267],[0.092107,48.420166],[0.091793,48.419893]],[[0.073359,48.438122],[0.072934,48.438113],[0.072708,48.438364],[0.07358,48.438619],[0.074049,48.438485],[0.073768,48.438167],[0.073359,48.438122]],[[0.010573,48.428358],[0.018618,48.432087],[0.019375,48.433318],[0.021109,48.435337],[0.022523,48.436194],[0.024012,48.436095],[0.023453,48.435478],[0.022271,48.433086],[0.022702,48.433122],[0.024534,48.434861],[0.025349,48.435314],[0.025605,48.434999],[0.026589,48.435007],[0.027628,48.435434],[0.029331,48.439334],[0.030184,48.443525],[0.035112,48.43889],[0.040304,48.43637],[0.041594,48.436091],[0.042867,48.434581],[0.046366,48.436035],[0.04814,48.435799],[0.048798,48.435511],[0.050058,48.435345],[0.050384,48.43559],[0.050867,48.435219],[0.051279,48.435578],[0.052455,48.435841],[0.052566,48.435043],[0.053404,48.434855],[0.054278,48.435014],[0.054472,48.434536],[0.055217,48.434445],[0.055504,48.434697],[0.056621,48.434712],[0.056628,48.434393],[0.057167,48.434184],[0.057796,48.434488],[0.057996,48.434247],[0.058391,48.43434],[0.05878,48.433905],[0.059586,48.43428],[0.06026,48.433882],[0.061917,48.433743],[0.062242,48.433504],[0.063033,48.43198],[0.063388,48.431902],[0.063884,48.433452],[0.063177,48.43353],[0.063207,48.433677],[0.064506,48.433251],[0.065548,48.43401],[0.065698,48.434374],[0.066692,48.433444],[0.066257,48.432363],[0.066947,48.432132],[0.067212,48.43255],[0.067994,48.432865],[0.068368,48.432525],[0.06849,48.43183],[0.069036,48.432376],[0.069441,48.432601],[0.069809,48.432613],[0.070029,48.432358],[0.070294,48.432584],[0.070657,48.432402],[0.071125,48.432401],[0.071335,48.432197],[0.071663,48.432337],[0.07362,48.431943],[0.074834,48.431964],[0.075527,48.431706],[0.076987,48.431515],[0.07801,48.431636],[0.078358,48.43191],[0.078656,48.43168],[0.078746,48.432059],[0.079062,48.431927],[0.079269,48.432011],[0.079198,48.431571],[0.07894,48.431536],[0.079165,48.431286],[0.080201,48.431526],[0.080096,48.431819],[0.079728,48.431855],[0.079583,48.432083],[0.079735,48.432002],[0.080905,48.4322],[0.081752,48.431842],[0.081937,48.432424],[0.082171,48.432574],[0.083107,48.432583],[0.083136,48.432923],[0.083535,48.432612],[0.084177,48.432785],[0.084462,48.432622],[0.085141,48.432607],[0.085344,48.432875],[0.088091,48.431874],[0.088646,48.431867],[0.088726,48.431563],[0.089078,48.431632],[0.089146,48.43139],[0.089904,48.431143],[0.091771,48.432593],[0.091801,48.432717],[0.09128,48.433006],[0.092107,48.432801],[0.09189,48.432919],[0.092426,48.433048],[0.092506,48.433304],[0.09395,48.434164],[0.094349,48.434706],[0.095434,48.435588],[0.095133,48.436014],[0.095123,48.436299],[0.095395,48.436518],[0.095141,48.436768],[0.095293,48.436835],[0.095188,48.437075],[0.095876,48.437607],[0.095796,48.437865],[0.096253,48.437984],[0.096149,48.438153],[0.096526,48.438567],[0.096384,48.438804],[0.095454,48.439334],[0.096549,48.439156],[0.097211,48.439441],[0.09727,48.439829],[0.096938,48.440207],[0.096241,48.440553],[0.096361,48.440683],[0.098697,48.440334],[0.097922,48.440954],[0.098263,48.440981],[0.098229,48.441215],[0.098641,48.441605],[0.099034,48.441654],[0.098756,48.441951],[0.099197,48.442156],[0.099039,48.442505],[0.099373,48.44263],[0.098749,48.442879],[0.099611,48.443222],[0.09974,48.44302],[0.099249,48.442145],[0.099525,48.441721],[0.099239,48.441601],[0.098853,48.440987],[0.098915,48.4405],[0.098362,48.439756],[0.098464,48.439421],[0.098116,48.438891],[0.098145,48.438463],[0.097326,48.437255],[0.097352,48.43678],[0.098658,48.435681],[0.097771,48.435047],[0.097856,48.434919],[0.099101,48.434365],[0.099341,48.434095],[0.099316,48.433261],[0.099655,48.432633],[0.099463,48.431941],[0.099874,48.431246],[0.098888,48.429998],[0.10032,48.427725],[0.10094,48.427329],[0.101626,48.423367],[0.100693,48.423183],[0.09965,48.421454],[0.098461,48.420546],[0.09762,48.420307],[0.095927,48.420053],[0.095802,48.420726],[0.095191,48.420543],[0.094594,48.420663],[0.093939,48.420211],[0.093341,48.42063],[0.092367,48.420913],[0.092055,48.420903],[0.091663,48.420637],[0.09091,48.420939],[0.090331,48.420884],[0.089712,48.420492],[0.088321,48.420695],[0.087648,48.420474],[0.087872,48.419732],[0.087222,48.418466],[0.087587,48.417644],[0.087353,48.41687],[0.086924,48.416449],[0.084395,48.415457],[0.083434,48.414197],[0.085115,48.413591],[0.086735,48.412724],[0.086274,48.411861],[0.086394,48.411373],[0.086798,48.410952],[0.086119,48.411057],[0.086028,48.410921],[0.083954,48.411175],[0.083267,48.411026],[0.083493,48.410225],[0.082306,48.409543],[0.080213,48.408819],[0.078057,48.408716],[0.076586,48.40828],[0.076461,48.408111],[0.075575,48.40868],[0.073498,48.408273],[0.072933,48.407989],[0.072084,48.407922],[0.070546,48.409093],[0.069202,48.407392],[0.067489,48.406031],[0.064768,48.407504],[0.063797,48.407642],[0.063025,48.408178],[0.061981,48.408445],[0.061285,48.409022],[0.059329,48.409699],[0.058531,48.409295],[0.057662,48.409306],[0.053211,48.40873],[0.051558,48.409127],[0.04931,48.409298],[0.047679,48.408924],[0.047584,48.407933],[0.046424,48.408026],[0.046312,48.408932],[0.045455,48.408529],[0.042497,48.408254],[0.041026,48.410121],[0.037383,48.413194],[0.03501,48.412195],[0.033269,48.412877],[0.032584,48.413927],[0.032455,48.414323],[0.032677,48.415288],[0.032205,48.416039],[0.032606,48.416958],[0.032598,48.417583],[0.03184,48.418702],[0.030472,48.419058],[0.029748,48.419427],[0.029789,48.419668],[0.029079,48.419232],[0.028205,48.419187],[0.027053,48.418894],[0.026311,48.418428],[0.025911,48.417933],[0.024884,48.41833],[0.023802,48.41977],[0.022735,48.420177],[0.022046,48.420025],[0.020421,48.421601],[0.019847,48.42134],[0.018291,48.42217],[0.016924,48.422579],[0.014912,48.424007],[0.014308,48.424734],[0.014418,48.42522],[0.014261,48.425393],[0.011996,48.425908],[0.011488,48.42632],[0.010767,48.427412],[0.010833,48.427843],[0.010573,48.428358]],[[0.09629,48.421237],[0.095125,48.420653],[0.095852,48.420787],[0.09629,48.421237]],[[0.078742,48.430772],[0.078999,48.43043],[0.07935,48.430577],[0.079439,48.430895],[0.079251,48.431064],[0.07867,48.431083],[0.078487,48.431015],[0.078742,48.430772]],[[0.096821,48.435524],[0.09649,48.435609],[0.09688,48.435251],[0.096821,48.435524]]]}},{"type":"Feature","properties":{"uai_primary":"0610010E","uai_all":"0610010E","is_merged":false},"geometry":{"type":"Polygon","coordinates":[[[0.458825,48.339318],[0.458858,48.340258],[0.455321,48.340182],[0.45127,48.341179],[0.449071,48.342549],[0.448899,48.343237],[0.447821,48.343469],[0.446373,48.344347],[0.444716,48.344677],[0.440099,48.345975],[0.440077,48.346382],[0.438227,48.347095],[0.436371,48.348656],[0.436177,48.348718],[0.435478,48.348502],[0.435589,48.349166],[0.434553,48.349504],[0.434341,48.349836],[0.433891,48.350043],[0.430335,48.35137],[0.429508,48.349877],[0.428115,48.35019],[0.426772,48.350897],[0.426595,48.351841],[0.426658,48.352422],[0.427334,48.353633],[0.427649,48.355548],[0.428285,48.356385],[0.428985,48.356932],[0.429178,48.357802],[0.430567,48.359283],[0.43222,48.360693],[0.431973,48.361225],[0.432438,48.361689],[0.432983,48.363154],[0.432822,48.364239],[0.432541,48.364405],[0.433153,48.365861],[0.433743,48.365917],[0.433696,48.366286],[0.434113,48.367107],[0.434525,48.36758],[0.435017,48.367815],[0.434804,48.368036],[0.434985,48.368762],[0.435309,48.368961],[0.435922,48.368903],[0.436489,48.369408],[0.437,48.37034],[0.437858,48.371018],[0.438788,48.372589],[0.439055,48.372704],[0.439068,48.373481],[0.439479,48.373681],[0.440821,48.37528],[0.440239,48.375717],[0.441098,48.376427],[0.441239,48.377274],[0.44092,48.377917],[0.441251,48.378523],[0.4408,48.378822],[0.440602,48.379779],[0.440836,48.380106],[0.440623,48.380417],[0.44099,48.380694],[0.443308,48.385827],[0.445717,48.387409],[0.447465,48.387702],[0.459983,48.382919],[0.460658,48.383396],[0.463253,48.390615],[0.467915,48.399393],[0.464508,48.399506],[0.46422,48.39969],[0.464127,48.401797],[0.465027,48.402428],[0.465953,48.403457],[0.466286,48.405622],[0.464295,48.406353],[0.464686,48.407223],[0.464616,48.407752],[0.465796,48.407735],[0.465886,48.408996],[0.46726,48.410232],[0.467255,48.410367],[0.46488,48.411818],[0.46547,48.412139],[0.465268,48.412673],[0.466199,48.413092],[0.466047,48.413297],[0.465034,48.414278],[0.464452,48.414257],[0.46375,48.414604],[0.463134,48.413808],[0.462729,48.413802],[0.459434,48.415014],[0.459725,48.415793],[0.459449,48.417224],[0.456805,48.420398],[0.456065,48.421055],[0.452322,48.422294],[0.451342,48.422429],[0.449132,48.422306],[0.446761,48.422953],[0.446642,48.423663],[0.448238,48.424663],[0.448359,48.425452],[0.450204,48.426026],[0.450741,48.425563],[0.45183,48.425115],[0.453303,48.424077],[0.455511,48.423335],[0.456628,48.423384],[0.460758,48.421877],[0.461356,48.421823],[0.46438,48.4239],[0.464583,48.423903],[0.464876,48.423279],[0.467696,48.42351],[0.467556,48.423861],[0.468202,48.424055],[0.468597,48.425002],[0.467788,48.425685],[0.467471,48.426242],[0.467622,48.427415],[0.468894,48.427332],[0.470464,48.427602],[0.471202,48.42802],[0.472604,48.428059],[0.472153,48.429142],[0.471802,48.43141],[0.473149,48.432813],[0.474597,48.433624],[0.476624,48.434129],[0.478429,48.435086],[0.47903,48.434865],[0.480602,48.434671],[0.481406,48.434095],[0.483275,48.433897],[0.484497,48.433476],[0.48647,48.43377],[0.488815,48.433769],[0.489328,48.434127],[0.490736,48.434555],[0.495232,48.433646],[0.497473,48.434142],[0.501578,48.435879],[0.501605,48.435033],[0.505946,48.436419],[0.507075,48.437386],[0.507657,48.438444],[0.509637,48.439249],[0.509937,48.439828],[0.510505,48.439674],[0.510498,48.441565],[0.512117,48.443613],[0.515635,48.443246],[0.515498,48.442491],[0.514401,48.44159],[0.51374,48.440318],[0.513876,48.437995],[0.513499,48.436191],[0.514173,48.434833],[0.515139,48.435124],[0.517211,48.431596],[0.520125,48.4281],[0.519403,48.42705],[0.520617,48.426644],[0.521303,48.426237],[0.521484,48.425942],[0.521538,48.425323],[0.520441,48.424635],[0.520051,48.424206],[0.520621,48.423771],[0.520706,48.423405],[0.52257,48.423586],[0.525484,48.424293],[0.525409,48.425568],[0.526266,48.425777],[0.527773,48.425641],[0.531951,48.424223],[0.534751,48.425049],[0.535889,48.425778],[0.536967,48.426758],[0.537651,48.426531],[0.541388,48.42641],[0.544209,48.42888],[0.544401,48.429198],[0.544661,48.43145],[0.546037,48.432732],[0.547399,48.434416],[0.547389,48.435528],[0.548018,48.435647],[0.548573,48.435205],[0.549738,48.434728],[0.554387,48.433883],[0.55522,48.433402],[0.555451,48.433566],[0.555791,48.433453],[0.556073,48.433554],[0.556325,48.433368],[0.556561,48.433487],[0.556433,48.434035],[0.557353,48.43434],[0.557516,48.434792],[0.55732,48.434938],[0.557374,48.43549],[0.557761,48.435673],[0.557627,48.435987],[0.558252,48.436456],[0.557998,48.436701],[0.558305,48.436792],[0.558785,48.436626],[0.558501,48.43701],[0.558876,48.437501],[0.558692,48.43787],[0.559175,48.437986],[0.559111,48.438177],[0.560194,48.438243],[0.567079,48.43656],[0.566579,48.435283],[0.566836,48.433175],[0.568907,48.432118],[0.571298,48.431769],[0.572582,48.43132],[0.575036,48.435119],[0.577893,48.43373],[0.581433,48.432974],[0.581237,48.429942],[0.581654,48.428786],[0.582755,48.428183],[0.582679,48.426428],[0.586135,48.426119],[0.587645,48.426364],[0.588455,48.425944],[0.590895,48.425841],[0.591418,48.423679],[0.594933,48.421987],[0.596118,48.420925],[0.601699,48.417635],[0.602237,48.417688],[0.602485,48.417143],[0.604046,48.416096],[0.605005,48.415661],[0.610232,48.414754],[0.610197,48.414297],[0.610961,48.413679],[0.611782,48.413332],[0.612938,48.413133],[0.615425,48.411415],[0.616134,48.411171],[0.616607,48.411207],[0.616856,48.411498],[0.616454,48.412301],[0.616855,48.413636],[0.617252,48.41405],[0.618859,48.414494],[0.620668,48.417008],[0.621067,48.418047],[0.621122,48.418933],[0.622449,48.421319],[0.62274,48.421777],[0.623591,48.422105],[0.626098,48.422113],[0.628163,48.421015],[0.628985,48.420818],[0.629782,48.420161],[0.630976,48.420268],[0.630708,48.419702],[0.631316,48.419119],[0.631327,48.418759],[0.630285,48.417279],[0.63044,48.416993],[0.632428,48.416198],[0.634299,48.415925],[0.635703,48.417159],[0.636692,48.417736],[0.637799,48.417997],[0.638174,48.417862],[0.639297,48.417864],[0.639646,48.418014],[0.64237,48.417802],[0.64385,48.417974],[0.644656,48.418105],[0.644392,48.418463],[0.644916,48.418642],[0.645098,48.418499],[0.646084,48.418786],[0.646043,48.419221],[0.652002,48.419857],[0.652299,48.420079],[0.658371,48.422222],[0.662369,48.42418],[0.662869,48.424269],[0.663151,48.424808],[0.663894,48.425405],[0.668208,48.426608],[0.669239,48.42673],[0.671348,48.426592],[0.671511,48.426959],[0.671934,48.427244],[0.674425,48.428425],[0.675885,48.42774],[0.676813,48.427627],[0.67727,48.428231],[0.677346,48.428829],[0.678291,48.429087],[0.678307,48.429821],[0.678634,48.43026],[0.684253,48.434114],[0.685937,48.433267],[0.684636,48.431314],[0.685181,48.431085],[0.685108,48.430841],[0.683932,48.430398],[0.683456,48.430607],[0.682689,48.429851],[0.682716,48.429463],[0.683794,48.428719],[0.683879,48.428314],[0.683808,48.427666],[0.683239,48.426824],[0.683039,48.425371],[0.684323,48.424166],[0.685462,48.423944],[0.686977,48.42393],[0.688661,48.423606],[0.688624,48.418783],[0.688107,48.417893],[0.688662,48.417406],[0.689884,48.416902],[0.690102,48.416531],[0.688685,48.415075],[0.689633,48.41409],[0.686249,48.412635],[0.683473,48.411736],[0.682986,48.409146],[0.684323,48.406181],[0.688656,48.403996],[0.690214,48.403024],[0.692817,48.400774],[0.695786,48.398821],[0.699556,48.397723],[0.702409,48.396443],[0.704391,48.396083],[0.706131,48.395258],[0.706724,48.393558],[0.707141,48.393044],[0.709503,48.391492],[0.710309,48.391253],[0.711674,48.391117],[0.714344,48.389848],[0.720517,48.388387],[0.722343,48.387579],[0.724541,48.387613],[0.727052,48.387085],[0.728173,48.387188],[0.732517,48.386634],[0.726846,48.364956],[0.725111,48.365455],[0.720942,48.367322],[0.717908,48.367369],[0.71271,48.368392],[0.710914,48.36855],[0.706589,48.369579],[0.705938,48.369842],[0.704897,48.370593],[0.703957,48.370906],[0.69887,48.370803],[0.698703,48.369404],[0.698338,48.368762],[0.697758,48.36828],[0.697389,48.36631],[0.696791,48.364995],[0.696937,48.363074],[0.697274,48.362483],[0.697797,48.362655],[0.698487,48.362546],[0.699851,48.36207],[0.700217,48.36158],[0.700705,48.359539],[0.701542,48.359273],[0.706024,48.359287],[0.707584,48.358993],[0.709838,48.358057],[0.712638,48.353102],[0.715019,48.351823],[0.71539,48.350117],[0.715655,48.350033],[0.715655,48.349821],[0.711365,48.34949],[0.69879,48.34933],[0.673989,48.338823],[0.670896,48.337109],[0.671056,48.337368],[0.670574,48.337676],[0.66723,48.339178],[0.664131,48.340046],[0.665122,48.341833],[0.663323,48.3426],[0.662823,48.341924],[0.663115,48.341554],[0.662646,48.340874],[0.662673,48.339355],[0.662082,48.339361],[0.661239,48.338057],[0.660243,48.337655],[0.657448,48.338604],[0.657304,48.339367],[0.657861,48.341226],[0.657253,48.341541],[0.654791,48.342281],[0.653903,48.342268],[0.651373,48.342969],[0.647068,48.343408],[0.647081,48.344248],[0.645504,48.344863],[0.645145,48.344366],[0.645038,48.343077],[0.640323,48.3429],[0.639751,48.343069],[0.639115,48.343011],[0.639028,48.343427],[0.637799,48.344239],[0.636499,48.345715],[0.635366,48.346451],[0.633724,48.345981],[0.633214,48.346419],[0.631768,48.345997],[0.629978,48.345877],[0.629964,48.343208],[0.629573,48.341633],[0.629065,48.340635],[0.628095,48.339694],[0.627153,48.336294],[0.627027,48.334324],[0.627468,48.333522],[0.625642,48.333633],[0.62046,48.334455],[0.618236,48.334383],[0.61807,48.334233],[0.61548,48.334316],[0.614028,48.334122],[0.612561,48.333613],[0.61086,48.334136],[0.609545,48.334266],[0.607667,48.333789],[0.607808,48.333504],[0.606876,48.333074],[0.606716,48.332563],[0.60751,48.330929],[0.606823,48.329906],[0.607034,48.328176],[0.607615,48.326986],[0.606893,48.325008],[0.6067,48.323785],[0.606756,48.323421],[0.607315,48.322945],[0.607192,48.321409],[0.607599,48.320851],[0.608565,48.320659],[0.609324,48.320067],[0.61306,48.318903],[0.611682,48.316055],[0.612987,48.315939],[0.614056,48.315277],[0.614111,48.312984],[0.613914,48.312756],[0.614227,48.311822],[0.616201,48.310989],[0.617622,48.310035],[0.616813,48.309435],[0.616563,48.30896],[0.616699,48.308694],[0.616532,48.308497],[0.616986,48.307987],[0.616828,48.307542],[0.617811,48.307048],[0.617452,48.30673],[0.617582,48.306515],[0.617151,48.30632],[0.617006,48.306027],[0.61645,48.306219],[0.615282,48.305885],[0.615122,48.305693],[0.614053,48.305602],[0.612159,48.306095],[0.611609,48.305375],[0.610768,48.305339],[0.610012,48.305539],[0.605659,48.304904],[0.60452,48.304708],[0.603526,48.30419],[0.602854,48.30409],[0.602154,48.305132],[0.601433,48.304322],[0.600961,48.304926],[0.599997,48.304638],[0.599357,48.305927],[0.599152,48.306014],[0.598039,48.305008],[0.595398,48.30337],[0.593244,48.302827],[0.593091,48.30235],[0.590883,48.301306],[0.589738,48.300977],[0.590527,48.299852],[0.587906,48.299278],[0.588063,48.298923],[0.587369,48.298116],[0.585786,48.297281],[0.58384,48.296714],[0.583388,48.297295],[0.583513,48.297483],[0.583157,48.29804],[0.584227,48.299229],[0.584628,48.299387],[0.58499,48.299229],[0.587342,48.300332],[0.587851,48.300285],[0.58733,48.300749],[0.586709,48.301189],[0.58548,48.301665],[0.579622,48.303467],[0.577642,48.305025],[0.575187,48.3051],[0.57212,48.306089],[0.571575,48.30671],[0.570951,48.306832],[0.569459,48.30794],[0.569045,48.308538],[0.567229,48.309776],[0.565752,48.310624],[0.56433,48.310828],[0.563637,48.311403],[0.563164,48.31144],[0.562105,48.310952],[0.560733,48.30956],[0.560949,48.309158],[0.563037,48.307212],[0.563259,48.30663],[0.563071,48.306222],[0.56149,48.304886],[0.561244,48.304946],[0.559191,48.303616],[0.558747,48.302921],[0.55816,48.303151],[0.557588,48.301218],[0.557986,48.301087],[0.557219,48.299938],[0.557899,48.299734],[0.556686,48.298618],[0.555047,48.295211],[0.554471,48.294761],[0.55406,48.293618],[0.55311,48.292418],[0.553606,48.292138],[0.552716,48.29135],[0.552694,48.291083],[0.551304,48.290343],[0.551676,48.290142],[0.552039,48.289329],[0.551904,48.2892],[0.551633,48.289332],[0.550121,48.290497],[0.549609,48.29069],[0.54901,48.290434],[0.548593,48.289725],[0.54801,48.289815],[0.547584,48.289135],[0.547195,48.289054],[0.547156,48.288492],[0.545917,48.28811],[0.543914,48.28577],[0.543527,48.285542],[0.541519,48.286371],[0.541495,48.286521],[0.539353,48.2876],[0.539127,48.287411],[0.537361,48.288223],[0.536086,48.289194],[0.535129,48.289229],[0.534755,48.289533],[0.533684,48.289337],[0.532736,48.289705],[0.530148,48.290272],[0.531589,48.291371],[0.530389,48.29199],[0.525481,48.28888],[0.52271,48.287866],[0.521779,48.288571],[0.520067,48.288843],[0.518066,48.287968],[0.516591,48.288695],[0.515828,48.286826],[0.513409,48.285247],[0.512009,48.284495],[0.509272,48.284132],[0.508775,48.283514],[0.508461,48.283575],[0.507531,48.28408],[0.507066,48.28464],[0.508621,48.286383],[0.508444,48.287137],[0.509441,48.286786],[0.510406,48.287102],[0.509967,48.287757],[0.510479,48.288225],[0.510512,48.288658],[0.50967,48.288473],[0.509393,48.28905],[0.510046,48.289622],[0.510022,48.289853],[0.509643,48.290157],[0.508762,48.290163],[0.508455,48.290699],[0.508956,48.291048],[0.509661,48.292371],[0.5093,48.292677],[0.509305,48.292977],[0.50654,48.293417],[0.506057,48.293702],[0.507492,48.295338],[0.505366,48.297156],[0.503984,48.297955],[0.503572,48.298342],[0.503366,48.298934],[0.502161,48.300044],[0.50071,48.301028],[0.499073,48.30177],[0.497229,48.302951],[0.495931,48.304473],[0.494298,48.304898],[0.493338,48.305368],[0.49285,48.30581],[0.491412,48.30816],[0.490762,48.308681],[0.490238,48.309619],[0.487823,48.308053],[0.483456,48.303244],[0.480541,48.29854],[0.476896,48.299415],[0.473738,48.300499],[0.471193,48.302582],[0.470319,48.303054],[0.469826,48.303145],[0.469213,48.30421],[0.467268,48.30537],[0.467087,48.305845],[0.466542,48.306007],[0.463608,48.305292],[0.46184,48.305276],[0.461214,48.305479],[0.459422,48.305588],[0.457834,48.30527],[0.455912,48.30656],[0.452877,48.30551],[0.451879,48.305328],[0.451713,48.305832],[0.443478,48.304919],[0.442785,48.304614],[0.439454,48.305512],[0.438957,48.306141],[0.438364,48.30648],[0.436924,48.306643],[0.433652,48.306541],[0.431191,48.306719],[0.431329,48.308589],[0.428929,48.30963],[0.428828,48.310072],[0.428256,48.310612],[0.428044,48.312721],[0.427141,48.312811],[0.427363,48.313019],[0.427124,48.31321],[0.427721,48.313535],[0.427434,48.31391],[0.4278,48.314294],[0.427546,48.314803],[0.427721,48.314994],[0.428149,48.31488],[0.428225,48.315292],[0.428649,48.315398],[0.428612,48.315593],[0.429248,48.316262],[0.42985,48.316598],[0.429738,48.316948],[0.430568,48.317961],[0.43164,48.318051],[0.432045,48.318577],[0.433328,48.318257],[0.434433,48.319914],[0.435998,48.321462],[0.436438,48.322202],[0.436553,48.323301],[0.437079,48.32334],[0.436732,48.323769],[0.437382,48.323987],[0.437593,48.324208],[0.438151,48.324115],[0.438074,48.325035],[0.438788,48.325509],[0.438717,48.327053],[0.438342,48.327982],[0.439821,48.328192],[0.439903,48.327644],[0.441747,48.327688],[0.441661,48.328155],[0.442868,48.327943],[0.443624,48.327987],[0.446794,48.328864],[0.446813,48.329644],[0.447968,48.329678],[0.449198,48.330271],[0.449718,48.330336],[0.450511,48.330798],[0.451101,48.330928],[0.450905,48.331231],[0.452181,48.332727],[0.4526,48.33272],[0.453753,48.333999],[0.453939,48.334904],[0.454797,48.336233],[0.454627,48.336849],[0.455166,48.337103],[0.456473,48.339395],[0.458825,48.339318]]]}},{"type":"Feature","properties":{"uai_primary":"0610012G","uai_all":"0610012G","is_merged":false},"geometry":{"type":"Polygon","coordinates":[[[-0.048876,48.481985],[-0.050004,48.481361],[-0.050803,48.481625],[-0.051407,48.481588],[-0.051646,48.481388],[-0.051429,48.481028],[-0.051684,48.480902],[-0.052137,48.480945],[-0.052056,48.480454],[-0.052671,48.479831],[-0.05238,48.478894],[-0.053071,48.477623],[-0.053131,48.476798],[-0.053374,48.476436],[-0.053423,48.475689],[-0.053024,48.475017],[-0.053263,48.474486],[-0.053031,48.474075],[-0.053816,48.473821],[-0.054106,48.473399],[-0.054999,48.473177],[-0.055532,48.472375],[-0.05557,48.471159],[-0.055193,48.469605],[-0.055518,48.469258],[-0.055563,48.468894],[-0.055402,48.465572],[-0.05578,48.463335],[-0.056617,48.463099],[-0.056395,48.461375],[-0.05855,48.460622],[-0.060868,48.458922],[-0.062645,48.458295],[-0.062431,48.457987],[-0.062688,48.457281],[-0.062579,48.456738],[-0.06409,48.457194],[-0.067211,48.457524],[-0.068746,48.458023],[-0.0695,48.458072],[-0.070658,48.458422],[-0.071202,48.457587],[-0.072315,48.457508],[-0.072808,48.456999],[-0.072901,48.45505],[-0.071915,48.453029],[-0.072931,48.450851],[-0.073367,48.450522],[-0.076171,48.450117],[-0.079439,48.450017],[-0.079746,48.449899],[-0.082431,48.450422],[-0.083817,48.449932],[-0.084515,48.450005],[-0.085206,48.450341],[-0.088999,48.450338],[-0.090527,48.44967],[-0.09201,48.449277],[-0.093442,48.448585],[-0.100338,48.448418],[-0.103591,48.448127],[-0.105005,48.447821],[-0.106263,48.447034],[-0.106351,48.447707],[-0.10845,48.447946],[-0.109394,48.448387],[-0.110451,48.448568],[-0.111792,48.448727],[-0.113799,48.448648],[-0.117393,48.448823],[-0.117802,48.448715],[-0.118251,48.448294],[-0.118627,48.448299],[-0.121866,48.449008],[-0.12489,48.449432],[-0.130853,48.451207],[-0.13316,48.451546],[-0.136042,48.452516],[-0.137895,48.452939],[-0.138619,48.453258],[-0.139357,48.453832],[-0.140923,48.453961],[-0.143363,48.454759],[-0.146728,48.456426],[-0.147486,48.456947],[-0.148092,48.457834],[-0.149082,48.458564],[-0.149809,48.460035],[-0.149931,48.463406],[-0.150442,48.464194],[-0.150554,48.465137],[-0.150087,48.466165],[-0.1495,48.466864],[-0.149215,48.469267],[-0.148959,48.469676],[-0.149576,48.469843],[-0.149564,48.470686],[-0.147245,48.47311],[-0.147686,48.473322],[-0.147686,48.473635],[-0.148066,48.474042],[-0.149226,48.474257],[-0.149402,48.474505],[-0.149905,48.474569],[-0.150827,48.475192],[-0.15182,48.476168],[-0.152837,48.476559],[-0.151205,48.477204],[-0.150177,48.479732],[-0.149589,48.480087],[-0.149155,48.480664],[-0.149233,48.481198],[-0.149684,48.480943],[-0.15037,48.481347],[-0.151737,48.484039],[-0.154022,48.485681],[-0.155449,48.486937],[-0.155596,48.488744],[-0.155398,48.489259],[-0.156056,48.492385],[-0.156248,48.494828],[-0.156135,48.495991],[-0.157244,48.49653],[-0.159066,48.496759],[-0.161496,48.4985],[-0.162909,48.499229],[-0.166673,48.502033],[-0.168266,48.503918],[-0.169299,48.502803],[-0.170771,48.501796],[-0.172366,48.502268],[-0.170947,48.503381],[-0.170829,48.503744],[-0.171295,48.504994],[-0.171332,48.505757],[-0.170773,48.506804],[-0.171585,48.508225],[-0.171434,48.509262],[-0.172309,48.509891],[-0.172847,48.509734],[-0.173255,48.509779],[-0.172537,48.510514],[-0.171793,48.510977],[-0.170159,48.511676],[-0.169074,48.512475],[-0.167808,48.512826],[-0.167413,48.513416],[-0.166011,48.513824],[-0.167546,48.514653],[-0.168113,48.515361],[-0.167261,48.515279],[-0.165158,48.515867],[-0.165156,48.516057],[-0.164808,48.51612],[-0.163873,48.516895],[-0.161787,48.518139],[-0.161255,48.518085],[-0.160844,48.518331],[-0.158868,48.518748],[-0.157082,48.519607],[-0.155875,48.520377],[-0.155772,48.52065],[-0.155113,48.520736],[-0.153428,48.52023],[-0.149433,48.518635],[-0.147831,48.519552],[-0.145866,48.520348],[-0.144807,48.521226],[-0.145032,48.521565],[-0.145424,48.52167],[-0.145052,48.522159],[-0.145413,48.522245],[-0.14491,48.523116],[-0.145383,48.523259],[-0.144474,48.524509],[-0.146328,48.524932],[-0.145964,48.525342],[-0.146103,48.52543],[-0.145922,48.525883],[-0.144774,48.525952],[-0.144815,48.526805],[-0.144375,48.527727],[-0.146823,48.529149],[-0.148937,48.529825],[-0.15031,48.530457],[-0.153743,48.53101],[-0.154109,48.531127],[-0.15406,48.53148],[-0.158871,48.532481],[-0.158858,48.532793],[-0.160121,48.533441],[-0.161788,48.533706],[-0.163189,48.535269],[-0.164631,48.535874],[-0.168559,48.537045],[-0.170278,48.53731],[-0.170044,48.537667],[-0.170607,48.537626],[-0.171399,48.538216],[-0.172867,48.54007],[-0.173455,48.541424],[-0.176527,48.541693],[-0.178917,48.541437],[-0.17938,48.540918],[-0.180204,48.541758],[-0.181185,48.543761],[-0.180583,48.544983],[-0.181614,48.545268],[-0.183551,48.546184],[-0.18586,48.546878],[-0.189871,48.548955],[-0.190756,48.549877],[-0.192522,48.55279],[-0.193985,48.554787],[-0.196893,48.556456],[-0.198763,48.55805],[-0.202606,48.559019],[-0.203712,48.559494],[-0.205538,48.560928],[-0.20726,48.563299],[-0.208232,48.564226],[-0.212637,48.562981],[-0.214637,48.560973],[-0.215056,48.56011],[-0.217153,48.558011],[-0.218116,48.55864],[-0.220318,48.560546],[-0.221512,48.560241],[-0.222036,48.559828],[-0.22283,48.560837],[-0.223639,48.56107],[-0.223942,48.560946],[-0.227241,48.561783],[-0.230268,48.561344],[-0.232153,48.561903],[-0.23276,48.561899],[-0.232713,48.561752],[-0.234334,48.561812],[-0.234352,48.562336],[-0.237655,48.564459],[-0.238581,48.565384],[-0.239238,48.565425],[-0.239682,48.56572],[-0.240644,48.566669],[-0.24264,48.567994],[-0.24134,48.569028],[-0.240579,48.569088],[-0.240844,48.569905],[-0.242607,48.569978],[-0.243455,48.571313],[-0.24586,48.571162],[-0.24634,48.571285],[-0.247081,48.571813],[-0.24833,48.572024],[-0.249946,48.572952],[-0.251372,48.57409],[-0.251812,48.574755],[-0.251838,48.575413],[-0.250478,48.576604],[-0.250546,48.577027],[-0.251285,48.577248],[-0.251692,48.577545],[-0.252077,48.578471],[-0.253024,48.578686],[-0.253588,48.579032],[-0.255165,48.579066],[-0.255107,48.579486],[-0.255572,48.579829],[-0.255748,48.580917],[-0.256358,48.581376],[-0.257736,48.580937],[-0.260818,48.580747],[-0.262105,48.581384],[-0.261867,48.581765],[-0.262415,48.581987],[-0.266792,48.582346],[-0.26953,48.581868],[-0.270057,48.581661],[-0.270741,48.581706],[-0.27109,48.581878],[-0.271408,48.581733],[-0.272269,48.581816],[-0.272775,48.58217],[-0.273691,48.582133],[-0.274007,48.581991],[-0.27572,48.582207],[-0.276704,48.581158],[-0.278422,48.581289],[-0.279177,48.581688],[-0.27969,48.58165],[-0.280698,48.58197],[-0.281747,48.58194],[-0.281719,48.582669],[-0.282718,48.584433],[-0.284005,48.585209],[-0.284557,48.585251],[-0.284535,48.58558],[-0.284244,48.585733],[-0.28538,48.587142],[-0.285147,48.587439],[-0.285355,48.587786],[-0.2853,48.588967],[-0.285636,48.589359],[-0.285565,48.589854],[-0.285874,48.590093],[-0.285914,48.591162],[-0.28574,48.591743],[-0.285088,48.59203],[-0.285008,48.592337],[-0.286548,48.594365],[-0.286231,48.594917],[-0.286357,48.596221],[-0.287394,48.597506],[-0.28808,48.598595],[-0.288164,48.599085],[-0.2894,48.599849],[-0.290554,48.601839],[-0.291691,48.603103],[-0.292189,48.603922],[-0.292225,48.604361],[-0.289111,48.603504],[-0.287907,48.60256],[-0.287478,48.602007],[-0.286881,48.601755],[-0.284562,48.601364],[-0.28084,48.601061],[-0.2795,48.600757],[-0.277343,48.601831],[-0.27568,48.601946],[-0.27347,48.602691],[-0.272829,48.603109],[-0.271293,48.604658],[-0.269798,48.605461],[-0.267212,48.606307],[-0.265025,48.607766],[-0.265464,48.608161],[-0.264398,48.609642],[-0.264031,48.609745],[-0.263631,48.6106],[-0.262067,48.612076],[-0.26126,48.612237],[-0.261047,48.612438],[-0.258081,48.615848],[-0.25877,48.617174],[-0.259123,48.61882],[-0.256881,48.619362],[-0.25358,48.619454],[-0.252143,48.619203],[-0.250475,48.618289],[-0.24501,48.61726],[-0.243553,48.61738],[-0.24314,48.617165],[-0.24243,48.616359],[-0.24158,48.615946],[-0.242322,48.61479],[-0.241963,48.614164],[-0.241936,48.613294],[-0.241319,48.612581],[-0.241429,48.611141],[-0.240094,48.611522],[-0.239181,48.611234],[-0.238456,48.611679],[-0.236306,48.612094],[-0.234605,48.613001],[-0.233932,48.613203],[-0.233744,48.612989],[-0.232829,48.61281],[-0.23281,48.613037],[-0.229392,48.613573],[-0.227922,48.614798],[-0.226048,48.612113],[-0.224112,48.611121],[-0.224153,48.610646],[-0.224603,48.609844],[-0.224408,48.609017],[-0.221042,48.60729],[-0.219483,48.609064],[-0.219003,48.609885],[-0.21903,48.610169],[-0.21971,48.610808],[-0.221208,48.611827],[-0.222847,48.612563],[-0.221468,48.613672],[-0.218578,48.613169],[-0.217941,48.613476],[-0.216817,48.613388],[-0.213849,48.61394],[-0.209267,48.614165],[-0.206714,48.613679],[-0.205336,48.613658],[-0.204888,48.613362],[-0.202476,48.612826],[-0.198701,48.612851],[-0.198451,48.613006],[-0.198341,48.613754],[-0.197942,48.614237],[-0.19734,48.616595],[-0.196781,48.617389],[-0.195875,48.618159],[-0.194005,48.618791],[-0.192614,48.618692],[-0.191261,48.618775],[-0.190656,48.620272],[-0.189947,48.621052],[-0.189206,48.622536],[-0.187591,48.62495],[-0.187093,48.625402],[-0.18654,48.625551],[-0.185364,48.626403],[-0.184027,48.62795],[-0.183486,48.627846],[-0.182274,48.628048],[-0.18131,48.629446],[-0.180821,48.629474],[-0.180097,48.629046],[-0.179441,48.629733],[-0.179251,48.630228],[-0.178492,48.630187],[-0.177662,48.630435],[-0.175767,48.630636],[-0.175317,48.630875],[-0.1749,48.631674],[-0.174419,48.631674],[-0.172803,48.632361],[-0.171989,48.632182],[-0.170193,48.632758],[-0.170199,48.632964],[-0.169913,48.632955],[-0.169513,48.633248],[-0.169152,48.632979],[-0.168636,48.633543],[-0.167399,48.633547],[-0.166053,48.633796],[-0.165571,48.634231],[-0.164907,48.634295],[-0.164503,48.634584],[-0.163754,48.634629],[-0.162809,48.635242],[-0.162157,48.635364],[-0.162024,48.635826],[-0.161515,48.63592],[-0.161601,48.636225],[-0.161241,48.636385],[-0.160847,48.637106],[-0.160374,48.637201],[-0.159913,48.63672],[-0.159005,48.637259],[-0.159336,48.637681],[-0.158551,48.637995],[-0.156289,48.638157],[-0.155511,48.63873],[-0.155282,48.638676],[-0.154722,48.638908],[-0.154151,48.638708],[-0.153494,48.639188],[-0.151415,48.63885],[-0.152252,48.637099],[-0.153335,48.636819],[-0.155125,48.636028],[-0.157623,48.634584],[-0.153849,48.633792],[-0.150146,48.631931],[-0.149698,48.632091],[-0.14998,48.632461],[-0.149712,48.632323],[-0.14944,48.632387],[-0.149359,48.632186],[-0.149023,48.632396],[-0.149327,48.632604],[-0.149119,48.632641],[-0.149109,48.63292],[-0.148818,48.63285],[-0.148546,48.633077],[-0.14881,48.633394],[-0.14825,48.633397],[-0.148241,48.633714],[-0.147651,48.634089],[-0.147319,48.633629],[-0.147015,48.633606],[-0.146785,48.633946],[-0.146892,48.634165],[-0.146583,48.634197],[-0.146558,48.633975],[-0.146216,48.633937],[-0.14589,48.63416],[-0.145748,48.634082],[-0.145297,48.634487],[-0.144547,48.634511],[-0.143899,48.634932],[-0.142134,48.635102],[-0.141865,48.63528],[-0.141907,48.63605],[-0.141496,48.636281],[-0.141626,48.636507],[-0.141432,48.63653],[-0.141274,48.636847],[-0.140587,48.636937],[-0.140841,48.637504],[-0.140411,48.637395],[-0.140026,48.637542],[-0.139617,48.637992],[-0.139829,48.638183],[-0.139233,48.63846],[-0.138771,48.638494],[-0.13849,48.638351],[-0.137667,48.638769],[-0.137043,48.639419],[-0.136943,48.640019],[-0.136679,48.640061],[-0.136241,48.640586],[-0.135312,48.640997],[-0.134476,48.641967],[-0.134027,48.642149],[-0.133551,48.643027],[-0.133721,48.643258],[-0.133611,48.643743],[-0.133377,48.643936],[-0.132936,48.643952],[-0.133033,48.644546],[-0.134067,48.644289],[-0.134891,48.644508],[-0.134997,48.644827],[-0.135391,48.644852],[-0.135762,48.64515],[-0.135433,48.645233],[-0.135597,48.645409],[-0.135487,48.645861],[-0.135011,48.645896],[-0.134607,48.646159],[-0.134479,48.64601],[-0.13332,48.645957],[-0.133085,48.646268],[-0.132027,48.646111],[-0.13125,48.646348],[-0.130944,48.646176],[-0.128473,48.646134],[-0.126639,48.645545],[-0.125943,48.645599],[-0.125501,48.645453],[-0.124477,48.645581],[-0.12385,48.64517],[-0.124339,48.644535],[-0.124225,48.64434],[-0.123608,48.644312],[-0.123632,48.643549],[-0.122887,48.643309],[-0.122963,48.643127],[-0.123392,48.643041],[-0.123025,48.642667],[-0.123185,48.642165],[-0.122711,48.641689],[-0.122957,48.641346],[-0.122399,48.64095],[-0.122287,48.640289],[-0.122614,48.638513],[-0.12289,48.638002],[-0.122366,48.637865],[-0.122325,48.637425],[-0.122692,48.636905],[-0.123099,48.636792],[-0.123062,48.636555],[-0.123822,48.636454],[-0.125176,48.63504],[-0.126416,48.634412],[-0.126949,48.633694],[-0.12709,48.632565],[-0.128268,48.631742],[-0.127963,48.631333],[-0.128494,48.630974],[-0.128962,48.631031],[-0.129109,48.630875],[-0.129057,48.630589],[-0.128424,48.630033],[-0.129274,48.630117],[-0.129258,48.629786],[-0.129684,48.629218],[-0.130116,48.629064],[-0.12557,48.626385],[-0.125222,48.626675],[-0.123275,48.625132],[-0.122425,48.622418],[-0.122032,48.622463],[-0.12195,48.621332],[-0.119216,48.620992],[-0.119184,48.621087],[-0.116704,48.620899],[-0.116797,48.62058],[-0.117982,48.619573],[-0.111854,48.616983],[-0.110485,48.616289],[-0.109878,48.615522],[-0.109382,48.615345],[-0.108485,48.615509],[-0.106509,48.615482],[-0.106941,48.614641],[-0.106503,48.614451],[-0.106312,48.613975],[-0.107225,48.613226],[-0.106234,48.612359],[-0.106202,48.611221],[-0.105256,48.610914],[-0.104752,48.610306],[-0.103251,48.610431],[-0.101754,48.609796],[-0.099998,48.609347],[-0.098391,48.608624],[-0.096482,48.608331],[-0.09353,48.608762],[-0.093013,48.610165],[-0.092096,48.610856],[-0.090497,48.610247],[-0.089115,48.61033],[-0.086958,48.609966],[-0.086179,48.609051],[-0.086079,48.608615],[-0.086301,48.607666],[-0.086017,48.606902],[-0.08497,48.605301],[-0.084646,48.60301],[-0.083592,48.602123],[-0.082561,48.602667],[-0.079995,48.602819],[-0.07898,48.60304],[-0.080448,48.605512],[-0.078315,48.606252],[-0.07741,48.6064],[-0.0771,48.607036],[-0.077209,48.609102],[-0.074381,48.612451],[-0.07371,48.612854],[-0.06736,48.613964],[-0.06669,48.615457],[-0.066348,48.615222],[-0.064434,48.615108],[-0.064354,48.61592],[-0.063583,48.616088],[-0.061668,48.616254],[-0.059498,48.615999],[-0.058646,48.61561],[-0.05841,48.6145],[-0.057666,48.612938],[-0.055744,48.613164],[-0.053625,48.613233],[-0.052631,48.613108],[-0.049939,48.612093],[-0.049078,48.61127],[-0.048693,48.611151],[-0.046116,48.611126],[-0.045127,48.610857],[-0.043276,48.61112],[-0.038821,48.612413],[-0.037713,48.613535],[-0.037187,48.614394],[-0.03657,48.614869],[-0.036107,48.615016],[-0.036039,48.614626],[-0.035267,48.614192],[-0.035344,48.613774],[-0.034332,48.613004],[-0.034025,48.61223],[-0.032935,48.611046],[-0.031999,48.610386],[-0.030456,48.610009],[-0.02845,48.608843],[-0.026845,48.608332],[-0.025043,48.607528],[-0.024929,48.607071],[-0.024498,48.606783],[-0.024144,48.606051],[-0.026464,48.603058],[-0.026915,48.602999],[-0.028988,48.601473],[-0.030141,48.59934],[-0.029836,48.598582],[-0.028644,48.597707],[-0.028148,48.597546],[-0.027158,48.596666],[-0.025167,48.595536],[-0.023801,48.594395],[-0.023287,48.593506],[-0.022135,48.59231],[-0.022145,48.591657],[-0.022576,48.590497],[-0.02322,48.589657],[-0.023883,48.588265],[-0.024384,48.587707],[-0.025371,48.587132],[-0.025679,48.586611],[-0.026157,48.584131],[-0.025774,48.583195],[-0.026746,48.580521],[-0.026757,48.580235],[-0.026302,48.579759],[-0.026123,48.578917],[-0.025192,48.577429],[-0.024919,48.576557],[-0.024939,48.575873],[-0.025682,48.574816],[-0.025596,48.572528],[-0.024845,48.571552],[-0.024286,48.56975],[-0.022547,48.566534],[-0.023266,48.564007],[-0.024105,48.562459],[-0.023963,48.562042],[-0.02328,48.561921],[-0.022374,48.562332],[-0.011064,48.554091],[0.035372,48.550944],[0.048204,48.550325],[0.04903,48.549459],[0.049556,48.547805],[0.051623,48.544561],[0.053466,48.542689],[0.053831,48.541654],[0.054575,48.54098],[0.052386,48.540831],[0.048692,48.541137],[0.043406,48.54046],[0.040744,48.539913],[0.024836,48.519323],[0.017573,48.513575],[-0.013008,48.506494],[-0.014774,48.507343],[-0.018898,48.509903],[-0.029107,48.502143],[-0.032127,48.500159],[-0.032005,48.499635],[-0.032386,48.498396],[-0.032062,48.496764],[-0.031698,48.496059],[-0.032393,48.495127],[-0.032129,48.493516],[-0.031469,48.49341],[-0.031138,48.493171],[-0.024847,48.493295],[-0.021995,48.492398],[-0.02116,48.492432],[-0.019526,48.491718],[-0.01977,48.491242],[-0.019715,48.490765],[-0.018993,48.489927],[-0.019617,48.489681],[-0.020212,48.489094],[-0.020059,48.48839],[-0.019435,48.487934],[-0.026345,48.481098],[-0.026562,48.48066],[-0.029562,48.480791],[-0.046843,48.480886],[-0.047669,48.481025],[-0.048651,48.481437],[-0.048876,48.481985]]]}},{"type":"Feature","properties":{"uai_primary":"0610016L","uai_all":"0610016L","is_merged":false},"geometry":{"type":"Polygon","coordinates":[[[-0.128737,48.628362],[-0.130116,48.629064],[-0.129684,48.629218],[-0.129258,48.629786],[-0.129274,48.630117],[-0.128424,48.630033],[-0.129057,48.630589],[-0.129109,48.630875],[-0.128962,48.631031],[-0.128494,48.630974],[-0.127963,48.631333],[-0.128268,48.631742],[-0.12709,48.632565],[-0.126949,48.633694],[-0.126416,48.634412],[-0.125176,48.63504],[-0.123822,48.636454],[-0.123062,48.636555],[-0.123099,48.636792],[-0.122692,48.636905],[-0.122325,48.637425],[-0.122366,48.637865],[-0.12289,48.638002],[-0.122614,48.638513],[-0.122287,48.640289],[-0.122399,48.64095],[-0.122957,48.641346],[-0.122711,48.641689],[-0.123185,48.642165],[-0.123025,48.642667],[-0.123392,48.643041],[-0.122872,48.643268],[-0.123632,48.643549],[-0.123608,48.644312],[-0.124225,48.64434],[-0.124339,48.644535],[-0.12385,48.64517],[-0.124477,48.645581],[-0.125501,48.645453],[-0.125943,48.645599],[-0.126639,48.645545],[-0.128473,48.646134],[-0.130944,48.646176],[-0.13125,48.646348],[-0.132027,48.646111],[-0.133085,48.646268],[-0.13332,48.645957],[-0.134479,48.64601],[-0.134607,48.646159],[-0.135011,48.645896],[-0.135487,48.645861],[-0.135597,48.645409],[-0.135433,48.645233],[-0.135731,48.645253],[-0.135647,48.644974],[-0.134997,48.644827],[-0.134891,48.644508],[-0.134143,48.644301],[-0.133487,48.644343],[-0.133033,48.644546],[-0.132936,48.643952],[-0.133377,48.643936],[-0.133611,48.643743],[-0.133721,48.643258],[-0.133551,48.643027],[-0.134027,48.642149],[-0.134476,48.641967],[-0.135312,48.640997],[-0.136241,48.640586],[-0.136679,48.640061],[-0.136943,48.640019],[-0.137043,48.639419],[-0.137667,48.638769],[-0.13849,48.638351],[-0.138771,48.638494],[-0.139233,48.63846],[-0.139829,48.638183],[-0.139617,48.637992],[-0.140026,48.637542],[-0.140411,48.637395],[-0.140841,48.637504],[-0.140587,48.636937],[-0.141274,48.636847],[-0.141432,48.63653],[-0.141626,48.636507],[-0.141496,48.636281],[-0.141907,48.63605],[-0.141865,48.63528],[-0.142134,48.635102],[-0.143899,48.634932],[-0.144547,48.634511],[-0.145297,48.634487],[-0.145748,48.634082],[-0.14589,48.63416],[-0.146216,48.633937],[-0.146558,48.633975],[-0.146583,48.634197],[-0.146892,48.634165],[-0.146785,48.633946],[-0.147015,48.633606],[-0.147319,48.633629],[-0.147651,48.634089],[-0.148241,48.633714],[-0.14825,48.633397],[-0.14881,48.633394],[-0.148546,48.633077],[-0.148818,48.63285],[-0.149109,48.63292],[-0.149119,48.632641],[-0.149327,48.632604],[-0.149023,48.632396],[-0.149359,48.632186],[-0.14944,48.632387],[-0.149712,48.632323],[-0.14998,48.632461],[-0.149698,48.632091],[-0.150146,48.631931],[-0.153849,48.633792],[-0.157623,48.634584],[-0.155125,48.636028],[-0.153335,48.636819],[-0.152252,48.637099],[-0.151415,48.63885],[-0.153494,48.639188],[-0.154151,48.638708],[-0.154722,48.638908],[-0.155282,48.638676],[-0.155511,48.63873],[-0.156289,48.638157],[-0.158551,48.637995],[-0.159336,48.637681],[-0.159005,48.637259],[-0.159913,48.63672],[-0.160374,48.637201],[-0.160847,48.637106],[-0.161241,48.636385],[-0.161601,48.636225],[-0.161515,48.63592],[-0.162024,48.635826],[-0.162157,48.635364],[-0.162809,48.635242],[-0.163754,48.634629],[-0.164503,48.634584],[-0.164907,48.634295],[-0.165571,48.634231],[-0.166053,48.633796],[-0.167399,48.633547],[-0.168636,48.633543],[-0.169152,48.632979],[-0.169513,48.633248],[-0.169913,48.632955],[-0.170199,48.632964],[-0.170193,48.632758],[-0.171989,48.632182],[-0.172803,48.632361],[-0.174419,48.631674],[-0.1749,48.631674],[-0.17514,48.631099],[-0.175634,48.630673],[-0.177662,48.630435],[-0.178492,48.630187],[-0.179251,48.630228],[-0.179441,48.629733],[-0.180097,48.629046],[-0.180821,48.629474],[-0.18131,48.629446],[-0.182323,48.628021],[-0.183486,48.627846],[-0.184027,48.62795],[-0.185364,48.626403],[-0.18654,48.625551],[-0.187093,48.625402],[-0.187591,48.62495],[-0.189206,48.622536],[-0.189947,48.621052],[-0.190656,48.620272],[-0.191261,48.618775],[-0.192614,48.618692],[-0.194005,48.618791],[-0.195875,48.618159],[-0.196781,48.617389],[-0.19734,48.616595],[-0.197942,48.614237],[-0.198341,48.613754],[-0.198451,48.613006],[-0.198701,48.612851],[-0.202476,48.612826],[-0.204888,48.613362],[-0.205336,48.613658],[-0.206714,48.613679],[-0.209267,48.614165],[-0.213849,48.61394],[-0.216817,48.613388],[-0.217941,48.613476],[-0.218578,48.613169],[-0.221468,48.613672],[-0.222847,48.612563],[-0.221208,48.611827],[-0.21971,48.610808],[-0.21903,48.610169],[-0.219003,48.609885],[-0.219483,48.609064],[-0.221042,48.60729],[-0.224408,48.609017],[-0.224603,48.609844],[-0.224153,48.610646],[-0.224112,48.611121],[-0.226048,48.612113],[-0.227922,48.614798],[-0.229392,48.613573],[-0.23281,48.613037],[-0.232829,48.61281],[-0.233744,48.612989],[-0.233932,48.613203],[-0.234605,48.613001],[-0.236306,48.612094],[-0.238456,48.611679],[-0.239181,48.611234],[-0.240094,48.611522],[-0.241429,48.611141],[-0.241319,48.612581],[-0.241936,48.613294],[-0.241963,48.614164],[-0.242322,48.61479],[-0.24158,48.615946],[-0.24243,48.616359],[-0.24314,48.617165],[-0.243553,48.61738],[-0.24501,48.61726],[-0.246077,48.617497],[-0.244803,48.619729],[-0.244764,48.620344],[-0.244271,48.621242],[-0.244842,48.622251],[-0.244281,48.623943],[-0.244366,48.62445],[-0.244604,48.624589],[-0.244694,48.625259],[-0.24554,48.625981],[-0.247116,48.626529],[-0.249477,48.627664],[-0.249697,48.629393],[-0.25009,48.630293],[-0.249718,48.631175],[-0.25006,48.632789],[-0.250426,48.633273],[-0.250573,48.634016],[-0.250625,48.635224],[-0.250233,48.635335],[-0.250093,48.636051],[-0.248999,48.63684],[-0.248722,48.636784],[-0.248358,48.63854],[-0.246441,48.639986],[-0.2445,48.640913],[-0.247319,48.642424],[-0.248653,48.642891],[-0.24933,48.642444],[-0.250548,48.642576],[-0.250622,48.643111],[-0.251673,48.643046],[-0.25276,48.643922],[-0.256157,48.644759],[-0.256072,48.644961],[-0.258039,48.645747],[-0.257985,48.646101],[-0.259345,48.647064],[-0.260175,48.648299],[-0.269061,48.652053],[-0.270491,48.6523],[-0.268821,48.653844],[-0.267167,48.655704],[-0.265734,48.655265],[-0.265637,48.655616],[-0.264307,48.655425],[-0.264477,48.655975],[-0.263462,48.656024],[-0.263381,48.656426],[-0.262571,48.656437],[-0.262978,48.656934],[-0.260909,48.657611],[-0.260575,48.658106],[-0.261132,48.659223],[-0.258091,48.662082],[-0.260282,48.663419],[-0.259322,48.664077],[-0.260978,48.664906],[-0.259144,48.666821],[-0.255601,48.668003],[-0.255061,48.666806],[-0.254397,48.666489],[-0.253142,48.666222],[-0.252037,48.666345],[-0.249623,48.667574],[-0.246825,48.670424],[-0.244673,48.671253],[-0.243922,48.670716],[-0.241292,48.671674],[-0.240521,48.673288],[-0.239338,48.67415],[-0.23876,48.675218],[-0.238674,48.675593],[-0.240155,48.675718],[-0.23982,48.677584],[-0.240618,48.678349],[-0.241361,48.677878],[-0.242592,48.679002],[-0.243115,48.679128],[-0.243173,48.67945],[-0.244887,48.679661],[-0.24611,48.680422],[-0.246323,48.680785],[-0.246952,48.681151],[-0.24819,48.682353],[-0.248244,48.682679],[-0.248527,48.682897],[-0.248356,48.68353],[-0.248513,48.683976],[-0.248334,48.684475],[-0.247812,48.684891],[-0.248429,48.685012],[-0.248337,48.686795],[-0.250639,48.686811],[-0.251183,48.686358],[-0.251488,48.686442],[-0.256721,48.689253],[-0.25788,48.690043],[-0.258689,48.690133],[-0.260835,48.691118],[-0.262185,48.692033],[-0.263334,48.692485],[-0.263683,48.692411],[-0.264651,48.693164],[-0.264948,48.693042],[-0.266748,48.694351],[-0.26734,48.694096],[-0.267636,48.694232],[-0.268168,48.69452],[-0.268449,48.695044],[-0.268533,48.695356],[-0.267324,48.698081],[-0.265135,48.699101],[-0.263782,48.699064],[-0.263773,48.69948],[-0.264209,48.700354],[-0.264047,48.701193],[-0.264542,48.702919],[-0.264148,48.703186],[-0.26431,48.703681],[-0.261755,48.704169],[-0.260965,48.704608],[-0.259317,48.707291],[-0.258615,48.707399],[-0.257603,48.708132],[-0.256054,48.708742],[-0.25304,48.71089],[-0.251422,48.713864],[-0.250792,48.713773],[-0.250517,48.714741],[-0.250665,48.715822],[-0.251084,48.716318],[-0.252214,48.716905],[-0.251783,48.717389],[-0.25176,48.717934],[-0.251579,48.717916],[-0.251495,48.718181],[-0.248193,48.718995],[-0.245518,48.719209],[-0.24375,48.718995],[-0.241017,48.718104],[-0.238887,48.718058],[-0.235389,48.718818],[-0.234788,48.71907],[-0.233876,48.719779],[-0.23237,48.717895],[-0.231308,48.718676],[-0.231152,48.719319],[-0.230369,48.719925],[-0.228708,48.720437],[-0.224442,48.722228],[-0.220734,48.72323],[-0.217693,48.724612],[-0.212994,48.725133],[-0.208613,48.726173],[-0.206296,48.727148],[-0.204479,48.728217],[-0.204297,48.728513],[-0.202787,48.729097],[-0.199438,48.72962],[-0.196624,48.729277],[-0.195875,48.729391],[-0.198785,48.732558],[-0.201795,48.733676],[-0.202089,48.734209],[-0.202479,48.73328],[-0.202782,48.733037],[-0.204043,48.733109],[-0.20449,48.734767],[-0.205412,48.735557],[-0.205799,48.736538],[-0.206997,48.737479],[-0.208269,48.738103],[-0.207688,48.7391],[-0.207449,48.738821],[-0.206678,48.738616],[-0.20386,48.738617],[-0.201528,48.739106],[-0.2,48.739998],[-0.199397,48.741961],[-0.199421,48.742534],[-0.201021,48.744032],[-0.201938,48.746254],[-0.202362,48.750604],[-0.20231,48.750895],[-0.201649,48.751597],[-0.201244,48.751807],[-0.199489,48.75208],[-0.197726,48.752611],[-0.196426,48.752618],[-0.195815,48.752888],[-0.192958,48.753363],[-0.191435,48.753471],[-0.188484,48.754297],[-0.189678,48.755806],[-0.189627,48.756404],[-0.188985,48.757266],[-0.188666,48.758577],[-0.18709,48.759563],[-0.185616,48.759935],[-0.18421,48.760966],[-0.182835,48.761164],[-0.182481,48.761471],[-0.182542,48.762344],[-0.182117,48.763002],[-0.180641,48.762943],[-0.178342,48.762371],[-0.178971,48.764004],[-0.179135,48.765057],[-0.177387,48.766369],[-0.176404,48.766748],[-0.175824,48.767796],[-0.173304,48.769117],[-0.172597,48.769987],[-0.171354,48.771001],[-0.169873,48.772741],[-0.168109,48.774262],[-0.166206,48.776667],[-0.164281,48.776421],[-0.163873,48.777823],[-0.161687,48.777212],[-0.159781,48.77647],[-0.158731,48.775749],[-0.157195,48.776475],[-0.153011,48.774676],[-0.151971,48.776009],[-0.150495,48.774825],[-0.148425,48.7736],[-0.147477,48.773823],[-0.145967,48.773855],[-0.146083,48.773112],[-0.143203,48.772923],[-0.142848,48.772616],[-0.139709,48.771714],[-0.139024,48.771787],[-0.137792,48.773575],[-0.138032,48.773967],[-0.137688,48.774265],[-0.1379,48.774427],[-0.135327,48.776131],[-0.134044,48.776],[-0.130743,48.778137],[-0.128115,48.780089],[-0.125796,48.781396],[-0.124152,48.782599],[-0.122133,48.782154],[-0.118763,48.781146],[-0.118514,48.781352],[-0.115385,48.780532],[-0.115481,48.780177],[-0.114373,48.779976],[-0.114192,48.780205],[-0.109442,48.779092],[-0.108906,48.777145],[-0.105135,48.77667],[-0.103622,48.776296],[-0.103208,48.773292],[-0.100763,48.773387],[-0.100606,48.771771],[-0.098954,48.771356],[-0.097976,48.770791],[-0.097407,48.769921],[-0.095858,48.768363],[-0.09742,48.767655],[-0.096475,48.766641],[-0.096941,48.766407],[-0.10234,48.766122],[-0.101921,48.765306],[-0.103311,48.764713],[-0.099485,48.76122],[-0.099452,48.760934],[-0.100958,48.759616],[-0.099993,48.757837],[-0.104405,48.757303],[-0.104394,48.756689],[-0.105092,48.756594],[-0.104697,48.753578],[-0.10271,48.748647],[-0.101755,48.747667],[-0.099407,48.748542],[-0.099854,48.749342],[-0.099222,48.749391],[-0.077498,48.748249],[-0.070439,48.748803],[-0.070106,48.748116],[-0.067527,48.747824],[-0.067517,48.7476],[-0.065546,48.74752],[-0.06254,48.746939],[-0.062472,48.746812],[-0.06269,48.746776],[-0.062625,48.746552],[-0.06363,48.745279],[-0.064808,48.744539],[-0.06487,48.744293],[-0.064545,48.744035],[-0.064882,48.743575],[-0.064738,48.7433],[-0.065091,48.743042],[-0.065563,48.742066],[-0.065337,48.741804],[-0.065538,48.741069],[-0.065309,48.740845],[-0.065149,48.740002],[-0.064528,48.739302],[-0.064048,48.739314],[-0.063557,48.738823],[-0.063619,48.738219],[-0.062784,48.738081],[-0.061468,48.736853],[-0.060914,48.736705],[-0.060289,48.736012],[-0.060365,48.735381],[-0.059859,48.735049],[-0.060555,48.734629],[-0.060701,48.734299],[-0.06031,48.73349],[-0.060285,48.732251],[-0.059637,48.73184],[-0.059599,48.731516],[-0.060966,48.730774],[-0.062408,48.727983],[-0.063295,48.727991],[-0.063313,48.728283],[-0.06361,48.728317],[-0.064276,48.729003],[-0.065835,48.728426],[-0.067404,48.728862],[-0.068145,48.728877],[-0.068432,48.7282],[-0.069816,48.728113],[-0.071005,48.7287],[-0.071184,48.72908],[-0.072617,48.729204],[-0.073673,48.729647],[-0.074606,48.729455],[-0.075587,48.729639],[-0.076165,48.730145],[-0.0762,48.730385],[-0.077122,48.730546],[-0.078119,48.730344],[-0.078593,48.729871],[-0.079424,48.729839],[-0.079606,48.729554],[-0.080267,48.72939],[-0.080667,48.728731],[-0.081971,48.727975],[-0.083406,48.727877],[-0.083683,48.728213],[-0.084653,48.728298],[-0.085908,48.728167],[-0.086895,48.727866],[-0.087337,48.727567],[-0.088163,48.726189],[-0.089161,48.725486],[-0.090196,48.724967],[-0.090993,48.724984],[-0.092165,48.724431],[-0.094583,48.723873],[-0.093421,48.720958],[-0.101707,48.709607],[-0.100659,48.708047],[-0.095172,48.70488],[-0.089275,48.701046],[-0.083966,48.703465],[-0.08413,48.704101],[-0.082145,48.704493],[-0.081364,48.704807],[-0.077026,48.704826],[-0.076857,48.707706],[-0.075422,48.707734],[-0.074319,48.707499],[-0.073365,48.709506],[-0.070181,48.70865],[-0.070214,48.709558],[-0.067593,48.709578],[-0.067579,48.709263],[-0.066488,48.70916],[-0.066002,48.708918],[-0.066304,48.708537],[-0.064615,48.707928],[-0.064904,48.707698],[-0.0643,48.707172],[-0.060851,48.705092],[-0.062461,48.70284],[-0.061231,48.701802],[-0.06332,48.700402],[-0.064538,48.698225],[-0.065425,48.697403],[-0.067117,48.696279],[-0.065785,48.696194],[-0.066571,48.692738],[-0.067192,48.688778],[-0.0672,48.68755],[-0.068008,48.686931],[-0.069115,48.684847],[-0.068765,48.683197],[-0.069285,48.680991],[-0.069252,48.680732],[-0.068921,48.680478],[-0.069077,48.679874],[-0.068555,48.677613],[-0.069311,48.67715],[-0.069741,48.676396],[-0.068282,48.674792],[-0.068878,48.670464],[-0.06854,48.668646],[-0.068147,48.667576],[-0.066992,48.666002],[-0.064364,48.661533],[-0.064207,48.659357],[-0.063623,48.656734],[-0.048374,48.651684],[-0.047159,48.651537],[-0.046369,48.649726],[-0.046572,48.648386],[-0.049277,48.645104],[-0.043609,48.643362],[-0.043477,48.643501],[-0.040852,48.642951],[-0.03033,48.639943],[-0.023121,48.638752],[-0.022834,48.638608],[-0.022837,48.638354],[-0.021038,48.637924],[-0.018105,48.637552],[-0.015431,48.636853],[-0.004787,48.636041],[-0.004496,48.635418],[0.012169,48.633237],[0.01226,48.627218],[0.012684,48.627121],[0.013617,48.626545],[0.014678,48.62575],[0.014933,48.625331],[0.014712,48.623684],[0.013908,48.622264],[0.011688,48.620293],[0.010292,48.619631],[0.007783,48.619052],[0.000709,48.616016],[-0.000144,48.614946],[-0.001963,48.613744],[-0.002486,48.613083],[-0.001775,48.612342],[-0.001507,48.611376],[-0.00148,48.609487],[-0.001804,48.608643],[-0.004822,48.605083],[-0.007402,48.603622],[-0.007888,48.6032],[-0.007839,48.602748],[-0.007161,48.601864],[-0.008485,48.600953],[-0.009529,48.600674],[-0.00975,48.600473],[-0.009946,48.599805],[-0.00971,48.598382],[-0.011731,48.59622],[-0.012454,48.594964],[-0.015209,48.59355],[-0.01683,48.593317],[-0.017576,48.593051],[-0.019069,48.592982],[-0.020395,48.592417],[-0.022135,48.59231],[-0.023287,48.593506],[-0.023801,48.594395],[-0.024507,48.595011],[-0.027158,48.596666],[-0.028148,48.597546],[-0.028644,48.597707],[-0.029836,48.598582],[-0.030125,48.598982],[-0.029956,48.599749],[-0.028988,48.601473],[-0.026915,48.602999],[-0.026464,48.603058],[-0.024446,48.605569],[-0.024144,48.606051],[-0.02424,48.606389],[-0.024929,48.607071],[-0.025043,48.607528],[-0.026845,48.608332],[-0.02845,48.608843],[-0.030456,48.610009],[-0.031999,48.610386],[-0.032935,48.611046],[-0.034025,48.61223],[-0.034332,48.613004],[-0.035344,48.613774],[-0.035267,48.614192],[-0.036039,48.614626],[-0.036107,48.615016],[-0.03657,48.614869],[-0.037187,48.614394],[-0.037713,48.613535],[-0.038821,48.612413],[-0.043276,48.61112],[-0.045127,48.610857],[-0.046116,48.611126],[-0.048693,48.611151],[-0.049078,48.61127],[-0.049939,48.612093],[-0.052631,48.613108],[-0.053625,48.613233],[-0.055744,48.613164],[-0.057666,48.612938],[-0.05841,48.6145],[-0.058646,48.61561],[-0.059498,48.615999],[-0.061668,48.616254],[-0.063583,48.616088],[-0.064354,48.61592],[-0.064434,48.615108],[-0.066348,48.615222],[-0.06669,48.615457],[-0.06736,48.613964],[-0.07371,48.612854],[-0.074381,48.612451],[-0.077209,48.609102],[-0.0771,48.607036],[-0.07741,48.6064],[-0.078315,48.606252],[-0.080448,48.605512],[-0.07898,48.60304],[-0.079995,48.602819],[-0.082561,48.602667],[-0.083592,48.602123],[-0.084646,48.60301],[-0.08497,48.605301],[-0.086017,48.606902],[-0.086301,48.607666],[-0.086079,48.608615],[-0.086179,48.609051],[-0.086958,48.609966],[-0.089115,48.61033],[-0.090497,48.610247],[-0.092096,48.610856],[-0.093013,48.610165],[-0.09353,48.608762],[-0.096482,48.608331],[-0.098391,48.608624],[-0.099998,48.609347],[-0.101754,48.609796],[-0.103251,48.610431],[-0.104752,48.610306],[-0.105256,48.610914],[-0.106202,48.611221],[-0.106234,48.612359],[-0.107225,48.613226],[-0.106312,48.613975],[-0.106503,48.614451],[-0.106941,48.614641],[-0.106509,48.615482],[-0.108485,48.615509],[-0.109382,48.615345],[-0.109878,48.615522],[-0.110485,48.616289],[-0.111854,48.616983],[-0.117982,48.619573],[-0.116797,48.62058],[-0.116704,48.620899],[-0.119184,48.621087],[-0.119216,48.620992],[-0.12195,48.621332],[-0.122032,48.622463],[-0.122425,48.622418],[-0.123275,48.625132],[-0.125222,48.626675],[-0.12557,48.626385],[-0.128737,48.628362]]]}},{"type":"Feature","properties":{"uai_primary":"0610017M","uai_all":"0610017M","is_merged":false},"geometry":{"type":"Polygon","coordinates":[[[-0.521205,48.639077],[-0.525142,48.639201],[-0.525824,48.637424],[-0.526089,48.634925],[-0.525834,48.634292],[-0.526388,48.632307],[-0.525742,48.632273],[-0.525732,48.632093],[-0.526473,48.630589],[-0.527006,48.63024],[-0.527984,48.630718],[-0.53025,48.630799],[-0.530698,48.631386],[-0.531645,48.631552],[-0.532938,48.631497],[-0.534079,48.631223],[-0.534427,48.631486],[-0.535726,48.63125],[-0.5366,48.631614],[-0.537445,48.630742],[-0.537527,48.629599],[-0.537769,48.629389],[-0.536609,48.626826],[-0.53675,48.626361],[-0.537813,48.625209],[-0.537926,48.62484],[-0.53768,48.623742],[-0.537297,48.623463],[-0.5371,48.622266],[-0.537536,48.622398],[-0.538936,48.62227],[-0.539129,48.622758],[-0.540947,48.623949],[-0.542054,48.623946],[-0.54264,48.623706],[-0.543701,48.622588],[-0.545653,48.622775],[-0.546331,48.621972],[-0.546938,48.621735],[-0.54819,48.620652],[-0.548907,48.619351],[-0.549137,48.619689],[-0.55078,48.620527],[-0.552314,48.621815],[-0.552786,48.622332],[-0.552836,48.623021],[-0.553636,48.623234],[-0.553788,48.623554],[-0.559207,48.623631],[-0.559597,48.623692],[-0.561649,48.624777],[-0.563866,48.628233],[-0.566091,48.628692],[-0.570737,48.628419],[-0.571338,48.62962],[-0.571912,48.630173],[-0.572325,48.631352],[-0.574202,48.63233],[-0.574809,48.634169],[-0.574727,48.634763],[-0.577326,48.635474],[-0.578188,48.636191],[-0.581286,48.63686],[-0.581784,48.636643],[-0.582899,48.636899],[-0.584154,48.637534],[-0.584935,48.639011],[-0.586013,48.639239],[-0.585845,48.639819],[-0.586189,48.640406],[-0.585856,48.641017],[-0.584629,48.64171],[-0.584676,48.642136],[-0.584068,48.643212],[-0.582448,48.643007],[-0.582006,48.643239],[-0.581743,48.643191],[-0.580042,48.642416],[-0.579483,48.642346],[-0.578902,48.643744],[-0.57768,48.64447],[-0.577942,48.645333],[-0.577719,48.645958],[-0.57841,48.646442],[-0.579556,48.647858],[-0.57948,48.648756],[-0.58006,48.649274],[-0.580523,48.650261],[-0.580819,48.650491],[-0.582932,48.650627],[-0.583578,48.650849],[-0.583918,48.651172],[-0.584987,48.651281],[-0.585446,48.651602],[-0.586106,48.651653],[-0.586623,48.651938],[-0.587548,48.652025],[-0.589281,48.65273],[-0.589357,48.653742],[-0.589594,48.65381],[-0.590151,48.653598],[-0.59041,48.653816],[-0.589772,48.654256],[-0.590222,48.654652],[-0.589813,48.655072],[-0.589696,48.655713],[-0.590259,48.655783],[-0.59011,48.656021],[-0.590718,48.656082],[-0.590604,48.656577],[-0.591048,48.656656],[-0.591133,48.656992],[-0.591774,48.657282],[-0.591987,48.657625],[-0.592541,48.657631],[-0.593336,48.658105],[-0.593933,48.657995],[-0.59411,48.658748],[-0.595249,48.659224],[-0.594824,48.65946],[-0.594979,48.660115],[-0.59469,48.660506],[-0.595026,48.661546],[-0.594534,48.662034],[-0.595014,48.662399],[-0.59504,48.663058],[-0.59848,48.664437],[-0.599853,48.6641],[-0.60046,48.664153],[-0.600527,48.66437],[-0.600923,48.664446],[-0.600931,48.664653],[-0.601628,48.664866],[-0.601703,48.665269],[-0.602221,48.665553],[-0.602199,48.665843],[-0.603312,48.66719],[-0.604648,48.667253],[-0.605231,48.667571],[-0.605267,48.667808],[-0.606381,48.667892],[-0.60776,48.668462],[-0.607421,48.669002],[-0.604917,48.671313],[-0.604517,48.672402],[-0.602681,48.672953],[-0.603113,48.673601],[-0.602735,48.673855],[-0.602247,48.67476],[-0.602166,48.675897],[-0.602541,48.677192],[-0.601849,48.678616],[-0.601197,48.679328],[-0.598858,48.681119],[-0.596831,48.682425],[-0.59588,48.683545],[-0.595024,48.684153],[-0.592944,48.685385],[-0.592211,48.685524],[-0.591469,48.685246],[-0.591389,48.686697],[-0.591143,48.687255],[-0.590192,48.687305],[-0.589294,48.688078],[-0.589336,48.688411],[-0.589017,48.688779],[-0.586625,48.689323],[-0.586525,48.689714],[-0.584285,48.688944],[-0.584006,48.689128],[-0.582355,48.690995],[-0.582003,48.692235],[-0.581518,48.692177],[-0.578502,48.693876],[-0.577743,48.695307],[-0.577721,48.697225],[-0.57664,48.698613],[-0.576329,48.698801],[-0.575547,48.698846],[-0.574148,48.697898],[-0.573901,48.698189],[-0.573723,48.698452],[-0.574279,48.698669],[-0.575339,48.699908],[-0.575398,48.701123],[-0.575953,48.701931],[-0.576112,48.703089],[-0.576428,48.703694],[-0.574165,48.705067],[-0.572272,48.706847],[-0.571905,48.708859],[-0.568464,48.716581],[-0.568895,48.716705],[-0.5686,48.717777],[-0.566251,48.719935],[-0.563541,48.721974],[-0.561167,48.720494],[-0.559968,48.719938],[-0.559267,48.718882],[-0.558369,48.720201],[-0.556664,48.720424],[-0.556368,48.720216],[-0.554579,48.720797],[-0.551928,48.722835],[-0.551774,48.722774],[-0.550085,48.723863],[-0.547664,48.724863],[-0.544006,48.728051],[-0.543246,48.727843],[-0.542839,48.727316],[-0.541279,48.726573],[-0.540164,48.726944],[-0.538228,48.726048],[-0.53561,48.726425],[-0.533779,48.72692],[-0.531423,48.726918],[-0.529756,48.727284],[-0.528934,48.727663],[-0.527664,48.727676],[-0.526392,48.727975],[-0.524007,48.728658],[-0.523477,48.728959],[-0.522567,48.729031],[-0.521592,48.729355],[-0.521223,48.729279],[-0.519583,48.730025],[-0.518554,48.731942],[-0.517415,48.732064],[-0.514958,48.733587],[-0.514511,48.733516],[-0.513355,48.733974],[-0.512874,48.734237],[-0.512956,48.734451],[-0.510042,48.734861],[-0.509165,48.735481],[-0.508939,48.735975],[-0.504062,48.736417],[-0.50018,48.73538],[-0.49827,48.736204],[-0.497193,48.736395],[-0.495639,48.73644],[-0.495579,48.735219],[-0.49586,48.734018],[-0.499344,48.731547],[-0.499025,48.731365],[-0.499757,48.730608],[-0.499823,48.729438],[-0.501016,48.728603],[-0.501015,48.727496],[-0.501633,48.727205],[-0.501667,48.726799],[-0.506687,48.725733],[-0.50809,48.72458],[-0.509479,48.723734],[-0.510333,48.721868],[-0.509384,48.72089],[-0.508734,48.720688],[-0.506726,48.719549],[-0.506418,48.718241],[-0.506148,48.71809],[-0.50682,48.717916],[-0.50747,48.717455],[-0.509564,48.717387],[-0.510701,48.716458],[-0.510869,48.715654],[-0.511188,48.715396],[-0.51089,48.714612],[-0.5111,48.714411],[-0.510733,48.714071],[-0.510835,48.713129],[-0.510248,48.712299],[-0.510621,48.712131],[-0.510599,48.711599],[-0.510963,48.711452],[-0.510918,48.711044],[-0.510337,48.711062],[-0.509057,48.710757],[-0.508039,48.710776],[-0.507047,48.711008],[-0.50667,48.710657],[-0.506414,48.710838],[-0.505698,48.710641],[-0.505043,48.710665],[-0.504975,48.710287],[-0.503953,48.710194],[-0.503639,48.71002],[-0.502498,48.708706],[-0.499936,48.708696],[-0.499108,48.709026],[-0.498368,48.708992],[-0.497958,48.709123],[-0.497513,48.709523],[-0.496417,48.709571],[-0.495172,48.710038],[-0.49482,48.710395],[-0.493194,48.710425],[-0.492616,48.710873],[-0.491472,48.710898],[-0.491019,48.71131],[-0.490479,48.71145],[-0.490395,48.711717],[-0.490703,48.71209],[-0.489915,48.712835],[-0.489093,48.712899],[-0.488305,48.713178],[-0.487946,48.713625],[-0.48679,48.714009],[-0.484742,48.715182],[-0.483923,48.715122],[-0.483141,48.714795],[-0.482214,48.714767],[-0.481279,48.715266],[-0.480671,48.715338],[-0.479504,48.715958],[-0.478147,48.71736],[-0.476094,48.718003],[-0.475504,48.718483],[-0.475279,48.719816],[-0.474498,48.721273],[-0.47336,48.722197],[-0.47318,48.72297],[-0.473663,48.723698],[-0.473809,48.725113],[-0.474554,48.725346],[-0.476093,48.727234],[-0.475512,48.728219],[-0.473829,48.728529],[-0.475501,48.73138],[-0.475383,48.731699],[-0.472839,48.731725],[-0.470819,48.732229],[-0.470152,48.732196],[-0.469919,48.731598],[-0.468315,48.731976],[-0.4668,48.731906],[-0.466346,48.732248],[-0.465056,48.732217],[-0.465264,48.733151],[-0.463543,48.733873],[-0.461597,48.734342],[-0.460756,48.733931],[-0.460043,48.733305],[-0.459224,48.732278],[-0.459322,48.731933],[-0.458711,48.731618],[-0.458705,48.731307],[-0.4582,48.731469],[-0.457292,48.731262],[-0.456307,48.73067],[-0.455913,48.730718],[-0.455578,48.730304],[-0.454199,48.73043],[-0.452921,48.729865],[-0.451748,48.728986],[-0.450752,48.728155],[-0.449767,48.726978],[-0.448643,48.726997],[-0.447408,48.726551],[-0.44692,48.726066],[-0.44619,48.726009],[-0.445475,48.725533],[-0.445217,48.725275],[-0.444827,48.723251],[-0.443363,48.72132],[-0.444351,48.719026],[-0.444294,48.718284],[-0.443742,48.717241],[-0.441899,48.71605],[-0.438812,48.716386],[-0.437289,48.716726],[-0.432174,48.717006],[-0.430603,48.717576],[-0.42908,48.717713],[-0.428189,48.717522],[-0.427723,48.717197],[-0.424962,48.717035],[-0.424555,48.716524],[-0.422742,48.715629],[-0.422877,48.715293],[-0.421662,48.714582],[-0.421124,48.714802],[-0.420388,48.714584],[-0.419566,48.714761],[-0.418223,48.714594],[-0.412504,48.714931],[-0.409385,48.715353],[-0.408067,48.715274],[-0.406827,48.715],[-0.405867,48.71453],[-0.401325,48.711862],[-0.393917,48.710692],[-0.391646,48.709067],[-0.391242,48.708357],[-0.391208,48.707352],[-0.390477,48.705823],[-0.389402,48.691186],[-0.392201,48.690072],[-0.392484,48.690451],[-0.392824,48.690098],[-0.397212,48.688509],[-0.397418,48.687979],[-0.400368,48.686825],[-0.402845,48.686354],[-0.403541,48.68593],[-0.404465,48.684671],[-0.408442,48.682984],[-0.408609,48.682306],[-0.411541,48.680848],[-0.411883,48.68037],[-0.413047,48.679586],[-0.413636,48.679635],[-0.41469,48.680035],[-0.415519,48.679651],[-0.4167,48.679627],[-0.417274,48.678994],[-0.417844,48.678808],[-0.418098,48.678492],[-0.419202,48.678175],[-0.419253,48.677823],[-0.419877,48.677987],[-0.420003,48.677577],[-0.420831,48.677441],[-0.421295,48.677198],[-0.421599,48.67686],[-0.421749,48.675691],[-0.422305,48.674242],[-0.423229,48.674025],[-0.423719,48.674137],[-0.424999,48.67372],[-0.425541,48.673286],[-0.425983,48.673296],[-0.426029,48.67289],[-0.426587,48.672028],[-0.428165,48.670716],[-0.42809,48.670465],[-0.428348,48.670145],[-0.428207,48.669926],[-0.42864,48.668837],[-0.428509,48.666161],[-0.428789,48.663395],[-0.429212,48.662284],[-0.430224,48.662286],[-0.43042,48.661667],[-0.431523,48.661327],[-0.43351,48.660245],[-0.434996,48.659908],[-0.435076,48.659598],[-0.435781,48.659561],[-0.435938,48.658621],[-0.436943,48.657398],[-0.438433,48.656058],[-0.440285,48.655078],[-0.441514,48.653851],[-0.442245,48.652786],[-0.44173,48.648116],[-0.435848,48.648521],[-0.423822,48.647032],[-0.423355,48.646737],[-0.42101,48.643761],[-0.421541,48.641666],[-0.422153,48.641797],[-0.423532,48.643027],[-0.424884,48.643297],[-0.428122,48.641436],[-0.429031,48.641528],[-0.430121,48.641369],[-0.431425,48.640685],[-0.433391,48.640094],[-0.434989,48.638291],[-0.435258,48.638166],[-0.435875,48.638338],[-0.4366,48.637625],[-0.437429,48.636146],[-0.437683,48.635047],[-0.439706,48.63292],[-0.440203,48.632814],[-0.441229,48.631933],[-0.442171,48.63169],[-0.443549,48.631785],[-0.443847,48.631358],[-0.445461,48.630746],[-0.446734,48.629333],[-0.448412,48.628163],[-0.448601,48.627455],[-0.449365,48.62728],[-0.450681,48.626055],[-0.453423,48.624083],[-0.453919,48.624437],[-0.456608,48.622557],[-0.45773,48.622148],[-0.458348,48.622399],[-0.459146,48.623816],[-0.460387,48.624253],[-0.46144,48.623773],[-0.462167,48.623734],[-0.463346,48.624171],[-0.463773,48.625956],[-0.480801,48.615408],[-0.516669,48.640704],[-0.51859,48.641211],[-0.519165,48.641595],[-0.519776,48.642922],[-0.519769,48.641789],[-0.520307,48.641196],[-0.520759,48.639241],[-0.521205,48.639077]]]}},{"type":"Feature","properties":{"uai_primary":"0610023U","uai_all":"0610023U","is_merged":false},"geometry":{"type":"Polygon","coordinates":[[[-0.587411,48.768721],[-0.587909,48.767958],[-0.589415,48.767898],[-0.590626,48.767165],[-0.590869,48.767163],[-0.590773,48.767411],[-0.591161,48.767526],[-0.592107,48.766945],[-0.593125,48.767646],[-0.593436,48.767444],[-0.594496,48.767869],[-0.595944,48.767545],[-0.596949,48.766608],[-0.59674,48.766426],[-0.597746,48.765819],[-0.597429,48.765454],[-0.598045,48.765203],[-0.598916,48.764379],[-0.599335,48.764468],[-0.599676,48.764245],[-0.600168,48.7646],[-0.600404,48.764597],[-0.600475,48.764774],[-0.600843,48.764579],[-0.601111,48.764774],[-0.601635,48.764339],[-0.602201,48.764346],[-0.602137,48.763876],[-0.602654,48.763997],[-0.602933,48.76368],[-0.604492,48.763602],[-0.60519,48.763334],[-0.606582,48.763577],[-0.607763,48.763572],[-0.608489,48.76382],[-0.609201,48.763792],[-0.60922,48.763375],[-0.609622,48.763345],[-0.609874,48.762931],[-0.610407,48.762823],[-0.610294,48.762577],[-0.610792,48.762502],[-0.610845,48.76232],[-0.610531,48.762078],[-0.610682,48.761905],[-0.610993,48.761878],[-0.611013,48.761473],[-0.614493,48.761731],[-0.615313,48.762162],[-0.61771,48.764124],[-0.618353,48.765457],[-0.61918,48.766199],[-0.622578,48.765461],[-0.623049,48.765155],[-0.625263,48.765471],[-0.626648,48.763851],[-0.627431,48.764461],[-0.627904,48.764404],[-0.629254,48.765019],[-0.630575,48.765142],[-0.631198,48.764897],[-0.633132,48.765585],[-0.634775,48.766533],[-0.635821,48.766871],[-0.637767,48.766877],[-0.637768,48.767032],[-0.641164,48.767043],[-0.644654,48.7668],[-0.645032,48.767072],[-0.646702,48.767162],[-0.647646,48.766883],[-0.648063,48.766423],[-0.64825,48.76662],[-0.648875,48.766561],[-0.649542,48.768226],[-0.649267,48.768328],[-0.64959,48.768878],[-0.649773,48.770203],[-0.650215,48.770978],[-0.65095,48.771677],[-0.651433,48.772827],[-0.651245,48.773518],[-0.651599,48.77353],[-0.651573,48.773804],[-0.650832,48.775257],[-0.65047,48.77674],[-0.649277,48.778009],[-0.650195,48.778443],[-0.647796,48.780423],[-0.649415,48.780957],[-0.647396,48.78302],[-0.646844,48.787011],[-0.64737,48.787177],[-0.646438,48.788945],[-0.646651,48.789195],[-0.646638,48.789666],[-0.646202,48.790119],[-0.644609,48.790879],[-0.643235,48.791858],[-0.641244,48.794329],[-0.640219,48.795909],[-0.640567,48.796051],[-0.639537,48.797401],[-0.64007,48.798249],[-0.640145,48.798884],[-0.639867,48.799358],[-0.63852,48.799355],[-0.63816,48.800075],[-0.636678,48.800627],[-0.636424,48.801229],[-0.635344,48.801222],[-0.634792,48.801609],[-0.633653,48.802059],[-0.632485,48.802121],[-0.632165,48.802372],[-0.630851,48.802648],[-0.630051,48.803174],[-0.629335,48.803168],[-0.628831,48.803412],[-0.628644,48.803099],[-0.628239,48.803226],[-0.62785,48.802984],[-0.627916,48.803286],[-0.627762,48.803341],[-0.627233,48.80327],[-0.627184,48.803073],[-0.626928,48.803254],[-0.626461,48.803232],[-0.626316,48.802968],[-0.624845,48.803463],[-0.625126,48.803788],[-0.627148,48.804202],[-0.627923,48.804619],[-0.628533,48.804576],[-0.629028,48.805025],[-0.629401,48.805],[-0.629727,48.806239],[-0.631466,48.807545],[-0.631557,48.808212],[-0.6301,48.809661],[-0.630125,48.811151],[-0.631335,48.811489],[-0.632386,48.811322],[-0.632558,48.811134],[-0.634732,48.810874],[-0.636255,48.811858],[-0.637881,48.812575],[-0.638291,48.812995],[-0.638699,48.813903],[-0.64005,48.815106],[-0.640312,48.8159],[-0.640741,48.816311],[-0.640769,48.816954],[-0.640476,48.817286],[-0.644221,48.820212],[-0.644499,48.820873],[-0.644315,48.821948],[-0.644762,48.822617],[-0.647757,48.823604],[-0.648389,48.824113],[-0.647318,48.825592],[-0.645496,48.827281],[-0.64437,48.827371],[-0.6412,48.827263],[-0.63641,48.826651],[-0.631805,48.827037],[-0.628673,48.826887],[-0.623846,48.827075],[-0.620727,48.827754],[-0.618835,48.828731],[-0.61732,48.8293],[-0.613311,48.83054],[-0.612498,48.830865],[-0.611899,48.831388],[-0.608447,48.833199],[-0.604794,48.83439],[-0.599645,48.835103],[-0.594045,48.835367],[-0.591439,48.83596],[-0.582958,48.837309],[-0.58059,48.838041],[-0.574548,48.830367],[-0.573123,48.830928],[-0.572753,48.83079],[-0.572288,48.830224],[-0.571159,48.830237],[-0.569791,48.830615],[-0.56847,48.827928],[-0.567894,48.827668],[-0.565117,48.824934],[-0.561801,48.823385],[-0.55692,48.820293],[-0.555366,48.818429],[-0.55473,48.818118],[-0.553073,48.817978],[-0.552417,48.817754],[-0.551409,48.816483],[-0.547189,48.813986],[-0.546289,48.813747],[-0.544473,48.813587],[-0.543037,48.813688],[-0.543014,48.81216],[-0.542593,48.812009],[-0.54175,48.812258],[-0.54108,48.812003],[-0.540672,48.811245],[-0.540754,48.810682],[-0.539254,48.809832],[-0.539161,48.809196],[-0.539475,48.808984],[-0.539739,48.808254],[-0.540067,48.808015],[-0.54108,48.807718],[-0.542479,48.806257],[-0.544495,48.804977],[-0.54486,48.804534],[-0.54584,48.804217],[-0.546665,48.804383],[-0.548736,48.80412],[-0.550346,48.803365],[-0.551072,48.802637],[-0.55093,48.802147],[-0.551301,48.801454],[-0.551386,48.800026],[-0.552095,48.798709],[-0.552543,48.798346],[-0.552697,48.797417],[-0.553018,48.797299],[-0.553452,48.796199],[-0.554343,48.796181],[-0.554679,48.795984],[-0.554725,48.795613],[-0.554334,48.795114],[-0.553786,48.794851],[-0.552236,48.79354],[-0.550827,48.793054],[-0.550074,48.792603],[-0.549513,48.792507],[-0.549331,48.792318],[-0.549263,48.790958],[-0.548392,48.79035],[-0.547879,48.789614],[-0.548,48.788279],[-0.548762,48.786836],[-0.54848,48.785255],[-0.548007,48.783998],[-0.547037,48.782392],[-0.54636,48.779208],[-0.546575,48.778682],[-0.543865,48.775464],[-0.542746,48.773693],[-0.540928,48.769941],[-0.539585,48.768463],[-0.538909,48.767972],[-0.538594,48.767768],[-0.535243,48.767453],[-0.534098,48.76766],[-0.532329,48.767658],[-0.530072,48.767873],[-0.527046,48.767364],[-0.525052,48.766718],[-0.523494,48.765586],[-0.52221,48.765752],[-0.516923,48.763864],[-0.51511,48.763053],[-0.51549,48.76255],[-0.514178,48.762177],[-0.514898,48.761664],[-0.514742,48.761309],[-0.512914,48.759239],[-0.509704,48.756461],[-0.508907,48.756083],[-0.507506,48.756436],[-0.506705,48.756914],[-0.503321,48.756798],[-0.502717,48.757159],[-0.502764,48.756743],[-0.502409,48.756059],[-0.50181,48.75573],[-0.501686,48.755352],[-0.501277,48.755318],[-0.501098,48.755121],[-0.499383,48.754444],[-0.497232,48.753178],[-0.496162,48.753016],[-0.495667,48.752713],[-0.492614,48.752733],[-0.490701,48.751998],[-0.490008,48.752518],[-0.489441,48.753342],[-0.488101,48.754099],[-0.486661,48.753509],[-0.485778,48.753519],[-0.485816,48.752979],[-0.484016,48.751141],[-0.482068,48.750791],[-0.481633,48.751251],[-0.478688,48.750615],[-0.475757,48.750794],[-0.474026,48.750733],[-0.473316,48.750965],[-0.472905,48.750725],[-0.470528,48.751199],[-0.469262,48.751181],[-0.468734,48.751462],[-0.467022,48.751606],[-0.465391,48.752032],[-0.463742,48.751931],[-0.463377,48.752254],[-0.46279,48.752291],[-0.460761,48.753191],[-0.457002,48.753374],[-0.456438,48.753546],[-0.45376,48.753475],[-0.453069,48.753832],[-0.452677,48.754393],[-0.452537,48.753985],[-0.451685,48.753206],[-0.45109,48.753161],[-0.450352,48.752273],[-0.451431,48.751215],[-0.45609,48.749361],[-0.458059,48.747112],[-0.45911,48.746354],[-0.461434,48.744003],[-0.46207,48.742418],[-0.465393,48.741299],[-0.46647,48.740333],[-0.468586,48.737551],[-0.468016,48.736716],[-0.467253,48.736398],[-0.465376,48.73622],[-0.463998,48.735195],[-0.461902,48.734356],[-0.463543,48.733873],[-0.465264,48.733151],[-0.465056,48.732217],[-0.466346,48.732248],[-0.4668,48.731906],[-0.468315,48.731976],[-0.469919,48.731598],[-0.470152,48.732196],[-0.470819,48.732229],[-0.472839,48.731725],[-0.475383,48.731699],[-0.475501,48.73138],[-0.473829,48.728529],[-0.475512,48.728219],[-0.476093,48.727234],[-0.474554,48.725346],[-0.473809,48.725113],[-0.473663,48.723698],[-0.47318,48.72297],[-0.47336,48.722197],[-0.474498,48.721273],[-0.475279,48.719816],[-0.475504,48.718483],[-0.476094,48.718003],[-0.478147,48.71736],[-0.479504,48.715958],[-0.480671,48.715338],[-0.481279,48.715266],[-0.482214,48.714767],[-0.483141,48.714795],[-0.483923,48.715122],[-0.484742,48.715182],[-0.48679,48.714009],[-0.487946,48.713625],[-0.488305,48.713178],[-0.489093,48.712899],[-0.489915,48.712835],[-0.490703,48.71209],[-0.490395,48.711717],[-0.490479,48.71145],[-0.491019,48.71131],[-0.491472,48.710898],[-0.492616,48.710873],[-0.493194,48.710425],[-0.49482,48.710395],[-0.495172,48.710038],[-0.496417,48.709571],[-0.497573,48.709507],[-0.497881,48.709165],[-0.498368,48.708992],[-0.499108,48.709026],[-0.499936,48.708696],[-0.502319,48.708676],[-0.502666,48.708832],[-0.503639,48.71002],[-0.503953,48.710194],[-0.504975,48.710287],[-0.505043,48.710665],[-0.505698,48.710641],[-0.506414,48.710838],[-0.50667,48.710657],[-0.507047,48.711008],[-0.508039,48.710776],[-0.509057,48.710757],[-0.510337,48.711062],[-0.511392,48.711053],[-0.511668,48.71079],[-0.511607,48.710459],[-0.512864,48.710197],[-0.513083,48.709756],[-0.513409,48.709579],[-0.513743,48.709577],[-0.515495,48.70894],[-0.515677,48.709149],[-0.51617,48.709014],[-0.516461,48.709212],[-0.516883,48.70912],[-0.517122,48.709553],[-0.517626,48.70938],[-0.51839,48.709476],[-0.519442,48.709157],[-0.520264,48.709118],[-0.521496,48.709176],[-0.522836,48.709487],[-0.523684,48.709195],[-0.523928,48.70887],[-0.524884,48.708882],[-0.525572,48.708493],[-0.527015,48.708321],[-0.527515,48.707952],[-0.527531,48.707308],[-0.529253,48.705828],[-0.531708,48.704796],[-0.535667,48.705026],[-0.53637,48.704951],[-0.537865,48.704438],[-0.538832,48.704373],[-0.543006,48.699156],[-0.544388,48.697056],[-0.549973,48.691714],[-0.553203,48.689597],[-0.553808,48.68983],[-0.553787,48.690147],[-0.554152,48.69052],[-0.553392,48.691379],[-0.553481,48.692664],[-0.55369,48.693046],[-0.558233,48.696543],[-0.558447,48.696944],[-0.55837,48.697455],[-0.55991,48.697641],[-0.560732,48.697513],[-0.562164,48.697688],[-0.562593,48.697967],[-0.562977,48.697941],[-0.563022,48.697508],[-0.56361,48.697571],[-0.563714,48.697056],[-0.56504,48.696621],[-0.565044,48.696265],[-0.566711,48.696115],[-0.567035,48.695781],[-0.568413,48.695703],[-0.569887,48.695933],[-0.572159,48.696763],[-0.573036,48.697508],[-0.573723,48.698452],[-0.573941,48.698449],[-0.574711,48.699077],[-0.575339,48.699908],[-0.575398,48.701123],[-0.575953,48.701931],[-0.576112,48.703089],[-0.576428,48.703694],[-0.574165,48.705067],[-0.572272,48.706847],[-0.571905,48.708859],[-0.568464,48.716581],[-0.568895,48.716705],[-0.5686,48.717777],[-0.566251,48.719935],[-0.563541,48.721974],[-0.564883,48.723242],[-0.566514,48.725951],[-0.566291,48.727031],[-0.566739,48.727463],[-0.566689,48.729438],[-0.567621,48.730199],[-0.567014,48.730761],[-0.567052,48.731575],[-0.567449,48.732662],[-0.568094,48.733324],[-0.565624,48.734765],[-0.563609,48.735237],[-0.56221,48.736097],[-0.561859,48.736376],[-0.561733,48.73696],[-0.561201,48.737382],[-0.561198,48.738051],[-0.560359,48.738369],[-0.560293,48.738923],[-0.561001,48.739656],[-0.562172,48.73891],[-0.562909,48.738794],[-0.564077,48.740028],[-0.563778,48.740743],[-0.565166,48.741503],[-0.56434,48.742054],[-0.564413,48.742912],[-0.565122,48.742967],[-0.5651,48.743391],[-0.565371,48.743604],[-0.565862,48.743443],[-0.565423,48.743964],[-0.565942,48.74397],[-0.565965,48.744221],[-0.566847,48.744262],[-0.566896,48.744808],[-0.567998,48.744843],[-0.568664,48.745352],[-0.568756,48.746243],[-0.569275,48.746139],[-0.570239,48.746915],[-0.570037,48.74753],[-0.570345,48.747482],[-0.570614,48.747842],[-0.570458,48.747978],[-0.570216,48.747834],[-0.569808,48.747919],[-0.569869,48.748115],[-0.569399,48.748309],[-0.569098,48.748765],[-0.568735,48.748812],[-0.568625,48.749203],[-0.568001,48.749662],[-0.567184,48.749807],[-0.567696,48.750316],[-0.567572,48.750794],[-0.567784,48.75068],[-0.568189,48.75073],[-0.568923,48.751063],[-0.56903,48.75138],[-0.570015,48.751408],[-0.571082,48.752099],[-0.571735,48.752015],[-0.57156,48.752706],[-0.572257,48.752664],[-0.57255,48.752818],[-0.572539,48.753459],[-0.57331,48.753057],[-0.573699,48.753148],[-0.573541,48.752511],[-0.574074,48.75244],[-0.574373,48.752885],[-0.575202,48.752803],[-0.575176,48.752253],[-0.576472,48.75208],[-0.582943,48.76029],[-0.583133,48.761743],[-0.583435,48.762017],[-0.584338,48.762114],[-0.587116,48.765564],[-0.587209,48.766096],[-0.587468,48.766131],[-0.587679,48.766697],[-0.587213,48.766876],[-0.587179,48.767117],[-0.587572,48.767264],[-0.587079,48.767519],[-0.586793,48.767932],[-0.58722,48.768227],[-0.586992,48.768598],[-0.587411,48.768721]],[[-0.561097,48.739995],[-0.558045,48.741202],[-0.557758,48.741774],[-0.557005,48.741629],[-0.55556,48.742335],[-0.553513,48.742824],[-0.551841,48.742049],[-0.549419,48.741253],[-0.548622,48.741256],[-0.548432,48.741044],[-0.547799,48.741143],[-0.547161,48.740994],[-0.546823,48.741105],[-0.546626,48.740986],[-0.545278,48.741333],[-0.543679,48.741212],[-0.540506,48.740007],[-0.539592,48.740126],[-0.539465,48.739911],[-0.538085,48.740085],[-0.536719,48.740656],[-0.535443,48.740488],[-0.53468,48.740209],[-0.534195,48.740441],[-0.533732,48.740403],[-0.533021,48.740935],[-0.531269,48.739828],[-0.530664,48.739255],[-0.52883,48.739311],[-0.524586,48.740924],[-0.523415,48.741148],[-0.523313,48.741463],[-0.521636,48.742297],[-0.52066,48.743007],[-0.520544,48.743322],[-0.519494,48.743841],[-0.518658,48.743817],[-0.518317,48.744234],[-0.515408,48.744531],[-0.512269,48.745876],[-0.510579,48.746387],[-0.507842,48.747937],[-0.506022,48.749375],[-0.504598,48.750057],[-0.504338,48.750364],[-0.509911,48.751076],[-0.531085,48.747661],[-0.536147,48.748168],[-0.536492,48.748379],[-0.540049,48.748046],[-0.541969,48.748277],[-0.542328,48.747722],[-0.542174,48.746711],[-0.544089,48.745614],[-0.544877,48.745845],[-0.54417,48.746784],[-0.543826,48.74696],[-0.543744,48.747538],[-0.543188,48.74739],[-0.543083,48.747642],[-0.543492,48.747915],[-0.54482,48.747741],[-0.544953,48.747312],[-0.545929,48.747042],[-0.547454,48.747981],[-0.548396,48.747888],[-0.548913,48.748063],[-0.550666,48.748073],[-0.550654,48.747371],[-0.551345,48.747224],[-0.552108,48.747416],[-0.553058,48.747292],[-0.553184,48.747785],[-0.553949,48.747978],[-0.554808,48.747817],[-0.555221,48.74729],[-0.555301,48.74677],[-0.556464,48.746455],[-0.557082,48.745998],[-0.557829,48.745811],[-0.559511,48.745955],[-0.559612,48.745446],[-0.55927,48.744512],[-0.559772,48.744109],[-0.559223,48.743409],[-0.559242,48.743105],[-0.558964,48.743128],[-0.558748,48.742936],[-0.558258,48.74313],[-0.557565,48.74213],[-0.557873,48.741888],[-0.558369,48.741999],[-0.559017,48.741892],[-0.560083,48.741197],[-0.561516,48.741104],[-0.561632,48.740498],[-0.561097,48.739995]],[[-0.560254,48.743986],[-0.560217,48.744293],[-0.560656,48.744325],[-0.561015,48.74413],[-0.560637,48.743918],[-0.560254,48.743986]],[[-0.570085,48.747679],[-0.570026,48.747537],[-0.569823,48.747695],[-0.569962,48.747801],[-0.570085,48.747679]]]}},{"type":"Feature","properties":{"uai_primary":"0610031C","uai_all":"0610031C","is_merged":false},"geometry":{"type":"Polygon","coordinates":[[[0.421061,48.58986],[0.421618,48.589788],[0.421742,48.588675],[0.422047,48.588661],[0.422096,48.587716],[0.422957,48.587465],[0.422931,48.586812],[0.423721,48.586688],[0.423661,48.586399],[0.422645,48.586145],[0.42244,48.585485],[0.422722,48.585294],[0.422668,48.585129],[0.421849,48.584932],[0.421905,48.584235],[0.421218,48.584224],[0.420534,48.583712],[0.419679,48.583709],[0.419642,48.583447],[0.420081,48.583116],[0.419982,48.58293],[0.41942,48.582935],[0.419464,48.58248],[0.418893,48.582423],[0.418752,48.581544],[0.419399,48.58052],[0.419451,48.579724],[0.420369,48.579509],[0.420916,48.578568],[0.420615,48.577458],[0.420832,48.577008],[0.421239,48.576818],[0.42115,48.576394],[0.421819,48.576298],[0.42239,48.575779],[0.421803,48.575143],[0.421247,48.57547],[0.420986,48.57535],[0.42111,48.574191],[0.420536,48.573975],[0.420144,48.573563],[0.420168,48.573292],[0.419339,48.573378],[0.418992,48.572958],[0.41864,48.573131],[0.418482,48.573023],[0.418543,48.572582],[0.419084,48.572223],[0.418972,48.571916],[0.419635,48.571685],[0.42018,48.570458],[0.419429,48.56965],[0.419457,48.569161],[0.419827,48.568639],[0.41984,48.567922],[0.419489,48.567662],[0.419598,48.567238],[0.418929,48.567169],[0.418742,48.566703],[0.42025,48.56637],[0.420759,48.566016],[0.421413,48.566539],[0.421726,48.566069],[0.42231,48.566298],[0.423015,48.56531],[0.423483,48.565555],[0.423978,48.565205],[0.423759,48.564578],[0.423484,48.564414],[0.423742,48.563713],[0.423584,48.563238],[0.425483,48.559377],[0.426172,48.559547],[0.426397,48.559402],[0.426369,48.558792],[0.425792,48.55844],[0.426177,48.55789],[0.425083,48.557364],[0.423349,48.557114],[0.423129,48.555986],[0.422425,48.555678],[0.422634,48.555299],[0.422485,48.55491],[0.423018,48.55492],[0.423233,48.554433],[0.423125,48.554014],[0.4239,48.554162],[0.424752,48.553656],[0.424878,48.553094],[0.425488,48.552887],[0.426087,48.552333],[0.426746,48.552457],[0.427843,48.551432],[0.42753,48.551017],[0.427977,48.55083],[0.428102,48.550424],[0.428625,48.550261],[0.429046,48.549845],[0.428777,48.549428],[0.429001,48.548984],[0.429667,48.549076],[0.430239,48.548891],[0.430507,48.549121],[0.430806,48.548618],[0.431323,48.548701],[0.43159,48.548348],[0.432389,48.548367],[0.432292,48.547855],[0.433067,48.547691],[0.433095,48.547859],[0.433606,48.548036],[0.435435,48.548222],[0.43648,48.548523],[0.438041,48.548738],[0.438075,48.548396],[0.439085,48.548645],[0.4395,48.547785],[0.439935,48.547405],[0.440289,48.547532],[0.441104,48.547333],[0.441984,48.546085],[0.442642,48.543925],[0.443815,48.542607],[0.44444,48.541019],[0.443881,48.540897],[0.444533,48.539606],[0.44758,48.539559],[0.447976,48.539894],[0.449404,48.539876],[0.450594,48.535799],[0.450969,48.535632],[0.451699,48.536064],[0.455283,48.537197],[0.45616,48.536324],[0.451257,48.533788],[0.453314,48.531333],[0.452426,48.530919],[0.452912,48.530465],[0.452693,48.530034],[0.452186,48.529767],[0.452748,48.527728],[0.453336,48.526974],[0.453391,48.526595],[0.453201,48.526445],[0.45344,48.526251],[0.454204,48.526573],[0.454846,48.526631],[0.455565,48.526365],[0.456429,48.525676],[0.456919,48.526116],[0.457835,48.52619],[0.45847,48.52675],[0.459614,48.526853],[0.460162,48.526766],[0.460569,48.526982],[0.461129,48.526975],[0.462704,48.527642],[0.464606,48.527971],[0.464721,48.528129],[0.466711,48.527791],[0.468737,48.527851],[0.469196,48.527683],[0.469485,48.527013],[0.469342,48.526357],[0.469524,48.525109],[0.468975,48.52517],[0.468426,48.524547],[0.468252,48.523674],[0.467787,48.522863],[0.466419,48.522716],[0.465978,48.522434],[0.46474,48.52227],[0.465339,48.521024],[0.466991,48.520638],[0.465957,48.517295],[0.467169,48.515436],[0.466975,48.514631],[0.46735,48.513648],[0.468025,48.513696],[0.467999,48.512907],[0.466337,48.512716],[0.465212,48.512415],[0.46233,48.511258],[0.460428,48.511064],[0.458336,48.510144],[0.456875,48.509784],[0.456306,48.509448],[0.455366,48.509252],[0.454259,48.508782],[0.449901,48.508127],[0.445633,48.507283],[0.443609,48.506006],[0.444271,48.504719],[0.445334,48.503526],[0.445057,48.502817],[0.445943,48.502571],[0.44677,48.502013],[0.447204,48.500754],[0.444911,48.50002],[0.440812,48.499405],[0.436879,48.498432],[0.434505,48.498049],[0.43459,48.49782],[0.424417,48.495044],[0.424221,48.494784],[0.42478,48.494611],[0.42465,48.494268],[0.424943,48.494122],[0.42531,48.49431],[0.425953,48.494336],[0.426596,48.492943],[0.42702,48.492732],[0.427456,48.49279],[0.427916,48.492425],[0.427838,48.492164],[0.42843,48.491932],[0.42842,48.491604],[0.428848,48.491335],[0.428733,48.49106],[0.429557,48.490819],[0.430073,48.49087],[0.430408,48.490695],[0.429521,48.489475],[0.429977,48.488867],[0.429997,48.488522],[0.431693,48.487406],[0.431087,48.487052],[0.431361,48.486765],[0.430489,48.485564],[0.429105,48.48489],[0.428168,48.484686],[0.428884,48.483933],[0.426972,48.483382],[0.429028,48.48036],[0.430797,48.479038],[0.431113,48.478338],[0.431172,48.477524],[0.431836,48.476883],[0.431795,48.476471],[0.432145,48.476101],[0.433468,48.476902],[0.435163,48.477326],[0.435456,48.477083],[0.435887,48.477137],[0.436233,48.476763],[0.436002,48.476286],[0.436548,48.475997],[0.437929,48.474717],[0.438085,48.473755],[0.439155,48.472643],[0.43916,48.472508],[0.438144,48.472023],[0.438647,48.471224],[0.437091,48.470637],[0.437216,48.47022],[0.43438,48.469806],[0.433649,48.468709],[0.433714,48.46796],[0.432592,48.467804],[0.432185,48.467216],[0.432484,48.466457],[0.430911,48.465632],[0.431076,48.465513],[0.430305,48.46513],[0.430061,48.464664],[0.429074,48.463799],[0.42732,48.463995],[0.426951,48.463802],[0.425693,48.463955],[0.423427,48.464503],[0.422828,48.464269],[0.42146,48.465038],[0.420837,48.465128],[0.42024,48.465018],[0.419669,48.464684],[0.419934,48.46415],[0.418084,48.463819],[0.415153,48.462823],[0.41392,48.462628],[0.413455,48.463057],[0.414166,48.463803],[0.411202,48.467848],[0.409726,48.469364],[0.410018,48.47036],[0.408988,48.470781],[0.408388,48.471393],[0.405119,48.472066],[0.403801,48.472681],[0.40225,48.472987],[0.400438,48.473624],[0.399279,48.473434],[0.398766,48.47358],[0.395481,48.472012],[0.394492,48.471865],[0.39365,48.470814],[0.391823,48.469762],[0.391927,48.469453],[0.389724,48.468611],[0.38805,48.46823],[0.386482,48.467261],[0.386948,48.466982],[0.386932,48.465885],[0.38585,48.465486],[0.385878,48.465137],[0.38552,48.46472],[0.384139,48.464009],[0.384669,48.463168],[0.385698,48.462843],[0.387025,48.460979],[0.387415,48.461135],[0.387163,48.459746],[0.387332,48.45885],[0.387123,48.45582],[0.386969,48.455594],[0.386216,48.455764],[0.385383,48.455193],[0.38552,48.45497],[0.384977,48.454765],[0.382559,48.454259],[0.383315,48.453072],[0.382073,48.452689],[0.381577,48.453418],[0.38046,48.453271],[0.379845,48.453453],[0.379455,48.453368],[0.377037,48.453888],[0.376226,48.454295],[0.375182,48.455088],[0.373761,48.456593],[0.373082,48.45847],[0.370014,48.459177],[0.369417,48.458858],[0.367692,48.458556],[0.365094,48.457752],[0.363656,48.457053],[0.362258,48.456887],[0.361635,48.45728],[0.362062,48.457873],[0.359689,48.460046],[0.361002,48.460604],[0.360755,48.460863],[0.358572,48.461775],[0.357473,48.461945],[0.356016,48.461692],[0.355445,48.461256],[0.353903,48.461165],[0.353346,48.460897],[0.353436,48.460509],[0.35309,48.459964],[0.352699,48.460019],[0.352544,48.459397],[0.352223,48.459305],[0.351565,48.459561],[0.35074,48.459445],[0.350713,48.458981],[0.349985,48.458545],[0.349796,48.456995],[0.349372,48.456172],[0.348551,48.455252],[0.349882,48.454639],[0.350092,48.454083],[0.349623,48.453403],[0.348891,48.45323],[0.348815,48.452679],[0.347606,48.452068],[0.347393,48.452265],[0.346206,48.451715],[0.345217,48.450534],[0.342851,48.448785],[0.341095,48.448588],[0.339546,48.448002],[0.33855,48.447193],[0.338003,48.445632],[0.336429,48.445713],[0.335108,48.446076],[0.334631,48.445373],[0.334504,48.444541],[0.333279,48.444321],[0.331668,48.444415],[0.33128,48.443477],[0.331706,48.442969],[0.331577,48.441438],[0.330786,48.441565],[0.330526,48.441282],[0.329807,48.441713],[0.329278,48.441555],[0.327769,48.442039],[0.327021,48.441573],[0.327812,48.440739],[0.325327,48.438657],[0.324749,48.43828],[0.324636,48.438359],[0.324048,48.438126],[0.324581,48.437394],[0.321007,48.436084],[0.319212,48.43475],[0.317545,48.436059],[0.317008,48.437432],[0.315756,48.438451],[0.316993,48.439133],[0.320571,48.440306],[0.32159,48.441622],[0.323009,48.44181],[0.322659,48.442204],[0.322961,48.442989],[0.32273,48.443225],[0.324607,48.444611],[0.324623,48.446136],[0.328065,48.446061],[0.330035,48.447388],[0.330747,48.448211],[0.331489,48.44799],[0.333705,48.450794],[0.334974,48.451204],[0.335489,48.452868],[0.334512,48.454054],[0.334697,48.455071],[0.332551,48.455476],[0.333229,48.456434],[0.334507,48.457466],[0.334605,48.457766],[0.33685,48.458226],[0.339434,48.458063],[0.340113,48.459026],[0.339608,48.459358],[0.340694,48.460164],[0.341211,48.461013],[0.338434,48.461792],[0.338089,48.462138],[0.335514,48.463591],[0.335864,48.463827],[0.335706,48.463893],[0.33732,48.464979],[0.337477,48.464858],[0.338196,48.465452],[0.337683,48.465905],[0.334938,48.466398],[0.333205,48.467581],[0.332132,48.467215],[0.329309,48.468348],[0.329756,48.468849],[0.327989,48.469631],[0.327354,48.470551],[0.327864,48.47091],[0.326846,48.471384],[0.326682,48.471797],[0.322862,48.472593],[0.322473,48.47316],[0.322206,48.472806],[0.321468,48.47289],[0.32074,48.472393],[0.320241,48.47225],[0.318938,48.472292],[0.317988,48.471957],[0.317791,48.471503],[0.316971,48.471419],[0.316181,48.47295],[0.315186,48.472999],[0.314325,48.473397],[0.314072,48.473287],[0.313891,48.472886],[0.312641,48.47316],[0.311818,48.472221],[0.310223,48.471991],[0.309006,48.472635],[0.309374,48.473002],[0.309212,48.473284],[0.309351,48.474189],[0.309023,48.474511],[0.308184,48.474214],[0.307899,48.474264],[0.307408,48.474962],[0.307807,48.47544],[0.3077,48.475559],[0.307222,48.475533],[0.306765,48.475211],[0.306139,48.475628],[0.305528,48.475676],[0.305271,48.475559],[0.305068,48.475007],[0.304027,48.475189],[0.304045,48.475686],[0.303641,48.475898],[0.303766,48.476289],[0.303288,48.476618],[0.303252,48.477195],[0.302674,48.477694],[0.302247,48.478561],[0.301711,48.478868],[0.301416,48.479311],[0.300224,48.479516],[0.300287,48.479702],[0.300964,48.479911],[0.301138,48.48013],[0.300584,48.48058],[0.299627,48.480632],[0.29862,48.480209],[0.297942,48.480436],[0.297326,48.480283],[0.296058,48.480398],[0.292251,48.47875],[0.290797,48.478958],[0.288595,48.478469],[0.288225,48.478615],[0.287984,48.479305],[0.287107,48.479364],[0.284812,48.480627],[0.283794,48.480574],[0.28366,48.480806],[0.283925,48.481199],[0.2836,48.481498],[0.282694,48.48126],[0.281929,48.481356],[0.280904,48.4812],[0.280668,48.48166],[0.280031,48.481911],[0.279797,48.481803],[0.27976,48.481414],[0.278202,48.480825],[0.278133,48.480492],[0.277517,48.479815],[0.275652,48.479176],[0.274709,48.479339],[0.274611,48.479766],[0.274883,48.480114],[0.273539,48.479998],[0.273213,48.480367],[0.272726,48.480419],[0.272736,48.481019],[0.272527,48.481322],[0.271528,48.48118],[0.271226,48.481259],[0.271205,48.481505],[0.272143,48.482496],[0.270582,48.48344],[0.270693,48.483857],[0.270484,48.484129],[0.268757,48.48406],[0.267642,48.484484],[0.266293,48.484513],[0.265451,48.485027],[0.264612,48.484704],[0.264254,48.484146],[0.263161,48.483513],[0.262612,48.482851],[0.261413,48.482239],[0.261305,48.4815],[0.2615,48.480863],[0.261297,48.480204],[0.261813,48.479656],[0.260593,48.478592],[0.259394,48.477027],[0.25894,48.476784],[0.25845,48.476835],[0.257895,48.477444],[0.257184,48.477434],[0.25516,48.476036],[0.254373,48.475801],[0.254085,48.475983],[0.253642,48.475959],[0.253265,48.475591],[0.252555,48.475472],[0.252197,48.474913],[0.250939,48.474652],[0.250048,48.474265],[0.249416,48.474244],[0.248822,48.473953],[0.247104,48.474347],[0.244557,48.473937],[0.241927,48.474315],[0.241647,48.474568],[0.241745,48.475744],[0.240792,48.475986],[0.240113,48.475628],[0.236999,48.474931],[0.2347,48.473804],[0.233739,48.473116],[0.231444,48.472457],[0.230163,48.472739],[0.228357,48.472585],[0.223066,48.473467],[0.220607,48.473168],[0.218933,48.473726],[0.217869,48.473835],[0.217743,48.473163],[0.216417,48.472839],[0.215817,48.472843],[0.214556,48.473173],[0.214243,48.473499],[0.213625,48.47364],[0.211358,48.472052],[0.209971,48.470725],[0.209233,48.470548],[0.207615,48.470625],[0.204111,48.469782],[0.204176,48.46911],[0.204873,48.46897],[0.204958,48.468541],[0.203012,48.467889],[0.201999,48.467312],[0.200483,48.46712],[0.199255,48.466535],[0.198793,48.466526],[0.198751,48.465504],[0.194697,48.463647],[0.19475,48.463988],[0.194198,48.464814],[0.194243,48.466321],[0.194037,48.466358],[0.193582,48.466949],[0.192878,48.466897],[0.193201,48.467351],[0.19265,48.467659],[0.19272,48.468155],[0.191962,48.46873],[0.191777,48.469105],[0.192257,48.469284],[0.192274,48.469651],[0.192794,48.469696],[0.192611,48.470717],[0.191909,48.471198],[0.191295,48.4713],[0.191212,48.471672],[0.190439,48.471842],[0.190142,48.472314],[0.189582,48.472202],[0.189546,48.471895],[0.189141,48.471997],[0.188734,48.471839],[0.188096,48.472191],[0.188161,48.472415],[0.187862,48.472393],[0.187708,48.47258],[0.187432,48.4726],[0.187293,48.473123],[0.186627,48.473264],[0.1863,48.473186],[0.186039,48.473646],[0.185663,48.473655],[0.18527,48.473999],[0.184726,48.474001],[0.183625,48.474622],[0.183703,48.474783],[0.183293,48.475121],[0.18258,48.475137],[0.182148,48.475867],[0.182592,48.476292],[0.182268,48.476538],[0.183269,48.477737],[0.18324,48.478166],[0.182546,48.478941],[0.182564,48.479135],[0.184719,48.479998],[0.185359,48.480633],[0.185802,48.482099],[0.186293,48.482102],[0.186604,48.483281],[0.1886,48.483454],[0.187831,48.48213],[0.189323,48.481862],[0.189346,48.482469],[0.191296,48.482596],[0.192323,48.484235],[0.191862,48.484389],[0.191813,48.484645],[0.191993,48.484656],[0.192027,48.485577],[0.192277,48.485538],[0.191777,48.487199],[0.191777,48.488282],[0.192647,48.488189],[0.192807,48.489659],[0.193923,48.48981],[0.194884,48.489745],[0.19559,48.489548],[0.196896,48.488879],[0.197842,48.488649],[0.198159,48.488978],[0.198617,48.488994],[0.199231,48.490518],[0.199956,48.491662],[0.200314,48.49134],[0.201122,48.491703],[0.199251,48.493188],[0.199219,48.493915],[0.199416,48.494372],[0.199899,48.494562],[0.200075,48.494831],[0.200002,48.495591],[0.200429,48.496391],[0.202182,48.498364],[0.201966,48.499371],[0.204499,48.499723],[0.205251,48.499966],[0.203395,48.501222],[0.200798,48.50394],[0.20117,48.503979],[0.201322,48.505658],[0.202194,48.50564],[0.203924,48.505961],[0.20543,48.505818],[0.20504,48.506824],[0.205236,48.506796],[0.205157,48.507384],[0.205483,48.507368],[0.205603,48.508146],[0.205218,48.508269],[0.204648,48.508878],[0.204935,48.509387],[0.205419,48.509253],[0.20626,48.510098],[0.206213,48.510349],[0.205331,48.511227],[0.200867,48.514004],[0.19478,48.516172],[0.196199,48.51786],[0.196634,48.518699],[0.205737,48.517302],[0.212834,48.517446],[0.217568,48.516966],[0.218061,48.517],[0.219553,48.518783],[0.21937,48.518703],[0.218327,48.519027],[0.217423,48.518517],[0.21689,48.518605],[0.216282,48.518501],[0.215472,48.518849],[0.214941,48.519392],[0.21429,48.520742],[0.214917,48.52124],[0.21502,48.522404],[0.214655,48.523031],[0.21475,48.523559],[0.214406,48.523662],[0.213927,48.524291],[0.213066,48.524685],[0.210294,48.524778],[0.208323,48.52413],[0.207485,48.523646],[0.207309,48.523829],[0.206555,48.523632],[0.206006,48.523695],[0.205131,48.524183],[0.204733,48.524012],[0.20433,48.524119],[0.203987,48.52481],[0.203262,48.525062],[0.201871,48.525959],[0.201063,48.52596],[0.200233,48.526441],[0.200027,48.52608],[0.199473,48.526301],[0.199103,48.526277],[0.198824,48.526069],[0.19854,48.526225],[0.198705,48.526444],[0.198222,48.526662],[0.197715,48.526397],[0.196535,48.526578],[0.195932,48.526425],[0.195883,48.526254],[0.196181,48.526005],[0.195669,48.525746],[0.19514,48.525907],[0.194415,48.525582],[0.193595,48.525582],[0.193383,48.526103],[0.193765,48.526972],[0.193929,48.529116],[0.192657,48.531185],[0.193769,48.532867],[0.195016,48.533471],[0.191122,48.534443],[0.182527,48.535108],[0.180548,48.535717],[0.180034,48.536241],[0.17901,48.536578],[0.179143,48.536679],[0.176294,48.537277],[0.176044,48.538342],[0.176172,48.539615],[0.176606,48.540816],[0.177444,48.542235],[0.177909,48.544494],[0.177812,48.545508],[0.177202,48.546503],[0.176573,48.548454],[0.17751,48.549968],[0.178327,48.549631],[0.17909,48.55044],[0.180676,48.55067],[0.183178,48.551589],[0.183975,48.55161],[0.183731,48.552144],[0.182782,48.552899],[0.183061,48.553078],[0.182031,48.553701],[0.181838,48.554696],[0.182544,48.554831],[0.183634,48.554278],[0.186228,48.55407],[0.19049,48.554402],[0.192327,48.554304],[0.192753,48.554547],[0.198235,48.555716],[0.198479,48.55614],[0.198707,48.557807],[0.200222,48.557362],[0.203376,48.557275],[0.205277,48.557699],[0.207683,48.559476],[0.209147,48.559375],[0.211236,48.558985],[0.213824,48.55805],[0.215927,48.557875],[0.216911,48.557499],[0.217438,48.55881],[0.21902,48.561197],[0.223016,48.56498],[0.224465,48.565848],[0.225733,48.567993],[0.226387,48.568615],[0.226266,48.570564],[0.227835,48.574073],[0.228838,48.575422],[0.229556,48.575979],[0.230768,48.576532],[0.231125,48.57693],[0.231996,48.579799],[0.23154,48.580345],[0.230635,48.582279],[0.234364,48.582587],[0.235866,48.582505],[0.237672,48.583267],[0.238223,48.582717],[0.238869,48.582436],[0.240425,48.583828],[0.241885,48.583362],[0.243362,48.584259],[0.244209,48.58514],[0.248285,48.584651],[0.248702,48.585042],[0.252362,48.583936],[0.254899,48.582327],[0.255121,48.582453],[0.256611,48.581785],[0.258347,48.581388],[0.259076,48.581796],[0.261586,48.580776],[0.265458,48.577989],[0.266599,48.578486],[0.267059,48.579031],[0.267948,48.57911],[0.268238,48.579361],[0.269141,48.579258],[0.270248,48.579447],[0.27185,48.579355],[0.273219,48.579961],[0.273655,48.580303],[0.274231,48.581678],[0.274719,48.581715],[0.274774,48.583206],[0.275108,48.584457],[0.276103,48.584337],[0.278474,48.584596],[0.277966,48.585402],[0.281999,48.586042],[0.284527,48.586916],[0.284788,48.587067],[0.284636,48.587186],[0.286146,48.588026],[0.290622,48.589209],[0.292468,48.589837],[0.292696,48.591021],[0.294276,48.590828],[0.295872,48.590889],[0.296917,48.590757],[0.297406,48.590536],[0.298265,48.589374],[0.298855,48.589248],[0.298666,48.588482],[0.297392,48.586804],[0.298972,48.586267],[0.299703,48.585796],[0.299247,48.58543],[0.299438,48.584724],[0.29879,48.583125],[0.298142,48.582443],[0.29753,48.582185],[0.298069,48.581526],[0.298434,48.581176],[0.299196,48.580828],[0.301706,48.580182],[0.303185,48.57924],[0.303244,48.579056],[0.306644,48.578506],[0.306935,48.578307],[0.306888,48.578034],[0.308871,48.57704],[0.309709,48.576323],[0.310008,48.576392],[0.310314,48.575252],[0.310349,48.576675],[0.313016,48.578488],[0.313894,48.579323],[0.313938,48.580304],[0.312176,48.582074],[0.312103,48.582652],[0.312499,48.583735],[0.315389,48.585355],[0.317499,48.585907],[0.317516,48.58639],[0.319452,48.58655],[0.320837,48.586999],[0.321798,48.587001],[0.322445,48.5866],[0.322743,48.585666],[0.324334,48.584499],[0.325591,48.584049],[0.326328,48.584042],[0.327896,48.584362],[0.329197,48.584129],[0.330668,48.584151],[0.332852,48.583939],[0.335174,48.584845],[0.336219,48.585831],[0.335375,48.58738],[0.335451,48.587752],[0.335909,48.588199],[0.336087,48.589839],[0.335602,48.592242],[0.335625,48.593977],[0.335302,48.594806],[0.335498,48.595058],[0.335187,48.595952],[0.335202,48.596585],[0.334598,48.596577],[0.332909,48.597248],[0.331753,48.598151],[0.331906,48.598343],[0.324313,48.599503],[0.318383,48.601147],[0.315688,48.602557],[0.313093,48.60301],[0.313442,48.604059],[0.315804,48.60376],[0.316353,48.604243],[0.318147,48.604532],[0.319326,48.604525],[0.31972,48.604653],[0.319528,48.604977],[0.319694,48.605048],[0.320424,48.605023],[0.320919,48.605168],[0.321468,48.604962],[0.323483,48.604775],[0.324701,48.604847],[0.325359,48.604717],[0.326804,48.604837],[0.328102,48.604498],[0.328612,48.604556],[0.329566,48.603892],[0.331434,48.603516],[0.331788,48.603121],[0.332949,48.602908],[0.333481,48.603171],[0.33409,48.603181],[0.335865,48.602874],[0.336809,48.603016],[0.338788,48.602649],[0.339195,48.602656],[0.339753,48.603129],[0.340598,48.603227],[0.343312,48.603147],[0.343624,48.602963],[0.344499,48.603125],[0.345252,48.602948],[0.345687,48.603081],[0.346543,48.602842],[0.347659,48.602039],[0.34879,48.601701],[0.350014,48.601734],[0.350945,48.601374],[0.351776,48.601288],[0.352692,48.601479],[0.352965,48.601411],[0.353055,48.601038],[0.353836,48.600698],[0.354085,48.600239],[0.354405,48.600261],[0.355137,48.599866],[0.355408,48.599237],[0.355741,48.599234],[0.355994,48.598889],[0.356576,48.598862],[0.356837,48.598528],[0.356653,48.598171],[0.358976,48.595732],[0.359691,48.595431],[0.360402,48.595381],[0.361047,48.594836],[0.361421,48.594905],[0.361691,48.594752],[0.362468,48.594741],[0.363291,48.594872],[0.36345,48.594743],[0.363513,48.5952],[0.365455,48.59622],[0.368108,48.596962],[0.367196,48.598447],[0.366982,48.599418],[0.366375,48.599417],[0.366478,48.599851],[0.366266,48.600178],[0.365663,48.600093],[0.365086,48.602221],[0.364859,48.602212],[0.3649,48.60333],[0.364598,48.60408],[0.365494,48.60441],[0.364109,48.605422],[0.36554,48.606032],[0.367477,48.606489],[0.369835,48.606837],[0.369518,48.608679],[0.368262,48.609932],[0.369485,48.61166],[0.370434,48.614509],[0.371496,48.614476],[0.372495,48.614074],[0.372641,48.615082],[0.373204,48.615749],[0.374434,48.614754],[0.379824,48.613646],[0.381779,48.613696],[0.382918,48.613519],[0.382991,48.612832],[0.385043,48.612774],[0.385201,48.612352],[0.385779,48.611911],[0.388084,48.611976],[0.389132,48.611827],[0.390722,48.611203],[0.392276,48.610954],[0.392952,48.610399],[0.393322,48.610304],[0.39406,48.610199],[0.395445,48.610702],[0.39575,48.610611],[0.395699,48.610272],[0.395968,48.610182],[0.396389,48.610393],[0.396546,48.61023],[0.403983,48.61064],[0.405334,48.611278],[0.405931,48.611783],[0.409168,48.612936],[0.409353,48.614088],[0.410712,48.614732],[0.410922,48.61453],[0.411168,48.614645],[0.410945,48.614904],[0.416897,48.616966],[0.416973,48.616664],[0.417547,48.616361],[0.418457,48.615524],[0.417978,48.614642],[0.418521,48.613672],[0.419048,48.613163],[0.419038,48.61251],[0.419428,48.612063],[0.419272,48.611702],[0.41902,48.611624],[0.419495,48.610705],[0.419635,48.609813],[0.419287,48.609116],[0.420063,48.608375],[0.420073,48.608142],[0.420503,48.608065],[0.420823,48.607551],[0.420633,48.607243],[0.421187,48.606828],[0.42177,48.605966],[0.420908,48.605163],[0.422764,48.604451],[0.423187,48.60469],[0.424603,48.603582],[0.424284,48.603555],[0.422941,48.602405],[0.421016,48.60154],[0.420747,48.600837],[0.421007,48.60065],[0.420919,48.599932],[0.42116,48.599143],[0.420812,48.598686],[0.420803,48.598296],[0.421176,48.598041],[0.421325,48.597368],[0.4209,48.596551],[0.420804,48.595423],[0.421124,48.594135],[0.420606,48.592963],[0.420244,48.592622],[0.420272,48.591854],[0.420809,48.591672],[0.420829,48.591502],[0.420267,48.590824],[0.421061,48.58986]]]}},{"type":"Feature","properties":{"uai_primary":"0610033E","uai_all":"0610033E","is_merged":false},"geometry":{"type":"Polygon","coordinates":[[[0.676767,48.522395],[0.676437,48.522341],[0.667218,48.496308],[0.677158,48.496128],[0.686096,48.489172],[0.685888,48.487344],[0.686207,48.485848],[0.684342,48.485383],[0.681097,48.48399],[0.680114,48.482403],[0.678589,48.481382],[0.67815,48.479674],[0.677385,48.478492],[0.67636,48.478738],[0.675468,48.478574],[0.676337,48.477667],[0.675908,48.477446],[0.676697,48.476911],[0.677552,48.475695],[0.676975,48.475396],[0.677176,48.475004],[0.677776,48.474858],[0.677807,48.474142],[0.677521,48.473147],[0.677143,48.472738],[0.675846,48.469651],[0.675385,48.469241],[0.672183,48.467415],[0.671733,48.467524],[0.671108,48.46698],[0.669527,48.466345],[0.668602,48.465284],[0.66873,48.462552],[0.668379,48.461577],[0.66815,48.461427],[0.66388,48.464397],[0.662934,48.46371],[0.66193,48.464448],[0.660629,48.463897],[0.659718,48.463792],[0.656586,48.458787],[0.65662,48.458175],[0.654808,48.456083],[0.656347,48.454729],[0.656177,48.453493],[0.654983,48.453197],[0.655765,48.450659],[0.654951,48.450334],[0.653981,48.450251],[0.65239,48.449849],[0.651879,48.44875],[0.65116,48.44867],[0.64929,48.448934],[0.647403,48.448523],[0.647003,48.44815],[0.647034,48.446585],[0.64642,48.446374],[0.645821,48.445858],[0.644772,48.445894],[0.644673,48.445555],[0.643862,48.445312],[0.642653,48.444433],[0.642379,48.444439],[0.641587,48.445172],[0.641171,48.445127],[0.639933,48.44423],[0.638573,48.444524],[0.63777,48.444884],[0.636749,48.44398],[0.636371,48.44312],[0.636579,48.440875],[0.635435,48.440685],[0.635715,48.439664],[0.632629,48.440269],[0.632887,48.438484],[0.632363,48.438444],[0.632524,48.437175],[0.631923,48.436952],[0.631168,48.436137],[0.631623,48.4355],[0.631392,48.432817],[0.631995,48.426854],[0.630775,48.424826],[0.628218,48.422581],[0.627767,48.4219],[0.627234,48.421623],[0.626098,48.422113],[0.62506,48.42217],[0.623591,48.422105],[0.62274,48.421777],[0.621122,48.418933],[0.621067,48.418047],[0.620668,48.417008],[0.619203,48.414949],[0.618859,48.414494],[0.617252,48.41405],[0.616723,48.413432],[0.616454,48.412301],[0.616856,48.411498],[0.616607,48.411207],[0.616134,48.411171],[0.615425,48.411415],[0.612938,48.413133],[0.611782,48.413332],[0.610961,48.413679],[0.610197,48.414297],[0.610232,48.414754],[0.605005,48.415661],[0.604046,48.416096],[0.602485,48.417143],[0.602237,48.417688],[0.601699,48.417635],[0.596118,48.420925],[0.594933,48.421987],[0.591418,48.423679],[0.590895,48.425841],[0.588455,48.425944],[0.587645,48.426364],[0.586135,48.426119],[0.582679,48.426428],[0.582755,48.428183],[0.581654,48.428786],[0.581237,48.429942],[0.581433,48.432974],[0.577893,48.43373],[0.575036,48.435119],[0.572582,48.43132],[0.571298,48.431769],[0.568907,48.432118],[0.566836,48.433175],[0.566579,48.435283],[0.567079,48.43656],[0.560194,48.438243],[0.559111,48.438177],[0.559175,48.437986],[0.558692,48.43787],[0.558876,48.437501],[0.558501,48.43701],[0.558785,48.436626],[0.558305,48.436792],[0.557998,48.436701],[0.558252,48.436456],[0.557627,48.435987],[0.557761,48.435673],[0.557374,48.43549],[0.55732,48.434938],[0.557516,48.434792],[0.557353,48.43434],[0.556433,48.434035],[0.556561,48.433487],[0.556325,48.433368],[0.556073,48.433554],[0.555791,48.433453],[0.555451,48.433566],[0.55522,48.433402],[0.554387,48.433883],[0.549738,48.434728],[0.548573,48.435205],[0.548018,48.435647],[0.547389,48.435528],[0.547399,48.434416],[0.546037,48.432732],[0.544661,48.43145],[0.544401,48.429198],[0.544209,48.42888],[0.541388,48.42641],[0.537651,48.426531],[0.536967,48.426758],[0.535889,48.425778],[0.534751,48.425049],[0.531951,48.424223],[0.527773,48.425641],[0.526266,48.425777],[0.525409,48.425568],[0.525484,48.424293],[0.52257,48.423586],[0.520706,48.423405],[0.520621,48.423771],[0.520051,48.424206],[0.520441,48.424635],[0.521538,48.425323],[0.521484,48.425942],[0.521303,48.426237],[0.520617,48.426644],[0.519403,48.42705],[0.520125,48.4281],[0.517211,48.431596],[0.515139,48.435124],[0.514173,48.434833],[0.513499,48.436191],[0.513876,48.437995],[0.51374,48.440318],[0.514401,48.44159],[0.515498,48.442491],[0.515635,48.443246],[0.512117,48.443613],[0.510498,48.441565],[0.510505,48.439674],[0.509937,48.439828],[0.509637,48.439249],[0.507657,48.438444],[0.507075,48.437386],[0.505946,48.436419],[0.501605,48.435033],[0.501578,48.435879],[0.497473,48.434142],[0.495232,48.433646],[0.490736,48.434555],[0.489328,48.434127],[0.488815,48.433769],[0.48647,48.43377],[0.484497,48.433476],[0.483275,48.433897],[0.481406,48.434095],[0.480602,48.434671],[0.47903,48.434865],[0.478429,48.435086],[0.476624,48.434129],[0.474597,48.433624],[0.473149,48.432813],[0.471802,48.43141],[0.472153,48.429142],[0.472604,48.428059],[0.471202,48.42802],[0.470464,48.427602],[0.468894,48.427332],[0.467622,48.427415],[0.467471,48.426242],[0.467788,48.425685],[0.468597,48.425002],[0.468202,48.424055],[0.467556,48.423861],[0.467696,48.42351],[0.464876,48.423279],[0.464583,48.423903],[0.46438,48.4239],[0.461356,48.421823],[0.460758,48.421877],[0.456628,48.423384],[0.455511,48.423335],[0.453303,48.424077],[0.45183,48.425115],[0.450741,48.425563],[0.447936,48.427536],[0.443602,48.427953],[0.44213,48.427933],[0.442225,48.427171],[0.440775,48.426954],[0.440583,48.426526],[0.442272,48.425868],[0.442542,48.425872],[0.443,48.426284],[0.443354,48.426208],[0.443559,48.425412],[0.445361,48.425479],[0.445567,48.424695],[0.444888,48.424247],[0.444375,48.423389],[0.442787,48.422063],[0.442069,48.421178],[0.441893,48.420388],[0.442436,48.420358],[0.442828,48.419404],[0.44259,48.419308],[0.44227,48.418745],[0.441251,48.418404],[0.441318,48.418043],[0.440384,48.417965],[0.439666,48.417067],[0.440494,48.416416],[0.440144,48.415736],[0.440685,48.41527],[0.441159,48.413604],[0.44025,48.412266],[0.440334,48.411134],[0.433631,48.410422],[0.432131,48.412555],[0.431245,48.414768],[0.430831,48.415286],[0.431613,48.415997],[0.429882,48.417181],[0.429299,48.417017],[0.428992,48.416158],[0.428794,48.416064],[0.426867,48.417022],[0.427126,48.417341],[0.426355,48.419121],[0.425352,48.418855],[0.42529,48.418467],[0.423393,48.418049],[0.421859,48.417887],[0.421281,48.418326],[0.420465,48.418589],[0.419944,48.417935],[0.417563,48.418391],[0.416396,48.418921],[0.415938,48.418626],[0.415429,48.418705],[0.414044,48.41912],[0.413694,48.419439],[0.413214,48.420569],[0.412351,48.42174],[0.40763,48.419938],[0.405713,48.420617],[0.404451,48.420674],[0.403399,48.421074],[0.402495,48.421778],[0.402196,48.422583],[0.400733,48.42381],[0.398365,48.423372],[0.396535,48.422541],[0.395909,48.422685],[0.396396,48.423117],[0.396461,48.423458],[0.396105,48.425543],[0.395887,48.425864],[0.395592,48.425398],[0.393993,48.426743],[0.392116,48.429087],[0.390044,48.428148],[0.389773,48.428378],[0.388557,48.427431],[0.38484,48.430847],[0.384525,48.43083],[0.384596,48.430441],[0.383704,48.430638],[0.383574,48.429967],[0.383497,48.430688],[0.380145,48.430965],[0.379245,48.430876],[0.378944,48.431105],[0.377151,48.430527],[0.375817,48.430393],[0.375667,48.431064],[0.374554,48.431373],[0.374444,48.43181],[0.37389,48.432245],[0.373538,48.432934],[0.373181,48.433052],[0.373715,48.433368],[0.373241,48.433593],[0.373322,48.433847],[0.372756,48.434002],[0.372669,48.434292],[0.372063,48.43425],[0.371073,48.434647],[0.371373,48.435299],[0.370989,48.43581],[0.371172,48.436437],[0.370585,48.437156],[0.369866,48.437407],[0.369547,48.437158],[0.368886,48.437585],[0.368805,48.437901],[0.367806,48.437735],[0.367481,48.438014],[0.367451,48.438313],[0.367837,48.438763],[0.367547,48.43952],[0.367925,48.439682],[0.367358,48.440053],[0.3683,48.440508],[0.367855,48.440906],[0.36756,48.440889],[0.367468,48.441018],[0.368285,48.4411],[0.368489,48.441513],[0.368114,48.442051],[0.367245,48.442205],[0.367321,48.44293],[0.366729,48.442727],[0.366119,48.44318],[0.366038,48.443359],[0.366361,48.443746],[0.366211,48.444017],[0.365344,48.444571],[0.365878,48.445016],[0.365508,48.445872],[0.364259,48.446232],[0.364081,48.446407],[0.365047,48.44751],[0.364849,48.447652],[0.364065,48.447732],[0.363985,48.447907],[0.364551,48.448303],[0.365514,48.448213],[0.365551,48.448438],[0.365383,48.449147],[0.3646,48.449508],[0.364495,48.449788],[0.363919,48.449929],[0.363866,48.450053],[0.364351,48.450123],[0.364061,48.450624],[0.363292,48.450336],[0.36288,48.450573],[0.363653,48.451658],[0.364067,48.451846],[0.363433,48.452004],[0.362224,48.452926],[0.361281,48.453036],[0.361238,48.453429],[0.360998,48.453523],[0.3603,48.453257],[0.360211,48.453729],[0.360062,48.453708],[0.359846,48.453211],[0.359499,48.453199],[0.359349,48.453915],[0.358383,48.454435],[0.35875,48.454885],[0.35852,48.455485],[0.358973,48.455686],[0.358902,48.455841],[0.357817,48.456318],[0.357647,48.456795],[0.357033,48.45669],[0.357149,48.45721],[0.356793,48.457834],[0.355689,48.458371],[0.355276,48.458089],[0.354743,48.458104],[0.354125,48.4586],[0.354332,48.459096],[0.35352,48.459198],[0.352644,48.459822],[0.352792,48.460059],[0.35309,48.459964],[0.353493,48.46064],[0.353346,48.460897],[0.353599,48.461069],[0.354148,48.461235],[0.355445,48.461256],[0.356016,48.461692],[0.357473,48.461945],[0.358572,48.461775],[0.360755,48.460863],[0.361002,48.460604],[0.359689,48.460046],[0.362062,48.457873],[0.361635,48.45728],[0.362258,48.456887],[0.363656,48.457053],[0.365094,48.457752],[0.367692,48.458556],[0.369417,48.458858],[0.370014,48.459177],[0.373082,48.45847],[0.373761,48.456593],[0.375182,48.455088],[0.376226,48.454295],[0.377037,48.453888],[0.379455,48.453368],[0.379845,48.453453],[0.38046,48.453271],[0.381577,48.453418],[0.382073,48.452689],[0.383315,48.453072],[0.382559,48.454259],[0.384977,48.454765],[0.38552,48.45497],[0.385383,48.455193],[0.386216,48.455764],[0.386969,48.455594],[0.387123,48.45582],[0.387332,48.45885],[0.387163,48.459746],[0.387415,48.461135],[0.387025,48.460979],[0.385698,48.462843],[0.384669,48.463168],[0.384139,48.464009],[0.38552,48.46472],[0.385878,48.465137],[0.38585,48.465486],[0.386932,48.465885],[0.386948,48.466982],[0.386482,48.467261],[0.38805,48.46823],[0.389724,48.468611],[0.391927,48.469453],[0.391823,48.469762],[0.39365,48.470814],[0.394492,48.471865],[0.395481,48.472012],[0.398766,48.47358],[0.399279,48.473434],[0.400438,48.473624],[0.40225,48.472987],[0.403801,48.472681],[0.405119,48.472066],[0.408388,48.471393],[0.408988,48.470781],[0.410018,48.47036],[0.409726,48.469364],[0.411202,48.467848],[0.414166,48.463803],[0.413455,48.463057],[0.41392,48.462628],[0.415153,48.462823],[0.418084,48.463819],[0.419934,48.46415],[0.419669,48.464684],[0.42024,48.465018],[0.420837,48.465128],[0.42146,48.465038],[0.422828,48.464269],[0.423427,48.464503],[0.425693,48.463955],[0.426951,48.463802],[0.42732,48.463995],[0.429074,48.463799],[0.430061,48.464664],[0.430305,48.46513],[0.431076,48.465513],[0.430911,48.465632],[0.432484,48.466457],[0.432185,48.467216],[0.432592,48.467804],[0.433714,48.46796],[0.433649,48.468709],[0.43438,48.469806],[0.437216,48.47022],[0.437091,48.470637],[0.438647,48.471224],[0.438144,48.472023],[0.43916,48.472508],[0.439155,48.472643],[0.438085,48.473755],[0.437929,48.474717],[0.436548,48.475997],[0.436002,48.476286],[0.436233,48.476763],[0.435887,48.477137],[0.435456,48.477083],[0.435163,48.477326],[0.433468,48.476902],[0.432145,48.476101],[0.431795,48.476471],[0.431836,48.476883],[0.431172,48.477524],[0.431113,48.478338],[0.430797,48.479038],[0.429028,48.48036],[0.426972,48.483382],[0.428884,48.483933],[0.428168,48.484686],[0.429105,48.48489],[0.430489,48.485564],[0.431361,48.486765],[0.431087,48.487052],[0.431693,48.487406],[0.429997,48.488522],[0.429977,48.488867],[0.429521,48.489475],[0.430408,48.490695],[0.430073,48.49087],[0.429557,48.490819],[0.428733,48.49106],[0.428848,48.491335],[0.42842,48.491604],[0.42843,48.491932],[0.427838,48.492164],[0.427916,48.492425],[0.427456,48.49279],[0.42702,48.492732],[0.426596,48.492943],[0.425953,48.494336],[0.42531,48.49431],[0.425041,48.494103],[0.424735,48.49418],[0.42478,48.494611],[0.424228,48.494746],[0.424417,48.495044],[0.432675,48.497224],[0.43459,48.49782],[0.434505,48.498049],[0.436879,48.498432],[0.440812,48.499405],[0.444911,48.50002],[0.44707,48.500695],[0.447204,48.500754],[0.44677,48.502013],[0.445943,48.502571],[0.445057,48.502817],[0.445334,48.503526],[0.444271,48.504719],[0.443609,48.506006],[0.445633,48.507283],[0.449901,48.508127],[0.454259,48.508782],[0.455366,48.509252],[0.456306,48.509448],[0.456875,48.509784],[0.458336,48.510144],[0.460428,48.511064],[0.46233,48.511258],[0.465212,48.512415],[0.466337,48.512716],[0.467999,48.512907],[0.468025,48.513696],[0.46735,48.513648],[0.466975,48.514631],[0.467169,48.515436],[0.465957,48.517295],[0.466991,48.520638],[0.465339,48.521024],[0.46474,48.52227],[0.465978,48.522434],[0.466419,48.522716],[0.467787,48.522863],[0.468252,48.523674],[0.468426,48.524547],[0.468975,48.52517],[0.469524,48.525109],[0.469342,48.526357],[0.469485,48.527013],[0.469196,48.527683],[0.468325,48.527876],[0.466711,48.527791],[0.464721,48.528129],[0.464606,48.527971],[0.462704,48.527642],[0.461129,48.526975],[0.460569,48.526982],[0.460162,48.526766],[0.459614,48.526853],[0.45847,48.52675],[0.457835,48.52619],[0.456919,48.526116],[0.456429,48.525676],[0.455565,48.526365],[0.454846,48.526631],[0.454204,48.526573],[0.45344,48.526251],[0.453201,48.526445],[0.453391,48.526595],[0.453336,48.526974],[0.452748,48.527728],[0.452186,48.529767],[0.452693,48.530034],[0.452912,48.530465],[0.452426,48.530919],[0.453314,48.531333],[0.451257,48.533788],[0.45616,48.536324],[0.455283,48.537197],[0.451699,48.536064],[0.450969,48.535632],[0.450594,48.535799],[0.449404,48.539876],[0.447976,48.539894],[0.44758,48.539559],[0.444533,48.539606],[0.443881,48.540897],[0.44444,48.541019],[0.443815,48.542607],[0.442642,48.543925],[0.441984,48.546085],[0.441104,48.547333],[0.440289,48.547532],[0.439935,48.547405],[0.4395,48.547785],[0.439085,48.548645],[0.438075,48.548396],[0.438041,48.548738],[0.43648,48.548523],[0.435435,48.548222],[0.433606,48.548036],[0.433095,48.547859],[0.433067,48.547691],[0.432292,48.547855],[0.432389,48.548367],[0.43159,48.548348],[0.431323,48.548701],[0.430806,48.548618],[0.430507,48.549121],[0.430239,48.548891],[0.429667,48.549076],[0.429001,48.548984],[0.428777,48.549428],[0.429046,48.549845],[0.428625,48.550261],[0.428102,48.550424],[0.427977,48.55083],[0.42753,48.551017],[0.427847,48.551385],[0.427725,48.551587],[0.426746,48.552457],[0.426087,48.552333],[0.425488,48.552887],[0.425019,48.552984],[0.424752,48.553656],[0.424286,48.553972],[0.423699,48.554188],[0.423125,48.554014],[0.423233,48.554433],[0.423018,48.55492],[0.422485,48.55491],[0.422634,48.555299],[0.422425,48.555678],[0.423129,48.555986],[0.42323,48.556996],[0.42424,48.557303],[0.425083,48.557364],[0.425993,48.557758],[0.42613,48.558078],[0.425792,48.55844],[0.426369,48.558792],[0.426407,48.559125],[0.426397,48.559402],[0.426172,48.559547],[0.425483,48.559377],[0.423584,48.563238],[0.423742,48.563713],[0.423484,48.564414],[0.423759,48.564578],[0.423978,48.565205],[0.423483,48.565555],[0.423015,48.56531],[0.42231,48.566298],[0.421726,48.566069],[0.421413,48.566539],[0.420759,48.566016],[0.42025,48.56637],[0.418742,48.566703],[0.418929,48.567169],[0.419598,48.567238],[0.419489,48.567662],[0.41984,48.567922],[0.419827,48.568639],[0.419457,48.569161],[0.419429,48.56965],[0.42018,48.570458],[0.419635,48.571685],[0.418972,48.571916],[0.419084,48.572223],[0.418543,48.572582],[0.418482,48.573023],[0.41864,48.573131],[0.418992,48.572958],[0.419339,48.573378],[0.420168,48.573292],[0.420144,48.573563],[0.420536,48.573975],[0.42111,48.574191],[0.420986,48.57535],[0.421247,48.57547],[0.421803,48.575143],[0.42239,48.575779],[0.421819,48.576298],[0.42115,48.576394],[0.421239,48.576818],[0.420832,48.577008],[0.420615,48.577458],[0.420916,48.578568],[0.420369,48.579509],[0.419451,48.579724],[0.419399,48.58052],[0.419119,48.580785],[0.418743,48.581814],[0.418893,48.582423],[0.419464,48.58248],[0.41942,48.582935],[0.419982,48.58293],[0.420081,48.583116],[0.419642,48.583447],[0.419679,48.583709],[0.420534,48.583712],[0.421218,48.584224],[0.421905,48.584235],[0.421849,48.584932],[0.422668,48.585129],[0.422722,48.585294],[0.42244,48.585485],[0.422645,48.586145],[0.423661,48.586399],[0.423721,48.586688],[0.422931,48.586812],[0.422957,48.587465],[0.422096,48.587716],[0.422023,48.588396],[0.427796,48.589567],[0.431224,48.590442],[0.43245,48.59066],[0.432949,48.590524],[0.434243,48.591444],[0.433914,48.591963],[0.43482,48.592116],[0.435344,48.593259],[0.437463,48.593318],[0.439245,48.594756],[0.439913,48.595047],[0.439847,48.595241],[0.442464,48.596205],[0.444427,48.596608],[0.445295,48.595339],[0.44617,48.595391],[0.44666,48.594801],[0.449525,48.595868],[0.450255,48.595486],[0.450682,48.595629],[0.451575,48.595541],[0.451667,48.596756],[0.452641,48.597034],[0.455486,48.596985],[0.455507,48.596169],[0.459553,48.595992],[0.462106,48.596553],[0.463576,48.597224],[0.465057,48.59748],[0.466818,48.597543],[0.468826,48.59704],[0.469386,48.597312],[0.471083,48.59748],[0.472286,48.597839],[0.475417,48.597896],[0.474609,48.595807],[0.474993,48.595737],[0.47337,48.594395],[0.473594,48.59417],[0.474857,48.593832],[0.474493,48.593351],[0.47456,48.593107],[0.477194,48.592299],[0.478782,48.591223],[0.478711,48.590548],[0.479452,48.590484],[0.481249,48.588873],[0.481724,48.588897],[0.483332,48.58829],[0.483806,48.587452],[0.482679,48.586833],[0.482345,48.586793],[0.48298,48.585984],[0.48286,48.585315],[0.483451,48.585147],[0.482819,48.582709],[0.482525,48.580132],[0.482013,48.579269],[0.482634,48.578965],[0.481535,48.577509],[0.483128,48.576562],[0.485759,48.57563],[0.486019,48.575241],[0.486961,48.574549],[0.490428,48.575812],[0.491269,48.577479],[0.492521,48.577194],[0.492791,48.577243],[0.493109,48.577833],[0.4962,48.578184],[0.495899,48.578492],[0.495692,48.579492],[0.498182,48.579643],[0.498616,48.579223],[0.499826,48.579505],[0.500014,48.579936],[0.499973,48.581087],[0.502037,48.58311],[0.501229,48.584057],[0.502425,48.584585],[0.501695,48.584938],[0.503943,48.585896],[0.506218,48.587173],[0.505291,48.58798],[0.507776,48.589242],[0.507142,48.590811],[0.507871,48.590747],[0.50806,48.591373],[0.508618,48.592007],[0.511033,48.59382],[0.511609,48.594735],[0.512074,48.596746],[0.513768,48.597252],[0.514763,48.59838],[0.515653,48.599038],[0.516596,48.599148],[0.518887,48.600234],[0.520428,48.601379],[0.520919,48.602082],[0.522026,48.602041],[0.524614,48.602335],[0.526734,48.602251],[0.528113,48.602516],[0.53018,48.602352],[0.530348,48.602686],[0.532416,48.602617],[0.533821,48.602408],[0.532992,48.600013],[0.53511,48.598984],[0.535755,48.598939],[0.536168,48.599126],[0.536905,48.598553],[0.537156,48.598744],[0.537316,48.60006],[0.536941,48.601241],[0.537058,48.601596],[0.53818,48.601395],[0.540357,48.60144],[0.542162,48.601101],[0.54248,48.601282],[0.543376,48.6013],[0.543666,48.60362],[0.544626,48.603778],[0.54476,48.604357],[0.544177,48.604281],[0.544136,48.604501],[0.543315,48.60448],[0.543515,48.605123],[0.544596,48.607478],[0.545938,48.609391],[0.545477,48.610737],[0.545514,48.611637],[0.545882,48.612794],[0.547695,48.612788],[0.547532,48.613745],[0.547726,48.614367],[0.548282,48.614112],[0.549393,48.615157],[0.549868,48.615953],[0.550456,48.616514],[0.550984,48.61675],[0.552903,48.616567],[0.553433,48.61671],[0.555983,48.616367],[0.555296,48.618046],[0.554868,48.617962],[0.554551,48.618179],[0.554489,48.618594],[0.554949,48.619251],[0.556344,48.61908],[0.557128,48.61882],[0.557845,48.623385],[0.558442,48.624286],[0.561521,48.627508],[0.562333,48.627735],[0.565788,48.62785],[0.56851,48.62875],[0.570323,48.628935],[0.571957,48.629314],[0.572986,48.629106],[0.574274,48.628619],[0.575214,48.628529],[0.57589,48.628667],[0.576812,48.629248],[0.577337,48.629256],[0.579292,48.628217],[0.582022,48.62948],[0.584702,48.630182],[0.585146,48.630225],[0.585963,48.62999],[0.587866,48.630321],[0.588728,48.630211],[0.589032,48.629971],[0.58916,48.629482],[0.589585,48.629867],[0.599808,48.634998],[0.613242,48.627771],[0.623481,48.613902],[0.629844,48.609341],[0.630101,48.588365],[0.629628,48.582065],[0.631392,48.581552],[0.641292,48.573517],[0.618066,48.567022],[0.618199,48.564446],[0.624567,48.565303],[0.628442,48.564883],[0.628791,48.565111],[0.630351,48.565214],[0.631473,48.565206],[0.632515,48.564966],[0.634625,48.565171],[0.635063,48.564976],[0.637578,48.564628],[0.638452,48.564732],[0.638648,48.564636],[0.638778,48.564004],[0.640091,48.563327],[0.641133,48.563016],[0.641907,48.562503],[0.644682,48.562481],[0.646071,48.562043],[0.646467,48.561135],[0.646865,48.561163],[0.647251,48.559347],[0.650144,48.559992],[0.650458,48.559679],[0.648908,48.558324],[0.650944,48.556825],[0.651971,48.557528],[0.652959,48.557105],[0.656162,48.556522],[0.658795,48.554626],[0.662323,48.552751],[0.668159,48.554234],[0.668154,48.553471],[0.66842,48.55298],[0.670142,48.551838],[0.670662,48.551847],[0.671418,48.551613],[0.67801,48.551623],[0.678221,48.551791],[0.679295,48.551843],[0.680354,48.55238],[0.680927,48.552321],[0.681386,48.552086],[0.681734,48.551542],[0.683608,48.550489],[0.688395,48.549209],[0.688804,48.548921],[0.689171,48.548967],[0.689524,48.549273],[0.691234,48.548796],[0.691031,48.548643],[0.69124,48.548293],[0.691078,48.548043],[0.691183,48.547712],[0.690547,48.547222],[0.690486,48.546251],[0.690184,48.545999],[0.690647,48.544077],[0.691821,48.541989],[0.688338,48.5423],[0.688107,48.54182],[0.687189,48.541682],[0.687364,48.540323],[0.687032,48.539846],[0.69301,48.534389],[0.692939,48.533755],[0.692125,48.532875],[0.691661,48.531916],[0.692981,48.530827],[0.693509,48.530091],[0.692478,48.528008],[0.691982,48.527627],[0.691899,48.526676],[0.691568,48.526457],[0.690471,48.526644],[0.689703,48.525487],[0.689754,48.524055],[0.689572,48.523975],[0.688708,48.523825],[0.684601,48.523815],[0.680259,48.523132],[0.676767,48.522395]]]}},{"type":"Feature","properties":{"uai_primary":"0610036H","uai_all":"0610036H","is_merged":false},"geometry":{"type":"Polygon","coordinates":[[[0.526075,48.719037],[0.52706,48.718052],[0.529143,48.717735],[0.531467,48.71979],[0.53431,48.721229],[0.534734,48.722966],[0.536792,48.725594],[0.537823,48.728479],[0.538527,48.729576],[0.539489,48.728886],[0.54133,48.728046],[0.542802,48.727547],[0.544771,48.727355],[0.546274,48.726833],[0.547909,48.725659],[0.548652,48.724479],[0.549503,48.723962],[0.551376,48.723181],[0.552084,48.722539],[0.552087,48.721863],[0.551752,48.721367],[0.551999,48.720538],[0.55199,48.719467],[0.551565,48.718215],[0.55008,48.716507],[0.549556,48.716338],[0.546715,48.714569],[0.549214,48.712843],[0.551889,48.710129],[0.552835,48.709557],[0.555693,48.708378],[0.556052,48.707955],[0.555997,48.707524],[0.555477,48.706913],[0.552683,48.704141],[0.561559,48.704037],[0.564361,48.703729],[0.566409,48.70332],[0.56722,48.703357],[0.567666,48.703126],[0.571581,48.702141],[0.572288,48.701808],[0.574222,48.702643],[0.575449,48.702317],[0.575423,48.70193],[0.575989,48.702015],[0.576251,48.701551],[0.577496,48.701789],[0.579196,48.701679],[0.579118,48.701279],[0.580504,48.700975],[0.580322,48.700537],[0.587073,48.699264],[0.588309,48.698877],[0.58973,48.69795],[0.591485,48.697272],[0.594535,48.696739],[0.595072,48.696322],[0.596151,48.696134],[0.596339,48.696281],[0.600317,48.694146],[0.60053,48.694199],[0.602189,48.692854],[0.602433,48.692744],[0.603135,48.692972],[0.606025,48.691606],[0.606808,48.692313],[0.607418,48.692448],[0.608076,48.692371],[0.60884,48.692635],[0.609685,48.693227],[0.611203,48.693702],[0.611426,48.694148],[0.612378,48.694897],[0.613425,48.694966],[0.613624,48.695337],[0.61426,48.695283],[0.614536,48.695745],[0.615627,48.696222],[0.616,48.696648],[0.617042,48.696667],[0.617072,48.69728],[0.617997,48.697546],[0.618463,48.697848],[0.620649,48.698292],[0.621766,48.698021],[0.622425,48.698113],[0.62397,48.699181],[0.62481,48.699435],[0.625283,48.699931],[0.627015,48.700204],[0.627486,48.700389],[0.627675,48.700748],[0.628605,48.700593],[0.628793,48.700933],[0.629503,48.700674],[0.63067,48.700866],[0.631348,48.701232],[0.63181,48.700879],[0.632062,48.700873],[0.633196,48.701192],[0.63406,48.701871],[0.634377,48.701858],[0.634949,48.70135],[0.635912,48.70246],[0.638363,48.702797],[0.637261,48.701157],[0.637139,48.697656],[0.638552,48.695489],[0.63967,48.694741],[0.640007,48.694203],[0.640584,48.687294],[0.64019,48.686095],[0.638914,48.684739],[0.63898,48.683513],[0.638552,48.682555],[0.638652,48.681566],[0.639271,48.680362],[0.639447,48.678825],[0.639115,48.677126],[0.63838,48.675901],[0.637398,48.674917],[0.637126,48.674245],[0.636307,48.673558],[0.636038,48.673078],[0.636008,48.672188],[0.638138,48.669366],[0.637184,48.66717],[0.635528,48.66117],[0.63997,48.660293],[0.639717,48.659992],[0.640881,48.659469],[0.642183,48.658583],[0.642595,48.657987],[0.644393,48.657508],[0.644357,48.656384],[0.644593,48.656128],[0.64677,48.656129],[0.648779,48.656974],[0.649269,48.657346],[0.649083,48.653693],[0.649312,48.649973],[0.650319,48.649511],[0.651772,48.649586],[0.651868,48.649456],[0.649084,48.648459],[0.646404,48.647812],[0.640762,48.648214],[0.634763,48.647425],[0.634195,48.646306],[0.634232,48.643944],[0.631496,48.644701],[0.622678,48.646185],[0.620436,48.646817],[0.618652,48.646918],[0.616341,48.647538],[0.613714,48.64752],[0.61123,48.647769],[0.609448,48.648127],[0.608475,48.6474],[0.610783,48.640487],[0.589585,48.629867],[0.58916,48.629482],[0.589032,48.629971],[0.588728,48.630211],[0.587866,48.630321],[0.585963,48.62999],[0.585146,48.630225],[0.584702,48.630182],[0.582022,48.62948],[0.579292,48.628217],[0.577337,48.629256],[0.576812,48.629248],[0.57589,48.628667],[0.575214,48.628529],[0.574274,48.628619],[0.572986,48.629106],[0.571957,48.629314],[0.570323,48.628935],[0.56851,48.62875],[0.565788,48.62785],[0.562333,48.627735],[0.561521,48.627508],[0.558442,48.624286],[0.557845,48.623385],[0.557128,48.61882],[0.556344,48.61908],[0.554949,48.619251],[0.554489,48.618594],[0.554551,48.618179],[0.554868,48.617962],[0.555296,48.618046],[0.555983,48.616367],[0.553433,48.61671],[0.552903,48.616567],[0.550984,48.61675],[0.550456,48.616514],[0.549868,48.615953],[0.549393,48.615157],[0.548282,48.614112],[0.547726,48.614367],[0.547532,48.613745],[0.547695,48.612788],[0.545882,48.612794],[0.545514,48.611637],[0.545477,48.610737],[0.545938,48.609391],[0.544596,48.607478],[0.543515,48.605123],[0.543315,48.60448],[0.544136,48.604501],[0.544177,48.604281],[0.54476,48.604357],[0.544626,48.603778],[0.543666,48.60362],[0.543376,48.6013],[0.54248,48.601282],[0.542162,48.601101],[0.540357,48.60144],[0.53818,48.601395],[0.537058,48.601596],[0.536941,48.601241],[0.537316,48.60006],[0.537156,48.598744],[0.536905,48.598553],[0.536168,48.599126],[0.535755,48.598939],[0.53511,48.598984],[0.532992,48.600013],[0.533821,48.602408],[0.532416,48.602617],[0.530348,48.602686],[0.53018,48.602352],[0.528113,48.602516],[0.526734,48.602251],[0.524614,48.602335],[0.522026,48.602041],[0.520919,48.602082],[0.520428,48.601379],[0.518887,48.600234],[0.516596,48.599148],[0.515653,48.599038],[0.514763,48.59838],[0.513768,48.597252],[0.512074,48.596746],[0.511609,48.594735],[0.511033,48.59382],[0.508618,48.592007],[0.50806,48.591373],[0.507871,48.590747],[0.507142,48.590811],[0.507776,48.589242],[0.505291,48.58798],[0.506218,48.587173],[0.503943,48.585896],[0.501695,48.584938],[0.502425,48.584585],[0.501229,48.584057],[0.502037,48.58311],[0.499973,48.581087],[0.500014,48.579936],[0.499826,48.579505],[0.498616,48.579223],[0.498182,48.579643],[0.495692,48.579492],[0.495899,48.578492],[0.4962,48.578184],[0.493109,48.577833],[0.492791,48.577243],[0.492521,48.577194],[0.491269,48.577479],[0.490428,48.575812],[0.486961,48.574549],[0.486019,48.575241],[0.485759,48.57563],[0.483128,48.576562],[0.481535,48.577509],[0.482634,48.578965],[0.482013,48.579269],[0.482525,48.580132],[0.482819,48.582709],[0.483451,48.585147],[0.48286,48.585315],[0.48298,48.585984],[0.482345,48.586793],[0.482679,48.586833],[0.483806,48.587452],[0.483332,48.58829],[0.481724,48.588897],[0.481249,48.588873],[0.479452,48.590484],[0.478711,48.590548],[0.478782,48.591223],[0.477194,48.592299],[0.47456,48.593107],[0.474493,48.593351],[0.474857,48.593832],[0.473594,48.59417],[0.47337,48.594395],[0.474993,48.595737],[0.474609,48.595807],[0.475417,48.597896],[0.472286,48.597839],[0.471083,48.59748],[0.469386,48.597312],[0.468826,48.59704],[0.466818,48.597543],[0.465057,48.59748],[0.463576,48.597224],[0.462106,48.596553],[0.459553,48.595992],[0.455507,48.596169],[0.455486,48.596985],[0.452641,48.597034],[0.451667,48.596756],[0.451575,48.595541],[0.450682,48.595629],[0.450255,48.595486],[0.449525,48.595868],[0.44666,48.594801],[0.44617,48.595391],[0.445295,48.595339],[0.444427,48.596608],[0.442464,48.596205],[0.439847,48.595241],[0.439913,48.595047],[0.439245,48.594756],[0.437463,48.593318],[0.435344,48.593259],[0.43482,48.592116],[0.433914,48.591963],[0.434243,48.591444],[0.432949,48.590524],[0.43245,48.59066],[0.431224,48.590442],[0.427796,48.589567],[0.422023,48.588396],[0.422047,48.588661],[0.421742,48.588675],[0.421618,48.589788],[0.421061,48.58986],[0.420267,48.590824],[0.420829,48.591502],[0.420809,48.591672],[0.420272,48.591854],[0.420244,48.592622],[0.420606,48.592963],[0.421124,48.594135],[0.420804,48.595423],[0.4209,48.596551],[0.421325,48.597368],[0.421176,48.598041],[0.420803,48.598296],[0.420812,48.598686],[0.42116,48.599143],[0.420919,48.599932],[0.421007,48.60065],[0.420747,48.600837],[0.421016,48.60154],[0.422941,48.602405],[0.424284,48.603555],[0.424603,48.603582],[0.423187,48.60469],[0.422764,48.604451],[0.420908,48.605163],[0.42177,48.605966],[0.421187,48.606828],[0.420633,48.607243],[0.420823,48.607551],[0.420503,48.608065],[0.420073,48.608142],[0.420063,48.608375],[0.419287,48.609116],[0.419635,48.609813],[0.419495,48.610705],[0.41902,48.611624],[0.419272,48.611702],[0.419428,48.612063],[0.419038,48.61251],[0.419048,48.613163],[0.418521,48.613672],[0.417978,48.614642],[0.418457,48.615524],[0.417547,48.616361],[0.416973,48.616664],[0.416897,48.616966],[0.410945,48.614904],[0.411168,48.614645],[0.410922,48.61453],[0.410712,48.614732],[0.409353,48.614088],[0.409168,48.612936],[0.405931,48.611783],[0.405334,48.611278],[0.403983,48.61064],[0.396546,48.61023],[0.396389,48.610393],[0.395968,48.610182],[0.395699,48.610272],[0.39575,48.610611],[0.395445,48.610702],[0.39406,48.610199],[0.393322,48.610304],[0.392952,48.610399],[0.392276,48.610954],[0.390722,48.611203],[0.389132,48.611827],[0.388084,48.611976],[0.385779,48.611911],[0.385201,48.612352],[0.385043,48.612774],[0.382991,48.612832],[0.382918,48.613519],[0.381779,48.613696],[0.379824,48.613646],[0.374434,48.614754],[0.371514,48.61698],[0.372473,48.618701],[0.372978,48.619235],[0.373482,48.620398],[0.374479,48.620855],[0.374942,48.621466],[0.374692,48.623409],[0.374841,48.623921],[0.376692,48.623441],[0.378235,48.625128],[0.377716,48.62562],[0.377849,48.625894],[0.379309,48.626384],[0.380863,48.626605],[0.380954,48.627751],[0.380572,48.628204],[0.379929,48.628604],[0.37945,48.628701],[0.378517,48.628411],[0.378237,48.628888],[0.379764,48.629185],[0.381338,48.629186],[0.381717,48.62894],[0.38307,48.628958],[0.383038,48.630571],[0.383813,48.632061],[0.383745,48.632289],[0.382386,48.632317],[0.381476,48.632721],[0.380861,48.633723],[0.380736,48.634316],[0.381623,48.635705],[0.384632,48.63776],[0.384805,48.63823],[0.384714,48.638756],[0.384181,48.639621],[0.383626,48.640087],[0.382501,48.64054],[0.381705,48.641307],[0.380729,48.643951],[0.378621,48.64407],[0.378354,48.645135],[0.373722,48.644534],[0.371502,48.644546],[0.371371,48.643593],[0.36869,48.644168],[0.367448,48.64295],[0.367496,48.641339],[0.365128,48.641189],[0.36354,48.642461],[0.35531,48.641999],[0.35095,48.64231],[0.349126,48.642907],[0.348371,48.64331],[0.347942,48.643696],[0.348209,48.644067],[0.347707,48.644512],[0.345826,48.645228],[0.34596,48.648243],[0.346183,48.648615],[0.346757,48.648878],[0.346585,48.648963],[0.346891,48.649425],[0.346362,48.6513],[0.346506,48.651645],[0.347169,48.652142],[0.347772,48.653248],[0.348249,48.653647],[0.348591,48.654453],[0.348906,48.654638],[0.348831,48.655301],[0.348196,48.656354],[0.348282,48.656798],[0.349003,48.657463],[0.349264,48.658628],[0.34905,48.659342],[0.348507,48.659477],[0.347927,48.659352],[0.346941,48.660521],[0.346778,48.661324],[0.345678,48.661338],[0.344506,48.663611],[0.346062,48.664853],[0.346979,48.665067],[0.34704,48.665836],[0.347319,48.666002],[0.347413,48.665758],[0.349559,48.665822],[0.350071,48.665377],[0.352126,48.669902],[0.353031,48.671045],[0.353131,48.67168],[0.351049,48.672414],[0.35029,48.672342],[0.349143,48.673663],[0.34876,48.674481],[0.347665,48.674687],[0.347828,48.675917],[0.346931,48.675943],[0.346305,48.676185],[0.346458,48.677032],[0.343953,48.677198],[0.342198,48.677749],[0.342382,48.679274],[0.343832,48.679606],[0.343762,48.679893],[0.344057,48.679932],[0.344308,48.680275],[0.345208,48.680366],[0.345618,48.680637],[0.345427,48.681005],[0.352764,48.681256],[0.35427,48.680849],[0.354413,48.681786],[0.356164,48.681823],[0.356503,48.682305],[0.36075,48.686042],[0.362079,48.685615],[0.363356,48.685602],[0.365197,48.685217],[0.364857,48.68662],[0.365064,48.687752],[0.36454,48.687621],[0.364789,48.688209],[0.365319,48.688577],[0.364732,48.689377],[0.363964,48.689949],[0.362171,48.690638],[0.361159,48.691843],[0.360722,48.692793],[0.360145,48.692372],[0.360352,48.692046],[0.359947,48.691994],[0.359341,48.692793],[0.357459,48.692438],[0.356543,48.693492],[0.356383,48.693973],[0.35598,48.693873],[0.354338,48.696262],[0.353654,48.698112],[0.352862,48.698888],[0.352542,48.698839],[0.351576,48.700821],[0.350682,48.700831],[0.352328,48.70369],[0.355658,48.707153],[0.358664,48.706531],[0.359357,48.706039],[0.360633,48.705758],[0.364886,48.706422],[0.36726,48.706544],[0.368552,48.706945],[0.369525,48.706814],[0.370616,48.70758],[0.371486,48.707305],[0.374727,48.70747],[0.375099,48.707784],[0.376731,48.708396],[0.378823,48.707926],[0.378949,48.709187],[0.379523,48.709204],[0.379821,48.70944],[0.380477,48.709547],[0.381237,48.709403],[0.381272,48.709255],[0.381793,48.709282],[0.381807,48.708921],[0.382038,48.708836],[0.383009,48.709023],[0.383507,48.708886],[0.383875,48.709131],[0.384559,48.709086],[0.384138,48.709562],[0.386023,48.709392],[0.387281,48.710145],[0.38768,48.70991],[0.389023,48.709868],[0.389357,48.710021],[0.389263,48.710736],[0.390302,48.710616],[0.39046,48.710838],[0.390946,48.710802],[0.391283,48.710562],[0.391407,48.710662],[0.391074,48.711189],[0.391146,48.7115],[0.391683,48.711617],[0.392252,48.71155],[0.392623,48.711907],[0.393266,48.712131],[0.394248,48.711827],[0.395935,48.71218],[0.396432,48.712142],[0.396642,48.711912],[0.397042,48.712451],[0.397859,48.712758],[0.398312,48.71263],[0.398696,48.71277],[0.398867,48.712395],[0.399317,48.712702],[0.40033,48.712569],[0.400917,48.712863],[0.401591,48.712636],[0.401725,48.712881],[0.402906,48.713114],[0.403018,48.713586],[0.404239,48.713512],[0.404713,48.713863],[0.405474,48.713708],[0.405642,48.713303],[0.406316,48.713257],[0.406187,48.713778],[0.406884,48.714004],[0.407548,48.713936],[0.408822,48.714642],[0.409364,48.714484],[0.409789,48.714642],[0.410544,48.714658],[0.410744,48.714386],[0.410575,48.714163],[0.411044,48.714055],[0.411348,48.714357],[0.411833,48.714386],[0.411749,48.714684],[0.411976,48.71473],[0.411972,48.714925],[0.41278,48.714889],[0.41358,48.71542],[0.413752,48.715361],[0.413651,48.715104],[0.414584,48.714692],[0.414836,48.715143],[0.414615,48.715458],[0.414895,48.715635],[0.415735,48.715588],[0.416013,48.715794],[0.416854,48.715867],[0.417244,48.716156],[0.417781,48.716018],[0.418038,48.716527],[0.418231,48.71618],[0.418434,48.716174],[0.418778,48.716751],[0.41911,48.716936],[0.419146,48.717378],[0.420805,48.717625],[0.422937,48.718323],[0.425109,48.718515],[0.426478,48.718001],[0.42894,48.718174],[0.430834,48.717895],[0.431851,48.718371],[0.431604,48.718666],[0.432191,48.719086],[0.432036,48.719499],[0.432447,48.71952],[0.432819,48.720114],[0.433116,48.720161],[0.43399,48.720031],[0.434336,48.719606],[0.434305,48.71927],[0.434721,48.719121],[0.436524,48.719117],[0.43748,48.71941],[0.438513,48.719434],[0.438779,48.719638],[0.438742,48.720062],[0.440517,48.719947],[0.440888,48.720306],[0.443327,48.721306],[0.443987,48.721345],[0.444876,48.722087],[0.445157,48.722006],[0.44585,48.722267],[0.446113,48.722128],[0.446573,48.722473],[0.447215,48.722528],[0.447835,48.72284],[0.450201,48.723189],[0.451088,48.722874],[0.451697,48.723052],[0.453876,48.723963],[0.454462,48.724505],[0.454415,48.724876],[0.455088,48.72523],[0.456302,48.725486],[0.457929,48.725521],[0.45817,48.725893],[0.458806,48.725878],[0.459254,48.726241],[0.460423,48.726221],[0.461031,48.726676],[0.461336,48.726465],[0.461674,48.726489],[0.462994,48.727167],[0.463572,48.727262],[0.464528,48.727831],[0.464428,48.728282],[0.464709,48.728512],[0.465363,48.728124],[0.465855,48.728247],[0.466716,48.729175],[0.467475,48.728796],[0.468148,48.728822],[0.468645,48.72853],[0.469795,48.728442],[0.470677,48.728713],[0.470984,48.72866],[0.471284,48.729038],[0.47162,48.728928],[0.472237,48.729464],[0.473174,48.729811],[0.473698,48.729878],[0.47425,48.729671],[0.474795,48.730348],[0.475549,48.730391],[0.476446,48.730726],[0.476131,48.730032],[0.476615,48.729818],[0.479188,48.730058],[0.479375,48.730551],[0.480662,48.730636],[0.481475,48.731406],[0.481965,48.731482],[0.482625,48.73106],[0.482739,48.731457],[0.483404,48.731863],[0.483911,48.731924],[0.484285,48.732171],[0.485085,48.732208],[0.486182,48.733053],[0.487059,48.732853],[0.487277,48.733198],[0.487716,48.73343],[0.488795,48.733346],[0.489605,48.733527],[0.490304,48.733055],[0.490976,48.732879],[0.491974,48.732866],[0.492575,48.733107],[0.492873,48.732953],[0.494805,48.733003],[0.494987,48.733305],[0.495514,48.733384],[0.495786,48.733627],[0.495917,48.734335],[0.496279,48.73458],[0.496968,48.734662],[0.497384,48.734494],[0.49774,48.734587],[0.498501,48.734424],[0.499646,48.735045],[0.500115,48.734853],[0.502156,48.73475],[0.502918,48.734944],[0.503317,48.734888],[0.503661,48.734583],[0.503645,48.733971],[0.503997,48.733785],[0.50532,48.733678],[0.506031,48.733855],[0.506673,48.733468],[0.508256,48.734359],[0.508914,48.734997],[0.509495,48.734846],[0.509993,48.73432],[0.510654,48.734419],[0.510878,48.734864],[0.511431,48.734957],[0.512321,48.734694],[0.512749,48.734837],[0.512878,48.734399],[0.513622,48.734193],[0.514005,48.734514],[0.514604,48.73422],[0.514761,48.734591],[0.516083,48.735223],[0.516587,48.73523],[0.516914,48.735395],[0.51681,48.735579],[0.517144,48.735939],[0.517619,48.735846],[0.518276,48.735457],[0.519582,48.736229],[0.520359,48.735875],[0.521167,48.736444],[0.522245,48.736618],[0.523244,48.737236],[0.523091,48.737906],[0.523611,48.738162],[0.524467,48.737925],[0.524875,48.738039],[0.525174,48.737673],[0.5256,48.737833],[0.526157,48.737688],[0.526313,48.737445],[0.526842,48.736489],[0.526713,48.735536],[0.52717,48.734941],[0.526727,48.734804],[0.526447,48.734321],[0.52719,48.733947],[0.526939,48.733117],[0.52737,48.732696],[0.526882,48.732081],[0.527481,48.731729],[0.527654,48.731405],[0.527645,48.731152],[0.527301,48.731057],[0.527177,48.730681],[0.527477,48.730121],[0.527123,48.730065],[0.526768,48.729048],[0.526296,48.728456],[0.526523,48.728296],[0.526108,48.728005],[0.525896,48.727518],[0.526099,48.727305],[0.525481,48.726769],[0.525523,48.726554],[0.525975,48.72626],[0.525655,48.725686],[0.525697,48.725334],[0.524913,48.725338],[0.524737,48.724976],[0.525116,48.724625],[0.524576,48.724173],[0.524828,48.72364],[0.524873,48.722747],[0.524541,48.722532],[0.525243,48.721858],[0.525198,48.721699],[0.524827,48.721641],[0.524901,48.720999],[0.525439,48.720628],[0.525711,48.720179],[0.526075,48.719037]]]}},{"type":"Feature","properties":{"uai_primary":"0610037J","uai_all":"0610037J","is_merged":false},"geometry":{"type":"Polygon","coordinates":[[[-0.329666,48.83575],[-0.329823,48.836152],[-0.330611,48.836898],[-0.330344,48.837553],[-0.329787,48.838054],[-0.329938,48.838293],[-0.329028,48.838436],[-0.328681,48.838771],[-0.327352,48.839095],[-0.327371,48.839504],[-0.326541,48.839983],[-0.326772,48.840542],[-0.326948,48.840777],[-0.328003,48.840239],[-0.328284,48.840413],[-0.328356,48.84086],[-0.3281,48.841199],[-0.328814,48.8415],[-0.329449,48.84138],[-0.329369,48.841784],[-0.3297,48.842022],[-0.330739,48.841891],[-0.330652,48.842208],[-0.331003,48.842464],[-0.332257,48.842895],[-0.33205,48.843196],[-0.332528,48.843635],[-0.333441,48.843787],[-0.333508,48.843495],[-0.333709,48.843448],[-0.334761,48.8439],[-0.335697,48.845016],[-0.335763,48.84608],[-0.335526,48.84626],[-0.335521,48.846567],[-0.335062,48.846578],[-0.334912,48.84674],[-0.334739,48.847404],[-0.333424,48.849265],[-0.332707,48.84959],[-0.332099,48.850186],[-0.33167,48.851134],[-0.331559,48.852067],[-0.330917,48.852612],[-0.330795,48.853101],[-0.329883,48.853783],[-0.329789,48.854059],[-0.32922,48.854266],[-0.330262,48.855401],[-0.330418,48.856146],[-0.329868,48.856573],[-0.329125,48.856584],[-0.328551,48.857302],[-0.328603,48.857741],[-0.32729,48.857431],[-0.323927,48.857322],[-0.321304,48.858114],[-0.319801,48.857944],[-0.314841,48.85805],[-0.313206,48.857712],[-0.31314,48.858115],[-0.309788,48.857857],[-0.307935,48.858322],[-0.306043,48.858439],[-0.305651,48.85835],[-0.305723,48.858151],[-0.305107,48.857623],[-0.304286,48.8573],[-0.30367,48.857286],[-0.303536,48.856789],[-0.304243,48.856219],[-0.303706,48.854973],[-0.302556,48.854305],[-0.301385,48.853337],[-0.301341,48.852254],[-0.300941,48.851841],[-0.300166,48.85168],[-0.29924,48.850399],[-0.299409,48.849522],[-0.298927,48.849438],[-0.298936,48.849251],[-0.298711,48.849268],[-0.298171,48.849914],[-0.297177,48.849887],[-0.296868,48.850003],[-0.296754,48.850293],[-0.295916,48.850568],[-0.296068,48.852536],[-0.294684,48.852237],[-0.294244,48.851487],[-0.293937,48.851336],[-0.291573,48.851528],[-0.291312,48.852075],[-0.290477,48.852186],[-0.290405,48.852335],[-0.290693,48.852606],[-0.289733,48.853058],[-0.289487,48.853383],[-0.287928,48.853014],[-0.286461,48.852874],[-0.286171,48.852703],[-0.28531,48.852849],[-0.285028,48.852642],[-0.284688,48.8528],[-0.284274,48.852715],[-0.28412,48.852466],[-0.283396,48.852657],[-0.283022,48.852339],[-0.281015,48.854288],[-0.27992,48.854518],[-0.279291,48.854254],[-0.277656,48.854144],[-0.277337,48.853907],[-0.275852,48.853647],[-0.275398,48.853022],[-0.27395,48.852506],[-0.273776,48.852754],[-0.273161,48.852788],[-0.272944,48.853322],[-0.272244,48.853575],[-0.271961,48.853941],[-0.271641,48.854047],[-0.270541,48.853983],[-0.269797,48.854186],[-0.269429,48.854132],[-0.269204,48.853914],[-0.268462,48.853842],[-0.268337,48.853591],[-0.267606,48.853258],[-0.267693,48.852561],[-0.266945,48.852266],[-0.266177,48.852277],[-0.265303,48.852488],[-0.264425,48.852256],[-0.263883,48.852579],[-0.263862,48.853012],[-0.262763,48.853496],[-0.261709,48.853632],[-0.260795,48.853216],[-0.260384,48.852397],[-0.260907,48.851932],[-0.260631,48.851676],[-0.260707,48.850919],[-0.260924,48.850843],[-0.261284,48.850961],[-0.261615,48.850815],[-0.262033,48.850217],[-0.261321,48.850254],[-0.260787,48.849506],[-0.26003,48.849604],[-0.259314,48.850123],[-0.258779,48.850172],[-0.256192,48.848835],[-0.254988,48.848807],[-0.253736,48.84956],[-0.252038,48.849181],[-0.251714,48.849232],[-0.25147,48.849506],[-0.250791,48.849621],[-0.250042,48.850116],[-0.24888,48.84965],[-0.248975,48.848986],[-0.24809,48.848454],[-0.247686,48.848353],[-0.245951,48.848575],[-0.245534,48.848306],[-0.244756,48.849088],[-0.244283,48.84931],[-0.243425,48.849482],[-0.241913,48.849512],[-0.24155,48.849162],[-0.239581,48.848635],[-0.239478,48.847975],[-0.238851,48.847644],[-0.238279,48.847689],[-0.237988,48.847256],[-0.237353,48.847403],[-0.237049,48.847295],[-0.236512,48.84754],[-0.236278,48.847289],[-0.233556,48.847291],[-0.233354,48.846774],[-0.232853,48.846528],[-0.232673,48.846747],[-0.231887,48.846766],[-0.231211,48.84613],[-0.231084,48.845772],[-0.231306,48.845447],[-0.230812,48.844784],[-0.231266,48.844425],[-0.230472,48.843687],[-0.229893,48.843413],[-0.227952,48.84338],[-0.22707,48.844126],[-0.22509,48.84419],[-0.223186,48.843592],[-0.22239,48.842902],[-0.221624,48.842998],[-0.220331,48.842624],[-0.218651,48.842511],[-0.217735,48.841865],[-0.215714,48.841246],[-0.213338,48.840236],[-0.212635,48.840221],[-0.210946,48.841742],[-0.210544,48.842801],[-0.207317,48.844918],[-0.205827,48.846255],[-0.204929,48.846381],[-0.205016,48.846793],[-0.203995,48.846161],[-0.202302,48.845461],[-0.202988,48.843198],[-0.200735,48.842197],[-0.200553,48.841881],[-0.199056,48.840968],[-0.197702,48.839657],[-0.196717,48.839104],[-0.19579,48.838227],[-0.194725,48.83816],[-0.193435,48.839009],[-0.192552,48.839282],[-0.191716,48.840632],[-0.188407,48.839068],[-0.185427,48.838696],[-0.180694,48.836866],[-0.177979,48.835468],[-0.176427,48.834411],[-0.17615,48.833267],[-0.17556,48.83279],[-0.17666,48.832003],[-0.177488,48.831632],[-0.177735,48.830937],[-0.179168,48.830043],[-0.179194,48.829224],[-0.177645,48.828535],[-0.175997,48.828523],[-0.175247,48.828252],[-0.174307,48.828199],[-0.173299,48.826956],[-0.172701,48.82719],[-0.172882,48.827606],[-0.171971,48.828523],[-0.168941,48.827426],[-0.170589,48.826267],[-0.170348,48.825966],[-0.170616,48.825323],[-0.16991,48.825208],[-0.169983,48.824731],[-0.167365,48.824267],[-0.166992,48.82389],[-0.166053,48.82389],[-0.160195,48.822843],[-0.159858,48.822806],[-0.159335,48.823231],[-0.15873,48.823423],[-0.157762,48.822516],[-0.157008,48.822491],[-0.152173,48.820441],[-0.149927,48.822266],[-0.147597,48.822969],[-0.144284,48.821234],[-0.141357,48.820096],[-0.141082,48.820564],[-0.138521,48.819717],[-0.137778,48.819823],[-0.134559,48.818628],[-0.129556,48.817196],[-0.127705,48.816472],[-0.126313,48.816698],[-0.124857,48.816144],[-0.122137,48.815579],[-0.122419,48.815152],[-0.118351,48.813422],[-0.115971,48.812878],[-0.113825,48.812019],[-0.109746,48.810987],[-0.110309,48.809687],[-0.110239,48.80895],[-0.109733,48.807832],[-0.110794,48.805787],[-0.111231,48.8038],[-0.112734,48.803961],[-0.112987,48.802055],[-0.114287,48.802195],[-0.114222,48.800332],[-0.116756,48.800249],[-0.116502,48.797667],[-0.12033,48.797761],[-0.120314,48.797424],[-0.119537,48.797416],[-0.119422,48.795332],[-0.121298,48.795032],[-0.120254,48.793389],[-0.121601,48.793013],[-0.121524,48.791475],[-0.122915,48.788618],[-0.122092,48.786206],[-0.121845,48.786129],[-0.12179,48.785894],[-0.123198,48.783686],[-0.123192,48.783027],[-0.123485,48.782756],[-0.123856,48.782847],[-0.125796,48.781396],[-0.128115,48.780089],[-0.130743,48.778137],[-0.134044,48.776],[-0.135327,48.776131],[-0.1379,48.774427],[-0.137688,48.774265],[-0.138032,48.773967],[-0.137792,48.773575],[-0.139024,48.771787],[-0.139709,48.771714],[-0.142848,48.772616],[-0.143203,48.772923],[-0.146083,48.773112],[-0.145967,48.773855],[-0.147477,48.773823],[-0.148425,48.7736],[-0.150495,48.774825],[-0.151971,48.776009],[-0.153011,48.774676],[-0.157195,48.776475],[-0.158731,48.775749],[-0.159781,48.77647],[-0.161687,48.777212],[-0.163873,48.777823],[-0.164281,48.776421],[-0.166206,48.776667],[-0.168109,48.774262],[-0.169873,48.772741],[-0.171354,48.771001],[-0.172597,48.769987],[-0.173304,48.769117],[-0.175824,48.767796],[-0.176404,48.766748],[-0.177387,48.766369],[-0.179135,48.765057],[-0.178971,48.764004],[-0.178342,48.762371],[-0.180641,48.762943],[-0.182117,48.763002],[-0.182542,48.762344],[-0.182481,48.761471],[-0.182835,48.761164],[-0.18421,48.760966],[-0.185616,48.759935],[-0.18709,48.759563],[-0.188666,48.758577],[-0.188985,48.757266],[-0.189627,48.756404],[-0.189678,48.755806],[-0.188484,48.754297],[-0.191435,48.753471],[-0.192958,48.753363],[-0.195815,48.752888],[-0.196426,48.752618],[-0.197726,48.752611],[-0.199489,48.75208],[-0.201244,48.751807],[-0.201649,48.751597],[-0.20231,48.750895],[-0.202362,48.750604],[-0.201938,48.746254],[-0.201021,48.744032],[-0.199421,48.742534],[-0.199397,48.741961],[-0.2,48.739998],[-0.201528,48.739106],[-0.20386,48.738617],[-0.206678,48.738616],[-0.207449,48.738821],[-0.207688,48.7391],[-0.208269,48.738103],[-0.206997,48.737479],[-0.205799,48.736538],[-0.205412,48.735557],[-0.20449,48.734767],[-0.204043,48.733109],[-0.202782,48.733037],[-0.202479,48.73328],[-0.202089,48.734209],[-0.201795,48.733676],[-0.198785,48.732558],[-0.195875,48.729391],[-0.196624,48.729277],[-0.199438,48.72962],[-0.202787,48.729097],[-0.204297,48.728513],[-0.204479,48.728217],[-0.206296,48.727148],[-0.208613,48.726173],[-0.212994,48.725133],[-0.217693,48.724612],[-0.220734,48.72323],[-0.224442,48.722228],[-0.228708,48.720437],[-0.230369,48.719925],[-0.231152,48.719319],[-0.231308,48.718676],[-0.23237,48.717895],[-0.233876,48.719779],[-0.234788,48.71907],[-0.235389,48.718818],[-0.238887,48.718058],[-0.241017,48.718104],[-0.24375,48.718995],[-0.246296,48.719199],[-0.245964,48.720159],[-0.247734,48.720159],[-0.247812,48.720607],[-0.24843,48.720869],[-0.247979,48.722414],[-0.248682,48.722525],[-0.248369,48.724068],[-0.248867,48.725602],[-0.24819,48.726405],[-0.248401,48.727623],[-0.249072,48.727263],[-0.250033,48.727547],[-0.250705,48.727475],[-0.252524,48.727165],[-0.252734,48.726366],[-0.256282,48.724368],[-0.257035,48.72303],[-0.261836,48.720872],[-0.263088,48.720045],[-0.26296,48.719768],[-0.263791,48.719149],[-0.264688,48.719237],[-0.265241,48.719036],[-0.265508,48.718697],[-0.267856,48.718733],[-0.268482,48.718405],[-0.269344,48.718229],[-0.269517,48.717971],[-0.271937,48.71745],[-0.273091,48.718774],[-0.277953,48.720542],[-0.283679,48.722922],[-0.284856,48.723557],[-0.285245,48.724004],[-0.285497,48.723943],[-0.286119,48.724591],[-0.286483,48.724458],[-0.287214,48.725625],[-0.288131,48.725299],[-0.288839,48.726112],[-0.288312,48.726327],[-0.289602,48.727565],[-0.289874,48.72829],[-0.290655,48.728256],[-0.291097,48.730624],[-0.292704,48.730689],[-0.292424,48.732053],[-0.291991,48.732917],[-0.292205,48.733093],[-0.292434,48.734931],[-0.292826,48.734832],[-0.293711,48.735565],[-0.295596,48.735356],[-0.298334,48.736215],[-0.299853,48.736385],[-0.302005,48.737366],[-0.302767,48.737516],[-0.303494,48.738081],[-0.303961,48.73817],[-0.305588,48.739508],[-0.306259,48.739531],[-0.307114,48.740543],[-0.310788,48.743403],[-0.311744,48.744356],[-0.311504,48.745515],[-0.312624,48.745941],[-0.313072,48.746367],[-0.31279,48.747324],[-0.314016,48.748308],[-0.314464,48.748935],[-0.314596,48.750249],[-0.315808,48.750389],[-0.316045,48.750644],[-0.317196,48.750776],[-0.317779,48.751036],[-0.317882,48.751307],[-0.317556,48.752612],[-0.318741,48.753248],[-0.319501,48.753015],[-0.320631,48.752358],[-0.322603,48.752441],[-0.324215,48.752056],[-0.326087,48.75224],[-0.330271,48.752129],[-0.331174,48.751982],[-0.332969,48.751178],[-0.334319,48.75036],[-0.337225,48.750236],[-0.338206,48.750351],[-0.339121,48.750674],[-0.342717,48.750384],[-0.347318,48.749474],[-0.348273,48.749142],[-0.34829,48.748967],[-0.350115,48.748749],[-0.35128,48.748434],[-0.351589,48.748542],[-0.355022,48.747677],[-0.360261,48.747036],[-0.360427,48.747957],[-0.359976,48.749497],[-0.359152,48.750233],[-0.357835,48.750688],[-0.357597,48.752011],[-0.357842,48.753269],[-0.357626,48.754552],[-0.358193,48.755704],[-0.361073,48.756689],[-0.362599,48.756377],[-0.362987,48.756674],[-0.363978,48.756851],[-0.368606,48.758573],[-0.369804,48.7594],[-0.37168,48.761083],[-0.374371,48.760686],[-0.37716,48.760884],[-0.380046,48.760365],[-0.381737,48.759839],[-0.384692,48.759259],[-0.386858,48.758111],[-0.390624,48.756694],[-0.39166,48.756517],[-0.392063,48.756711],[-0.393427,48.756763],[-0.395781,48.75717],[-0.395527,48.756439],[-0.396287,48.756033],[-0.396445,48.756259],[-0.396976,48.756475],[-0.39852,48.756263],[-0.399506,48.756342],[-0.400125,48.756882],[-0.399761,48.757503],[-0.399784,48.75817],[-0.400039,48.758628],[-0.399335,48.759631],[-0.399493,48.761351],[-0.400239,48.761787],[-0.402624,48.761711],[-0.403117,48.76151],[-0.403865,48.761498],[-0.404689,48.761637],[-0.405136,48.761911],[-0.405262,48.76505],[-0.406282,48.765732],[-0.407113,48.766976],[-0.407022,48.76773],[-0.40609,48.768046],[-0.406071,48.769333],[-0.406345,48.76954],[-0.406729,48.769382],[-0.407368,48.76938],[-0.408165,48.76975],[-0.408402,48.770258],[-0.409682,48.771477],[-0.409254,48.771881],[-0.409273,48.772156],[-0.410013,48.772445],[-0.408905,48.773174],[-0.408786,48.773515],[-0.408953,48.773802],[-0.409533,48.774275],[-0.410427,48.774156],[-0.41074,48.774254],[-0.410907,48.775107],[-0.411437,48.775578],[-0.41163,48.776059],[-0.41189,48.776153],[-0.412572,48.775891],[-0.412967,48.775276],[-0.413388,48.775033],[-0.414782,48.774737],[-0.415619,48.774956],[-0.416722,48.775863],[-0.41725,48.776995],[-0.418315,48.777103],[-0.418703,48.777328],[-0.419609,48.778948],[-0.419321,48.780233],[-0.418572,48.780764],[-0.418653,48.781084],[-0.418447,48.781272],[-0.417372,48.781499],[-0.415835,48.781448],[-0.414068,48.782381],[-0.413189,48.782112],[-0.412572,48.782235],[-0.412683,48.78411],[-0.413186,48.784664],[-0.413139,48.785027],[-0.412673,48.785694],[-0.412102,48.785891],[-0.410061,48.785895],[-0.409878,48.786017],[-0.410253,48.787034],[-0.410203,48.787684],[-0.409901,48.787863],[-0.408305,48.78727],[-0.407881,48.786964],[-0.407329,48.787301],[-0.404837,48.787314],[-0.404659,48.788016],[-0.403701,48.787925],[-0.403458,48.788525],[-0.402937,48.788518],[-0.402751,48.788759],[-0.402185,48.788766],[-0.399661,48.789816],[-0.398288,48.789842],[-0.397983,48.790138],[-0.396864,48.789611],[-0.396521,48.790077],[-0.395981,48.78973],[-0.394824,48.791971],[-0.394532,48.791959],[-0.393582,48.793292],[-0.392891,48.795194],[-0.392474,48.795167],[-0.391354,48.796173],[-0.389003,48.797285],[-0.388069,48.796683],[-0.38733,48.796649],[-0.382662,48.797577],[-0.382291,48.798605],[-0.38128,48.799925],[-0.381178,48.800799],[-0.380201,48.80179],[-0.379005,48.802406],[-0.378422,48.802902],[-0.378181,48.804199],[-0.376743,48.805939],[-0.375011,48.807309],[-0.374802,48.807841],[-0.373448,48.808617],[-0.37227,48.809915],[-0.37035,48.811117],[-0.369861,48.811632],[-0.369439,48.812529],[-0.36955,48.812939],[-0.369984,48.813032],[-0.370394,48.81338],[-0.370287,48.813815],[-0.370942,48.814309],[-0.371199,48.815589],[-0.37165,48.815638],[-0.371461,48.817261],[-0.372552,48.817282],[-0.372568,48.817595],[-0.372503,48.818152],[-0.371136,48.82058],[-0.370861,48.821437],[-0.369875,48.822413],[-0.371839,48.82316],[-0.373335,48.8242],[-0.373685,48.824547],[-0.373688,48.82481],[-0.371906,48.824536],[-0.371447,48.824796],[-0.367003,48.824207],[-0.363207,48.823167],[-0.361423,48.822308],[-0.3597,48.821897],[-0.358868,48.821891],[-0.357958,48.8215],[-0.357638,48.821145],[-0.356392,48.820768],[-0.35487,48.820309],[-0.354437,48.820355],[-0.353229,48.820045],[-0.35217,48.820768],[-0.351244,48.821164],[-0.350585,48.821219],[-0.347883,48.822139],[-0.347111,48.822655],[-0.345588,48.821937],[-0.345183,48.822543],[-0.344896,48.823608],[-0.341906,48.825447],[-0.340049,48.829091],[-0.340087,48.829614],[-0.337872,48.831438],[-0.337488,48.831678],[-0.337182,48.831647],[-0.335981,48.832641],[-0.334663,48.833],[-0.333532,48.834256],[-0.331343,48.834908],[-0.329666,48.83575]]]}},{"type":"Feature","properties":{"uai_primary":"0610040M","uai_all":"0610040M","is_merged":false},"geometry":{"type":"Polygon","coordinates":[[[0.102694,48.676982],[0.101938,48.677904],[0.101281,48.678103],[0.100952,48.678962],[0.10152,48.679257],[0.101519,48.679613],[0.100158,48.680946],[0.099305,48.682685],[0.099373,48.68312],[0.100344,48.683387],[0.102561,48.685363],[0.102148,48.68654],[0.101291,48.68669],[0.101241,48.687024],[0.100897,48.687206],[0.100994,48.687518],[0.100437,48.687803],[0.100266,48.688612],[0.100553,48.688704],[0.100809,48.68852],[0.101009,48.688576],[0.101949,48.689065],[0.101587,48.689574],[0.102456,48.68961],[0.103266,48.689966],[0.104365,48.68959],[0.104622,48.689191],[0.105302,48.689427],[0.105632,48.689212],[0.106038,48.689978],[0.106224,48.690015],[0.109168,48.688676],[0.110313,48.68832],[0.113241,48.687837],[0.113784,48.687552],[0.117329,48.68753],[0.12096,48.687944],[0.122055,48.687437],[0.122723,48.686812],[0.123351,48.68693],[0.123969,48.686743],[0.124417,48.687002],[0.124917,48.68704],[0.125979,48.687445],[0.126846,48.686863],[0.128037,48.687007],[0.128601,48.686792],[0.129338,48.686958],[0.129591,48.686612],[0.130524,48.686545],[0.131332,48.685572],[0.131826,48.685812],[0.132067,48.685777],[0.132222,48.685526],[0.133193,48.685007],[0.133789,48.685008],[0.134103,48.684641],[0.13468,48.684558],[0.135274,48.684278],[0.135676,48.683819],[0.135956,48.683825],[0.135819,48.682943],[0.13625,48.682813],[0.136766,48.681814],[0.139428,48.681428],[0.139261,48.681001],[0.139648,48.680807],[0.140453,48.680845],[0.141933,48.680557],[0.14273,48.680822],[0.143479,48.680837],[0.143907,48.681204],[0.144552,48.681211],[0.144875,48.680923],[0.14423,48.680502],[0.144274,48.680329],[0.144741,48.680352],[0.14607,48.679712],[0.14769,48.680063],[0.147863,48.679762],[0.14833,48.679528],[0.148323,48.679069],[0.149331,48.678794],[0.149325,48.678346],[0.15012,48.678008],[0.15044,48.677636],[0.150893,48.676835],[0.150989,48.676167],[0.151573,48.676262],[0.152356,48.67581],[0.15261,48.675441],[0.153982,48.675491],[0.154233,48.675805],[0.154704,48.675892],[0.15488,48.676152],[0.154789,48.676457],[0.155257,48.676515],[0.155549,48.676843],[0.156157,48.676612],[0.156531,48.67697],[0.157037,48.676871],[0.157936,48.677007],[0.158464,48.678895],[0.158398,48.682838],[0.159841,48.684653],[0.16027,48.685575],[0.160115,48.686351],[0.159581,48.686847],[0.159323,48.68745],[0.161006,48.688965],[0.163372,48.689483],[0.164689,48.689195],[0.164827,48.689506],[0.165649,48.689983],[0.165774,48.690748],[0.166483,48.691737],[0.16655,48.693076],[0.168105,48.694466],[0.168504,48.695952],[0.1709,48.699244],[0.170581,48.701337],[0.173322,48.704887],[0.171704,48.705588],[0.171938,48.705904],[0.174274,48.70722],[0.174419,48.706043],[0.176065,48.705208],[0.176827,48.705192],[0.176975,48.705705],[0.177681,48.705977],[0.179454,48.706273],[0.180327,48.707397],[0.18131,48.70714],[0.1824,48.709045],[0.183472,48.708659],[0.18665,48.711884],[0.188487,48.713491],[0.188723,48.714327],[0.190848,48.717525],[0.190719,48.719195],[0.190204,48.720124],[0.190451,48.72074],[0.190516,48.722266],[0.191838,48.723251],[0.192476,48.723399],[0.192981,48.723783],[0.193603,48.724556],[0.194284,48.726283],[0.193269,48.726764],[0.191686,48.728033],[0.190573,48.728412],[0.190724,48.7289],[0.190223,48.729306],[0.19191,48.729247],[0.192015,48.729694],[0.192836,48.729564],[0.193369,48.730101],[0.19368,48.729697],[0.194097,48.730029],[0.194557,48.729816],[0.195199,48.730142],[0.195399,48.730069],[0.195371,48.729779],[0.195602,48.729709],[0.196647,48.73003],[0.196879,48.730457],[0.197395,48.729969],[0.197742,48.729863],[0.198027,48.730179],[0.198639,48.730215],[0.199188,48.730469],[0.199382,48.729843],[0.200093,48.729939],[0.200639,48.730238],[0.200825,48.729774],[0.201475,48.729665],[0.202267,48.729883],[0.202335,48.729581],[0.203305,48.729421],[0.20372,48.729505],[0.204408,48.730312],[0.205436,48.730095],[0.207854,48.730059],[0.210201,48.729065],[0.211003,48.728902],[0.212005,48.728865],[0.213076,48.729112],[0.21294,48.730098],[0.213793,48.730809],[0.215338,48.732747],[0.215469,48.733315],[0.215307,48.733954],[0.216403,48.734413],[0.216984,48.734842],[0.217321,48.734787],[0.218701,48.735451],[0.218712,48.736134],[0.219129,48.736414],[0.219508,48.736438],[0.220675,48.737808],[0.222394,48.738408],[0.222428,48.738869],[0.222687,48.73915],[0.223183,48.739403],[0.224097,48.73952],[0.22542,48.740339],[0.225526,48.740559],[0.226421,48.740651],[0.227815,48.741485],[0.228301,48.741892],[0.22911,48.743378],[0.231104,48.744406],[0.231925,48.744421],[0.232453,48.745212],[0.234162,48.745877],[0.234306,48.746376],[0.235042,48.746872],[0.235215,48.747513],[0.236453,48.747432],[0.237226,48.748088],[0.23817,48.748601],[0.239743,48.749004],[0.24068,48.748988],[0.241099,48.749276],[0.241117,48.749754],[0.241371,48.750076],[0.241624,48.750208],[0.242049,48.750063],[0.242873,48.750516],[0.243423,48.75134],[0.243757,48.751204],[0.24548,48.751425],[0.246043,48.751793],[0.246667,48.751508],[0.247125,48.751548],[0.247759,48.751854],[0.247691,48.752242],[0.24856,48.752648],[0.250285,48.752004],[0.25167,48.752207],[0.25235,48.751798],[0.253287,48.750498],[0.255113,48.750255],[0.256643,48.74986],[0.257324,48.749388],[0.257458,48.749042],[0.255662,48.747405],[0.255706,48.745991],[0.255067,48.745413],[0.254487,48.745584],[0.254573,48.743732],[0.254176,48.743811],[0.253947,48.743535],[0.253696,48.740602],[0.249693,48.733923],[0.24926,48.732881],[0.249285,48.732252],[0.250011,48.731096],[0.250066,48.729749],[0.250632,48.729174],[0.251969,48.728344],[0.252658,48.728131],[0.25254,48.727679],[0.253106,48.727104],[0.253195,48.726611],[0.252761,48.72557],[0.255059,48.724756],[0.254679,48.723228],[0.25544,48.721581],[0.257019,48.719564],[0.257882,48.719593],[0.258884,48.719216],[0.261246,48.717626],[0.261581,48.718076],[0.262942,48.717701],[0.263221,48.717525],[0.263043,48.717063],[0.265326,48.717526],[0.265301,48.718155],[0.266494,48.71894],[0.26792,48.71892],[0.267963,48.71955],[0.267615,48.719769],[0.267937,48.720109],[0.269142,48.720182],[0.269545,48.720515],[0.270537,48.720871],[0.27376,48.72124],[0.274593,48.721213],[0.277658,48.720602],[0.278884,48.72004],[0.28031,48.720404],[0.280571,48.722026],[0.281151,48.723058],[0.282287,48.723315],[0.283151,48.723953],[0.283345,48.724435],[0.283878,48.724539],[0.283124,48.725659],[0.284309,48.725472],[0.285244,48.726444],[0.286947,48.725845],[0.291466,48.724904],[0.295045,48.724679],[0.296308,48.724047],[0.29904,48.723864],[0.301114,48.723374],[0.303909,48.722355],[0.309021,48.721098],[0.311953,48.7196],[0.316649,48.718401],[0.318446,48.71743],[0.321024,48.716338],[0.323958,48.716172],[0.323658,48.715382],[0.326355,48.714774],[0.328689,48.713513],[0.330242,48.713067],[0.33003,48.712832],[0.333198,48.712246],[0.334594,48.712128],[0.335364,48.712684],[0.336352,48.712945],[0.338593,48.712937],[0.339684,48.71341],[0.339908,48.712331],[0.340998,48.712223],[0.342423,48.712291],[0.343364,48.711721],[0.346229,48.710904],[0.346876,48.710902],[0.350832,48.70916],[0.351937,48.708074],[0.352668,48.707703],[0.355099,48.707528],[0.355658,48.707153],[0.352328,48.70369],[0.350682,48.700831],[0.351576,48.700821],[0.352542,48.698839],[0.352862,48.698888],[0.353654,48.698112],[0.354338,48.696262],[0.35598,48.693873],[0.356383,48.693973],[0.356543,48.693492],[0.357459,48.692438],[0.359341,48.692793],[0.359947,48.691994],[0.360352,48.692046],[0.360145,48.692372],[0.360722,48.692793],[0.361159,48.691843],[0.362171,48.690638],[0.363964,48.689949],[0.364732,48.689377],[0.365319,48.688577],[0.364789,48.688209],[0.36454,48.687621],[0.365064,48.687752],[0.364857,48.68662],[0.365197,48.685217],[0.363356,48.685602],[0.362079,48.685615],[0.36075,48.686042],[0.356503,48.682305],[0.356164,48.681823],[0.354413,48.681786],[0.35427,48.680849],[0.352764,48.681256],[0.345427,48.681005],[0.345618,48.680637],[0.345208,48.680366],[0.344308,48.680275],[0.344057,48.679932],[0.343762,48.679893],[0.343832,48.679606],[0.342382,48.679274],[0.342198,48.677749],[0.343953,48.677198],[0.346458,48.677032],[0.346305,48.676185],[0.346931,48.675943],[0.347828,48.675917],[0.347665,48.674687],[0.34876,48.674481],[0.349143,48.673663],[0.35029,48.672342],[0.351049,48.672414],[0.353131,48.67168],[0.353031,48.671045],[0.352126,48.669902],[0.350071,48.665377],[0.349559,48.665822],[0.347413,48.665758],[0.347319,48.666002],[0.34704,48.665836],[0.346979,48.665067],[0.346062,48.664853],[0.344506,48.663611],[0.345678,48.661338],[0.346778,48.661324],[0.346941,48.660521],[0.347927,48.659352],[0.348507,48.659477],[0.34905,48.659342],[0.349264,48.658628],[0.349003,48.657463],[0.348282,48.656798],[0.348196,48.656354],[0.348831,48.655301],[0.348906,48.654638],[0.348591,48.654453],[0.348249,48.653647],[0.347772,48.653248],[0.347169,48.652142],[0.346506,48.651645],[0.346362,48.6513],[0.346891,48.649425],[0.346585,48.648963],[0.346757,48.648878],[0.346183,48.648615],[0.34596,48.648243],[0.345826,48.645228],[0.347707,48.644512],[0.348209,48.644067],[0.347942,48.643696],[0.348371,48.64331],[0.349126,48.642907],[0.35095,48.64231],[0.35531,48.641999],[0.36354,48.642461],[0.365128,48.641189],[0.367496,48.641339],[0.367448,48.64295],[0.36869,48.644168],[0.371371,48.643593],[0.371502,48.644546],[0.373722,48.644534],[0.378354,48.645135],[0.378621,48.64407],[0.380729,48.643951],[0.381705,48.641307],[0.382501,48.64054],[0.383626,48.640087],[0.384181,48.639621],[0.384714,48.638756],[0.384805,48.63823],[0.384632,48.63776],[0.381623,48.635705],[0.380736,48.634316],[0.380861,48.633723],[0.381476,48.632721],[0.382386,48.632317],[0.383745,48.632289],[0.383813,48.632061],[0.383038,48.630571],[0.38307,48.628958],[0.381717,48.62894],[0.381338,48.629186],[0.379764,48.629185],[0.378237,48.628888],[0.378517,48.628411],[0.37945,48.628701],[0.379929,48.628604],[0.380572,48.628204],[0.380954,48.627751],[0.380863,48.626605],[0.379309,48.626384],[0.377849,48.625894],[0.377716,48.62562],[0.378235,48.625128],[0.376692,48.623441],[0.374841,48.623921],[0.374692,48.623409],[0.374942,48.621466],[0.374479,48.620855],[0.373482,48.620398],[0.372978,48.619235],[0.372473,48.618701],[0.371514,48.61698],[0.373204,48.615749],[0.372641,48.615082],[0.372495,48.614074],[0.371496,48.614476],[0.370434,48.614509],[0.369485,48.61166],[0.368262,48.609932],[0.369518,48.608679],[0.369835,48.606837],[0.367477,48.606489],[0.36554,48.606032],[0.364109,48.605422],[0.365494,48.60441],[0.364598,48.60408],[0.3649,48.60333],[0.364859,48.602212],[0.365086,48.602221],[0.365663,48.600093],[0.366266,48.600178],[0.366478,48.599851],[0.366375,48.599417],[0.366982,48.599418],[0.367196,48.598447],[0.368108,48.596962],[0.365455,48.59622],[0.363513,48.5952],[0.36345,48.594743],[0.363291,48.594872],[0.362468,48.594741],[0.361691,48.594752],[0.361421,48.594905],[0.361047,48.594836],[0.360402,48.595381],[0.359691,48.595431],[0.358976,48.595732],[0.356653,48.598171],[0.356837,48.598528],[0.356576,48.598862],[0.355994,48.598889],[0.355741,48.599234],[0.355408,48.599237],[0.355137,48.599866],[0.354405,48.600261],[0.354085,48.600239],[0.353836,48.600698],[0.353055,48.601038],[0.352965,48.601411],[0.352692,48.601479],[0.351776,48.601288],[0.350945,48.601374],[0.350014,48.601734],[0.34879,48.601701],[0.347659,48.602039],[0.346543,48.602842],[0.345687,48.603081],[0.345252,48.602948],[0.344499,48.603125],[0.343624,48.602963],[0.343312,48.603147],[0.340598,48.603227],[0.339753,48.603129],[0.339195,48.602656],[0.338788,48.602649],[0.336809,48.603016],[0.335865,48.602874],[0.33409,48.603181],[0.333481,48.603171],[0.332949,48.602908],[0.331788,48.603121],[0.331434,48.603516],[0.329566,48.603892],[0.328612,48.604556],[0.328102,48.604498],[0.326804,48.604837],[0.325359,48.604717],[0.324701,48.604847],[0.323483,48.604775],[0.321468,48.604962],[0.320919,48.605168],[0.320424,48.605023],[0.319694,48.605048],[0.319528,48.604977],[0.31972,48.604653],[0.319326,48.604525],[0.318147,48.604532],[0.316353,48.604243],[0.315804,48.60376],[0.313442,48.604059],[0.313093,48.60301],[0.315688,48.602557],[0.318383,48.601147],[0.324313,48.599503],[0.331906,48.598343],[0.331753,48.598151],[0.332909,48.597248],[0.334598,48.596577],[0.335202,48.596585],[0.335187,48.595952],[0.335498,48.595058],[0.335302,48.594806],[0.335625,48.593977],[0.335602,48.592242],[0.336087,48.589839],[0.335909,48.588199],[0.335451,48.587752],[0.335375,48.58738],[0.336219,48.585831],[0.335174,48.584845],[0.332852,48.583939],[0.330668,48.584151],[0.329197,48.584129],[0.327896,48.584362],[0.326328,48.584042],[0.325591,48.584049],[0.324334,48.584499],[0.322743,48.585666],[0.322445,48.5866],[0.321798,48.587001],[0.320837,48.586999],[0.319452,48.58655],[0.317516,48.58639],[0.317499,48.585907],[0.315389,48.585355],[0.312499,48.583735],[0.312103,48.582652],[0.312176,48.582074],[0.313938,48.580304],[0.313894,48.579323],[0.313016,48.578488],[0.310349,48.576675],[0.310314,48.575252],[0.310008,48.576392],[0.309709,48.576323],[0.308871,48.57704],[0.306888,48.578034],[0.306935,48.578307],[0.306644,48.578506],[0.303244,48.579056],[0.303185,48.57924],[0.301706,48.580182],[0.299196,48.580828],[0.298434,48.581176],[0.298069,48.581526],[0.29753,48.582185],[0.298142,48.582443],[0.29879,48.583125],[0.299438,48.584724],[0.299247,48.58543],[0.299703,48.585796],[0.298972,48.586267],[0.297392,48.586804],[0.298666,48.588482],[0.298855,48.589248],[0.298265,48.589374],[0.297406,48.590536],[0.296917,48.590757],[0.295872,48.590889],[0.294276,48.590828],[0.292696,48.591021],[0.292468,48.589837],[0.290622,48.589209],[0.286146,48.588026],[0.284636,48.587186],[0.284788,48.587067],[0.284527,48.586916],[0.281999,48.586042],[0.277966,48.585402],[0.278474,48.584596],[0.276103,48.584337],[0.275108,48.584457],[0.274774,48.583206],[0.274719,48.581715],[0.274231,48.581678],[0.273655,48.580303],[0.273219,48.579961],[0.27185,48.579355],[0.270248,48.579447],[0.269141,48.579258],[0.268238,48.579361],[0.267948,48.57911],[0.267059,48.579031],[0.266599,48.578486],[0.265458,48.577989],[0.261586,48.580776],[0.259076,48.581796],[0.258347,48.581388],[0.256611,48.581785],[0.255121,48.582453],[0.254899,48.582327],[0.252362,48.583936],[0.248702,48.585042],[0.248285,48.584651],[0.244209,48.58514],[0.243362,48.584259],[0.241885,48.583362],[0.240425,48.583828],[0.238869,48.582436],[0.238223,48.582717],[0.237672,48.583267],[0.235866,48.582505],[0.234364,48.582587],[0.230635,48.582279],[0.23154,48.580345],[0.231996,48.579799],[0.231125,48.57693],[0.230768,48.576532],[0.229556,48.575979],[0.228838,48.575422],[0.227835,48.574073],[0.226266,48.570564],[0.226387,48.568615],[0.225733,48.567993],[0.224465,48.565848],[0.223016,48.56498],[0.21902,48.561197],[0.217438,48.55881],[0.216911,48.557499],[0.215927,48.557875],[0.213824,48.55805],[0.211236,48.558985],[0.209147,48.559375],[0.207683,48.559476],[0.205277,48.557699],[0.203376,48.557275],[0.200222,48.557362],[0.198707,48.557807],[0.198479,48.55614],[0.198235,48.555716],[0.192753,48.554547],[0.192327,48.554304],[0.19049,48.554402],[0.186228,48.55407],[0.183634,48.554278],[0.182544,48.554831],[0.181838,48.554696],[0.182031,48.553701],[0.183061,48.553078],[0.182782,48.552899],[0.183731,48.552144],[0.183975,48.55161],[0.183178,48.551589],[0.180676,48.55067],[0.17909,48.55044],[0.178327,48.549631],[0.177478,48.549939],[0.176573,48.548454],[0.177202,48.546503],[0.177812,48.545508],[0.177873,48.544086],[0.177378,48.54205],[0.176606,48.540816],[0.176172,48.539615],[0.176044,48.538342],[0.176294,48.537277],[0.179143,48.536679],[0.17901,48.536578],[0.180034,48.536241],[0.180548,48.535717],[0.182527,48.535108],[0.191122,48.534443],[0.195016,48.533471],[0.193769,48.532867],[0.192657,48.531185],[0.193929,48.529116],[0.193765,48.526972],[0.193383,48.526103],[0.193595,48.525582],[0.192511,48.525383],[0.192212,48.525145],[0.192222,48.524832],[0.190945,48.52461],[0.190402,48.523938],[0.19007,48.524043],[0.189613,48.523935],[0.189268,48.523546],[0.189635,48.523254],[0.188781,48.522787],[0.188476,48.521758],[0.187682,48.521199],[0.187429,48.521296],[0.185971,48.520454],[0.184801,48.520138],[0.184448,48.519827],[0.182693,48.519564],[0.182179,48.519719],[0.181593,48.519497],[0.181218,48.519641],[0.179662,48.519495],[0.179621,48.519706],[0.178466,48.519837],[0.178295,48.520298],[0.17773,48.52032],[0.177433,48.520553],[0.177038,48.520364],[0.176933,48.519932],[0.175916,48.520516],[0.175407,48.520194],[0.175237,48.520602],[0.174961,48.5206],[0.17471,48.520896],[0.174411,48.52075],[0.174053,48.521031],[0.173484,48.521045],[0.173639,48.521244],[0.173354,48.521745],[0.172822,48.521833],[0.172709,48.522148],[0.172389,48.522282],[0.172513,48.522718],[0.16981,48.522939],[0.168604,48.523268],[0.167765,48.523135],[0.166759,48.523261],[0.164669,48.523853],[0.164056,48.523796],[0.163516,48.524004],[0.162504,48.522842],[0.160976,48.523594],[0.158573,48.523042],[0.156703,48.52158],[0.156502,48.521612],[0.156527,48.522197],[0.156229,48.522741],[0.155035,48.523169],[0.155883,48.524272],[0.154975,48.524682],[0.155101,48.524819],[0.153195,48.526509],[0.150882,48.527409],[0.151606,48.527996],[0.148494,48.529119],[0.147545,48.52818],[0.146041,48.527806],[0.143193,48.528422],[0.142229,48.52874],[0.140799,48.529674],[0.138668,48.530593],[0.137683,48.531259],[0.135895,48.53168],[0.140525,48.533793],[0.139522,48.534783],[0.13926,48.535764],[0.13868,48.53564],[0.13864,48.53588],[0.13786,48.535746],[0.13496,48.536047],[0.134132,48.536352],[0.132836,48.536166],[0.132086,48.536398],[0.130121,48.536665],[0.129228,48.537009],[0.128465,48.537571],[0.127807,48.53851],[0.125714,48.539512],[0.124795,48.539644],[0.122932,48.539453],[0.121146,48.53951],[0.118431,48.539177],[0.116698,48.539127],[0.116186,48.539022],[0.115896,48.538781],[0.114841,48.540484],[0.114795,48.540847],[0.098824,48.539841],[0.098196,48.539689],[0.096176,48.53875],[0.080693,48.537534],[0.072137,48.538968],[0.070607,48.539677],[0.069647,48.539604],[0.068968,48.538984],[0.068377,48.538879],[0.068161,48.539038],[0.068357,48.5396],[0.066709,48.539931],[0.061361,48.541626],[0.054575,48.54098],[0.053831,48.541654],[0.053466,48.542689],[0.051623,48.544561],[0.049556,48.547805],[0.04903,48.549459],[0.048204,48.550325],[0.035372,48.550944],[-0.011064,48.554091],[-0.022374,48.562332],[-0.02328,48.561921],[-0.024105,48.562175],[-0.023266,48.564007],[-0.022547,48.566534],[-0.024286,48.56975],[-0.024845,48.571552],[-0.025596,48.572528],[-0.025682,48.574816],[-0.024939,48.575873],[-0.024919,48.576557],[-0.025192,48.577429],[-0.026123,48.578917],[-0.026302,48.579759],[-0.026757,48.580235],[-0.025774,48.583195],[-0.026157,48.584131],[-0.025802,48.586294],[-0.025371,48.587132],[-0.024384,48.587707],[-0.023883,48.588265],[-0.02322,48.589657],[-0.022576,48.590497],[-0.022145,48.591657],[-0.022135,48.59231],[-0.020395,48.592417],[-0.019069,48.592982],[-0.017576,48.593051],[-0.01683,48.593317],[-0.015209,48.59355],[-0.012454,48.594964],[-0.011731,48.59622],[-0.00971,48.598382],[-0.009946,48.599805],[-0.00975,48.600473],[-0.009529,48.600674],[-0.008485,48.600953],[-0.007161,48.601864],[-0.007839,48.602748],[-0.007888,48.6032],[-0.007402,48.603622],[-0.004822,48.605083],[-0.001804,48.608643],[-0.00148,48.609487],[-0.001507,48.611376],[-0.001775,48.612342],[-0.002486,48.613083],[-0.001963,48.613744],[-0.000144,48.614946],[0.000709,48.616016],[0.007783,48.619052],[0.010292,48.619631],[0.011688,48.620293],[0.013908,48.622264],[0.014712,48.623684],[0.014933,48.625331],[0.014678,48.62575],[0.013617,48.626545],[0.012684,48.627121],[0.01226,48.627218],[0.012295,48.637818],[0.014604,48.641013],[0.014946,48.641756],[0.016703,48.642708],[0.016321,48.643204],[0.018318,48.644983],[0.019152,48.646608],[0.019596,48.646275],[0.020308,48.647043],[0.020833,48.646917],[0.020933,48.647629],[0.021563,48.648489],[0.021404,48.649842],[0.024663,48.649617],[0.024875,48.652028],[0.025561,48.654605],[0.026241,48.656059],[0.028406,48.654659],[0.030493,48.65371],[0.032276,48.652479],[0.033777,48.651746],[0.04157,48.648667],[0.048324,48.646881],[0.050577,48.649667],[0.050978,48.651423],[0.051946,48.651179],[0.053337,48.653559],[0.053924,48.653546],[0.054945,48.657665],[0.056214,48.657974],[0.057349,48.659623],[0.057907,48.66007],[0.058874,48.66045],[0.060758,48.660136],[0.061831,48.660355],[0.06549,48.661789],[0.067174,48.662773],[0.068163,48.663691],[0.069881,48.66269],[0.069889,48.662184],[0.071355,48.661513],[0.072159,48.661274],[0.072944,48.661242],[0.075071,48.660326],[0.07893,48.659415],[0.080552,48.662273],[0.081885,48.66644],[0.083335,48.668043],[0.083132,48.668222],[0.08442,48.66966],[0.083978,48.671855],[0.088354,48.672219],[0.08997,48.673217],[0.091597,48.673681],[0.09194,48.674035],[0.092629,48.674091],[0.093874,48.674555],[0.095331,48.674761],[0.09569,48.675039],[0.09676,48.674864],[0.097436,48.675217],[0.097938,48.675227],[0.099315,48.67566],[0.10011,48.675496],[0.100727,48.675541],[0.101263,48.67612],[0.102694,48.676982]]]}},{"type":"Feature","properties":{"uai_primary":"0610042P","uai_all":"0610042P","is_merged":false},"geometry":{"type":"Polygon","coordinates":[[[-0.808382,48.760401],[-0.807364,48.761457],[-0.804227,48.762999],[-0.802545,48.764735],[-0.800493,48.765737],[-0.799605,48.766403],[-0.800065,48.766727],[-0.797012,48.769414],[-0.796647,48.769812],[-0.796552,48.77027],[-0.794812,48.771861],[-0.794542,48.772822],[-0.794553,48.773217],[-0.794932,48.773499],[-0.79475,48.773767],[-0.79482,48.774274],[-0.794607,48.774748],[-0.794242,48.7748],[-0.794063,48.775228],[-0.794379,48.775444],[-0.794489,48.776904],[-0.792338,48.777839],[-0.790666,48.779361],[-0.790145,48.779348],[-0.789145,48.779966],[-0.78586,48.780788],[-0.781957,48.782942],[-0.781599,48.783575],[-0.781973,48.784912],[-0.781796,48.785546],[-0.78122,48.78626],[-0.780681,48.786591],[-0.779572,48.78657],[-0.776796,48.787419],[-0.776611,48.787214],[-0.775559,48.786859],[-0.773844,48.787111],[-0.771719,48.787719],[-0.769665,48.787379],[-0.767506,48.787218],[-0.766301,48.787627],[-0.764985,48.787785],[-0.764714,48.787539],[-0.762698,48.78789],[-0.762251,48.788232],[-0.761398,48.788381],[-0.761166,48.788597],[-0.760322,48.788454],[-0.759905,48.788889],[-0.759163,48.788939],[-0.758488,48.788747],[-0.757844,48.789187],[-0.756985,48.78884],[-0.756567,48.789455],[-0.754092,48.790012],[-0.752626,48.790563],[-0.752316,48.790462],[-0.750995,48.790816],[-0.750167,48.791195],[-0.746907,48.791312],[-0.740432,48.79268],[-0.739019,48.793274],[-0.737833,48.794544],[-0.734796,48.794974],[-0.734773,48.795279],[-0.733105,48.795699],[-0.732387,48.796159],[-0.730989,48.796716],[-0.730421,48.797651],[-0.730044,48.797548],[-0.727513,48.799099],[-0.725638,48.799145],[-0.72477,48.799242],[-0.724479,48.799427],[-0.723479,48.79913],[-0.723358,48.799283],[-0.722806,48.7993],[-0.722034,48.798926],[-0.721388,48.798816],[-0.719656,48.799507],[-0.719349,48.799498],[-0.71924,48.799217],[-0.718916,48.799088],[-0.716509,48.799881],[-0.715673,48.799952],[-0.714488,48.799781],[-0.714247,48.800015],[-0.713542,48.800102],[-0.71349,48.800323],[-0.712528,48.800676],[-0.712832,48.801714],[-0.712496,48.80197],[-0.711893,48.802087],[-0.711392,48.802696],[-0.711359,48.803282],[-0.710171,48.803742],[-0.71052,48.804077],[-0.708494,48.805678],[-0.707986,48.805523],[-0.707655,48.806643],[-0.706892,48.806537],[-0.706907,48.807125],[-0.706584,48.807095],[-0.706392,48.807662],[-0.704382,48.810629],[-0.695767,48.813511],[-0.693984,48.814456],[-0.691298,48.816287],[-0.689831,48.817984],[-0.690035,48.818554],[-0.682336,48.821804],[-0.678927,48.822581],[-0.677273,48.822727],[-0.676727,48.822628],[-0.674674,48.822933],[-0.675133,48.823821],[-0.669759,48.82509],[-0.668743,48.825206],[-0.662409,48.825195],[-0.655812,48.826764],[-0.653015,48.827644],[-0.651131,48.828051],[-0.648928,48.828138],[-0.648852,48.827712],[-0.648222,48.827525],[-0.645496,48.827281],[-0.647318,48.825592],[-0.648424,48.824174],[-0.647757,48.823604],[-0.644762,48.822617],[-0.644315,48.821948],[-0.644499,48.820873],[-0.644221,48.820212],[-0.640476,48.817286],[-0.640769,48.816954],[-0.640741,48.816311],[-0.640312,48.8159],[-0.64005,48.815106],[-0.638699,48.813903],[-0.638093,48.812737],[-0.636255,48.811858],[-0.634732,48.810874],[-0.632558,48.811134],[-0.632386,48.811322],[-0.631335,48.811489],[-0.630125,48.811151],[-0.6301,48.809661],[-0.631557,48.808212],[-0.631466,48.807545],[-0.629727,48.806239],[-0.629401,48.805],[-0.629028,48.805025],[-0.628533,48.804576],[-0.627923,48.804619],[-0.627148,48.804202],[-0.625126,48.803788],[-0.624845,48.803463],[-0.626316,48.802968],[-0.626461,48.803232],[-0.626928,48.803254],[-0.627184,48.803073],[-0.627233,48.80327],[-0.627762,48.803341],[-0.627916,48.803286],[-0.62785,48.802984],[-0.628239,48.803226],[-0.628644,48.803099],[-0.628831,48.803412],[-0.629335,48.803168],[-0.630051,48.803174],[-0.630851,48.802648],[-0.632165,48.802372],[-0.632485,48.802121],[-0.633653,48.802059],[-0.634792,48.801609],[-0.635344,48.801222],[-0.636424,48.801229],[-0.636678,48.800627],[-0.63816,48.800075],[-0.63852,48.799355],[-0.639867,48.799358],[-0.640145,48.798884],[-0.64007,48.798249],[-0.639537,48.797401],[-0.640567,48.796051],[-0.640219,48.795909],[-0.641244,48.794329],[-0.643235,48.791858],[-0.644609,48.790879],[-0.646202,48.790119],[-0.646638,48.789666],[-0.646651,48.789195],[-0.646438,48.788945],[-0.64737,48.787177],[-0.646844,48.787011],[-0.647396,48.78302],[-0.649415,48.780957],[-0.647796,48.780423],[-0.650195,48.778443],[-0.649277,48.778009],[-0.65047,48.77674],[-0.650832,48.775257],[-0.651573,48.773804],[-0.651599,48.77353],[-0.651245,48.773518],[-0.651433,48.772827],[-0.65095,48.771677],[-0.650215,48.770978],[-0.649773,48.770203],[-0.64959,48.768878],[-0.649267,48.768328],[-0.649542,48.768226],[-0.648875,48.766561],[-0.64825,48.76662],[-0.648063,48.766423],[-0.647646,48.766883],[-0.646702,48.767162],[-0.645032,48.767072],[-0.644654,48.7668],[-0.641164,48.767043],[-0.637768,48.767032],[-0.637767,48.766877],[-0.635821,48.766871],[-0.634775,48.766533],[-0.633132,48.765585],[-0.631198,48.764897],[-0.630575,48.765142],[-0.629254,48.765019],[-0.627904,48.764404],[-0.627431,48.764461],[-0.626648,48.763851],[-0.625263,48.765471],[-0.623049,48.765155],[-0.622578,48.765461],[-0.61918,48.766199],[-0.618353,48.765457],[-0.61771,48.764124],[-0.615313,48.762162],[-0.614493,48.761731],[-0.611013,48.761473],[-0.613182,48.760281],[-0.614516,48.75862],[-0.615748,48.758376],[-0.615689,48.758052],[-0.616865,48.757555],[-0.616793,48.757061],[-0.617313,48.755458],[-0.61799,48.754816],[-0.618606,48.754508],[-0.620061,48.754215],[-0.620861,48.754466],[-0.621082,48.754943],[-0.621799,48.75485],[-0.62196,48.755086],[-0.622381,48.755102],[-0.623062,48.754665],[-0.623074,48.754136],[-0.623409,48.754016],[-0.623658,48.754283],[-0.624429,48.754455],[-0.62657,48.754245],[-0.631386,48.755316],[-0.631508,48.755134],[-0.632505,48.754729],[-0.632635,48.754093],[-0.633898,48.753391],[-0.635223,48.753288],[-0.637956,48.753599],[-0.640179,48.752847],[-0.641342,48.752708],[-0.641419,48.752862],[-0.642455,48.752804],[-0.643118,48.752506],[-0.643706,48.752632],[-0.645106,48.751958],[-0.645304,48.751564],[-0.646014,48.751176],[-0.646135,48.750803],[-0.645937,48.750312],[-0.646226,48.749924],[-0.648166,48.749595],[-0.64897,48.748667],[-0.649914,48.748425],[-0.650305,48.748129],[-0.652084,48.746492],[-0.653102,48.745253],[-0.654119,48.744718],[-0.653067,48.743316],[-0.652464,48.743049],[-0.651943,48.743078],[-0.651705,48.743287],[-0.650013,48.742632],[-0.650022,48.741412],[-0.649519,48.739946],[-0.648957,48.739645],[-0.648723,48.738145],[-0.648201,48.738115],[-0.647409,48.737607],[-0.646853,48.737663],[-0.64658,48.736858],[-0.64611,48.736478],[-0.645353,48.734352],[-0.638494,48.721738],[-0.637564,48.719571],[-0.636903,48.71865],[-0.637853,48.718064],[-0.639686,48.71747],[-0.642233,48.715613],[-0.644404,48.71499],[-0.643436,48.713323],[-0.64306,48.712042],[-0.641561,48.710023],[-0.641989,48.709949],[-0.641984,48.709712],[-0.642556,48.709557],[-0.644064,48.708269],[-0.64574,48.707366],[-0.647082,48.705996],[-0.647528,48.705019],[-0.649425,48.70566],[-0.650787,48.705707],[-0.65109,48.706013],[-0.65241,48.70652],[-0.657258,48.706464],[-0.65546,48.705579],[-0.655196,48.705281],[-0.654754,48.703845],[-0.655493,48.703665],[-0.654908,48.702019],[-0.653918,48.701404],[-0.653946,48.70075],[-0.654193,48.700468],[-0.65314,48.699591],[-0.652263,48.69834],[-0.654374,48.697298],[-0.654441,48.697073],[-0.655948,48.69704],[-0.656899,48.696701],[-0.656662,48.696153],[-0.657156,48.695034],[-0.657846,48.694692],[-0.658315,48.69477],[-0.658683,48.694621],[-0.659116,48.69415],[-0.659327,48.693427],[-0.658111,48.692528],[-0.65668,48.691973],[-0.656344,48.691476],[-0.656524,48.690324],[-0.656861,48.689952],[-0.656352,48.689464],[-0.656632,48.689316],[-0.656771,48.68896],[-0.656538,48.688671],[-0.65631,48.688666],[-0.656307,48.688389],[-0.657427,48.686939],[-0.65773,48.68667],[-0.657972,48.686799],[-0.658127,48.686529],[-0.657935,48.686172],[-0.658245,48.685957],[-0.658913,48.684317],[-0.658632,48.68323],[-0.660296,48.683427],[-0.660252,48.683125],[-0.660748,48.683119],[-0.661455,48.682842],[-0.665025,48.684688],[-0.666148,48.684494],[-0.666219,48.684719],[-0.666742,48.684624],[-0.667765,48.685273],[-0.668142,48.68506],[-0.668414,48.685142],[-0.668928,48.685646],[-0.66918,48.685457],[-0.669602,48.685583],[-0.670108,48.685412],[-0.670651,48.685833],[-0.6711,48.685531],[-0.671532,48.686059],[-0.671947,48.686153],[-0.672195,48.685927],[-0.673675,48.686098],[-0.675067,48.686014],[-0.675058,48.686387],[-0.67722,48.686492],[-0.677418,48.686112],[-0.679225,48.686082],[-0.680339,48.685517],[-0.680743,48.685552],[-0.681822,48.685254],[-0.684208,48.686714],[-0.6866,48.687535],[-0.687012,48.688041],[-0.687394,48.687796],[-0.688065,48.688303],[-0.68861,48.688147],[-0.689316,48.688465],[-0.689046,48.688687],[-0.688972,48.689324],[-0.689414,48.689747],[-0.68906,48.690457],[-0.689493,48.691236],[-0.692231,48.690669],[-0.692246,48.690939],[-0.693324,48.690776],[-0.695226,48.690763],[-0.698714,48.69168],[-0.699379,48.692446],[-0.702545,48.691762],[-0.703617,48.691104],[-0.702697,48.690116],[-0.70159,48.689558],[-0.701048,48.689029],[-0.701661,48.687126],[-0.702509,48.686717],[-0.705257,48.685977],[-0.706109,48.68555],[-0.707417,48.684447],[-0.708399,48.68301],[-0.710767,48.68154],[-0.71022,48.680871],[-0.70973,48.678648],[-0.709466,48.678335],[-0.709851,48.677876],[-0.711447,48.67716],[-0.711808,48.676582],[-0.711062,48.675624],[-0.71118,48.67469],[-0.710717,48.674158],[-0.710503,48.671912],[-0.710649,48.671474],[-0.711052,48.670931],[-0.711482,48.670708],[-0.712465,48.670594],[-0.713751,48.670796],[-0.714972,48.670288],[-0.715262,48.668901],[-0.71612,48.668539],[-0.716319,48.668272],[-0.716188,48.666467],[-0.715606,48.665652],[-0.715945,48.663161],[-0.717269,48.662475],[-0.718215,48.662657],[-0.719938,48.662494],[-0.720199,48.662335],[-0.720293,48.661785],[-0.721289,48.66264],[-0.721747,48.662695],[-0.72212,48.662949],[-0.721982,48.663454],[-0.722122,48.663594],[-0.72258,48.663471],[-0.722765,48.663781],[-0.723084,48.663731],[-0.723618,48.66409],[-0.724111,48.66398],[-0.724054,48.664393],[-0.724678,48.664641],[-0.724847,48.665103],[-0.725413,48.664978],[-0.725436,48.665418],[-0.726363,48.665357],[-0.726827,48.665714],[-0.727259,48.665726],[-0.727295,48.665845],[-0.72679,48.666124],[-0.726975,48.666234],[-0.727319,48.666123],[-0.72728,48.666512],[-0.727689,48.666798],[-0.728099,48.666737],[-0.727742,48.667066],[-0.727823,48.667173],[-0.728348,48.667129],[-0.728319,48.667438],[-0.728526,48.667494],[-0.728486,48.667638],[-0.728115,48.667693],[-0.728203,48.668077],[-0.728713,48.668308],[-0.729466,48.66835],[-0.729638,48.668621],[-0.729892,48.668631],[-0.729995,48.668402],[-0.730629,48.668491],[-0.730961,48.668758],[-0.73036,48.669531],[-0.730904,48.669562],[-0.731437,48.669367],[-0.731844,48.669435],[-0.73283,48.670696],[-0.733277,48.670861],[-0.733454,48.67159],[-0.733165,48.671989],[-0.732467,48.672123],[-0.73249,48.672314],[-0.732958,48.672594],[-0.732805,48.672937],[-0.733267,48.673159],[-0.732872,48.673447],[-0.73314,48.6738],[-0.732843,48.674074],[-0.733381,48.675048],[-0.734075,48.674916],[-0.734273,48.67508],[-0.73422,48.675424],[-0.734757,48.675399],[-0.735263,48.675712],[-0.734906,48.675966],[-0.735469,48.676102],[-0.735615,48.677528],[-0.735969,48.678104],[-0.735606,48.678448],[-0.7364,48.679215],[-0.736701,48.679765],[-0.736588,48.680038],[-0.73615,48.680203],[-0.736253,48.680579],[-0.735725,48.681212],[-0.735805,48.681806],[-0.736459,48.681884],[-0.736733,48.682071],[-0.736285,48.682092],[-0.736177,48.682365],[-0.735708,48.682595],[-0.73562,48.683588],[-0.734906,48.684117],[-0.735077,48.684196],[-0.735029,48.684512],[-0.735332,48.684487],[-0.735574,48.684779],[-0.73525,48.684903],[-0.734789,48.685675],[-0.735407,48.685826],[-0.735069,48.686054],[-0.735628,48.686352],[-0.736124,48.686411],[-0.736082,48.686592],[-0.736496,48.686725],[-0.737643,48.686715],[-0.740746,48.687169],[-0.741645,48.68745],[-0.741867,48.688061],[-0.742342,48.688552],[-0.742749,48.688627],[-0.742912,48.688837],[-0.742962,48.689867],[-0.743171,48.690078],[-0.746697,48.690033],[-0.747311,48.690325],[-0.748527,48.690033],[-0.751433,48.690094],[-0.751769,48.690221],[-0.752165,48.690168],[-0.752387,48.6904],[-0.753431,48.690452],[-0.753682,48.6903],[-0.754208,48.690533],[-0.754879,48.69027],[-0.755326,48.69039],[-0.755613,48.690289],[-0.756529,48.690656],[-0.758301,48.690824],[-0.758676,48.691158],[-0.759491,48.691479],[-0.759515,48.69192],[-0.760465,48.691878],[-0.760969,48.692023],[-0.761151,48.692231],[-0.762097,48.692155],[-0.762616,48.691855],[-0.762781,48.692063],[-0.764392,48.692526],[-0.764199,48.69266],[-0.764804,48.693161],[-0.764838,48.693543],[-0.765855,48.693699],[-0.766267,48.694046],[-0.767111,48.694395],[-0.767629,48.694956],[-0.76867,48.694916],[-0.769468,48.695288],[-0.769533,48.695962],[-0.770395,48.696261],[-0.771488,48.697068],[-0.771672,48.697825],[-0.771491,48.697997],[-0.772109,48.698378],[-0.77205,48.698628],[-0.772324,48.699029],[-0.773648,48.699422],[-0.77427,48.699946],[-0.774783,48.700119],[-0.775022,48.70002],[-0.775741,48.700634],[-0.776023,48.700374],[-0.776839,48.700483],[-0.777324,48.700799],[-0.777213,48.701252],[-0.777713,48.701243],[-0.777695,48.70103],[-0.77792,48.700962],[-0.778223,48.701023],[-0.778364,48.701092],[-0.778202,48.70131],[-0.778803,48.701585],[-0.778711,48.702115],[-0.779553,48.702381],[-0.779934,48.702746],[-0.780796,48.702935],[-0.781282,48.702529],[-0.781205,48.702368],[-0.781432,48.702344],[-0.782329,48.702791],[-0.782867,48.702677],[-0.783556,48.702828],[-0.783574,48.703191],[-0.785225,48.703625],[-0.785804,48.704031],[-0.786851,48.703836],[-0.789697,48.703964],[-0.790694,48.704325],[-0.790602,48.704537],[-0.791199,48.704608],[-0.792622,48.705703],[-0.792837,48.706278],[-0.793925,48.706683],[-0.794274,48.70714],[-0.794197,48.707486],[-0.794673,48.707813],[-0.794683,48.708232],[-0.796845,48.709171],[-0.797059,48.709099],[-0.797193,48.709261],[-0.797801,48.709157],[-0.798037,48.709569],[-0.797875,48.70972],[-0.797984,48.709971],[-0.798497,48.709958],[-0.799026,48.710253],[-0.799328,48.711091],[-0.798919,48.711288],[-0.798654,48.711684],[-0.79893,48.712397],[-0.799286,48.712475],[-0.799736,48.712864],[-0.800087,48.71283],[-0.800727,48.713172],[-0.80113,48.713143],[-0.802444,48.713857],[-0.803906,48.713555],[-0.804527,48.713745],[-0.804789,48.714896],[-0.803534,48.716181],[-0.803277,48.716892],[-0.803397,48.717386],[-0.803715,48.718183],[-0.804076,48.718366],[-0.804521,48.718235],[-0.805223,48.718447],[-0.805695,48.718864],[-0.806398,48.719125],[-0.806474,48.719503],[-0.806358,48.719788],[-0.805227,48.720524],[-0.804815,48.720986],[-0.804843,48.721332],[-0.805321,48.721579],[-0.804969,48.72205],[-0.805319,48.722433],[-0.806064,48.722561],[-0.806479,48.723273],[-0.806948,48.723514],[-0.806969,48.72412],[-0.80759,48.724716],[-0.807908,48.725553],[-0.808798,48.725598],[-0.809189,48.725792],[-0.809461,48.725716],[-0.809405,48.725867],[-0.809699,48.725944],[-0.809981,48.725847],[-0.809874,48.725963],[-0.810099,48.726291],[-0.81119,48.726637],[-0.812751,48.727658],[-0.813377,48.727794],[-0.813641,48.728088],[-0.814104,48.728161],[-0.814115,48.728337],[-0.814569,48.728424],[-0.815739,48.729043],[-0.816027,48.729222],[-0.815832,48.729556],[-0.81718,48.730557],[-0.817689,48.730612],[-0.817778,48.7312],[-0.818411,48.731408],[-0.819809,48.731446],[-0.822395,48.732222],[-0.822934,48.732241],[-0.823114,48.732485],[-0.823711,48.73246],[-0.823904,48.732749],[-0.824206,48.732632],[-0.824815,48.732695],[-0.82482,48.732974],[-0.825731,48.733307],[-0.826059,48.733175],[-0.827399,48.733602],[-0.828005,48.733431],[-0.828358,48.733712],[-0.828792,48.733422],[-0.829181,48.733464],[-0.829476,48.733182],[-0.829985,48.733119],[-0.830274,48.732743],[-0.830424,48.732784],[-0.830205,48.731822],[-0.829872,48.731434],[-0.830043,48.731117],[-0.83147,48.73029],[-0.83173,48.729894],[-0.832962,48.729488],[-0.833257,48.729187],[-0.832364,48.728176],[-0.832483,48.727968],[-0.833089,48.727714],[-0.833277,48.727782],[-0.833587,48.72762],[-0.834887,48.727444],[-0.835511,48.727631],[-0.836144,48.727545],[-0.836203,48.727704],[-0.836461,48.727726],[-0.837195,48.728354],[-0.837073,48.728448],[-0.8379,48.729376],[-0.838607,48.729304],[-0.839368,48.72953],[-0.839974,48.729366],[-0.840694,48.728839],[-0.84094,48.72838],[-0.841568,48.728193],[-0.842559,48.728553],[-0.843362,48.72908],[-0.843637,48.728927],[-0.843939,48.729222],[-0.84465,48.729414],[-0.845484,48.729225],[-0.846437,48.729294],[-0.846615,48.729512],[-0.846409,48.730343],[-0.846797,48.730914],[-0.847871,48.730969],[-0.848048,48.730859],[-0.848895,48.730974],[-0.849351,48.730826],[-0.850102,48.731094],[-0.850082,48.731498],[-0.850402,48.73179],[-0.850602,48.731753],[-0.850614,48.732017],[-0.85097,48.732184],[-0.850613,48.732908],[-0.850559,48.733607],[-0.85075,48.733825],[-0.850548,48.734505],[-0.851686,48.735907],[-0.851733,48.736234],[-0.851181,48.736886],[-0.851744,48.738125],[-0.851185,48.740369],[-0.851386,48.742064],[-0.851744,48.742506],[-0.851541,48.743366],[-0.851672,48.744317],[-0.852112,48.744632],[-0.852254,48.745652],[-0.851786,48.746332],[-0.850617,48.747193],[-0.850324,48.747205],[-0.84941,48.748667],[-0.8459,48.749756],[-0.843581,48.750726],[-0.842941,48.751159],[-0.842296,48.751268],[-0.841185,48.752381],[-0.840085,48.751864],[-0.838633,48.751693],[-0.835303,48.752369],[-0.834106,48.752454],[-0.832772,48.752857],[-0.830898,48.752795],[-0.829544,48.75292],[-0.825559,48.752433],[-0.821559,48.75286],[-0.820324,48.753485],[-0.818719,48.754997],[-0.816453,48.756645],[-0.81254,48.758911],[-0.811109,48.759508],[-0.80878,48.760151],[-0.808382,48.760401]]]}},{"type":"Feature","properties":{"uai_primary":"0610044S","uai_all":"0610044S","is_merged":false},"geometry":{"type":"Polygon","coordinates":[[[0.115939,48.875985],[0.117546,48.875093],[0.119571,48.87531],[0.1202,48.87484],[0.120489,48.874549],[0.120054,48.874226],[0.121798,48.872789],[0.120589,48.872394],[0.121036,48.872046],[0.121659,48.871821],[0.122703,48.872386],[0.124271,48.871728],[0.127145,48.869989],[0.128755,48.869384],[0.135476,48.872403],[0.135134,48.872704],[0.135865,48.873141],[0.139551,48.869548],[0.142174,48.870878],[0.141918,48.871287],[0.144516,48.872336],[0.144857,48.872343],[0.145223,48.87208],[0.145831,48.872226],[0.146681,48.872657],[0.146414,48.873089],[0.146996,48.873335],[0.148689,48.873591],[0.151847,48.873174],[0.154717,48.874252],[0.155045,48.874258],[0.155175,48.87451],[0.159059,48.873599],[0.159545,48.872992],[0.160606,48.872904],[0.16098,48.872927],[0.162941,48.873682],[0.165178,48.873992],[0.165558,48.873055],[0.166241,48.872755],[0.166397,48.872147],[0.16636,48.871382],[0.165936,48.870441],[0.16391,48.870418],[0.162955,48.869696],[0.162176,48.869526],[0.162037,48.869251],[0.161297,48.86917],[0.161124,48.86873],[0.159473,48.867687],[0.158074,48.867264],[0.157661,48.867425],[0.1571,48.867231],[0.156321,48.867191],[0.155053,48.866776],[0.154957,48.86628],[0.154396,48.866273],[0.153036,48.865422],[0.1527,48.864755],[0.15144,48.863876],[0.150654,48.863788],[0.14868,48.862818],[0.147954,48.862654],[0.147298,48.862721],[0.14638,48.862483],[0.146187,48.86232],[0.146339,48.862106],[0.146195,48.861871],[0.144657,48.861282],[0.142393,48.859351],[0.141595,48.858004],[0.142566,48.857568],[0.143722,48.856743],[0.144289,48.855982],[0.144754,48.853646],[0.14455,48.852599],[0.143704,48.850606],[0.143943,48.850037],[0.144504,48.849586],[0.146505,48.848692],[0.147847,48.848624],[0.155437,48.847192],[0.158052,48.846947],[0.160347,48.846369],[0.160985,48.846394],[0.160738,48.845294],[0.160794,48.844383],[0.161908,48.843082],[0.162307,48.841968],[0.163006,48.840983],[0.163225,48.840372],[0.163091,48.839733],[0.163735,48.838524],[0.163905,48.837728],[0.164263,48.836861],[0.164917,48.836816],[0.16561,48.83492],[0.165442,48.834864],[0.165615,48.83432],[0.166297,48.832985],[0.16737,48.831991],[0.167852,48.831229],[0.166241,48.83068],[0.167214,48.829555],[0.16422,48.828711],[0.160698,48.827253],[0.176973,48.8167],[0.165756,48.812812],[0.139116,48.792711],[0.139581,48.786425],[0.131364,48.773853],[0.128821,48.774083],[0.12592,48.774949],[0.120727,48.778129],[0.109917,48.783964],[0.108102,48.785133],[0.104931,48.786768],[0.102522,48.788339],[0.100283,48.789506],[0.09818,48.789821],[0.091136,48.790105],[0.086243,48.798178],[0.080111,48.806173],[0.068882,48.813436],[0.064683,48.808713],[0.063099,48.806811],[0.063268,48.806736],[0.060738,48.804171],[0.058637,48.801398],[0.05853,48.800743],[0.05692,48.798246],[0.055392,48.798],[0.053536,48.796628],[0.056106,48.793186],[0.060577,48.787921],[0.075451,48.779856],[0.07275,48.772519],[0.066634,48.770457],[0.059521,48.768836],[0.058248,48.769971],[0.052167,48.778335],[0.047677,48.783039],[0.039828,48.784361],[0.039744,48.783837],[0.039525,48.78367],[0.03987,48.783417],[0.039579,48.782287],[0.039127,48.781515],[0.03676,48.781618],[0.035381,48.781838],[0.035036,48.781966],[0.034938,48.782638],[0.034156,48.783388],[0.033924,48.784013],[0.032461,48.784479],[0.032112,48.784697],[0.032108,48.785138],[0.031496,48.78525],[0.030572,48.784127],[0.030094,48.784163],[0.029781,48.785101],[0.030333,48.786046],[0.027137,48.78697],[0.025276,48.786947],[0.022795,48.781995],[0.021594,48.7826],[0.018651,48.783281],[0.018205,48.783573],[0.016594,48.78375],[0.0136,48.783462],[0.01296,48.78392],[0.012315,48.784706],[0.012313,48.785199],[0.012694,48.785938],[0.012025,48.786275],[0.011843,48.786722],[0.009771,48.787272],[0.009175,48.78769],[0.008976,48.788792],[0.007269,48.788467],[0.006256,48.788872],[0.005842,48.789583],[0.004767,48.78995],[0.004252,48.790659],[0.004077,48.790598],[0.003713,48.790778],[0.002783,48.790266],[0.002351,48.789255],[0.001713,48.790168],[0.000485,48.790685],[0.002058,48.790676],[0.002614,48.790982],[0.00259,48.791521],[0.002228,48.792008],[0.001332,48.79226],[0.000376,48.792332],[-0.000776,48.79143],[-0.002774,48.791281],[-0.003582,48.791382],[-0.005037,48.792025],[-0.00576,48.792184],[-0.006387,48.792685],[-0.007238,48.792696],[-0.008526,48.793231],[-0.008668,48.793665],[-0.009163,48.793843],[-0.008612,48.794755],[-0.011429,48.79555],[-0.011549,48.795925],[-0.013424,48.796314],[-0.014121,48.795094],[-0.015694,48.795288],[-0.016781,48.795258],[-0.01741,48.795605],[-0.018848,48.795801],[-0.01928,48.794848],[-0.019356,48.793498],[-0.019551,48.793315],[-0.02064,48.793293],[-0.022523,48.792806],[-0.023266,48.792701],[-0.024457,48.793442],[-0.025009,48.79361],[-0.028643,48.793979],[-0.028913,48.793633],[-0.029181,48.791647],[-0.029459,48.791359],[-0.030423,48.790963],[-0.031539,48.790993],[-0.031576,48.791172],[-0.034071,48.791928],[-0.037092,48.791979],[-0.037079,48.793856],[-0.037427,48.794908],[-0.038451,48.796046],[-0.039779,48.796969],[-0.041666,48.797706],[-0.043173,48.798765],[-0.045235,48.79974],[-0.048321,48.800101],[-0.052304,48.801221],[-0.053255,48.802151],[-0.054579,48.802974],[-0.055565,48.802989],[-0.054041,48.808164],[-0.057452,48.809316],[-0.063128,48.810683],[-0.064988,48.810574],[-0.065591,48.810039],[-0.066902,48.807391],[-0.070332,48.803783],[-0.071389,48.801878],[-0.071295,48.801454],[-0.071659,48.800867],[-0.072118,48.800498],[-0.072659,48.800433],[-0.073829,48.800704],[-0.074415,48.800127],[-0.073789,48.799826],[-0.075413,48.798174],[-0.076584,48.798465],[-0.080461,48.7955],[-0.081788,48.796237],[-0.082264,48.796228],[-0.083823,48.797545],[-0.084131,48.796864],[-0.084529,48.796855],[-0.085108,48.79511],[-0.085642,48.795152],[-0.085501,48.794403],[-0.089061,48.794605],[-0.089795,48.794804],[-0.090157,48.794558],[-0.091842,48.795105],[-0.093345,48.795388],[-0.104205,48.79676],[-0.116502,48.797667],[-0.116756,48.800249],[-0.114222,48.800332],[-0.114287,48.802195],[-0.112987,48.802055],[-0.112734,48.803961],[-0.111231,48.8038],[-0.110794,48.805787],[-0.109733,48.807832],[-0.110239,48.80895],[-0.110309,48.809687],[-0.109746,48.810987],[-0.113825,48.812019],[-0.115971,48.812878],[-0.118351,48.813422],[-0.122419,48.815152],[-0.122137,48.815579],[-0.124857,48.816144],[-0.131358,48.818906],[-0.132225,48.819564],[-0.131569,48.820082],[-0.134935,48.8216],[-0.14329,48.828311],[-0.145589,48.831646],[-0.145868,48.832727],[-0.145205,48.833746],[-0.14638,48.834609],[-0.144707,48.83529],[-0.143411,48.835514],[-0.142184,48.836093],[-0.139126,48.836021],[-0.137615,48.835721],[-0.13725,48.835911],[-0.1361,48.835698],[-0.133482,48.834565],[-0.132361,48.835234],[-0.132511,48.835443],[-0.131672,48.835772],[-0.131289,48.835549],[-0.130844,48.83578],[-0.130927,48.836512],[-0.128861,48.83859],[-0.127986,48.838081],[-0.126669,48.837689],[-0.126029,48.838445],[-0.123184,48.839788],[-0.122969,48.840015],[-0.123254,48.840339],[-0.125824,48.842691],[-0.123855,48.844102],[-0.127171,48.846295],[-0.125836,48.846832],[-0.125942,48.847272],[-0.124617,48.847787],[-0.122649,48.845935],[-0.121997,48.8451],[-0.12226,48.844885],[-0.122101,48.844714],[-0.117623,48.842395],[-0.116563,48.841429],[-0.11515,48.839227],[-0.113938,48.839698],[-0.109355,48.84229],[-0.107764,48.840932],[-0.10697,48.83977],[-0.105367,48.840905],[-0.105315,48.841284],[-0.102638,48.842288],[-0.101997,48.842751],[-0.101378,48.842889],[-0.099468,48.84252],[-0.097284,48.842597],[-0.095703,48.843271],[-0.093016,48.843328],[-0.091176,48.843617],[-0.089385,48.843617],[-0.088057,48.843884],[-0.087831,48.844173],[-0.08515,48.844431],[-0.084508,48.844453],[-0.083656,48.844183],[-0.083287,48.844321],[-0.082791,48.84489],[-0.081103,48.843764],[-0.080618,48.84314],[-0.0778,48.841584],[-0.076907,48.84188],[-0.075428,48.840557],[-0.074278,48.841413],[-0.073412,48.841768],[-0.0695,48.842762],[-0.069266,48.841451],[-0.068642,48.841015],[-0.068602,48.840572],[-0.068824,48.84025],[-0.066867,48.839683],[-0.066998,48.840236],[-0.067528,48.840721],[-0.067137,48.841679],[-0.065386,48.844167],[-0.063982,48.843787],[-0.061259,48.848585],[-0.061509,48.848718],[-0.059332,48.852758],[-0.058647,48.852684],[-0.059024,48.853876],[-0.058502,48.854023],[-0.055889,48.856023],[-0.051587,48.858358],[-0.05112,48.857975],[-0.049152,48.859142],[-0.038444,48.86394],[-0.036159,48.865245],[-0.034339,48.866739],[-0.033403,48.867798],[-0.030727,48.869892],[-0.03095,48.870243],[-0.031292,48.870387],[-0.031027,48.870636],[-0.031694,48.870797],[-0.03213,48.871203],[-0.030083,48.872619],[-0.030316,48.873189],[-0.031046,48.873849],[-0.029628,48.874701],[-0.029292,48.874383],[-0.026409,48.876082],[-0.02682,48.876554],[-0.023425,48.878097],[-0.022637,48.877055],[-0.019717,48.87429],[-0.016759,48.875542],[-0.014525,48.87676],[-0.012573,48.877577],[-0.012175,48.877584],[-0.010362,48.875532],[-0.00762,48.872964],[-0.006665,48.872233],[-0.006095,48.872405],[-0.007262,48.874227],[-0.009114,48.879827],[-0.009038,48.880806],[-0.010108,48.883957],[-0.008509,48.8846],[-0.007025,48.885691],[-0.006688,48.885335],[-0.005662,48.886117],[-0.005474,48.885721],[-0.005223,48.886025],[-0.004869,48.885734],[-0.003577,48.8864],[-0.003055,48.885882],[0.002461,48.88787],[0.003262,48.888579],[0.004229,48.889104],[0.010099,48.891387],[0.015974,48.892762],[0.018983,48.893916],[0.022217,48.894733],[0.02596,48.895947],[0.026098,48.895761],[0.029183,48.896443],[0.030721,48.894122],[0.032062,48.895857],[0.034043,48.896242],[0.035105,48.896636],[0.035553,48.89639],[0.037952,48.897103],[0.038573,48.896835],[0.041448,48.897347],[0.044852,48.898314],[0.045538,48.898238],[0.046189,48.898814],[0.046813,48.898712],[0.047464,48.899408],[0.049383,48.899175],[0.050129,48.899279],[0.050973,48.899609],[0.051147,48.900917],[0.051682,48.901264],[0.052656,48.901417],[0.054967,48.901366],[0.055798,48.901565],[0.056237,48.901788],[0.056714,48.903125],[0.057562,48.904401],[0.057742,48.905711],[0.05739,48.907665],[0.057848,48.909657],[0.0584,48.910658],[0.061847,48.913872],[0.062766,48.915077],[0.06359,48.91671],[0.064843,48.916534],[0.068676,48.917545],[0.069594,48.917993],[0.072589,48.917719],[0.073748,48.917918],[0.07506,48.918433],[0.07773,48.918681],[0.079548,48.918672],[0.081217,48.918904],[0.083088,48.918734],[0.083329,48.919276],[0.084143,48.919216],[0.084069,48.918044],[0.085163,48.91791],[0.085387,48.917329],[0.085877,48.916825],[0.087599,48.915824],[0.09058,48.913199],[0.090471,48.912121],[0.089583,48.911203],[0.089177,48.910255],[0.088785,48.908672],[0.088953,48.908449],[0.088957,48.907338],[0.08841,48.907113],[0.089259,48.90663],[0.089658,48.905988],[0.090307,48.905466],[0.093667,48.903231],[0.09382,48.902908],[0.093009,48.901659],[0.09313,48.899695],[0.092284,48.898643],[0.091516,48.898028],[0.092121,48.897273],[0.092302,48.896242],[0.092671,48.895466],[0.093056,48.895298],[0.093254,48.894732],[0.092757,48.892107],[0.092455,48.891821],[0.092633,48.891665],[0.090945,48.887772],[0.090726,48.886593],[0.093063,48.886235],[0.101096,48.888678],[0.102562,48.888603],[0.107733,48.892705],[0.109453,48.888076],[0.110953,48.885244],[0.11332,48.883732],[0.113671,48.883256],[0.11361,48.883052],[0.112241,48.882346],[0.110895,48.881219],[0.110741,48.88031],[0.110452,48.880031],[0.109468,48.879702],[0.110172,48.879091],[0.110871,48.878919],[0.112563,48.877943],[0.113156,48.877872],[0.115939,48.875985]]]}},{"type":"Feature","properties":{"uai_primary":"0610045T","uai_all":"0610045T","is_merged":false},"geometry":{"type":"Polygon","coordinates":[[[0.400173,48.952803],[0.405558,48.952349],[0.405359,48.951957],[0.412718,48.950425],[0.410247,48.946694],[0.412155,48.946321],[0.410315,48.945743],[0.4074,48.944151],[0.408263,48.943546],[0.406233,48.941446],[0.404121,48.939625],[0.403579,48.938682],[0.401933,48.937083],[0.401592,48.937154],[0.395277,48.931643],[0.394873,48.931046],[0.395156,48.929212],[0.394614,48.92888],[0.392909,48.928895],[0.392043,48.928684],[0.391445,48.928127],[0.390801,48.927118],[0.390513,48.925695],[0.389296,48.923374],[0.389126,48.921797],[0.388102,48.921821],[0.387487,48.92007],[0.386329,48.918619],[0.386417,48.917399],[0.387336,48.914164],[0.387383,48.913313],[0.387,48.912703],[0.386885,48.911684],[0.386089,48.911087],[0.386303,48.910821],[0.386051,48.910485],[0.38414,48.911431],[0.383564,48.911569],[0.38347,48.911321],[0.382889,48.911462],[0.381621,48.908398],[0.380575,48.90713],[0.376023,48.903338],[0.375342,48.902375],[0.375015,48.901358],[0.375132,48.899063],[0.375695,48.89831],[0.37751,48.894705],[0.377391,48.894224],[0.375741,48.892582],[0.374794,48.89131],[0.372967,48.889939],[0.372746,48.889384],[0.370255,48.886542],[0.365694,48.883567],[0.365677,48.883288],[0.364913,48.882861],[0.363621,48.881746],[0.363134,48.880774],[0.360799,48.877707],[0.360823,48.877206],[0.35803,48.873501],[0.357501,48.873307],[0.356432,48.871662],[0.35535,48.869307],[0.352499,48.870196],[0.351343,48.870337],[0.349535,48.87035],[0.348217,48.870176],[0.348972,48.868257],[0.344436,48.866369],[0.33946,48.866113],[0.339272,48.865532],[0.339284,48.863919],[0.339355,48.863547],[0.339707,48.863225],[0.333217,48.861592],[0.331778,48.861489],[0.331543,48.861176],[0.327095,48.861958],[0.32563,48.85886],[0.32526,48.858506],[0.323722,48.858425],[0.323263,48.859114],[0.322895,48.858981],[0.322092,48.86036],[0.320061,48.861765],[0.319142,48.861917],[0.319795,48.862562],[0.316034,48.864658],[0.314582,48.866491],[0.312693,48.86775],[0.305818,48.869799],[0.302575,48.869846],[0.301903,48.87168],[0.298592,48.871544],[0.295326,48.8745],[0.294151,48.875796],[0.29267,48.875449],[0.292388,48.875858],[0.288869,48.875421],[0.287909,48.875982],[0.287358,48.87606],[0.286273,48.876138],[0.283937,48.875825],[0.281932,48.87648],[0.280036,48.876644],[0.279308,48.877414],[0.28018,48.878615],[0.280152,48.879394],[0.279409,48.879481],[0.279156,48.879653],[0.279361,48.880478],[0.2791,48.881069],[0.279274,48.881647],[0.278943,48.881724],[0.27891,48.882739],[0.278453,48.882905],[0.278824,48.883162],[0.278789,48.883356],[0.278045,48.883659],[0.278089,48.884035],[0.277703,48.884238],[0.277573,48.884724],[0.27683,48.884652],[0.276638,48.88496],[0.276643,48.885067],[0.277282,48.885194],[0.277232,48.885482],[0.277533,48.885896],[0.276025,48.886069],[0.274473,48.88511],[0.2737,48.884838],[0.272071,48.884496],[0.271374,48.884424],[0.270412,48.884596],[0.26969,48.884388],[0.268929,48.882986],[0.268468,48.882696],[0.268656,48.881444],[0.267982,48.881253],[0.26547,48.880869],[0.265303,48.881155],[0.264235,48.881233],[0.263671,48.881918],[0.261926,48.880985],[0.260189,48.882177],[0.252898,48.880071],[0.249025,48.879352],[0.250378,48.875768],[0.251163,48.874854],[0.251634,48.873916],[0.253846,48.871795],[0.254094,48.871735],[0.252814,48.867933],[0.252784,48.863545],[0.252025,48.862681],[0.251823,48.861758],[0.252278,48.860598],[0.252678,48.860328],[0.252685,48.858925],[0.254281,48.855101],[0.253576,48.851122],[0.252935,48.849514],[0.252207,48.848367],[0.248754,48.844816],[0.246728,48.840943],[0.244268,48.838082],[0.243448,48.839506],[0.241485,48.840073],[0.240752,48.841353],[0.23934,48.842569],[0.236141,48.843879],[0.234607,48.84475],[0.234318,48.845151],[0.23323,48.845511],[0.230195,48.845867],[0.228955,48.845834],[0.228538,48.846099],[0.227044,48.848268],[0.226215,48.848389],[0.224824,48.847313],[0.22423,48.847838],[0.223908,48.848473],[0.219488,48.847693],[0.219263,48.846688],[0.217753,48.845426],[0.216595,48.843394],[0.215932,48.841063],[0.215927,48.840104],[0.216224,48.83931],[0.217196,48.839008],[0.212679,48.827708],[0.211587,48.827551],[0.212851,48.822391],[0.214263,48.822347],[0.216272,48.821369],[0.215548,48.819948],[0.217266,48.819635],[0.21426,48.817769],[0.213462,48.815892],[0.212274,48.816071],[0.211788,48.814964],[0.201579,48.814132],[0.176973,48.8167],[0.160698,48.827253],[0.16422,48.828711],[0.167214,48.829555],[0.166241,48.83068],[0.167852,48.831229],[0.16737,48.831991],[0.166297,48.832985],[0.165615,48.83432],[0.165442,48.834864],[0.16561,48.83492],[0.164917,48.836816],[0.164263,48.836861],[0.163905,48.837728],[0.163735,48.838524],[0.163091,48.839733],[0.163225,48.840372],[0.163006,48.840983],[0.162307,48.841968],[0.161908,48.843082],[0.160794,48.844383],[0.160738,48.845294],[0.160985,48.846394],[0.160347,48.846369],[0.158052,48.846947],[0.155437,48.847192],[0.147847,48.848624],[0.146505,48.848692],[0.144504,48.849586],[0.143943,48.850037],[0.143704,48.850606],[0.14455,48.852599],[0.144754,48.853646],[0.144289,48.855982],[0.143722,48.856743],[0.142566,48.857568],[0.141595,48.858004],[0.142393,48.859351],[0.144657,48.861282],[0.146195,48.861871],[0.146339,48.862106],[0.146187,48.86232],[0.14638,48.862483],[0.147298,48.862721],[0.147954,48.862654],[0.14868,48.862818],[0.150654,48.863788],[0.15144,48.863876],[0.1527,48.864755],[0.153036,48.865422],[0.154396,48.866273],[0.154957,48.86628],[0.155053,48.866776],[0.156321,48.867191],[0.1571,48.867231],[0.157661,48.867425],[0.158074,48.867264],[0.159473,48.867687],[0.161124,48.86873],[0.161297,48.86917],[0.162037,48.869251],[0.162176,48.869526],[0.162955,48.869696],[0.16391,48.870418],[0.165936,48.870441],[0.16636,48.871382],[0.166397,48.872147],[0.166241,48.872755],[0.165558,48.873055],[0.165178,48.873992],[0.162941,48.873682],[0.16098,48.872927],[0.160606,48.872904],[0.159545,48.872992],[0.159059,48.873599],[0.155175,48.87451],[0.155045,48.874258],[0.154717,48.874252],[0.151847,48.873174],[0.148689,48.873591],[0.146996,48.873335],[0.146414,48.873089],[0.146681,48.872657],[0.145831,48.872226],[0.145223,48.87208],[0.144857,48.872343],[0.144516,48.872336],[0.141918,48.871287],[0.142174,48.870878],[0.139551,48.869548],[0.135865,48.873141],[0.135134,48.872704],[0.135476,48.872403],[0.128755,48.869384],[0.127145,48.869989],[0.124271,48.871728],[0.122703,48.872386],[0.121659,48.871821],[0.121036,48.872046],[0.120589,48.872394],[0.121798,48.872789],[0.120054,48.874226],[0.120492,48.874577],[0.119571,48.87531],[0.117546,48.875093],[0.114578,48.876784],[0.114718,48.876924],[0.113156,48.877872],[0.112563,48.877943],[0.110871,48.878919],[0.109852,48.879259],[0.109529,48.879582],[0.109468,48.879702],[0.110187,48.879889],[0.110741,48.88031],[0.110895,48.881219],[0.112241,48.882346],[0.11361,48.883052],[0.113671,48.883256],[0.11332,48.883732],[0.110953,48.885244],[0.109453,48.888076],[0.107733,48.892705],[0.102562,48.888603],[0.101096,48.888678],[0.093063,48.886235],[0.090726,48.886593],[0.090945,48.887772],[0.092633,48.891665],[0.092455,48.891821],[0.092757,48.892107],[0.093254,48.894732],[0.093056,48.895298],[0.092671,48.895466],[0.092302,48.896242],[0.092121,48.897273],[0.091516,48.898028],[0.092284,48.898643],[0.09313,48.899695],[0.093009,48.901659],[0.09382,48.902908],[0.093667,48.903231],[0.090307,48.905466],[0.089658,48.905988],[0.089259,48.90663],[0.08841,48.907113],[0.088957,48.907338],[0.088953,48.908449],[0.088785,48.908672],[0.089177,48.910255],[0.089583,48.911203],[0.090471,48.912121],[0.09058,48.913199],[0.087599,48.915824],[0.085877,48.916825],[0.085387,48.917329],[0.085163,48.91791],[0.084069,48.918044],[0.084143,48.919216],[0.083329,48.919276],[0.083088,48.918734],[0.081217,48.918904],[0.079548,48.918672],[0.07773,48.918681],[0.07506,48.918433],[0.073748,48.917918],[0.072589,48.917719],[0.069594,48.917993],[0.068676,48.917545],[0.064843,48.916534],[0.06359,48.91671],[0.064311,48.919116],[0.064895,48.924255],[0.065303,48.925344],[0.066472,48.927346],[0.068578,48.929172],[0.070514,48.931775],[0.073085,48.933417],[0.07659,48.934554],[0.07776,48.935091],[0.081048,48.938378],[0.087107,48.937674],[0.086863,48.937258],[0.091197,48.936402],[0.09182,48.93615],[0.097088,48.935342],[0.100678,48.934376],[0.10223,48.935572],[0.1023,48.935816],[0.102017,48.935998],[0.101997,48.936327],[0.102708,48.937116],[0.103196,48.93871],[0.104176,48.939401],[0.10388,48.939748],[0.104021,48.940014],[0.105166,48.940307],[0.105514,48.940234],[0.106181,48.940386],[0.107542,48.941222],[0.107978,48.941193],[0.108185,48.941371],[0.108626,48.941424],[0.109263,48.941782],[0.109234,48.942211],[0.109812,48.942942],[0.110271,48.94287],[0.11112,48.943088],[0.111758,48.943496],[0.112552,48.943693],[0.112973,48.944057],[0.113927,48.944024],[0.11393,48.944437],[0.114389,48.944551],[0.114778,48.945101],[0.115236,48.945205],[0.115332,48.945465],[0.115944,48.945318],[0.116709,48.945662],[0.116714,48.945913],[0.117292,48.946257],[0.118251,48.946166],[0.118188,48.94646],[0.119366,48.94704],[0.119671,48.947402],[0.120206,48.947343],[0.120404,48.947685],[0.12179,48.948247],[0.121899,48.948502],[0.122212,48.948494],[0.122521,48.948693],[0.122823,48.948585],[0.122962,48.948822],[0.123583,48.948812],[0.123595,48.949179],[0.123893,48.949276],[0.124016,48.949648],[0.124414,48.949959],[0.125085,48.950094],[0.125518,48.949925],[0.125616,48.950483],[0.125401,48.950795],[0.126146,48.951124],[0.126496,48.95192],[0.127536,48.952296],[0.127559,48.952003],[0.128312,48.951853],[0.129651,48.951048],[0.130239,48.951109],[0.130476,48.951314],[0.131496,48.951582],[0.133813,48.951265],[0.135628,48.950826],[0.13627,48.950226],[0.136871,48.94988],[0.137407,48.949781],[0.138797,48.948539],[0.140369,48.94769],[0.141463,48.946637],[0.142316,48.94623],[0.142345,48.945976],[0.143313,48.945245],[0.143656,48.944305],[0.144991,48.942857],[0.145909,48.941204],[0.146026,48.940468],[0.145427,48.940079],[0.145391,48.939354],[0.146018,48.93495],[0.146384,48.933021],[0.147778,48.930635],[0.147929,48.928969],[0.148119,48.928704],[0.152568,48.926243],[0.153922,48.924481],[0.164606,48.925658],[0.16739,48.926205],[0.169768,48.926306],[0.170818,48.927104],[0.174616,48.928059],[0.179614,48.929578],[0.179807,48.9301],[0.180534,48.930664],[0.179607,48.931083],[0.180212,48.932569],[0.180027,48.932909],[0.181017,48.933807],[0.181492,48.935564],[0.182381,48.936055],[0.183413,48.937119],[0.183665,48.937588],[0.183567,48.938064],[0.18408,48.93863],[0.184551,48.938999],[0.186047,48.939549],[0.186367,48.939376],[0.18717,48.939409],[0.188016,48.939648],[0.188043,48.940136],[0.187599,48.940233],[0.187284,48.941064],[0.192062,48.941918],[0.192199,48.942361],[0.193778,48.942696],[0.195217,48.943545],[0.195813,48.943395],[0.199356,48.943503],[0.199765,48.943339],[0.201951,48.94346],[0.203784,48.943943],[0.206277,48.944026],[0.206785,48.944293],[0.209034,48.94478],[0.211968,48.946026],[0.212771,48.946216],[0.214998,48.946452],[0.217364,48.94636],[0.221296,48.944632],[0.222424,48.94209],[0.223675,48.941528],[0.224067,48.94073],[0.225744,48.940314],[0.228143,48.940476],[0.229497,48.939652],[0.230058,48.939478],[0.232444,48.939287],[0.233184,48.939831],[0.235707,48.941108],[0.238715,48.942239],[0.242152,48.944397],[0.24147,48.945344],[0.24052,48.94774],[0.239759,48.951233],[0.239203,48.952019],[0.241011,48.952764],[0.241627,48.953237],[0.24255,48.955846],[0.245123,48.95938],[0.246374,48.960209],[0.249711,48.959867],[0.251023,48.959304],[0.251908,48.960719],[0.252688,48.961527],[0.254266,48.962443],[0.255466,48.962753],[0.255569,48.963176],[0.258624,48.963922],[0.260311,48.963951],[0.261486,48.964415],[0.26327,48.964645],[0.263668,48.964852],[0.264562,48.964688],[0.264703,48.964939],[0.265984,48.964601],[0.268501,48.964474],[0.26972,48.9642],[0.271287,48.964932],[0.273096,48.964974],[0.273782,48.964806],[0.27493,48.964923],[0.276385,48.965686],[0.276802,48.965385],[0.277466,48.965687],[0.279781,48.963462],[0.280328,48.963208],[0.278003,48.962008],[0.277118,48.961909],[0.276916,48.961209],[0.276972,48.960628],[0.277289,48.960184],[0.276934,48.960061],[0.277145,48.959733],[0.277627,48.959606],[0.28124,48.959525],[0.281168,48.959064],[0.281449,48.958749],[0.278172,48.95726],[0.277147,48.956477],[0.277796,48.956384],[0.279872,48.95545],[0.279777,48.955059],[0.280028,48.9541],[0.280756,48.952947],[0.278111,48.952053],[0.277853,48.951027],[0.277098,48.950725],[0.277433,48.950039],[0.280444,48.94979],[0.283893,48.948611],[0.285803,48.948599],[0.288028,48.949279],[0.289219,48.948867],[0.290503,48.949277],[0.292966,48.95048],[0.294388,48.950688],[0.294283,48.951631],[0.302793,48.952474],[0.304068,48.95296],[0.306869,48.95341],[0.306913,48.95424],[0.307745,48.954147],[0.308461,48.954371],[0.309405,48.953676],[0.31161,48.951073],[0.31252,48.950608],[0.314777,48.95002],[0.315607,48.949613],[0.316998,48.948626],[0.321262,48.946156],[0.323614,48.944085],[0.325316,48.944189],[0.326215,48.944504],[0.329767,48.944951],[0.330997,48.945394],[0.332367,48.944052],[0.331776,48.943837],[0.332887,48.942619],[0.33532,48.943442],[0.340251,48.944711],[0.347109,48.94745],[0.349933,48.948164],[0.353399,48.948425],[0.356667,48.949682],[0.358507,48.950645],[0.359671,48.95155],[0.360468,48.952811],[0.362069,48.953457],[0.36334,48.954508],[0.365271,48.957305],[0.367836,48.958639],[0.368566,48.959275],[0.371761,48.963057],[0.374025,48.967077],[0.374854,48.969362],[0.376463,48.971594],[0.377458,48.972541],[0.383323,48.969662],[0.382315,48.969538],[0.385148,48.967745],[0.384454,48.96703],[0.385894,48.966202],[0.386738,48.966041],[0.394482,48.96665],[0.399835,48.964942],[0.406299,48.963237],[0.403851,48.95992],[0.402661,48.957308],[0.400889,48.956091],[0.400544,48.953493],[0.400173,48.952803]]]}},{"type":"Feature","properties":{"uai_primary":"0610051Z","uai_all":"0610051Z","is_merged":false},"geometry":{"type":"Polygon","coordinates":[[[-0.509941,48.846199],[-0.50994,48.846341],[-0.509537,48.845932],[-0.508631,48.845747],[-0.505904,48.845954],[-0.504134,48.84656],[-0.502166,48.846492],[-0.498048,48.84732],[-0.494095,48.848565],[-0.494006,48.850751],[-0.494608,48.852423],[-0.496706,48.852036],[-0.499176,48.854331],[-0.49967,48.854189],[-0.500136,48.854361],[-0.496779,48.857559],[-0.4964,48.858433],[-0.494866,48.858868],[-0.493306,48.858851],[-0.491465,48.858492],[-0.489516,48.857501],[-0.488676,48.857357],[-0.487051,48.857666],[-0.483241,48.859118],[-0.482555,48.859249],[-0.479234,48.859253],[-0.477731,48.858876],[-0.476298,48.85889],[-0.474465,48.859722],[-0.473931,48.860118],[-0.474072,48.860581],[-0.47481,48.861512],[-0.474777,48.862614],[-0.47226,48.864269],[-0.471245,48.865516],[-0.471502,48.866472],[-0.469599,48.867808],[-0.468984,48.868527],[-0.46879,48.86931],[-0.468044,48.86952],[-0.466537,48.870448],[-0.465057,48.870647],[-0.464426,48.87119],[-0.463853,48.871403],[-0.461912,48.871477],[-0.461596,48.871297],[-0.461463,48.870624],[-0.461189,48.870402],[-0.458326,48.870267],[-0.456385,48.87001],[-0.45511,48.869528],[-0.453792,48.870137],[-0.452815,48.870209],[-0.450998,48.869905],[-0.450087,48.869311],[-0.448456,48.869356],[-0.447696,48.869501],[-0.44893,48.870249],[-0.449354,48.871078],[-0.448944,48.871194],[-0.445988,48.871267],[-0.442835,48.872947],[-0.442221,48.872789],[-0.441282,48.872786],[-0.438512,48.872978],[-0.437782,48.872034],[-0.438991,48.870986],[-0.438452,48.870307],[-0.438419,48.869529],[-0.436023,48.869023],[-0.433967,48.868812],[-0.433677,48.869849],[-0.432078,48.871447],[-0.433928,48.872047],[-0.435217,48.871972],[-0.43688,48.872474],[-0.435797,48.87377],[-0.433473,48.873671],[-0.43323,48.874325],[-0.432517,48.875026],[-0.430354,48.873734],[-0.428754,48.873172],[-0.42542,48.872355],[-0.425118,48.870942],[-0.423825,48.868295],[-0.425818,48.867675],[-0.42797,48.866685],[-0.426388,48.865577],[-0.424764,48.867196],[-0.424445,48.867905],[-0.423984,48.868172],[-0.421576,48.868155],[-0.419951,48.868604],[-0.418822,48.868532],[-0.418039,48.868941],[-0.41705,48.869196],[-0.413289,48.869424],[-0.411256,48.870403],[-0.41015,48.871206],[-0.409893,48.871597],[-0.40955,48.871622],[-0.409107,48.871232],[-0.407488,48.870763],[-0.406635,48.870267],[-0.405822,48.869399],[-0.405617,48.868569],[-0.405985,48.864289],[-0.405906,48.863195],[-0.404585,48.861279],[-0.402557,48.859663],[-0.400018,48.85816],[-0.397268,48.856716],[-0.396834,48.85632],[-0.395202,48.855753],[-0.393618,48.854923],[-0.391592,48.852309],[-0.390789,48.850139],[-0.389823,48.84908],[-0.389346,48.848183],[-0.387937,48.846649],[-0.386372,48.84542],[-0.385683,48.845126],[-0.384534,48.845072],[-0.384139,48.845544],[-0.383937,48.846723],[-0.384055,48.84917],[-0.382467,48.849437],[-0.381091,48.849314],[-0.38038,48.848513],[-0.37785,48.846654],[-0.37651,48.845809],[-0.375691,48.8456],[-0.37448,48.845556],[-0.371111,48.846237],[-0.369846,48.846707],[-0.367966,48.846922],[-0.367725,48.847058],[-0.367669,48.847547],[-0.367404,48.847843],[-0.366108,48.848637],[-0.365044,48.848971],[-0.362916,48.8492],[-0.36091,48.848444],[-0.359412,48.847375],[-0.358976,48.846856],[-0.359078,48.846275],[-0.358582,48.846186],[-0.358358,48.844887],[-0.358571,48.844143],[-0.359205,48.843401],[-0.360164,48.842867],[-0.361441,48.84242],[-0.36305,48.842128],[-0.367583,48.842132],[-0.370242,48.842282],[-0.371543,48.842051],[-0.373797,48.841225],[-0.374459,48.840798],[-0.374742,48.840479],[-0.374776,48.840064],[-0.374221,48.839901],[-0.371301,48.840419],[-0.369359,48.840506],[-0.368605,48.840496],[-0.368199,48.840128],[-0.367491,48.840001],[-0.367572,48.839346],[-0.36817,48.838796],[-0.370735,48.837348],[-0.371495,48.837051],[-0.372341,48.836984],[-0.373162,48.836502],[-0.373426,48.836116],[-0.373305,48.834954],[-0.373027,48.834702],[-0.372398,48.834512],[-0.371474,48.834494],[-0.370264,48.834657],[-0.366315,48.835671],[-0.365015,48.835635],[-0.364474,48.835458],[-0.363418,48.834694],[-0.363402,48.833924],[-0.3638,48.83254],[-0.363735,48.831632],[-0.363552,48.831456],[-0.360938,48.830233],[-0.35979,48.829934],[-0.358495,48.829306],[-0.355211,48.828196],[-0.354376,48.826968],[-0.352697,48.825583],[-0.349296,48.824151],[-0.347111,48.822655],[-0.347883,48.822139],[-0.350585,48.821219],[-0.351244,48.821164],[-0.35217,48.820768],[-0.353229,48.820045],[-0.354437,48.820355],[-0.35487,48.820309],[-0.356392,48.820768],[-0.357638,48.821145],[-0.357958,48.8215],[-0.358868,48.821891],[-0.3597,48.821897],[-0.361423,48.822308],[-0.363207,48.823167],[-0.367003,48.824207],[-0.371447,48.824796],[-0.371906,48.824536],[-0.373688,48.82481],[-0.373685,48.824547],[-0.373335,48.8242],[-0.371839,48.82316],[-0.369875,48.822413],[-0.370861,48.821437],[-0.371136,48.82058],[-0.372503,48.818152],[-0.372568,48.817595],[-0.372552,48.817282],[-0.371461,48.817261],[-0.37165,48.815638],[-0.371199,48.815589],[-0.370942,48.814309],[-0.370287,48.813815],[-0.370394,48.81338],[-0.369984,48.813032],[-0.36955,48.812939],[-0.369439,48.812529],[-0.369861,48.811632],[-0.37035,48.811117],[-0.37227,48.809915],[-0.373448,48.808617],[-0.374802,48.807841],[-0.375011,48.807309],[-0.376743,48.805939],[-0.378181,48.804199],[-0.378422,48.802902],[-0.379005,48.802406],[-0.380201,48.80179],[-0.381178,48.800799],[-0.38128,48.799925],[-0.382291,48.798605],[-0.382662,48.797577],[-0.38733,48.796649],[-0.388069,48.796683],[-0.389003,48.797285],[-0.391354,48.796173],[-0.392474,48.795167],[-0.392891,48.795194],[-0.393582,48.793292],[-0.394532,48.791959],[-0.394824,48.791971],[-0.395981,48.78973],[-0.396521,48.790077],[-0.396864,48.789611],[-0.397983,48.790138],[-0.398288,48.789842],[-0.399661,48.789816],[-0.402185,48.788766],[-0.402751,48.788759],[-0.402937,48.788518],[-0.403458,48.788525],[-0.403701,48.787925],[-0.404659,48.788016],[-0.404837,48.787314],[-0.407329,48.787301],[-0.407881,48.786964],[-0.408305,48.78727],[-0.409901,48.787863],[-0.410203,48.787684],[-0.410253,48.787034],[-0.409878,48.786017],[-0.410061,48.785895],[-0.412102,48.785891],[-0.412673,48.785694],[-0.413139,48.785027],[-0.413186,48.784664],[-0.412683,48.78411],[-0.412572,48.782235],[-0.413189,48.782112],[-0.414068,48.782381],[-0.415835,48.781448],[-0.417372,48.781499],[-0.418282,48.781347],[-0.41863,48.781159],[-0.418572,48.780764],[-0.419364,48.780138],[-0.419274,48.77984],[-0.41963,48.779015],[-0.41886,48.777488],[-0.418315,48.777103],[-0.41725,48.776995],[-0.416722,48.775863],[-0.415619,48.774956],[-0.414782,48.774737],[-0.413388,48.775033],[-0.412967,48.775276],[-0.412572,48.775891],[-0.41189,48.776153],[-0.41163,48.776059],[-0.411437,48.775578],[-0.410907,48.775107],[-0.41074,48.774254],[-0.410427,48.774156],[-0.409533,48.774275],[-0.408826,48.773652],[-0.408974,48.773101],[-0.410013,48.772445],[-0.409273,48.772156],[-0.409254,48.771881],[-0.409682,48.771477],[-0.408402,48.770258],[-0.408165,48.76975],[-0.407368,48.76938],[-0.406729,48.769382],[-0.406345,48.76954],[-0.406071,48.769333],[-0.40609,48.768046],[-0.407022,48.76773],[-0.407113,48.766976],[-0.406282,48.765732],[-0.405262,48.76505],[-0.405201,48.762158],[-0.405036,48.761787],[-0.403865,48.761498],[-0.403117,48.76151],[-0.402624,48.761711],[-0.400239,48.761787],[-0.399493,48.761351],[-0.399305,48.759865],[-0.400039,48.758628],[-0.399751,48.758018],[-0.399794,48.757262],[-0.40007,48.756788],[-0.399506,48.756342],[-0.39852,48.756263],[-0.396976,48.756475],[-0.396445,48.756259],[-0.396287,48.756033],[-0.398288,48.75504],[-0.399275,48.754862],[-0.39955,48.754653],[-0.399073,48.754592],[-0.398785,48.753933],[-0.399175,48.753212],[-0.403416,48.751586],[-0.404783,48.751232],[-0.406408,48.751216],[-0.411503,48.751632],[-0.414449,48.7516],[-0.41673,48.7512],[-0.419009,48.751171],[-0.421512,48.750858],[-0.423072,48.750414],[-0.424617,48.749711],[-0.426248,48.749838],[-0.426254,48.750319],[-0.425843,48.750785],[-0.426708,48.751013],[-0.427014,48.75141],[-0.429233,48.751988],[-0.428191,48.752929],[-0.427271,48.75414],[-0.426569,48.754515],[-0.4272,48.755611],[-0.427471,48.757495],[-0.42807,48.758221],[-0.428345,48.75826],[-0.429682,48.757823],[-0.432808,48.759055],[-0.433219,48.75909],[-0.433333,48.758684],[-0.433602,48.758632],[-0.434361,48.758839],[-0.435586,48.758846],[-0.437335,48.75975],[-0.44095,48.760969],[-0.443989,48.761787],[-0.444938,48.761775],[-0.447638,48.762648],[-0.449336,48.762829],[-0.449271,48.763392],[-0.452354,48.763429],[-0.452319,48.762659],[-0.451941,48.761759],[-0.452141,48.760714],[-0.452889,48.759643],[-0.453211,48.758158],[-0.452992,48.757876],[-0.452237,48.757517],[-0.451934,48.756824],[-0.452221,48.756543],[-0.451842,48.7563],[-0.452339,48.755107],[-0.452596,48.754875],[-0.452952,48.754824],[-0.453013,48.754506],[-0.452677,48.754393],[-0.452795,48.754127],[-0.453573,48.753519],[-0.456438,48.753546],[-0.457002,48.753374],[-0.460761,48.753191],[-0.46279,48.752291],[-0.463377,48.752254],[-0.463742,48.751931],[-0.465391,48.752032],[-0.467022,48.751606],[-0.468734,48.751462],[-0.469262,48.751181],[-0.470638,48.751185],[-0.472632,48.750746],[-0.473112,48.750781],[-0.473316,48.750965],[-0.474026,48.750733],[-0.475757,48.750794],[-0.478948,48.750628],[-0.481633,48.751251],[-0.482068,48.750791],[-0.484016,48.751141],[-0.485816,48.752979],[-0.485778,48.753519],[-0.486661,48.753509],[-0.488101,48.754099],[-0.489441,48.753342],[-0.490008,48.752518],[-0.490701,48.751998],[-0.492614,48.752733],[-0.495399,48.752678],[-0.496272,48.753048],[-0.497232,48.753178],[-0.499383,48.754444],[-0.501098,48.755121],[-0.501277,48.755318],[-0.501686,48.755352],[-0.50181,48.75573],[-0.502409,48.756059],[-0.502764,48.756743],[-0.502717,48.757159],[-0.503321,48.756798],[-0.506705,48.756914],[-0.507506,48.756436],[-0.508907,48.756083],[-0.509704,48.756461],[-0.512914,48.759239],[-0.514742,48.761309],[-0.514898,48.761664],[-0.514178,48.762177],[-0.51549,48.76255],[-0.51511,48.763053],[-0.516923,48.763864],[-0.52221,48.765752],[-0.523494,48.765586],[-0.525052,48.766718],[-0.527046,48.767364],[-0.530072,48.767873],[-0.532329,48.767658],[-0.534098,48.76766],[-0.535243,48.767453],[-0.536784,48.767541],[-0.538594,48.767768],[-0.539585,48.768463],[-0.540928,48.769941],[-0.542746,48.773693],[-0.543865,48.775464],[-0.546575,48.778682],[-0.54636,48.779208],[-0.547037,48.782392],[-0.548007,48.783998],[-0.54848,48.785255],[-0.548762,48.786836],[-0.548,48.788279],[-0.547922,48.789786],[-0.548392,48.79035],[-0.549263,48.790958],[-0.549404,48.79243],[-0.552236,48.79354],[-0.553786,48.794851],[-0.554334,48.795114],[-0.554725,48.795613],[-0.55458,48.795682],[-0.554717,48.795904],[-0.554181,48.796239],[-0.553452,48.796199],[-0.553018,48.797299],[-0.552697,48.797417],[-0.552543,48.798346],[-0.552095,48.798709],[-0.551386,48.800026],[-0.551301,48.801454],[-0.55093,48.802147],[-0.551072,48.802637],[-0.550346,48.803365],[-0.548736,48.80412],[-0.546665,48.804383],[-0.54584,48.804217],[-0.54486,48.804534],[-0.544495,48.804977],[-0.542479,48.806257],[-0.54108,48.807718],[-0.540067,48.808015],[-0.539739,48.808254],[-0.539475,48.808984],[-0.539161,48.809196],[-0.539254,48.809832],[-0.540754,48.810682],[-0.540672,48.811245],[-0.54108,48.812003],[-0.54175,48.812258],[-0.542749,48.812015],[-0.543108,48.812305],[-0.542895,48.812787],[-0.543156,48.813846],[-0.542886,48.814647],[-0.543428,48.815081],[-0.543275,48.815446],[-0.54187,48.816294],[-0.541309,48.816243],[-0.539468,48.816626],[-0.538732,48.817401],[-0.538309,48.818695],[-0.536226,48.819413],[-0.536054,48.819856],[-0.535156,48.820481],[-0.534583,48.821551],[-0.533853,48.821232],[-0.532463,48.821128],[-0.531656,48.822214],[-0.530106,48.823012],[-0.529689,48.824303],[-0.527416,48.8258],[-0.527294,48.826506],[-0.525722,48.827375],[-0.52524,48.827811],[-0.525227,48.828379],[-0.526806,48.829478],[-0.526822,48.830724],[-0.526238,48.831235],[-0.522318,48.833135],[-0.521685,48.833979],[-0.52126,48.83512],[-0.521426,48.835995],[-0.52122,48.836295],[-0.520897,48.836565],[-0.51926,48.837199],[-0.519114,48.837927],[-0.519695,48.838294],[-0.520759,48.839968],[-0.52069,48.84071],[-0.520186,48.841827],[-0.517917,48.843934],[-0.517231,48.844136],[-0.516591,48.844569],[-0.515476,48.844691],[-0.513479,48.843908],[-0.511517,48.844202],[-0.510977,48.844978],[-0.511063,48.845663],[-0.510264,48.84579],[-0.509941,48.846199]],[[-0.429513,48.863892],[-0.430789,48.864492],[-0.431095,48.864839],[-0.431376,48.86576],[-0.43339,48.865936],[-0.433009,48.86317],[-0.430893,48.862989],[-0.430087,48.863095],[-0.428812,48.863591],[-0.429513,48.863892]]]}},{"type":"Feature","properties":{"uai_primary":"0610056E","uai_all":"0610056E","is_merged":false},"geometry":{"type":"Polygon","coordinates":[[[0.101449,48.408785],[0.105264,48.409896],[0.108414,48.410264],[0.10931,48.410506],[0.109318,48.409714],[0.109635,48.409543],[0.109721,48.408956],[0.109428,48.407802],[0.107617,48.405342],[0.106436,48.405666],[0.101372,48.407779],[0.101449,48.408785]],[[0.103181,48.417323],[0.103516,48.417472],[0.103861,48.417306],[0.104174,48.416451],[0.10414,48.415871],[0.102476,48.416511],[0.103181,48.417323]],[[0.09649,48.435609],[0.096821,48.435524],[0.096896,48.435256],[0.09649,48.435609]],[[0.103691,48.455046],[0.104395,48.456559],[0.104649,48.45883],[0.104286,48.460496],[0.1036,48.461943],[0.101563,48.462376],[0.097918,48.464732],[0.096095,48.46633],[0.096652,48.4691],[0.095273,48.471062],[0.095843,48.471478],[0.104185,48.475405],[0.107561,48.47883],[0.105278,48.480741],[0.106852,48.48006],[0.108656,48.479529],[0.110356,48.481538],[0.111529,48.483893],[0.113407,48.486399],[0.11394,48.487726],[0.12145,48.485462],[0.124947,48.491346],[0.128801,48.490632],[0.129176,48.493243],[0.131019,48.49248],[0.135125,48.496526],[0.13537,48.496129],[0.135781,48.4959],[0.138628,48.495319],[0.139486,48.496405],[0.140259,48.496209],[0.140367,48.496329],[0.14169,48.496201],[0.141889,48.496505],[0.142208,48.496521],[0.145414,48.496059],[0.14576,48.496848],[0.145665,48.497047],[0.146518,48.49872],[0.14757,48.502511],[0.148246,48.504057],[0.150348,48.505845],[0.152413,48.507947],[0.153738,48.508949],[0.15237,48.509755],[0.150529,48.510409],[0.149196,48.511135],[0.149803,48.51145],[0.151126,48.513061],[0.152376,48.513597],[0.155078,48.517953],[0.156498,48.519254],[0.156665,48.521542],[0.158573,48.523042],[0.160976,48.523594],[0.162504,48.522842],[0.163516,48.524004],[0.164056,48.523796],[0.164669,48.523853],[0.166759,48.523261],[0.167765,48.523135],[0.168604,48.523268],[0.16981,48.522939],[0.172513,48.522718],[0.172389,48.522282],[0.172709,48.522148],[0.172822,48.521833],[0.173354,48.521745],[0.173639,48.521244],[0.173484,48.521045],[0.174053,48.521031],[0.174411,48.52075],[0.17471,48.520896],[0.174961,48.5206],[0.175237,48.520602],[0.175407,48.520194],[0.175916,48.520516],[0.176933,48.519932],[0.177038,48.520364],[0.177433,48.520553],[0.17773,48.52032],[0.178295,48.520298],[0.178466,48.519837],[0.179621,48.519706],[0.179662,48.519495],[0.181218,48.519641],[0.181593,48.519497],[0.182179,48.519719],[0.182693,48.519564],[0.184448,48.519827],[0.184801,48.520138],[0.185971,48.520454],[0.187429,48.521296],[0.187682,48.521199],[0.188476,48.521758],[0.188781,48.522787],[0.189635,48.523254],[0.189268,48.523546],[0.189613,48.523935],[0.19007,48.524043],[0.190402,48.523938],[0.191048,48.524661],[0.192222,48.524832],[0.192212,48.525145],[0.192511,48.525383],[0.194415,48.525582],[0.19514,48.525907],[0.195577,48.52575],[0.195873,48.525818],[0.196181,48.526005],[0.195883,48.526254],[0.196054,48.526513],[0.196846,48.52657],[0.197715,48.526397],[0.198222,48.526662],[0.198705,48.526444],[0.19854,48.526225],[0.198824,48.526069],[0.199103,48.526277],[0.199473,48.526301],[0.200027,48.52608],[0.200233,48.526441],[0.201063,48.52596],[0.201871,48.525959],[0.203262,48.525062],[0.203987,48.52481],[0.20433,48.524119],[0.204733,48.524012],[0.205131,48.524183],[0.206006,48.523695],[0.206555,48.523632],[0.207309,48.523829],[0.207485,48.523646],[0.208323,48.52413],[0.210507,48.524803],[0.212641,48.524759],[0.213927,48.524291],[0.214406,48.523662],[0.21475,48.523559],[0.214655,48.523031],[0.21502,48.522404],[0.214917,48.52124],[0.21429,48.520742],[0.214941,48.519392],[0.215472,48.518849],[0.216282,48.518501],[0.21689,48.518605],[0.217423,48.518517],[0.218327,48.519027],[0.21937,48.518703],[0.219553,48.518783],[0.218061,48.517],[0.215648,48.517078],[0.212834,48.517446],[0.205737,48.517302],[0.196634,48.518699],[0.196199,48.51786],[0.19478,48.516172],[0.200867,48.514004],[0.205331,48.511227],[0.206213,48.510349],[0.20626,48.510098],[0.205419,48.509253],[0.204935,48.509387],[0.204648,48.508878],[0.205218,48.508269],[0.205603,48.508146],[0.205483,48.507368],[0.205157,48.507384],[0.205236,48.506796],[0.20504,48.506824],[0.20543,48.505818],[0.203924,48.505961],[0.202194,48.50564],[0.201322,48.505658],[0.20117,48.503979],[0.200798,48.50394],[0.203395,48.501222],[0.205251,48.499966],[0.204499,48.499723],[0.201966,48.499371],[0.202182,48.498364],[0.200429,48.496391],[0.200002,48.495591],[0.200075,48.494831],[0.199899,48.494562],[0.199416,48.494372],[0.199219,48.493915],[0.199251,48.493188],[0.201122,48.491703],[0.200314,48.49134],[0.199956,48.491662],[0.199231,48.490518],[0.198617,48.488994],[0.198159,48.488978],[0.197842,48.488649],[0.196896,48.488879],[0.19559,48.489548],[0.194884,48.489745],[0.193923,48.48981],[0.192807,48.489659],[0.192647,48.488189],[0.191777,48.488282],[0.191777,48.487199],[0.192277,48.485538],[0.192027,48.485577],[0.191993,48.484656],[0.191813,48.484645],[0.191862,48.484389],[0.192323,48.484235],[0.191296,48.482596],[0.189346,48.482469],[0.189323,48.481862],[0.187831,48.48213],[0.1886,48.483454],[0.186604,48.483281],[0.186293,48.482102],[0.185802,48.482099],[0.185359,48.480633],[0.184719,48.479998],[0.182526,48.479045],[0.18324,48.478166],[0.183269,48.477737],[0.182268,48.476538],[0.182592,48.476292],[0.182148,48.475867],[0.182404,48.475261],[0.182673,48.475111],[0.183165,48.475182],[0.183566,48.474977],[0.183625,48.474622],[0.184726,48.474001],[0.18527,48.473999],[0.185663,48.473655],[0.186039,48.473646],[0.1863,48.473186],[0.186627,48.473264],[0.187293,48.473123],[0.187432,48.4726],[0.187708,48.47258],[0.187862,48.472393],[0.188161,48.472415],[0.188096,48.472191],[0.188734,48.471839],[0.189141,48.471997],[0.189546,48.471895],[0.189582,48.472202],[0.190142,48.472314],[0.190439,48.471842],[0.191212,48.471672],[0.191295,48.4713],[0.191909,48.471198],[0.192611,48.470717],[0.192794,48.469696],[0.192274,48.469651],[0.192257,48.469284],[0.191777,48.469105],[0.191962,48.46873],[0.19272,48.468155],[0.19265,48.467659],[0.193201,48.467351],[0.192878,48.466897],[0.193582,48.466949],[0.194037,48.466358],[0.194243,48.466321],[0.194198,48.464814],[0.19475,48.463988],[0.194697,48.463647],[0.198751,48.465504],[0.198793,48.466526],[0.199255,48.466535],[0.200483,48.46712],[0.201999,48.467312],[0.203012,48.467889],[0.204958,48.468541],[0.204873,48.46897],[0.204176,48.46911],[0.204111,48.469782],[0.207615,48.470625],[0.209233,48.470548],[0.209971,48.470725],[0.211358,48.472052],[0.213625,48.47364],[0.214243,48.473499],[0.214556,48.473173],[0.215817,48.472843],[0.216417,48.472839],[0.217743,48.473163],[0.217869,48.473835],[0.218933,48.473726],[0.220607,48.473168],[0.223066,48.473467],[0.228644,48.472564],[0.230163,48.472739],[0.231444,48.472457],[0.232891,48.472935],[0.22908,48.463528],[0.19583,48.445584],[0.19978,48.438469],[0.203047,48.433728],[0.194827,48.430174],[0.184406,48.428475],[0.171742,48.421637],[0.169304,48.422106],[0.166635,48.423435],[0.160228,48.423878],[0.159322,48.422817],[0.159223,48.422072],[0.15983,48.420275],[0.159032,48.418584],[0.156527,48.419622],[0.156027,48.417943],[0.154974,48.418449],[0.152876,48.419144],[0.152361,48.41756],[0.152181,48.415695],[0.151864,48.415633],[0.151487,48.415129],[0.151479,48.414165],[0.152577,48.41323],[0.152654,48.412682],[0.152387,48.411932],[0.151539,48.411836],[0.152305,48.411188],[0.152464,48.408789],[0.150883,48.408927],[0.146469,48.408024],[0.143965,48.40782],[0.141239,48.407367],[0.139643,48.407756],[0.137951,48.408374],[0.132938,48.409319],[0.131897,48.408686],[0.131522,48.408613],[0.129312,48.408719],[0.127364,48.411331],[0.128528,48.41573],[0.130516,48.421181],[0.127113,48.424559],[0.120858,48.429437],[0.11885,48.430798],[0.112176,48.432915],[0.111418,48.432379],[0.108667,48.429686],[0.106462,48.426604],[0.107911,48.425852],[0.108965,48.424718],[0.10946,48.424451],[0.109317,48.424179],[0.109469,48.423943],[0.110347,48.423678],[0.110278,48.423332],[0.110442,48.423227],[0.109288,48.422121],[0.108306,48.420596],[0.107203,48.419698],[0.106604,48.418067],[0.105373,48.418143],[0.104532,48.418394],[0.102598,48.418415],[0.102133,48.418757],[0.100436,48.418556],[0.099898,48.418895],[0.09965,48.421454],[0.100693,48.423183],[0.101626,48.423367],[0.10094,48.427329],[0.10032,48.427725],[0.098888,48.429998],[0.099874,48.431246],[0.099463,48.431941],[0.099655,48.432633],[0.099316,48.433261],[0.099341,48.434095],[0.099101,48.434365],[0.098262,48.434646],[0.097771,48.435047],[0.098658,48.435681],[0.097352,48.43678],[0.097326,48.437255],[0.098145,48.438463],[0.098116,48.438891],[0.098464,48.439421],[0.098362,48.439756],[0.098915,48.4405],[0.098955,48.441214],[0.099525,48.441721],[0.099249,48.442145],[0.09974,48.44302],[0.099604,48.443272],[0.099837,48.44387],[0.099634,48.444121],[0.100643,48.445243],[0.098968,48.445683],[0.099517,48.446338],[0.104219,48.444672],[0.104399,48.445725],[0.1046,48.445664],[0.105325,48.44628],[0.10652,48.446556],[0.106315,48.447345],[0.106565,48.447424],[0.105342,48.450699],[0.104886,48.451317],[0.103691,48.455046]]]}},{"type":"Feature","properties":{"uai_primary":"0610057F","uai_all":"0610057F","is_merged":false},"geometry":{"type":"Polygon","coordinates":[[[-0.557396,48.74145],[-0.561097,48.739995],[-0.561632,48.740498],[-0.561516,48.741104],[-0.561714,48.741811],[-0.56232,48.742224],[-0.562463,48.742937],[-0.562289,48.743205],[-0.561929,48.743186],[-0.561417,48.74361],[-0.560826,48.743717],[-0.560637,48.743918],[-0.561015,48.74413],[-0.560656,48.744325],[-0.559772,48.744109],[-0.55927,48.744512],[-0.559612,48.745446],[-0.559511,48.745955],[-0.557829,48.745811],[-0.557082,48.745998],[-0.556464,48.746455],[-0.555301,48.74677],[-0.555221,48.74729],[-0.554808,48.747817],[-0.553949,48.747978],[-0.553184,48.747785],[-0.553058,48.747292],[-0.552108,48.747416],[-0.551345,48.747224],[-0.550654,48.747371],[-0.550666,48.748073],[-0.548913,48.748063],[-0.548396,48.747888],[-0.547454,48.747981],[-0.545929,48.747042],[-0.544953,48.747312],[-0.54482,48.747741],[-0.543492,48.747915],[-0.543083,48.747642],[-0.543188,48.74739],[-0.543744,48.747538],[-0.543826,48.74696],[-0.54417,48.746784],[-0.544877,48.745845],[-0.544089,48.745614],[-0.542174,48.746711],[-0.542328,48.747722],[-0.541969,48.748277],[-0.540049,48.748046],[-0.536492,48.748379],[-0.536147,48.748168],[-0.531085,48.747661],[-0.509911,48.751076],[-0.504338,48.750364],[-0.504598,48.750057],[-0.506022,48.749375],[-0.507842,48.747937],[-0.510579,48.746387],[-0.512269,48.745876],[-0.515408,48.744531],[-0.518317,48.744234],[-0.518658,48.743817],[-0.519494,48.743841],[-0.520544,48.743322],[-0.52066,48.743007],[-0.521636,48.742297],[-0.523313,48.741463],[-0.523415,48.741148],[-0.524586,48.740924],[-0.52883,48.739311],[-0.530664,48.739255],[-0.531269,48.739828],[-0.533021,48.740935],[-0.533732,48.740403],[-0.534195,48.740441],[-0.53468,48.740209],[-0.535443,48.740488],[-0.536719,48.740656],[-0.538085,48.740085],[-0.539465,48.739911],[-0.539592,48.740126],[-0.540506,48.740007],[-0.543679,48.741212],[-0.545278,48.741333],[-0.546626,48.740986],[-0.546823,48.741105],[-0.547161,48.740994],[-0.547799,48.741143],[-0.548432,48.741044],[-0.548622,48.741256],[-0.549419,48.741253],[-0.551841,48.742049],[-0.553513,48.742824],[-0.55556,48.742335],[-0.557396,48.74145]],[[-0.569971,48.747542],[-0.569962,48.747801],[-0.569823,48.747695],[-0.569971,48.747542]],[[-0.704853,48.698045],[-0.704516,48.704055],[-0.700825,48.706308],[-0.701021,48.706442],[-0.702077,48.70641],[-0.70282,48.706024],[-0.704603,48.705769],[-0.706806,48.706181],[-0.707825,48.705965],[-0.709736,48.706042],[-0.708906,48.708373],[-0.707721,48.710615],[-0.707927,48.7107],[-0.707704,48.712098],[-0.708491,48.718833],[-0.707055,48.724674],[-0.7057,48.726173],[-0.704468,48.727923],[-0.702598,48.728805],[-0.700103,48.730474],[-0.698915,48.732199],[-0.696314,48.734426],[-0.694133,48.737806],[-0.694289,48.739028],[-0.695992,48.741188],[-0.696883,48.743639],[-0.696851,48.746338],[-0.696608,48.746839],[-0.696709,48.748868],[-0.695562,48.749284],[-0.69528,48.749716],[-0.694875,48.74977],[-0.693599,48.749286],[-0.692931,48.748716],[-0.69155,48.749006],[-0.690134,48.749754],[-0.689616,48.749538],[-0.688375,48.749604],[-0.687505,48.749483],[-0.685374,48.749776],[-0.685572,48.750588],[-0.685264,48.751334],[-0.683684,48.751796],[-0.683276,48.752189],[-0.683748,48.753206],[-0.683573,48.753501],[-0.683672,48.753838],[-0.682995,48.754343],[-0.682633,48.755078],[-0.681942,48.755072],[-0.681258,48.755524],[-0.68136,48.756469],[-0.681158,48.757065],[-0.680494,48.757285],[-0.679683,48.757276],[-0.677587,48.758255],[-0.676598,48.758016],[-0.675689,48.758136],[-0.67527,48.758367],[-0.67497,48.758123],[-0.674059,48.758531],[-0.67331,48.758253],[-0.67261,48.758875],[-0.672737,48.760373],[-0.672288,48.760778],[-0.673942,48.763359],[-0.674248,48.763492],[-0.674133,48.764199],[-0.673624,48.76413],[-0.672792,48.764291],[-0.672031,48.763824],[-0.668404,48.762933],[-0.666909,48.762049],[-0.665183,48.761848],[-0.664661,48.761529],[-0.664141,48.761441],[-0.663669,48.761568],[-0.663414,48.762082],[-0.662336,48.762923],[-0.661185,48.763286],[-0.66016,48.763154],[-0.659619,48.764433],[-0.6589,48.765134],[-0.657143,48.764497],[-0.65649,48.763803],[-0.653126,48.765735],[-0.649356,48.766143],[-0.648063,48.766423],[-0.647646,48.766883],[-0.64708,48.767114],[-0.645032,48.767072],[-0.644654,48.7668],[-0.641164,48.767043],[-0.637768,48.767032],[-0.637767,48.766877],[-0.635707,48.766846],[-0.634775,48.766533],[-0.633132,48.765585],[-0.631198,48.764897],[-0.630575,48.765142],[-0.629254,48.765019],[-0.627904,48.764404],[-0.627431,48.764461],[-0.626648,48.763851],[-0.625263,48.765471],[-0.623049,48.765155],[-0.622578,48.765461],[-0.61918,48.766199],[-0.618353,48.765457],[-0.61771,48.764124],[-0.615313,48.762162],[-0.614493,48.761731],[-0.611013,48.761473],[-0.610993,48.761878],[-0.610682,48.761905],[-0.610531,48.762078],[-0.610845,48.76232],[-0.610792,48.762502],[-0.610294,48.762577],[-0.610407,48.762823],[-0.609874,48.762931],[-0.609622,48.763345],[-0.60922,48.763375],[-0.609201,48.763792],[-0.608489,48.76382],[-0.607763,48.763572],[-0.606582,48.763577],[-0.60519,48.763334],[-0.604492,48.763602],[-0.602933,48.76368],[-0.602654,48.763997],[-0.602137,48.763876],[-0.602201,48.764346],[-0.601635,48.764339],[-0.601111,48.764774],[-0.600843,48.764579],[-0.600475,48.764774],[-0.600404,48.764597],[-0.600168,48.7646],[-0.599676,48.764245],[-0.599335,48.764468],[-0.598916,48.764379],[-0.598045,48.765203],[-0.597429,48.765454],[-0.597746,48.765819],[-0.59674,48.766426],[-0.596949,48.766608],[-0.595944,48.767545],[-0.594496,48.767869],[-0.593436,48.767444],[-0.593125,48.767646],[-0.592107,48.766945],[-0.591161,48.767526],[-0.590773,48.767411],[-0.590869,48.767163],[-0.590626,48.767165],[-0.589415,48.767898],[-0.587909,48.767958],[-0.587411,48.768721],[-0.587087,48.768686],[-0.58722,48.768227],[-0.586785,48.767821],[-0.587572,48.767264],[-0.587119,48.767046],[-0.587366,48.766745],[-0.587679,48.766697],[-0.587468,48.766131],[-0.587209,48.766096],[-0.587246,48.765762],[-0.584338,48.762114],[-0.583435,48.762017],[-0.583133,48.761743],[-0.582943,48.76029],[-0.576472,48.75208],[-0.575176,48.752253],[-0.575202,48.752803],[-0.574373,48.752885],[-0.574074,48.75244],[-0.573541,48.752511],[-0.573699,48.753148],[-0.57331,48.753057],[-0.572539,48.753459],[-0.57255,48.752818],[-0.572257,48.752664],[-0.57156,48.752706],[-0.571735,48.752015],[-0.571082,48.752099],[-0.570015,48.751408],[-0.56903,48.75138],[-0.568923,48.751063],[-0.568189,48.75073],[-0.567784,48.75068],[-0.567572,48.750794],[-0.567696,48.750316],[-0.567184,48.749807],[-0.568001,48.749662],[-0.568625,48.749203],[-0.568735,48.748812],[-0.569098,48.748765],[-0.569399,48.748309],[-0.569869,48.748115],[-0.569808,48.747919],[-0.570216,48.747834],[-0.570458,48.747978],[-0.570614,48.747842],[-0.570345,48.747482],[-0.570037,48.74753],[-0.570239,48.746915],[-0.569275,48.746139],[-0.568756,48.746243],[-0.568664,48.745352],[-0.567998,48.744843],[-0.566896,48.744808],[-0.566847,48.744262],[-0.565965,48.744221],[-0.565942,48.74397],[-0.565423,48.743964],[-0.565862,48.743443],[-0.565371,48.743604],[-0.5651,48.743391],[-0.565122,48.742967],[-0.564413,48.742912],[-0.56434,48.742054],[-0.565166,48.741503],[-0.563778,48.740743],[-0.564077,48.740028],[-0.562909,48.738794],[-0.562172,48.73891],[-0.561001,48.739656],[-0.560314,48.738965],[-0.560359,48.738369],[-0.561198,48.738051],[-0.561201,48.737382],[-0.561733,48.73696],[-0.561859,48.736376],[-0.56221,48.736097],[-0.563609,48.735237],[-0.565624,48.734765],[-0.568094,48.733324],[-0.567449,48.732662],[-0.567052,48.731575],[-0.567014,48.730761],[-0.567621,48.730199],[-0.566689,48.729438],[-0.566739,48.727463],[-0.566291,48.727031],[-0.566514,48.725951],[-0.564883,48.723242],[-0.563541,48.721974],[-0.566251,48.719935],[-0.5686,48.717777],[-0.568895,48.716705],[-0.568464,48.716581],[-0.571905,48.708859],[-0.572272,48.706847],[-0.574165,48.705067],[-0.576428,48.703694],[-0.576112,48.703089],[-0.575953,48.701931],[-0.575398,48.701123],[-0.575339,48.699908],[-0.574279,48.698669],[-0.573723,48.698452],[-0.573901,48.698189],[-0.574148,48.697898],[-0.575547,48.698846],[-0.576329,48.698801],[-0.57664,48.698613],[-0.577721,48.697225],[-0.577743,48.695307],[-0.578502,48.693876],[-0.581518,48.692177],[-0.582003,48.692235],[-0.582355,48.690995],[-0.584006,48.689128],[-0.584285,48.688944],[-0.586525,48.689714],[-0.586625,48.689323],[-0.589017,48.688779],[-0.589336,48.688411],[-0.589294,48.688078],[-0.590192,48.687305],[-0.591143,48.687255],[-0.591389,48.686697],[-0.591469,48.685246],[-0.592211,48.685524],[-0.592944,48.685385],[-0.595024,48.684153],[-0.59588,48.683545],[-0.596831,48.682425],[-0.598858,48.681119],[-0.601197,48.679328],[-0.601849,48.678616],[-0.602541,48.677192],[-0.602166,48.675897],[-0.602247,48.67476],[-0.602735,48.673855],[-0.603113,48.673601],[-0.602681,48.672953],[-0.604517,48.672402],[-0.604917,48.671313],[-0.607421,48.669002],[-0.60776,48.668462],[-0.6083,48.669038],[-0.608975,48.66902],[-0.609027,48.669228],[-0.609435,48.66939],[-0.609444,48.669736],[-0.609089,48.669751],[-0.609051,48.669872],[-0.609583,48.670288],[-0.610369,48.670414],[-0.610652,48.670686],[-0.611144,48.670779],[-0.611373,48.671136],[-0.612254,48.671664],[-0.61368,48.67172],[-0.613691,48.672191],[-0.614288,48.672328],[-0.614046,48.672692],[-0.614327,48.672914],[-0.615083,48.673155],[-0.615826,48.672971],[-0.616513,48.673444],[-0.617021,48.673577],[-0.618294,48.673543],[-0.618867,48.673905],[-0.619621,48.674099],[-0.620157,48.674731],[-0.620938,48.674694],[-0.621336,48.67493],[-0.621944,48.674877],[-0.622328,48.675116],[-0.623242,48.675145],[-0.623696,48.67565],[-0.624105,48.675587],[-0.624236,48.676181],[-0.624665,48.676195],[-0.624715,48.676441],[-0.625399,48.676599],[-0.626491,48.677228],[-0.62725,48.677298],[-0.627847,48.67779],[-0.628331,48.677745],[-0.628569,48.677965],[-0.628505,48.67832],[-0.629363,48.678876],[-0.631457,48.679062],[-0.632805,48.679707],[-0.633814,48.679688],[-0.634514,48.680514],[-0.636405,48.681933],[-0.635926,48.682213],[-0.636077,48.68257],[-0.636729,48.682548],[-0.637279,48.682712],[-0.637415,48.682852],[-0.63725,48.683066],[-0.637899,48.683719],[-0.638382,48.683713],[-0.638695,48.684102],[-0.639485,48.684222],[-0.640076,48.684567],[-0.640979,48.6844],[-0.641411,48.684673],[-0.641684,48.684647],[-0.64302,48.683259],[-0.642962,48.682971],[-0.646001,48.681256],[-0.647647,48.680631],[-0.649092,48.680598],[-0.650505,48.680765],[-0.651351,48.680468],[-0.65271,48.679637],[-0.653821,48.679461],[-0.654414,48.679779],[-0.654557,48.680379],[-0.655332,48.681392],[-0.655325,48.681685],[-0.655698,48.681939],[-0.655603,48.682097],[-0.656081,48.682442],[-0.656793,48.682552],[-0.656863,48.682728],[-0.658087,48.683135],[-0.660296,48.683427],[-0.660252,48.683125],[-0.660748,48.683119],[-0.661455,48.682842],[-0.665025,48.684688],[-0.666148,48.684494],[-0.666219,48.684719],[-0.666742,48.684624],[-0.667765,48.685273],[-0.668142,48.68506],[-0.668414,48.685142],[-0.668928,48.685646],[-0.66918,48.685457],[-0.669602,48.685583],[-0.670108,48.685412],[-0.670651,48.685833],[-0.6711,48.685531],[-0.671532,48.686059],[-0.671947,48.686153],[-0.672195,48.685927],[-0.673675,48.686098],[-0.675067,48.686014],[-0.675058,48.686387],[-0.67722,48.686492],[-0.677418,48.686112],[-0.679225,48.686082],[-0.680339,48.685517],[-0.680743,48.685552],[-0.681822,48.685254],[-0.684208,48.686714],[-0.6866,48.687535],[-0.687012,48.688041],[-0.687394,48.687796],[-0.688065,48.688303],[-0.68861,48.688147],[-0.689316,48.688465],[-0.689046,48.688687],[-0.688972,48.689324],[-0.689414,48.689747],[-0.68906,48.690457],[-0.689493,48.691236],[-0.692231,48.690669],[-0.692246,48.690939],[-0.693324,48.690776],[-0.695226,48.690763],[-0.698714,48.69168],[-0.699379,48.692446],[-0.702545,48.691762],[-0.703617,48.691104],[-0.702697,48.690116],[-0.70159,48.689558],[-0.701048,48.689029],[-0.700993,48.688772],[-0.701703,48.687077],[-0.702509,48.686717],[-0.705257,48.685977],[-0.706192,48.685487],[-0.704853,48.698045]],[[-0.729765,48.764706],[-0.731053,48.76443],[-0.731651,48.764482],[-0.730985,48.765102],[-0.731252,48.765283],[-0.730629,48.765586],[-0.730584,48.765919],[-0.730102,48.766085],[-0.729472,48.767134],[-0.72857,48.766011],[-0.728323,48.765981],[-0.727512,48.766275],[-0.727165,48.766191],[-0.726631,48.766323],[-0.726565,48.766627],[-0.726027,48.766762],[-0.726189,48.767205],[-0.72772,48.768372],[-0.724944,48.768526],[-0.724278,48.76842],[-0.723467,48.768627],[-0.71291,48.769079],[-0.707801,48.769104],[-0.707005,48.763533],[-0.715487,48.762634],[-0.718352,48.761805],[-0.725488,48.763464],[-0.726575,48.764173],[-0.726964,48.764192],[-0.727277,48.764422],[-0.727154,48.764675],[-0.727432,48.764966],[-0.727278,48.765218],[-0.72679,48.765306],[-0.7264,48.764968],[-0.725702,48.765205],[-0.726871,48.765719],[-0.727351,48.76548],[-0.727694,48.765493],[-0.728092,48.765163],[-0.728715,48.765192],[-0.729092,48.764827],[-0.729765,48.764706]]]}},{"type":"Feature","properties":{"uai_primary":"0610739X","uai_all":"0610739X","is_merged":false},"geometry":{"type":"Polygon","coordinates":[[[0.629879,48.586538],[0.630101,48.588365],[0.629844,48.609341],[0.63893,48.606137],[0.643495,48.605047],[0.66893,48.604404],[0.67347,48.604179],[0.67522,48.604235],[0.659209,48.613469],[0.660373,48.614331],[0.66052,48.614241],[0.661191,48.614504],[0.664231,48.615057],[0.663948,48.61566],[0.668779,48.617552],[0.669454,48.617634],[0.670191,48.61794],[0.672854,48.619522],[0.675771,48.6202],[0.676893,48.620853],[0.677731,48.62112],[0.67799,48.621614],[0.678816,48.621864],[0.67741,48.622881],[0.677842,48.623028],[0.678397,48.622778],[0.682148,48.624124],[0.683145,48.624221],[0.685145,48.624755],[0.688817,48.626028],[0.691623,48.624787],[0.703067,48.620403],[0.705093,48.62091],[0.711504,48.615648],[0.71387,48.614461],[0.725906,48.623076],[0.727119,48.620777],[0.727869,48.620535],[0.731275,48.621705],[0.733447,48.620983],[0.73392,48.62131],[0.737029,48.62044],[0.739024,48.620144],[0.739198,48.620485],[0.743749,48.61915],[0.744024,48.61916],[0.744172,48.619376],[0.744953,48.619282],[0.74526,48.618806],[0.744926,48.618262],[0.745901,48.617771],[0.746671,48.617022],[0.748009,48.616461],[0.748618,48.616522],[0.752322,48.615687],[0.754927,48.614226],[0.755579,48.613392],[0.756251,48.613064],[0.757079,48.61309],[0.75758,48.613461],[0.75902,48.614049],[0.760412,48.6151],[0.761626,48.615306],[0.762613,48.615193],[0.761696,48.615298],[0.760267,48.620872],[0.757028,48.626586],[0.777061,48.638145],[0.777263,48.642117],[0.777113,48.643023],[0.782802,48.651252],[0.783982,48.652484],[0.776958,48.666724],[0.778902,48.666776],[0.778932,48.667094],[0.780406,48.666795],[0.780416,48.666432],[0.782416,48.666734],[0.784053,48.668093],[0.785933,48.669242],[0.786918,48.669431],[0.788067,48.670248],[0.7884,48.671874],[0.7898,48.67352],[0.790387,48.673662],[0.791648,48.674439],[0.795334,48.675301],[0.796168,48.675326],[0.80091,48.674255],[0.802107,48.673557],[0.804073,48.672918],[0.805846,48.671881],[0.806816,48.671032],[0.808839,48.670454],[0.811658,48.671686],[0.813023,48.671398],[0.813388,48.670549],[0.813872,48.670241],[0.814825,48.670164],[0.814904,48.669928],[0.813334,48.668475],[0.811397,48.667388],[0.810441,48.666463],[0.809296,48.664712],[0.809689,48.662446],[0.810567,48.661568],[0.810426,48.661399],[0.810762,48.661199],[0.814798,48.660246],[0.817648,48.659772],[0.818233,48.659393],[0.81889,48.658164],[0.818936,48.657454],[0.817997,48.654956],[0.818035,48.654532],[0.818554,48.65379],[0.82003,48.652804],[0.822045,48.652061],[0.823054,48.650969],[0.823673,48.65067],[0.823812,48.650151],[0.824422,48.649943],[0.824937,48.648655],[0.822494,48.645507],[0.821562,48.644613],[0.821958,48.643716],[0.82264,48.642991],[0.822953,48.642008],[0.823182,48.640907],[0.823231,48.638456],[0.822655,48.637391],[0.821642,48.636227],[0.82168,48.636056],[0.822627,48.634694],[0.824269,48.633854],[0.824678,48.63377],[0.825186,48.634116],[0.825896,48.633884],[0.827016,48.634139],[0.829805,48.632855],[0.831204,48.633727],[0.831406,48.633774],[0.831756,48.633419],[0.829957,48.632272],[0.827549,48.631109],[0.826818,48.630605],[0.823996,48.626884],[0.823775,48.626172],[0.82378,48.624868],[0.823418,48.623909],[0.82278,48.623167],[0.821541,48.622835],[0.821149,48.622861],[0.81939,48.61968],[0.80826,48.630739],[0.802619,48.629619],[0.79663,48.627813],[0.794385,48.625784],[0.793332,48.624507],[0.791176,48.621209],[0.789989,48.617972],[0.797586,48.616014],[0.799365,48.615056],[0.795686,48.608285],[0.795308,48.607336],[0.795313,48.606729],[0.797373,48.606457],[0.8,48.604484],[0.801258,48.604091],[0.801922,48.603593],[0.802365,48.603494],[0.804143,48.604278],[0.804254,48.604757],[0.80395,48.605842],[0.80691,48.606374],[0.807873,48.606416],[0.808663,48.60665],[0.811371,48.604282],[0.812015,48.604239],[0.813724,48.605922],[0.815032,48.606381],[0.816966,48.606321],[0.819652,48.606039],[0.81992,48.605899],[0.821899,48.608551],[0.82306,48.609195],[0.823718,48.609878],[0.82549,48.609541],[0.827326,48.610664],[0.828115,48.610947],[0.830736,48.611128],[0.831946,48.610912],[0.832821,48.61092],[0.834398,48.610356],[0.834832,48.609499],[0.835979,48.608671],[0.836793,48.608715],[0.839788,48.608218],[0.842508,48.608524],[0.843559,48.608434],[0.84448,48.608945],[0.847097,48.609686],[0.846587,48.604783],[0.847097,48.600617],[0.847581,48.599927],[0.847657,48.599195],[0.847103,48.598712],[0.847405,48.597627],[0.84735,48.597059],[0.848568,48.594918],[0.848466,48.594061],[0.849983,48.591639],[0.849865,48.590426],[0.849172,48.589786],[0.848951,48.589256],[0.848987,48.587403],[0.84957,48.584321],[0.850414,48.583253],[0.850635,48.582626],[0.852155,48.581611],[0.852633,48.581482],[0.854463,48.58146],[0.854544,48.581101],[0.856857,48.580568],[0.857423,48.580583],[0.85949,48.577751],[0.865766,48.575128],[0.86694,48.574378],[0.868339,48.572777],[0.870579,48.572625],[0.873737,48.573351],[0.880481,48.574248],[0.894135,48.57169],[0.895506,48.571058],[0.89659,48.570759],[0.897715,48.569909],[0.898366,48.569711],[0.901103,48.56738],[0.903285,48.565983],[0.903986,48.565814],[0.905132,48.566007],[0.905879,48.565972],[0.906972,48.565626],[0.923658,48.558258],[0.925725,48.559862],[0.927029,48.558922],[0.927948,48.557672],[0.930341,48.556177],[0.930829,48.555484],[0.934036,48.554422],[0.934202,48.553957],[0.93454,48.553892],[0.935073,48.552987],[0.938594,48.55082],[0.939326,48.549175],[0.9383,48.548814],[0.936563,48.546792],[0.936025,48.546606],[0.933924,48.546672],[0.933211,48.547017],[0.932088,48.54697],[0.93213,48.54668],[0.931117,48.54452],[0.931015,48.543301],[0.930197,48.542933],[0.928696,48.542815],[0.927451,48.542225],[0.926907,48.54217],[0.926285,48.54155],[0.925043,48.540886],[0.924802,48.540221],[0.92336,48.53907],[0.922516,48.537742],[0.923538,48.537549],[0.924542,48.537019],[0.925203,48.536292],[0.925251,48.535905],[0.925829,48.535388],[0.930159,48.53454],[0.93157,48.534457],[0.932321,48.53397],[0.932268,48.533579],[0.932655,48.53327],[0.932971,48.532587],[0.933808,48.532259],[0.934205,48.532164],[0.934578,48.532293],[0.936112,48.531911],[0.93709,48.532039],[0.937228,48.532166],[0.937731,48.531971],[0.938809,48.532134],[0.940185,48.531632],[0.94029,48.531234],[0.940688,48.531089],[0.941681,48.531104],[0.941911,48.531288],[0.942372,48.531275],[0.942643,48.530954],[0.943177,48.530822],[0.94389,48.531093],[0.944666,48.530878],[0.946471,48.52985],[0.947163,48.528457],[0.947649,48.528087],[0.948505,48.52821],[0.949728,48.52815],[0.949848,48.527895],[0.950246,48.527781],[0.95031,48.527495],[0.950743,48.527437],[0.951944,48.526796],[0.95205,48.526348],[0.952255,48.526259],[0.954907,48.526247],[0.955155,48.5261],[0.955142,48.525893],[0.955616,48.525755],[0.957076,48.525731],[0.958309,48.524825],[0.960387,48.524287],[0.961151,48.524531],[0.961495,48.524333],[0.963235,48.524053],[0.96445,48.52433],[0.965355,48.523915],[0.966609,48.524095],[0.967104,48.523831],[0.967419,48.523854],[0.966291,48.522258],[0.96606,48.52005],[0.965573,48.519128],[0.96537,48.518135],[0.96227,48.515724],[0.961712,48.515028],[0.961054,48.513582],[0.960137,48.512198],[0.957557,48.509015],[0.957186,48.507766],[0.956549,48.507005],[0.95609,48.506763],[0.955162,48.504845],[0.954153,48.50372],[0.953445,48.503137],[0.952665,48.502828],[0.946571,48.501002],[0.942043,48.499199],[0.94147,48.498829],[0.94277,48.497533],[0.943385,48.496562],[0.944106,48.496195],[0.945379,48.495957],[0.946229,48.495492],[0.94662,48.495519],[0.947501,48.494562],[0.949051,48.49423],[0.949789,48.493481],[0.951387,48.493408],[0.951934,48.493172],[0.953173,48.492984],[0.953742,48.493158],[0.955423,48.492861],[0.954369,48.490574],[0.954979,48.490571],[0.955581,48.489602],[0.955452,48.485999],[0.954508,48.484421],[0.954238,48.483289],[0.956369,48.482437],[0.953568,48.48025],[0.945146,48.47718],[0.944874,48.477108],[0.942159,48.47766],[0.941271,48.477691],[0.936405,48.475716],[0.934058,48.475372],[0.930948,48.474565],[0.9255,48.473697],[0.924803,48.474879],[0.924767,48.477539],[0.924499,48.478434],[0.921291,48.483705],[0.923086,48.484181],[0.928584,48.487394],[0.927252,48.488437],[0.927126,48.488834],[0.926488,48.488846],[0.92623,48.488164],[0.921469,48.487178],[0.918416,48.492051],[0.916408,48.491343],[0.914663,48.491274],[0.912458,48.49032],[0.910537,48.489958],[0.905513,48.490117],[0.891259,48.482678],[0.888577,48.482313],[0.888474,48.482024],[0.886884,48.480666],[0.885659,48.481266],[0.884424,48.48106],[0.884669,48.480903],[0.885649,48.480802],[0.886181,48.480165],[0.886193,48.479189],[0.885324,48.477943],[0.885091,48.477225],[0.885685,48.476513],[0.885524,48.475872],[0.885339,48.475832],[0.88503,48.475109],[0.883668,48.474164],[0.883167,48.473484],[0.883068,48.472232],[0.883375,48.471141],[0.883107,48.469783],[0.882169,48.46961],[0.881637,48.469167],[0.881233,48.468321],[0.880446,48.467823],[0.881102,48.466903],[0.880447,48.466617],[0.880283,48.466054],[0.879214,48.464899],[0.878533,48.46507],[0.876717,48.464733],[0.875093,48.463859],[0.873418,48.463326],[0.867804,48.462474],[0.866705,48.461594],[0.86508,48.461286],[0.864079,48.460747],[0.859282,48.458843],[0.857357,48.457472],[0.856805,48.456666],[0.854944,48.454982],[0.854699,48.454223],[0.853293,48.453846],[0.851773,48.452761],[0.846984,48.451004],[0.843498,48.448792],[0.841708,48.447184],[0.840209,48.445371],[0.840065,48.444771],[0.838714,48.443449],[0.838811,48.444386],[0.835583,48.445635],[0.834375,48.445831],[0.832599,48.445821],[0.830564,48.445265],[0.828985,48.445063],[0.827864,48.445191],[0.825947,48.445726],[0.825855,48.445524],[0.818879,48.446921],[0.816525,48.447056],[0.815394,48.446959],[0.815013,48.449848],[0.815172,48.451392],[0.81534,48.451827],[0.816341,48.452658],[0.816516,48.453126],[0.815949,48.454604],[0.815259,48.455558],[0.814895,48.457685],[0.813657,48.45918],[0.814245,48.459862],[0.814311,48.460422],[0.814841,48.460967],[0.815102,48.461656],[0.815622,48.462126],[0.815342,48.462887],[0.81511,48.465226],[0.814831,48.465267],[0.814318,48.465073],[0.812146,48.465389],[0.810076,48.465353],[0.807019,48.464879],[0.805526,48.473238],[0.804465,48.473691],[0.801511,48.475973],[0.792296,48.477711],[0.7843,48.479519],[0.783857,48.479364],[0.781828,48.479546],[0.780376,48.48022],[0.778516,48.480629],[0.775526,48.479732],[0.774873,48.478938],[0.772673,48.477072],[0.769638,48.476832],[0.768597,48.476195],[0.767173,48.475675],[0.765775,48.474493],[0.76556,48.473743],[0.764888,48.472978],[0.76375,48.472437],[0.763122,48.473101],[0.761778,48.473299],[0.761363,48.473567],[0.760906,48.473568],[0.759841,48.473236],[0.759082,48.473235],[0.758047,48.473692],[0.757796,48.475077],[0.757556,48.475262],[0.75761,48.475684],[0.758741,48.476686],[0.757642,48.477211],[0.757486,48.477883],[0.755788,48.478828],[0.754538,48.480638],[0.753893,48.482304],[0.751756,48.482962],[0.750669,48.483486],[0.750093,48.484],[0.748987,48.485637],[0.747815,48.486386],[0.747412,48.486517],[0.742287,48.485808],[0.741875,48.486027],[0.741289,48.485915],[0.739273,48.486725],[0.737625,48.487763],[0.734978,48.488182],[0.733652,48.488709],[0.72811,48.488099],[0.726673,48.488486],[0.723534,48.488739],[0.722501,48.4893],[0.722057,48.489764],[0.721823,48.491767],[0.718699,48.492628],[0.719099,48.493801],[0.719602,48.49422],[0.719952,48.494302],[0.721362,48.495945],[0.722,48.496299],[0.719422,48.498211],[0.718389,48.499292],[0.718,48.498838],[0.716332,48.498454],[0.715324,48.497726],[0.714918,48.497632],[0.715045,48.497036],[0.714581,48.496812],[0.714467,48.49657],[0.714283,48.496621],[0.714275,48.496873],[0.713923,48.496606],[0.713897,48.496317],[0.713451,48.496602],[0.713552,48.496132],[0.712929,48.496009],[0.712636,48.49542],[0.712417,48.495508],[0.712315,48.49482],[0.71183,48.494825],[0.712131,48.494594],[0.712141,48.494432],[0.711718,48.494259],[0.712076,48.494077],[0.711972,48.493926],[0.71132,48.493582],[0.710461,48.493535],[0.710211,48.492384],[0.710763,48.49153],[0.710241,48.491083],[0.710135,48.490735],[0.709861,48.490638],[0.709842,48.490362],[0.709022,48.489376],[0.70855,48.489513],[0.708331,48.489336],[0.708077,48.488794],[0.708237,48.487831],[0.707797,48.487789],[0.707752,48.487577],[0.708301,48.486703],[0.707754,48.486667],[0.707549,48.486519],[0.707374,48.485898],[0.707957,48.485678],[0.707347,48.48549],[0.707697,48.485028],[0.707629,48.484812],[0.707264,48.484501],[0.706845,48.484495],[0.706695,48.483889],[0.70644,48.483812],[0.706897,48.483298],[0.707541,48.483433],[0.707712,48.483291],[0.707752,48.482846],[0.707162,48.482253],[0.707209,48.482155],[0.707876,48.482274],[0.7081,48.481915],[0.707538,48.481781],[0.70732,48.481536],[0.707415,48.481238],[0.707132,48.481113],[0.707336,48.480464],[0.707874,48.48013],[0.707899,48.479631],[0.708204,48.479211],[0.7072,48.478583],[0.706739,48.478471],[0.707016,48.478219],[0.705865,48.478279],[0.705303,48.477094],[0.705283,48.476832],[0.705704,48.476486],[0.705364,48.476071],[0.705309,48.475521],[0.703739,48.474877],[0.702682,48.474246],[0.701732,48.474304],[0.700336,48.474074],[0.699297,48.473702],[0.698255,48.472995],[0.69897,48.472235],[0.699714,48.4718],[0.69918,48.471726],[0.698864,48.471458],[0.698061,48.471926],[0.697839,48.471742],[0.697864,48.471467],[0.69713,48.471387],[0.696595,48.47077],[0.696755,48.470577],[0.697314,48.470612],[0.697625,48.469898],[0.696946,48.469985],[0.696761,48.469476],[0.697453,48.469505],[0.697697,48.469242],[0.697114,48.469178],[0.696656,48.468913],[0.696981,48.468333],[0.69771,48.468224],[0.697845,48.468058],[0.697525,48.467732],[0.697873,48.466784],[0.697601,48.466003],[0.693558,48.466013],[0.691158,48.466394],[0.68978,48.466316],[0.688415,48.466485],[0.685418,48.468685],[0.683106,48.469053],[0.683004,48.469896],[0.682676,48.470521],[0.681994,48.469828],[0.680891,48.469384],[0.681068,48.468536],[0.681917,48.46794],[0.682298,48.466485],[0.682054,48.466196],[0.680248,48.466539],[0.679463,48.466879],[0.678869,48.466453],[0.678404,48.465828],[0.677809,48.464095],[0.676705,48.464268],[0.676246,48.465776],[0.690785,48.48369],[0.691566,48.484629],[0.691833,48.484719],[0.677158,48.496128],[0.667218,48.496308],[0.676437,48.522341],[0.680259,48.523132],[0.684601,48.523815],[0.688708,48.523825],[0.689754,48.524055],[0.689703,48.525487],[0.690471,48.526644],[0.691568,48.526457],[0.691899,48.526676],[0.691982,48.527627],[0.692478,48.528008],[0.693509,48.530091],[0.692981,48.530827],[0.691661,48.531916],[0.692125,48.532875],[0.693002,48.533876],[0.692954,48.534498],[0.687032,48.539846],[0.687364,48.540323],[0.687189,48.541682],[0.688107,48.54182],[0.688338,48.5423],[0.691821,48.541989],[0.690647,48.544077],[0.690184,48.545999],[0.690486,48.546251],[0.690547,48.547222],[0.691183,48.547712],[0.691078,48.548043],[0.69124,48.548293],[0.691031,48.548643],[0.691234,48.548796],[0.689524,48.549273],[0.689171,48.548967],[0.688804,48.548921],[0.688395,48.549209],[0.683608,48.550489],[0.681734,48.551542],[0.681386,48.552086],[0.680927,48.552321],[0.680354,48.55238],[0.679295,48.551843],[0.678221,48.551791],[0.67801,48.551623],[0.671418,48.551613],[0.670662,48.551847],[0.670142,48.551838],[0.66842,48.55298],[0.668154,48.553471],[0.668159,48.554234],[0.662323,48.552751],[0.658795,48.554626],[0.656162,48.556522],[0.652959,48.557105],[0.651971,48.557528],[0.650944,48.556825],[0.648908,48.558324],[0.650458,48.559679],[0.650144,48.559992],[0.647251,48.559347],[0.646865,48.561163],[0.646467,48.561135],[0.646071,48.562043],[0.644682,48.562481],[0.641907,48.562503],[0.641133,48.563016],[0.640091,48.563327],[0.638778,48.564004],[0.638648,48.564636],[0.638452,48.564732],[0.637578,48.564628],[0.635063,48.564976],[0.634625,48.565171],[0.632515,48.564966],[0.631473,48.565206],[0.630351,48.565214],[0.628791,48.565111],[0.628442,48.564883],[0.624567,48.565303],[0.618199,48.564446],[0.618066,48.567022],[0.641292,48.573517],[0.631392,48.581552],[0.629628,48.582065],[0.629879,48.586538]],[[0.783177,48.625484],[0.780648,48.627863],[0.778052,48.627613],[0.779911,48.626351],[0.78118,48.625899],[0.783177,48.625484]]]}},{"type":"Feature","properties":{"uai_primary":"0610740Y","uai_all":"0610740Y","is_merged":false},"geometry":{"type":"Polygon","coordinates":[[[0.793384,48.380765],[0.792838,48.380675],[0.792603,48.380189],[0.792111,48.380076],[0.792029,48.379889],[0.79113,48.379974],[0.790185,48.379612],[0.790178,48.37863],[0.789177,48.378257],[0.788501,48.378338],[0.787714,48.378207],[0.787936,48.376093],[0.782908,48.377295],[0.78239,48.378238],[0.781387,48.37826],[0.779441,48.379026],[0.776853,48.379624],[0.776534,48.380299],[0.775116,48.380216],[0.775352,48.378607],[0.773749,48.375781],[0.773503,48.375836],[0.773713,48.376337],[0.772494,48.376455],[0.772175,48.376959],[0.771134,48.376796],[0.771139,48.376616],[0.768243,48.376856],[0.768003,48.376703],[0.767478,48.376696],[0.764284,48.377874],[0.76426,48.378033],[0.763186,48.378627],[0.762647,48.378436],[0.760859,48.379282],[0.760472,48.379114],[0.759765,48.379567],[0.757384,48.379497],[0.757472,48.379932],[0.755884,48.380177],[0.756068,48.379508],[0.755395,48.379455],[0.755411,48.378915],[0.754262,48.37899],[0.752297,48.380987],[0.749483,48.382415],[0.744803,48.382777],[0.743447,48.38352],[0.738943,48.384359],[0.736069,48.385169],[0.734947,48.385554],[0.73384,48.386439],[0.728173,48.387188],[0.727052,48.387085],[0.724541,48.387613],[0.722343,48.387579],[0.720517,48.388387],[0.714344,48.389848],[0.711674,48.391117],[0.710309,48.391253],[0.709503,48.391492],[0.707141,48.393044],[0.706724,48.393558],[0.706131,48.395258],[0.704391,48.396083],[0.702409,48.396443],[0.699556,48.397723],[0.695786,48.398821],[0.692817,48.400774],[0.690214,48.403024],[0.688656,48.403996],[0.684323,48.406181],[0.682986,48.409146],[0.683473,48.411736],[0.686249,48.412635],[0.689633,48.41409],[0.688685,48.415075],[0.690102,48.416531],[0.689884,48.416902],[0.688662,48.417406],[0.688107,48.417893],[0.688624,48.418783],[0.688661,48.423606],[0.686977,48.42393],[0.685462,48.423944],[0.684323,48.424166],[0.683039,48.425371],[0.683239,48.426824],[0.683808,48.427666],[0.683879,48.428314],[0.683794,48.428719],[0.682716,48.429463],[0.682689,48.429851],[0.683456,48.430607],[0.683932,48.430398],[0.685108,48.430841],[0.685181,48.431085],[0.684636,48.431314],[0.685937,48.433267],[0.684253,48.434114],[0.678634,48.43026],[0.678307,48.429821],[0.678291,48.429087],[0.677346,48.428829],[0.67727,48.428231],[0.676813,48.427627],[0.675885,48.42774],[0.674425,48.428425],[0.671934,48.427244],[0.671511,48.426959],[0.671348,48.426592],[0.669239,48.42673],[0.668208,48.426608],[0.663894,48.425405],[0.663151,48.424808],[0.662869,48.424269],[0.662369,48.42418],[0.658371,48.422222],[0.652299,48.420079],[0.652002,48.419857],[0.646043,48.419221],[0.646084,48.418786],[0.645098,48.418499],[0.644916,48.418642],[0.644392,48.418463],[0.644656,48.418105],[0.64385,48.417974],[0.64237,48.417802],[0.639646,48.418014],[0.639297,48.417864],[0.638174,48.417862],[0.637799,48.417997],[0.636692,48.417736],[0.635703,48.417159],[0.634299,48.415925],[0.632428,48.416198],[0.63044,48.416993],[0.630285,48.417279],[0.631327,48.418759],[0.631316,48.419119],[0.630708,48.419702],[0.630976,48.420268],[0.629782,48.420161],[0.628985,48.420818],[0.628163,48.421015],[0.627234,48.421623],[0.627767,48.4219],[0.628218,48.422581],[0.630775,48.424826],[0.632081,48.427026],[0.631392,48.432817],[0.631623,48.4355],[0.631168,48.436137],[0.631923,48.436952],[0.632524,48.437175],[0.632363,48.438444],[0.632887,48.438484],[0.632629,48.440269],[0.635715,48.439664],[0.635435,48.440685],[0.636579,48.440875],[0.636371,48.44312],[0.636749,48.44398],[0.63777,48.444884],[0.638573,48.444524],[0.639933,48.44423],[0.641171,48.445127],[0.641587,48.445172],[0.642379,48.444439],[0.642653,48.444433],[0.643862,48.445312],[0.644673,48.445555],[0.644772,48.445894],[0.645821,48.445858],[0.64642,48.446374],[0.647034,48.446585],[0.647003,48.44815],[0.647403,48.448523],[0.64929,48.448934],[0.65116,48.44867],[0.651879,48.44875],[0.65239,48.449849],[0.653981,48.450251],[0.654951,48.450334],[0.655765,48.450659],[0.654983,48.453197],[0.656177,48.453493],[0.656347,48.454729],[0.654808,48.456083],[0.65662,48.458175],[0.656586,48.458787],[0.659718,48.463792],[0.660629,48.463897],[0.66193,48.464448],[0.662934,48.46371],[0.66388,48.464397],[0.66815,48.461427],[0.668379,48.461577],[0.66873,48.462552],[0.668602,48.465284],[0.669527,48.466345],[0.671108,48.46698],[0.671733,48.467524],[0.672183,48.467415],[0.675385,48.469241],[0.675846,48.469651],[0.677143,48.472738],[0.677521,48.473147],[0.677807,48.474142],[0.677776,48.474858],[0.677176,48.475004],[0.676975,48.475396],[0.677552,48.475695],[0.676697,48.476911],[0.675908,48.477446],[0.676337,48.477667],[0.675468,48.478574],[0.67636,48.478738],[0.677385,48.478492],[0.67815,48.479674],[0.678589,48.481382],[0.680114,48.482403],[0.681097,48.48399],[0.684342,48.485383],[0.686207,48.485848],[0.685888,48.487344],[0.686096,48.489172],[0.691833,48.484719],[0.691566,48.484629],[0.690785,48.48369],[0.676246,48.465776],[0.676705,48.464268],[0.677809,48.464095],[0.678404,48.465828],[0.678869,48.466453],[0.679463,48.466879],[0.680248,48.466539],[0.682054,48.466196],[0.682298,48.466485],[0.681917,48.46794],[0.681068,48.468536],[0.680891,48.469384],[0.681994,48.469828],[0.682676,48.470521],[0.683004,48.469896],[0.683106,48.469053],[0.685418,48.468685],[0.688415,48.466485],[0.68978,48.466316],[0.691158,48.466394],[0.693558,48.466013],[0.697601,48.466003],[0.697873,48.466784],[0.697525,48.467732],[0.697845,48.468058],[0.69771,48.468224],[0.696981,48.468333],[0.696656,48.468913],[0.697114,48.469178],[0.697697,48.469242],[0.697453,48.469505],[0.696761,48.469476],[0.696946,48.469985],[0.697625,48.469898],[0.697314,48.470612],[0.696755,48.470577],[0.696595,48.47077],[0.69713,48.471387],[0.697864,48.471467],[0.697839,48.471742],[0.698061,48.471926],[0.698864,48.471458],[0.69918,48.471726],[0.699714,48.4718],[0.69897,48.472235],[0.698255,48.472995],[0.699297,48.473702],[0.700336,48.474074],[0.701732,48.474304],[0.702682,48.474246],[0.703739,48.474877],[0.705309,48.475521],[0.705364,48.476071],[0.705704,48.476486],[0.705283,48.476832],[0.705303,48.477094],[0.705865,48.478279],[0.707016,48.478219],[0.706739,48.478471],[0.7072,48.478583],[0.708204,48.479211],[0.707899,48.479631],[0.707874,48.48013],[0.707336,48.480464],[0.707132,48.481113],[0.707415,48.481238],[0.70732,48.481536],[0.707538,48.481781],[0.7081,48.481915],[0.707876,48.482274],[0.707209,48.482155],[0.707162,48.482253],[0.707752,48.482846],[0.707712,48.483291],[0.707541,48.483433],[0.706897,48.483298],[0.70644,48.483812],[0.706695,48.483889],[0.706845,48.484495],[0.707264,48.484501],[0.707629,48.484812],[0.707697,48.485028],[0.707347,48.48549],[0.707957,48.485678],[0.707374,48.485898],[0.707549,48.486519],[0.707754,48.486667],[0.708301,48.486703],[0.707752,48.487577],[0.707797,48.487789],[0.708237,48.487831],[0.708077,48.488794],[0.708331,48.489336],[0.70855,48.489513],[0.709022,48.489376],[0.709842,48.490362],[0.709861,48.490638],[0.710135,48.490735],[0.710241,48.491083],[0.710763,48.49153],[0.710211,48.492384],[0.710461,48.493535],[0.71132,48.493582],[0.711972,48.493926],[0.712076,48.494077],[0.711718,48.494259],[0.712141,48.494432],[0.712131,48.494594],[0.71183,48.494825],[0.712315,48.49482],[0.712417,48.495508],[0.712636,48.49542],[0.712929,48.496009],[0.713552,48.496132],[0.713451,48.496602],[0.713897,48.496317],[0.713923,48.496606],[0.714275,48.496873],[0.714283,48.496621],[0.714467,48.49657],[0.714581,48.496812],[0.715045,48.497036],[0.714918,48.497632],[0.715324,48.497726],[0.716332,48.498454],[0.718,48.498838],[0.718389,48.499292],[0.719422,48.498211],[0.722,48.496299],[0.721362,48.495945],[0.719952,48.494302],[0.719602,48.49422],[0.719099,48.493801],[0.718699,48.492628],[0.721823,48.491767],[0.722057,48.489764],[0.722501,48.4893],[0.723534,48.488739],[0.726673,48.488486],[0.72811,48.488099],[0.733652,48.488709],[0.734978,48.488182],[0.737625,48.487763],[0.739273,48.486725],[0.741289,48.485915],[0.741875,48.486027],[0.742287,48.485808],[0.747412,48.486517],[0.747815,48.486386],[0.748987,48.485637],[0.750093,48.484],[0.750669,48.483486],[0.751756,48.482962],[0.753893,48.482304],[0.754538,48.480638],[0.755788,48.478828],[0.757486,48.477883],[0.757642,48.477211],[0.758741,48.476686],[0.75761,48.475684],[0.757556,48.475262],[0.757796,48.475077],[0.758047,48.473692],[0.759082,48.473235],[0.759841,48.473236],[0.760906,48.473568],[0.761363,48.473567],[0.761778,48.473299],[0.763122,48.473101],[0.76375,48.472437],[0.764888,48.472978],[0.76556,48.473743],[0.765775,48.474493],[0.767173,48.475675],[0.768597,48.476195],[0.769638,48.476832],[0.772673,48.477072],[0.774873,48.478938],[0.775526,48.479732],[0.777045,48.480111],[0.778221,48.480602],[0.779,48.480571],[0.780376,48.48022],[0.781828,48.479546],[0.783857,48.479364],[0.7843,48.479519],[0.792296,48.477711],[0.801511,48.475973],[0.804465,48.473691],[0.805526,48.473238],[0.807019,48.464879],[0.811014,48.46539],[0.812146,48.465389],[0.814318,48.465073],[0.814831,48.465267],[0.81511,48.465226],[0.814739,48.466118],[0.814863,48.466975],[0.8145,48.469057],[0.815051,48.471157],[0.815698,48.472164],[0.812509,48.472563],[0.813993,48.475019],[0.815165,48.478406],[0.816147,48.479543],[0.816098,48.479961],[0.817457,48.480161],[0.818283,48.480514],[0.820094,48.480601],[0.821212,48.480966],[0.823545,48.482132],[0.826245,48.482928],[0.825911,48.483319],[0.828968,48.485076],[0.828393,48.485098],[0.828754,48.485466],[0.828445,48.485571],[0.828471,48.485834],[0.828139,48.486136],[0.827189,48.486427],[0.826553,48.486318],[0.8258,48.486441],[0.82488,48.487036],[0.824742,48.488654],[0.824994,48.490031],[0.825453,48.490443],[0.825825,48.491598],[0.826375,48.49222],[0.828416,48.492551],[0.828801,48.493033],[0.828958,48.494081],[0.828592,48.494559],[0.827866,48.494988],[0.827418,48.494974],[0.825728,48.495537],[0.825384,48.496027],[0.826217,48.499075],[0.82608,48.49933],[0.828645,48.501753],[0.829622,48.502029],[0.833763,48.502624],[0.838308,48.504068],[0.83934,48.505079],[0.840208,48.505449],[0.841447,48.505307],[0.841775,48.505873],[0.843957,48.506088],[0.846875,48.507398],[0.848016,48.508748],[0.851201,48.508609],[0.858772,48.513612],[0.861463,48.514266],[0.863371,48.516053],[0.864847,48.516376],[0.866388,48.5165],[0.867186,48.516429],[0.867875,48.516186],[0.869484,48.516107],[0.871644,48.516372],[0.874387,48.517169],[0.875608,48.517319],[0.881097,48.516514],[0.882083,48.51627],[0.882696,48.515886],[0.88353,48.514242],[0.883998,48.514097],[0.885418,48.512715],[0.886582,48.512603],[0.888264,48.5128],[0.890027,48.512522],[0.891168,48.512927],[0.895161,48.511408],[0.898323,48.510622],[0.901872,48.511052],[0.905499,48.512332],[0.908254,48.513104],[0.909722,48.513244],[0.912173,48.512649],[0.910948,48.512182],[0.90828,48.511616],[0.907199,48.511236],[0.897727,48.505408],[0.896533,48.504832],[0.900623,48.50336],[0.900726,48.502047],[0.901401,48.499962],[0.901223,48.498085],[0.901764,48.496876],[0.90227,48.496984],[0.902581,48.496856],[0.903484,48.495777],[0.903647,48.495255],[0.905797,48.49553],[0.906066,48.494606],[0.906772,48.494522],[0.906672,48.493556],[0.90781,48.492886],[0.908274,48.492412],[0.908596,48.491739],[0.905513,48.490117],[0.910537,48.489958],[0.912458,48.49032],[0.914663,48.491274],[0.916408,48.491343],[0.918416,48.492051],[0.921469,48.487178],[0.92623,48.488164],[0.926488,48.488846],[0.927126,48.488834],[0.927252,48.488437],[0.928584,48.487394],[0.923086,48.484181],[0.921291,48.483705],[0.924499,48.478434],[0.924767,48.477539],[0.924803,48.474879],[0.9255,48.473697],[0.930948,48.474565],[0.934058,48.475372],[0.935693,48.475602],[0.936931,48.472791],[0.936627,48.471857],[0.937205,48.471333],[0.937384,48.470538],[0.937102,48.470187],[0.937165,48.469795],[0.938506,48.469145],[0.938565,48.468761],[0.937369,48.467772],[0.937349,48.467566],[0.938066,48.466885],[0.939847,48.466162],[0.939584,48.462742],[0.939024,48.461467],[0.938973,48.460837],[0.940095,48.459925],[0.94058,48.458923],[0.941884,48.457915],[0.941603,48.456857],[0.942036,48.456818],[0.942916,48.457476],[0.94569,48.457429],[0.945274,48.456157],[0.947693,48.455977],[0.947791,48.455506],[0.947048,48.454431],[0.947432,48.45356],[0.94857,48.452631],[0.948979,48.451923],[0.949436,48.451655],[0.950876,48.449641],[0.952574,48.448582],[0.95382,48.448026],[0.953976,48.447569],[0.953785,48.446558],[0.955259,48.445647],[0.955914,48.444412],[0.957792,48.442741],[0.958541,48.442506],[0.966934,48.44172],[0.969094,48.441314],[0.970578,48.441306],[0.971539,48.441486],[0.972061,48.441998],[0.972179,48.442861],[0.973524,48.443804],[0.974934,48.443073],[0.975162,48.442767],[0.974958,48.442275],[0.975255,48.441771],[0.97659,48.441082],[0.976092,48.439519],[0.976415,48.438769],[0.973619,48.436699],[0.971159,48.434456],[0.970261,48.434009],[0.969373,48.433162],[0.967536,48.431898],[0.965451,48.430917],[0.961066,48.429339],[0.959629,48.42867],[0.957656,48.428228],[0.956596,48.427424],[0.956897,48.425506],[0.956095,48.425541],[0.955467,48.423552],[0.954799,48.422381],[0.951196,48.420745],[0.951184,48.420535],[0.950719,48.420392],[0.950235,48.420562],[0.949328,48.420096],[0.949863,48.41884],[0.948318,48.418508],[0.948203,48.417924],[0.945311,48.418227],[0.945156,48.417091],[0.944422,48.417115],[0.944272,48.414976],[0.94366,48.413813],[0.94392,48.411703],[0.94423,48.411247],[0.943812,48.410668],[0.943734,48.410065],[0.944759,48.408535],[0.944904,48.407217],[0.945212,48.406878],[0.946222,48.40638],[0.946753,48.405373],[0.946911,48.404376],[0.946774,48.403914],[0.947193,48.403379],[0.948668,48.402657],[0.949433,48.402067],[0.949645,48.401557],[0.949631,48.400575],[0.950239,48.400306],[0.950427,48.399452],[0.948019,48.399426],[0.948181,48.398816],[0.945821,48.399136],[0.944728,48.399573],[0.94059,48.398316],[0.93686,48.395929],[0.936217,48.395261],[0.936105,48.394309],[0.936629,48.393909],[0.934179,48.392962],[0.933013,48.392227],[0.931008,48.391367],[0.93044,48.39172],[0.929898,48.391417],[0.928921,48.390687],[0.92903,48.388639],[0.928874,48.388187],[0.926287,48.384183],[0.924256,48.38474],[0.923956,48.384602],[0.922105,48.382786],[0.920428,48.379888],[0.917901,48.377185],[0.917456,48.377767],[0.917102,48.379049],[0.916743,48.379482],[0.91566,48.379899],[0.915169,48.379863],[0.914956,48.379289],[0.914194,48.379225],[0.914279,48.377657],[0.915221,48.37633],[0.915287,48.375934],[0.916266,48.375052],[0.916377,48.374484],[0.913786,48.374296],[0.912567,48.37393],[0.912919,48.373023],[0.911105,48.372171],[0.911089,48.371756],[0.910809,48.371609],[0.909888,48.371193],[0.909107,48.371108],[0.909144,48.370314],[0.907347,48.3701],[0.906301,48.371904],[0.90433,48.372686],[0.901819,48.373393],[0.900629,48.373975],[0.897519,48.371644],[0.896469,48.371032],[0.897617,48.370221],[0.894138,48.367437],[0.892437,48.366541],[0.891834,48.366003],[0.89125,48.365041],[0.889113,48.363264],[0.889003,48.36254],[0.888347,48.361538],[0.886061,48.359698],[0.885534,48.359484],[0.885518,48.358985],[0.884491,48.357867],[0.883947,48.35756],[0.88391,48.357096],[0.883505,48.356542],[0.882386,48.357403],[0.881969,48.35611],[0.881306,48.355781],[0.880761,48.355999],[0.880275,48.356487],[0.878919,48.356695],[0.877769,48.356437],[0.875577,48.355423],[0.87407,48.35601],[0.872901,48.356213],[0.871365,48.359593],[0.866731,48.355009],[0.865841,48.355622],[0.865325,48.355011],[0.863487,48.353726],[0.863294,48.352918],[0.861951,48.350946],[0.859838,48.35012],[0.859768,48.349964],[0.858345,48.349502],[0.855079,48.34911],[0.854075,48.348735],[0.852266,48.348462],[0.849831,48.349809],[0.849893,48.350149],[0.847087,48.351308],[0.841671,48.352222],[0.839927,48.35272],[0.840135,48.350903],[0.840767,48.35027],[0.841659,48.350197],[0.843105,48.35074],[0.84354,48.351048],[0.844031,48.350893],[0.843313,48.348808],[0.842344,48.348821],[0.842084,48.3487],[0.842661,48.347684],[0.842367,48.346563],[0.841714,48.346054],[0.841266,48.345917],[0.840921,48.346064],[0.841115,48.346651],[0.840792,48.346874],[0.83917,48.346786],[0.838926,48.346436],[0.839493,48.345414],[0.838997,48.345007],[0.837966,48.345282],[0.836998,48.346137],[0.836189,48.345878],[0.835127,48.345785],[0.834273,48.34537],[0.833586,48.345229],[0.832336,48.345415],[0.831082,48.345334],[0.830297,48.345033],[0.829829,48.344567],[0.829812,48.343192],[0.827986,48.34231],[0.826353,48.343103],[0.826545,48.343464],[0.82575,48.343675],[0.824407,48.345481],[0.820583,48.347341],[0.820203,48.348197],[0.817719,48.350035],[0.814711,48.351009],[0.81393,48.351651],[0.813638,48.352231],[0.815066,48.352211],[0.81613,48.352846],[0.816037,48.354156],[0.813909,48.356119],[0.814483,48.356564],[0.814267,48.357056],[0.815001,48.357335],[0.815546,48.357827],[0.815637,48.358591],[0.815429,48.359246],[0.814544,48.360523],[0.81258,48.361887],[0.812726,48.36335],[0.80853,48.365983],[0.807241,48.366415],[0.808166,48.366824],[0.808124,48.367025],[0.807419,48.366994],[0.805981,48.367845],[0.804639,48.367129],[0.804307,48.36719],[0.804296,48.368427],[0.803274,48.369031],[0.802953,48.3703],[0.802174,48.371933],[0.802416,48.373223],[0.80133,48.373221],[0.800864,48.373752],[0.799738,48.373896],[0.797832,48.377336],[0.796852,48.379645],[0.796274,48.380125],[0.794541,48.380196],[0.793384,48.380765]]]}},{"type":"Feature","properties":{"uai_primary":"0610745D","uai_all":"0610745D","is_merged":false},"geometry":{"type":"Polygon","coordinates":[[[0.638081,48.760582],[0.638222,48.76082],[0.637816,48.760947],[0.637201,48.761522],[0.637266,48.761636],[0.637714,48.761689],[0.638658,48.761331],[0.639083,48.76134],[0.639079,48.760903],[0.6386,48.761083],[0.638226,48.760821],[0.638619,48.760643],[0.639077,48.76075],[0.63933,48.759983],[0.639083,48.759943],[0.638496,48.760497],[0.638081,48.760582]],[[0.625461,48.763797],[0.625658,48.763823],[0.625883,48.764263],[0.627057,48.764753],[0.627237,48.763976],[0.626732,48.764062],[0.626147,48.763951],[0.626261,48.763668],[0.62604,48.763473],[0.625217,48.763378],[0.625066,48.763231],[0.624745,48.76355],[0.62494,48.763786],[0.625461,48.763797]],[[0.791171,48.621196],[0.793524,48.624765],[0.794385,48.625784],[0.79663,48.627813],[0.802619,48.629619],[0.80826,48.630739],[0.81939,48.61968],[0.81717,48.615458],[0.817648,48.614817],[0.817713,48.614302],[0.818144,48.614554],[0.819636,48.609871],[0.822617,48.608931],[0.821899,48.608551],[0.81992,48.605899],[0.819652,48.606039],[0.816966,48.606321],[0.815032,48.606381],[0.813724,48.605922],[0.812015,48.604239],[0.811371,48.604282],[0.808663,48.60665],[0.807873,48.606416],[0.80691,48.606374],[0.80395,48.605842],[0.804254,48.604757],[0.804143,48.604278],[0.802365,48.603494],[0.801922,48.603593],[0.801258,48.604091],[0.8,48.604484],[0.797373,48.606457],[0.795313,48.606729],[0.795308,48.607336],[0.795686,48.608285],[0.799365,48.615056],[0.797586,48.616014],[0.789989,48.617972],[0.791171,48.621196]],[[0.78026,48.62787],[0.780648,48.627863],[0.783177,48.625484],[0.78118,48.625899],[0.779911,48.626351],[0.778052,48.627613],[0.78026,48.62787]],[[0.720029,48.755025],[0.720265,48.755022],[0.721795,48.756076],[0.723317,48.757389],[0.726156,48.757943],[0.727564,48.758592],[0.733003,48.762519],[0.733844,48.762673],[0.734223,48.762603],[0.73776,48.763504],[0.73932,48.764393],[0.743141,48.766036],[0.743984,48.76621],[0.744984,48.766206],[0.74633,48.766824],[0.749735,48.767874],[0.751008,48.766512],[0.751743,48.766812],[0.752391,48.766881],[0.754052,48.766508],[0.756638,48.766573],[0.757053,48.76603],[0.756639,48.765983],[0.755715,48.765102],[0.754747,48.764709],[0.754599,48.764409],[0.752952,48.763346],[0.753067,48.763075],[0.752715,48.762684],[0.751628,48.762401],[0.751175,48.762136],[0.750968,48.761759],[0.750694,48.761707],[0.750603,48.761331],[0.749438,48.761156],[0.749474,48.760648],[0.750802,48.759497],[0.753162,48.757874],[0.753706,48.757882],[0.756292,48.755807],[0.757187,48.755635],[0.761657,48.752108],[0.762596,48.750894],[0.765164,48.748299],[0.766862,48.745547],[0.771035,48.741435],[0.772733,48.73921],[0.774958,48.737531],[0.775032,48.737352],[0.772862,48.737188],[0.770658,48.735892],[0.768438,48.735143],[0.76824,48.734961],[0.769359,48.733897],[0.767486,48.732928],[0.76743,48.732522],[0.762761,48.729629],[0.761349,48.729107],[0.760557,48.728377],[0.761088,48.726991],[0.760068,48.724775],[0.759701,48.723421],[0.759886,48.721806],[0.758946,48.721434],[0.759115,48.720355],[0.753621,48.719575],[0.748263,48.718399],[0.742196,48.716686],[0.739263,48.715062],[0.736561,48.712839],[0.733365,48.710589],[0.732837,48.709749],[0.731199,48.708362],[0.730357,48.707984],[0.728656,48.706824],[0.729904,48.705471],[0.731466,48.704136],[0.731046,48.70391],[0.731337,48.703338],[0.731786,48.70322],[0.735601,48.703428],[0.737813,48.704366],[0.739378,48.704252],[0.739999,48.704621],[0.742219,48.704037],[0.745211,48.704511],[0.746841,48.704532],[0.748076,48.704375],[0.749946,48.704749],[0.750738,48.704089],[0.752695,48.704116],[0.75384,48.702277],[0.755498,48.701549],[0.75749,48.700958],[0.763124,48.698116],[0.765876,48.697034],[0.767622,48.695518],[0.767963,48.694619],[0.767927,48.693915],[0.767286,48.692435],[0.763795,48.68921],[0.761407,48.68734],[0.760126,48.686823],[0.763187,48.686075],[0.763113,48.684341],[0.762284,48.682576],[0.761516,48.680218],[0.76345,48.680215],[0.769254,48.678641],[0.769048,48.67694],[0.766499,48.67683],[0.764934,48.677132],[0.764692,48.677034],[0.764008,48.675407],[0.76408,48.675273],[0.764825,48.675328],[0.765949,48.674084],[0.767102,48.674099],[0.768027,48.672673],[0.768433,48.670476],[0.768721,48.669895],[0.77048,48.670098],[0.773191,48.669639],[0.774363,48.669655],[0.7754,48.669444],[0.777351,48.667762],[0.777826,48.667768],[0.778107,48.667456],[0.778932,48.667094],[0.778902,48.666776],[0.776958,48.666724],[0.783982,48.652484],[0.782802,48.651252],[0.777113,48.643023],[0.777263,48.642117],[0.777061,48.638145],[0.757028,48.626586],[0.760267,48.620872],[0.761696,48.615298],[0.760412,48.6151],[0.75902,48.614049],[0.75758,48.613461],[0.757079,48.61309],[0.756251,48.613064],[0.755579,48.613392],[0.754927,48.614226],[0.752322,48.615687],[0.748618,48.616522],[0.748009,48.616461],[0.746671,48.617022],[0.745901,48.617771],[0.744926,48.618262],[0.74526,48.618806],[0.744953,48.619282],[0.744172,48.619376],[0.744024,48.61916],[0.743749,48.61915],[0.739198,48.620485],[0.739024,48.620144],[0.737029,48.62044],[0.73392,48.62131],[0.733447,48.620983],[0.731275,48.621705],[0.727869,48.620535],[0.727119,48.620777],[0.725906,48.623076],[0.71387,48.614461],[0.711504,48.615648],[0.705093,48.62091],[0.703067,48.620403],[0.691623,48.624787],[0.688817,48.626028],[0.685145,48.624755],[0.683145,48.624221],[0.682148,48.624124],[0.678397,48.622778],[0.677842,48.623028],[0.67741,48.622881],[0.678816,48.621864],[0.67799,48.621614],[0.677731,48.62112],[0.676893,48.620853],[0.675771,48.6202],[0.672854,48.619522],[0.670191,48.61794],[0.669454,48.617634],[0.668779,48.617552],[0.663948,48.61566],[0.664231,48.615057],[0.661191,48.614504],[0.66052,48.614241],[0.660373,48.614331],[0.659209,48.613469],[0.67522,48.604235],[0.67347,48.604179],[0.66893,48.604404],[0.643495,48.605047],[0.63893,48.606137],[0.629844,48.609341],[0.623481,48.613902],[0.613242,48.627771],[0.599808,48.634998],[0.610783,48.640487],[0.608475,48.6474],[0.609448,48.648127],[0.61123,48.647769],[0.613714,48.64752],[0.616341,48.647538],[0.618652,48.646918],[0.620436,48.646817],[0.622678,48.646185],[0.631496,48.644701],[0.634232,48.643944],[0.634195,48.646306],[0.634763,48.647425],[0.640762,48.648214],[0.646404,48.647812],[0.649084,48.648459],[0.651868,48.649456],[0.651772,48.649586],[0.650319,48.649511],[0.649312,48.649973],[0.649083,48.653693],[0.649269,48.657346],[0.648779,48.656974],[0.64677,48.656129],[0.644593,48.656128],[0.644357,48.656384],[0.644393,48.657508],[0.642595,48.657987],[0.642183,48.658583],[0.640881,48.659469],[0.639717,48.659992],[0.63997,48.660293],[0.635528,48.66117],[0.637184,48.66717],[0.638138,48.669366],[0.636008,48.672188],[0.636038,48.673078],[0.636307,48.673558],[0.637126,48.674245],[0.637398,48.674917],[0.63838,48.675901],[0.639115,48.677126],[0.639447,48.678825],[0.639271,48.680362],[0.638652,48.681566],[0.638552,48.682555],[0.63898,48.683513],[0.638914,48.684739],[0.64019,48.686095],[0.640584,48.687294],[0.640007,48.694203],[0.63967,48.694741],[0.638552,48.695489],[0.637139,48.697656],[0.637261,48.701157],[0.638363,48.702797],[0.635912,48.70246],[0.634949,48.70135],[0.634377,48.701858],[0.63406,48.701871],[0.633196,48.701192],[0.632062,48.700873],[0.63181,48.700879],[0.631348,48.701232],[0.63067,48.700866],[0.629503,48.700674],[0.628793,48.700933],[0.628605,48.700593],[0.627675,48.700748],[0.627486,48.700389],[0.627015,48.700204],[0.625283,48.699931],[0.62481,48.699435],[0.62397,48.699181],[0.622425,48.698113],[0.621766,48.698021],[0.620649,48.698292],[0.618463,48.697848],[0.617997,48.697546],[0.617072,48.69728],[0.617042,48.696667],[0.616,48.696648],[0.615627,48.696222],[0.614536,48.695745],[0.61426,48.695283],[0.613624,48.695337],[0.613425,48.694966],[0.612378,48.694897],[0.611426,48.694148],[0.611203,48.693702],[0.609685,48.693227],[0.60884,48.692635],[0.608076,48.692371],[0.607418,48.692448],[0.606808,48.692313],[0.606025,48.691606],[0.603135,48.692972],[0.602433,48.692744],[0.602189,48.692854],[0.60053,48.694199],[0.600317,48.694146],[0.596339,48.696281],[0.596151,48.696134],[0.595072,48.696322],[0.594535,48.696739],[0.591485,48.697272],[0.58973,48.69795],[0.588309,48.698877],[0.587073,48.699264],[0.580322,48.700537],[0.580504,48.700975],[0.579118,48.701279],[0.579196,48.701679],[0.577496,48.701789],[0.576251,48.701551],[0.575989,48.702015],[0.575423,48.70193],[0.575449,48.702317],[0.574222,48.702643],[0.572288,48.701808],[0.571581,48.702141],[0.567666,48.703126],[0.56722,48.703357],[0.566409,48.70332],[0.564361,48.703729],[0.561559,48.704037],[0.552683,48.704141],[0.555477,48.706913],[0.555997,48.707524],[0.556052,48.707955],[0.555693,48.708378],[0.552835,48.709557],[0.551889,48.710129],[0.549214,48.712843],[0.546715,48.714569],[0.549556,48.716338],[0.55008,48.716507],[0.551565,48.718215],[0.55199,48.719467],[0.551999,48.720538],[0.551752,48.721367],[0.552087,48.721863],[0.552084,48.722539],[0.551376,48.723181],[0.549503,48.723962],[0.548652,48.724479],[0.547909,48.725659],[0.546274,48.726833],[0.544771,48.727355],[0.542802,48.727547],[0.54133,48.728046],[0.539489,48.728886],[0.538527,48.729576],[0.537823,48.728479],[0.536792,48.725594],[0.534734,48.722966],[0.53431,48.721229],[0.531467,48.71979],[0.529143,48.717735],[0.52706,48.718052],[0.52627,48.718788],[0.525439,48.720628],[0.524901,48.720999],[0.524827,48.721641],[0.525198,48.721699],[0.525243,48.721858],[0.524541,48.722532],[0.524873,48.722747],[0.524828,48.72364],[0.524576,48.724173],[0.525116,48.724625],[0.524737,48.724976],[0.524913,48.725338],[0.525697,48.725334],[0.525655,48.725686],[0.525975,48.72626],[0.525523,48.726554],[0.525481,48.726769],[0.526099,48.727305],[0.525896,48.727518],[0.526108,48.728005],[0.526523,48.728296],[0.526296,48.728456],[0.526768,48.729048],[0.527123,48.730065],[0.527477,48.730121],[0.527177,48.730681],[0.527301,48.731057],[0.527645,48.731152],[0.527654,48.731405],[0.527481,48.731729],[0.526882,48.732081],[0.52737,48.732696],[0.526939,48.733117],[0.52719,48.733947],[0.526447,48.734321],[0.526727,48.734804],[0.52717,48.734941],[0.526713,48.735536],[0.526842,48.736489],[0.526157,48.737688],[0.5256,48.737833],[0.525174,48.737673],[0.524817,48.738348],[0.525433,48.738524],[0.525817,48.739061],[0.52632,48.738898],[0.526784,48.739322],[0.527632,48.739351],[0.528137,48.739833],[0.528191,48.740153],[0.528868,48.740132],[0.529831,48.740895],[0.530695,48.741032],[0.530872,48.741278],[0.531944,48.741125],[0.532447,48.741526],[0.533475,48.741822],[0.53362,48.742408],[0.534124,48.742529],[0.535902,48.742038],[0.537106,48.742163],[0.537289,48.742735],[0.537511,48.742768],[0.537936,48.742561],[0.538313,48.741636],[0.539156,48.741545],[0.539692,48.7413],[0.54272,48.740614],[0.54596,48.740486],[0.546525,48.740705],[0.546878,48.741251],[0.547591,48.74141],[0.548195,48.741238],[0.54866,48.741397],[0.549591,48.742178],[0.550113,48.742299],[0.551824,48.742214],[0.552543,48.742463],[0.554259,48.742574],[0.555618,48.743632],[0.555824,48.744049],[0.557363,48.74468],[0.558668,48.743085],[0.559264,48.740213],[0.558703,48.738866],[0.558003,48.737834],[0.558952,48.737364],[0.559102,48.736864],[0.559834,48.73592],[0.561184,48.736097],[0.562777,48.736821],[0.56379,48.73665],[0.568254,48.736751],[0.569315,48.73652],[0.569277,48.735493],[0.570614,48.735598],[0.571267,48.732703],[0.573767,48.733622],[0.576164,48.734751],[0.577198,48.734639],[0.57753,48.734811],[0.577616,48.735276],[0.578595,48.736337],[0.578975,48.73712],[0.580094,48.73799],[0.581802,48.739874],[0.584594,48.738809],[0.588782,48.741945],[0.593143,48.741586],[0.596436,48.742808],[0.598324,48.743763],[0.596146,48.746683],[0.594299,48.747457],[0.59506,48.747816],[0.595537,48.748699],[0.595988,48.749108],[0.597547,48.74842],[0.600555,48.749095],[0.603652,48.748664],[0.60434,48.75127],[0.599237,48.753983],[0.599452,48.754391],[0.601352,48.756257],[0.602838,48.757177],[0.603718,48.75833],[0.608179,48.759654],[0.60919,48.760295],[0.609561,48.76087],[0.610836,48.761267],[0.611457,48.762153],[0.611973,48.762531],[0.613766,48.763071],[0.615387,48.76332],[0.615947,48.763218],[0.616137,48.762437],[0.616791,48.761364],[0.617975,48.761716],[0.618315,48.761686],[0.618328,48.761856],[0.618719,48.761815],[0.618858,48.762155],[0.61922,48.76203],[0.62046,48.762376],[0.621399,48.762519],[0.621566,48.762419],[0.622012,48.762625],[0.622761,48.762743],[0.623024,48.762634],[0.623235,48.762817],[0.624101,48.762868],[0.62457,48.763158],[0.625583,48.763106],[0.626075,48.763421],[0.626726,48.762955],[0.627098,48.763132],[0.628542,48.762916],[0.629057,48.763051],[0.629667,48.762925],[0.629883,48.762686],[0.630561,48.763023],[0.630669,48.762793],[0.631255,48.762561],[0.632765,48.762477],[0.632874,48.762124],[0.632747,48.761978],[0.631966,48.761913],[0.632064,48.761553],[0.63297,48.761382],[0.633394,48.761944],[0.634014,48.761888],[0.634528,48.761304],[0.635346,48.761181],[0.635456,48.760909],[0.636171,48.760885],[0.636473,48.760687],[0.637652,48.760738],[0.63793,48.760528],[0.637935,48.760098],[0.638308,48.759854],[0.637818,48.758705],[0.639008,48.758446],[0.639261,48.758552],[0.63966,48.758078],[0.640404,48.758353],[0.640827,48.758359],[0.64217,48.756899],[0.642703,48.757117],[0.643591,48.756526],[0.641818,48.756355],[0.64091,48.756672],[0.640895,48.756972],[0.641177,48.757072],[0.641075,48.757199],[0.640701,48.757076],[0.640965,48.757316],[0.640838,48.75745],[0.640551,48.757346],[0.640449,48.757456],[0.640737,48.757573],[0.640223,48.757646],[0.640283,48.757837],[0.639058,48.757656],[0.63869,48.756696],[0.638163,48.756007],[0.638247,48.755269],[0.639228,48.754129],[0.641983,48.7546],[0.6424,48.754899],[0.643484,48.754878],[0.643,48.753159],[0.641785,48.751295],[0.642252,48.750291],[0.644466,48.751648],[0.646202,48.753005],[0.647944,48.753707],[0.652362,48.754578],[0.660835,48.755386],[0.66212,48.756044],[0.66267,48.756622],[0.664699,48.757445],[0.670435,48.758555],[0.669311,48.760105],[0.669626,48.760033],[0.670072,48.761095],[0.669431,48.761872],[0.670731,48.762731],[0.670095,48.763309],[0.669583,48.763068],[0.669342,48.763465],[0.666981,48.764614],[0.669344,48.766347],[0.668865,48.767558],[0.668101,48.768485],[0.671119,48.769827],[0.670739,48.770345],[0.673132,48.771568],[0.674546,48.771256],[0.676701,48.771374],[0.67866,48.770679],[0.681263,48.770264],[0.683252,48.770104],[0.684422,48.770177],[0.685641,48.769648],[0.690149,48.764743],[0.698176,48.756498],[0.699635,48.757011],[0.720029,48.755025]]]}},{"type":"Feature","properties":{"uai_primary":"0610800N","uai_all":"0610800N","is_merged":false},"geometry":{"type":"Polygon","coordinates":[[[-0.432493,48.584837],[-0.460938,48.586357],[-0.461498,48.586345],[-0.461557,48.586206],[-0.464349,48.586517],[-0.489479,48.587822],[-0.489826,48.587845],[-0.489863,48.587978],[-0.466544,48.604383],[-0.473247,48.610135],[-0.480801,48.615408],[-0.463773,48.625956],[-0.463346,48.624171],[-0.462167,48.623734],[-0.46144,48.623773],[-0.460387,48.624253],[-0.459146,48.623816],[-0.458348,48.622399],[-0.45773,48.622148],[-0.456608,48.622557],[-0.453919,48.624437],[-0.453423,48.624083],[-0.450681,48.626055],[-0.449365,48.62728],[-0.448601,48.627455],[-0.448412,48.628163],[-0.446734,48.629333],[-0.445461,48.630746],[-0.443847,48.631358],[-0.443549,48.631785],[-0.442171,48.63169],[-0.441229,48.631933],[-0.440203,48.632814],[-0.439706,48.63292],[-0.437683,48.635047],[-0.437429,48.636146],[-0.4366,48.637625],[-0.435875,48.638338],[-0.435258,48.638166],[-0.434989,48.638291],[-0.433391,48.640094],[-0.431425,48.640685],[-0.430121,48.641369],[-0.429031,48.641528],[-0.428122,48.641436],[-0.424884,48.643297],[-0.423532,48.643027],[-0.422153,48.641797],[-0.417261,48.64052],[-0.415083,48.640596],[-0.413237,48.641098],[-0.411737,48.641264],[-0.411535,48.641226],[-0.411951,48.640234],[-0.406836,48.639731],[-0.402516,48.639624],[-0.399394,48.639349],[-0.398108,48.639055],[-0.397106,48.638609],[-0.395822,48.63751],[-0.393848,48.636893],[-0.392618,48.636325],[-0.390875,48.635874],[-0.390784,48.635686],[-0.388618,48.63575],[-0.388383,48.635643],[-0.388328,48.634429],[-0.387448,48.634551],[-0.386013,48.634503],[-0.384767,48.634012],[-0.37992,48.633501],[-0.37648,48.63296],[-0.376378,48.632809],[-0.37585,48.632779],[-0.374738,48.631549],[-0.37328,48.630563],[-0.372543,48.630384],[-0.370101,48.630653],[-0.368319,48.630108],[-0.368032,48.629561],[-0.367089,48.629082],[-0.366203,48.629289],[-0.36564,48.629234],[-0.365041,48.628917],[-0.364013,48.629127],[-0.362715,48.629029],[-0.362986,48.628563],[-0.363937,48.628203],[-0.364082,48.627948],[-0.36213,48.626378],[-0.361035,48.626428],[-0.35775,48.625873],[-0.354898,48.624507],[-0.352925,48.623992],[-0.352089,48.623189],[-0.351684,48.622154],[-0.350425,48.622226],[-0.349659,48.621838],[-0.349056,48.621956],[-0.34811,48.622598],[-0.347098,48.622166],[-0.346762,48.622219],[-0.344583,48.623103],[-0.343647,48.62384],[-0.341296,48.624811],[-0.339748,48.625137],[-0.337408,48.625388],[-0.337307,48.625107],[-0.33615,48.625327],[-0.334344,48.625093],[-0.332893,48.62393],[-0.319257,48.624259],[-0.31775,48.627963],[-0.317721,48.62871],[-0.316315,48.631926],[-0.316205,48.633282],[-0.313854,48.633094],[-0.309313,48.631763],[-0.307267,48.631992],[-0.30548,48.632019],[-0.303414,48.632371],[-0.301857,48.632076],[-0.301316,48.631657],[-0.301141,48.632201],[-0.300222,48.632806],[-0.299729,48.633537],[-0.298629,48.634595],[-0.296866,48.635906],[-0.295715,48.637407],[-0.293564,48.63773],[-0.293022,48.638155],[-0.292628,48.63813],[-0.290085,48.639282],[-0.289197,48.638231],[-0.288957,48.638186],[-0.288602,48.638508],[-0.288122,48.639129],[-0.287395,48.640995],[-0.286567,48.641828],[-0.286498,48.643128],[-0.286714,48.643358],[-0.2869,48.644328],[-0.28658,48.646146],[-0.287098,48.646868],[-0.286325,48.647447],[-0.28432,48.647803],[-0.283927,48.648048],[-0.281981,48.648546],[-0.279131,48.64873],[-0.27761,48.649516],[-0.27735,48.649858],[-0.273539,48.652174],[-0.273046,48.651719],[-0.270491,48.6523],[-0.269061,48.652053],[-0.260175,48.648299],[-0.259345,48.647064],[-0.257985,48.646101],[-0.258039,48.645747],[-0.256072,48.644961],[-0.256157,48.644759],[-0.25276,48.643922],[-0.251673,48.643046],[-0.250622,48.643111],[-0.250548,48.642576],[-0.24933,48.642444],[-0.248653,48.642891],[-0.247319,48.642424],[-0.2445,48.640913],[-0.246441,48.639986],[-0.248358,48.63854],[-0.248722,48.636784],[-0.248999,48.63684],[-0.250093,48.636051],[-0.250233,48.635335],[-0.250625,48.635224],[-0.250481,48.633456],[-0.25006,48.632789],[-0.249718,48.631175],[-0.25009,48.630293],[-0.249697,48.629393],[-0.249477,48.627664],[-0.247116,48.626529],[-0.24554,48.625981],[-0.244694,48.625259],[-0.244604,48.624589],[-0.244451,48.624599],[-0.244254,48.624142],[-0.244842,48.622251],[-0.244271,48.621242],[-0.244764,48.620344],[-0.244803,48.619729],[-0.246077,48.617497],[-0.250475,48.618289],[-0.252143,48.619203],[-0.254068,48.619529],[-0.257099,48.619334],[-0.259123,48.61882],[-0.25877,48.617174],[-0.258081,48.615848],[-0.261047,48.612438],[-0.26126,48.612237],[-0.262067,48.612076],[-0.263631,48.6106],[-0.264031,48.609745],[-0.264398,48.609642],[-0.265464,48.608161],[-0.265025,48.607766],[-0.267212,48.606307],[-0.269798,48.605461],[-0.271293,48.604658],[-0.273289,48.602777],[-0.27568,48.601946],[-0.277343,48.601831],[-0.2795,48.600757],[-0.28084,48.601061],[-0.284562,48.601364],[-0.286881,48.601755],[-0.287478,48.602007],[-0.287907,48.60256],[-0.289111,48.603504],[-0.292225,48.604361],[-0.292189,48.603922],[-0.291691,48.603103],[-0.290554,48.601839],[-0.2894,48.599849],[-0.288164,48.599085],[-0.28808,48.598595],[-0.287394,48.597506],[-0.286357,48.596221],[-0.286231,48.594917],[-0.286548,48.594365],[-0.285008,48.592337],[-0.285088,48.59203],[-0.28574,48.591743],[-0.285914,48.591162],[-0.285874,48.590093],[-0.285565,48.589854],[-0.285636,48.589359],[-0.2853,48.588967],[-0.285355,48.587786],[-0.285147,48.587439],[-0.28538,48.587142],[-0.284244,48.585733],[-0.284535,48.58558],[-0.284557,48.585251],[-0.284005,48.585209],[-0.282718,48.584433],[-0.281719,48.582669],[-0.281747,48.58194],[-0.280698,48.58197],[-0.27969,48.58165],[-0.279177,48.581688],[-0.278422,48.581289],[-0.276704,48.581158],[-0.27572,48.582207],[-0.274007,48.581991],[-0.273691,48.582133],[-0.272775,48.58217],[-0.272269,48.581816],[-0.271408,48.581733],[-0.27109,48.581878],[-0.270741,48.581706],[-0.270057,48.581661],[-0.26953,48.581868],[-0.266792,48.582346],[-0.262415,48.581987],[-0.261867,48.581765],[-0.262105,48.581384],[-0.260818,48.580747],[-0.257736,48.580937],[-0.256358,48.581376],[-0.255748,48.580917],[-0.255572,48.579829],[-0.255107,48.579486],[-0.255165,48.579066],[-0.253588,48.579032],[-0.253024,48.578686],[-0.252077,48.578471],[-0.251692,48.577545],[-0.251285,48.577248],[-0.250546,48.577027],[-0.250478,48.576604],[-0.251838,48.575413],[-0.251812,48.574755],[-0.251372,48.57409],[-0.249946,48.572952],[-0.24833,48.572024],[-0.247081,48.571813],[-0.24634,48.571285],[-0.24586,48.571162],[-0.243455,48.571313],[-0.242607,48.569978],[-0.240844,48.569905],[-0.240579,48.569088],[-0.24134,48.569028],[-0.241613,48.56887],[-0.24264,48.567994],[-0.243253,48.567612],[-0.243481,48.567637],[-0.244089,48.567018],[-0.24618,48.566381],[-0.246186,48.565935],[-0.246732,48.565537],[-0.246682,48.564417],[-0.247246,48.56395],[-0.248891,48.563596],[-0.24833,48.562011],[-0.247116,48.560671],[-0.246494,48.559499],[-0.246229,48.55827],[-0.247033,48.557345],[-0.248261,48.556983],[-0.250007,48.55566],[-0.251889,48.554529],[-0.253283,48.554244],[-0.253543,48.553875],[-0.254972,48.553627],[-0.255993,48.553207],[-0.256113,48.552975],[-0.257717,48.551946],[-0.258399,48.551027],[-0.259433,48.550505],[-0.260571,48.549613],[-0.262144,48.548925],[-0.262739,48.548409],[-0.259203,48.546804],[-0.25535,48.545436],[-0.253847,48.544962],[-0.253137,48.544908],[-0.24656,48.542879],[-0.244968,48.541503],[-0.244066,48.540372],[-0.242756,48.53932],[-0.242271,48.538676],[-0.241898,48.537645],[-0.242164,48.53755],[-0.241866,48.537017],[-0.241466,48.537115],[-0.240879,48.536862],[-0.24274,48.536011],[-0.2432,48.535426],[-0.244298,48.534822],[-0.24397,48.534642],[-0.245006,48.533926],[-0.2449,48.53322],[-0.245432,48.53317],[-0.245812,48.532644],[-0.24652,48.532135],[-0.246496,48.531842],[-0.247198,48.531233],[-0.24707,48.530918],[-0.248101,48.529811],[-0.248106,48.529549],[-0.248706,48.529305],[-0.248668,48.528925],[-0.2494,48.528702],[-0.249338,48.528192],[-0.249927,48.527953],[-0.251005,48.526917],[-0.25191,48.52676],[-0.252321,48.526328],[-0.25251,48.526465],[-0.253032,48.526327],[-0.253403,48.525855],[-0.254237,48.526266],[-0.256344,48.526602],[-0.257173,48.526539],[-0.258409,48.526815],[-0.2611,48.527066],[-0.261611,48.526078],[-0.262767,48.526188],[-0.262819,48.525872],[-0.26199,48.52553],[-0.263289,48.523074],[-0.264004,48.522473],[-0.2648,48.522141],[-0.265789,48.522058],[-0.267509,48.521468],[-0.269266,48.520448],[-0.270909,48.519029],[-0.272649,48.518547],[-0.273623,48.518109],[-0.274843,48.517914],[-0.272742,48.517414],[-0.267835,48.516957],[-0.268415,48.514812],[-0.267872,48.514779],[-0.267907,48.514148],[-0.267226,48.513738],[-0.268641,48.512595],[-0.271127,48.509445],[-0.271557,48.5084],[-0.271471,48.507411],[-0.273979,48.50732],[-0.274049,48.507449],[-0.275208,48.507458],[-0.276355,48.507052],[-0.278158,48.507192],[-0.278156,48.506962],[-0.279297,48.506856],[-0.28033,48.506356],[-0.282706,48.506578],[-0.285191,48.506358],[-0.285275,48.506726],[-0.28564,48.506996],[-0.285796,48.508096],[-0.285533,48.509856],[-0.286361,48.51187],[-0.28594,48.514012],[-0.285534,48.514728],[-0.285612,48.515289],[-0.284843,48.51617],[-0.284839,48.516943],[-0.285322,48.517788],[-0.288097,48.519363],[-0.28858,48.518465],[-0.288823,48.517092],[-0.291628,48.515577],[-0.292611,48.515305],[-0.293548,48.515234],[-0.297977,48.516115],[-0.302448,48.517229],[-0.304967,48.518039],[-0.308259,48.518634],[-0.308934,48.518499],[-0.310017,48.519325],[-0.312146,48.520488],[-0.314367,48.521267],[-0.317551,48.521947],[-0.320104,48.523116],[-0.322827,48.521254],[-0.3232,48.521183],[-0.325213,48.519326],[-0.324794,48.518993],[-0.325471,48.517412],[-0.326772,48.516946],[-0.327964,48.516304],[-0.328784,48.515083],[-0.329547,48.514613],[-0.329684,48.513526],[-0.330759,48.512801],[-0.33161,48.512526],[-0.3327,48.5113],[-0.334036,48.510629],[-0.334773,48.510436],[-0.336137,48.509466],[-0.335993,48.508588],[-0.335708,48.508531],[-0.335767,48.508318],[-0.335522,48.508052],[-0.335748,48.507753],[-0.335702,48.507368],[-0.335369,48.506707],[-0.334921,48.506506],[-0.334745,48.505349],[-0.335543,48.503801],[-0.335783,48.501966],[-0.337186,48.500792],[-0.337932,48.500329],[-0.33889,48.50015],[-0.340922,48.500734],[-0.343417,48.500828],[-0.345634,48.500726],[-0.347304,48.5014],[-0.348454,48.50134],[-0.349708,48.500751],[-0.350107,48.501034],[-0.350427,48.500978],[-0.350625,48.500645],[-0.350975,48.500519],[-0.350985,48.500057],[-0.351467,48.499634],[-0.351868,48.499534],[-0.352685,48.498132],[-0.353194,48.497703],[-0.353557,48.496706],[-0.353986,48.496406],[-0.353902,48.496055],[-0.35593,48.495706],[-0.355488,48.494466],[-0.355396,48.492669],[-0.353755,48.492616],[-0.353667,48.492214],[-0.352989,48.492184],[-0.349366,48.488849],[-0.350167,48.487643],[-0.35094,48.487059],[-0.350427,48.486637],[-0.351141,48.486474],[-0.351928,48.486075],[-0.351865,48.485825],[-0.353156,48.483719],[-0.353934,48.483789],[-0.356476,48.483591],[-0.357593,48.483774],[-0.360695,48.485139],[-0.362286,48.486221],[-0.363644,48.486715],[-0.364427,48.487737],[-0.366059,48.487946],[-0.368216,48.48787],[-0.369051,48.488339],[-0.369367,48.488789],[-0.368959,48.492613],[-0.36844,48.493106],[-0.367118,48.492864],[-0.366552,48.493827],[-0.366593,48.4941],[-0.368613,48.494497],[-0.369271,48.494893],[-0.369573,48.494846],[-0.369908,48.494445],[-0.370429,48.494513],[-0.37075,48.494801],[-0.370436,48.495115],[-0.371924,48.495972],[-0.372601,48.496149],[-0.373659,48.496113],[-0.373705,48.495966],[-0.373288,48.495604],[-0.373602,48.495415],[-0.374327,48.495604],[-0.374747,48.496115],[-0.375194,48.496254],[-0.376026,48.496181],[-0.376681,48.495729],[-0.377486,48.495793],[-0.378085,48.495607],[-0.378283,48.49574],[-0.37808,48.496307],[-0.379691,48.496936],[-0.380261,48.496866],[-0.379892,48.496447],[-0.380132,48.496265],[-0.380547,48.496313],[-0.380769,48.496509],[-0.380599,48.497078],[-0.381329,48.497236],[-0.382406,48.49727],[-0.382693,48.496814],[-0.383073,48.496768],[-0.385008,48.497831],[-0.386192,48.497926],[-0.386426,48.498348],[-0.387245,48.498686],[-0.388691,48.498564],[-0.389354,48.498852],[-0.389575,48.499087],[-0.389619,48.499732],[-0.390668,48.500011],[-0.390835,48.500751],[-0.392139,48.501112],[-0.392967,48.501076],[-0.393453,48.5012],[-0.393725,48.501705],[-0.392801,48.502465],[-0.392694,48.503466],[-0.392018,48.50526],[-0.391933,48.506156],[-0.392188,48.507151],[-0.391374,48.508039],[-0.391137,48.508733],[-0.39263,48.509443],[-0.394769,48.510182],[-0.39734,48.510619],[-0.398718,48.510582],[-0.399278,48.510193],[-0.398372,48.509525],[-0.398143,48.508873],[-0.398354,48.508582],[-0.401589,48.508243],[-0.403135,48.507313],[-0.404682,48.507049],[-0.405785,48.506166],[-0.40756,48.50557],[-0.409191,48.505621],[-0.410216,48.505967],[-0.410936,48.506489],[-0.413055,48.506551],[-0.41398,48.507047],[-0.415266,48.506751],[-0.415832,48.507158],[-0.41615,48.507806],[-0.416562,48.50799],[-0.417613,48.507807],[-0.418606,48.507337],[-0.421232,48.507053],[-0.422356,48.507117],[-0.423218,48.506822],[-0.423886,48.50684],[-0.425682,48.507599],[-0.42564,48.507862],[-0.424433,48.508581],[-0.42425,48.509102],[-0.42461,48.509572],[-0.425879,48.50949],[-0.42651,48.50977],[-0.427943,48.510017],[-0.429609,48.511133],[-0.431045,48.511404],[-0.432224,48.511382],[-0.432393,48.511698],[-0.431617,48.512224],[-0.43163,48.512512],[-0.433733,48.51371],[-0.436263,48.51348],[-0.437671,48.512062],[-0.438419,48.511683],[-0.43738,48.517523],[-0.439115,48.516322],[-0.440331,48.512354],[-0.443418,48.513334],[-0.44504,48.515075],[-0.445472,48.51509],[-0.446001,48.515338],[-0.447359,48.515414],[-0.447738,48.515333],[-0.450574,48.512913],[-0.451648,48.512743],[-0.453433,48.513001],[-0.454933,48.512554],[-0.454601,48.517842],[-0.453632,48.51797],[-0.449883,48.515722],[-0.449513,48.51604],[-0.449455,48.51807],[-0.447469,48.517873],[-0.44701,48.517647],[-0.444737,48.518802],[-0.44578,48.519599],[-0.445776,48.520224],[-0.44614,48.520973],[-0.449684,48.518595],[-0.449945,48.521027],[-0.451805,48.519544],[-0.4504,48.521516],[-0.451562,48.521121],[-0.451974,48.521366],[-0.454106,48.520755],[-0.452809,48.523819],[-0.451149,48.527032],[-0.451486,48.527845],[-0.456947,48.532158],[-0.45696,48.532988],[-0.450876,48.541715],[-0.444366,48.545213],[-0.441856,48.549039],[-0.44174,48.549898],[-0.44242,48.550224],[-0.44244,48.550394],[-0.440983,48.552336],[-0.44055,48.554181],[-0.441087,48.554758],[-0.439967,48.556566],[-0.440365,48.558759],[-0.441126,48.561184],[-0.445992,48.561162],[-0.446049,48.561286],[-0.437246,48.567553],[-0.436069,48.56765],[-0.436282,48.568165],[-0.434859,48.569243],[-0.431159,48.574584],[-0.430817,48.57597],[-0.428275,48.576828],[-0.42825,48.578709],[-0.431967,48.580787],[-0.43246,48.580806],[-0.433998,48.58035],[-0.43346,48.582025],[-0.432761,48.582353],[-0.433403,48.582859],[-0.433086,48.583112],[-0.433134,48.583646],[-0.432493,48.584837]],[[-0.407271,48.512606],[-0.404904,48.513573],[-0.404314,48.513613],[-0.402869,48.514147],[-0.390961,48.521388],[-0.401422,48.525432],[-0.408255,48.515277],[-0.407973,48.514762],[-0.408144,48.513735],[-0.407725,48.512851],[-0.407271,48.512606]],[[-0.443722,48.518824],[-0.44416,48.518514],[-0.443934,48.518169],[-0.44302,48.518329],[-0.443282,48.51786],[-0.44293,48.517627],[-0.440576,48.518099],[-0.438689,48.520307],[-0.442943,48.519171],[-0.443722,48.518824]]]}},{"type":"Feature","properties":{"uai_primary":"0610918S","uai_all":"0610918S","is_merged":false},"geometry":{"type":"Polygon","coordinates":[[[0.099613,48.412089],[0.099254,48.411614],[0.097852,48.41055],[0.097421,48.411068],[0.098003,48.412058],[0.099175,48.412853],[0.099281,48.412615],[0.099625,48.412497],[0.099613,48.412089]],[[0.078899,48.431056],[0.079251,48.431064],[0.079439,48.430895],[0.07935,48.430577],[0.078999,48.43043],[0.078487,48.431015],[0.078899,48.431056]],[[0.029331,48.439334],[0.027628,48.435434],[0.026589,48.435007],[0.025605,48.434999],[0.025349,48.435314],[0.024534,48.434861],[0.022702,48.433122],[0.022271,48.433086],[0.023453,48.435478],[0.024012,48.436095],[0.022523,48.436194],[0.021109,48.435337],[0.019375,48.433318],[0.018618,48.432087],[0.010573,48.428358],[0.009883,48.428871],[0.009057,48.429126],[0.009129,48.429344],[0.008451,48.429595],[0.007715,48.430131],[0.008763,48.43146],[0.0091,48.432511],[0.009372,48.432714],[0.009163,48.433013],[0.009229,48.433782],[0.00855,48.434182],[0.008446,48.434537],[0.006869,48.434614],[0.003954,48.435244],[0.003188,48.434879],[0.003093,48.434579],[0.00265,48.434506],[0.001583,48.434552],[0.000494,48.434992],[0.000365,48.436544],[2.4e-05,48.437587],[0.000115,48.439621],[-0.000191,48.440084],[0.000903,48.440374],[0.001141,48.440275],[0.001075,48.440707],[0.00078,48.440965],[0.000995,48.441296],[0.007921,48.442586],[0.009905,48.441719],[0.010681,48.441974],[0.011546,48.441547],[0.013132,48.442101],[0.012929,48.442378],[0.014161,48.442581],[0.015188,48.442976],[0.014743,48.446398],[0.014981,48.447498],[0.015364,48.447697],[0.01492,48.448361],[0.014936,48.448858],[0.015319,48.449389],[0.01504,48.449501],[0.015126,48.449759],[0.01479,48.450533],[0.014822,48.451752],[0.01499,48.451977],[0.014788,48.452731],[0.015328,48.453362],[0.015628,48.453268],[0.015671,48.453384],[0.015641,48.453872],[0.014967,48.454182],[0.014922,48.454539],[0.015036,48.454951],[0.015491,48.455068],[0.015537,48.455249],[0.015229,48.455287],[0.014601,48.455854],[0.014556,48.456441],[0.013686,48.456583],[0.012667,48.457351],[0.012155,48.457898],[0.012202,48.45835],[0.011843,48.45896],[0.011012,48.459807],[0.009543,48.459971],[0.008,48.460532],[0.006858,48.460731],[0.006662,48.46095],[0.004874,48.461048],[0.001515,48.461722],[-0.002544,48.462326],[-0.002356,48.462722],[-0.006362,48.463439],[-0.006743,48.463721],[-0.008442,48.464256],[-0.011649,48.464992],[-0.016186,48.465767],[-0.020506,48.466842],[-0.019466,48.467875],[-0.019393,48.469739],[-0.018882,48.471798],[-0.017588,48.472127],[-0.017204,48.471809],[-0.016745,48.472079],[-0.017514,48.472694],[-0.017543,48.473339],[-0.017776,48.473664],[-0.019328,48.475032],[-0.026562,48.48066],[-0.026345,48.481098],[-0.019435,48.487934],[-0.020059,48.48839],[-0.020212,48.489094],[-0.019617,48.489681],[-0.018993,48.489927],[-0.019715,48.490765],[-0.01977,48.491242],[-0.019526,48.491718],[-0.02116,48.492432],[-0.021995,48.492398],[-0.024847,48.493295],[-0.031138,48.493171],[-0.031469,48.49341],[-0.032129,48.493516],[-0.032393,48.495127],[-0.031698,48.496059],[-0.032062,48.496764],[-0.032386,48.498396],[-0.032005,48.499635],[-0.032127,48.500159],[-0.029107,48.502143],[-0.018898,48.509903],[-0.014774,48.507343],[-0.013008,48.506494],[0.017573,48.513575],[0.024836,48.519323],[0.040744,48.539913],[0.042989,48.540391],[0.048692,48.541137],[0.053175,48.540837],[0.061165,48.541651],[0.066709,48.539931],[0.068357,48.5396],[0.068161,48.539038],[0.068377,48.538879],[0.068968,48.538984],[0.069647,48.539604],[0.070607,48.539677],[0.072137,48.538968],[0.080978,48.537528],[0.096176,48.53875],[0.098196,48.539689],[0.098824,48.539841],[0.114795,48.540847],[0.114841,48.540484],[0.115896,48.538781],[0.116186,48.539022],[0.116698,48.539127],[0.118431,48.539177],[0.121146,48.53951],[0.122932,48.539453],[0.124795,48.539644],[0.125995,48.539443],[0.126909,48.539039],[0.127807,48.53851],[0.128465,48.537571],[0.129228,48.537009],[0.130445,48.536578],[0.132086,48.536398],[0.132836,48.536166],[0.134132,48.536352],[0.13496,48.536047],[0.13786,48.535746],[0.13864,48.53588],[0.13868,48.53564],[0.13926,48.535764],[0.139522,48.534783],[0.140525,48.533793],[0.135895,48.53168],[0.137683,48.531259],[0.138668,48.530593],[0.140799,48.529674],[0.142388,48.528665],[0.146041,48.527806],[0.147545,48.52818],[0.148494,48.529119],[0.14976,48.528692],[0.151606,48.527996],[0.150882,48.527409],[0.153195,48.526509],[0.155101,48.524819],[0.154975,48.524682],[0.155883,48.524272],[0.155035,48.523169],[0.15601,48.522875],[0.156466,48.522394],[0.156502,48.521612],[0.156703,48.52158],[0.156533,48.52117],[0.15673,48.520982],[0.156498,48.519254],[0.155078,48.517953],[0.152376,48.513597],[0.151126,48.513061],[0.149803,48.51145],[0.149196,48.511135],[0.150529,48.510409],[0.15237,48.509755],[0.153738,48.508949],[0.152413,48.507947],[0.150348,48.505845],[0.148246,48.504057],[0.14757,48.502511],[0.146518,48.49872],[0.145665,48.497047],[0.14576,48.496848],[0.145414,48.496059],[0.142208,48.496521],[0.141889,48.496505],[0.14169,48.496201],[0.140367,48.496329],[0.140259,48.496209],[0.139486,48.496405],[0.138628,48.495319],[0.135781,48.4959],[0.13537,48.496129],[0.135125,48.496526],[0.131019,48.49248],[0.129176,48.493243],[0.128801,48.490632],[0.124947,48.491346],[0.12145,48.485462],[0.11394,48.487726],[0.113407,48.486399],[0.111529,48.483893],[0.110356,48.481538],[0.108656,48.479529],[0.106852,48.48006],[0.105278,48.480741],[0.107561,48.47883],[0.104185,48.475405],[0.095843,48.471478],[0.095273,48.471062],[0.096652,48.4691],[0.096095,48.46633],[0.097918,48.464732],[0.101563,48.462376],[0.1036,48.461943],[0.104286,48.460496],[0.104638,48.45897],[0.104577,48.457798],[0.104395,48.456559],[0.103691,48.455046],[0.104886,48.451317],[0.105342,48.450699],[0.106565,48.447424],[0.106315,48.447345],[0.106547,48.446833],[0.10652,48.446556],[0.105325,48.44628],[0.1046,48.445664],[0.104399,48.445725],[0.104219,48.444672],[0.099517,48.446338],[0.098968,48.445683],[0.100643,48.445243],[0.099634,48.444121],[0.099837,48.44387],[0.099611,48.443222],[0.098749,48.442879],[0.099373,48.44263],[0.099039,48.442505],[0.099197,48.442156],[0.098756,48.441951],[0.099034,48.441654],[0.098641,48.441605],[0.098229,48.441215],[0.098263,48.440981],[0.097922,48.440954],[0.098697,48.440334],[0.096361,48.440683],[0.096241,48.440553],[0.096938,48.440207],[0.097316,48.439687],[0.097062,48.439296],[0.096629,48.439164],[0.095454,48.439334],[0.096384,48.438804],[0.096526,48.438567],[0.096149,48.438153],[0.096253,48.437984],[0.095796,48.437865],[0.095876,48.437607],[0.095188,48.437075],[0.095293,48.436835],[0.095141,48.436768],[0.095395,48.436518],[0.095123,48.436299],[0.095133,48.436014],[0.095434,48.435588],[0.094349,48.434706],[0.09395,48.434164],[0.092506,48.433304],[0.092426,48.433048],[0.09189,48.432919],[0.092107,48.432801],[0.09128,48.433006],[0.091801,48.432717],[0.091771,48.432593],[0.089904,48.431143],[0.089146,48.43139],[0.089078,48.431632],[0.088726,48.431563],[0.088646,48.431867],[0.088091,48.431874],[0.085344,48.432875],[0.085141,48.432607],[0.084462,48.432622],[0.084177,48.432785],[0.083535,48.432612],[0.083136,48.432923],[0.083107,48.432583],[0.082171,48.432574],[0.081937,48.432424],[0.081752,48.431842],[0.080905,48.4322],[0.079735,48.432002],[0.079583,48.432083],[0.079728,48.431855],[0.080096,48.431819],[0.080201,48.431526],[0.079165,48.431286],[0.07894,48.431536],[0.079198,48.431571],[0.079269,48.432011],[0.079062,48.431927],[0.078746,48.432059],[0.078656,48.43168],[0.078358,48.43191],[0.07801,48.431636],[0.076987,48.431515],[0.075527,48.431706],[0.074834,48.431964],[0.07362,48.431943],[0.071663,48.432337],[0.071335,48.432197],[0.071125,48.432401],[0.070657,48.432402],[0.070294,48.432584],[0.070029,48.432358],[0.069809,48.432613],[0.069441,48.432601],[0.069036,48.432376],[0.06849,48.43183],[0.068368,48.432525],[0.067994,48.432865],[0.067212,48.43255],[0.066947,48.432132],[0.066257,48.432363],[0.066692,48.433444],[0.065698,48.434374],[0.065548,48.43401],[0.064506,48.433251],[0.063207,48.433677],[0.063177,48.43353],[0.063884,48.433452],[0.063388,48.431902],[0.063033,48.43198],[0.062242,48.433504],[0.061917,48.433743],[0.06026,48.433882],[0.059586,48.43428],[0.05878,48.433905],[0.058391,48.43434],[0.057996,48.434247],[0.057796,48.434488],[0.057167,48.434184],[0.056628,48.434393],[0.056621,48.434712],[0.055504,48.434697],[0.055217,48.434445],[0.054472,48.434536],[0.054278,48.435014],[0.053404,48.434855],[0.052566,48.435043],[0.052455,48.435841],[0.051279,48.435578],[0.050867,48.435219],[0.050384,48.43559],[0.050058,48.435345],[0.048798,48.435511],[0.04814,48.435799],[0.046366,48.436035],[0.042867,48.434581],[0.041594,48.436091],[0.040304,48.43637],[0.035112,48.43889],[0.030184,48.443525],[0.029331,48.439334]],[[0.072708,48.438364],[0.072934,48.438113],[0.073457,48.438115],[0.073768,48.438167],[0.074049,48.438485],[0.07358,48.438619],[0.072708,48.438364]]]}},{"type":"Feature","properties":{"uai_primary":"0610958K","uai_all":"0610958K","is_merged":false},"geometry":{"type":"Polygon","coordinates":[[[0.55474,48.8267],[0.555058,48.826834],[0.556882,48.825799],[0.554521,48.825864],[0.55434,48.826551],[0.55474,48.8267]],[[0.553758,48.827137],[0.553688,48.826964],[0.553364,48.827066],[0.553379,48.827291],[0.553758,48.827137]],[[0.552298,48.828926],[0.553508,48.828328],[0.552983,48.827588],[0.540105,48.827559],[0.53959,48.827973],[0.552298,48.828926]],[[0.442489,48.887014],[0.440072,48.887748],[0.439353,48.887528],[0.438977,48.887998],[0.438759,48.888768],[0.439444,48.889153],[0.441042,48.88923],[0.442282,48.889466],[0.442675,48.887195],[0.442489,48.887014]],[[0.149481,48.741718],[0.150164,48.742429],[0.150695,48.743525],[0.15202,48.74221],[0.15284,48.741691],[0.149481,48.741718]],[[0.352499,48.870196],[0.35535,48.869307],[0.356432,48.871662],[0.357501,48.873307],[0.35803,48.873501],[0.360823,48.877206],[0.360799,48.877707],[0.363134,48.880774],[0.363621,48.881746],[0.364913,48.882861],[0.365677,48.883288],[0.365694,48.883567],[0.370255,48.886542],[0.372746,48.889384],[0.372967,48.889939],[0.374794,48.89131],[0.375741,48.892582],[0.377391,48.894224],[0.37751,48.894705],[0.375695,48.89831],[0.375132,48.899063],[0.375015,48.901358],[0.375342,48.902375],[0.376023,48.903338],[0.380575,48.90713],[0.381621,48.908398],[0.382889,48.911462],[0.38347,48.911321],[0.383564,48.911569],[0.38414,48.911431],[0.387971,48.909703],[0.388165,48.909472],[0.393664,48.909274],[0.395354,48.908327],[0.398649,48.907138],[0.398522,48.906812],[0.402095,48.905319],[0.403248,48.903006],[0.403642,48.902984],[0.405824,48.901665],[0.405979,48.900621],[0.40902,48.900892],[0.411237,48.900736],[0.414134,48.901002],[0.414749,48.900841],[0.414284,48.899269],[0.41659,48.898576],[0.417792,48.899474],[0.421249,48.898675],[0.419737,48.895958],[0.420339,48.895786],[0.420246,48.894872],[0.419777,48.894892],[0.419606,48.893751],[0.418,48.891732],[0.421226,48.890294],[0.420972,48.889457],[0.419693,48.888067],[0.421284,48.887507],[0.420581,48.886928],[0.422998,48.886613],[0.424376,48.88623],[0.424754,48.886589],[0.426489,48.886363],[0.427519,48.886454],[0.428193,48.886137],[0.429717,48.885976],[0.433308,48.886158],[0.436113,48.885339],[0.438117,48.885516],[0.439202,48.886497],[0.441418,48.885325],[0.442367,48.886487],[0.43953,48.879966],[0.431068,48.873424],[0.429577,48.872513],[0.430606,48.870096],[0.433053,48.867604],[0.431479,48.865315],[0.429693,48.863359],[0.426013,48.858026],[0.427072,48.857711],[0.436156,48.850785],[0.437206,48.85052],[0.43861,48.850694],[0.442012,48.850752],[0.446204,48.849251],[0.44808,48.84657],[0.445831,48.841877],[0.445157,48.839941],[0.444229,48.839426],[0.436415,48.839668],[0.433972,48.838667],[0.433316,48.836417],[0.433531,48.829876],[0.438973,48.827545],[0.436858,48.822336],[0.434676,48.814871],[0.434792,48.814684],[0.439456,48.81402],[0.440148,48.813705],[0.441115,48.813794],[0.443848,48.813532],[0.445449,48.812826],[0.447756,48.812572],[0.448963,48.812297],[0.450105,48.811951],[0.45199,48.810528],[0.452658,48.809565],[0.452895,48.809567],[0.453271,48.80974],[0.454333,48.809751],[0.454449,48.810154],[0.455036,48.810143],[0.45743,48.810994],[0.459388,48.811166],[0.461629,48.812092],[0.463732,48.81353],[0.463719,48.81388],[0.464082,48.814303],[0.464462,48.814282],[0.464684,48.81454],[0.465075,48.814475],[0.465451,48.815092],[0.46614,48.815273],[0.466332,48.815471],[0.466639,48.815443],[0.466373,48.815783],[0.466811,48.81621],[0.467203,48.816227],[0.466953,48.816034],[0.467121,48.815678],[0.467468,48.815937],[0.468566,48.815227],[0.46927,48.81508],[0.468941,48.814759],[0.469248,48.814743],[0.469377,48.814481],[0.470062,48.814344],[0.47054,48.813836],[0.471182,48.813487],[0.471641,48.81301],[0.471469,48.812576],[0.471051,48.8124],[0.471571,48.811661],[0.47139,48.811479],[0.472342,48.811041],[0.472537,48.810275],[0.473117,48.810122],[0.472886,48.809998],[0.472945,48.809678],[0.473457,48.809736],[0.473507,48.809201],[0.473902,48.808849],[0.474184,48.808821],[0.474429,48.80849],[0.475102,48.808293],[0.47509,48.808106],[0.474665,48.80794],[0.474864,48.807778],[0.474593,48.807715],[0.474655,48.807567],[0.475017,48.807587],[0.475111,48.807336],[0.475396,48.807396],[0.475659,48.807117],[0.476276,48.807102],[0.476217,48.806872],[0.476657,48.806831],[0.476926,48.806211],[0.477301,48.806119],[0.477714,48.80636],[0.478423,48.806078],[0.478864,48.806155],[0.479102,48.805804],[0.480167,48.805674],[0.480871,48.805413],[0.481332,48.805005],[0.481183,48.804512],[0.4815,48.804299],[0.482079,48.804472],[0.482383,48.804356],[0.482845,48.804447],[0.482968,48.804324],[0.48324,48.804542],[0.483735,48.804397],[0.484192,48.804515],[0.485317,48.804459],[0.486096,48.803876],[0.487158,48.803919],[0.488658,48.803109],[0.489518,48.803081],[0.490781,48.802479],[0.491105,48.802173],[0.492981,48.802102],[0.493971,48.802233],[0.494443,48.802133],[0.495509,48.800016],[0.495637,48.79925],[0.495917,48.798779],[0.496227,48.798647],[0.49597,48.798264],[0.496349,48.797432],[0.496184,48.797181],[0.496448,48.796601],[0.496355,48.796241],[0.497039,48.795328],[0.496651,48.794877],[0.497032,48.79453],[0.49649,48.794556],[0.496124,48.794298],[0.496163,48.793608],[0.495813,48.792861],[0.495947,48.792645],[0.495647,48.792427],[0.495454,48.791028],[0.495074,48.790505],[0.495141,48.789495],[0.494444,48.788002],[0.493937,48.787838],[0.493877,48.786809],[0.493406,48.786605],[0.493289,48.786009],[0.493554,48.785596],[0.493217,48.785265],[0.488968,48.783386],[0.488065,48.782522],[0.488455,48.782239],[0.488207,48.781979],[0.486375,48.780625],[0.485304,48.780355],[0.483697,48.7789],[0.483596,48.77791],[0.483868,48.777549],[0.484393,48.777317],[0.486191,48.777066],[0.491023,48.775652],[0.493844,48.77664],[0.493956,48.775427],[0.495274,48.772695],[0.496865,48.77055],[0.497165,48.770058],[0.496936,48.769879],[0.497035,48.769496],[0.498814,48.766892],[0.497518,48.766244],[0.496716,48.765526],[0.49832,48.764529],[0.49851,48.764201],[0.499126,48.763963],[0.499265,48.763413],[0.500004,48.763111],[0.500707,48.762515],[0.501808,48.762053],[0.501769,48.761445],[0.502663,48.760728],[0.501723,48.760098],[0.498701,48.759955],[0.497822,48.759362],[0.496672,48.759166],[0.490842,48.757248],[0.48674,48.756654],[0.48702,48.753752],[0.487814,48.750593],[0.487104,48.749864],[0.486473,48.749632],[0.485444,48.749691],[0.483348,48.750231],[0.481713,48.750048],[0.480724,48.750355],[0.478854,48.750642],[0.479621,48.752097],[0.479808,48.753172],[0.481662,48.756793],[0.478603,48.758012],[0.474268,48.758775],[0.471084,48.758753],[0.469785,48.757352],[0.467024,48.756098],[0.464129,48.755972],[0.461983,48.755719],[0.460904,48.756224],[0.459972,48.756339],[0.459928,48.755664],[0.45747,48.755985],[0.456093,48.756413],[0.452917,48.755913],[0.452228,48.756127],[0.451485,48.756],[0.449835,48.754641],[0.445592,48.75354],[0.443744,48.75387],[0.442391,48.753714],[0.441158,48.753964],[0.440206,48.753949],[0.438541,48.753679],[0.438441,48.753981],[0.437291,48.753948],[0.437633,48.751086],[0.438307,48.750355],[0.438424,48.748943],[0.439757,48.748764],[0.440005,48.748317],[0.445382,48.748547],[0.448167,48.748142],[0.44699,48.745308],[0.443319,48.745449],[0.443074,48.74438],[0.442218,48.74428],[0.440466,48.743192],[0.441272,48.742695],[0.439328,48.741866],[0.440173,48.739664],[0.439881,48.739489],[0.44034,48.739005],[0.440862,48.739106],[0.441481,48.738496],[0.441908,48.738606],[0.444068,48.736205],[0.444115,48.734899],[0.44352,48.734057],[0.44385,48.733423],[0.445239,48.732682],[0.446032,48.732539],[0.447961,48.732564],[0.450646,48.732832],[0.4515,48.732719],[0.455899,48.73103],[0.457691,48.730487],[0.458818,48.729386],[0.459371,48.728562],[0.459718,48.726263],[0.459113,48.726194],[0.458614,48.725831],[0.45817,48.725893],[0.457929,48.725521],[0.456302,48.725486],[0.455088,48.72523],[0.454415,48.724876],[0.454462,48.724505],[0.453876,48.723963],[0.451697,48.723052],[0.451088,48.722874],[0.450201,48.723189],[0.447835,48.72284],[0.447215,48.722528],[0.446573,48.722473],[0.446113,48.722128],[0.44585,48.722267],[0.445157,48.722006],[0.444876,48.722087],[0.443987,48.721345],[0.443327,48.721306],[0.440888,48.720306],[0.440517,48.719947],[0.438742,48.720062],[0.438779,48.719638],[0.438513,48.719434],[0.43748,48.71941],[0.436524,48.719117],[0.434946,48.719091],[0.434305,48.71927],[0.434336,48.719606],[0.43399,48.720031],[0.433374,48.720174],[0.432819,48.720114],[0.432447,48.71952],[0.432036,48.719499],[0.432191,48.719086],[0.431604,48.718666],[0.431851,48.718371],[0.430834,48.717895],[0.42894,48.718174],[0.426478,48.718001],[0.425109,48.718515],[0.422937,48.718323],[0.420805,48.717625],[0.419146,48.717378],[0.41911,48.716936],[0.418778,48.716751],[0.418434,48.716174],[0.418231,48.71618],[0.418038,48.716527],[0.417781,48.716018],[0.417244,48.716156],[0.416854,48.715867],[0.416013,48.715794],[0.415735,48.715588],[0.414895,48.715635],[0.414615,48.715458],[0.414836,48.715143],[0.414584,48.714692],[0.413651,48.715104],[0.413752,48.715361],[0.41358,48.71542],[0.41278,48.714889],[0.411972,48.714925],[0.411976,48.71473],[0.411749,48.714684],[0.411833,48.714386],[0.411348,48.714357],[0.411044,48.714055],[0.410575,48.714163],[0.410744,48.714386],[0.410544,48.714658],[0.409789,48.714642],[0.409364,48.714484],[0.408822,48.714642],[0.407548,48.713936],[0.406884,48.714004],[0.406187,48.713778],[0.406316,48.713257],[0.405642,48.713303],[0.405474,48.713708],[0.404713,48.713863],[0.404239,48.713512],[0.403018,48.713586],[0.402906,48.713114],[0.401725,48.712881],[0.401591,48.712636],[0.400917,48.712863],[0.40033,48.712569],[0.399317,48.712702],[0.398867,48.712395],[0.398696,48.71277],[0.398312,48.71263],[0.397859,48.712758],[0.397042,48.712451],[0.396642,48.711912],[0.396432,48.712142],[0.395935,48.71218],[0.394248,48.711827],[0.393266,48.712131],[0.392623,48.711907],[0.392252,48.71155],[0.391683,48.711617],[0.391146,48.7115],[0.391074,48.711189],[0.391407,48.710662],[0.391283,48.710562],[0.390946,48.710802],[0.39046,48.710838],[0.390302,48.710616],[0.389263,48.710736],[0.389357,48.710021],[0.389023,48.709868],[0.38768,48.70991],[0.387281,48.710145],[0.386023,48.709392],[0.384138,48.709562],[0.384559,48.709086],[0.383875,48.709131],[0.383507,48.708886],[0.383009,48.709023],[0.382038,48.708836],[0.381807,48.708921],[0.381793,48.709282],[0.381272,48.709255],[0.381237,48.709403],[0.380477,48.709547],[0.378814,48.709103],[0.378976,48.708443],[0.3788,48.708351],[0.378823,48.707926],[0.376731,48.708396],[0.375099,48.707784],[0.374727,48.70747],[0.371486,48.707305],[0.370616,48.70758],[0.369525,48.706814],[0.368552,48.706945],[0.36726,48.706544],[0.364886,48.706422],[0.360633,48.705758],[0.359357,48.706039],[0.358664,48.706531],[0.355658,48.707153],[0.355099,48.707528],[0.352668,48.707703],[0.351937,48.708074],[0.350832,48.70916],[0.346876,48.710902],[0.346229,48.710904],[0.343364,48.711721],[0.342423,48.712291],[0.340998,48.712223],[0.339908,48.712331],[0.339684,48.71341],[0.338593,48.712937],[0.336352,48.712945],[0.335364,48.712684],[0.334594,48.712128],[0.333198,48.712246],[0.33003,48.712832],[0.330242,48.713067],[0.328689,48.713513],[0.326355,48.714774],[0.323658,48.715382],[0.323958,48.716172],[0.321024,48.716338],[0.318446,48.71743],[0.316649,48.718401],[0.311953,48.7196],[0.309021,48.721098],[0.303909,48.722355],[0.301114,48.723374],[0.29904,48.723864],[0.296308,48.724047],[0.295045,48.724679],[0.291466,48.724904],[0.286947,48.725845],[0.285244,48.726444],[0.284309,48.725472],[0.283124,48.725659],[0.283878,48.724539],[0.283345,48.724435],[0.283151,48.723953],[0.282287,48.723315],[0.281151,48.723058],[0.280571,48.722026],[0.28031,48.720404],[0.278884,48.72004],[0.277658,48.720602],[0.274593,48.721213],[0.27376,48.72124],[0.270537,48.720871],[0.269545,48.720515],[0.269142,48.720182],[0.267937,48.720109],[0.267615,48.719769],[0.267963,48.71955],[0.26792,48.71892],[0.266494,48.71894],[0.265301,48.718155],[0.265326,48.717526],[0.263043,48.717063],[0.263221,48.717525],[0.262942,48.717701],[0.261581,48.718076],[0.261246,48.717626],[0.258884,48.719216],[0.257882,48.719593],[0.257019,48.719564],[0.25544,48.721581],[0.254679,48.723228],[0.255059,48.724756],[0.252761,48.72557],[0.253195,48.726611],[0.253106,48.727104],[0.25254,48.727679],[0.252658,48.728131],[0.251969,48.728344],[0.250632,48.729174],[0.250066,48.729749],[0.250011,48.731096],[0.249285,48.732252],[0.24926,48.732881],[0.249693,48.733923],[0.253696,48.740602],[0.253947,48.743535],[0.254176,48.743811],[0.254573,48.743732],[0.254487,48.745584],[0.255067,48.745413],[0.255706,48.745991],[0.255662,48.747405],[0.257458,48.749042],[0.257324,48.749388],[0.256643,48.74986],[0.255113,48.750255],[0.253287,48.750498],[0.25235,48.751798],[0.25167,48.752207],[0.250285,48.752004],[0.24856,48.752648],[0.247691,48.752242],[0.247759,48.751854],[0.247125,48.751548],[0.246667,48.751508],[0.246043,48.751793],[0.24548,48.751425],[0.243757,48.751204],[0.243423,48.75134],[0.242873,48.750516],[0.242049,48.750063],[0.241624,48.750208],[0.241371,48.750076],[0.241117,48.749754],[0.241099,48.749276],[0.24068,48.748988],[0.239743,48.749004],[0.23817,48.748601],[0.237226,48.748088],[0.236453,48.747432],[0.235215,48.747513],[0.235042,48.746872],[0.234306,48.746376],[0.234162,48.745877],[0.232453,48.745212],[0.231925,48.744421],[0.231104,48.744406],[0.22911,48.743378],[0.228301,48.741892],[0.227815,48.741485],[0.226421,48.740651],[0.225526,48.740559],[0.22542,48.740339],[0.224097,48.73952],[0.223183,48.739403],[0.222687,48.73915],[0.222428,48.738869],[0.222394,48.738408],[0.220675,48.737808],[0.219508,48.736438],[0.219129,48.736414],[0.218712,48.736134],[0.218701,48.735451],[0.217321,48.734787],[0.216984,48.734842],[0.216403,48.734413],[0.215307,48.733954],[0.215469,48.733315],[0.215338,48.732747],[0.213793,48.730809],[0.21294,48.730098],[0.213076,48.729112],[0.211521,48.728861],[0.210201,48.729065],[0.207554,48.730108],[0.205436,48.730095],[0.204408,48.730312],[0.20372,48.729505],[0.203305,48.729421],[0.202335,48.729581],[0.202267,48.729883],[0.201475,48.729665],[0.200825,48.729774],[0.200639,48.730238],[0.200093,48.729939],[0.199382,48.729843],[0.199188,48.730469],[0.198639,48.730215],[0.198027,48.730179],[0.197742,48.729863],[0.197395,48.729969],[0.196879,48.730457],[0.196647,48.73003],[0.195496,48.729702],[0.195399,48.730069],[0.195199,48.730142],[0.194557,48.729816],[0.194097,48.730029],[0.19368,48.729697],[0.193481,48.729759],[0.193455,48.730094],[0.193279,48.730086],[0.192836,48.729564],[0.192015,48.729694],[0.192016,48.729301],[0.191789,48.729229],[0.187443,48.729516],[0.186104,48.72981],[0.184857,48.730544],[0.181773,48.73097],[0.178541,48.732365],[0.180181,48.734905],[0.18104,48.735653],[0.18391,48.737333],[0.185134,48.739088],[0.187236,48.740847],[0.184383,48.740603],[0.17603,48.741332],[0.160984,48.741566],[0.161451,48.742044],[0.162266,48.742454],[0.162087,48.742687],[0.163182,48.743452],[0.164054,48.743168],[0.164435,48.743402],[0.164666,48.743176],[0.16612,48.744678],[0.166803,48.746357],[0.166506,48.747381],[0.166339,48.74766],[0.165716,48.74802],[0.165322,48.748976],[0.163994,48.748839],[0.164008,48.749207],[0.163183,48.74919],[0.163381,48.749931],[0.163775,48.749978],[0.16412,48.750954],[0.165144,48.751941],[0.163342,48.752428],[0.162943,48.753184],[0.160347,48.752435],[0.160775,48.753402],[0.16174,48.754281],[0.161904,48.754655],[0.161375,48.756311],[0.161955,48.757053],[0.161401,48.757678],[0.160221,48.757295],[0.159653,48.756735],[0.158658,48.75519],[0.157075,48.75548],[0.154996,48.754862],[0.155596,48.753769],[0.153864,48.753744],[0.153702,48.753091],[0.152955,48.752902],[0.152343,48.752534],[0.151869,48.751352],[0.151138,48.750706],[0.15126,48.749724],[0.150178,48.749828],[0.149208,48.750127],[0.148845,48.750761],[0.148068,48.75093],[0.147801,48.75143],[0.146163,48.751499],[0.145842,48.755258],[0.145476,48.755708],[0.145394,48.761073],[0.160652,48.767963],[0.1719,48.768463],[0.185575,48.769668],[0.187932,48.769542],[0.198963,48.769489],[0.256052,48.770143],[0.256259,48.771525],[0.256674,48.772473],[0.256704,48.773566],[0.256219,48.774885],[0.255974,48.776885],[0.254801,48.77918],[0.254259,48.779867],[0.254666,48.780935],[0.254543,48.781095],[0.252569,48.782219],[0.2505,48.782719],[0.24931,48.78331],[0.249248,48.78349],[0.248259,48.783517],[0.247306,48.783726],[0.241711,48.785633],[0.238535,48.78765],[0.236623,48.788285],[0.235659,48.788304],[0.232894,48.787749],[0.230494,48.786982],[0.22943,48.786808],[0.225886,48.787015],[0.224009,48.78744],[0.222961,48.787842],[0.222021,48.788609],[0.217219,48.793986],[0.210764,48.798724],[0.209759,48.79926],[0.210537,48.800515],[0.210063,48.800848],[0.209727,48.80365],[0.209898,48.804212],[0.210674,48.804536],[0.210625,48.805301],[0.208921,48.80723],[0.209488,48.807577],[0.208959,48.807986],[0.209532,48.808439],[0.20942,48.808974],[0.211455,48.811634],[0.210613,48.811879],[0.212274,48.816071],[0.213462,48.815892],[0.21426,48.817769],[0.217266,48.819635],[0.215548,48.819948],[0.216272,48.821369],[0.214263,48.822347],[0.212851,48.822391],[0.211587,48.827551],[0.212679,48.827708],[0.217196,48.839008],[0.216224,48.83931],[0.215927,48.840104],[0.215932,48.841063],[0.216595,48.843394],[0.217753,48.845426],[0.219263,48.846688],[0.219488,48.847693],[0.223908,48.848473],[0.22423,48.847838],[0.224824,48.847313],[0.226215,48.848389],[0.227044,48.848268],[0.228538,48.846099],[0.228955,48.845834],[0.230195,48.845867],[0.23323,48.845511],[0.234318,48.845151],[0.234607,48.84475],[0.236141,48.843879],[0.23934,48.842569],[0.240752,48.841353],[0.241485,48.840073],[0.243448,48.839506],[0.244268,48.838082],[0.246728,48.840943],[0.248754,48.844816],[0.252207,48.848367],[0.252935,48.849514],[0.253576,48.851122],[0.254281,48.855101],[0.252685,48.858925],[0.252678,48.860328],[0.252278,48.860598],[0.251823,48.861758],[0.252025,48.862681],[0.252784,48.863545],[0.252814,48.867933],[0.254094,48.871735],[0.253846,48.871795],[0.251634,48.873916],[0.251163,48.874854],[0.250378,48.875768],[0.249025,48.879352],[0.252898,48.880071],[0.260189,48.882177],[0.261926,48.880985],[0.263671,48.881918],[0.264235,48.881233],[0.265303,48.881155],[0.26547,48.880869],[0.267982,48.881253],[0.268656,48.881444],[0.268468,48.882696],[0.268929,48.882986],[0.26969,48.884388],[0.270412,48.884596],[0.271374,48.884424],[0.272071,48.884496],[0.2737,48.884838],[0.274473,48.88511],[0.276025,48.886069],[0.277533,48.885896],[0.277232,48.885482],[0.277282,48.885194],[0.276643,48.885067],[0.276638,48.88496],[0.27683,48.884652],[0.277573,48.884724],[0.277703,48.884238],[0.278089,48.884035],[0.278045,48.883659],[0.278789,48.883356],[0.278824,48.883162],[0.278453,48.882905],[0.27891,48.882739],[0.278943,48.881724],[0.279274,48.881647],[0.2791,48.881069],[0.279361,48.880478],[0.279156,48.879653],[0.279409,48.879481],[0.280152,48.879394],[0.28018,48.878615],[0.279308,48.877414],[0.280036,48.876644],[0.281932,48.87648],[0.283937,48.875825],[0.286273,48.876138],[0.287358,48.87606],[0.287909,48.875982],[0.288869,48.875421],[0.292388,48.875858],[0.29267,48.875449],[0.294151,48.875796],[0.295326,48.8745],[0.298592,48.871544],[0.301903,48.87168],[0.302575,48.869846],[0.305818,48.869799],[0.312693,48.86775],[0.314582,48.866491],[0.316034,48.864658],[0.319795,48.862562],[0.319142,48.861917],[0.320061,48.861765],[0.322092,48.86036],[0.322895,48.858981],[0.323263,48.859114],[0.323722,48.858425],[0.32526,48.858506],[0.32563,48.85886],[0.327095,48.861958],[0.331543,48.861176],[0.331778,48.861489],[0.333217,48.861592],[0.339707,48.863225],[0.339355,48.863547],[0.339284,48.863919],[0.339272,48.865532],[0.33946,48.866113],[0.344436,48.866369],[0.348972,48.868257],[0.348217,48.870176],[0.349535,48.87035],[0.352499,48.870196]],[[0.424816,48.835454],[0.424646,48.836001],[0.425488,48.840253],[0.417077,48.843592],[0.411961,48.836333],[0.411982,48.833431],[0.420877,48.835225],[0.424823,48.834926],[0.424816,48.835454]]]}},{"type":"Feature","properties":{"uai_primary":"0610959L","uai_all":"0610959L","is_merged":false},"geometry":{"type":"Polygon","coordinates":[[[0.822153,48.223623],[0.824303,48.222284],[0.82535,48.22139],[0.827523,48.218551],[0.829157,48.215257],[0.830255,48.214162],[0.830369,48.211381],[0.830678,48.210759],[0.828614,48.210629],[0.826544,48.210857],[0.826487,48.210464],[0.826086,48.210106],[0.825587,48.210197],[0.824966,48.210672],[0.824302,48.210713],[0.822455,48.210182],[0.819126,48.208646],[0.817832,48.208473],[0.816726,48.207641],[0.81637,48.207642],[0.816096,48.207024],[0.814951,48.205592],[0.813656,48.206137],[0.812555,48.206386],[0.810496,48.206314],[0.808021,48.205832],[0.806666,48.205814],[0.805441,48.205498],[0.806151,48.203953],[0.805974,48.203185],[0.805415,48.202479],[0.80648,48.202468],[0.807096,48.20012],[0.808639,48.198128],[0.808799,48.197614],[0.802884,48.196047],[0.801212,48.196034],[0.800699,48.195874],[0.80029,48.195537],[0.798147,48.19488],[0.783412,48.189501],[0.781632,48.188949],[0.777262,48.188251],[0.772451,48.184949],[0.770986,48.18448],[0.770288,48.183969],[0.76718,48.183296],[0.763807,48.181503],[0.760654,48.180264],[0.75769,48.17989],[0.755692,48.182361],[0.754618,48.182366],[0.75366,48.182584],[0.752314,48.18378],[0.749459,48.183994],[0.747932,48.184728],[0.747087,48.184916],[0.745539,48.184833],[0.745451,48.185244],[0.745009,48.18507],[0.744642,48.18512],[0.742846,48.186388],[0.741898,48.186831],[0.741401,48.187505],[0.738438,48.189323],[0.737655,48.18925],[0.735298,48.192815],[0.735057,48.194902],[0.734567,48.196251],[0.733824,48.196821],[0.733153,48.19676],[0.732264,48.198111],[0.731178,48.198688],[0.730053,48.200958],[0.729071,48.201007],[0.728311,48.200759],[0.726792,48.199663],[0.724909,48.199251],[0.723573,48.198308],[0.721979,48.20006],[0.721752,48.202616],[0.721534,48.203016],[0.721594,48.203635],[0.72217,48.203992],[0.720135,48.20612],[0.718468,48.208546],[0.717494,48.211078],[0.716014,48.212874],[0.715774,48.21342],[0.715676,48.21478],[0.714588,48.214927],[0.713252,48.214778],[0.712158,48.21487],[0.711625,48.215166],[0.711132,48.216278],[0.711588,48.216609],[0.711469,48.216813],[0.70956,48.218091],[0.708299,48.217533],[0.706212,48.218451],[0.706725,48.218802],[0.70581,48.219013],[0.704476,48.218963],[0.704146,48.219094],[0.703722,48.219763],[0.70513,48.219918],[0.70614,48.220798],[0.706185,48.221089],[0.705045,48.222117],[0.706754,48.222657],[0.704725,48.224724],[0.702184,48.225858],[0.701823,48.226994],[0.70197,48.227608],[0.701784,48.228037],[0.700021,48.228568],[0.700752,48.230585],[0.700184,48.231827],[0.699822,48.232129],[0.698003,48.232696],[0.697438,48.233132],[0.696609,48.234226],[0.695726,48.23495],[0.695466,48.235464],[0.695387,48.236544],[0.693379,48.238136],[0.69265,48.238464],[0.691749,48.238557],[0.689982,48.239157],[0.688713,48.23916],[0.687319,48.239753],[0.686064,48.240711],[0.686718,48.241229],[0.686945,48.241953],[0.685647,48.242473],[0.68531,48.243136],[0.685438,48.243779],[0.685783,48.244187],[0.686668,48.244476],[0.687294,48.244866],[0.68824,48.246049],[0.688331,48.246505],[0.688045,48.246883],[0.68718,48.24697],[0.686732,48.247182],[0.686669,48.247513],[0.687093,48.24806],[0.686926,48.248342],[0.686263,48.248496],[0.685123,48.248406],[0.684021,48.248853],[0.68271,48.248524],[0.682117,48.248816],[0.682015,48.249325],[0.682999,48.252931],[0.68312,48.253227],[0.684113,48.253992],[0.684134,48.254132],[0.68369,48.254213],[0.683653,48.254526],[0.683085,48.255036],[0.678792,48.255301],[0.676157,48.255077],[0.674001,48.254667],[0.673232,48.254769],[0.670868,48.255567],[0.671069,48.255815],[0.670074,48.256781],[0.667342,48.258361],[0.666463,48.259492],[0.665969,48.25976],[0.665887,48.259984],[0.664995,48.260396],[0.665236,48.260647],[0.665076,48.260855],[0.664537,48.261034],[0.66347,48.260813],[0.662972,48.260874],[0.662713,48.260727],[0.662371,48.260897],[0.661886,48.260903],[0.661895,48.260609],[0.6617,48.260532],[0.66061,48.261046],[0.660602,48.261278],[0.660166,48.261453],[0.660008,48.261387],[0.659274,48.261729],[0.658751,48.261741],[0.657597,48.262336],[0.65678,48.262433],[0.65653,48.262743],[0.655187,48.263237],[0.653709,48.263534],[0.65239,48.264132],[0.651778,48.264224],[0.650345,48.26371],[0.650117,48.26368],[0.649744,48.263912],[0.649382,48.263538],[0.648819,48.263592],[0.648504,48.26322],[0.648258,48.263316],[0.647653,48.263231],[0.647481,48.263036],[0.646701,48.262863],[0.645683,48.262217],[0.64277,48.261712],[0.641401,48.261268],[0.640853,48.261448],[0.640219,48.261357],[0.639769,48.261028],[0.638836,48.260738],[0.638494,48.260327],[0.638534,48.259617],[0.63812,48.259358],[0.637912,48.258818],[0.637557,48.258788],[0.637309,48.258416],[0.633284,48.257472],[0.63296,48.255759],[0.63193,48.254782],[0.632393,48.254222],[0.632341,48.253726],[0.6311,48.252584],[0.631518,48.250072],[0.631714,48.249862],[0.632811,48.249473],[0.633992,48.249383],[0.633587,48.248915],[0.633722,48.248141],[0.633147,48.247733],[0.632857,48.247142],[0.632805,48.246142],[0.637089,48.240027],[0.637035,48.238457],[0.637661,48.23755],[0.6379,48.236561],[0.638521,48.235445],[0.635314,48.235184],[0.635085,48.235784],[0.633624,48.235008],[0.633942,48.234288],[0.631881,48.234631],[0.631937,48.234892],[0.631404,48.235131],[0.632083,48.235267],[0.632265,48.23584],[0.630168,48.235905],[0.629862,48.235608],[0.629381,48.236179],[0.628532,48.236442],[0.628476,48.236962],[0.627945,48.237052],[0.628088,48.237287],[0.627829,48.237446],[0.627965,48.23767],[0.629226,48.238745],[0.629723,48.238884],[0.63054,48.23956],[0.630076,48.240394],[0.630258,48.240683],[0.630879,48.240791],[0.630834,48.241009],[0.630374,48.241078],[0.630225,48.241657],[0.629683,48.241955],[0.628347,48.242447],[0.62779,48.242327],[0.627337,48.24272],[0.626162,48.242981],[0.626186,48.244535],[0.625108,48.245237],[0.624317,48.245497],[0.623658,48.24545],[0.621114,48.244791],[0.620218,48.244362],[0.618438,48.243875],[0.616766,48.242963],[0.615828,48.242762],[0.615364,48.242974],[0.614576,48.242994],[0.614483,48.242742],[0.614005,48.242485],[0.611693,48.241938],[0.611704,48.242133],[0.611423,48.242159],[0.611102,48.242561],[0.610528,48.242365],[0.610269,48.242848],[0.609459,48.243336],[0.608918,48.24405],[0.608498,48.244142],[0.60824,48.244503],[0.607867,48.244493],[0.607941,48.244742],[0.607763,48.244801],[0.607561,48.244674],[0.60612,48.244658],[0.605727,48.244741],[0.605655,48.244902],[0.604204,48.244369],[0.603792,48.244363],[0.602876,48.244686],[0.600652,48.244748],[0.599136,48.245362],[0.59851,48.24527],[0.598325,48.244988],[0.596758,48.245079],[0.596806,48.245341],[0.596376,48.24533],[0.596264,48.245041],[0.595575,48.244705],[0.59532,48.244727],[0.59503,48.244473],[0.594515,48.244802],[0.594266,48.244648],[0.593244,48.244752],[0.592281,48.244457],[0.591858,48.24485],[0.589526,48.24482],[0.589411,48.244625],[0.586031,48.245374],[0.585408,48.245252],[0.583879,48.245334],[0.583378,48.245202],[0.582877,48.244788],[0.582082,48.244807],[0.581539,48.244625],[0.581055,48.244786],[0.580083,48.244759],[0.5791,48.24447],[0.579163,48.245219],[0.578775,48.245746],[0.579135,48.246073],[0.578983,48.246237],[0.579532,48.247131],[0.579164,48.247198],[0.578713,48.248585],[0.578722,48.250207],[0.577952,48.251226],[0.578237,48.253624],[0.577665,48.254736],[0.577774,48.255632],[0.577386,48.256476],[0.576706,48.256277],[0.575679,48.25568],[0.573967,48.256008],[0.569842,48.257706],[0.571155,48.258715],[0.570669,48.259158],[0.570371,48.258979],[0.569771,48.259581],[0.568191,48.25876],[0.567805,48.258215],[0.567548,48.258949],[0.566557,48.258921],[0.565822,48.259122],[0.563996,48.258308],[0.563605,48.258916],[0.563587,48.259456],[0.564415,48.261986],[0.564828,48.26248],[0.565067,48.263208],[0.565664,48.263242],[0.568178,48.266379],[0.568379,48.267091],[0.569102,48.267917],[0.569,48.268305],[0.570615,48.26999],[0.571987,48.270922],[0.572178,48.272003],[0.571304,48.27284],[0.571268,48.273455],[0.567141,48.274898],[0.566967,48.274812],[0.563405,48.276414],[0.55985,48.276917],[0.559794,48.278138],[0.556492,48.278865],[0.555494,48.278807],[0.554692,48.279232],[0.554448,48.279508],[0.552735,48.280372],[0.553046,48.281141],[0.552322,48.281435],[0.552731,48.282013],[0.553528,48.282637],[0.552993,48.282679],[0.551198,48.283602],[0.551675,48.284421],[0.550813,48.284459],[0.551361,48.285118],[0.550006,48.285608],[0.551505,48.287766],[0.55071,48.287986],[0.552039,48.289329],[0.551676,48.290142],[0.551304,48.290343],[0.552694,48.291083],[0.552716,48.29135],[0.553606,48.292138],[0.55311,48.292418],[0.55406,48.293618],[0.554471,48.294761],[0.555047,48.295211],[0.556686,48.298618],[0.557899,48.299734],[0.557219,48.299938],[0.557986,48.301087],[0.557588,48.301218],[0.55816,48.303151],[0.558747,48.302921],[0.559191,48.303616],[0.561244,48.304946],[0.56149,48.304886],[0.562476,48.305614],[0.563259,48.30663],[0.563037,48.307212],[0.562337,48.30801],[0.560949,48.309158],[0.560733,48.30956],[0.560925,48.309878],[0.562563,48.311251],[0.563164,48.31144],[0.563637,48.311403],[0.56433,48.310828],[0.565752,48.310624],[0.567229,48.309776],[0.569045,48.308538],[0.569459,48.30794],[0.570951,48.306832],[0.571575,48.30671],[0.57212,48.306089],[0.575187,48.3051],[0.577642,48.305025],[0.579622,48.303467],[0.586709,48.301189],[0.587851,48.300285],[0.587342,48.300332],[0.58499,48.299229],[0.584628,48.299387],[0.584227,48.299229],[0.583157,48.29804],[0.583513,48.297483],[0.583388,48.297295],[0.58384,48.296714],[0.585786,48.297281],[0.587369,48.298116],[0.588063,48.298923],[0.587906,48.299278],[0.590527,48.299852],[0.589738,48.300977],[0.590883,48.301306],[0.593091,48.30235],[0.593244,48.302827],[0.595398,48.30337],[0.598039,48.305008],[0.599152,48.306014],[0.599357,48.305927],[0.599997,48.304638],[0.600961,48.304926],[0.601433,48.304322],[0.602154,48.305132],[0.602854,48.30409],[0.603526,48.30419],[0.60452,48.304708],[0.605659,48.304904],[0.610012,48.305539],[0.610768,48.305339],[0.611609,48.305375],[0.612159,48.306095],[0.614053,48.305602],[0.615122,48.305693],[0.615282,48.305885],[0.61645,48.306219],[0.617006,48.306027],[0.617151,48.30632],[0.617582,48.306515],[0.617452,48.30673],[0.617811,48.307048],[0.616828,48.307542],[0.616986,48.307987],[0.616532,48.308497],[0.616699,48.308694],[0.616563,48.30896],[0.616813,48.309435],[0.617622,48.310035],[0.616201,48.310989],[0.614227,48.311822],[0.613914,48.312756],[0.614111,48.312984],[0.614056,48.315277],[0.612987,48.315939],[0.611682,48.316055],[0.61306,48.318903],[0.609324,48.320067],[0.608565,48.320659],[0.607599,48.320851],[0.607192,48.321409],[0.607315,48.322945],[0.606756,48.323421],[0.6067,48.323785],[0.606893,48.325008],[0.607615,48.326986],[0.607034,48.328176],[0.606823,48.329906],[0.60751,48.330929],[0.606716,48.332563],[0.606876,48.333074],[0.607808,48.333504],[0.607667,48.333789],[0.609545,48.334266],[0.61086,48.334136],[0.612561,48.333613],[0.614028,48.334122],[0.61548,48.334316],[0.61807,48.334233],[0.618236,48.334383],[0.62046,48.334455],[0.625642,48.333633],[0.627468,48.333522],[0.627027,48.334324],[0.627153,48.336294],[0.628095,48.339694],[0.629065,48.340635],[0.629573,48.341633],[0.629964,48.343208],[0.629978,48.345877],[0.631768,48.345997],[0.633214,48.346419],[0.633724,48.345981],[0.635366,48.346451],[0.636499,48.345715],[0.637799,48.344239],[0.639028,48.343427],[0.639115,48.343011],[0.639751,48.343069],[0.640323,48.3429],[0.645038,48.343077],[0.645145,48.344366],[0.645504,48.344863],[0.647081,48.344248],[0.647068,48.343408],[0.651373,48.342969],[0.653903,48.342268],[0.654791,48.342281],[0.656273,48.341861],[0.657861,48.341226],[0.657304,48.339367],[0.657448,48.338604],[0.660243,48.337655],[0.661239,48.338057],[0.662082,48.339361],[0.662673,48.339355],[0.662646,48.340874],[0.663115,48.341554],[0.662823,48.341924],[0.663323,48.3426],[0.665122,48.341833],[0.664131,48.340046],[0.66723,48.339178],[0.670574,48.337676],[0.671056,48.337368],[0.670896,48.337109],[0.673989,48.338823],[0.69879,48.34933],[0.711365,48.34949],[0.715655,48.349821],[0.715655,48.349392],[0.715924,48.349291],[0.715753,48.348491],[0.715937,48.34825],[0.717719,48.347368],[0.720432,48.345687],[0.721253,48.345631],[0.721772,48.344852],[0.721885,48.343471],[0.722255,48.342933],[0.723376,48.343435],[0.724082,48.343486],[0.725255,48.342651],[0.726249,48.341251],[0.728156,48.340046],[0.730523,48.341345],[0.733738,48.342226],[0.735925,48.338671],[0.73692,48.338011],[0.738761,48.337577],[0.741394,48.338192],[0.742442,48.338138],[0.742732,48.337955],[0.742982,48.337147],[0.743272,48.33701],[0.74462,48.337175],[0.745773,48.335776],[0.746027,48.336335],[0.746774,48.336521],[0.747521,48.33646],[0.747603,48.335665],[0.748783,48.334439],[0.750285,48.333752],[0.751331,48.334257],[0.752403,48.335262],[0.752608,48.334331],[0.753479,48.334511],[0.756458,48.335592],[0.759758,48.335],[0.762993,48.335088],[0.764962,48.33462],[0.767184,48.334739],[0.767997,48.334616],[0.770599,48.33555],[0.771472,48.335696],[0.772175,48.334716],[0.773389,48.334732],[0.776055,48.333517],[0.776132,48.333204],[0.776816,48.332853],[0.779122,48.332434],[0.781358,48.332671],[0.779467,48.3314],[0.777734,48.329039],[0.776474,48.328419],[0.776107,48.327914],[0.772979,48.325468],[0.771255,48.324391],[0.769119,48.322418],[0.768908,48.321821],[0.769057,48.317948],[0.769692,48.317706],[0.769106,48.31651],[0.769585,48.316247],[0.768063,48.31539],[0.768369,48.314857],[0.770444,48.314634],[0.770435,48.314335],[0.768933,48.313225],[0.767598,48.312985],[0.766177,48.312928],[0.76543,48.312562],[0.764309,48.311311],[0.762461,48.310561],[0.762785,48.309868],[0.762731,48.307548],[0.762909,48.307004],[0.762205,48.306965],[0.761497,48.306587],[0.760847,48.305806],[0.760224,48.304513],[0.759721,48.303966],[0.758062,48.303089],[0.757606,48.302588],[0.757424,48.301645],[0.756758,48.300826],[0.756019,48.300598],[0.755692,48.299881],[0.756516,48.299746],[0.758463,48.299803],[0.758539,48.299655],[0.758256,48.299398],[0.759198,48.299463],[0.759213,48.299628],[0.758776,48.29992],[0.759057,48.300068],[0.760163,48.300072],[0.760049,48.299843],[0.760517,48.299514],[0.760502,48.299196],[0.760138,48.298846],[0.760008,48.298396],[0.760368,48.298307],[0.76088,48.298714],[0.761425,48.298308],[0.762638,48.298181],[0.763137,48.298368],[0.762892,48.299147],[0.763091,48.29942],[0.764216,48.299773],[0.766701,48.301102],[0.768444,48.301802],[0.769232,48.302506],[0.771411,48.302017],[0.773203,48.302111],[0.773716,48.302608],[0.773811,48.303461],[0.77403,48.303694],[0.774498,48.303803],[0.775027,48.303446],[0.775537,48.30279],[0.775382,48.302574],[0.7742,48.302456],[0.774307,48.301724],[0.77478,48.301465],[0.775526,48.302117],[0.777398,48.302766],[0.778503,48.303401],[0.778992,48.302911],[0.779759,48.302501],[0.781222,48.302037],[0.781457,48.301426],[0.78252,48.300394],[0.784041,48.299527],[0.785884,48.298907],[0.786871,48.297959],[0.787696,48.29743],[0.788807,48.296276],[0.789616,48.296164],[0.790241,48.295665],[0.790918,48.294438],[0.792932,48.293477],[0.79363,48.29297],[0.797822,48.291267],[0.801701,48.290784],[0.802419,48.29054],[0.803728,48.291256],[0.804429,48.291289],[0.806537,48.290543],[0.807666,48.289826],[0.805085,48.288828],[0.804786,48.288443],[0.803878,48.288335],[0.802932,48.288412],[0.80288,48.288044],[0.802542,48.287957],[0.802171,48.288284],[0.801284,48.288186],[0.801331,48.287852],[0.800879,48.287662],[0.800492,48.287769],[0.799652,48.287695],[0.799312,48.287429],[0.797721,48.286905],[0.796435,48.287113],[0.796105,48.286884],[0.796194,48.286495],[0.795658,48.286331],[0.795293,48.285658],[0.794682,48.285374],[0.794806,48.285026],[0.794207,48.284969],[0.793935,48.284739],[0.793996,48.284503],[0.793496,48.284316],[0.793567,48.284148],[0.79333,48.283976],[0.793847,48.283571],[0.793258,48.2828],[0.793014,48.282859],[0.79257,48.282035],[0.792288,48.282062],[0.792361,48.281826],[0.791718,48.281131],[0.792229,48.279511],[0.792162,48.277993],[0.791892,48.277653],[0.791175,48.277379],[0.789749,48.275981],[0.789536,48.275559],[0.788616,48.275066],[0.788251,48.274565],[0.787952,48.274537],[0.787769,48.273822],[0.787832,48.272561],[0.785871,48.271138],[0.785954,48.270645],[0.787389,48.269157],[0.791793,48.265051],[0.790593,48.264545],[0.790253,48.263423],[0.789837,48.263281],[0.790031,48.263008],[0.787765,48.261738],[0.787462,48.261856],[0.787452,48.261293],[0.787638,48.26099],[0.788662,48.261462],[0.78948,48.261632],[0.791349,48.261073],[0.791981,48.25825],[0.793834,48.256672],[0.794613,48.256504],[0.79504,48.255709],[0.796309,48.254399],[0.798907,48.253445],[0.798506,48.252752],[0.799654,48.252523],[0.800372,48.251628],[0.801214,48.251258],[0.799917,48.250548],[0.80173,48.250271],[0.802114,48.249921],[0.802415,48.248072],[0.800679,48.247555],[0.800687,48.247285],[0.802118,48.244821],[0.804595,48.243254],[0.804925,48.242798],[0.805068,48.241678],[0.805904,48.239915],[0.809209,48.236694],[0.812029,48.234618],[0.810232,48.233682],[0.811529,48.233426],[0.813622,48.232654],[0.814825,48.232399],[0.81588,48.231558],[0.817061,48.230501],[0.818466,48.228344],[0.818601,48.22731],[0.819419,48.225224],[0.82007,48.224647],[0.822153,48.223623]]]}},{"type":"Feature","properties":{"uai_primary":"0610970Y","uai_all":"0610970Y","is_merged":false},"geometry":{"type":"Polygon","coordinates":[[[-0.417038,48.534752],[-0.417275,48.535252],[-0.416995,48.535921],[-0.416699,48.53444],[-0.417038,48.534752]],[[-0.526382,48.543529],[-0.531286,48.551635],[-0.537549,48.563027],[-0.554764,48.55747],[-0.57765,48.560258],[-0.591144,48.564046],[-0.591942,48.563858],[-0.593197,48.56457],[-0.593799,48.564578],[-0.595545,48.565437],[-0.596681,48.56577],[-0.597402,48.565786],[-0.598728,48.566404],[-0.599557,48.566516],[-0.600216,48.56634],[-0.601318,48.566512],[-0.603262,48.566558],[-0.603809,48.566348],[-0.605787,48.566758],[-0.605672,48.567271],[-0.610233,48.56913],[-0.610023,48.567196],[-0.608684,48.562726],[-0.608559,48.557624],[-0.60882,48.557542],[-0.608819,48.553513],[-0.610162,48.550403],[-0.610438,48.54898],[-0.610988,48.548346],[-0.611842,48.546492],[-0.612833,48.545256],[-0.609586,48.54386],[-0.607252,48.541185],[-0.606219,48.53808],[-0.605776,48.537377],[-0.604616,48.536989],[-0.604284,48.536613],[-0.602831,48.53368],[-0.60258,48.531627],[-0.601629,48.530777],[-0.600366,48.528947],[-0.599563,48.526737],[-0.600971,48.525464],[-0.601683,48.523802],[-0.606103,48.523594],[-0.607624,48.523887],[-0.60804,48.523498],[-0.609013,48.523684],[-0.608661,48.523021],[-0.60916,48.522089],[-0.610001,48.522151],[-0.609899,48.521686],[-0.61177,48.521007],[-0.612551,48.52097],[-0.614759,48.521655],[-0.61681,48.522936],[-0.621204,48.523617],[-0.621634,48.524058],[-0.621671,48.524653],[-0.622132,48.525301],[-0.622537,48.526549],[-0.622347,48.527076],[-0.622869,48.527656],[-0.623077,48.529479],[-0.624157,48.529361],[-0.624192,48.531276],[-0.625356,48.531317],[-0.625803,48.533336],[-0.630547,48.533316],[-0.635631,48.534192],[-0.638799,48.534207],[-0.64073,48.534463],[-0.641864,48.53431],[-0.643633,48.53351],[-0.64535,48.532962],[-0.645696,48.538839],[-0.646223,48.540646],[-0.647115,48.541901],[-0.647864,48.543639],[-0.64882,48.544458],[-0.651165,48.54454],[-0.652141,48.545074],[-0.652871,48.546182],[-0.654619,48.547514],[-0.654653,48.548757],[-0.654393,48.549494],[-0.654521,48.550247],[-0.653165,48.551953],[-0.653506,48.553128],[-0.653356,48.553822],[-0.654497,48.554143],[-0.654808,48.554363],[-0.655422,48.555821],[-0.655208,48.556903],[-0.654131,48.558244],[-0.653658,48.558511],[-0.653569,48.559936],[-0.653091,48.560488],[-0.653517,48.560544],[-0.654115,48.561013],[-0.655049,48.562144],[-0.65625,48.562576],[-0.657228,48.562347],[-0.657407,48.562499],[-0.657581,48.56236],[-0.657808,48.562469],[-0.658374,48.562259],[-0.659476,48.562378],[-0.660005,48.562148],[-0.660905,48.562156],[-0.66115,48.562363],[-0.661276,48.562141],[-0.661906,48.562032],[-0.662241,48.561489],[-0.662873,48.561468],[-0.662908,48.56081],[-0.664297,48.560584],[-0.66457,48.56072],[-0.664443,48.560909],[-0.665255,48.560784],[-0.666705,48.561069],[-0.667053,48.560718],[-0.667499,48.560993],[-0.667434,48.560553],[-0.667799,48.560325],[-0.667612,48.560138],[-0.668346,48.560099],[-0.668637,48.559929],[-0.669179,48.559978],[-0.66975,48.559686],[-0.669763,48.559363],[-0.67023,48.559212],[-0.671366,48.559096],[-0.672244,48.5595],[-0.673065,48.558906],[-0.673581,48.559143],[-0.674133,48.559044],[-0.673995,48.559219],[-0.674155,48.559452],[-0.674645,48.559327],[-0.674928,48.558985],[-0.675137,48.559388],[-0.675785,48.559637],[-0.67482,48.559866],[-0.674734,48.56036],[-0.674416,48.560569],[-0.67278,48.560708],[-0.6731,48.561255],[-0.672534,48.561605],[-0.670758,48.563602],[-0.669869,48.564883],[-0.670126,48.565534],[-0.669476,48.565589],[-0.668633,48.565919],[-0.668053,48.565764],[-0.667718,48.565833],[-0.667593,48.566446],[-0.667332,48.566672],[-0.667808,48.566942],[-0.667971,48.567384],[-0.669467,48.567556],[-0.669799,48.567739],[-0.67341,48.568412],[-0.674094,48.5687],[-0.676166,48.569108],[-0.676409,48.568354],[-0.676758,48.568434],[-0.679146,48.569355],[-0.679346,48.569683],[-0.679332,48.570372],[-0.682874,48.571031],[-0.684085,48.571538],[-0.683304,48.57222],[-0.683411,48.572313],[-0.684856,48.571691],[-0.68501,48.572437],[-0.685545,48.572442],[-0.6857,48.572645],[-0.686841,48.572999],[-0.688701,48.572962],[-0.688681,48.572463],[-0.690508,48.572371],[-0.690512,48.571737],[-0.69182,48.571838],[-0.69329,48.572228],[-0.693705,48.571973],[-0.695139,48.572137],[-0.695458,48.571663],[-0.695545,48.570907],[-0.695964,48.570332],[-0.698997,48.570855],[-0.699572,48.57016],[-0.704656,48.571902],[-0.705243,48.571665],[-0.706532,48.571952],[-0.707261,48.572678],[-0.708133,48.572839],[-0.708622,48.573428],[-0.709432,48.572565],[-0.710421,48.572723],[-0.710275,48.573425],[-0.710941,48.573619],[-0.711773,48.575591],[-0.712216,48.576095],[-0.712735,48.576347],[-0.7135,48.577744],[-0.71451,48.577804],[-0.715056,48.578444],[-0.716447,48.578214],[-0.71762,48.579592],[-0.719558,48.579674],[-0.719267,48.580219],[-0.719275,48.581014],[-0.720815,48.581537],[-0.72059,48.58182],[-0.720697,48.582333],[-0.720127,48.583586],[-0.720868,48.585273],[-0.72114,48.587017],[-0.721631,48.587008],[-0.721602,48.586807],[-0.721766,48.586885],[-0.722245,48.586571],[-0.723229,48.586749],[-0.723402,48.586579],[-0.723453,48.586713],[-0.724076,48.586758],[-0.724154,48.586942],[-0.72467,48.586794],[-0.72557,48.586916],[-0.726347,48.58724],[-0.72627,48.587408],[-0.727325,48.587592],[-0.728026,48.587618],[-0.728536,48.587383],[-0.729199,48.587306],[-0.730973,48.587286],[-0.731657,48.587371],[-0.732546,48.587882],[-0.733898,48.587983],[-0.734306,48.587874],[-0.734856,48.587947],[-0.735226,48.587718],[-0.73592,48.587859],[-0.738036,48.587799],[-0.74026,48.588432],[-0.742087,48.588112],[-0.743091,48.588633],[-0.746141,48.589503],[-0.747895,48.59029],[-0.751317,48.590856],[-0.752246,48.590725],[-0.752982,48.592017],[-0.752197,48.592864],[-0.752569,48.593147],[-0.753635,48.593245],[-0.754859,48.593707],[-0.756035,48.593886],[-0.756058,48.594173],[-0.756383,48.594315],[-0.756992,48.594002],[-0.757969,48.594151],[-0.758201,48.594572],[-0.758055,48.59521],[-0.758487,48.595826],[-0.757245,48.595579],[-0.757032,48.596474],[-0.756046,48.596808],[-0.755744,48.597055],[-0.75602,48.59809],[-0.755636,48.598066],[-0.755094,48.598299],[-0.754718,48.598125],[-0.754236,48.598598],[-0.754366,48.598852],[-0.754031,48.599115],[-0.753747,48.59908],[-0.752807,48.599532],[-0.752551,48.600825],[-0.751719,48.601863],[-0.751853,48.604355],[-0.751356,48.605615],[-0.751466,48.607122],[-0.750851,48.608254],[-0.750717,48.609014],[-0.750637,48.611619],[-0.751062,48.612581],[-0.751089,48.613903],[-0.752057,48.614695],[-0.752518,48.616159],[-0.752463,48.617592],[-0.751658,48.618559],[-0.752421,48.618658],[-0.75362,48.618475],[-0.753468,48.61926],[-0.752907,48.620236],[-0.753116,48.621166],[-0.752805,48.622213],[-0.75274,48.622329],[-0.750386,48.622356],[-0.74769,48.622195],[-0.741511,48.621003],[-0.738387,48.622409],[-0.739462,48.623702],[-0.739261,48.62387],[-0.740025,48.624345],[-0.742393,48.627518],[-0.74349,48.627767],[-0.746861,48.627936],[-0.748804,48.628185],[-0.755282,48.629444],[-0.756648,48.629915],[-0.763096,48.631373],[-0.762991,48.631653],[-0.762565,48.631895],[-0.763195,48.632447],[-0.7633,48.633132],[-0.764107,48.633831],[-0.764244,48.634387],[-0.763576,48.635149],[-0.762968,48.635183],[-0.76244,48.636435],[-0.762424,48.636835],[-0.762637,48.637016],[-0.762301,48.637122],[-0.763142,48.638448],[-0.763675,48.63862],[-0.764095,48.639059],[-0.76428,48.639552],[-0.763836,48.639804],[-0.764458,48.639968],[-0.764695,48.640263],[-0.764498,48.640358],[-0.765162,48.641198],[-0.765385,48.641363],[-0.765484,48.641276],[-0.766162,48.641982],[-0.766095,48.6421],[-0.769271,48.643912],[-0.769384,48.644312],[-0.769703,48.644306],[-0.770026,48.64592],[-0.770776,48.647634],[-0.77046,48.649067],[-0.772693,48.653667],[-0.773068,48.657886],[-0.771413,48.658596],[-0.771215,48.658942],[-0.770365,48.659537],[-0.76903,48.65999],[-0.7662,48.661457],[-0.765943,48.66216],[-0.766204,48.662495],[-0.762969,48.66269],[-0.762056,48.662868],[-0.760683,48.663576],[-0.760394,48.663985],[-0.759699,48.664265],[-0.759635,48.664993],[-0.758176,48.668972],[-0.759506,48.670616],[-0.75866,48.671738],[-0.757317,48.672676],[-0.757581,48.673023],[-0.756943,48.673557],[-0.754418,48.674548],[-0.75463,48.67385],[-0.754274,48.673909],[-0.752379,48.674803],[-0.751768,48.67494],[-0.751254,48.675365],[-0.750347,48.675527],[-0.74952,48.675973],[-0.749041,48.675913],[-0.748404,48.676104],[-0.746529,48.676264],[-0.746005,48.676184],[-0.745427,48.676375],[-0.74508,48.677183],[-0.745096,48.677674],[-0.745281,48.677771],[-0.744858,48.678816],[-0.744897,48.679884],[-0.744573,48.680414],[-0.743842,48.680534],[-0.743388,48.680893],[-0.74275,48.681065],[-0.742023,48.680899],[-0.741763,48.681031],[-0.740826,48.681029],[-0.740299,48.680486],[-0.73901,48.679864],[-0.736634,48.679587],[-0.735765,48.678699],[-0.735595,48.678338],[-0.735969,48.678104],[-0.735615,48.677528],[-0.735469,48.676102],[-0.734906,48.675966],[-0.735263,48.675712],[-0.734757,48.675399],[-0.73422,48.675424],[-0.734273,48.67508],[-0.734075,48.674916],[-0.733381,48.675048],[-0.732843,48.674074],[-0.73314,48.6738],[-0.732872,48.673447],[-0.733267,48.673159],[-0.732805,48.672937],[-0.732958,48.672594],[-0.73249,48.672314],[-0.732467,48.672123],[-0.733165,48.671989],[-0.733507,48.671466],[-0.733277,48.670861],[-0.73283,48.670696],[-0.731959,48.669512],[-0.731437,48.669367],[-0.730904,48.669562],[-0.73036,48.669531],[-0.730961,48.668758],[-0.730469,48.668437],[-0.729995,48.668402],[-0.729892,48.668631],[-0.729638,48.668621],[-0.729466,48.66835],[-0.728713,48.668308],[-0.728203,48.668077],[-0.728115,48.667693],[-0.728486,48.667638],[-0.728526,48.667494],[-0.728319,48.667438],[-0.728348,48.667129],[-0.727823,48.667173],[-0.727742,48.667066],[-0.728099,48.666737],[-0.727689,48.666798],[-0.72728,48.666512],[-0.727319,48.666123],[-0.726975,48.666234],[-0.72679,48.666124],[-0.727295,48.665845],[-0.727259,48.665726],[-0.726827,48.665714],[-0.726363,48.665357],[-0.725436,48.665418],[-0.725413,48.664978],[-0.724847,48.665103],[-0.724678,48.664641],[-0.724054,48.664393],[-0.724111,48.66398],[-0.723618,48.66409],[-0.723084,48.663731],[-0.722765,48.663781],[-0.72258,48.663471],[-0.722122,48.663594],[-0.721982,48.663454],[-0.72212,48.662949],[-0.721747,48.662695],[-0.721289,48.66264],[-0.720293,48.661785],[-0.720199,48.662335],[-0.719938,48.662494],[-0.718215,48.662657],[-0.717269,48.662475],[-0.715945,48.663161],[-0.715606,48.665652],[-0.716188,48.666467],[-0.716319,48.668272],[-0.71612,48.668539],[-0.715262,48.668901],[-0.714972,48.670288],[-0.713751,48.670796],[-0.712465,48.670594],[-0.711482,48.670708],[-0.711052,48.670931],[-0.710649,48.671474],[-0.710503,48.671912],[-0.710717,48.674158],[-0.71118,48.67469],[-0.711062,48.675624],[-0.711808,48.676582],[-0.711447,48.67716],[-0.709851,48.677876],[-0.709466,48.678335],[-0.70973,48.678648],[-0.71022,48.680871],[-0.710767,48.68154],[-0.708399,48.68301],[-0.707417,48.684447],[-0.706109,48.68555],[-0.705257,48.685977],[-0.702509,48.686717],[-0.701661,48.687126],[-0.701048,48.689029],[-0.70159,48.689558],[-0.702697,48.690116],[-0.703617,48.691104],[-0.702545,48.691762],[-0.699379,48.692446],[-0.698714,48.69168],[-0.695226,48.690763],[-0.693324,48.690776],[-0.692246,48.690939],[-0.692231,48.690669],[-0.689493,48.691236],[-0.68906,48.690457],[-0.689414,48.689747],[-0.688972,48.689324],[-0.689046,48.688687],[-0.689316,48.688465],[-0.68861,48.688147],[-0.688065,48.688303],[-0.687394,48.687796],[-0.687012,48.688041],[-0.6866,48.687535],[-0.684208,48.686714],[-0.681822,48.685254],[-0.680743,48.685552],[-0.680339,48.685517],[-0.679225,48.686082],[-0.677418,48.686112],[-0.67722,48.686492],[-0.675058,48.686387],[-0.675067,48.686014],[-0.673675,48.686098],[-0.672195,48.685927],[-0.671947,48.686153],[-0.671532,48.686059],[-0.6711,48.685531],[-0.670651,48.685833],[-0.670108,48.685412],[-0.669602,48.685583],[-0.66918,48.685457],[-0.668928,48.685646],[-0.668414,48.685142],[-0.668142,48.68506],[-0.667765,48.685273],[-0.666742,48.684624],[-0.666219,48.684719],[-0.666148,48.684494],[-0.665025,48.684688],[-0.661455,48.682842],[-0.660748,48.683119],[-0.660252,48.683125],[-0.660296,48.683427],[-0.659832,48.683413],[-0.658295,48.68319],[-0.656863,48.682728],[-0.656793,48.682552],[-0.656081,48.682442],[-0.655325,48.681685],[-0.655332,48.681392],[-0.654557,48.680379],[-0.654414,48.679779],[-0.653821,48.679461],[-0.65271,48.679637],[-0.651351,48.680468],[-0.650505,48.680765],[-0.649092,48.680598],[-0.647647,48.680631],[-0.646001,48.681256],[-0.642962,48.682971],[-0.64302,48.683259],[-0.641684,48.684647],[-0.641411,48.684673],[-0.640979,48.6844],[-0.640076,48.684567],[-0.639485,48.684222],[-0.638695,48.684102],[-0.638382,48.683713],[-0.637899,48.683719],[-0.63725,48.683066],[-0.637415,48.682852],[-0.637279,48.682712],[-0.636729,48.682548],[-0.636077,48.68257],[-0.635926,48.682213],[-0.636405,48.681933],[-0.634514,48.680514],[-0.633814,48.679688],[-0.632805,48.679707],[-0.631457,48.679062],[-0.629363,48.678876],[-0.628505,48.67832],[-0.628569,48.677965],[-0.628331,48.677745],[-0.627847,48.67779],[-0.62725,48.677298],[-0.626491,48.677228],[-0.625399,48.676599],[-0.624715,48.676441],[-0.624665,48.676195],[-0.624236,48.676181],[-0.624105,48.675587],[-0.623696,48.67565],[-0.623242,48.675145],[-0.622328,48.675116],[-0.621944,48.674877],[-0.621336,48.67493],[-0.620938,48.674694],[-0.620157,48.674731],[-0.619621,48.674099],[-0.618867,48.673905],[-0.618294,48.673543],[-0.617021,48.673577],[-0.616513,48.673444],[-0.615826,48.672971],[-0.615083,48.673155],[-0.614327,48.672914],[-0.614046,48.672692],[-0.614288,48.672328],[-0.613691,48.672191],[-0.61368,48.67172],[-0.612254,48.671664],[-0.611373,48.671136],[-0.611144,48.670779],[-0.610652,48.670686],[-0.610369,48.670414],[-0.609766,48.670375],[-0.609251,48.670061],[-0.609066,48.669816],[-0.609444,48.669736],[-0.609435,48.66939],[-0.609027,48.669228],[-0.609036,48.669048],[-0.6083,48.669038],[-0.607705,48.668384],[-0.606381,48.667892],[-0.605267,48.667808],[-0.605231,48.667571],[-0.604648,48.667253],[-0.603629,48.667261],[-0.603137,48.667081],[-0.602199,48.665843],[-0.602221,48.665553],[-0.601703,48.665269],[-0.601628,48.664866],[-0.600931,48.664653],[-0.600923,48.664446],[-0.600527,48.66437],[-0.60046,48.664153],[-0.599853,48.6641],[-0.59848,48.664437],[-0.597448,48.664102],[-0.596036,48.663365],[-0.595148,48.663145],[-0.594978,48.662334],[-0.594534,48.662034],[-0.595026,48.661546],[-0.59469,48.660506],[-0.594979,48.660115],[-0.594824,48.65946],[-0.595249,48.659224],[-0.59411,48.658748],[-0.593933,48.657995],[-0.593336,48.658105],[-0.592541,48.657631],[-0.591987,48.657625],[-0.591774,48.657282],[-0.591133,48.656992],[-0.591048,48.656656],[-0.590604,48.656577],[-0.590718,48.656082],[-0.59011,48.656021],[-0.590259,48.655783],[-0.589696,48.655713],[-0.589813,48.655072],[-0.590222,48.654652],[-0.589772,48.654256],[-0.590367,48.653963],[-0.590394,48.653717],[-0.590151,48.653598],[-0.589594,48.65381],[-0.589357,48.653742],[-0.589281,48.65273],[-0.587548,48.652025],[-0.586623,48.651938],[-0.586106,48.651653],[-0.585446,48.651602],[-0.584987,48.651281],[-0.583918,48.651172],[-0.583578,48.650849],[-0.582932,48.650627],[-0.580819,48.650491],[-0.580523,48.650261],[-0.58006,48.649274],[-0.57948,48.648756],[-0.579556,48.647858],[-0.57841,48.646442],[-0.577719,48.645958],[-0.577942,48.645333],[-0.57768,48.64447],[-0.578902,48.643744],[-0.579483,48.642346],[-0.580042,48.642416],[-0.581743,48.643191],[-0.582006,48.643239],[-0.582448,48.643007],[-0.584068,48.643212],[-0.584676,48.642136],[-0.584629,48.64171],[-0.585856,48.641017],[-0.586189,48.640406],[-0.585845,48.639819],[-0.586013,48.639239],[-0.584935,48.639011],[-0.584154,48.637534],[-0.582994,48.636935],[-0.581784,48.636643],[-0.581286,48.63686],[-0.580694,48.636784],[-0.579573,48.63642],[-0.578188,48.636191],[-0.577326,48.635474],[-0.574727,48.634763],[-0.574809,48.634169],[-0.574202,48.63233],[-0.572325,48.631352],[-0.571912,48.630173],[-0.571338,48.62962],[-0.570737,48.628419],[-0.566091,48.628692],[-0.563866,48.628233],[-0.561649,48.624777],[-0.559597,48.623692],[-0.559207,48.623631],[-0.553788,48.623554],[-0.553636,48.623234],[-0.552836,48.623021],[-0.552786,48.622332],[-0.552314,48.621815],[-0.55078,48.620527],[-0.549137,48.619689],[-0.548907,48.619351],[-0.54819,48.620652],[-0.546938,48.621735],[-0.546331,48.621972],[-0.545653,48.622775],[-0.543701,48.622588],[-0.54264,48.623706],[-0.542054,48.623946],[-0.540947,48.623949],[-0.539129,48.622758],[-0.538936,48.62227],[-0.537536,48.622398],[-0.5371,48.622266],[-0.537297,48.623463],[-0.53768,48.623742],[-0.537926,48.62484],[-0.537813,48.625209],[-0.53675,48.626361],[-0.536609,48.626826],[-0.537769,48.629389],[-0.537527,48.629599],[-0.537552,48.630609],[-0.5366,48.631614],[-0.535726,48.63125],[-0.534427,48.631486],[-0.534079,48.631223],[-0.532938,48.631497],[-0.531435,48.631531],[-0.530698,48.631386],[-0.53025,48.630799],[-0.527984,48.630718],[-0.527006,48.63024],[-0.526628,48.630455],[-0.525732,48.632093],[-0.525742,48.632273],[-0.526388,48.632307],[-0.525834,48.634292],[-0.526089,48.634925],[-0.525824,48.637424],[-0.525142,48.639201],[-0.521205,48.639077],[-0.520759,48.639241],[-0.520307,48.641196],[-0.519769,48.641789],[-0.519776,48.642922],[-0.519165,48.641595],[-0.51859,48.641211],[-0.516669,48.640704],[-0.473247,48.610135],[-0.466544,48.604383],[-0.489863,48.587978],[-0.489826,48.587845],[-0.464349,48.586517],[-0.461557,48.586206],[-0.461498,48.586345],[-0.460938,48.586357],[-0.440624,48.585272],[-0.441114,48.584486],[-0.442657,48.584144],[-0.443054,48.583416],[-0.444054,48.582583],[-0.451729,48.577158],[-0.460859,48.570256],[-0.463015,48.571182],[-0.463419,48.571127],[-0.463732,48.570895],[-0.464558,48.570876],[-0.465863,48.571204],[-0.467021,48.571312],[-0.467924,48.57174],[-0.469079,48.571942],[-0.46964,48.571758],[-0.469773,48.572019],[-0.470205,48.572059],[-0.471894,48.572772],[-0.464135,48.565296],[-0.446184,48.561188],[-0.441126,48.561184],[-0.440365,48.558759],[-0.439967,48.556566],[-0.441087,48.554758],[-0.440566,48.554292],[-0.440614,48.553391],[-0.441103,48.552055],[-0.44244,48.550394],[-0.44242,48.550224],[-0.44174,48.549898],[-0.441923,48.548865],[-0.44581,48.542845],[-0.445526,48.542677],[-0.444271,48.542533],[-0.44262,48.54257],[-0.442052,48.540934],[-0.442986,48.532658],[-0.442682,48.531236],[-0.442944,48.530579],[-0.442848,48.529711],[-0.443517,48.525953],[-0.443914,48.524688],[-0.443638,48.522007],[-0.44407,48.520743],[-0.439566,48.520155],[-0.438625,48.521759],[-0.436878,48.521349],[-0.435865,48.521918],[-0.436596,48.519668],[-0.434275,48.519525],[-0.430435,48.518788],[-0.427378,48.518974],[-0.423515,48.518485],[-0.421189,48.518402],[-0.418826,48.517856],[-0.418585,48.517991],[-0.417982,48.516111],[-0.416111,48.514391],[-0.415975,48.513825],[-0.416116,48.513623],[-0.415722,48.513136],[-0.414767,48.513173],[-0.41392,48.513513],[-0.412585,48.513419],[-0.411692,48.514057],[-0.410467,48.514325],[-0.410055,48.514707],[-0.408255,48.515277],[-0.401422,48.525432],[-0.390961,48.521388],[-0.385415,48.519725],[-0.385884,48.519437],[-0.386382,48.518426],[-0.387318,48.517368],[-0.389982,48.516201],[-0.390838,48.515133],[-0.393472,48.514641],[-0.393835,48.514344],[-0.39403,48.513684],[-0.395221,48.512912],[-0.395969,48.512829],[-0.397148,48.511829],[-0.397555,48.510684],[-0.398573,48.510625],[-0.399181,48.510367],[-0.399172,48.510008],[-0.398583,48.509788],[-0.398319,48.509422],[-0.398143,48.508873],[-0.398291,48.508626],[-0.401408,48.508297],[-0.402329,48.507855],[-0.404262,48.510754],[-0.405579,48.512308],[-0.40592,48.512341],[-0.406501,48.512852],[-0.407623,48.512337],[-0.408846,48.512347],[-0.409347,48.512098],[-0.410702,48.51237],[-0.410811,48.512866],[-0.412152,48.512577],[-0.413202,48.513045],[-0.413596,48.512904],[-0.413629,48.512618],[-0.41394,48.512566],[-0.414203,48.513022],[-0.414906,48.51269],[-0.415297,48.51308],[-0.422079,48.510946],[-0.425004,48.50959],[-0.425669,48.509472],[-0.42651,48.50977],[-0.427943,48.510017],[-0.429609,48.511133],[-0.431045,48.511404],[-0.432304,48.511422],[-0.432393,48.511698],[-0.431617,48.512224],[-0.43163,48.512512],[-0.43384,48.513742],[-0.436263,48.51348],[-0.437879,48.511906],[-0.438733,48.51167],[-0.440157,48.512301],[-0.443248,48.513248],[-0.443914,48.513738],[-0.44504,48.515075],[-0.446179,48.515361],[-0.447738,48.515333],[-0.449953,48.513336],[-0.45076,48.512852],[-0.451648,48.512743],[-0.453433,48.513001],[-0.454933,48.512554],[-0.454601,48.517842],[-0.45581,48.518611],[-0.460187,48.519927],[-0.465579,48.523425],[-0.468368,48.522816],[-0.473174,48.517341],[-0.470749,48.511104],[-0.481226,48.516647],[-0.483535,48.516904],[-0.485576,48.517786],[-0.489718,48.516366],[-0.508478,48.508296],[-0.509456,48.508876],[-0.508817,48.509047],[-0.508706,48.509493],[-0.509903,48.509392],[-0.510782,48.50961],[-0.511679,48.509566],[-0.512914,48.510289],[-0.513681,48.5102],[-0.513965,48.510957],[-0.513705,48.51121],[-0.513798,48.511386],[-0.514371,48.511415],[-0.514627,48.511095],[-0.514835,48.511429],[-0.515064,48.511466],[-0.514909,48.511673],[-0.51498,48.512342],[-0.515573,48.512735],[-0.514861,48.513448],[-0.515106,48.514153],[-0.51562,48.514665],[-0.514874,48.51609],[-0.514212,48.516381],[-0.513273,48.517266],[-0.520045,48.519101],[-0.521302,48.529437],[-0.522853,48.537144],[-0.523525,48.539142],[-0.526382,48.543529]],[[-0.449513,48.51604],[-0.449455,48.51807],[-0.449911,48.518208],[-0.452664,48.518128],[-0.453632,48.51797],[-0.450177,48.515789],[-0.449883,48.515722],[-0.449513,48.51604]]]}},{"type":"Feature","properties":{"uai_primary":"0611022E","uai_all":"0611022E","is_merged":false},"geometry":{"type":"Polygon","coordinates":[[[-0.022911,48.74234],[-0.02274,48.742265],[-0.022911,48.74234]],[[-0.016254,48.744105],[-0.016125,48.744291],[-0.015658,48.744399],[-0.015191,48.744186],[-0.015199,48.743619],[-0.016254,48.744105]],[[-0.015185,48.744815],[-0.015002,48.74486],[-0.014296,48.744544],[-0.015258,48.744654],[-0.015185,48.744815]],[[-0.012698,48.745665],[-0.012301,48.74529],[-0.012686,48.7449],[-0.012856,48.744815],[-0.013403,48.745061],[-0.013838,48.745057],[-0.013534,48.745774],[-0.012698,48.745665]],[[0.005063,48.727209],[0.002201,48.727097],[0.001913,48.727287],[0.001706,48.727834],[0.000707,48.728595],[0.00033,48.729312],[-0.001403,48.73009],[-0.001697,48.730395],[-0.00148,48.730764],[-0.002332,48.731341],[-0.003307,48.73284],[-0.004123,48.733395],[-0.005084,48.733667],[-0.004096,48.735476],[-0.004304,48.735485],[-0.006012,48.736864],[-0.007579,48.737623],[-0.00819,48.738576],[-0.008376,48.739698],[-0.00867,48.739844],[-0.008747,48.740112],[-0.009624,48.740166],[-0.009429,48.740689],[-0.01058,48.740789],[-0.010645,48.741374],[-0.011045,48.741675],[-0.010874,48.741731],[-0.010304,48.741457],[-0.009077,48.741214],[-0.008963,48.740811],[-0.008666,48.740609],[-0.007566,48.741329],[-0.007414,48.741999],[-0.006963,48.742168],[-0.007315,48.74226],[-0.007539,48.742543],[-0.006936,48.742694],[-0.00687,48.742958],[-0.007464,48.743139],[-0.008051,48.742896],[-0.008351,48.743292],[-0.009137,48.742945],[-0.009493,48.743022],[-0.009856,48.742811],[-0.0109,48.742715],[-0.010963,48.743088],[-0.009822,48.743709],[-0.00969,48.744099],[-0.009129,48.743956],[-0.008956,48.744513],[-0.007588,48.744944],[-0.007413,48.74518],[-0.007945,48.745806],[-0.007684,48.746201],[-0.008243,48.74643],[-0.008384,48.746721],[-0.008128,48.747002],[-0.008957,48.747196],[-0.008533,48.747859],[-0.008714,48.747986],[-0.008856,48.747876],[-0.009378,48.747967],[-0.009362,48.748204],[-0.008925,48.748451],[-0.009102,48.74888],[-0.009512,48.748851],[-0.009888,48.749034],[-0.010615,48.748591],[-0.010231,48.748227],[-0.010275,48.748011],[-0.011534,48.748223],[-0.012557,48.748692],[-0.013604,48.748537],[-0.01403,48.748766],[-0.014308,48.748643],[-0.014087,48.748324],[-0.014268,48.747915],[-0.013671,48.746771],[-0.01506,48.746106],[-0.01648,48.746033],[-0.016586,48.745574],[-0.017177,48.745825],[-0.01706,48.746415],[-0.017451,48.746866],[-0.018769,48.746322],[-0.019014,48.745774],[-0.01894,48.745364],[-0.018562,48.745348],[-0.017797,48.745701],[-0.017201,48.745682],[-0.017433,48.745292],[-0.018045,48.745112],[-0.018462,48.745244],[-0.01848,48.744928],[-0.019183,48.744878],[-0.019217,48.744646],[-0.0183,48.744413],[-0.018161,48.744171],[-0.018346,48.743927],[-0.019017,48.744036],[-0.019303,48.744566],[-0.019642,48.744551],[-0.019838,48.744382],[-0.020071,48.744441],[-0.020384,48.74394],[-0.021241,48.743531],[-0.022066,48.743555],[-0.022142,48.743067],[-0.022942,48.742802],[-0.023175,48.742277],[-0.023902,48.742646],[-0.023703,48.742907],[-0.023852,48.743001],[-0.02397,48.742857],[-0.024035,48.743168],[-0.024331,48.743352],[-0.024779,48.743088],[-0.024414,48.742779],[-0.024896,48.742455],[-0.024738,48.74201],[-0.025363,48.741791],[-0.025977,48.742231],[-0.028234,48.742808],[-0.028989,48.742782],[-0.030987,48.743825],[-0.033525,48.742726],[-0.034426,48.741485],[-0.040786,48.737861],[-0.041274,48.737627],[-0.045503,48.736844],[-0.047239,48.739968],[-0.043453,48.740984],[-0.046744,48.744115],[-0.047938,48.746495],[-0.046978,48.749109],[-0.046566,48.751817],[-0.045029,48.753871],[-0.040278,48.756641],[-0.036284,48.758598],[-0.040327,48.761729],[-0.04006,48.762496],[-0.038611,48.763024],[-0.04274,48.767144],[-0.042077,48.767518],[-0.04265,48.768136],[-0.043191,48.76808],[-0.044149,48.76884],[-0.043192,48.769383],[-0.044331,48.770394],[-0.044578,48.770779],[-0.044152,48.770938],[-0.045447,48.772485],[-0.045942,48.772664],[-0.046005,48.771699],[-0.046333,48.771126],[-0.046505,48.77095],[-0.047097,48.771193],[-0.048208,48.769542],[-0.048483,48.769634],[-0.051473,48.766602],[-0.051873,48.766405],[-0.050921,48.765721],[-0.052371,48.76405],[-0.053508,48.763428],[-0.056616,48.762904],[-0.059159,48.763334],[-0.06183,48.763299],[-0.062547,48.763172],[-0.063726,48.762106],[-0.06511,48.761221],[-0.06578,48.760138],[-0.066736,48.760341],[-0.068839,48.76115],[-0.067148,48.763712],[-0.0682,48.764411],[-0.068542,48.764449],[-0.069673,48.763922],[-0.069318,48.763436],[-0.070049,48.763195],[-0.070795,48.76318],[-0.071359,48.763355],[-0.070966,48.763941],[-0.072218,48.765289],[-0.074981,48.765433],[-0.076533,48.765206],[-0.07803,48.765192],[-0.078741,48.764541],[-0.078996,48.763811],[-0.080455,48.7632],[-0.088842,48.760772],[-0.099993,48.757837],[-0.100958,48.759616],[-0.099452,48.760934],[-0.099485,48.76122],[-0.103311,48.764713],[-0.101921,48.765306],[-0.10234,48.766122],[-0.096941,48.766407],[-0.096475,48.766641],[-0.09742,48.767655],[-0.095858,48.768363],[-0.097407,48.769921],[-0.097976,48.770791],[-0.098954,48.771356],[-0.100606,48.771771],[-0.100763,48.773387],[-0.103208,48.773292],[-0.103622,48.776296],[-0.105135,48.77667],[-0.108906,48.777145],[-0.109442,48.779092],[-0.114192,48.780205],[-0.114373,48.779976],[-0.115481,48.780177],[-0.115385,48.780532],[-0.118514,48.781352],[-0.118763,48.781146],[-0.122133,48.782154],[-0.124152,48.782599],[-0.123856,48.782847],[-0.123485,48.782756],[-0.123192,48.783027],[-0.123198,48.783686],[-0.12179,48.785894],[-0.121845,48.786129],[-0.122092,48.786206],[-0.122915,48.788618],[-0.121524,48.791475],[-0.121601,48.793013],[-0.120254,48.793389],[-0.121298,48.795032],[-0.119422,48.795332],[-0.119537,48.797416],[-0.120314,48.797424],[-0.12033,48.797761],[-0.116212,48.797677],[-0.104205,48.79676],[-0.093345,48.795388],[-0.091842,48.795105],[-0.090157,48.794558],[-0.089795,48.794804],[-0.089061,48.794605],[-0.085501,48.794403],[-0.085642,48.795152],[-0.085108,48.79511],[-0.084529,48.796855],[-0.084131,48.796864],[-0.083823,48.797545],[-0.082264,48.796228],[-0.081788,48.796237],[-0.080461,48.7955],[-0.076584,48.798465],[-0.075413,48.798174],[-0.073789,48.799826],[-0.074415,48.800127],[-0.073829,48.800704],[-0.072659,48.800433],[-0.072118,48.800498],[-0.071659,48.800867],[-0.071295,48.801454],[-0.071389,48.801878],[-0.070332,48.803783],[-0.066902,48.807391],[-0.065591,48.810039],[-0.064988,48.810574],[-0.063128,48.810683],[-0.057452,48.809316],[-0.054041,48.808164],[-0.055565,48.802989],[-0.054579,48.802974],[-0.053255,48.802151],[-0.052304,48.801221],[-0.048321,48.800101],[-0.045235,48.79974],[-0.043173,48.798765],[-0.041666,48.797706],[-0.039779,48.796969],[-0.038451,48.796046],[-0.037427,48.794908],[-0.037079,48.793856],[-0.037092,48.791979],[-0.034071,48.791928],[-0.031576,48.791172],[-0.031539,48.790993],[-0.030423,48.790963],[-0.029459,48.791359],[-0.029181,48.791647],[-0.028913,48.793633],[-0.028643,48.793979],[-0.025009,48.79361],[-0.024457,48.793442],[-0.023266,48.792701],[-0.022523,48.792806],[-0.02064,48.793293],[-0.019551,48.793315],[-0.019356,48.793498],[-0.01928,48.794848],[-0.018848,48.795801],[-0.01741,48.795605],[-0.016781,48.795258],[-0.015694,48.795288],[-0.014121,48.795094],[-0.013424,48.796314],[-0.011549,48.795925],[-0.011429,48.79555],[-0.008612,48.794755],[-0.009163,48.793843],[-0.008668,48.793665],[-0.008526,48.793231],[-0.007238,48.792696],[-0.006387,48.792685],[-0.00576,48.792184],[-0.005037,48.792025],[-0.003582,48.791382],[-0.002774,48.791281],[-0.000776,48.79143],[0.000376,48.792332],[0.001332,48.79226],[0.002228,48.792008],[0.00259,48.791521],[0.002614,48.790982],[0.002058,48.790676],[0.000485,48.790685],[0.001713,48.790168],[0.002351,48.789255],[0.002783,48.790266],[0.003713,48.790778],[0.004077,48.790598],[0.004252,48.790659],[0.004767,48.78995],[0.005842,48.789583],[0.006256,48.788872],[0.007269,48.788467],[0.008976,48.788792],[0.009175,48.78769],[0.009771,48.787272],[0.011843,48.786722],[0.012025,48.786275],[0.012694,48.785938],[0.012313,48.785199],[0.012315,48.784706],[0.01296,48.78392],[0.0136,48.783462],[0.016594,48.78375],[0.018205,48.783573],[0.018651,48.783281],[0.021594,48.7826],[0.022795,48.781995],[0.025276,48.786947],[0.027137,48.78697],[0.030333,48.786046],[0.029781,48.785101],[0.030094,48.784163],[0.030572,48.784127],[0.031496,48.78525],[0.032108,48.785138],[0.032112,48.784697],[0.032461,48.784479],[0.033924,48.784013],[0.034156,48.783388],[0.034938,48.782638],[0.035036,48.781966],[0.035381,48.781838],[0.03676,48.781618],[0.039127,48.781515],[0.039579,48.782287],[0.03987,48.783417],[0.039525,48.78367],[0.039744,48.783837],[0.039828,48.784361],[0.047677,48.783039],[0.052167,48.778335],[0.058248,48.769971],[0.059521,48.768836],[0.066634,48.770457],[0.07275,48.772519],[0.075451,48.779856],[0.060577,48.787921],[0.056106,48.793186],[0.053536,48.796628],[0.055392,48.798],[0.05692,48.798246],[0.05853,48.800743],[0.058637,48.801398],[0.060738,48.804171],[0.063268,48.806736],[0.063099,48.806811],[0.064683,48.808713],[0.068882,48.813436],[0.080111,48.806173],[0.086243,48.798178],[0.091136,48.790105],[0.09818,48.789821],[0.100283,48.789506],[0.102522,48.788339],[0.104931,48.786768],[0.108102,48.785133],[0.109917,48.783964],[0.120727,48.778129],[0.12592,48.774949],[0.128821,48.774083],[0.131364,48.773853],[0.139581,48.786425],[0.139116,48.792711],[0.165756,48.812812],[0.176973,48.8167],[0.201579,48.814132],[0.211788,48.814964],[0.210613,48.811879],[0.211455,48.811634],[0.20942,48.808974],[0.209532,48.808439],[0.208959,48.807986],[0.209488,48.807577],[0.208921,48.80723],[0.210625,48.805301],[0.210674,48.804536],[0.209898,48.804212],[0.209727,48.80365],[0.210063,48.800848],[0.210537,48.800515],[0.209759,48.79926],[0.210764,48.798724],[0.217219,48.793986],[0.22247,48.788183],[0.223404,48.78764],[0.225589,48.787069],[0.22943,48.786808],[0.230494,48.786982],[0.232894,48.787749],[0.235659,48.788304],[0.236623,48.788285],[0.238535,48.78765],[0.241711,48.785633],[0.247306,48.783726],[0.248259,48.783517],[0.249248,48.78349],[0.24931,48.78331],[0.2505,48.782719],[0.252569,48.782219],[0.254666,48.780935],[0.254259,48.779867],[0.254801,48.77918],[0.255974,48.776885],[0.256219,48.774885],[0.256704,48.773566],[0.256674,48.772473],[0.256259,48.771525],[0.256052,48.770143],[0.198963,48.769489],[0.187932,48.769542],[0.185575,48.769668],[0.1719,48.768463],[0.160652,48.767963],[0.145394,48.761073],[0.145476,48.755708],[0.145842,48.755258],[0.146163,48.751499],[0.147801,48.75143],[0.148068,48.75093],[0.148845,48.750761],[0.149097,48.750223],[0.149646,48.74995],[0.15126,48.749724],[0.151138,48.750706],[0.151869,48.751352],[0.152343,48.752534],[0.152955,48.752902],[0.153702,48.753091],[0.153864,48.753744],[0.155596,48.753769],[0.154996,48.754862],[0.157075,48.75548],[0.158658,48.75519],[0.159653,48.756735],[0.160221,48.757295],[0.161401,48.757678],[0.161907,48.757277],[0.161885,48.756865],[0.161375,48.756311],[0.161904,48.754655],[0.16174,48.754281],[0.160775,48.753402],[0.160347,48.752435],[0.162943,48.753184],[0.163342,48.752428],[0.165144,48.751941],[0.16412,48.750954],[0.163775,48.749978],[0.163381,48.749931],[0.163183,48.74919],[0.164008,48.749207],[0.163994,48.748839],[0.165322,48.748976],[0.165716,48.74802],[0.166339,48.74766],[0.166506,48.747381],[0.166803,48.746357],[0.16612,48.744678],[0.164666,48.743176],[0.164435,48.743402],[0.164054,48.743168],[0.163182,48.743452],[0.162087,48.742687],[0.162266,48.742454],[0.161451,48.742044],[0.160984,48.741566],[0.17603,48.741332],[0.184383,48.740603],[0.187236,48.740847],[0.185134,48.739088],[0.18391,48.737333],[0.18104,48.735653],[0.180181,48.734905],[0.178541,48.732365],[0.181773,48.73097],[0.184857,48.730544],[0.186445,48.72968],[0.190223,48.729306],[0.190724,48.7289],[0.190573,48.728412],[0.191686,48.728033],[0.193269,48.726764],[0.194284,48.726283],[0.193603,48.724556],[0.192981,48.723783],[0.192476,48.723399],[0.191838,48.723251],[0.190516,48.722266],[0.190451,48.72074],[0.190204,48.720124],[0.190719,48.719195],[0.190848,48.717525],[0.188723,48.714327],[0.188487,48.713491],[0.18665,48.711884],[0.183472,48.708659],[0.1824,48.709045],[0.18131,48.70714],[0.180327,48.707397],[0.179454,48.706273],[0.178213,48.7061],[0.176975,48.705705],[0.176827,48.705192],[0.176065,48.705208],[0.17558,48.705373],[0.174902,48.705908],[0.174419,48.706043],[0.174274,48.70722],[0.173101,48.706648],[0.171938,48.705904],[0.171704,48.705588],[0.173322,48.704887],[0.170581,48.701337],[0.1709,48.699244],[0.168504,48.695952],[0.168105,48.694466],[0.16655,48.693076],[0.166483,48.691737],[0.165774,48.690748],[0.165649,48.689983],[0.164827,48.689506],[0.164689,48.689195],[0.163372,48.689483],[0.161006,48.688965],[0.159323,48.68745],[0.159581,48.686847],[0.160115,48.686351],[0.16027,48.685575],[0.159841,48.684653],[0.158398,48.682838],[0.158464,48.678895],[0.157936,48.677007],[0.157037,48.676871],[0.156531,48.67697],[0.156157,48.676612],[0.155549,48.676843],[0.155257,48.676515],[0.154789,48.676457],[0.15488,48.676152],[0.154704,48.675892],[0.154233,48.675805],[0.153982,48.675491],[0.15261,48.675441],[0.152356,48.67581],[0.151573,48.676262],[0.150989,48.676167],[0.150893,48.676835],[0.15044,48.677636],[0.15012,48.678008],[0.149325,48.678346],[0.149331,48.678794],[0.148323,48.679069],[0.14833,48.679528],[0.147863,48.679762],[0.14769,48.680063],[0.14607,48.679712],[0.144741,48.680352],[0.144274,48.680329],[0.14423,48.680502],[0.144875,48.680923],[0.144552,48.681211],[0.143907,48.681204],[0.143479,48.680837],[0.14273,48.680822],[0.141933,48.680557],[0.140453,48.680845],[0.139648,48.680807],[0.139261,48.681001],[0.139428,48.681428],[0.136766,48.681814],[0.13625,48.682813],[0.135819,48.682943],[0.135956,48.683825],[0.135676,48.683819],[0.135274,48.684278],[0.13468,48.684558],[0.134103,48.684641],[0.133789,48.685008],[0.133193,48.685007],[0.132222,48.685526],[0.132067,48.685777],[0.131826,48.685812],[0.131332,48.685572],[0.130524,48.686545],[0.129591,48.686612],[0.129338,48.686958],[0.128601,48.686792],[0.128037,48.687007],[0.126846,48.686863],[0.125979,48.687445],[0.124917,48.68704],[0.124417,48.687002],[0.123969,48.686743],[0.123351,48.68693],[0.122723,48.686812],[0.122055,48.687437],[0.12096,48.687944],[0.117329,48.68753],[0.113784,48.687552],[0.113241,48.687837],[0.110313,48.68832],[0.109168,48.688676],[0.106224,48.690015],[0.106038,48.689978],[0.105632,48.689212],[0.105302,48.689427],[0.104622,48.689191],[0.104365,48.68959],[0.103266,48.689966],[0.102456,48.68961],[0.101587,48.689574],[0.101949,48.689065],[0.100881,48.688518],[0.100553,48.688704],[0.100266,48.688612],[0.100256,48.688461],[0.100437,48.687803],[0.100994,48.687518],[0.100897,48.687206],[0.101241,48.687024],[0.101291,48.68669],[0.102148,48.68654],[0.102561,48.685363],[0.100344,48.683387],[0.099373,48.68312],[0.099305,48.682685],[0.100158,48.680946],[0.101519,48.679613],[0.10152,48.679257],[0.100952,48.678962],[0.101281,48.678103],[0.101938,48.677904],[0.102694,48.676982],[0.101263,48.67612],[0.100727,48.675541],[0.10011,48.675496],[0.099315,48.67566],[0.097938,48.675227],[0.097436,48.675217],[0.09676,48.674864],[0.09569,48.675039],[0.095331,48.674761],[0.093874,48.674555],[0.092629,48.674091],[0.09194,48.674035],[0.091597,48.673681],[0.08997,48.673217],[0.088354,48.672219],[0.083978,48.671855],[0.08442,48.66966],[0.083132,48.668222],[0.083335,48.668043],[0.081885,48.66644],[0.080552,48.662273],[0.07893,48.659415],[0.075071,48.660326],[0.072944,48.661242],[0.072159,48.661274],[0.071355,48.661513],[0.069889,48.662184],[0.069881,48.66269],[0.068163,48.663691],[0.067174,48.662773],[0.06549,48.661789],[0.061831,48.660355],[0.060758,48.660136],[0.058874,48.66045],[0.057907,48.66007],[0.057349,48.659623],[0.056214,48.657974],[0.054945,48.657665],[0.053924,48.653546],[0.053337,48.653559],[0.051946,48.651179],[0.050978,48.651423],[0.050577,48.649667],[0.048324,48.646881],[0.040662,48.648976],[0.036889,48.650601],[0.033777,48.651746],[0.032276,48.652479],[0.030642,48.653628],[0.029087,48.654338],[0.02873,48.663958],[0.028606,48.680319],[0.022359,48.68107],[0.017124,48.681948],[0.007243,48.683933],[-0.00085,48.687739],[-0.001044,48.690071],[-9.5e-05,48.690103],[0.003144,48.68887],[0.003236,48.68849],[0.005405,48.687804],[0.006848,48.687092],[0.006088,48.688611],[0.005785,48.691268],[0.005382,48.692698],[0.001372,48.70265],[0.00805,48.703003],[0.00859,48.705555],[0.009735,48.705616],[0.010916,48.708067],[0.010907,48.708247],[0.010599,48.70839],[0.010789,48.709813],[0.013854,48.709204],[0.013909,48.709474],[0.015336,48.709503],[0.015409,48.709368],[0.016703,48.709304],[0.016709,48.710517],[0.020331,48.710554],[0.020352,48.713542],[0.021568,48.715639],[0.022035,48.716898],[0.019445,48.717961],[0.017053,48.71847],[0.015937,48.718884],[0.016817,48.720151],[0.017047,48.7211],[0.016876,48.723066],[0.015748,48.722931],[0.015808,48.723719],[0.015263,48.723683],[0.015002,48.725689],[0.011992,48.725893],[0.011897,48.727744],[0.011624,48.727783],[0.010545,48.727388],[0.009197,48.727331],[0.006631,48.727524],[0.005223,48.726522],[0.004878,48.726552],[0.005063,48.727209]],[[-0.023448,48.742658],[-0.02316,48.742726],[-0.023405,48.742774],[-0.023448,48.742658]],[[-0.018735,48.745115],[-0.018735,48.744994],[-0.018735,48.745115]],[[-0.003672,48.744616],[-0.003285,48.744792],[-0.003219,48.745521],[-0.003596,48.745839],[-0.00376,48.746374],[-0.004044,48.746386],[-0.004453,48.746251],[-0.004674,48.745251],[-0.004387,48.744629],[-0.003829,48.744479],[-0.003672,48.744616]],[[-0.016342,48.747837],[-0.016934,48.747188],[-0.016034,48.747228],[-0.015713,48.747743],[-0.014891,48.748414],[-0.015146,48.748562],[-0.015297,48.748191],[-0.015562,48.748227],[-0.016342,48.747837]],[[0.15284,48.741691],[0.15202,48.74221],[0.150695,48.743525],[0.150164,48.742429],[0.149481,48.741718],[0.15284,48.741691]],[[-0.009116,48.691624],[-0.012794,48.693717],[-0.019218,48.697954],[-0.018393,48.69818],[-0.017788,48.698154],[-0.01701,48.698871],[-0.014268,48.699174],[-0.0126,48.696497],[-0.01024,48.696455],[-0.007742,48.694644],[-0.006461,48.694915],[-0.005539,48.69375],[-0.005571,48.689958],[-0.009116,48.691624]]]}},{"type":"Feature","properties":{"uai_primary":"0611023F","uai_all":"0611023F","is_merged":false},"geometry":{"type":"Polygon","coordinates":[[[-0.060274,48.732421],[-0.060327,48.733571],[-0.060701,48.734299],[-0.060555,48.734629],[-0.059859,48.735049],[-0.06039,48.735429],[-0.060289,48.736012],[-0.060914,48.736705],[-0.061468,48.736853],[-0.062784,48.738081],[-0.063743,48.738324],[-0.063504,48.738746],[-0.064048,48.739314],[-0.064608,48.739364],[-0.065149,48.740002],[-0.065309,48.740845],[-0.065538,48.741069],[-0.065337,48.741804],[-0.06554,48.742145],[-0.065091,48.743042],[-0.064738,48.7433],[-0.064882,48.743575],[-0.064558,48.743965],[-0.06487,48.744293],[-0.064808,48.744539],[-0.06363,48.745279],[-0.062625,48.746552],[-0.06254,48.746939],[-0.065546,48.74752],[-0.067517,48.7476],[-0.067527,48.747824],[-0.070106,48.748116],[-0.070439,48.748803],[-0.077498,48.748249],[-0.099222,48.749391],[-0.099854,48.749342],[-0.099407,48.748542],[-0.101755,48.747667],[-0.10271,48.748647],[-0.104697,48.753578],[-0.105092,48.756594],[-0.104394,48.756689],[-0.104405,48.757303],[-0.099993,48.757837],[-0.088842,48.760772],[-0.080455,48.7632],[-0.078996,48.763811],[-0.078741,48.764541],[-0.07803,48.765192],[-0.076533,48.765206],[-0.074981,48.765433],[-0.072218,48.765289],[-0.070966,48.763941],[-0.071359,48.763355],[-0.070795,48.76318],[-0.070049,48.763195],[-0.069318,48.763436],[-0.069673,48.763922],[-0.068542,48.764449],[-0.0682,48.764411],[-0.067148,48.763712],[-0.068839,48.76115],[-0.066736,48.760341],[-0.06578,48.760138],[-0.06511,48.761221],[-0.063726,48.762106],[-0.062547,48.763172],[-0.06183,48.763299],[-0.059159,48.763334],[-0.056616,48.762904],[-0.053508,48.763428],[-0.052371,48.76405],[-0.050921,48.765721],[-0.051873,48.766405],[-0.051473,48.766602],[-0.048483,48.769634],[-0.048208,48.769542],[-0.047097,48.771193],[-0.046505,48.77095],[-0.046333,48.771126],[-0.046005,48.771699],[-0.045942,48.772664],[-0.045447,48.772485],[-0.044152,48.770938],[-0.044578,48.770779],[-0.044331,48.770394],[-0.043192,48.769383],[-0.044149,48.76884],[-0.043191,48.76808],[-0.04265,48.768136],[-0.042077,48.767518],[-0.04274,48.767144],[-0.038611,48.763024],[-0.04006,48.762496],[-0.040327,48.761729],[-0.036284,48.758598],[-0.040278,48.756641],[-0.045029,48.753871],[-0.046566,48.751817],[-0.046978,48.749109],[-0.047938,48.746495],[-0.046744,48.744115],[-0.043453,48.740984],[-0.047239,48.739968],[-0.045503,48.736844],[-0.041274,48.737627],[-0.040786,48.737861],[-0.034426,48.741485],[-0.033525,48.742726],[-0.030987,48.743825],[-0.028989,48.742782],[-0.028027,48.742838],[-0.024603,48.74365],[-0.024766,48.743938],[-0.025085,48.743887],[-0.025423,48.744073],[-0.025705,48.744606],[-0.025042,48.744643],[-0.024156,48.745227],[-0.023319,48.745226],[-0.022964,48.745783],[-0.022305,48.745558],[-0.022277,48.745749],[-0.02199,48.745799],[-0.022005,48.746151],[-0.021533,48.745884],[-0.021359,48.746474],[-0.021123,48.746641],[-0.021433,48.747148],[-0.021881,48.747173],[-0.022271,48.747725],[-0.022787,48.747928],[-0.02266,48.748605],[-0.02218,48.748779],[-0.020819,48.747906],[-0.020898,48.747566],[-0.020157,48.74711],[-0.019491,48.747183],[-0.019069,48.747621],[-0.017975,48.748007],[-0.017373,48.74812],[-0.017007,48.747776],[-0.017171,48.748461],[-0.01668,48.748797],[-0.016178,48.748625],[-0.015529,48.748804],[-0.01538,48.74942],[-0.016164,48.750083],[-0.015402,48.750607],[-0.014107,48.749732],[-0.014114,48.749536],[-0.014432,48.749341],[-0.014036,48.7491],[-0.012857,48.749521],[-0.012231,48.749052],[-0.011565,48.749088],[-0.011025,48.748669],[-0.010662,48.749177],[-0.010258,48.749164],[-0.009512,48.748851],[-0.009106,48.748882],[-0.009018,48.749062],[-0.009423,48.74936],[-0.008835,48.749228],[-0.007471,48.749914],[-0.008498,48.750561],[-0.008576,48.751254],[-0.008323,48.751828],[-0.00747,48.752119],[-0.00506,48.752267],[-0.005418,48.751109],[-0.007436,48.749908],[-0.007066,48.749314],[-0.006138,48.749338],[-0.005793,48.749135],[-0.005467,48.749161],[-0.001853,48.750098],[-0.001467,48.749301],[-0.001564,48.74898],[-0.003055,48.748974],[-0.003299,48.748441],[-0.003218,48.747988],[-0.004747,48.747727],[-0.006097,48.747799],[-0.007085,48.74865],[-0.008408,48.748918],[-0.009102,48.74888],[-0.008929,48.748505],[-0.008538,48.748579],[-0.008316,48.748459],[-0.008152,48.747512],[-0.007536,48.747355],[-0.008041,48.747002],[-0.007784,48.746824],[-0.007677,48.746044],[-0.007345,48.745949],[-0.007415,48.745428],[-0.006721,48.745219],[-0.006769,48.744981],[-0.007166,48.744739],[-0.007588,48.744944],[-0.008927,48.744526],[-0.009129,48.743956],[-0.00969,48.744099],[-0.009822,48.743709],[-0.010964,48.743041],[-0.0109,48.742715],[-0.009856,48.742811],[-0.009493,48.743022],[-0.009137,48.742945],[-0.008351,48.743292],[-0.008051,48.742896],[-0.007636,48.743046],[-0.007472,48.743208],[-0.007852,48.744121],[-0.00739,48.744655],[-0.006397,48.744141],[-0.005622,48.7444],[-0.004803,48.744212],[-0.004387,48.744629],[-0.004674,48.745251],[-0.004531,48.746099],[-0.004325,48.746318],[-0.00376,48.746374],[-0.003596,48.745839],[-0.003219,48.745521],[-0.003285,48.744792],[-0.003829,48.744479],[-0.003795,48.744316],[-0.003523,48.744084],[-0.002941,48.744081],[-0.002808,48.743886],[-0.002981,48.743335],[-0.00279,48.743129],[-0.003095,48.742738],[-0.002964,48.742352],[-0.00279,48.742119],[-0.002002,48.742131],[-0.001568,48.740017],[-0.001215,48.739929],[-0.001472,48.739509],[-0.002169,48.739443],[-0.002101,48.739198],[-0.00246,48.739333],[-0.003296,48.739063],[-0.002105,48.738459],[-0.002222,48.738251],[-0.003245,48.73813],[-0.003279,48.736968],[-0.005084,48.733667],[-0.004123,48.733395],[-0.003307,48.73284],[-0.002332,48.731341],[-0.00148,48.730764],[-0.001676,48.730343],[-0.001296,48.730006],[0.00033,48.729312],[0.000707,48.728595],[0.001706,48.727834],[0.001913,48.727287],[0.002201,48.727097],[0.005063,48.727209],[0.004878,48.726552],[0.005223,48.726522],[0.006631,48.727524],[0.009197,48.727331],[0.010545,48.727388],[0.011624,48.727783],[0.011897,48.727744],[0.011992,48.725893],[0.015002,48.725689],[0.015263,48.723683],[0.015808,48.723719],[0.015748,48.722931],[0.016876,48.723066],[0.017047,48.7211],[0.016817,48.720151],[0.015937,48.718884],[0.017053,48.71847],[0.019445,48.717961],[0.022035,48.716898],[0.021568,48.715639],[0.020352,48.713542],[0.020331,48.710554],[0.016709,48.710517],[0.016703,48.709304],[0.015409,48.709368],[0.015336,48.709503],[0.013909,48.709474],[0.013854,48.709204],[0.010789,48.709813],[0.010599,48.70839],[0.010907,48.708247],[0.010916,48.708067],[0.009735,48.705616],[0.00859,48.705555],[0.00805,48.703003],[0.001372,48.70265],[0.005382,48.692698],[0.005785,48.691268],[0.006088,48.688611],[0.006848,48.687092],[0.005405,48.687804],[0.003236,48.68849],[0.003144,48.68887],[-9.5e-05,48.690103],[-0.001044,48.690071],[-0.00085,48.687739],[0.007243,48.683933],[0.017124,48.681948],[0.022359,48.68107],[0.028606,48.680319],[0.02873,48.663958],[0.029087,48.654338],[0.026241,48.656059],[0.025561,48.654605],[0.024875,48.652028],[0.024663,48.649617],[0.021404,48.649842],[0.021563,48.648489],[0.020933,48.647629],[0.020833,48.646917],[0.020308,48.647043],[0.019596,48.646275],[0.019152,48.646608],[0.018318,48.644983],[0.016321,48.643204],[0.016703,48.642708],[0.014946,48.641756],[0.014604,48.641013],[0.012295,48.637818],[0.01226,48.627218],[0.012684,48.627121],[0.013617,48.626545],[0.014678,48.62575],[0.014933,48.625331],[0.014712,48.623684],[0.013908,48.622264],[0.011688,48.620293],[0.010292,48.619631],[0.007783,48.619052],[0.000709,48.616016],[-0.000144,48.614946],[-0.001963,48.613744],[-0.002486,48.613083],[-0.001775,48.612342],[-0.001507,48.611376],[-0.00148,48.609487],[-0.001804,48.608643],[-0.004822,48.605083],[-0.007402,48.603622],[-0.007888,48.6032],[-0.007839,48.602748],[-0.007161,48.601864],[-0.008485,48.600953],[-0.009529,48.600674],[-0.00975,48.600473],[-0.009946,48.599805],[-0.00971,48.598382],[-0.011731,48.59622],[-0.012454,48.594964],[-0.015209,48.59355],[-0.01683,48.593317],[-0.017576,48.593051],[-0.019069,48.592982],[-0.020395,48.592417],[-0.022135,48.59231],[-0.023287,48.593506],[-0.023801,48.594395],[-0.024507,48.595011],[-0.027158,48.596666],[-0.028148,48.597546],[-0.028644,48.597707],[-0.029836,48.598582],[-0.030125,48.598982],[-0.029956,48.599749],[-0.028988,48.601473],[-0.026915,48.602999],[-0.026464,48.603058],[-0.024446,48.605569],[-0.024144,48.606051],[-0.024498,48.606783],[-0.024929,48.607071],[-0.025043,48.607528],[-0.026845,48.608332],[-0.02845,48.608843],[-0.030456,48.610009],[-0.031999,48.610386],[-0.033606,48.611661],[-0.034332,48.613004],[-0.035344,48.613774],[-0.035267,48.614192],[-0.036106,48.614795],[-0.036169,48.615702],[-0.035701,48.616407],[-0.035651,48.617402],[-0.035405,48.617798],[-0.035861,48.618655],[-0.035707,48.619209],[-0.036671,48.620347],[-0.037482,48.620777],[-0.037836,48.620711],[-0.040221,48.622821],[-0.039371,48.62327],[-0.038543,48.624254],[-0.039001,48.624585],[-0.039055,48.625256],[-0.039441,48.62609],[-0.040453,48.626227],[-0.041641,48.627236],[-0.041566,48.627662],[-0.043631,48.628572],[-0.043414,48.628781],[-0.043774,48.629343],[-0.04502,48.629734],[-0.045238,48.629542],[-0.046423,48.629901],[-0.04792,48.631077],[-0.048411,48.631856],[-0.049597,48.632494],[-0.049069,48.632947],[-0.049341,48.633417],[-0.046423,48.633113],[-0.045458,48.633988],[-0.043804,48.633951],[-0.043345,48.635168],[-0.042712,48.635832],[-0.042227,48.637269],[-0.04268,48.637655],[-0.042536,48.637933],[-0.044719,48.639186],[-0.04732,48.640312],[-0.048634,48.641843],[-0.047198,48.642697],[-0.045678,48.644055],[-0.049277,48.645104],[-0.046572,48.648386],[-0.046369,48.649726],[-0.047159,48.651537],[-0.048374,48.651684],[-0.063623,48.656734],[-0.064207,48.659357],[-0.064364,48.661533],[-0.066992,48.666002],[-0.068147,48.667576],[-0.06854,48.668646],[-0.068878,48.670464],[-0.068282,48.674792],[-0.069741,48.676396],[-0.069311,48.67715],[-0.068555,48.677613],[-0.069077,48.679874],[-0.068921,48.680478],[-0.069252,48.680732],[-0.069285,48.680991],[-0.068765,48.683197],[-0.069115,48.684847],[-0.068008,48.686931],[-0.0672,48.68755],[-0.067192,48.688778],[-0.066571,48.692738],[-0.065785,48.696194],[-0.067117,48.696279],[-0.065425,48.697403],[-0.064538,48.698225],[-0.06332,48.700402],[-0.061231,48.701802],[-0.062461,48.70284],[-0.060851,48.705092],[-0.0643,48.707172],[-0.064904,48.707698],[-0.064615,48.707928],[-0.066304,48.708537],[-0.066002,48.708918],[-0.066488,48.70916],[-0.067579,48.709263],[-0.067593,48.709578],[-0.070214,48.709558],[-0.070181,48.70865],[-0.073365,48.709506],[-0.074319,48.707499],[-0.075422,48.707734],[-0.076857,48.707706],[-0.077026,48.704826],[-0.081364,48.704807],[-0.082145,48.704493],[-0.08413,48.704101],[-0.083966,48.703465],[-0.089274,48.701046],[-0.095172,48.70488],[-0.100659,48.708047],[-0.101707,48.709607],[-0.093421,48.720958],[-0.094583,48.723873],[-0.092165,48.724431],[-0.090993,48.724984],[-0.090367,48.724934],[-0.089986,48.725061],[-0.088481,48.725872],[-0.087337,48.727567],[-0.086571,48.727996],[-0.084653,48.728298],[-0.083683,48.728213],[-0.083406,48.727877],[-0.081971,48.727975],[-0.080667,48.728731],[-0.080267,48.72939],[-0.079606,48.729554],[-0.079424,48.729839],[-0.078593,48.729871],[-0.078219,48.730287],[-0.077575,48.730508],[-0.076314,48.73045],[-0.075587,48.729639],[-0.074606,48.729455],[-0.073673,48.729647],[-0.072617,48.729204],[-0.071184,48.72908],[-0.071005,48.7287],[-0.069816,48.728113],[-0.068432,48.7282],[-0.068145,48.728877],[-0.067404,48.728862],[-0.065835,48.728426],[-0.064276,48.729003],[-0.06361,48.728317],[-0.063313,48.728283],[-0.063295,48.727991],[-0.062408,48.727983],[-0.060966,48.730774],[-0.059599,48.731516],[-0.059637,48.73184],[-0.060285,48.732251],[-0.060274,48.732421]],[[-0.006461,48.694915],[-0.007742,48.694644],[-0.01024,48.696455],[-0.0126,48.696497],[-0.014268,48.699174],[-0.01701,48.698871],[-0.017788,48.698154],[-0.018393,48.69818],[-0.019218,48.697954],[-0.012794,48.693717],[-0.009116,48.691624],[-0.005571,48.689958],[-0.005539,48.69375],[-0.006461,48.694915]],[[-0.02499,48.741892],[-0.024685,48.74215],[-0.024963,48.742279],[-0.025326,48.742056],[-0.02499,48.741892]],[[-0.005751,48.742671],[-0.005542,48.742474],[-0.004598,48.742791],[-0.004464,48.743342],[-0.004118,48.74363],[-0.004076,48.74391],[-0.004285,48.744074],[-0.004802,48.744208],[-0.00517,48.743862],[-0.005115,48.743608],[-0.006002,48.74324],[-0.005751,48.742671]],[[-0.023034,48.742748],[-0.022142,48.743067],[-0.022066,48.743555],[-0.021241,48.743531],[-0.021015,48.743695],[-0.021875,48.743983],[-0.021996,48.743676],[-0.022978,48.743616],[-0.023423,48.742835],[-0.023034,48.742748]],[[-0.016125,48.744291],[-0.016131,48.743983],[-0.015199,48.743619],[-0.015191,48.744186],[-0.015658,48.744399],[-0.016125,48.744291]],[[-0.01523,48.744744],[-0.015258,48.744654],[-0.014296,48.744544],[-0.015002,48.74486],[-0.01523,48.744744]],[[-0.013534,48.745774],[-0.013848,48.745068],[-0.013403,48.745061],[-0.012856,48.744815],[-0.012301,48.74529],[-0.012722,48.745699],[-0.013534,48.745774]],[[-0.021589,48.745786],[-0.02193,48.745772],[-0.021981,48.74551],[-0.021532,48.74508],[-0.02117,48.745097],[-0.021123,48.74537],[-0.021589,48.745786]]]}},{"type":"Feature","properties":{"uai_primary":"0611024G","uai_all":"0611024G","is_merged":false},"geometry":{"type":"Polygon","coordinates":[[[-0.392201,48.690072],[-0.389402,48.691186],[-0.390477,48.705823],[-0.391208,48.707352],[-0.391242,48.708357],[-0.391646,48.709067],[-0.393775,48.710649],[-0.401325,48.711862],[-0.405867,48.71453],[-0.407545,48.715171],[-0.409385,48.715353],[-0.412504,48.714931],[-0.418223,48.714594],[-0.419566,48.714761],[-0.420388,48.714584],[-0.421124,48.714802],[-0.421662,48.714582],[-0.422877,48.715293],[-0.422742,48.715629],[-0.424555,48.716524],[-0.424962,48.717035],[-0.427723,48.717197],[-0.428751,48.717695],[-0.430603,48.717576],[-0.432174,48.717006],[-0.437289,48.716726],[-0.438812,48.716386],[-0.441899,48.71605],[-0.443742,48.717241],[-0.444294,48.718284],[-0.444351,48.719026],[-0.443363,48.72132],[-0.444827,48.723251],[-0.445217,48.725275],[-0.445475,48.725533],[-0.44619,48.726009],[-0.44692,48.726066],[-0.447408,48.726551],[-0.448643,48.726997],[-0.449767,48.726978],[-0.450752,48.728155],[-0.451748,48.728986],[-0.452921,48.729865],[-0.454199,48.73043],[-0.455578,48.730304],[-0.455913,48.730718],[-0.456307,48.73067],[-0.457292,48.731262],[-0.4582,48.731469],[-0.458705,48.731307],[-0.458711,48.731618],[-0.459322,48.731933],[-0.459224,48.732278],[-0.460043,48.733305],[-0.461445,48.734296],[-0.461902,48.734356],[-0.463543,48.733873],[-0.465264,48.733151],[-0.465056,48.732217],[-0.466346,48.732248],[-0.4668,48.731906],[-0.468315,48.731976],[-0.469919,48.731598],[-0.470152,48.732196],[-0.470819,48.732229],[-0.472839,48.731725],[-0.475383,48.731699],[-0.476319,48.73151],[-0.476809,48.731653],[-0.477251,48.73146],[-0.480237,48.732604],[-0.481603,48.734551],[-0.484993,48.735121],[-0.486925,48.735904],[-0.489893,48.736822],[-0.490498,48.737216],[-0.494834,48.736477],[-0.496521,48.736442],[-0.49696,48.739095],[-0.497193,48.739324],[-0.497695,48.739457],[-0.498923,48.740436],[-0.499735,48.741611],[-0.499725,48.742434],[-0.500186,48.744185],[-0.500118,48.745186],[-0.499384,48.747046],[-0.499222,48.748153],[-0.498243,48.748896],[-0.496099,48.750038],[-0.493586,48.750931],[-0.492305,48.752613],[-0.490701,48.751998],[-0.490008,48.752518],[-0.489441,48.753342],[-0.488101,48.754099],[-0.486661,48.753509],[-0.485778,48.753519],[-0.485816,48.752979],[-0.484016,48.751141],[-0.482068,48.750791],[-0.481633,48.751251],[-0.478688,48.750615],[-0.475757,48.750794],[-0.474026,48.750733],[-0.473316,48.750965],[-0.473112,48.750781],[-0.472632,48.750746],[-0.470638,48.751185],[-0.469262,48.751181],[-0.468734,48.751462],[-0.467022,48.751606],[-0.465391,48.752032],[-0.463742,48.751931],[-0.463377,48.752254],[-0.46279,48.752291],[-0.460761,48.753191],[-0.457002,48.753374],[-0.456438,48.753546],[-0.453573,48.753519],[-0.452795,48.754127],[-0.452677,48.754393],[-0.453013,48.754506],[-0.452952,48.754824],[-0.452596,48.754875],[-0.452339,48.755107],[-0.451842,48.7563],[-0.452221,48.756543],[-0.451934,48.756824],[-0.452237,48.757517],[-0.452992,48.757876],[-0.453211,48.758158],[-0.452889,48.759643],[-0.452141,48.760714],[-0.451941,48.761759],[-0.452319,48.762659],[-0.452354,48.763429],[-0.449271,48.763392],[-0.449336,48.762829],[-0.447638,48.762648],[-0.444938,48.761775],[-0.443989,48.761787],[-0.44095,48.760969],[-0.437335,48.75975],[-0.435586,48.758846],[-0.434361,48.758839],[-0.433602,48.758632],[-0.433333,48.758684],[-0.433219,48.75909],[-0.432808,48.759055],[-0.429682,48.757823],[-0.428345,48.75826],[-0.42807,48.758221],[-0.427471,48.757495],[-0.4272,48.755611],[-0.426569,48.754515],[-0.427271,48.75414],[-0.428191,48.752929],[-0.429233,48.751988],[-0.427014,48.75141],[-0.426708,48.751013],[-0.425843,48.750785],[-0.426254,48.750319],[-0.426248,48.749838],[-0.425982,48.749789],[-0.424617,48.749711],[-0.423072,48.750414],[-0.421162,48.75092],[-0.419009,48.751171],[-0.41673,48.7512],[-0.414449,48.7516],[-0.411503,48.751632],[-0.405729,48.751178],[-0.404306,48.75132],[-0.399175,48.753212],[-0.398785,48.753933],[-0.399073,48.754592],[-0.39955,48.754653],[-0.399275,48.754862],[-0.398288,48.75504],[-0.396935,48.755822],[-0.395739,48.756227],[-0.395515,48.756512],[-0.395781,48.75717],[-0.393427,48.756763],[-0.392063,48.756711],[-0.39166,48.756517],[-0.390624,48.756694],[-0.386858,48.758111],[-0.384692,48.759259],[-0.381737,48.759839],[-0.380046,48.760365],[-0.37716,48.760884],[-0.374371,48.760686],[-0.37168,48.761083],[-0.369804,48.7594],[-0.368606,48.758573],[-0.363978,48.756851],[-0.362987,48.756674],[-0.362599,48.756377],[-0.361073,48.756689],[-0.358193,48.755704],[-0.357626,48.754552],[-0.357842,48.753269],[-0.357597,48.752011],[-0.357835,48.750688],[-0.359152,48.750233],[-0.359976,48.749497],[-0.360427,48.747957],[-0.360261,48.747036],[-0.355022,48.747677],[-0.351589,48.748542],[-0.35128,48.748434],[-0.350115,48.748749],[-0.34829,48.748967],[-0.348273,48.749142],[-0.347318,48.749474],[-0.342717,48.750384],[-0.339121,48.750674],[-0.338206,48.750351],[-0.337225,48.750236],[-0.334319,48.75036],[-0.332969,48.751178],[-0.331174,48.751982],[-0.330271,48.752129],[-0.326087,48.75224],[-0.324215,48.752056],[-0.322603,48.752441],[-0.320631,48.752358],[-0.319501,48.753015],[-0.318741,48.753248],[-0.317556,48.752612],[-0.317882,48.751307],[-0.317779,48.751036],[-0.317196,48.750776],[-0.316045,48.750644],[-0.315808,48.750389],[-0.314596,48.750249],[-0.314464,48.748935],[-0.314016,48.748308],[-0.31279,48.747324],[-0.313072,48.746367],[-0.312624,48.745941],[-0.311504,48.745515],[-0.311744,48.744356],[-0.310788,48.743403],[-0.307114,48.740543],[-0.306259,48.739531],[-0.305588,48.739508],[-0.303961,48.73817],[-0.303494,48.738081],[-0.302767,48.737516],[-0.302005,48.737366],[-0.299853,48.736385],[-0.298334,48.736215],[-0.295596,48.735356],[-0.293711,48.735565],[-0.292826,48.734832],[-0.292434,48.734931],[-0.292205,48.733093],[-0.291991,48.732917],[-0.292424,48.732053],[-0.292704,48.730689],[-0.291097,48.730624],[-0.290655,48.728256],[-0.289874,48.72829],[-0.289602,48.727565],[-0.288312,48.726327],[-0.288839,48.726112],[-0.288131,48.725299],[-0.287214,48.725625],[-0.286483,48.724458],[-0.286119,48.724591],[-0.285497,48.723943],[-0.285245,48.724004],[-0.284856,48.723557],[-0.283679,48.722922],[-0.277953,48.720542],[-0.273091,48.718774],[-0.271937,48.71745],[-0.269517,48.717971],[-0.269344,48.718229],[-0.268482,48.718405],[-0.267856,48.718733],[-0.265508,48.718697],[-0.265241,48.719036],[-0.264688,48.719237],[-0.263791,48.719149],[-0.26296,48.719768],[-0.263088,48.720045],[-0.261836,48.720872],[-0.257035,48.72303],[-0.256282,48.724368],[-0.252734,48.726366],[-0.252524,48.727165],[-0.250033,48.727547],[-0.249072,48.727263],[-0.248401,48.727623],[-0.24819,48.726405],[-0.248867,48.725602],[-0.248369,48.724068],[-0.248682,48.722525],[-0.247979,48.722414],[-0.24843,48.720869],[-0.247812,48.720607],[-0.247734,48.720159],[-0.245964,48.720159],[-0.246296,48.719199],[-0.249138,48.718813],[-0.251495,48.718181],[-0.251579,48.717916],[-0.25176,48.717934],[-0.251783,48.717389],[-0.252214,48.716905],[-0.251084,48.716318],[-0.250665,48.715822],[-0.250517,48.714741],[-0.250792,48.713773],[-0.251422,48.713864],[-0.25304,48.71089],[-0.256054,48.708742],[-0.257603,48.708132],[-0.258615,48.707399],[-0.259317,48.707291],[-0.260965,48.704608],[-0.261755,48.704169],[-0.26431,48.703681],[-0.264148,48.703186],[-0.264542,48.702919],[-0.264047,48.701193],[-0.264209,48.700354],[-0.263773,48.69948],[-0.263782,48.699064],[-0.265135,48.699101],[-0.267324,48.698081],[-0.268533,48.695356],[-0.268168,48.69452],[-0.267636,48.694232],[-0.26734,48.694096],[-0.266748,48.694351],[-0.264948,48.693042],[-0.264651,48.693164],[-0.263683,48.692411],[-0.263334,48.692485],[-0.262185,48.692033],[-0.260835,48.691118],[-0.258689,48.690133],[-0.25788,48.690043],[-0.256721,48.689253],[-0.251488,48.686442],[-0.251183,48.686358],[-0.250639,48.686811],[-0.248337,48.686795],[-0.248429,48.685012],[-0.247812,48.684891],[-0.248334,48.684475],[-0.248513,48.683976],[-0.248356,48.68353],[-0.248527,48.682897],[-0.248244,48.682679],[-0.24819,48.682353],[-0.246952,48.681151],[-0.246323,48.680785],[-0.24611,48.680422],[-0.244887,48.679661],[-0.243173,48.67945],[-0.243115,48.679128],[-0.242592,48.679002],[-0.241361,48.677878],[-0.240618,48.678349],[-0.23982,48.677584],[-0.240155,48.675718],[-0.238674,48.675593],[-0.239338,48.67415],[-0.240521,48.673288],[-0.241292,48.671674],[-0.243922,48.670716],[-0.244673,48.671253],[-0.246825,48.670424],[-0.249623,48.667574],[-0.252037,48.666345],[-0.253142,48.666222],[-0.254397,48.666489],[-0.255061,48.666806],[-0.255601,48.668003],[-0.259144,48.666821],[-0.260978,48.664906],[-0.259322,48.664077],[-0.260282,48.663419],[-0.258091,48.662082],[-0.261132,48.659223],[-0.260575,48.658106],[-0.260909,48.657611],[-0.262978,48.656934],[-0.262571,48.656437],[-0.263381,48.656426],[-0.263462,48.656024],[-0.264477,48.655975],[-0.264307,48.655425],[-0.265637,48.655616],[-0.265734,48.655265],[-0.267167,48.655704],[-0.268821,48.653844],[-0.270491,48.6523],[-0.273046,48.651719],[-0.273539,48.652174],[-0.278827,48.648844],[-0.281981,48.648546],[-0.283927,48.648048],[-0.28432,48.647803],[-0.286325,48.647447],[-0.287098,48.646868],[-0.28658,48.646146],[-0.2869,48.644328],[-0.286714,48.643358],[-0.286498,48.643128],[-0.286567,48.641828],[-0.287395,48.640995],[-0.288122,48.639129],[-0.288602,48.638508],[-0.288957,48.638186],[-0.289197,48.638231],[-0.290085,48.639282],[-0.292628,48.63813],[-0.293022,48.638155],[-0.293564,48.63773],[-0.295715,48.637407],[-0.296866,48.635906],[-0.298629,48.634595],[-0.299729,48.633537],[-0.300222,48.632806],[-0.301141,48.632201],[-0.301316,48.631657],[-0.301857,48.632076],[-0.303414,48.632371],[-0.30548,48.632019],[-0.307267,48.631992],[-0.309313,48.631763],[-0.313854,48.633094],[-0.316205,48.633282],[-0.316315,48.631926],[-0.317721,48.62871],[-0.31775,48.627963],[-0.319257,48.624259],[-0.332893,48.62393],[-0.334344,48.625093],[-0.33615,48.625327],[-0.337307,48.625107],[-0.337408,48.625388],[-0.339748,48.625137],[-0.341296,48.624811],[-0.343647,48.62384],[-0.344583,48.623103],[-0.346762,48.622219],[-0.347098,48.622166],[-0.34811,48.622598],[-0.349056,48.621956],[-0.349659,48.621838],[-0.350425,48.622226],[-0.351684,48.622154],[-0.352089,48.623189],[-0.352925,48.623992],[-0.354898,48.624507],[-0.35775,48.625873],[-0.361035,48.626428],[-0.36213,48.626378],[-0.364082,48.627948],[-0.363937,48.628203],[-0.362986,48.628563],[-0.362715,48.629029],[-0.364013,48.629127],[-0.365041,48.628917],[-0.36564,48.629234],[-0.366203,48.629289],[-0.367089,48.629082],[-0.368032,48.629561],[-0.368319,48.630108],[-0.370101,48.630653],[-0.372543,48.630384],[-0.37328,48.630563],[-0.374738,48.631549],[-0.37585,48.632779],[-0.376378,48.632809],[-0.37648,48.63296],[-0.37992,48.633501],[-0.384767,48.634012],[-0.386013,48.634503],[-0.387448,48.634551],[-0.388328,48.634429],[-0.388383,48.635643],[-0.388618,48.63575],[-0.390784,48.635686],[-0.391016,48.635923],[-0.392618,48.636325],[-0.393848,48.636893],[-0.395822,48.63751],[-0.396885,48.638489],[-0.398333,48.639121],[-0.399964,48.639427],[-0.406836,48.639731],[-0.411951,48.640234],[-0.411535,48.641226],[-0.411737,48.641264],[-0.413237,48.641098],[-0.415083,48.640596],[-0.417261,48.64052],[-0.421541,48.641666],[-0.42101,48.643761],[-0.423355,48.646737],[-0.423822,48.647032],[-0.435848,48.648521],[-0.44173,48.648116],[-0.441954,48.651151],[-0.442279,48.652494],[-0.442137,48.653031],[-0.441514,48.653851],[-0.439998,48.655315],[-0.438433,48.656058],[-0.436943,48.657398],[-0.435938,48.658621],[-0.435781,48.659561],[-0.435076,48.659598],[-0.434996,48.659908],[-0.43351,48.660245],[-0.431523,48.661327],[-0.43042,48.661667],[-0.430224,48.662286],[-0.429212,48.662284],[-0.428815,48.663235],[-0.428755,48.664957],[-0.428551,48.665415],[-0.42864,48.668837],[-0.428207,48.669926],[-0.428348,48.670145],[-0.42809,48.670465],[-0.428165,48.670716],[-0.426456,48.672184],[-0.426029,48.67289],[-0.426025,48.673262],[-0.425541,48.673286],[-0.424999,48.67372],[-0.423719,48.674137],[-0.423229,48.674025],[-0.422305,48.674242],[-0.421436,48.677079],[-0.420831,48.677441],[-0.420003,48.677577],[-0.419877,48.677987],[-0.419253,48.677823],[-0.419202,48.678175],[-0.418098,48.678492],[-0.417844,48.678808],[-0.417274,48.678994],[-0.416802,48.679585],[-0.415519,48.679651],[-0.41469,48.680035],[-0.413636,48.679635],[-0.413047,48.679586],[-0.411883,48.68037],[-0.411541,48.680848],[-0.408609,48.682306],[-0.408442,48.682984],[-0.404465,48.684671],[-0.403541,48.68593],[-0.402845,48.686354],[-0.400368,48.686825],[-0.397418,48.687979],[-0.397212,48.688509],[-0.392824,48.690098],[-0.392484,48.690451],[-0.392201,48.690072]]]}},{"type":"Feature","properties":{"uai_primary":"0611026J","uai_all":"0611026J","is_merged":false},"geometry":{"type":"Polygon","coordinates":[[[0.086454,48.412344],[0.086735,48.412724],[0.085115,48.413591],[0.083434,48.414197],[0.084395,48.415457],[0.086924,48.416449],[0.087353,48.41687],[0.087587,48.417644],[0.087222,48.418466],[0.087872,48.419732],[0.087648,48.420474],[0.088321,48.420695],[0.089712,48.420492],[0.090331,48.420884],[0.091166,48.420905],[0.091291,48.420692],[0.091663,48.420637],[0.092055,48.420903],[0.092367,48.420913],[0.093341,48.42063],[0.093939,48.420211],[0.094594,48.420663],[0.095191,48.420543],[0.095802,48.420726],[0.095927,48.420053],[0.096205,48.420028],[0.098461,48.420546],[0.09965,48.421454],[0.099898,48.418895],[0.100329,48.418591],[0.102133,48.418757],[0.102598,48.418415],[0.104532,48.418394],[0.105373,48.418143],[0.106604,48.418067],[0.105946,48.417156],[0.105974,48.416717],[0.104625,48.415383],[0.105064,48.414777],[0.10285,48.413338],[0.101171,48.411375],[0.099874,48.410191],[0.098486,48.41075],[0.098322,48.410406],[0.097492,48.410531],[0.097409,48.410889],[0.097002,48.410927],[0.09526,48.410952],[0.095172,48.410551],[0.094318,48.410516],[0.090447,48.410599],[0.090434,48.410474],[0.088356,48.410688],[0.086798,48.410952],[0.086299,48.411619],[0.086454,48.412344]],[[0.099438,48.412575],[0.098954,48.41316],[0.09791,48.413773],[0.097195,48.413669],[0.097281,48.413403],[0.096532,48.411723],[0.097852,48.41055],[0.099254,48.411614],[0.099672,48.412286],[0.099438,48.412575]],[[0.103861,48.417306],[0.103516,48.417472],[0.103181,48.417323],[0.102476,48.416511],[0.10414,48.415871],[0.104174,48.416451],[0.103861,48.417306]],[[0.095932,48.41984],[0.095837,48.420015],[0.095538,48.419952],[0.095601,48.419701],[0.095831,48.419664],[0.095932,48.41984]],[[0.091502,48.420267],[0.091793,48.419893],[0.092107,48.420166],[0.091502,48.420267]],[[0.095125,48.420653],[0.09629,48.421237],[0.095852,48.420787],[0.095125,48.420653]]]}},{"type":"Feature","properties":{"uai_primary":"0611156A","uai_all":"0611156A","is_merged":false},"geometry":{"type":"Polygon","coordinates":[[[0.417077,48.843592],[0.425488,48.840253],[0.424646,48.836001],[0.424823,48.834926],[0.420877,48.835225],[0.411982,48.833431],[0.411961,48.836333],[0.417077,48.843592]],[[0.616768,48.760724],[0.616173,48.76111],[0.615789,48.761111],[0.615641,48.760803],[0.615195,48.760939],[0.614537,48.760678],[0.61447,48.760512],[0.61351,48.760373],[0.613574,48.760197],[0.613096,48.760122],[0.612597,48.759679],[0.612352,48.75978],[0.611895,48.75925],[0.611198,48.759123],[0.609386,48.758209],[0.609045,48.758196],[0.608147,48.758558],[0.608697,48.7578],[0.608543,48.757607],[0.607485,48.757653],[0.607448,48.757101],[0.606824,48.756668],[0.606745,48.755946],[0.604741,48.756527],[0.605455,48.755455],[0.604779,48.755053],[0.607751,48.752849],[0.60434,48.75127],[0.603652,48.748664],[0.600555,48.749095],[0.597547,48.74842],[0.595988,48.749108],[0.595774,48.748952],[0.59506,48.747816],[0.594299,48.747457],[0.596146,48.746683],[0.598324,48.743763],[0.596436,48.742808],[0.593143,48.741586],[0.588782,48.741945],[0.584594,48.738809],[0.581802,48.739874],[0.580094,48.73799],[0.578975,48.73712],[0.578595,48.736337],[0.577616,48.735276],[0.57753,48.734811],[0.577198,48.734639],[0.576164,48.734751],[0.573767,48.733622],[0.571267,48.732703],[0.570614,48.735598],[0.569277,48.735493],[0.569315,48.73652],[0.568254,48.736751],[0.56379,48.73665],[0.562777,48.736821],[0.561184,48.736097],[0.559834,48.73592],[0.559102,48.736864],[0.558952,48.737364],[0.558003,48.737834],[0.558703,48.738866],[0.559264,48.740213],[0.558668,48.743085],[0.557363,48.74468],[0.555824,48.744049],[0.555618,48.743632],[0.554259,48.742574],[0.552543,48.742463],[0.551824,48.742214],[0.550113,48.742299],[0.549591,48.742178],[0.54866,48.741397],[0.548195,48.741238],[0.547591,48.74141],[0.546878,48.741251],[0.546525,48.740705],[0.54596,48.740486],[0.54272,48.740614],[0.539692,48.7413],[0.539156,48.741545],[0.538313,48.741636],[0.537936,48.742561],[0.537511,48.742768],[0.537258,48.742684],[0.537172,48.742216],[0.536738,48.742101],[0.535674,48.742056],[0.534277,48.742511],[0.533721,48.742444],[0.533475,48.741822],[0.532447,48.741526],[0.531944,48.741125],[0.530845,48.741275],[0.530695,48.741032],[0.529731,48.740845],[0.528868,48.740132],[0.528191,48.740153],[0.528137,48.739833],[0.527632,48.739351],[0.526784,48.739322],[0.52632,48.738898],[0.525817,48.739061],[0.525433,48.738524],[0.524817,48.738348],[0.524875,48.738039],[0.524708,48.737955],[0.523611,48.738162],[0.523279,48.738077],[0.523064,48.737817],[0.523244,48.737236],[0.522245,48.736618],[0.521167,48.736444],[0.520359,48.735875],[0.519582,48.736229],[0.518276,48.735457],[0.517619,48.735846],[0.517144,48.735939],[0.51681,48.735579],[0.516914,48.735395],[0.516587,48.73523],[0.516083,48.735223],[0.514761,48.734591],[0.514604,48.73422],[0.514005,48.734514],[0.513622,48.734193],[0.512878,48.734399],[0.512749,48.734837],[0.512321,48.734694],[0.511431,48.734957],[0.510878,48.734864],[0.510654,48.734419],[0.509993,48.73432],[0.509495,48.734846],[0.508914,48.734997],[0.508256,48.734359],[0.506673,48.733468],[0.506031,48.733855],[0.50532,48.733678],[0.503997,48.733785],[0.503645,48.733971],[0.503661,48.734583],[0.503317,48.734888],[0.502918,48.734944],[0.502156,48.73475],[0.500115,48.734853],[0.499646,48.735045],[0.498501,48.734424],[0.49774,48.734587],[0.497384,48.734494],[0.496968,48.734662],[0.496279,48.73458],[0.495917,48.734335],[0.495786,48.733627],[0.495514,48.733384],[0.494987,48.733305],[0.494805,48.733003],[0.492873,48.732953],[0.492575,48.733107],[0.491974,48.732866],[0.490976,48.732879],[0.490304,48.733055],[0.489605,48.733527],[0.488795,48.733346],[0.487716,48.73343],[0.487277,48.733198],[0.487059,48.732853],[0.486182,48.733053],[0.485085,48.732208],[0.484285,48.732171],[0.483911,48.731924],[0.483404,48.731863],[0.482739,48.731457],[0.482625,48.73106],[0.481965,48.731482],[0.481475,48.731406],[0.480662,48.730636],[0.479375,48.730551],[0.479188,48.730058],[0.476615,48.729818],[0.476131,48.730032],[0.476446,48.730726],[0.475549,48.730391],[0.474795,48.730348],[0.47425,48.729671],[0.473698,48.729878],[0.473174,48.729811],[0.472237,48.729464],[0.47162,48.728928],[0.471284,48.729038],[0.470984,48.72866],[0.470677,48.728713],[0.469795,48.728442],[0.468645,48.72853],[0.468148,48.728822],[0.467475,48.728796],[0.466716,48.729175],[0.465855,48.728247],[0.465363,48.728124],[0.464709,48.728512],[0.464428,48.728282],[0.464628,48.727938],[0.463687,48.727322],[0.462994,48.727167],[0.461674,48.726489],[0.461336,48.726465],[0.461031,48.726676],[0.460423,48.726221],[0.459718,48.726263],[0.459371,48.728562],[0.458818,48.729386],[0.457691,48.730487],[0.455899,48.73103],[0.4515,48.732719],[0.450646,48.732832],[0.447961,48.732564],[0.446032,48.732539],[0.445239,48.732682],[0.44385,48.733423],[0.44352,48.734057],[0.444115,48.734899],[0.444068,48.736205],[0.441908,48.738606],[0.441481,48.738496],[0.440862,48.739106],[0.44034,48.739005],[0.439881,48.739489],[0.440173,48.739664],[0.439328,48.741866],[0.441272,48.742695],[0.440466,48.743192],[0.442218,48.74428],[0.443074,48.74438],[0.443319,48.745449],[0.44699,48.745308],[0.448167,48.748142],[0.445382,48.748547],[0.440005,48.748317],[0.439757,48.748764],[0.438424,48.748943],[0.438307,48.750355],[0.437633,48.751086],[0.437291,48.753948],[0.438441,48.753981],[0.438541,48.753679],[0.440206,48.753949],[0.441158,48.753964],[0.442391,48.753714],[0.443744,48.75387],[0.445592,48.75354],[0.449835,48.754641],[0.451485,48.756],[0.452228,48.756127],[0.452917,48.755913],[0.456093,48.756413],[0.45747,48.755985],[0.459928,48.755664],[0.459972,48.756339],[0.460904,48.756224],[0.461983,48.755719],[0.464129,48.755972],[0.467024,48.756098],[0.469785,48.757352],[0.471084,48.758753],[0.474268,48.758775],[0.478603,48.758012],[0.481662,48.756793],[0.479808,48.753172],[0.479621,48.752097],[0.478854,48.750642],[0.480724,48.750355],[0.481713,48.750048],[0.483348,48.750231],[0.485444,48.749691],[0.486473,48.749632],[0.487104,48.749864],[0.487814,48.750593],[0.48702,48.753752],[0.48674,48.756654],[0.490842,48.757248],[0.496672,48.759166],[0.497822,48.759362],[0.498701,48.759955],[0.501723,48.760098],[0.502663,48.760728],[0.501769,48.761445],[0.501808,48.762053],[0.500707,48.762515],[0.500004,48.763111],[0.499265,48.763413],[0.499126,48.763963],[0.49851,48.764201],[0.49832,48.764529],[0.496716,48.765526],[0.497518,48.766244],[0.498814,48.766892],[0.497035,48.769496],[0.496936,48.769879],[0.497165,48.770058],[0.496865,48.77055],[0.495274,48.772695],[0.493956,48.775427],[0.493844,48.77664],[0.491023,48.775652],[0.486191,48.777066],[0.484393,48.777317],[0.483868,48.777549],[0.483596,48.77791],[0.483697,48.7789],[0.485304,48.780355],[0.486375,48.780625],[0.488207,48.781979],[0.488455,48.782239],[0.488065,48.782522],[0.488968,48.783386],[0.493217,48.785265],[0.493554,48.785596],[0.493289,48.786009],[0.493406,48.786605],[0.493877,48.786809],[0.493937,48.787838],[0.494444,48.788002],[0.495141,48.789495],[0.495074,48.790505],[0.495454,48.791028],[0.495647,48.792427],[0.495947,48.792645],[0.495813,48.792861],[0.496163,48.793608],[0.496124,48.794298],[0.49649,48.794556],[0.497032,48.79453],[0.496651,48.794877],[0.497039,48.795328],[0.496355,48.796241],[0.496448,48.796601],[0.496184,48.797181],[0.496349,48.797432],[0.49597,48.798264],[0.496227,48.798647],[0.495917,48.798779],[0.495637,48.79925],[0.495509,48.800016],[0.494443,48.802133],[0.493971,48.802233],[0.492981,48.802102],[0.491105,48.802173],[0.490781,48.802479],[0.489518,48.803081],[0.488658,48.803109],[0.487158,48.803919],[0.486096,48.803876],[0.485317,48.804459],[0.484192,48.804515],[0.483735,48.804397],[0.48324,48.804542],[0.482968,48.804324],[0.482845,48.804447],[0.482383,48.804356],[0.482079,48.804472],[0.4815,48.804299],[0.481183,48.804512],[0.481332,48.805005],[0.480871,48.805413],[0.480167,48.805674],[0.479102,48.805804],[0.478864,48.806155],[0.478423,48.806078],[0.477714,48.80636],[0.477301,48.806119],[0.476926,48.806211],[0.476657,48.806831],[0.476217,48.806872],[0.476276,48.807102],[0.475659,48.807117],[0.475396,48.807396],[0.475111,48.807336],[0.475017,48.807587],[0.474655,48.807567],[0.474593,48.807715],[0.474864,48.807778],[0.474665,48.80794],[0.47509,48.808106],[0.475102,48.808293],[0.474429,48.80849],[0.474184,48.808821],[0.473902,48.808849],[0.473507,48.809201],[0.473457,48.809736],[0.472945,48.809678],[0.472886,48.809998],[0.473117,48.810122],[0.472537,48.810275],[0.472342,48.811041],[0.47139,48.811479],[0.471571,48.811661],[0.471051,48.8124],[0.471469,48.812576],[0.471641,48.81301],[0.471182,48.813487],[0.47054,48.813836],[0.470062,48.814344],[0.469377,48.814481],[0.469248,48.814743],[0.468941,48.814759],[0.46927,48.81508],[0.468566,48.815227],[0.467468,48.815937],[0.467121,48.815678],[0.466953,48.816034],[0.467203,48.816227],[0.466811,48.81621],[0.466373,48.815783],[0.466639,48.815443],[0.466332,48.815471],[0.46614,48.815273],[0.465451,48.815092],[0.465075,48.814475],[0.464684,48.81454],[0.464462,48.814282],[0.464082,48.814303],[0.463719,48.81388],[0.463732,48.81353],[0.461629,48.812092],[0.459388,48.811166],[0.45743,48.810994],[0.455036,48.810143],[0.454449,48.810154],[0.454333,48.809751],[0.453271,48.80974],[0.452895,48.809567],[0.452658,48.809565],[0.45199,48.810528],[0.450105,48.811951],[0.448963,48.812297],[0.447756,48.812572],[0.445449,48.812826],[0.443848,48.813532],[0.441115,48.813794],[0.440148,48.813705],[0.439456,48.81402],[0.434792,48.814684],[0.434676,48.814871],[0.436858,48.822336],[0.438973,48.827545],[0.433531,48.829876],[0.433316,48.836417],[0.433972,48.838667],[0.436415,48.839668],[0.444229,48.839426],[0.445157,48.839941],[0.445831,48.841877],[0.44808,48.84657],[0.446204,48.849251],[0.442012,48.850752],[0.43861,48.850694],[0.437206,48.85052],[0.436156,48.850785],[0.427072,48.857711],[0.426013,48.858026],[0.429693,48.863359],[0.431479,48.865315],[0.433053,48.867604],[0.430606,48.870096],[0.429577,48.872513],[0.431068,48.873424],[0.43953,48.879966],[0.442367,48.886487],[0.442733,48.886936],[0.442583,48.886984],[0.442282,48.889466],[0.443177,48.889901],[0.446071,48.890818],[0.447039,48.890918],[0.447334,48.891278],[0.450198,48.891027],[0.448352,48.889282],[0.4483,48.888769],[0.447031,48.886767],[0.445663,48.886345],[0.445236,48.886012],[0.4457,48.88587],[0.446097,48.885337],[0.445033,48.8843],[0.444882,48.883779],[0.443692,48.88425],[0.442576,48.8828],[0.443722,48.882341],[0.443111,48.88128],[0.445378,48.880943],[0.445629,48.881311],[0.4505,48.879936],[0.450324,48.879526],[0.452781,48.879124],[0.453174,48.880204],[0.45374,48.879904],[0.45737,48.879624],[0.457322,48.88066],[0.455872,48.883064],[0.45568,48.884008],[0.45706,48.88528],[0.458458,48.887472],[0.459863,48.888165],[0.461729,48.88847],[0.463159,48.888492],[0.465367,48.888122],[0.472721,48.887567],[0.475429,48.88694],[0.47636,48.886967],[0.476447,48.886379],[0.486431,48.882707],[0.490545,48.881445],[0.489404,48.88008],[0.494822,48.878704],[0.495271,48.879273],[0.498269,48.8788],[0.500647,48.878977],[0.501525,48.87826],[0.506642,48.877167],[0.507193,48.877594],[0.507562,48.878249],[0.508558,48.878228],[0.508738,48.878359],[0.509743,48.880488],[0.514485,48.880757],[0.520876,48.880792],[0.524554,48.880351],[0.530194,48.878639],[0.531735,48.878529],[0.533237,48.878138],[0.535057,48.877437],[0.539546,48.876597],[0.540673,48.876246],[0.540766,48.875472],[0.542542,48.875231],[0.542581,48.875401],[0.549594,48.874852],[0.551281,48.874428],[0.551593,48.874999],[0.554083,48.877352],[0.556759,48.879029],[0.558262,48.880307],[0.560703,48.881867],[0.562959,48.883562],[0.564427,48.885894],[0.566119,48.88761],[0.568529,48.888774],[0.570732,48.890487],[0.574679,48.892383],[0.57803,48.893711],[0.581699,48.892209],[0.584373,48.8919],[0.58554,48.891613],[0.587232,48.890767],[0.588632,48.889664],[0.589849,48.888979],[0.591243,48.88863],[0.593309,48.888637],[0.594253,48.888433],[0.595032,48.888571],[0.595808,48.887542],[0.596198,48.885999],[0.597127,48.885027],[0.595293,48.883027],[0.59417,48.883054],[0.59266,48.883392],[0.59232,48.883342],[0.586157,48.881477],[0.585883,48.878497],[0.585181,48.876801],[0.588146,48.874598],[0.589629,48.872596],[0.592004,48.8729],[0.592398,48.873356],[0.593531,48.874092],[0.595737,48.875005],[0.596466,48.875465],[0.599664,48.874767],[0.601113,48.874733],[0.602863,48.874297],[0.604357,48.87413],[0.604222,48.875021],[0.60481,48.875156],[0.606666,48.877285],[0.609055,48.87911],[0.609742,48.878795],[0.61124,48.878825],[0.615461,48.877535],[0.61236,48.875453],[0.61043,48.874971],[0.608562,48.874054],[0.605578,48.870807],[0.605189,48.870075],[0.604899,48.870109],[0.604727,48.868279],[0.603545,48.863814],[0.603191,48.863279],[0.602341,48.862628],[0.604004,48.862381],[0.604923,48.862529],[0.608289,48.86146],[0.608718,48.861239],[0.608869,48.859754],[0.609529,48.859003],[0.611165,48.858473],[0.612045,48.857704],[0.610997,48.855513],[0.609429,48.854434],[0.609167,48.853313],[0.615562,48.853162],[0.616191,48.853051],[0.617729,48.852406],[0.621254,48.852448],[0.625976,48.853278],[0.630328,48.853613],[0.633953,48.856194],[0.636229,48.854417],[0.635446,48.853762],[0.632209,48.852893],[0.630736,48.852336],[0.629989,48.851834],[0.622368,48.848438],[0.622316,48.848189],[0.621354,48.847592],[0.620211,48.847115],[0.616813,48.843688],[0.616377,48.842296],[0.616357,48.839387],[0.614755,48.837354],[0.614709,48.836837],[0.613288,48.836333],[0.613039,48.836512],[0.60756,48.832793],[0.609865,48.831365],[0.610345,48.831248],[0.611037,48.831312],[0.611564,48.831068],[0.614061,48.830627],[0.617936,48.829292],[0.621856,48.829826],[0.6224,48.828809],[0.623128,48.828441],[0.624579,48.827254],[0.62614,48.826405],[0.626754,48.825852],[0.62822,48.825213],[0.628507,48.824894],[0.62998,48.824114],[0.632998,48.823596],[0.636722,48.822259],[0.638798,48.820604],[0.642845,48.816588],[0.644322,48.816272],[0.645467,48.816387],[0.646679,48.815169],[0.648953,48.81589],[0.650029,48.814837],[0.651024,48.815006],[0.654889,48.813909],[0.659998,48.811678],[0.665104,48.809907],[0.669638,48.807124],[0.671065,48.805723],[0.671555,48.805831],[0.672966,48.804983],[0.682916,48.798364],[0.683828,48.797927],[0.683453,48.797605],[0.685549,48.79677],[0.685884,48.796241],[0.687873,48.795215],[0.688958,48.794397],[0.688496,48.794241],[0.689022,48.79374],[0.688993,48.793571],[0.689769,48.793467],[0.690767,48.794038],[0.692502,48.794451],[0.69403,48.795395],[0.694666,48.794865],[0.695274,48.79509],[0.697393,48.793292],[0.699065,48.792852],[0.701069,48.792009],[0.703766,48.791529],[0.7063,48.790705],[0.711999,48.789324],[0.713085,48.78858],[0.714401,48.786216],[0.714754,48.786259],[0.715391,48.785448],[0.715822,48.785553],[0.72018,48.78794],[0.720565,48.787967],[0.722307,48.787768],[0.723861,48.787397],[0.724876,48.787358],[0.726988,48.786778],[0.730431,48.786295],[0.731386,48.785746],[0.732173,48.785587],[0.732991,48.785077],[0.733493,48.783682],[0.733502,48.783367],[0.732765,48.783042],[0.732568,48.78277],[0.73292,48.782415],[0.737611,48.779909],[0.73905,48.77766],[0.740187,48.77658],[0.748444,48.773858],[0.752762,48.772793],[0.757537,48.768645],[0.759404,48.767579],[0.758565,48.767071],[0.756479,48.76653],[0.754052,48.766508],[0.752391,48.766881],[0.751743,48.766812],[0.751008,48.766512],[0.749735,48.767874],[0.74633,48.766824],[0.744984,48.766206],[0.743984,48.76621],[0.743141,48.766036],[0.73932,48.764393],[0.73776,48.763504],[0.734223,48.762603],[0.733844,48.762673],[0.733003,48.762519],[0.727564,48.758592],[0.726156,48.757943],[0.723317,48.757389],[0.721795,48.756076],[0.720265,48.755022],[0.720029,48.755025],[0.699635,48.757011],[0.698176,48.756498],[0.690149,48.764743],[0.685641,48.769648],[0.684422,48.770177],[0.683252,48.770104],[0.681263,48.770264],[0.67866,48.770679],[0.676701,48.771374],[0.674546,48.771256],[0.673132,48.771568],[0.670739,48.770345],[0.671119,48.769827],[0.668101,48.768485],[0.668865,48.767558],[0.669344,48.766347],[0.666981,48.764614],[0.669342,48.763465],[0.669583,48.763068],[0.670095,48.763309],[0.670731,48.762731],[0.669431,48.761872],[0.670072,48.761095],[0.669626,48.760033],[0.669311,48.760105],[0.670435,48.758555],[0.664699,48.757445],[0.66267,48.756622],[0.66212,48.756044],[0.660835,48.755386],[0.652362,48.754578],[0.647944,48.753707],[0.646202,48.753005],[0.644466,48.751648],[0.642252,48.750291],[0.641785,48.751295],[0.643,48.753159],[0.643484,48.754878],[0.6424,48.754899],[0.641983,48.7546],[0.639228,48.754129],[0.638247,48.755269],[0.638163,48.756007],[0.63869,48.756696],[0.639058,48.757656],[0.640283,48.757837],[0.640223,48.757646],[0.640737,48.757573],[0.640449,48.757456],[0.640551,48.757346],[0.640838,48.75745],[0.640965,48.757316],[0.640701,48.757076],[0.641075,48.757199],[0.641177,48.757072],[0.640895,48.756972],[0.64091,48.756672],[0.641818,48.756355],[0.643591,48.756526],[0.642703,48.757117],[0.64217,48.756899],[0.640827,48.758359],[0.640404,48.758353],[0.63966,48.758078],[0.639261,48.758552],[0.639008,48.758446],[0.637818,48.758705],[0.638308,48.759854],[0.637935,48.760098],[0.63793,48.760528],[0.637652,48.760738],[0.636473,48.760687],[0.636171,48.760885],[0.635456,48.760909],[0.63538,48.761166],[0.634995,48.761277],[0.634528,48.761304],[0.63409,48.761146],[0.633742,48.761312],[0.632064,48.761553],[0.631966,48.761913],[0.632234,48.762013],[0.631946,48.762212],[0.63197,48.762512],[0.630928,48.762696],[0.630689,48.762296],[0.629433,48.762523],[0.628345,48.763],[0.627098,48.763132],[0.626726,48.762955],[0.626075,48.763421],[0.625583,48.763106],[0.62457,48.763158],[0.624101,48.762868],[0.623235,48.762817],[0.623024,48.762634],[0.622761,48.762743],[0.622012,48.762625],[0.621566,48.762419],[0.621399,48.762519],[0.62046,48.762376],[0.61922,48.76203],[0.618858,48.762155],[0.618719,48.761815],[0.618328,48.761856],[0.618315,48.761686],[0.617975,48.761716],[0.616791,48.761364],[0.616768,48.760724]],[[0.638667,48.761026],[0.639079,48.760903],[0.639083,48.76134],[0.638658,48.761331],[0.637714,48.761689],[0.637266,48.761636],[0.637201,48.761522],[0.637816,48.760947],[0.638222,48.76082],[0.638081,48.760582],[0.638496,48.760497],[0.639083,48.759943],[0.63933,48.759983],[0.639077,48.76075],[0.638619,48.760643],[0.638226,48.760821],[0.638667,48.761026]],[[0.554483,48.826446],[0.554521,48.825864],[0.556882,48.825799],[0.555058,48.826834],[0.554358,48.826599],[0.554483,48.826446]],[[0.553688,48.826964],[0.553758,48.827137],[0.553379,48.827291],[0.553364,48.827066],[0.553688,48.826964]],[[0.540105,48.827559],[0.552983,48.827588],[0.553508,48.828328],[0.552263,48.828931],[0.53959,48.827973],[0.540105,48.827559]],[[0.624921,48.763377],[0.625066,48.763231],[0.625217,48.763378],[0.62604,48.763473],[0.626261,48.763668],[0.626124,48.763919],[0.626333,48.763999],[0.627237,48.763976],[0.627057,48.764753],[0.625883,48.764263],[0.625599,48.763786],[0.62494,48.763786],[0.624745,48.76355],[0.624921,48.763377]]]}},{"type":"Feature","properties":{"uai_primary":"0611220V","uai_all":"0611220V","is_merged":false},"geometry":{"type":"Polygon","coordinates":[[[-0.438733,48.51167],[-0.440331,48.512354],[-0.439115,48.516322],[-0.43738,48.517523],[-0.438419,48.511683],[-0.438733,48.51167]],[[-0.406533,48.517776],[-0.401422,48.525432],[-0.390961,48.521388],[-0.402869,48.514147],[-0.404314,48.513613],[-0.404904,48.513573],[-0.407271,48.512606],[-0.407725,48.512851],[-0.408144,48.513735],[-0.407973,48.514762],[-0.408255,48.515277],[-0.406533,48.517776]],[[-0.443934,48.518169],[-0.444142,48.518537],[-0.442943,48.519171],[-0.438689,48.520307],[-0.440576,48.518099],[-0.44293,48.517627],[-0.443282,48.51786],[-0.44302,48.518329],[-0.443934,48.518169]],[[-0.509456,48.508876],[-0.509729,48.509039],[-0.510086,48.509016],[-0.51088,48.508185],[-0.511851,48.507725],[-0.512573,48.507149],[-0.513194,48.506129],[-0.513483,48.504639],[-0.514626,48.503655],[-0.515362,48.503684],[-0.516257,48.504135],[-0.516906,48.504088],[-0.517107,48.503914],[-0.517442,48.50313],[-0.516819,48.502534],[-0.516881,48.501866],[-0.516293,48.50079],[-0.516514,48.500185],[-0.515685,48.499753],[-0.516208,48.499102],[-0.51604,48.498559],[-0.516174,48.498274],[-0.518543,48.497515],[-0.520187,48.497397],[-0.520552,48.497258],[-0.520949,48.496373],[-0.52086,48.495541],[-0.521006,48.495292],[-0.52131,48.495238],[-0.523087,48.49561],[-0.524336,48.496211],[-0.526336,48.49592],[-0.527227,48.496105],[-0.527706,48.496525],[-0.52825,48.496493],[-0.52845,48.495975],[-0.527944,48.495591],[-0.528042,48.495256],[-0.530629,48.495134],[-0.530874,48.494971],[-0.531218,48.494029],[-0.532312,48.494022],[-0.532718,48.493865],[-0.533073,48.493224],[-0.534909,48.491575],[-0.536061,48.491154],[-0.536086,48.49098],[-0.536991,48.49079],[-0.537712,48.490423],[-0.537865,48.488931],[-0.538542,48.488042],[-0.53941,48.485975],[-0.539236,48.484193],[-0.540192,48.483747],[-0.542711,48.483532],[-0.544425,48.483122],[-0.545978,48.482233],[-0.547323,48.481751],[-0.54796,48.48118],[-0.549438,48.480551],[-0.550288,48.478561],[-0.550074,48.476583],[-0.550362,48.474158],[-0.550621,48.473703],[-0.551227,48.473327],[-0.554897,48.472734],[-0.555907,48.472705],[-0.556121,48.472461],[-0.557317,48.472104],[-0.559831,48.472094],[-0.561107,48.472596],[-0.561779,48.473095],[-0.563242,48.475818],[-0.56404,48.476712],[-0.564727,48.477066],[-0.565288,48.477066],[-0.565915,48.476788],[-0.566668,48.475848],[-0.567935,48.472636],[-0.569329,48.471826],[-0.570807,48.469496],[-0.572526,48.46859],[-0.573933,48.469003],[-0.575396,48.469996],[-0.576612,48.470539],[-0.577237,48.470676],[-0.580011,48.470736],[-0.585976,48.472081],[-0.586721,48.472122],[-0.590561,48.471657],[-0.591891,48.471358],[-0.593216,48.470849],[-0.593589,48.471639],[-0.593274,48.472051],[-0.59356,48.472314],[-0.595337,48.472629],[-0.597118,48.471821],[-0.599724,48.470051],[-0.604364,48.46586],[-0.60543,48.465336],[-0.608241,48.464546],[-0.611003,48.462937],[-0.611981,48.461803],[-0.614983,48.459248],[-0.615739,48.45882],[-0.620707,48.458827],[-0.621642,48.458624],[-0.623417,48.457724],[-0.626663,48.45665],[-0.626849,48.456265],[-0.627289,48.456005],[-0.632063,48.453976],[-0.63288,48.453343],[-0.636293,48.452408],[-0.642143,48.448329],[-0.643805,48.447828],[-0.645917,48.44692],[-0.651075,48.443947],[-0.652036,48.444192],[-0.653535,48.444258],[-0.654092,48.44459],[-0.653694,48.44529],[-0.654261,48.446702],[-0.654609,48.447066],[-0.655794,48.447544],[-0.655735,48.447975],[-0.654656,48.448796],[-0.653898,48.449899],[-0.653714,48.455648],[-0.653896,48.457827],[-0.653549,48.459621],[-0.65452,48.461415],[-0.654823,48.462431],[-0.656377,48.46459],[-0.656682,48.465808],[-0.657456,48.466479],[-0.658225,48.46765],[-0.659919,48.469407],[-0.659672,48.469845],[-0.656989,48.471826],[-0.656629,48.472591],[-0.656042,48.473019],[-0.65575,48.474985],[-0.656797,48.476357],[-0.657685,48.476842],[-0.659923,48.477003],[-0.661875,48.47633],[-0.662631,48.476393],[-0.662995,48.476617],[-0.663147,48.476888],[-0.662979,48.477524],[-0.661907,48.478123],[-0.66058,48.478438],[-0.660203,48.47876],[-0.660072,48.479023],[-0.660255,48.479995],[-0.661956,48.482894],[-0.662269,48.483923],[-0.663994,48.4847],[-0.666066,48.485908],[-0.667496,48.486342],[-0.6688,48.486547],[-0.668976,48.486008],[-0.66864,48.483526],[-0.669114,48.482862],[-0.670024,48.482544],[-0.671103,48.482575],[-0.672096,48.482866],[-0.673081,48.483873],[-0.674006,48.484394],[-0.673959,48.48485],[-0.67422,48.485113],[-0.674458,48.485131],[-0.676802,48.484185],[-0.675554,48.48331],[-0.675259,48.48066],[-0.676535,48.480493],[-0.677458,48.478886],[-0.680613,48.478445],[-0.683816,48.477689],[-0.684208,48.477445],[-0.685567,48.477203],[-0.685912,48.475713],[-0.685625,48.474585],[-0.684879,48.4737],[-0.683606,48.472717],[-0.683116,48.471922],[-0.6823,48.471352],[-0.681819,48.471313],[-0.68151,48.470893],[-0.682176,48.470936],[-0.686188,48.47039],[-0.690893,48.468424],[-0.692189,48.468059],[-0.694974,48.468587],[-0.696539,48.468522],[-0.698253,48.468035],[-0.698484,48.467677],[-0.699583,48.46719],[-0.701764,48.467223],[-0.70272,48.467773],[-0.703253,48.468243],[-0.70404,48.470396],[-0.70376,48.470788],[-0.69995,48.472985],[-0.699674,48.473358],[-0.699745,48.473938],[-0.700663,48.474915],[-0.70201,48.474868],[-0.704717,48.475614],[-0.705859,48.475595],[-0.708026,48.474813],[-0.708615,48.474438],[-0.709868,48.473236],[-0.711324,48.4705],[-0.713407,48.46933],[-0.714426,48.469149],[-0.715181,48.469128],[-0.716911,48.469776],[-0.719719,48.47009],[-0.720128,48.470296],[-0.721981,48.470377],[-0.722702,48.471163],[-0.722449,48.471454],[-0.724939,48.473447],[-0.725932,48.473322],[-0.7276,48.472338],[-0.728554,48.472098],[-0.730839,48.473179],[-0.731203,48.471232],[-0.731917,48.470719],[-0.7319,48.470449],[-0.732801,48.468971],[-0.733184,48.468987],[-0.733264,48.468861],[-0.732946,48.468304],[-0.733738,48.467059],[-0.735186,48.467022],[-0.735406,48.466573],[-0.736831,48.465274],[-0.737262,48.465116],[-0.73708,48.463797],[-0.736241,48.462426],[-0.735976,48.461382],[-0.733277,48.460045],[-0.732885,48.45996],[-0.732414,48.460111],[-0.731568,48.460103],[-0.731058,48.460011],[-0.730715,48.459741],[-0.729019,48.459884],[-0.727674,48.45936],[-0.726433,48.458267],[-0.726368,48.458035],[-0.725021,48.457467],[-0.725004,48.457235],[-0.726074,48.45632],[-0.726015,48.45582],[-0.725452,48.455471],[-0.722923,48.45547],[-0.722088,48.455698],[-0.721401,48.455472],[-0.721123,48.455546],[-0.72016,48.454734],[-0.718816,48.454186],[-0.718257,48.454117],[-0.715413,48.454359],[-0.715018,48.454594],[-0.714815,48.454364],[-0.714894,48.453782],[-0.714202,48.452612],[-0.714577,48.451826],[-0.714221,48.450406],[-0.71484,48.449091],[-0.716182,48.448297],[-0.719191,48.447178],[-0.720172,48.446906],[-0.721724,48.446886],[-0.722759,48.446509],[-0.723445,48.446496],[-0.724321,48.446174],[-0.725396,48.445493],[-0.727284,48.444793],[-0.72926,48.445056],[-0.730232,48.445482],[-0.731847,48.445341],[-0.735307,48.445651],[-0.734993,48.445113],[-0.735132,48.444914],[-0.735773,48.444549],[-0.736417,48.444564],[-0.737073,48.444075],[-0.738093,48.443691],[-0.738627,48.443545],[-0.740015,48.443539],[-0.740931,48.442631],[-0.741088,48.442219],[-0.742436,48.442036],[-0.743132,48.442318],[-0.744771,48.442501],[-0.746526,48.442067],[-0.747414,48.441254],[-0.747331,48.440699],[-0.747652,48.438971],[-0.748048,48.438756],[-0.752172,48.437398],[-0.752916,48.437306],[-0.75315,48.437592],[-0.753897,48.437688],[-0.755007,48.437376],[-0.755935,48.43732],[-0.759079,48.436156],[-0.762688,48.436582],[-0.764559,48.436338],[-0.764889,48.436561],[-0.764736,48.43795],[-0.765114,48.439142],[-0.766355,48.440701],[-0.767271,48.440883],[-0.769278,48.441896],[-0.769898,48.441575],[-0.770492,48.442367],[-0.771339,48.442775],[-0.772885,48.443038],[-0.773398,48.442993],[-0.77399,48.442728],[-0.774504,48.443296],[-0.774581,48.443997],[-0.775363,48.445776],[-0.776376,48.445749],[-0.778507,48.446099],[-0.779789,48.446064],[-0.780005,48.447408],[-0.779859,48.448357],[-0.778783,48.450272],[-0.777903,48.450952],[-0.777607,48.451638],[-0.777779,48.45408],[-0.778062,48.454297],[-0.777525,48.455481],[-0.778585,48.456089],[-0.778927,48.457277],[-0.77859,48.458875],[-0.777875,48.459362],[-0.777424,48.460762],[-0.777929,48.462259],[-0.777707,48.463772],[-0.777891,48.465534],[-0.779272,48.465062],[-0.780487,48.466154],[-0.780828,48.46619],[-0.781287,48.465953],[-0.781853,48.466013],[-0.784694,48.46405],[-0.786827,48.465843],[-0.787111,48.465836],[-0.788541,48.465078],[-0.789484,48.465008],[-0.791919,48.465448],[-0.792024,48.46579],[-0.796761,48.466199],[-0.796662,48.465751],[-0.797563,48.46528],[-0.796493,48.463464],[-0.797966,48.4632],[-0.799069,48.462757],[-0.798332,48.461727],[-0.798705,48.461455],[-0.798585,48.460604],[-0.798296,48.46022],[-0.798759,48.459677],[-0.798668,48.459222],[-0.799733,48.458872],[-0.799934,48.458961],[-0.800278,48.458858],[-0.801608,48.458333],[-0.803193,48.458231],[-0.804781,48.457709],[-0.806677,48.4578],[-0.808086,48.457429],[-0.809651,48.456517],[-0.810489,48.456319],[-0.812505,48.455027],[-0.813155,48.455209],[-0.813837,48.455869],[-0.814219,48.456684],[-0.814657,48.456828],[-0.814858,48.457201],[-0.815426,48.457515],[-0.81548,48.457897],[-0.81606,48.458484],[-0.815432,48.458722],[-0.815366,48.45907],[-0.814608,48.459437],[-0.814404,48.459822],[-0.814637,48.460038],[-0.814772,48.460789],[-0.815601,48.461227],[-0.81559,48.461572],[-0.816205,48.462345],[-0.8159,48.462916],[-0.815844,48.463723],[-0.815403,48.46376],[-0.815433,48.464068],[-0.81413,48.464244],[-0.814799,48.465614],[-0.815336,48.467676],[-0.816547,48.468444],[-0.818126,48.468479],[-0.818433,48.468861],[-0.81749,48.470164],[-0.816968,48.470395],[-0.815885,48.47055],[-0.815781,48.47083],[-0.815426,48.470764],[-0.815229,48.470884],[-0.815408,48.4711],[-0.815319,48.471496],[-0.815113,48.471872],[-0.814732,48.471962],[-0.81478,48.472231],[-0.815525,48.472896],[-0.816457,48.47279],[-0.816407,48.473351],[-0.816592,48.473579],[-0.816738,48.473636],[-0.816889,48.473442],[-0.817204,48.473747],[-0.817484,48.473701],[-0.81782,48.473881],[-0.817792,48.474181],[-0.818036,48.474207],[-0.818315,48.474947],[-0.818821,48.475101],[-0.819084,48.474728],[-0.819318,48.474693],[-0.819427,48.475095],[-0.820097,48.475329],[-0.820356,48.475783],[-0.820512,48.47576],[-0.820446,48.475577],[-0.820988,48.475621],[-0.820626,48.475894],[-0.820881,48.476087],[-0.821093,48.476113],[-0.822349,48.475202],[-0.82383,48.475023],[-0.825074,48.47561],[-0.825647,48.475577],[-0.826456,48.475849],[-0.826327,48.476295],[-0.826828,48.476182],[-0.827213,48.476663],[-0.826955,48.477391],[-0.826487,48.4774],[-0.826274,48.477544],[-0.826698,48.477707],[-0.826628,48.477985],[-0.826329,48.478034],[-0.826149,48.477903],[-0.825855,48.478031],[-0.826381,48.478258],[-0.826349,48.478608],[-0.826087,48.47878],[-0.826308,48.478984],[-0.826737,48.479007],[-0.827359,48.479296],[-0.828757,48.479353],[-0.829269,48.479172],[-0.829652,48.479348],[-0.829822,48.479151],[-0.829528,48.478985],[-0.829637,48.478853],[-0.830461,48.478766],[-0.831739,48.478991],[-0.832311,48.479289],[-0.832711,48.47991],[-0.8324,48.480024],[-0.832426,48.480384],[-0.831385,48.481301],[-0.831619,48.48214],[-0.832114,48.482717],[-0.832048,48.483165],[-0.831236,48.483683],[-0.83164,48.484353],[-0.832406,48.484604],[-0.832628,48.484315],[-0.833495,48.484165],[-0.834214,48.483844],[-0.835188,48.483734],[-0.835337,48.484018],[-0.835636,48.484063],[-0.835765,48.483896],[-0.836176,48.48401],[-0.836152,48.484558],[-0.836643,48.484602],[-0.836706,48.484329],[-0.836985,48.484281],[-0.837263,48.484543],[-0.837804,48.484585],[-0.83789,48.484763],[-0.837271,48.485083],[-0.83779,48.485214],[-0.83757,48.485774],[-0.837964,48.485903],[-0.838044,48.486146],[-0.837835,48.486431],[-0.838185,48.486401],[-0.838573,48.486592],[-0.838404,48.487061],[-0.838912,48.487059],[-0.839009,48.487513],[-0.838564,48.488302],[-0.838881,48.488243],[-0.839258,48.488422],[-0.839167,48.488669],[-0.839562,48.488718],[-0.839458,48.488899],[-0.839671,48.489101],[-0.839629,48.489433],[-0.838993,48.489617],[-0.839381,48.489625],[-0.839244,48.489764],[-0.840501,48.490653],[-0.83982,48.490699],[-0.83977,48.491045],[-0.840375,48.491329],[-0.839813,48.491553],[-0.8403,48.492285],[-0.841111,48.49239],[-0.840318,48.493087],[-0.840152,48.493873],[-0.840881,48.493909],[-0.840651,48.494029],[-0.840958,48.49413],[-0.840638,48.494301],[-0.840766,48.494428],[-0.84148,48.494414],[-0.841506,48.49466],[-0.841801,48.494833],[-0.841377,48.495154],[-0.841991,48.495171],[-0.841727,48.495485],[-0.841815,48.495642],[-0.844435,48.496325],[-0.844469,48.496976],[-0.845012,48.496864],[-0.844984,48.497069],[-0.845861,48.497479],[-0.845625,48.497883],[-0.845806,48.498085],[-0.846182,48.49805],[-0.84634,48.498232],[-0.845531,48.498707],[-0.845507,48.499062],[-0.846246,48.499351],[-0.846432,48.499595],[-0.84703,48.499639],[-0.848087,48.499296],[-0.848262,48.498541],[-0.848526,48.498337],[-0.848786,48.49836],[-0.849197,48.497729],[-0.850451,48.497633],[-0.8507,48.498209],[-0.851028,48.497968],[-0.851415,48.497934],[-0.851381,48.498456],[-0.851611,48.498507],[-0.851664,48.49818],[-0.852003,48.498421],[-0.852289,48.498426],[-0.85216,48.498109],[-0.852349,48.498005],[-0.852618,48.498353],[-0.852831,48.498185],[-0.853129,48.498336],[-0.852702,48.498453],[-0.852679,48.498668],[-0.853156,48.499014],[-0.853614,48.498863],[-0.853769,48.499145],[-0.853605,48.499317],[-0.853802,48.49945],[-0.853975,48.499141],[-0.854212,48.499134],[-0.854635,48.499723],[-0.854891,48.499585],[-0.855206,48.499693],[-0.85547,48.49961],[-0.85599,48.500062],[-0.856797,48.499824],[-0.857403,48.500423],[-0.857638,48.5004],[-0.857545,48.500051],[-0.857711,48.499984],[-0.858011,48.500442],[-0.859097,48.500519],[-0.859229,48.500693],[-0.858959,48.500784],[-0.858979,48.500999],[-0.859191,48.501082],[-0.859408,48.500803],[-0.859691,48.500876],[-0.859464,48.50124],[-0.860181,48.501522],[-0.860472,48.501488],[-0.860381,48.501913],[-0.860568,48.502107],[-0.860309,48.502895],[-0.859745,48.503284],[-0.859141,48.503358],[-0.858977,48.503762],[-0.858167,48.503903],[-0.857549,48.504929],[-0.856633,48.505375],[-0.85665,48.506096],[-0.856452,48.506149],[-0.856156,48.507018],[-0.855154,48.507595],[-0.854628,48.508438],[-0.855944,48.508763],[-0.855585,48.509757],[-0.855847,48.510007],[-0.855924,48.510792],[-0.856353,48.511229],[-0.856654,48.511256],[-0.856392,48.51193],[-0.856207,48.512042],[-0.855424,48.512031],[-0.854901,48.51241],[-0.854463,48.513109],[-0.854656,48.51334],[-0.854411,48.513706],[-0.853514,48.513976],[-0.853313,48.514499],[-0.852704,48.515108],[-0.852734,48.515701],[-0.851526,48.516029],[-0.851571,48.516303],[-0.850795,48.516756],[-0.850856,48.517096],[-0.850071,48.518383],[-0.848886,48.519732],[-0.848695,48.519691],[-0.848517,48.520352],[-0.8474,48.521231],[-0.847446,48.521647],[-0.83833,48.526065],[-0.836803,48.527061],[-0.836684,48.526963],[-0.834753,48.527705],[-0.834553,48.52798],[-0.83262,48.528832],[-0.831814,48.528787],[-0.831113,48.529186],[-0.830585,48.529137],[-0.830003,48.530166],[-0.829393,48.529769],[-0.829021,48.529904],[-0.828389,48.530543],[-0.827893,48.530168],[-0.8271,48.530453],[-0.827607,48.531479],[-0.827306,48.532209],[-0.825351,48.532894],[-0.826608,48.53438],[-0.824367,48.535232],[-0.824749,48.535738],[-0.824271,48.53591],[-0.824178,48.535829],[-0.823402,48.536082],[-0.82307,48.53555],[-0.821457,48.535969],[-0.820302,48.537082],[-0.81933,48.53842],[-0.818347,48.539008],[-0.817997,48.539742],[-0.817107,48.540194],[-0.81725,48.541156],[-0.817068,48.541526],[-0.816426,48.541833],[-0.815064,48.542954],[-0.814035,48.544576],[-0.813914,48.545264],[-0.807896,48.547003],[-0.808566,48.547967],[-0.80791,48.548111],[-0.807951,48.548864],[-0.806145,48.549596],[-0.805406,48.549602],[-0.805305,48.54983],[-0.80584,48.5501],[-0.805711,48.550701],[-0.801604,48.550148],[-0.798847,48.550041],[-0.795632,48.550337],[-0.793709,48.550364],[-0.7925,48.550755],[-0.790228,48.551805],[-0.789892,48.552382],[-0.789054,48.553095],[-0.787769,48.554625],[-0.78572,48.556096],[-0.781174,48.557676],[-0.779983,48.557931],[-0.778002,48.55994],[-0.776261,48.562378],[-0.774827,48.562603],[-0.774309,48.562856],[-0.773822,48.56344],[-0.773589,48.564215],[-0.773314,48.566354],[-0.773478,48.570815],[-0.774343,48.573063],[-0.77575,48.573469],[-0.77616,48.573432],[-0.775452,48.574908],[-0.774582,48.575415],[-0.774282,48.575229],[-0.775006,48.577436],[-0.774686,48.578292],[-0.774055,48.578874],[-0.770762,48.580962],[-0.770073,48.582021],[-0.769272,48.584472],[-0.769243,48.585814],[-0.769026,48.58642],[-0.76927,48.587301],[-0.769727,48.58736],[-0.770338,48.58828],[-0.770045,48.588928],[-0.77004,48.589687],[-0.768598,48.590176],[-0.767316,48.590951],[-0.766782,48.591099],[-0.766407,48.591532],[-0.766406,48.59187],[-0.76601,48.59196],[-0.765544,48.592533],[-0.764467,48.592793],[-0.763935,48.593157],[-0.762792,48.593564],[-0.761592,48.59376],[-0.761075,48.594306],[-0.76033,48.594523],[-0.760239,48.594766],[-0.759375,48.594568],[-0.758661,48.594741],[-0.758201,48.594572],[-0.757969,48.594151],[-0.757529,48.59403],[-0.756992,48.594002],[-0.756383,48.594315],[-0.75582,48.593817],[-0.754859,48.593707],[-0.753635,48.593245],[-0.752569,48.593147],[-0.752197,48.592864],[-0.752982,48.592017],[-0.752246,48.590725],[-0.751317,48.590856],[-0.747895,48.59029],[-0.746141,48.589503],[-0.743091,48.588633],[-0.742087,48.588112],[-0.74026,48.588432],[-0.738036,48.587799],[-0.73592,48.587859],[-0.735226,48.587718],[-0.734856,48.587947],[-0.734306,48.587874],[-0.733898,48.587983],[-0.732546,48.587882],[-0.731657,48.587371],[-0.730973,48.587286],[-0.729199,48.587306],[-0.728536,48.587383],[-0.728026,48.587618],[-0.727325,48.587592],[-0.72627,48.587408],[-0.726347,48.58724],[-0.72557,48.586916],[-0.72467,48.586794],[-0.724154,48.586942],[-0.724076,48.586758],[-0.723453,48.586713],[-0.723402,48.586579],[-0.723229,48.586749],[-0.722245,48.586571],[-0.721766,48.586885],[-0.721602,48.586807],[-0.721631,48.587008],[-0.72114,48.587017],[-0.720868,48.585273],[-0.720127,48.583586],[-0.720697,48.582333],[-0.72059,48.58182],[-0.720815,48.581537],[-0.719275,48.581014],[-0.719267,48.580219],[-0.719558,48.579674],[-0.71762,48.579592],[-0.716447,48.578214],[-0.715056,48.578444],[-0.71451,48.577804],[-0.7135,48.577744],[-0.712735,48.576347],[-0.712216,48.576095],[-0.711773,48.575591],[-0.710941,48.573619],[-0.710275,48.573425],[-0.710421,48.572723],[-0.709432,48.572565],[-0.708622,48.573428],[-0.708133,48.572839],[-0.707261,48.572678],[-0.706532,48.571952],[-0.705243,48.571665],[-0.704656,48.571902],[-0.699572,48.57016],[-0.698997,48.570855],[-0.695964,48.570332],[-0.695545,48.570907],[-0.695458,48.571663],[-0.695139,48.572137],[-0.693705,48.571973],[-0.69329,48.572228],[-0.69182,48.571838],[-0.690512,48.571737],[-0.690508,48.572371],[-0.688681,48.572463],[-0.688701,48.572962],[-0.686841,48.572999],[-0.6857,48.572645],[-0.685545,48.572442],[-0.68501,48.572437],[-0.684856,48.571691],[-0.683411,48.572313],[-0.683304,48.57222],[-0.684085,48.571538],[-0.682874,48.571031],[-0.679332,48.570372],[-0.679346,48.569683],[-0.679146,48.569355],[-0.676758,48.568434],[-0.676409,48.568354],[-0.676166,48.569108],[-0.674094,48.5687],[-0.67341,48.568412],[-0.669799,48.567739],[-0.669467,48.567556],[-0.667971,48.567384],[-0.667808,48.566942],[-0.667332,48.566672],[-0.667593,48.566446],[-0.667718,48.565833],[-0.668053,48.565764],[-0.668633,48.565919],[-0.669476,48.565589],[-0.670126,48.565534],[-0.669869,48.564883],[-0.670758,48.563602],[-0.672534,48.561605],[-0.6731,48.561255],[-0.67278,48.560708],[-0.674416,48.560569],[-0.674734,48.56036],[-0.67482,48.559866],[-0.675785,48.559637],[-0.675137,48.559388],[-0.674928,48.558985],[-0.674645,48.559327],[-0.674155,48.559452],[-0.673995,48.559219],[-0.674133,48.559044],[-0.673581,48.559143],[-0.673065,48.558906],[-0.672244,48.5595],[-0.671366,48.559096],[-0.67023,48.559212],[-0.669763,48.559363],[-0.66975,48.559686],[-0.669179,48.559978],[-0.668637,48.559929],[-0.668346,48.560099],[-0.667612,48.560138],[-0.667799,48.560325],[-0.667434,48.560553],[-0.667499,48.560993],[-0.667053,48.560718],[-0.666705,48.561069],[-0.665255,48.560784],[-0.664443,48.560909],[-0.66457,48.56072],[-0.664297,48.560584],[-0.662908,48.56081],[-0.662873,48.561468],[-0.662241,48.561489],[-0.661906,48.562032],[-0.661276,48.562141],[-0.66115,48.562363],[-0.660905,48.562156],[-0.660005,48.562148],[-0.659476,48.562378],[-0.658374,48.562259],[-0.657808,48.562469],[-0.657581,48.56236],[-0.657407,48.562499],[-0.657228,48.562347],[-0.65625,48.562576],[-0.655049,48.562144],[-0.654115,48.561013],[-0.653517,48.560544],[-0.653091,48.560488],[-0.653569,48.559936],[-0.653658,48.558511],[-0.654131,48.558244],[-0.655208,48.556903],[-0.655422,48.555821],[-0.654808,48.554363],[-0.654497,48.554143],[-0.653356,48.553822],[-0.653506,48.553128],[-0.653165,48.551953],[-0.654521,48.550247],[-0.654393,48.549494],[-0.654653,48.548757],[-0.654619,48.547514],[-0.652871,48.546182],[-0.652141,48.545074],[-0.651165,48.54454],[-0.64882,48.544458],[-0.647864,48.543639],[-0.647115,48.541901],[-0.646223,48.540646],[-0.645696,48.538839],[-0.64535,48.532962],[-0.643633,48.53351],[-0.641864,48.53431],[-0.64073,48.534463],[-0.638799,48.534207],[-0.635631,48.534192],[-0.630547,48.533316],[-0.625803,48.533336],[-0.625356,48.531317],[-0.624192,48.531276],[-0.624157,48.529361],[-0.623077,48.529479],[-0.622869,48.527656],[-0.622347,48.527076],[-0.622537,48.526549],[-0.622132,48.525301],[-0.621671,48.524653],[-0.621634,48.524058],[-0.621204,48.523617],[-0.61681,48.522936],[-0.614759,48.521655],[-0.612898,48.521052],[-0.612169,48.520953],[-0.609899,48.521686],[-0.610001,48.522151],[-0.60916,48.522089],[-0.608661,48.523021],[-0.609013,48.523684],[-0.60804,48.523498],[-0.607624,48.523887],[-0.606103,48.523594],[-0.601683,48.523802],[-0.600971,48.525464],[-0.599563,48.526737],[-0.600366,48.528947],[-0.601629,48.530777],[-0.60258,48.531627],[-0.602831,48.53368],[-0.604284,48.536613],[-0.604616,48.536989],[-0.605776,48.537377],[-0.606219,48.53808],[-0.607252,48.541185],[-0.609586,48.54386],[-0.612833,48.545256],[-0.611842,48.546492],[-0.610988,48.548346],[-0.610438,48.54898],[-0.610162,48.550403],[-0.608819,48.553513],[-0.60882,48.557542],[-0.608559,48.557624],[-0.608684,48.562726],[-0.610023,48.567196],[-0.610233,48.56913],[-0.605672,48.567271],[-0.605787,48.566758],[-0.603809,48.566348],[-0.603262,48.566558],[-0.601318,48.566512],[-0.600216,48.56634],[-0.599557,48.566516],[-0.598728,48.566404],[-0.597402,48.565786],[-0.596681,48.56577],[-0.595545,48.565437],[-0.593799,48.564578],[-0.593197,48.56457],[-0.591942,48.563858],[-0.590064,48.564321],[-0.589506,48.563996],[-0.588561,48.563894],[-0.58845,48.563346],[-0.586588,48.563256],[-0.585854,48.563395],[-0.585014,48.563091],[-0.584678,48.563372],[-0.58351,48.56319],[-0.578432,48.564473],[-0.577831,48.56473],[-0.577232,48.565962],[-0.576422,48.566504],[-0.573141,48.567748],[-0.571686,48.568813],[-0.571363,48.570081],[-0.571519,48.571068],[-0.570361,48.575052],[-0.569198,48.575981],[-0.569147,48.577487],[-0.568322,48.578746],[-0.56787,48.578744],[-0.567256,48.579771],[-0.567326,48.580142],[-0.567949,48.580877],[-0.567686,48.581331],[-0.560527,48.584292],[-0.55985,48.584369],[-0.557871,48.585362],[-0.557187,48.585244],[-0.556552,48.58481],[-0.556467,48.584497],[-0.556351,48.584585],[-0.555862,48.584368],[-0.555387,48.584396],[-0.552748,48.583697],[-0.552425,48.583975],[-0.551115,48.584128],[-0.549439,48.583913],[-0.548499,48.584071],[-0.547999,48.583633],[-0.547146,48.583485],[-0.546567,48.583542],[-0.545874,48.58319],[-0.545192,48.583117],[-0.545039,48.582805],[-0.540562,48.581529],[-0.540427,48.581134],[-0.540726,48.58068],[-0.539094,48.580542],[-0.538936,48.580423],[-0.538033,48.580964],[-0.537023,48.580311],[-0.536372,48.580111],[-0.531241,48.579605],[-0.530721,48.579705],[-0.52223,48.578753],[-0.520227,48.578685],[-0.518737,48.578342],[-0.516082,48.578132],[-0.514907,48.578441],[-0.507236,48.577513],[-0.502742,48.577126],[-0.501733,48.576888],[-0.500495,48.576954],[-0.499332,48.576581],[-0.498224,48.576568],[-0.497808,48.576399],[-0.497271,48.576501],[-0.494334,48.575869],[-0.493748,48.575971],[-0.490162,48.575478],[-0.489067,48.57505],[-0.485309,48.574637],[-0.483404,48.574082],[-0.483029,48.574218],[-0.481708,48.574054],[-0.480795,48.57389],[-0.480441,48.573515],[-0.477255,48.573848],[-0.47644,48.573296],[-0.47353,48.572584],[-0.472186,48.572845],[-0.471463,48.572666],[-0.470205,48.572059],[-0.469773,48.572019],[-0.46964,48.571758],[-0.469079,48.571942],[-0.467924,48.57174],[-0.467021,48.571312],[-0.465863,48.571204],[-0.464558,48.570876],[-0.463732,48.570895],[-0.463419,48.571127],[-0.463015,48.571182],[-0.460859,48.570256],[-0.451729,48.577158],[-0.444054,48.582583],[-0.443054,48.583416],[-0.442657,48.584144],[-0.441114,48.584486],[-0.440624,48.585272],[-0.432493,48.584837],[-0.433134,48.583646],[-0.433086,48.583112],[-0.433403,48.582859],[-0.432761,48.582353],[-0.43346,48.582025],[-0.433998,48.58035],[-0.43246,48.580806],[-0.431967,48.580787],[-0.42825,48.578709],[-0.428275,48.576828],[-0.430817,48.57597],[-0.431159,48.574584],[-0.434859,48.569243],[-0.436282,48.568165],[-0.436069,48.56765],[-0.437246,48.567553],[-0.446049,48.561286],[-0.445992,48.561162],[-0.441126,48.561184],[-0.440365,48.558759],[-0.439967,48.556566],[-0.441087,48.554758],[-0.44055,48.554181],[-0.440983,48.552336],[-0.44244,48.550394],[-0.44242,48.550224],[-0.44174,48.549898],[-0.441856,48.549039],[-0.444366,48.545213],[-0.450876,48.541715],[-0.45696,48.532988],[-0.456947,48.532158],[-0.451486,48.527845],[-0.451149,48.527032],[-0.452809,48.523819],[-0.454106,48.520755],[-0.451974,48.521366],[-0.451562,48.521121],[-0.4504,48.521516],[-0.451805,48.519544],[-0.449945,48.521027],[-0.449684,48.518595],[-0.44614,48.520973],[-0.445776,48.520224],[-0.44578,48.519599],[-0.44487,48.518983],[-0.444859,48.518635],[-0.44701,48.517647],[-0.447469,48.517873],[-0.449455,48.51807],[-0.449513,48.51604],[-0.449883,48.515722],[-0.453632,48.51797],[-0.454601,48.517842],[-0.454933,48.512554],[-0.456219,48.512672],[-0.456654,48.51185],[-0.458618,48.512],[-0.46129,48.512844],[-0.461765,48.512731],[-0.462236,48.512234],[-0.462688,48.512271],[-0.462984,48.512547],[-0.462909,48.513012],[-0.4625,48.513341],[-0.46272,48.513528],[-0.464043,48.513414],[-0.464364,48.513104],[-0.464875,48.512977],[-0.466996,48.513156],[-0.468222,48.512539],[-0.470041,48.512087],[-0.470043,48.511433],[-0.470715,48.510384],[-0.470688,48.509884],[-0.47032,48.509589],[-0.469698,48.50943],[-0.468837,48.509486],[-0.468413,48.508605],[-0.468821,48.508322],[-0.46979,48.508306],[-0.472033,48.507647],[-0.472156,48.507057],[-0.471574,48.506464],[-0.471808,48.506071],[-0.472298,48.505801],[-0.473853,48.505763],[-0.473593,48.503699],[-0.473788,48.503239],[-0.47417,48.503073],[-0.475072,48.502999],[-0.475728,48.50245],[-0.476045,48.502389],[-0.476677,48.502779],[-0.476565,48.503287],[-0.476872,48.503416],[-0.478278,48.501593],[-0.480121,48.502572],[-0.480436,48.503075],[-0.480986,48.502927],[-0.48127,48.501986],[-0.481792,48.502024],[-0.482044,48.502205],[-0.482206,48.50302],[-0.482722,48.502948],[-0.483225,48.502332],[-0.483587,48.502334],[-0.484696,48.504272],[-0.486451,48.504231],[-0.486626,48.503207],[-0.487353,48.503213],[-0.4874,48.504219],[-0.487812,48.504342],[-0.488268,48.504077],[-0.488492,48.503222],[-0.488517,48.501364],[-0.489474,48.501359],[-0.491733,48.501939],[-0.492908,48.501759],[-0.496639,48.503455],[-0.498098,48.503914],[-0.499698,48.50415],[-0.500281,48.504458],[-0.50054,48.50526],[-0.500391,48.506074],[-0.499227,48.506817],[-0.499255,48.507386],[-0.501017,48.507286],[-0.503754,48.506612],[-0.504756,48.505916],[-0.505008,48.505924],[-0.506517,48.506476],[-0.507147,48.506898],[-0.507265,48.5072],[-0.506625,48.507457],[-0.506902,48.508077],[-0.508443,48.508275],[-0.509456,48.508876]],[[-0.463888,48.56524],[-0.464135,48.565296],[-0.463888,48.56524]]]}}]}