{"type":"FeatureCollection","features":[{"type":"Feature","properties":{"uai_primary":"0700004Z","uai_all":"0700004Z","is_merged":false},"geometry":{"type":"Polygon","coordinates":[[[5.725893,47.47902],[5.727293,47.478262],[5.721751,47.473049],[5.71281,47.469735],[5.704628,47.458184],[5.703805,47.458644],[5.707245,47.464978],[5.705416,47.465641],[5.703688,47.465631],[5.695242,47.464056],[5.684041,47.461772],[5.682347,47.461293],[5.681262,47.46391],[5.679685,47.464919],[5.679652,47.466488],[5.678662,47.466418],[5.678407,47.469162],[5.678199,47.46936],[5.675913,47.470051],[5.674561,47.469995],[5.673125,47.471379],[5.671349,47.470968],[5.66988,47.470183],[5.668565,47.470523],[5.667007,47.471569],[5.667311,47.472472],[5.662445,47.475297],[5.663445,47.475884],[5.667466,47.477282],[5.668268,47.477813],[5.668785,47.478427],[5.669232,47.48041],[5.66956,47.484558],[5.669457,47.485587],[5.668728,47.487576],[5.667408,47.489269],[5.666144,47.489903],[5.662867,47.490829],[5.661413,47.491707],[5.657504,47.494711],[5.653452,47.496806],[5.652782,47.497369],[5.652335,47.49857],[5.652267,47.500155],[5.653777,47.502928],[5.655563,47.505254],[5.654206,47.505918],[5.649171,47.507472],[5.648283,47.508124],[5.646167,47.508853],[5.644824,47.508981],[5.644095,47.508781],[5.644109,47.509327],[5.641961,47.509703],[5.641887,47.510711],[5.640261,47.511672],[5.64076,47.512073],[5.640519,47.512235],[5.639675,47.512384],[5.637043,47.512439],[5.636433,47.512664],[5.63606,47.513105],[5.634225,47.514201],[5.633878,47.515662],[5.631512,47.516369],[5.631082,47.517192],[5.630291,47.518002],[5.630552,47.519589],[5.62968,47.519883],[5.627834,47.520878],[5.628386,47.522628],[5.625801,47.523325],[5.625463,47.523244],[5.623228,47.524703],[5.621723,47.526186],[5.621672,47.526412],[5.622227,47.526801],[5.62058,47.528108],[5.619485,47.52868],[5.617807,47.529055],[5.612122,47.526772],[5.610534,47.525782],[5.608975,47.525286],[5.607704,47.525141],[5.60638,47.525224],[5.604769,47.526035],[5.602326,47.528359],[5.603926,47.529073],[5.604352,47.52963],[5.60442,47.531015],[5.604252,47.530999],[5.60424,47.531937],[5.603084,47.533261],[5.603233,47.533701],[5.600687,47.534806],[5.598252,47.536821],[5.597612,47.53938],[5.596906,47.540884],[5.596085,47.541583],[5.595681,47.542584],[5.59291,47.545093],[5.592578,47.545102],[5.591814,47.544584],[5.590589,47.544123],[5.589382,47.541771],[5.58246,47.54381],[5.583447,47.545808],[5.58513,47.547191],[5.586453,47.547507],[5.584806,47.547647],[5.58387,47.547903],[5.582177,47.548771],[5.581371,47.548986],[5.580733,47.549082],[5.580288,47.548767],[5.580181,47.549056],[5.579002,47.549295],[5.578076,47.549309],[5.576915,47.549906],[5.573077,47.551274],[5.571697,47.551537],[5.569772,47.551591],[5.569235,47.552597],[5.5682,47.553075],[5.567804,47.553132],[5.566884,47.552212],[5.565405,47.551938],[5.564811,47.552],[5.565926,47.553948],[5.56545,47.555987],[5.564479,47.5575],[5.564555,47.559838],[5.564196,47.560523],[5.56369,47.560942],[5.56226,47.561477],[5.561662,47.561494],[5.559151,47.561021],[5.557263,47.560012],[5.555061,47.560102],[5.554081,47.561479],[5.555058,47.563343],[5.555331,47.564551],[5.554321,47.566055],[5.551576,47.565496],[5.550656,47.564538],[5.548861,47.564228],[5.548462,47.563825],[5.547351,47.563345],[5.547174,47.563045],[5.543887,47.562257],[5.541512,47.561467],[5.538947,47.559737],[5.537513,47.559102],[5.531851,47.558942],[5.529664,47.559048],[5.525108,47.554586],[5.523934,47.554724],[5.520451,47.555716],[5.517641,47.55605],[5.516111,47.555909],[5.505377,47.559893],[5.504214,47.564921],[5.504348,47.567168],[5.502699,47.569644],[5.502304,47.569699],[5.495202,47.568813],[5.493988,47.568531],[5.49337,47.568187],[5.492649,47.567262],[5.491921,47.56395],[5.491289,47.563383],[5.489033,47.563489],[5.487879,47.56307],[5.486949,47.563096],[5.485574,47.563448],[5.483832,47.563225],[5.480483,47.563946],[5.47998,47.56558],[5.482959,47.566444],[5.48427,47.567264],[5.485388,47.568178],[5.485768,47.568979],[5.486592,47.569406],[5.485378,47.570249],[5.485893,47.571091],[5.485238,47.572368],[5.486576,47.573872],[5.487844,47.575944],[5.48824,47.577014],[5.488066,47.577467],[5.485807,47.579735],[5.484128,47.581716],[5.483632,47.584565],[5.483966,47.587376],[5.483482,47.590051],[5.481376,47.594797],[5.481265,47.596286],[5.480145,47.598746],[5.478131,47.607443],[5.4776,47.608671],[5.471486,47.608538],[5.471056,47.608219],[5.470801,47.608405],[5.470035,47.610092],[5.468438,47.611214],[5.468329,47.611623],[5.466816,47.611933],[5.466923,47.612605],[5.463604,47.61391],[5.463551,47.614136],[5.461605,47.614999],[5.459051,47.615698],[5.457702,47.616544],[5.455735,47.618172],[5.453658,47.619083],[5.452514,47.620014],[5.451767,47.620889],[5.451719,47.621205],[5.452152,47.621779],[5.451639,47.622107],[5.449991,47.622377],[5.449645,47.622161],[5.449052,47.622267],[5.447419,47.622805],[5.447299,47.623034],[5.446906,47.623134],[5.446159,47.62401],[5.445689,47.626228],[5.445441,47.626549],[5.444798,47.626926],[5.442853,47.628959],[5.440998,47.630268],[5.440201,47.630289],[5.437582,47.629909],[5.435563,47.630684],[5.431992,47.631094],[5.431984,47.630959],[5.430402,47.631226],[5.426585,47.632002],[5.426271,47.632326],[5.426005,47.632333],[5.425859,47.632112],[5.425591,47.632074],[5.423917,47.633064],[5.423321,47.633523],[5.422883,47.636328],[5.423011,47.63859],[5.422374,47.639689],[5.422955,47.64038],[5.42321,47.64271],[5.422154,47.64366],[5.421325,47.643785],[5.41842,47.643813],[5.418089,47.644018],[5.417965,47.644672],[5.417371,47.645338],[5.417307,47.645698],[5.416012,47.646009],[5.413147,47.645996],[5.411338,47.646943],[5.410149,47.64711],[5.409503,47.647487],[5.408451,47.647695],[5.406296,47.648427],[5.405797,47.648418],[5.405612,47.64813],[5.404315,47.648749],[5.400169,47.648453],[5.399121,47.648751],[5.39812,47.648732],[5.399055,47.649923],[5.398848,47.650964],[5.398838,47.653079],[5.39918,47.653161],[5.400876,47.654776],[5.401998,47.656533],[5.402695,47.656683],[5.404532,47.66517],[5.405186,47.666928],[5.405162,47.668364],[5.406203,47.671951],[5.406112,47.672896],[5.406512,47.673536],[5.407506,47.673088],[5.408179,47.674036],[5.408672,47.673924],[5.409102,47.674517],[5.409431,47.674438],[5.409744,47.674824],[5.410145,47.674653],[5.410708,47.674925],[5.411226,47.674532],[5.413606,47.675355],[5.413802,47.675124],[5.416848,47.676291],[5.41689,47.675976],[5.417631,47.67621],[5.418164,47.676196],[5.418655,47.676633],[5.419334,47.67684],[5.4199,47.67741],[5.419852,47.677726],[5.420181,47.677672],[5.421903,47.676322],[5.423537,47.675784],[5.42466,47.676322],[5.425154,47.676225],[5.426496,47.675684],[5.427689,47.67499],[5.429691,47.674332],[5.430386,47.673371],[5.431142,47.672761],[5.432818,47.672238],[5.43404,47.671403],[5.435205,47.671035],[5.435644,47.671066],[5.435954,47.671381],[5.439146,47.670648],[5.439549,47.671389],[5.443919,47.67057],[5.444053,47.670956],[5.444208,47.670822],[5.446307,47.670851],[5.447749,47.671193],[5.447978,47.672117],[5.448495,47.671823],[5.451902,47.672012],[5.451987,47.672325],[5.454694,47.673018],[5.457032,47.67325],[5.457247,47.673751],[5.457988,47.67359],[5.458141,47.673712],[5.461988,47.672879],[5.463066,47.673497],[5.464622,47.674102],[5.466943,47.674264],[5.468937,47.674886],[5.470158,47.675106],[5.471437,47.675582],[5.472135,47.676104],[5.47257,47.676723],[5.473382,47.679176],[5.474542,47.680765],[5.477446,47.681733],[5.480545,47.683078],[5.48277,47.684638],[5.483488,47.684568],[5.486987,47.683503],[5.489477,47.682311],[5.491498,47.681609],[5.492928,47.680627],[5.494118,47.680679],[5.49518,47.680386],[5.497038,47.679517],[5.499416,47.678823],[5.501045,47.678157],[5.503077,47.677021],[5.504866,47.676972],[5.508031,47.676441],[5.509337,47.675294],[5.510069,47.674232],[5.510319,47.674145],[5.511617,47.673952],[5.513918,47.673895],[5.51534,47.673913],[5.516446,47.674118],[5.518425,47.673697],[5.522092,47.673572],[5.526746,47.672828],[5.529854,47.672991],[5.530924,47.675225],[5.532951,47.677102],[5.533677,47.676546],[5.537595,47.679767],[5.539056,47.681382],[5.540044,47.683254],[5.540562,47.683386],[5.540798,47.684182],[5.541897,47.685137],[5.54329,47.685598],[5.543023,47.685986],[5.549751,47.691699],[5.549311,47.691828],[5.549515,47.692181],[5.54984,47.692059],[5.550421,47.692375],[5.552087,47.693455],[5.553331,47.694493],[5.554926,47.695202],[5.555078,47.695318],[5.554931,47.695468],[5.556248,47.69613],[5.556882,47.696666],[5.558254,47.697275],[5.559073,47.699081],[5.56049,47.699786],[5.561853,47.700703],[5.562498,47.701313],[5.563294,47.702773],[5.564385,47.702588],[5.565631,47.704213],[5.566981,47.705189],[5.567499,47.7068],[5.567371,47.707348],[5.567591,47.707371],[5.570011,47.706728],[5.571216,47.706694],[5.571234,47.706285],[5.571898,47.70555],[5.572389,47.705395],[5.576619,47.704715],[5.577932,47.70406],[5.578405,47.70361],[5.581705,47.703074],[5.582236,47.702607],[5.582779,47.702476],[5.581985,47.701358],[5.58522,47.700019],[5.584427,47.698945],[5.58477,47.698795],[5.584682,47.69853],[5.584842,47.6984],[5.584505,47.69819],[5.584459,47.696426],[5.584779,47.696397],[5.584981,47.695282],[5.584585,47.692912],[5.584955,47.692553],[5.5846,47.690976],[5.584745,47.690695],[5.585299,47.690377],[5.587551,47.690251],[5.586336,47.6898],[5.586588,47.689505],[5.585999,47.688902],[5.586215,47.687989],[5.587289,47.68794],[5.589447,47.68648],[5.592057,47.683664],[5.592355,47.682911],[5.591697,47.682381],[5.592796,47.681943],[5.591895,47.681032],[5.591811,47.680312],[5.591453,47.680251],[5.591811,47.679973],[5.591822,47.679468],[5.592113,47.679466],[5.592465,47.67793],[5.592357,47.677665],[5.594321,47.676767],[5.594171,47.675382],[5.594735,47.674888],[5.59516,47.674004],[5.596822,47.67202],[5.600209,47.673818],[5.600223,47.67438],[5.600897,47.675191],[5.601231,47.675253],[5.602548,47.674991],[5.60335,47.675095],[5.603527,47.675272],[5.606093,47.675207],[5.608909,47.673634],[5.609635,47.673694],[5.61091,47.673325],[5.611835,47.673467],[5.616301,47.673461],[5.616917,47.673507],[5.618158,47.674351],[5.618951,47.674587],[5.620295,47.67478],[5.620775,47.674802],[5.621088,47.674652],[5.622015,47.674803],[5.625147,47.67579],[5.630566,47.677136],[5.631813,47.677283],[5.63415,47.677182],[5.636731,47.676266],[5.639618,47.675959],[5.644499,47.676763],[5.646529,47.67591],[5.648277,47.675404],[5.653183,47.677178],[5.654588,47.678334],[5.659422,47.681232],[5.659294,47.682818],[5.659658,47.684726],[5.660569,47.684967],[5.661,47.684041],[5.663481,47.684922],[5.663744,47.68487],[5.664374,47.684264],[5.665412,47.684585],[5.666699,47.685348],[5.667383,47.685523],[5.667711,47.685431],[5.668432,47.684072],[5.669951,47.683382],[5.670186,47.683003],[5.671657,47.68216],[5.672031,47.682001],[5.67277,47.681966],[5.674049,47.682296],[5.674999,47.681987],[5.675642,47.682233],[5.676275,47.683546],[5.677242,47.684174],[5.679499,47.685122],[5.680487,47.686422],[5.68099,47.686632],[5.683039,47.685395],[5.68584,47.683064],[5.687694,47.685799],[5.690096,47.684914],[5.691125,47.684716],[5.693094,47.689248],[5.692746,47.689356],[5.693676,47.690525],[5.696426,47.689519],[5.696287,47.689107],[5.696925,47.688867],[5.6969,47.688463],[5.697493,47.688356],[5.697459,47.687816],[5.697988,47.687756],[5.698041,47.68753],[5.698307,47.687522],[5.698705,47.688546],[5.699431,47.688434],[5.699558,47.68834],[5.699246,47.68763],[5.700688,47.687228],[5.703093,47.686259],[5.703437,47.686428],[5.703833,47.686372],[5.704545,47.686036],[5.704462,47.685768],[5.707183,47.685599],[5.708712,47.684475],[5.709207,47.683875],[5.70884,47.68231],[5.709769,47.682238],[5.709749,47.681925],[5.710013,47.681872],[5.710379,47.680285],[5.710376,47.679206],[5.710813,47.678791],[5.709128,47.676922],[5.707377,47.676208],[5.706,47.675178],[5.703531,47.674123],[5.703347,47.6722],[5.702922,47.671251],[5.703504,47.667898],[5.704893,47.665118],[5.70607,47.66415],[5.707419,47.662177],[5.708118,47.661603],[5.709422,47.662314],[5.710032,47.662246],[5.711468,47.662834],[5.711419,47.663106],[5.715535,47.664967],[5.717851,47.665755],[5.724687,47.665331],[5.724641,47.664612],[5.725771,47.664579],[5.726296,47.66478],[5.72649,47.664419],[5.729693,47.663595],[5.731167,47.663522],[5.731514,47.663736],[5.731778,47.663684],[5.732148,47.663222],[5.736855,47.664931],[5.737894,47.66553],[5.737908,47.665755],[5.738723,47.666002],[5.739383,47.665892],[5.741094,47.666607],[5.740846,47.666884],[5.740987,47.667016],[5.740663,47.667161],[5.740877,47.667379],[5.740423,47.667572],[5.74064,47.667836],[5.738483,47.668484],[5.737982,47.671064],[5.739754,47.672723],[5.740838,47.674042],[5.742712,47.675203],[5.743915,47.676292],[5.744223,47.677501],[5.745882,47.67882],[5.746428,47.680542],[5.747434,47.681201],[5.745886,47.683698],[5.746346,47.684053],[5.74674,47.684987],[5.747371,47.685464],[5.748391,47.685794],[5.74939,47.685764],[5.75044,47.686544],[5.752658,47.686839],[5.753139,47.68705],[5.754076,47.687112],[5.755297,47.687436],[5.756432,47.689519],[5.756977,47.689727],[5.757756,47.690425],[5.760825,47.691505],[5.761748,47.687945],[5.762036,47.685914],[5.760812,47.685138],[5.762354,47.683883],[5.767452,47.682221],[5.768358,47.681534],[5.770127,47.680698],[5.772866,47.680701],[5.775076,47.679813],[5.777178,47.679455],[5.783764,47.679259],[5.785883,47.679061],[5.78818,47.678499],[5.788672,47.67957],[5.790477,47.679146],[5.7909,47.679],[5.791114,47.678624],[5.793357,47.677844],[5.798094,47.675017],[5.800206,47.674221],[5.800931,47.673708],[5.802304,47.673307],[5.803767,47.675289],[5.806381,47.680613],[5.80675,47.682177],[5.8106,47.680182],[5.814599,47.680048],[5.816,47.679574],[5.816459,47.679204],[5.818129,47.676417],[5.820839,47.676444],[5.821522,47.676694],[5.823401,47.676908],[5.828303,47.676446],[5.829119,47.676691],[5.829785,47.676671],[5.830093,47.676302],[5.830304,47.675441],[5.830222,47.675217],[5.829221,47.675203],[5.829207,47.674978],[5.829596,47.674831],[5.829646,47.67456],[5.832961,47.675315],[5.834276,47.676041],[5.83464,47.676525],[5.834686,47.677199],[5.834215,47.678158],[5.836293,47.678528],[5.836238,47.679322],[5.838392,47.679428],[5.838016,47.678179],[5.838736,47.677978],[5.839038,47.677518],[5.840185,47.676718],[5.841401,47.675565],[5.842505,47.676189],[5.843244,47.677085],[5.844276,47.67709],[5.846704,47.676522],[5.847372,47.676547],[5.848192,47.676837],[5.85046,47.676858],[5.853339,47.678077],[5.854005,47.678057],[5.855054,47.678791],[5.856905,47.68058],[5.857579,47.680269],[5.856336,47.679002],[5.852653,47.675922],[5.853178,47.675651],[5.854951,47.675237],[5.856121,47.674797],[5.856745,47.674148],[5.857093,47.673372],[5.857115,47.672696],[5.856741,47.671087],[5.855946,47.66913],[5.855988,47.668769],[5.857575,47.66656],[5.859736,47.662984],[5.8601,47.660451],[5.861916,47.657696],[5.861863,47.656887],[5.862463,47.655878],[5.864047,47.65466],[5.865075,47.654088],[5.866552,47.652243],[5.867756,47.650316],[5.867985,47.65024],[5.867835,47.649783],[5.867965,47.647645],[5.868408,47.6463],[5.869867,47.644252],[5.871841,47.641952],[5.872831,47.639551],[5.873104,47.637682],[5.872196,47.636119],[5.871095,47.6326],[5.871987,47.631722],[5.868919,47.629717],[5.8673,47.628915],[5.862492,47.627247],[5.859533,47.625807],[5.857094,47.62417],[5.854651,47.626494],[5.853532,47.625673],[5.852022,47.624999],[5.850056,47.624473],[5.846704,47.62326],[5.841563,47.622686],[5.840317,47.621133],[5.837493,47.619657],[5.836551,47.619373],[5.832087,47.619075],[5.831303,47.61886],[5.830847,47.618621],[5.827528,47.614974],[5.824713,47.613274],[5.821988,47.61129],[5.820745,47.609795],[5.822659,47.608162],[5.821963,47.605981],[5.821527,47.603725],[5.824764,47.601332],[5.831069,47.599027],[5.833188,47.598111],[5.831751,47.596121],[5.831201,47.595037],[5.831277,47.594425],[5.83228,47.592147],[5.831465,47.589876],[5.831551,47.589153],[5.831218,47.588128],[5.831275,47.587992],[5.834695,47.587393],[5.832555,47.585207],[5.833417,47.584693],[5.834366,47.585301],[5.836381,47.587308],[5.837307,47.587108],[5.837641,47.586663],[5.836872,47.585562],[5.835724,47.584662],[5.83477,47.583398],[5.834381,47.582313],[5.83421,47.580644],[5.833303,47.577976],[5.832771,47.577274],[5.830134,47.577372],[5.829734,47.577532],[5.829,47.577276],[5.829191,47.57653],[5.828515,47.57637],[5.828485,47.575921],[5.829675,47.575795],[5.831441,47.575336],[5.8343,47.574305],[5.836086,47.574162],[5.837524,47.573758],[5.838135,47.572929],[5.83907,47.572616],[5.840419,47.571663],[5.840501,47.571285],[5.842416,47.568722],[5.840759,47.568348],[5.837935,47.566858],[5.837162,47.566251],[5.83693,47.565763],[5.837099,47.564272],[5.836949,47.564007],[5.835306,47.56387],[5.832974,47.562895],[5.832615,47.562564],[5.832013,47.561246],[5.831157,47.560566],[5.830121,47.559846],[5.826884,47.558229],[5.827778,47.556767],[5.827948,47.555668],[5.832363,47.55467],[5.833625,47.554256],[5.8359,47.554025],[5.836469,47.55405],[5.836854,47.554226],[5.837491,47.553997],[5.837424,47.552793],[5.836883,47.55223],[5.838215,47.550914],[5.840578,47.549446],[5.8436,47.54688],[5.846949,47.543222],[5.847545,47.542168],[5.848552,47.541327],[5.848608,47.541146],[5.847864,47.539906],[5.844244,47.537756],[5.845978,47.53666],[5.843369,47.535317],[5.841683,47.533927],[5.840752,47.53292],[5.840587,47.53243],[5.841111,47.530299],[5.840499,47.530092],[5.83856,47.529925],[5.835866,47.529376],[5.835003,47.529402],[5.833365,47.529766],[5.832238,47.529801],[5.828944,47.529224],[5.826698,47.527413],[5.82437,47.525899],[5.822463,47.525386],[5.822118,47.524697],[5.821804,47.524468],[5.820861,47.524165],[5.81943,47.523066],[5.818045,47.522261],[5.814557,47.520857],[5.813859,47.520134],[5.811537,47.518789],[5.810429,47.517588],[5.809087,47.517787],[5.808637,47.51759],[5.806205,47.51774],[5.804982,47.517353],[5.804383,47.517428],[5.803912,47.517271],[5.80358,47.516536],[5.80292,47.515721],[5.801862,47.514892],[5.80081,47.513403],[5.798606,47.512336],[5.794017,47.510868],[5.78963,47.510059],[5.785912,47.515196],[5.784528,47.515216],[5.784016,47.515092],[5.783312,47.514639],[5.782596,47.513832],[5.781539,47.513278],[5.780986,47.513282],[5.780868,47.513463],[5.780574,47.513477],[5.780091,47.513219],[5.779421,47.513239],[5.779185,47.513396],[5.778192,47.513375],[5.778004,47.512999],[5.777289,47.512627],[5.777556,47.512518],[5.777254,47.512067],[5.771144,47.511099],[5.768286,47.510058],[5.765201,47.508574],[5.761136,47.507343],[5.75786,47.505912],[5.754906,47.504396],[5.748225,47.498766],[5.745742,47.497223],[5.745258,47.496453],[5.744121,47.495606],[5.740589,47.492209],[5.7344,47.490289],[5.731354,47.486449],[5.727387,47.483034],[5.724752,47.481768],[5.725893,47.47902]]]}},{"type":"Feature","properties":{"uai_primary":"0700005A","uai_all":"0700005A","is_merged":false},"geometry":{"type":"Polygon","coordinates":[[[6.467359,47.7938],[6.461935,47.792579],[6.461232,47.792239],[6.460373,47.79217],[6.457881,47.791411],[6.45696,47.790878],[6.456812,47.788896],[6.455514,47.78775],[6.454989,47.787786],[6.454133,47.787571],[6.453704,47.788661],[6.451401,47.788952],[6.451656,47.791899],[6.450843,47.793348],[6.45228,47.794724],[6.452194,47.794842],[6.452802,47.795466],[6.452505,47.795947],[6.450232,47.796423],[6.450851,47.796981],[6.45229,47.797552],[6.453378,47.798128],[6.453832,47.798551],[6.457361,47.79951],[6.459398,47.802148],[6.458654,47.802329],[6.457499,47.803143],[6.456325,47.803358],[6.455639,47.803774],[6.452735,47.802947],[6.452568,47.803081],[6.453183,47.803506],[6.454514,47.805464],[6.45468,47.807435],[6.453994,47.807794],[6.453988,47.808183],[6.454399,47.808226],[6.454166,47.808759],[6.454568,47.809003],[6.45537,47.809153],[6.455469,47.809918],[6.45503,47.80999],[6.454603,47.8103],[6.454492,47.810873],[6.453884,47.810778],[6.453823,47.811547],[6.454179,47.812476],[6.45391,47.813177],[6.455385,47.813176],[6.45667,47.816476],[6.457194,47.816719],[6.457082,47.817255],[6.455692,47.817439],[6.455716,47.817754],[6.45668,47.81898],[6.456774,47.81958],[6.457787,47.820367],[6.458326,47.820363],[6.457783,47.821064],[6.455983,47.822437],[6.454682,47.822093],[6.453869,47.822196],[6.453194,47.823126],[6.452528,47.823624],[6.452612,47.824008],[6.45193,47.824782],[6.449771,47.826146],[6.449661,47.826265],[6.450264,47.826565],[6.4502,47.826832],[6.449879,47.826671],[6.447124,47.829867],[6.446714,47.83051],[6.44689,47.830869],[6.446325,47.831134],[6.445884,47.831765],[6.445585,47.832723],[6.445918,47.833721],[6.44442,47.834326],[6.442086,47.833484],[6.440847,47.833311],[6.439721,47.832798],[6.438464,47.833761],[6.437075,47.835233],[6.439917,47.836588],[6.440876,47.837246],[6.441519,47.837329],[6.44264,47.837212],[6.444774,47.836455],[6.444995,47.836872],[6.444824,47.838094],[6.444214,47.838792],[6.444291,47.839365],[6.443388,47.841971],[6.436977,47.847822],[6.43252,47.850952],[6.430399,47.853287],[6.429586,47.854527],[6.427797,47.860244],[6.422873,47.865932],[6.42131,47.867441],[6.421715,47.868461],[6.422205,47.868987],[6.42277,47.869247],[6.424578,47.869508],[6.425595,47.870086],[6.426436,47.870816],[6.427218,47.871211],[6.428882,47.871617],[6.42933,47.872129],[6.430098,47.872334],[6.430593,47.872654],[6.431706,47.872847],[6.432082,47.873235],[6.434686,47.874072],[6.436538,47.875295],[6.438873,47.875445],[6.440921,47.876365],[6.443062,47.87686],[6.44355,47.877096],[6.444173,47.877854],[6.445575,47.878924],[6.448489,47.88049],[6.453883,47.881671],[6.457422,47.88199],[6.457969,47.88216],[6.459886,47.883802],[6.460938,47.884419],[6.461873,47.884745],[6.463143,47.884911],[6.465376,47.884178],[6.46812,47.884263],[6.471489,47.883469],[6.472083,47.88356],[6.475409,47.884371],[6.47624,47.884758],[6.477636,47.885026],[6.479383,47.885911],[6.480161,47.886489],[6.481242,47.886688],[6.485359,47.888839],[6.489766,47.890393],[6.493918,47.892092],[6.495537,47.893114],[6.497206,47.89391],[6.500725,47.895226],[6.501499,47.895694],[6.503214,47.896219],[6.510008,47.897461],[6.519509,47.899914],[6.521203,47.900168],[6.524557,47.900228],[6.534894,47.901388],[6.535846,47.901578],[6.536968,47.902214],[6.537932,47.90254],[6.540916,47.902161],[6.541815,47.902534],[6.543725,47.902961],[6.544003,47.903086],[6.544519,47.905364],[6.543961,47.908446],[6.544401,47.908925],[6.545449,47.909473],[6.550875,47.911169],[6.551891,47.911312],[6.552375,47.911743],[6.551934,47.913517],[6.552025,47.915495],[6.553546,47.916926],[6.558326,47.923218],[6.558482,47.923729],[6.559429,47.92462],[6.560947,47.928232],[6.562541,47.930561],[6.563411,47.931385],[6.568284,47.934496],[6.572931,47.936072],[6.574961,47.936323],[6.576372,47.936693],[6.580012,47.938512],[6.583055,47.939273],[6.583948,47.940227],[6.585867,47.940609],[6.586087,47.9409],[6.586636,47.941145],[6.587201,47.941086],[6.588097,47.941526],[6.589009,47.941748],[6.589456,47.941671],[6.590104,47.941794],[6.589709,47.9426],[6.592674,47.942878],[6.593644,47.942688],[6.594283,47.943073],[6.595193,47.942955],[6.59612,47.943273],[6.60056,47.944175],[6.601251,47.944476],[6.602883,47.944721],[6.604096,47.944811],[6.606469,47.944319],[6.607365,47.943791],[6.607259,47.942489],[6.610645,47.938763],[6.611593,47.937242],[6.613783,47.935316],[6.614577,47.934386],[6.616232,47.93329],[6.616481,47.932651],[6.617395,47.931941],[6.618558,47.931404],[6.619739,47.93109],[6.62054,47.931061],[6.621305,47.930582],[6.622089,47.930328],[6.627362,47.93009],[6.62815,47.929881],[6.630304,47.928361],[6.63076,47.928209],[6.630809,47.927981],[6.629098,47.925072],[6.6297,47.925051],[6.631327,47.923639],[6.633976,47.920795],[6.635276,47.920297],[6.638196,47.919964],[6.640138,47.919938],[6.640244,47.919619],[6.639477,47.919242],[6.639789,47.91896],[6.640313,47.918806],[6.641649,47.918756],[6.641963,47.91852],[6.641444,47.916242],[6.641072,47.915806],[6.639284,47.910287],[6.643744,47.905034],[6.64641,47.903225],[6.649343,47.901966],[6.650638,47.901631],[6.652239,47.901523],[6.654805,47.901069],[6.655498,47.900422],[6.657045,47.899565],[6.658052,47.898688],[6.659233,47.89803],[6.660646,47.898005],[6.662083,47.89769],[6.662816,47.897366],[6.663886,47.895824],[6.664516,47.89535],[6.665566,47.895086],[6.666011,47.894799],[6.666298,47.894203],[6.666931,47.893775],[6.67176,47.892853],[6.674107,47.891865],[6.676306,47.890334],[6.681178,47.890318],[6.682142,47.890642],[6.683382,47.890404],[6.68551,47.888445],[6.685896,47.888251],[6.687584,47.888233],[6.689231,47.887634],[6.689676,47.886424],[6.692641,47.885633],[6.693147,47.884771],[6.696862,47.882838],[6.69778,47.882645],[6.698526,47.882703],[6.700784,47.882066],[6.702831,47.881719],[6.703676,47.881418],[6.70474,47.880522],[6.705881,47.880386],[6.705705,47.879845],[6.706238,47.878561],[6.70854,47.877903],[6.709244,47.877516],[6.710404,47.875928],[6.708751,47.875415],[6.708092,47.874756],[6.707046,47.874604],[6.706209,47.873964],[6.705223,47.873678],[6.704711,47.87287],[6.703924,47.872839],[6.703734,47.87269],[6.703317,47.872814],[6.703164,47.872688],[6.704306,47.870979],[6.704055,47.870741],[6.704161,47.870474],[6.702133,47.867604],[6.70098,47.866819],[6.699755,47.866337],[6.698654,47.863853],[6.698334,47.863606],[6.69654,47.863085],[6.695668,47.861451],[6.694894,47.860674],[6.69437,47.859744],[6.693933,47.859423],[6.693332,47.859278],[6.693202,47.857901],[6.691693,47.857051],[6.689254,47.85507],[6.687697,47.854858],[6.687576,47.854998],[6.686979,47.855066],[6.686167,47.85496],[6.685885,47.854791],[6.686417,47.854222],[6.686056,47.853774],[6.684131,47.85343],[6.682492,47.852576],[6.681269,47.852351],[6.679127,47.85153],[6.676802,47.851532],[6.676704,47.850854],[6.672947,47.851219],[6.671498,47.851498],[6.670516,47.850949],[6.667985,47.850278],[6.666914,47.850273],[6.66547,47.849785],[6.659225,47.85041],[6.657965,47.850743],[6.656546,47.851472],[6.655729,47.851411],[6.655223,47.851198],[6.654278,47.851415],[6.653448,47.851025],[6.652557,47.851121],[6.652179,47.85088],[6.650415,47.85122],[6.649119,47.851141],[6.648324,47.851527],[6.648026,47.851478],[6.64751,47.851038],[6.64614,47.850953],[6.646911,47.849799],[6.645972,47.849824],[6.644937,47.848249],[6.645428,47.84769],[6.645343,47.847468],[6.643662,47.845729],[6.642775,47.84387],[6.643328,47.843265],[6.644811,47.84258],[6.645753,47.842789],[6.647578,47.842313],[6.64802,47.84174],[6.64876,47.841803],[6.649041,47.839496],[6.648015,47.839219],[6.647899,47.838711],[6.647124,47.838703],[6.646441,47.839002],[6.645784,47.838896],[6.646033,47.838142],[6.644893,47.837919],[6.6435,47.838007],[6.642984,47.83846],[6.642319,47.838623],[6.641664,47.839025],[6.641546,47.839269],[6.637486,47.838886],[6.637284,47.838038],[6.635779,47.837644],[6.632676,47.837307],[6.629263,47.837298],[6.628565,47.836108],[6.628862,47.835646],[6.627376,47.835476],[6.62641,47.835106],[6.627404,47.834331],[6.62651,47.833681],[6.627019,47.832908],[6.626989,47.832585],[6.627958,47.832295],[6.628419,47.831993],[6.628877,47.831964],[6.629318,47.831334],[6.629416,47.830942],[6.628466,47.829842],[6.631121,47.829168],[6.632042,47.828472],[6.632441,47.827927],[6.633455,47.827483],[6.63401,47.826934],[6.636599,47.827306],[6.637062,47.827209],[6.637283,47.82651],[6.638079,47.826435],[6.638593,47.826192],[6.639264,47.826211],[6.639449,47.826024],[6.636768,47.825133],[6.635651,47.824543],[6.635499,47.824323],[6.635941,47.823992],[6.635985,47.82372],[6.634912,47.82367],[6.634529,47.823909],[6.633797,47.823936],[6.633033,47.823604],[6.632748,47.823389],[6.633361,47.822692],[6.63338,47.822105],[6.632746,47.821723],[6.631947,47.821752],[6.630855,47.822123],[6.629979,47.823186],[6.629986,47.82363],[6.629161,47.823882],[6.628417,47.823897],[6.626704,47.822729],[6.627982,47.822083],[6.628684,47.821107],[6.629309,47.820851],[6.629365,47.819925],[6.629003,47.819716],[6.629077,47.81896],[6.628781,47.818176],[6.627685,47.817856],[6.62759,47.8175],[6.627208,47.817739],[6.626219,47.817911],[6.625007,47.819229],[6.624041,47.818792],[6.622681,47.818959],[6.62248,47.818872],[6.622761,47.818166],[6.622603,47.817928],[6.621451,47.817362],[6.619961,47.817552],[6.619757,47.817794],[6.617903,47.817028],[6.617606,47.816816],[6.617494,47.816443],[6.616051,47.815895],[6.614412,47.814993],[6.611085,47.814323],[6.609368,47.813755],[6.608047,47.813128],[6.607116,47.812352],[6.605652,47.81245],[6.605507,47.811786],[6.603057,47.810805],[6.602678,47.810923],[6.602308,47.810549],[6.601483,47.810196],[6.600921,47.810146],[6.599136,47.810392],[6.595331,47.809631],[6.593813,47.809056],[6.593783,47.807841],[6.591662,47.807243],[6.591779,47.806203],[6.590387,47.806347],[6.586526,47.805657],[6.585284,47.805188],[6.584665,47.805834],[6.584708,47.806153],[6.585024,47.806186],[6.585471,47.806879],[6.585936,47.806942],[6.585993,47.807121],[6.586679,47.807008],[6.587287,47.80758],[6.587506,47.808782],[6.587304,47.809274],[6.585169,47.808785],[6.584432,47.808767],[6.584399,47.808363],[6.583848,47.808158],[6.583729,47.808343],[6.583062,47.808367],[6.582776,47.808963],[6.582079,47.809438],[6.581376,47.807347],[6.580761,47.807189],[6.580585,47.806656],[6.578539,47.806145],[6.576464,47.80694],[6.57663,47.80734],[6.57495,47.808077],[6.573792,47.80947],[6.57154,47.809731],[6.570505,47.808557],[6.569986,47.808682],[6.568598,47.809614],[6.568448,47.809393],[6.567752,47.80949],[6.567102,47.809392],[6.565141,47.807865],[6.565699,47.807093],[6.565024,47.805399],[6.564145,47.804726],[6.563291,47.80437],[6.561639,47.804286],[6.559936,47.803617],[6.556846,47.802747],[6.555454,47.802137],[6.554489,47.802127],[6.552839,47.801624],[6.552488,47.801322],[6.551917,47.801316],[6.551184,47.800922],[6.550651,47.800942],[6.550575,47.801665],[6.550226,47.802308],[6.549833,47.802413],[6.548759,47.802361],[6.548823,47.803169],[6.545024,47.803307],[6.543976,47.803569],[6.542109,47.803637],[6.541033,47.80354],[6.540074,47.80326],[6.539244,47.80374],[6.539195,47.803967],[6.536009,47.805928],[6.535745,47.805983],[6.534436,47.80549],[6.53369,47.806169],[6.532834,47.806454],[6.532257,47.80624],[6.532678,47.805648],[6.530496,47.805305],[6.530195,47.805101],[6.529611,47.805206],[6.528314,47.804947],[6.525877,47.802916],[6.525916,47.802554],[6.526963,47.801435],[6.527082,47.800395],[6.52414,47.799555],[6.523204,47.799544],[6.521837,47.799998],[6.520556,47.799865],[6.519752,47.798992],[6.519516,47.798379],[6.515772,47.796734],[6.513364,47.797358],[6.51336,47.798179],[6.512753,47.798598],[6.511953,47.797561],[6.51156,47.797665],[6.511315,47.797944],[6.510834,47.797781],[6.509632,47.797779],[6.506814,47.795944],[6.506023,47.795251],[6.505828,47.795304],[6.506006,47.795882],[6.50548,47.795992],[6.505257,47.79654],[6.50526,47.797441],[6.504177,47.798109],[6.502553,47.799563],[6.499248,47.800067],[6.500087,47.791996],[6.499798,47.790881],[6.498886,47.790328],[6.497593,47.790014],[6.496392,47.790057],[6.495603,47.789364],[6.494726,47.789261],[6.494071,47.788563],[6.493253,47.788368],[6.493543,47.787817],[6.492541,47.787808],[6.491611,47.78703],[6.492144,47.786156],[6.492255,47.785179],[6.491322,47.784665],[6.490071,47.784873],[6.489794,47.783644],[6.488745,47.783303],[6.487791,47.783474],[6.487283,47.784663],[6.486888,47.785005],[6.485816,47.785123],[6.485963,47.785569],[6.487514,47.786467],[6.487175,47.786658],[6.48442,47.786052],[6.485208,47.785025],[6.484257,47.784072],[6.481334,47.782938],[6.478841,47.782666],[6.478035,47.782415],[6.477401,47.781322],[6.476142,47.781338],[6.475656,47.781089],[6.475302,47.781182],[6.474546,47.782397],[6.474128,47.782429],[6.474105,47.782584],[6.475016,47.784804],[6.475153,47.78676],[6.476213,47.787452],[6.47685,47.787416],[6.477254,47.787992],[6.47689,47.788455],[6.475401,47.788858],[6.47317,47.791071],[6.472235,47.791695],[6.471325,47.791726],[6.470172,47.791409],[6.469797,47.790996],[6.467085,47.789674],[6.467359,47.7938]]]}},{"type":"Feature","properties":{"uai_primary":"0700006B","uai_all":"0700006B","is_merged":false},"geometry":{"type":"Polygon","coordinates":[[[6.163698,47.762947],[6.162046,47.76287],[6.162826,47.760108],[6.159562,47.758798],[6.160341,47.757827],[6.162163,47.758329],[6.16275,47.758226],[6.165216,47.757149],[6.165504,47.756508],[6.16556,47.755427],[6.164847,47.753001],[6.165194,47.751301],[6.164989,47.751147],[6.164884,47.750037],[6.163023,47.749882],[6.161526,47.749481],[6.159479,47.748634],[6.161101,47.744805],[6.163484,47.741077],[6.167953,47.738497],[6.169602,47.738156],[6.170513,47.735924],[6.170412,47.735164],[6.172055,47.733171],[6.17662,47.729243],[6.178662,47.727815],[6.179901,47.726363],[6.184225,47.723013],[6.186892,47.720468],[6.187329,47.719542],[6.188999,47.718461],[6.189027,47.717642],[6.188073,47.716558],[6.187401,47.715363],[6.186237,47.714435],[6.181722,47.714953],[6.172893,47.717447],[6.171325,47.718211],[6.171563,47.71922],[6.17061,47.720053],[6.166234,47.722268],[6.165425,47.72216],[6.163988,47.721666],[6.161298,47.720449],[6.160464,47.720519],[6.159838,47.720263],[6.158391,47.720184],[6.157571,47.720571],[6.156466,47.720608],[6.154852,47.717921],[6.154949,47.716697],[6.154664,47.714761],[6.155047,47.714406],[6.155008,47.714131],[6.154873,47.713871],[6.153996,47.713661],[6.153746,47.713446],[6.153317,47.712919],[6.15314,47.711934],[6.152519,47.712258],[6.151832,47.712227],[6.151483,47.711988],[6.151018,47.712056],[6.150434,47.712352],[6.149973,47.713027],[6.149273,47.71351],[6.148468,47.713138],[6.147363,47.713223],[6.14539,47.713718],[6.142997,47.713956],[6.141113,47.714458],[6.138043,47.711914],[6.136607,47.711083],[6.135466,47.71004],[6.133404,47.709207],[6.131245,47.709229],[6.130856,47.711158],[6.129699,47.712263],[6.129479,47.712699],[6.125222,47.710975],[6.123581,47.709883],[6.121571,47.708827],[6.121533,47.708288],[6.115293,47.707496],[6.114977,47.708923],[6.112501,47.708851],[6.112631,47.709793],[6.111524,47.709804],[6.110657,47.710127],[6.109631,47.711003],[6.109228,47.711071],[6.108852,47.709486],[6.108763,47.707757],[6.108469,47.707496],[6.108183,47.706336],[6.107567,47.706467],[6.106832,47.706874],[6.106299,47.706891],[6.106023,47.706828],[6.10597,47.706558],[6.106089,47.705794],[6.105698,47.70584],[6.10578,47.706997],[6.102982,47.707042],[6.103225,47.705904],[6.103866,47.705159],[6.103697,47.705115],[6.102331,47.705664],[6.09796,47.705796],[6.097829,47.705421],[6.094917,47.705303],[6.091035,47.704185],[6.090085,47.704084],[6.089887,47.702979],[6.090297,47.702366],[6.090744,47.702081],[6.090731,47.701901],[6.088334,47.698197],[6.086154,47.695657],[6.084351,47.696119],[6.083461,47.695168],[6.08284,47.694053],[6.081266,47.694226],[6.081262,47.694359],[6.078952,47.694187],[6.077058,47.6947],[6.073026,47.696248],[6.072946,47.697813],[6.072242,47.69885],[6.072052,47.699936],[6.070047,47.700812],[6.068018,47.702317],[6.067697,47.702465],[6.06744,47.702221],[6.06665,47.702893],[6.066121,47.703688],[6.066474,47.703818],[6.066205,47.704041],[6.065632,47.704457],[6.063806,47.705269],[6.060855,47.707633],[6.059935,47.708139],[6.060719,47.708718],[6.060553,47.709039],[6.059413,47.709886],[6.057987,47.710435],[6.058179,47.71076],[6.058028,47.711504],[6.058366,47.712081],[6.057592,47.712466],[6.055489,47.712611],[6.055139,47.71195],[6.055038,47.709771],[6.054166,47.70787],[6.054099,47.707082],[6.05373,47.706187],[6.053082,47.705291],[6.052082,47.705388],[6.051733,47.704999],[6.050644,47.705146],[6.05052,47.704813],[6.048105,47.704939],[6.04794,47.704175],[6.045903,47.703934],[6.045955,47.703772],[6.045152,47.703408],[6.043583,47.702918],[6.043749,47.702418],[6.042493,47.701674],[6.040184,47.704518],[6.039972,47.705023],[6.039882,47.7066],[6.03908,47.707547],[6.037851,47.708522],[6.037315,47.708737],[6.036327,47.708961],[6.034498,47.709084],[6.033405,47.709514],[6.031513,47.711656],[6.030276,47.713583],[6.029239,47.715801],[6.028779,47.718885],[6.027587,47.71886],[6.026837,47.71826],[6.026234,47.718054],[6.022461,47.718105],[6.019533,47.717688],[6.018742,47.718515],[6.016669,47.717761],[6.016442,47.717597],[6.016469,47.717372],[6.015563,47.718227],[6.014211,47.720218],[6.015974,47.721226],[6.016583,47.722278],[6.016018,47.722523],[6.017685,47.723754],[6.016413,47.724418],[6.016942,47.724867],[6.017217,47.724818],[6.017588,47.72531],[6.017999,47.725524],[6.018269,47.726021],[6.019214,47.725571],[6.020438,47.725292],[6.021111,47.725312],[6.02078,47.726016],[6.017963,47.728207],[6.018549,47.728555],[6.018085,47.729495],[6.019665,47.731285],[6.020267,47.731119],[6.020767,47.731239],[6.021805,47.732142],[6.019513,47.733629],[6.018807,47.734835],[6.019058,47.73485],[6.018859,47.735424],[6.021063,47.735701],[6.023127,47.735478],[6.025546,47.734398],[6.025291,47.734049],[6.02665,47.733382],[6.027337,47.733271],[6.028643,47.734501],[6.025624,47.735173],[6.030062,47.738256],[6.032409,47.736174],[6.035132,47.737297],[6.035081,47.737572],[6.033837,47.738726],[6.031889,47.739639],[6.030842,47.741391],[6.030855,47.74186],[6.031716,47.743992],[6.032269,47.744548],[6.034295,47.745455],[6.035663,47.747144],[6.035771,47.748121],[6.035593,47.749049],[6.034384,47.74985],[6.033733,47.750516],[6.031507,47.754852],[6.031374,47.755939],[6.031964,47.757274],[6.031806,47.757956],[6.030138,47.759458],[6.028017,47.76005],[6.026583,47.760147],[6.023226,47.760014],[6.020475,47.76045],[6.017885,47.761551],[6.015985,47.762588],[6.014953,47.763354],[6.013682,47.765547],[6.014027,47.768937],[6.01394,47.77096],[6.013677,47.771835],[6.01232,47.773544],[6.00946,47.775883],[6.008783,47.776647],[6.007296,47.779731],[6.007373,47.781348],[6.007194,47.781873],[6.005547,47.78316],[6.003879,47.785334],[6.001187,47.78751],[5.999735,47.789944],[5.997364,47.791359],[5.996005,47.79329],[5.99437,47.794581],[5.990857,47.798456],[5.98639,47.802288],[5.986993,47.802572],[5.987057,47.802792],[5.987345,47.802877],[5.987568,47.802698],[5.988039,47.802868],[5.987671,47.803348],[5.988587,47.803023],[5.988817,47.803233],[5.988536,47.803816],[5.988868,47.803833],[5.988878,47.804094],[5.990491,47.804903],[5.991012,47.804998],[5.99119,47.805226],[5.991063,47.805389],[5.992078,47.805834],[5.993013,47.805766],[5.993318,47.805963],[5.993832,47.805941],[5.994533,47.805466],[5.995777,47.805089],[5.998258,47.805273],[5.99914,47.804785],[6.000704,47.80437],[6.001344,47.804348],[6.002311,47.804523],[6.003228,47.804964],[6.003877,47.804993],[6.004092,47.806066],[6.005222,47.806818],[6.005141,47.80717],[6.003974,47.807127],[6.003859,47.807322],[6.004537,47.809451],[6.004145,47.809598],[6.004182,47.810579],[6.003231,47.811783],[6.003196,47.813147],[6.003478,47.813197],[6.003112,47.814694],[6.004277,47.814809],[6.004924,47.817606],[6.004352,47.817921],[6.000387,47.818929],[5.997443,47.819986],[5.99711,47.819862],[5.997155,47.819459],[5.996683,47.818611],[5.995881,47.818611],[5.996048,47.819649],[5.992624,47.821202],[5.988981,47.822271],[5.988396,47.821302],[5.986423,47.821994],[5.985419,47.821979],[5.984014,47.822347],[5.984049,47.822473],[5.983615,47.822642],[5.983397,47.822528],[5.981417,47.822519],[5.980459,47.822327],[5.98026,47.822727],[5.980578,47.82298],[5.980024,47.824735],[5.980236,47.824971],[5.980703,47.828524],[5.981866,47.828699],[5.981918,47.8296],[5.981614,47.830389],[5.981547,47.831727],[5.980816,47.832494],[5.982206,47.834504],[5.98331,47.834845],[5.983315,47.835143],[5.984636,47.835607],[5.985272,47.835164],[5.986259,47.83519],[5.986999,47.835381],[5.987559,47.836394],[5.98854,47.836197],[5.988634,47.836313],[5.989551,47.837996],[5.98984,47.840096],[5.991684,47.843623],[5.992435,47.845524],[5.994267,47.847148],[5.994256,47.847349],[5.996068,47.849331],[5.99548,47.851605],[5.997813,47.851378],[5.998798,47.851515],[6.002157,47.852524],[6.004117,47.853534],[6.007329,47.854514],[6.011229,47.854598],[6.014233,47.859526],[6.015143,47.860153],[6.015419,47.860555],[6.019858,47.863127],[6.026207,47.863198],[6.030002,47.865052],[6.032745,47.866001],[6.035977,47.866785],[6.036575,47.864017],[6.037131,47.863058],[6.03705,47.860939],[6.036462,47.859056],[6.036446,47.858091],[6.037765,47.858112],[6.038993,47.85779],[6.042121,47.85754],[6.04314,47.857793],[6.044176,47.857753],[6.046219,47.857964],[6.051372,47.857307],[6.054128,47.857266],[6.057044,47.857476],[6.057814,47.857909],[6.060303,47.860158],[6.062061,47.859086],[6.064005,47.857533],[6.065574,47.855875],[6.065954,47.855317],[6.066599,47.853344],[6.069866,47.84914],[6.070928,47.848306],[6.072737,47.84733],[6.073337,47.846789],[6.074386,47.847151],[6.074977,47.847108],[6.075746,47.846405],[6.075162,47.846093],[6.07702,47.844834],[6.077709,47.844205],[6.078003,47.843578],[6.079012,47.842706],[6.07913,47.842524],[6.077811,47.838951],[6.079847,47.838367],[6.079928,47.838111],[6.080525,47.839135],[6.081689,47.839248],[6.082076,47.838671],[6.082488,47.838695],[6.083142,47.839068],[6.084245,47.839282],[6.086315,47.840374],[6.087248,47.840275],[6.087731,47.84049],[6.087694,47.840697],[6.088481,47.841407],[6.088882,47.842465],[6.090594,47.843842],[6.090034,47.845117],[6.088989,47.846736],[6.088943,47.847396],[6.087881,47.848261],[6.087752,47.849424],[6.088947,47.849885],[6.089884,47.848093],[6.091469,47.846219],[6.091788,47.845587],[6.092417,47.846126],[6.092987,47.846211],[6.093111,47.846565],[6.092729,47.846793],[6.092765,47.84697],[6.093759,47.848217],[6.094065,47.84831],[6.094205,47.847965],[6.094657,47.847794],[6.096106,47.848763],[6.099071,47.85021],[6.099622,47.850133],[6.100815,47.850458],[6.101161,47.850414],[6.101859,47.850152],[6.105094,47.849553],[6.105759,47.849277],[6.109471,47.848861],[6.111239,47.848498],[6.113247,47.848411],[6.113565,47.849171],[6.11717,47.850801],[6.118681,47.84854],[6.120575,47.847605],[6.121451,47.846976],[6.122111,47.845711],[6.128211,47.845941],[6.128586,47.845843],[6.1295,47.845051],[6.130222,47.843774],[6.132697,47.843706],[6.135747,47.843159],[6.137401,47.842157],[6.138732,47.842068],[6.13957,47.841636],[6.139903,47.841625],[6.140129,47.841978],[6.141473,47.842797],[6.140894,47.843304],[6.142591,47.842999],[6.143247,47.843653],[6.143598,47.843628],[6.143826,47.843833],[6.144162,47.842549],[6.144469,47.842107],[6.146297,47.840486],[6.146708,47.839752],[6.147113,47.839919],[6.148093,47.839671],[6.14859,47.838886],[6.148061,47.836046],[6.147698,47.83596],[6.147634,47.83576],[6.147952,47.835204],[6.15187,47.835335],[6.159579,47.834789],[6.163487,47.834968],[6.164311,47.835155],[6.164252,47.836226],[6.166523,47.83555],[6.166792,47.835325],[6.166721,47.83433],[6.167369,47.832951],[6.168394,47.832077],[6.168725,47.829242],[6.17049,47.827274],[6.170822,47.825965],[6.170393,47.824467],[6.169229,47.823422],[6.168134,47.822834],[6.167656,47.822393],[6.167042,47.821308],[6.166835,47.819954],[6.16702,47.818606],[6.167235,47.818271],[6.168117,47.817681],[6.169393,47.818555],[6.169661,47.818312],[6.171544,47.815827],[6.172059,47.813248],[6.172357,47.813205],[6.172809,47.813443],[6.17392,47.812609],[6.174517,47.811623],[6.173274,47.811224],[6.173451,47.810903],[6.173765,47.810623],[6.174618,47.810598],[6.17481,47.810366],[6.17597,47.810085],[6.175526,47.809335],[6.175958,47.808881],[6.174516,47.808162],[6.174365,47.807934],[6.174717,47.80756],[6.176286,47.806787],[6.176922,47.807175],[6.177922,47.806819],[6.178403,47.806808],[6.179477,47.807174],[6.179778,47.806913],[6.179139,47.806394],[6.17609,47.804918],[6.175132,47.804162],[6.176453,47.803466],[6.17637,47.803244],[6.174542,47.802121],[6.174585,47.801324],[6.176613,47.800894],[6.179014,47.801178],[6.181376,47.801178],[6.182428,47.800008],[6.183606,47.79981],[6.183959,47.799458],[6.184644,47.799237],[6.185363,47.798693],[6.186114,47.798465],[6.187827,47.798139],[6.188826,47.798106],[6.191262,47.79852],[6.192044,47.798803],[6.195017,47.798591],[6.195793,47.797425],[6.197487,47.797812],[6.197951,47.798212],[6.198083,47.798712],[6.198728,47.798713],[6.198761,47.799156],[6.199095,47.799326],[6.199205,47.799652],[6.201016,47.800065],[6.201857,47.801029],[6.203205,47.801007],[6.204092,47.800142],[6.205472,47.799633],[6.205931,47.800554],[6.207147,47.800953],[6.207789,47.799927],[6.210258,47.798791],[6.211115,47.796214],[6.207936,47.795216],[6.204609,47.785109],[6.203903,47.785185],[6.2028,47.785751],[6.202834,47.786792],[6.201504,47.786881],[6.20105,47.787062],[6.200875,47.787469],[6.200344,47.787459],[6.19987,47.788285],[6.1986,47.788282],[6.196617,47.787735],[6.195079,47.787633],[6.193845,47.788125],[6.19215,47.788389],[6.189962,47.788516],[6.189283,47.788379],[6.188498,47.78791],[6.188328,47.78813],[6.188056,47.788162],[6.184434,47.788301],[6.182958,47.788185],[6.182074,47.787924],[6.181656,47.787637],[6.177973,47.78804],[6.177467,47.787868],[6.177533,47.786323],[6.178608,47.786204],[6.18022,47.786324],[6.182239,47.78599],[6.182722,47.786136],[6.184163,47.78297],[6.186236,47.782704],[6.187294,47.782335],[6.186864,47.781627],[6.185919,47.778892],[6.185813,47.77781],[6.18886,47.77759],[6.187456,47.775647],[6.186983,47.774324],[6.187464,47.772038],[6.187387,47.770865],[6.185757,47.770609],[6.185981,47.770016],[6.186889,47.77007],[6.186295,47.767974],[6.186318,47.767376],[6.187193,47.767179],[6.187283,47.765578],[6.188482,47.763991],[6.188876,47.762986],[6.188511,47.762549],[6.188646,47.760743],[6.190826,47.756754],[6.192383,47.754679],[6.191118,47.754205],[6.190504,47.753659],[6.187405,47.756017],[6.184659,47.756696],[6.183053,47.758496],[6.182149,47.758195],[6.181382,47.759223],[6.179899,47.759253],[6.179086,47.759648],[6.17782,47.759963],[6.176326,47.761195],[6.176269,47.761332],[6.176705,47.761598],[6.175812,47.762382],[6.172687,47.764355],[6.173027,47.764858],[6.173564,47.765216],[6.171443,47.766638],[6.167832,47.764195],[6.165695,47.763347],[6.163698,47.762947]]]}},{"type":"Feature","properties":{"uai_primary":"0700007C","uai_all":"0700007C","is_merged":false},"geometry":{"type":"Polygon","coordinates":[[[6.442738,47.876744],[6.440921,47.876365],[6.438873,47.875445],[6.436538,47.875295],[6.434686,47.874072],[6.432082,47.873235],[6.431706,47.872847],[6.430593,47.872654],[6.430098,47.872334],[6.42933,47.872129],[6.428882,47.871617],[6.426992,47.871112],[6.424578,47.869508],[6.42277,47.869247],[6.422205,47.868987],[6.421715,47.868461],[6.421163,47.867277],[6.41953,47.866441],[6.419162,47.865871],[6.417534,47.865906],[6.415994,47.865525],[6.415939,47.865275],[6.416309,47.864839],[6.416348,47.864472],[6.413211,47.859278],[6.412452,47.858274],[6.408753,47.85556],[6.407725,47.854535],[6.407555,47.853259],[6.406809,47.852654],[6.405879,47.85223],[6.40393,47.851661],[6.400881,47.849931],[6.399591,47.849668],[6.395244,47.846505],[6.394055,47.845225],[6.393358,47.845019],[6.393021,47.843825],[6.387097,47.842538],[6.384578,47.842128],[6.38391,47.842187],[6.383703,47.841914],[6.383797,47.841127],[6.383493,47.841158],[6.382588,47.841758],[6.382832,47.842544],[6.382735,47.843498],[6.383001,47.84576],[6.38278,47.846505],[6.383658,47.849419],[6.38364,47.850883],[6.382899,47.851255],[6.38289,47.852409],[6.382537,47.853135],[6.377618,47.851657],[6.380957,47.85607],[6.380215,47.85777],[6.37805,47.860447],[6.378172,47.86165],[6.378662,47.861639],[6.378662,47.862217],[6.377491,47.862248],[6.377517,47.862619],[6.376988,47.863245],[6.373794,47.862794],[6.373394,47.863313],[6.373446,47.864621],[6.371564,47.868408],[6.370245,47.869647],[6.370877,47.869861],[6.370173,47.870565],[6.370067,47.871218],[6.369233,47.87163],[6.367404,47.876398],[6.36587,47.878736],[6.365778,47.8799],[6.366065,47.880183],[6.366342,47.880181],[6.366533,47.880491],[6.366032,47.881252],[6.364703,47.881546],[6.363742,47.882125],[6.362925,47.882145],[6.363164,47.881499],[6.362929,47.881058],[6.363376,47.880772],[6.363359,47.880548],[6.363004,47.88029],[6.362383,47.880041],[6.359691,47.880017],[6.35787,47.880016],[6.356721,47.880772],[6.355071,47.880729],[6.352732,47.88149],[6.35246,47.881387],[6.352299,47.881034],[6.350678,47.880245],[6.350122,47.880576],[6.349464,47.880676],[6.348684,47.880479],[6.348211,47.880847],[6.345155,47.880825],[6.344052,47.881262],[6.342596,47.881351],[6.341428,47.881261],[6.340985,47.88104],[6.340576,47.881409],[6.34068,47.881971],[6.339564,47.882728],[6.339346,47.882703],[6.339098,47.882369],[6.337821,47.882479],[6.337498,47.882331],[6.337045,47.882375],[6.336606,47.881899],[6.335451,47.881721],[6.333665,47.881761],[6.333136,47.882133],[6.332023,47.88217],[6.330908,47.882493],[6.330847,47.882935],[6.331234,47.883377],[6.330987,47.883605],[6.331083,47.883856],[6.330281,47.884223],[6.329221,47.883997],[6.328888,47.884232],[6.328866,47.884657],[6.328248,47.884665],[6.327718,47.884929],[6.32585,47.884865],[6.32465,47.884241],[6.323853,47.884115],[6.323134,47.884475],[6.322483,47.8851],[6.322068,47.885093],[6.321349,47.884064],[6.31966,47.883979],[6.319331,47.883756],[6.319076,47.883145],[6.318183,47.883125],[6.317,47.882399],[6.316758,47.882492],[6.316527,47.883061],[6.316115,47.883136],[6.315627,47.882889],[6.315357,47.882317],[6.314501,47.882057],[6.312883,47.88181],[6.312416,47.881557],[6.310826,47.881596],[6.309936,47.881305],[6.308797,47.881378],[6.307718,47.880416],[6.306265,47.880299],[6.30577,47.87977],[6.305734,47.87897],[6.304888,47.878975],[6.304568,47.878623],[6.303627,47.879548],[6.302926,47.879576],[6.302836,47.879853],[6.299958,47.879719],[6.296933,47.879214],[6.292965,47.879426],[6.290779,47.881333],[6.290381,47.881167],[6.29003,47.881675],[6.28887,47.882565],[6.286423,47.883704],[6.283737,47.88459],[6.286884,47.884641],[6.289132,47.884866],[6.288728,47.886379],[6.291061,47.886829],[6.290071,47.888113],[6.290436,47.88823],[6.291162,47.888969],[6.291918,47.889439],[6.292085,47.890003],[6.293021,47.88993],[6.293802,47.890282],[6.297264,47.889825],[6.297735,47.890179],[6.298429,47.890369],[6.298845,47.89104],[6.299278,47.891356],[6.29889,47.892175],[6.299382,47.892521],[6.299112,47.892949],[6.299611,47.893392],[6.300178,47.893577],[6.300166,47.893894],[6.299479,47.894157],[6.299558,47.894328],[6.300468,47.894655],[6.302115,47.894623],[6.302577,47.894827],[6.303357,47.894284],[6.303892,47.89434],[6.304757,47.894791],[6.305024,47.895506],[6.305742,47.895895],[6.30616,47.896352],[6.306727,47.897495],[6.30667,47.898863],[6.306493,47.899264],[6.306066,47.899634],[6.305909,47.899544],[6.305908,47.90004],[6.306449,47.900073],[6.307367,47.900856],[6.308224,47.901946],[6.308721,47.902127],[6.309067,47.902725],[6.309103,47.903657],[6.310639,47.904043],[6.311284,47.903978],[6.31177,47.90431],[6.312034,47.903981],[6.312485,47.90402],[6.312677,47.904392],[6.312431,47.904972],[6.312526,47.905297],[6.313796,47.906241],[6.313648,47.906405],[6.313068,47.906399],[6.308622,47.906004],[6.308416,47.906374],[6.308659,47.907904],[6.307911,47.908765],[6.307322,47.908772],[6.30607,47.909185],[6.305372,47.912393],[6.305609,47.912884],[6.303691,47.919385],[6.303257,47.920508],[6.303002,47.920443],[6.303408,47.921172],[6.304034,47.921531],[6.304863,47.922346],[6.305641,47.924258],[6.30589,47.924294],[6.306242,47.924036],[6.306933,47.924947],[6.306558,47.925355],[6.304855,47.928993],[6.304574,47.932018],[6.303917,47.933908],[6.302331,47.935886],[6.302746,47.936217],[6.301629,47.937406],[6.301479,47.937908],[6.300338,47.936748],[6.298962,47.936812],[6.299064,47.936473],[6.298757,47.935663],[6.297846,47.935767],[6.297884,47.935936],[6.296636,47.935695],[6.293551,47.936275],[6.29266,47.93588],[6.292056,47.935805],[6.290862,47.935177],[6.290837,47.934816],[6.289467,47.933995],[6.289258,47.933673],[6.289568,47.933198],[6.28899,47.932787],[6.288669,47.932775],[6.287674,47.931966],[6.286929,47.932059],[6.285825,47.931502],[6.284799,47.932641],[6.282551,47.930994],[6.284593,47.930002],[6.286413,47.92963],[6.286775,47.929401],[6.287131,47.928652],[6.287894,47.928118],[6.287954,47.927906],[6.285008,47.926294],[6.283321,47.924566],[6.281837,47.92524],[6.280711,47.926202],[6.279384,47.926634],[6.276886,47.924512],[6.275711,47.925234],[6.273807,47.925997],[6.271906,47.925879],[6.270554,47.926241],[6.27048,47.926808],[6.269956,47.927545],[6.268822,47.927809],[6.266882,47.929914],[6.263626,47.932684],[6.261451,47.934052],[6.259315,47.935823],[6.255091,47.937641],[6.250901,47.939231],[6.266935,47.948304],[6.275549,47.95238],[6.277332,47.953806],[6.284706,47.954727],[6.28718,47.955544],[6.289078,47.955841],[6.290008,47.955719],[6.294366,47.955752],[6.295957,47.955517],[6.296416,47.955367],[6.296916,47.9549],[6.29926,47.953966],[6.301246,47.95367],[6.303017,47.952064],[6.304049,47.9522],[6.30447,47.95208],[6.304946,47.951794],[6.305576,47.950969],[6.307282,47.950136],[6.309571,47.950283],[6.310627,47.950068],[6.311349,47.950239],[6.31286,47.949778],[6.3164,47.949584],[6.319428,47.949902],[6.321165,47.949419],[6.322814,47.948671],[6.323989,47.94842],[6.324285,47.948484],[6.324274,47.948893],[6.325026,47.949979],[6.326908,47.951321],[6.328981,47.953495],[6.330664,47.954282],[6.332702,47.954647],[6.334322,47.955844],[6.334706,47.95593],[6.336248,47.955554],[6.33903,47.954405],[6.340289,47.954416],[6.341123,47.954656],[6.343545,47.954277],[6.344614,47.954283],[6.347429,47.955776],[6.34834,47.956728],[6.351043,47.957552],[6.352292,47.957739],[6.353638,47.958683],[6.35508,47.959128],[6.356354,47.95913],[6.357048,47.958566],[6.358998,47.957778],[6.359737,47.957797],[6.360496,47.958087],[6.360932,47.958522],[6.361021,47.959689],[6.361404,47.960307],[6.361548,47.961337],[6.361827,47.961463],[6.36308,47.961195],[6.363889,47.961256],[6.364441,47.961463],[6.364711,47.962354],[6.364995,47.96257],[6.36634,47.961866],[6.367742,47.961778],[6.370014,47.960915],[6.372767,47.960457],[6.373343,47.960098],[6.375966,47.959881],[6.377976,47.958828],[6.379311,47.958641],[6.381937,47.958833],[6.385167,47.958577],[6.385524,47.959196],[6.389102,47.960744],[6.391011,47.960517],[6.390344,47.959217],[6.391399,47.957244],[6.392192,47.956226],[6.394188,47.955167],[6.394513,47.955021],[6.398123,47.954895],[6.398951,47.955281],[6.402736,47.954122],[6.405358,47.953112],[6.405376,47.952481],[6.405771,47.951522],[6.405823,47.949585],[6.40735,47.948541],[6.407683,47.947629],[6.407757,47.946861],[6.407319,47.946381],[6.407561,47.946058],[6.407337,47.94575],[6.407502,47.945294],[6.407327,47.94476],[6.407958,47.944243],[6.408339,47.943288],[6.409305,47.943409],[6.411186,47.943208],[6.415231,47.943431],[6.418221,47.942697],[6.419689,47.942839],[6.420509,47.943103],[6.421838,47.943109],[6.423813,47.943391],[6.425601,47.943853],[6.426724,47.943757],[6.428288,47.943392],[6.42933,47.943341],[6.43159,47.943854],[6.434804,47.942925],[6.43447,47.94219],[6.434502,47.941739],[6.434684,47.941508],[6.435212,47.941399],[6.435122,47.940232],[6.436431,47.938115],[6.436502,47.937302],[6.436816,47.93702],[6.436319,47.936677],[6.436306,47.936498],[6.441125,47.933132],[6.441152,47.932715],[6.441794,47.932109],[6.441597,47.932083],[6.441124,47.931359],[6.441606,47.930756],[6.443152,47.929909],[6.443462,47.929447],[6.445478,47.928657],[6.445011,47.927817],[6.446752,47.927501],[6.44756,47.926599],[6.448119,47.926269],[6.448242,47.925702],[6.447848,47.924928],[6.447605,47.923445],[6.448131,47.92316],[6.44796,47.922671],[6.448688,47.922555],[6.449158,47.921728],[6.451855,47.920237],[6.452911,47.92002],[6.454184,47.92002],[6.456363,47.920484],[6.457773,47.920524],[6.458289,47.920281],[6.458976,47.919626],[6.459085,47.919307],[6.458825,47.918551],[6.462661,47.917283],[6.462103,47.916893],[6.461442,47.916775],[6.461011,47.91641],[6.462239,47.915098],[6.46277,47.915035],[6.463423,47.913976],[6.462734,47.91373],[6.46174,47.913855],[6.460436,47.913451],[6.45905,47.91156],[6.458869,47.911555],[6.458378,47.910759],[6.457994,47.910502],[6.458033,47.909481],[6.456814,47.908768],[6.456018,47.906627],[6.457923,47.906155],[6.4583,47.905827],[6.459991,47.903471],[6.460076,47.902458],[6.460865,47.902653],[6.461464,47.902001],[6.461869,47.900073],[6.462287,47.899427],[6.464082,47.898439],[6.465521,47.897106],[6.470209,47.894554],[6.472471,47.893529],[6.473922,47.893252],[6.475933,47.893271],[6.476674,47.89337],[6.477277,47.893721],[6.477987,47.893042],[6.477616,47.891902],[6.478361,47.89108],[6.478359,47.890811],[6.477658,47.890808],[6.47705,47.890978],[6.476673,47.891301],[6.476132,47.891373],[6.475117,47.891408],[6.474094,47.891175],[6.474081,47.890995],[6.475813,47.888322],[6.476675,47.88765],[6.478265,47.885443],[6.477636,47.885026],[6.471489,47.883469],[6.46812,47.884263],[6.465376,47.884178],[6.463668,47.884808],[6.462515,47.884912],[6.460316,47.884082],[6.457969,47.88216],[6.457422,47.88199],[6.453883,47.881671],[6.448489,47.88049],[6.445575,47.878924],[6.444173,47.877854],[6.44355,47.877096],[6.442738,47.876744]]]}},{"type":"Feature","properties":{"uai_primary":"0700010F","uai_all":"0700010F","is_merged":false},"geometry":{"type":"Polygon","coordinates":[[[5.533252,47.419544],[5.532129,47.423449],[5.532307,47.424242],[5.532641,47.424708],[5.533802,47.425612],[5.534875,47.425949],[5.536522,47.426081],[5.538555,47.426021],[5.539871,47.426175],[5.5408,47.426488],[5.542907,47.428091],[5.544288,47.428678],[5.546357,47.429034],[5.548547,47.428778],[5.5504,47.428887],[5.552147,47.429461],[5.553354,47.430476],[5.553629,47.431122],[5.553592,47.431819],[5.552133,47.434347],[5.551609,47.435942],[5.552184,47.438613],[5.551948,47.440397],[5.552265,47.441855],[5.553028,47.443345],[5.554578,47.444947],[5.555345,47.445408],[5.557889,47.446419],[5.561319,47.448402],[5.562098,47.448555],[5.562693,47.44851],[5.564561,47.447756],[5.565658,47.447632],[5.56845,47.447736],[5.573366,47.448221],[5.57624,47.446208],[5.579518,47.447322],[5.580414,47.446268],[5.581037,47.446354],[5.581222,47.446124],[5.581556,47.44616],[5.583049,47.446908],[5.58763,47.444489],[5.587343,47.444067],[5.588876,47.444264],[5.589626,47.444093],[5.589826,47.444282],[5.588967,47.444732],[5.588761,47.445842],[5.589847,47.445553],[5.589844,47.445709],[5.590384,47.446055],[5.589883,47.44728],[5.590489,47.447411],[5.590673,47.447194],[5.591241,47.447231],[5.59168,47.446851],[5.592382,47.446692],[5.592969,47.446646],[5.593351,47.446885],[5.593949,47.446897],[5.594021,47.446707],[5.594591,47.446651],[5.594942,47.445891],[5.595603,47.446231],[5.596047,47.446238],[5.595887,47.446369],[5.596041,47.4466],[5.5969,47.446493],[5.597715,47.44593],[5.597613,47.445415],[5.598155,47.445215],[5.598815,47.444578],[5.599675,47.444164],[5.60187,47.444271],[5.607128,47.44649],[5.608148,47.44754],[5.610854,47.448362],[5.614381,47.450079],[5.617927,47.451215],[5.624443,47.450728],[5.62418,47.451599],[5.626901,47.451821],[5.626684,47.452323],[5.630496,47.453506],[5.630004,47.45407],[5.629244,47.454572],[5.635397,47.455298],[5.635673,47.453435],[5.634951,47.451529],[5.635533,47.451443],[5.646697,47.455985],[5.648302,47.456163],[5.650397,47.457324],[5.65049,47.458302],[5.650809,47.458604],[5.658336,47.464514],[5.659006,47.464562],[5.659588,47.465208],[5.66019,47.465427],[5.661984,47.46691],[5.661939,47.46732],[5.662795,47.468184],[5.664411,47.468861],[5.664194,47.470865],[5.664455,47.470961],[5.667241,47.471417],[5.668565,47.470523],[5.66988,47.470183],[5.671349,47.470968],[5.673125,47.471379],[5.674561,47.469995],[5.675913,47.470051],[5.678199,47.46936],[5.678407,47.469162],[5.678662,47.466418],[5.679652,47.466488],[5.679685,47.464919],[5.681262,47.46391],[5.682347,47.461293],[5.684041,47.461772],[5.695242,47.464056],[5.703688,47.465631],[5.704834,47.465716],[5.705902,47.465529],[5.707245,47.464978],[5.703805,47.458644],[5.704628,47.458184],[5.71281,47.469735],[5.721751,47.473049],[5.727293,47.478262],[5.730778,47.474435],[5.738725,47.474077],[5.742025,47.473424],[5.741958,47.471831],[5.742441,47.470579],[5.744301,47.471087],[5.74603,47.470918],[5.748275,47.468888],[5.749256,47.468543],[5.749973,47.468927],[5.750554,47.467602],[5.750877,47.467397],[5.751423,47.466518],[5.751753,47.466398],[5.751659,47.465966],[5.750141,47.464358],[5.750319,47.464191],[5.750219,47.463175],[5.750692,47.462415],[5.75025,47.462172],[5.751622,47.461399],[5.75157,47.461025],[5.752512,47.460595],[5.75205,47.460241],[5.752163,47.459804],[5.751123,47.457169],[5.752646,47.456896],[5.752473,47.456308],[5.752864,47.45623],[5.752664,47.455374],[5.753626,47.454762],[5.753587,47.454383],[5.75519,47.454018],[5.75541,47.454167],[5.755734,47.454034],[5.756117,47.454306],[5.756564,47.454079],[5.756495,47.453784],[5.756761,47.453553],[5.756395,47.453375],[5.756212,47.452669],[5.754592,47.452243],[5.754124,47.451654],[5.753093,47.451038],[5.753328,47.45],[5.754577,47.4495],[5.755338,47.448695],[5.755131,47.448125],[5.754507,47.448154],[5.754184,47.447219],[5.75413,47.446078],[5.755532,47.445754],[5.754902,47.444034],[5.755581,47.443959],[5.755065,47.44316],[5.754957,47.442405],[5.755496,47.4414],[5.755017,47.44075],[5.755453,47.440348],[5.755497,47.439575],[5.756186,47.43917],[5.755894,47.438198],[5.755589,47.437881],[5.7544,47.437449],[5.752722,47.437435],[5.751541,47.437081],[5.750827,47.437035],[5.749982,47.437235],[5.749209,47.436779],[5.750289,47.434996],[5.751298,47.434939],[5.75235,47.432322],[5.751318,47.43196],[5.751864,47.431179],[5.750568,47.430631],[5.750353,47.430368],[5.750325,47.428883],[5.748177,47.428496],[5.744574,47.425238],[5.745871,47.424603],[5.745341,47.423583],[5.745023,47.421702],[5.744565,47.42077],[5.743992,47.420111],[5.743463,47.420127],[5.741719,47.418783],[5.73874,47.41887],[5.738323,47.417932],[5.738553,47.417751],[5.738461,47.417618],[5.736746,47.416723],[5.735085,47.416682],[5.733856,47.416133],[5.733669,47.416318],[5.732405,47.416265],[5.731807,47.417274],[5.731542,47.417281],[5.728437,47.416427],[5.724105,47.416103],[5.723388,47.415269],[5.723305,47.415001],[5.72433,47.413396],[5.725209,47.412605],[5.723872,47.410713],[5.724735,47.410228],[5.722446,47.407716],[5.722919,47.407231],[5.722584,47.406785],[5.720833,47.40609],[5.720759,47.405491],[5.722854,47.403716],[5.723388,47.40379],[5.723878,47.403145],[5.723465,47.402887],[5.724716,47.401725],[5.723545,47.400971],[5.724162,47.400259],[5.724076,47.399988],[5.721883,47.396361],[5.722516,47.396297],[5.722961,47.396015],[5.723681,47.394823],[5.723625,47.393924],[5.723789,47.39338],[5.72435,47.392822],[5.724382,47.392281],[5.711788,47.387068],[5.708953,47.386036],[5.70714,47.385965],[5.706743,47.385387],[5.705879,47.384987],[5.705464,47.385587],[5.704327,47.385439],[5.703222,47.386822],[5.703667,47.387065],[5.703044,47.387783],[5.701206,47.388483],[5.700277,47.388626],[5.699758,47.388403],[5.700403,47.387309],[5.699589,47.387017],[5.699253,47.387461],[5.696665,47.386691],[5.695778,47.385882],[5.695644,47.385296],[5.693182,47.38421],[5.691948,47.383846],[5.691812,47.382692],[5.693266,47.381943],[5.694316,47.381942],[5.695531,47.379726],[5.696703,47.379089],[5.699672,47.378868],[5.699904,47.379401],[5.701981,47.380154],[5.703792,47.378709],[5.700817,47.377602],[5.696983,47.375119],[5.692167,47.371684],[5.691115,47.373221],[5.689893,47.374207],[5.68825,47.375087],[5.684946,47.375259],[5.675124,47.371386],[5.675212,47.371879],[5.676286,47.372775],[5.676692,47.373338],[5.676414,47.373644],[5.675231,47.372733],[5.673446,47.371749],[5.672559,47.371367],[5.672203,47.37139],[5.670651,47.370423],[5.670225,47.370596],[5.669891,47.370337],[5.669691,47.368749],[5.669235,47.367857],[5.668816,47.368438],[5.668181,47.367212],[5.666632,47.366334],[5.666221,47.366542],[5.663642,47.365414],[5.663284,47.3641],[5.661668,47.364921],[5.65918,47.364791],[5.657924,47.365169],[5.653693,47.365618],[5.652351,47.365581],[5.650074,47.362854],[5.646945,47.363155],[5.645191,47.36357],[5.644273,47.36402],[5.643758,47.364293],[5.646746,47.367623],[5.645987,47.368117],[5.646334,47.368387],[5.644934,47.369327],[5.645288,47.369677],[5.644376,47.371547],[5.644758,47.37234],[5.641974,47.374051],[5.641377,47.374205],[5.641075,47.375512],[5.640413,47.37538],[5.637586,47.375353],[5.634781,47.375568],[5.634753,47.376048],[5.634394,47.37622],[5.633697,47.375615],[5.634278,47.37521],[5.633746,47.374246],[5.633844,47.372626],[5.633276,47.371734],[5.631734,47.370551],[5.631348,47.371346],[5.630566,47.37151],[5.62818,47.371201],[5.6274,47.371518],[5.625694,47.37127],[5.62018,47.372748],[5.616518,47.373447],[5.615605,47.37335],[5.611528,47.375634],[5.610197,47.375537],[5.60851,47.376125],[5.606558,47.375165],[5.60569,47.375852],[5.60512,47.375862],[5.60405,47.37498],[5.601167,47.37331],[5.600448,47.372693],[5.600112,47.371838],[5.600001,47.369796],[5.599301,47.36636],[5.598039,47.366769],[5.593659,47.367427],[5.591398,47.366902],[5.586012,47.366627],[5.577334,47.366518],[5.574714,47.366627],[5.574273,47.366864],[5.573554,47.366435],[5.572706,47.366355],[5.571943,47.366009],[5.570291,47.363291],[5.56973,47.362766],[5.568426,47.362037],[5.567416,47.36175],[5.566889,47.361765],[5.565482,47.36256],[5.565108,47.363063],[5.564364,47.363428],[5.563495,47.363453],[5.562433,47.36261],[5.560936,47.361976],[5.558885,47.359506],[5.555236,47.359734],[5.554413,47.360357],[5.553702,47.360648],[5.552913,47.360759],[5.552379,47.360684],[5.551275,47.35995],[5.549114,47.357083],[5.548278,47.356387],[5.547529,47.356047],[5.542505,47.355106],[5.542859,47.354185],[5.542528,47.35399],[5.541314,47.353873],[5.541094,47.354181],[5.540109,47.354456],[5.539795,47.355038],[5.539268,47.354998],[5.535708,47.355565],[5.534192,47.356777],[5.534842,47.357401],[5.533423,47.357861],[5.533708,47.35916],[5.533349,47.359548],[5.530401,47.360731],[5.531122,47.361607],[5.529628,47.362265],[5.529496,47.362559],[5.530187,47.363634],[5.528713,47.363042],[5.528335,47.362381],[5.526794,47.362291],[5.526745,47.362406],[5.52748,47.362913],[5.526263,47.364038],[5.52466,47.362442],[5.524307,47.362398],[5.523557,47.362829],[5.522738,47.363578],[5.522166,47.363089],[5.521674,47.363386],[5.519602,47.361969],[5.518164,47.361675],[5.516717,47.361087],[5.514994,47.358849],[5.512659,47.357113],[5.51183,47.357037],[5.510925,47.35716],[5.509781,47.357653],[5.509355,47.358308],[5.509102,47.359629],[5.508765,47.360241],[5.507859,47.36093],[5.506314,47.361111],[5.504908,47.359352],[5.504456,47.358232],[5.504396,47.357473],[5.504135,47.357209],[5.499435,47.355663],[5.496327,47.355559],[5.495541,47.355237],[5.492389,47.355467],[5.491739,47.354974],[5.489907,47.354497],[5.488876,47.355911],[5.488165,47.359582],[5.488161,47.362352],[5.489711,47.365631],[5.488614,47.368377],[5.48859,47.369253],[5.488795,47.369938],[5.489426,47.370737],[5.491649,47.372297],[5.492245,47.373768],[5.494407,47.375368],[5.494932,47.376054],[5.494998,47.37685],[5.493232,47.381135],[5.493224,47.383131],[5.493784,47.384522],[5.495888,47.387885],[5.498319,47.38907],[5.499142,47.389749],[5.499468,47.390318],[5.49944,47.391179],[5.499226,47.391598],[5.497357,47.394389],[5.49706,47.39605],[5.497222,47.396995],[5.498405,47.399285],[5.49979,47.403095],[5.500205,47.403532],[5.501085,47.40388],[5.502832,47.403867],[5.504587,47.403436],[5.505026,47.403627],[5.506107,47.40377],[5.536001,47.406129],[5.537785,47.406371],[5.539734,47.407116],[5.540827,47.407824],[5.541306,47.408347],[5.544157,47.412767],[5.542007,47.413321],[5.536991,47.415363],[5.53512,47.417598],[5.533484,47.419092],[5.533252,47.419544]]]}},{"type":"Feature","properties":{"uai_primary":"0700013J","uai_all":"0700013J","is_merged":false},"geometry":{"type":"Polygon","coordinates":[[[5.980206,47.530829],[5.981223,47.531112],[5.981885,47.531092],[5.981954,47.530144],[5.982615,47.528142],[5.982567,47.526478],[5.983203,47.525107],[5.984774,47.522807],[5.984924,47.522082],[5.985987,47.521103],[5.985836,47.520838],[5.987771,47.519008],[5.98341,47.515164],[5.982493,47.514729],[5.981852,47.513988],[5.981392,47.512785],[5.980781,47.512175],[5.981147,47.511983],[5.980567,47.511269],[5.981181,47.511071],[5.980213,47.509733],[5.979266,47.509337],[5.9787,47.508676],[5.982452,47.508084],[5.982585,47.506374],[5.982107,47.506049],[5.980555,47.506318],[5.980173,47.506463],[5.97982,47.506956],[5.979513,47.506494],[5.979034,47.506207],[5.978941,47.505567],[5.979037,47.505023],[5.979828,47.503964],[5.979953,47.503375],[5.978797,47.503684],[5.976342,47.502055],[5.97671,47.50056],[5.972715,47.5],[5.971242,47.498876],[5.971507,47.497876],[5.971154,47.497573],[5.972288,47.493755],[5.972,47.492877],[5.972258,47.49137],[5.973517,47.489394],[5.973782,47.488396],[5.973238,47.486653],[5.970195,47.482565],[5.966582,47.478266],[5.966773,47.477193],[5.967515,47.476506],[5.967589,47.475989],[5.966723,47.47447],[5.964309,47.472098],[5.96392,47.471166],[5.962842,47.470004],[5.95968,47.467743],[5.957707,47.464947],[5.955975,47.463175],[5.955966,47.461805],[5.955647,47.461005],[5.952903,47.457759],[5.952431,47.456972],[5.952257,47.456069],[5.949001,47.452826],[5.948513,47.452096],[5.948909,47.45004],[5.948908,47.448912],[5.948566,47.448608],[5.947189,47.448008],[5.944948,47.445705],[5.948416,47.444419],[5.951962,47.440989],[5.955684,47.439256],[5.957155,47.438262],[5.957121,47.437937],[5.956402,47.436947],[5.956504,47.436838],[5.955291,47.435627],[5.955558,47.435456],[5.954673,47.433977],[5.954889,47.433422],[5.956808,47.43268],[5.955197,47.431812],[5.955929,47.431592],[5.95632,47.430789],[5.956252,47.430426],[5.955341,47.42919],[5.957531,47.427754],[5.95646,47.426088],[5.955626,47.425528],[5.955583,47.4249],[5.955983,47.423942],[5.956173,47.42199],[5.957224,47.421697],[5.95721,47.421253],[5.959536,47.420589],[5.958704,47.419084],[5.954183,47.414048],[5.95364,47.411904],[5.952685,47.410538],[5.949879,47.407659],[5.949313,47.406247],[5.948583,47.405129],[5.948461,47.404578],[5.948712,47.403836],[5.949777,47.402276],[5.949887,47.399729],[5.94918,47.398571],[5.948328,47.395623],[5.946958,47.393372],[5.946656,47.391762],[5.944524,47.389625],[5.942105,47.385433],[5.94197,47.384358],[5.941398,47.383576],[5.941607,47.383487],[5.940833,47.382364],[5.94051,47.3822],[5.940974,47.381593],[5.940166,47.379882],[5.939044,47.37928],[5.94125,47.378725],[5.942478,47.379259],[5.942781,47.37926],[5.943242,47.37894],[5.942172,47.377804],[5.94276,47.376683],[5.945928,47.373425],[5.945983,47.372834],[5.947551,47.371388],[5.948172,47.369061],[5.947282,47.361877],[5.947404,47.359962],[5.947715,47.358692],[5.947462,47.355318],[5.947853,47.353809],[5.948375,47.353205],[5.948991,47.353069],[5.947704,47.351873],[5.946397,47.350248],[5.94708,47.349412],[5.944759,47.348695],[5.946306,47.34766],[5.94636,47.347478],[5.943999,47.345028],[5.942053,47.345844],[5.941767,47.344201],[5.941281,47.344297],[5.940963,47.344118],[5.940791,47.342677],[5.940343,47.342021],[5.940012,47.341955],[5.939403,47.342282],[5.935153,47.34328],[5.931007,47.344056],[5.928771,47.345184],[5.927587,47.345138],[5.926665,47.344725],[5.926996,47.345263],[5.926912,47.345922],[5.925987,47.347734],[5.925646,47.347449],[5.923612,47.348385],[5.923549,47.34855],[5.922751,47.348776],[5.922164,47.349228],[5.921791,47.349193],[5.920726,47.350482],[5.91819,47.352181],[5.923957,47.358126],[5.922614,47.35948],[5.922283,47.359231],[5.920627,47.360336],[5.920936,47.360516],[5.920913,47.361146],[5.920516,47.361159],[5.919953,47.360681],[5.918375,47.361246],[5.918454,47.361441],[5.918222,47.361545],[5.918558,47.361988],[5.915698,47.363221],[5.915129,47.362431],[5.914909,47.362513],[5.915114,47.362904],[5.914835,47.363096],[5.91454,47.362708],[5.913962,47.363208],[5.911186,47.366353],[5.911864,47.366721],[5.910032,47.370239],[5.909419,47.37086],[5.90957,47.371005],[5.908167,47.372071],[5.906651,47.372629],[5.903816,47.374081],[5.904152,47.374421],[5.905033,47.374382],[5.905395,47.374234],[5.905917,47.374528],[5.904852,47.376084],[5.898593,47.3782],[5.89834,47.378005],[5.890353,47.38247],[5.890409,47.38177],[5.890771,47.381649],[5.888995,47.380365],[5.888764,47.379859],[5.887944,47.379423],[5.887431,47.378927],[5.886701,47.378723],[5.886025,47.377575],[5.885544,47.377508],[5.885472,47.377352],[5.883653,47.376552],[5.882991,47.375667],[5.881547,47.374739],[5.880009,47.375832],[5.877453,47.379989],[5.87724,47.38008],[5.872437,47.379298],[5.869744,47.378673],[5.867875,47.377748],[5.867204,47.377563],[5.864697,47.375591],[5.864268,47.374913],[5.864465,47.373299],[5.863972,47.371267],[5.864251,47.370296],[5.863058,47.367457],[5.859882,47.367324],[5.858423,47.36741],[5.849528,47.368316],[5.848859,47.368235],[5.848023,47.367856],[5.84694,47.3681],[5.846188,47.367377],[5.845402,47.367143],[5.841337,47.367233],[5.838968,47.367485],[5.838623,47.366852],[5.838179,47.366681],[5.838017,47.366118],[5.836562,47.364136],[5.83577,47.36219],[5.831926,47.36387],[5.830201,47.362146],[5.829579,47.360711],[5.827717,47.358337],[5.826801,47.358016],[5.824477,47.358187],[5.822332,47.357152],[5.822592,47.356254],[5.821393,47.356001],[5.820252,47.355467],[5.815797,47.352942],[5.813039,47.352201],[5.812469,47.353177],[5.812169,47.353269],[5.810108,47.355116],[5.808576,47.355982],[5.80681,47.357487],[5.807209,47.357755],[5.804308,47.360105],[5.803672,47.359679],[5.802861,47.359681],[5.802368,47.3601],[5.801727,47.360328],[5.799079,47.360469],[5.797595,47.359952],[5.795812,47.359722],[5.793611,47.35988],[5.792051,47.359708],[5.791152,47.359929],[5.789171,47.359861],[5.788697,47.36013],[5.786511,47.360118],[5.785852,47.359717],[5.78199,47.358392],[5.779754,47.361031],[5.775843,47.355875],[5.77544,47.355651],[5.773744,47.355903],[5.771491,47.354985],[5.76916,47.354631],[5.768451,47.355196],[5.768081,47.356304],[5.769381,47.357789],[5.768633,47.358086],[5.768034,47.357287],[5.764909,47.358186],[5.76409,47.35826],[5.761733,47.359668],[5.75993,47.361523],[5.757957,47.362765],[5.75583,47.363757],[5.749825,47.359091],[5.749808,47.358679],[5.748063,47.3559],[5.743233,47.350675],[5.739032,47.347197],[5.737584,47.346667],[5.734489,47.347601],[5.732221,47.348652],[5.729485,47.348658],[5.729422,47.34843],[5.726249,47.348499],[5.725335,47.348756],[5.718589,47.349085],[5.716847,47.349628],[5.717077,47.350224],[5.715232,47.351159],[5.712945,47.349571],[5.709268,47.351219],[5.708548,47.350433],[5.707409,47.350814],[5.707165,47.350603],[5.704292,47.351108],[5.704178,47.350958],[5.702804,47.351411],[5.698936,47.353499],[5.699078,47.353675],[5.698825,47.353863],[5.698972,47.354083],[5.701586,47.355628],[5.699284,47.356955],[5.699764,47.358246],[5.699237,47.358307],[5.698939,47.360926],[5.69774,47.362942],[5.698017,47.363114],[5.695873,47.364842],[5.696257,47.365686],[5.695919,47.365974],[5.696387,47.366663],[5.696068,47.36686],[5.697104,47.368669],[5.696703,47.36859],[5.696165,47.368791],[5.694147,47.37069],[5.692167,47.371684],[5.696983,47.375119],[5.700817,47.377602],[5.703792,47.378709],[5.701981,47.380154],[5.699904,47.379401],[5.699672,47.378868],[5.696703,47.379089],[5.696315,47.379235],[5.695531,47.379726],[5.694316,47.381942],[5.693266,47.381943],[5.691812,47.382692],[5.691948,47.383846],[5.693182,47.38421],[5.695644,47.385296],[5.695778,47.385882],[5.696665,47.386691],[5.699253,47.387461],[5.699589,47.387017],[5.700403,47.387309],[5.699758,47.388403],[5.700277,47.388626],[5.701442,47.388422],[5.703044,47.387783],[5.703667,47.387065],[5.703222,47.386822],[5.704327,47.385439],[5.705464,47.385587],[5.705879,47.384987],[5.706743,47.385387],[5.70714,47.385965],[5.708953,47.386036],[5.711788,47.387068],[5.724382,47.392281],[5.72435,47.392822],[5.723789,47.39338],[5.723625,47.393924],[5.723681,47.394823],[5.722961,47.396015],[5.722516,47.396297],[5.721883,47.396361],[5.724076,47.399988],[5.724162,47.400259],[5.723545,47.400971],[5.724716,47.401725],[5.723465,47.402887],[5.723878,47.403145],[5.723388,47.40379],[5.722854,47.403716],[5.720759,47.405491],[5.720833,47.40609],[5.722584,47.406785],[5.722919,47.407231],[5.722446,47.407716],[5.724735,47.410228],[5.723872,47.410713],[5.725209,47.412605],[5.72433,47.413396],[5.723305,47.415001],[5.723388,47.415269],[5.724105,47.416103],[5.728437,47.416427],[5.731542,47.417281],[5.731807,47.417274],[5.732405,47.416265],[5.733669,47.416318],[5.733856,47.416133],[5.735085,47.416682],[5.736746,47.416723],[5.738461,47.417618],[5.738553,47.417751],[5.738323,47.417932],[5.73874,47.41887],[5.741719,47.418783],[5.743463,47.420127],[5.743992,47.420111],[5.744565,47.42077],[5.745023,47.421702],[5.745341,47.423583],[5.745871,47.424603],[5.744574,47.425238],[5.748177,47.428496],[5.750325,47.428883],[5.750353,47.430368],[5.750568,47.430631],[5.751864,47.431179],[5.751318,47.43196],[5.75235,47.432322],[5.751298,47.434939],[5.750289,47.434996],[5.749908,47.435604],[5.760945,47.435343],[5.760362,47.435604],[5.759983,47.435488],[5.758059,47.435575],[5.756758,47.436355],[5.755947,47.437102],[5.75484,47.437604],[5.755726,47.437962],[5.756198,47.439043],[5.755902,47.439455],[5.755451,47.439639],[5.755453,47.440348],[5.755017,47.44075],[5.755496,47.4414],[5.754957,47.442405],[5.755065,47.44316],[5.755581,47.443959],[5.754902,47.444034],[5.755532,47.445754],[5.75413,47.446078],[5.754184,47.447219],[5.754507,47.448154],[5.755131,47.448125],[5.755338,47.448695],[5.754577,47.4495],[5.753328,47.45],[5.753093,47.451038],[5.754124,47.451654],[5.754592,47.452243],[5.756212,47.452669],[5.756395,47.453375],[5.756761,47.453553],[5.756495,47.453784],[5.756564,47.454079],[5.756117,47.454306],[5.755734,47.454034],[5.75541,47.454167],[5.75519,47.454018],[5.753587,47.454383],[5.753626,47.454762],[5.752664,47.455374],[5.752864,47.45623],[5.752473,47.456308],[5.752646,47.456896],[5.751123,47.457169],[5.752163,47.459804],[5.75205,47.460241],[5.752512,47.460595],[5.75157,47.461025],[5.751622,47.461399],[5.75025,47.462172],[5.750692,47.462415],[5.750219,47.463175],[5.750319,47.464191],[5.750143,47.464377],[5.751786,47.46619],[5.751739,47.466428],[5.751423,47.466518],[5.750877,47.467397],[5.750554,47.467602],[5.749973,47.468927],[5.749256,47.468543],[5.748275,47.468888],[5.74603,47.470918],[5.744301,47.471087],[5.742441,47.470579],[5.741958,47.471831],[5.742025,47.473424],[5.738725,47.474077],[5.730778,47.474435],[5.727293,47.478262],[5.725893,47.47902],[5.724752,47.481768],[5.727387,47.483034],[5.731354,47.486449],[5.7344,47.490289],[5.740589,47.492209],[5.744121,47.495606],[5.745258,47.496453],[5.745742,47.497223],[5.748225,47.498766],[5.754906,47.504396],[5.760112,47.506924],[5.765201,47.508574],[5.768286,47.510058],[5.771144,47.511099],[5.777254,47.512067],[5.777556,47.512518],[5.777289,47.512627],[5.778004,47.512999],[5.778192,47.513375],[5.779185,47.513396],[5.779421,47.513239],[5.780091,47.513219],[5.780574,47.513477],[5.780868,47.513463],[5.780986,47.513282],[5.781539,47.513278],[5.782596,47.513832],[5.782944,47.514377],[5.784016,47.515092],[5.78468,47.515239],[5.785912,47.515196],[5.78963,47.510059],[5.794017,47.510868],[5.798606,47.512336],[5.80081,47.513403],[5.801862,47.514892],[5.80292,47.515721],[5.80358,47.516536],[5.803912,47.517271],[5.804383,47.517428],[5.804982,47.517353],[5.806205,47.51774],[5.808637,47.51759],[5.809087,47.517787],[5.810429,47.517588],[5.811537,47.518789],[5.813859,47.520134],[5.814557,47.520857],[5.818045,47.522261],[5.81943,47.523066],[5.820861,47.524165],[5.821804,47.524468],[5.822118,47.524697],[5.822463,47.525386],[5.82437,47.525899],[5.826698,47.527413],[5.828944,47.529224],[5.832238,47.529801],[5.833365,47.529766],[5.835003,47.529402],[5.835866,47.529376],[5.83856,47.529925],[5.840499,47.530092],[5.841111,47.530299],[5.840587,47.53243],[5.840752,47.53292],[5.841683,47.533927],[5.843369,47.535317],[5.845978,47.53666],[5.844244,47.537756],[5.847864,47.539906],[5.848608,47.541146],[5.848552,47.541327],[5.847545,47.542168],[5.846949,47.543222],[5.8436,47.54688],[5.840578,47.549446],[5.838215,47.550914],[5.836883,47.55223],[5.837424,47.552793],[5.837491,47.553997],[5.836854,47.554226],[5.836469,47.55405],[5.8359,47.554025],[5.833625,47.554256],[5.832363,47.55467],[5.827948,47.555668],[5.827778,47.556767],[5.826884,47.558229],[5.830121,47.559846],[5.831157,47.560566],[5.832013,47.561246],[5.832615,47.562564],[5.832974,47.562895],[5.835306,47.56387],[5.836949,47.564007],[5.837099,47.564272],[5.83693,47.565763],[5.837162,47.566251],[5.837935,47.566858],[5.840759,47.568348],[5.841706,47.56859],[5.842416,47.568722],[5.845862,47.568667],[5.850587,47.569422],[5.852969,47.570198],[5.856489,47.572077],[5.857352,47.571548],[5.858426,47.57187],[5.859754,47.571991],[5.861514,47.570583],[5.860697,47.569095],[5.860514,47.568335],[5.860973,47.567241],[5.860644,47.56428],[5.86025,47.563346],[5.860944,47.562785],[5.861101,47.562377],[5.861819,47.56186],[5.861892,47.560285],[5.86233,47.558602],[5.864978,47.558431],[5.866052,47.558579],[5.867412,47.559033],[5.868245,47.559547],[5.869171,47.560465],[5.869894,47.56159],[5.872826,47.563209],[5.874221,47.563416],[5.875556,47.562476],[5.878555,47.561574],[5.879194,47.561194],[5.880723,47.559167],[5.88135,47.558607],[5.882959,47.557793],[5.885038,47.557054],[5.885777,47.557166],[5.887954,47.55791],[5.890355,47.559008],[5.896012,47.56104],[5.896886,47.561193],[5.897264,47.560866],[5.89978,47.56187],[5.912119,47.566172],[5.917831,47.56406],[5.91698,47.563276],[5.91805,47.563378],[5.918778,47.56133],[5.920744,47.558928],[5.92003,47.553591],[5.923232,47.554394],[5.923494,47.554341],[5.924043,47.553603],[5.928991,47.549084],[5.930775,47.550874],[5.931694,47.550711],[5.932628,47.551575],[5.933659,47.551954],[5.934729,47.552062],[5.935524,47.552589],[5.93833,47.551437],[5.937291,47.549907],[5.937347,47.549726],[5.938119,47.549341],[5.935644,47.547167],[5.937793,47.545525],[5.93803,47.543806],[5.937644,47.542492],[5.93752,47.540895],[5.937699,47.539847],[5.936937,47.539744],[5.937074,47.538839],[5.933793,47.538491],[5.934919,47.534494],[5.935392,47.534267],[5.935863,47.534366],[5.936345,47.534241],[5.937555,47.534581],[5.938032,47.534574],[5.937998,47.533813],[5.936981,47.532539],[5.936528,47.530753],[5.935196,47.528767],[5.934132,47.528756],[5.932675,47.526865],[5.931897,47.526169],[5.929106,47.524739],[5.930476,47.522767],[5.932049,47.521243],[5.935195,47.519523],[5.933258,47.518352],[5.931475,47.519965],[5.929091,47.521285],[5.9278,47.520623],[5.929228,47.519947],[5.929984,47.51853],[5.929084,47.517096],[5.930247,47.516628],[5.931213,47.517712],[5.932687,47.517865],[5.933073,47.517242],[5.933505,47.514763],[5.934252,47.513557],[5.935572,47.51282],[5.93654,47.511147],[5.93867,47.509449],[5.939025,47.508395],[5.939614,47.507871],[5.939679,47.508612],[5.939266,47.509028],[5.939191,47.509703],[5.939546,47.510987],[5.939178,47.514517],[5.939278,47.515197],[5.941585,47.514432],[5.941906,47.51419],[5.942599,47.514227],[5.943594,47.513896],[5.943595,47.513306],[5.945167,47.512545],[5.945636,47.512691],[5.946003,47.512574],[5.946494,47.512822],[5.94755,47.512924],[5.947675,47.513138],[5.94856,47.513203],[5.949024,47.513405],[5.94991,47.513298],[5.950102,47.513749],[5.950841,47.514081],[5.950537,47.51474],[5.948888,47.515606],[5.948519,47.515329],[5.948344,47.514853],[5.945568,47.515442],[5.949296,47.5191],[5.950451,47.519947],[5.951924,47.520594],[5.951935,47.520774],[5.950812,47.521844],[5.951276,47.522208],[5.949879,47.523373],[5.947745,47.523498],[5.947375,47.523884],[5.947701,47.525378],[5.947495,47.525865],[5.947728,47.526352],[5.94927,47.52752],[5.949307,47.528059],[5.954473,47.529744],[5.962684,47.531533],[5.962722,47.53116],[5.963865,47.530178],[5.964671,47.530118],[5.965087,47.529871],[5.966684,47.52947],[5.96792,47.529875],[5.970737,47.529635],[5.971808,47.529894],[5.974941,47.529984],[5.975667,47.530242],[5.976511,47.529945],[5.977191,47.530053],[5.977637,47.530519],[5.978447,47.530727],[5.979529,47.530903],[5.980206,47.530829]],[[5.762054,47.435317],[5.762018,47.435335],[5.761937,47.435319],[5.762054,47.435317]],[[5.761866,47.435321],[5.761544,47.435329],[5.761866,47.435321]]]}},{"type":"Feature","properties":{"uai_primary":"0700016M","uai_all":"0700016M","is_merged":false},"geometry":{"type":"Polygon","coordinates":[[[6.031205,47.882255],[6.030505,47.881827],[6.02949,47.880689],[6.029544,47.880507],[6.03211,47.878465],[6.032383,47.877483],[6.032885,47.877565],[6.033118,47.878181],[6.033727,47.878124],[6.035062,47.877103],[6.036571,47.87576],[6.037189,47.87425],[6.03684,47.872069],[6.03521,47.869632],[6.035977,47.866785],[6.032745,47.866001],[6.030002,47.865052],[6.026207,47.863198],[6.019858,47.863127],[6.015419,47.860555],[6.015143,47.860153],[6.014233,47.859526],[6.011229,47.854598],[6.007329,47.854514],[6.004117,47.853534],[6.002157,47.852524],[5.998798,47.851515],[5.997813,47.851378],[5.99548,47.851605],[5.996068,47.849331],[5.994256,47.847349],[5.994267,47.847148],[5.992435,47.845524],[5.991684,47.843623],[5.98984,47.840096],[5.989551,47.837996],[5.988634,47.836313],[5.98854,47.836197],[5.987559,47.836394],[5.986999,47.835381],[5.986259,47.83519],[5.985272,47.835164],[5.984636,47.835607],[5.983315,47.835143],[5.98331,47.834845],[5.982206,47.834504],[5.980816,47.832494],[5.981547,47.831727],[5.981614,47.830389],[5.981918,47.8296],[5.981866,47.828699],[5.980703,47.828524],[5.980236,47.824971],[5.980024,47.824735],[5.980578,47.82298],[5.98026,47.822727],[5.980459,47.822327],[5.981417,47.822519],[5.983397,47.822528],[5.983615,47.822642],[5.984049,47.822473],[5.984014,47.822347],[5.985419,47.821979],[5.986423,47.821994],[5.988396,47.821302],[5.988981,47.822271],[5.992624,47.821202],[5.996048,47.819649],[5.995881,47.818611],[5.996683,47.818611],[5.997155,47.819459],[5.99711,47.819862],[5.997443,47.819986],[6.000387,47.818929],[6.004352,47.817921],[6.004924,47.817606],[6.004277,47.814809],[6.003112,47.814694],[6.003478,47.813197],[6.003196,47.813147],[6.003231,47.811783],[6.004182,47.810579],[6.004145,47.809598],[6.004537,47.809451],[6.003859,47.807322],[6.003974,47.807127],[6.005141,47.80717],[6.005222,47.806818],[6.004092,47.806066],[6.003877,47.804993],[6.00301,47.804907],[6.002311,47.804523],[6.000704,47.80437],[5.99914,47.804785],[5.998258,47.805273],[5.995777,47.805089],[5.994533,47.805466],[5.993882,47.805931],[5.993318,47.805963],[5.993013,47.805766],[5.99215,47.805848],[5.991063,47.805389],[5.99119,47.805226],[5.991012,47.804998],[5.990491,47.804903],[5.988878,47.804094],[5.988868,47.803833],[5.988536,47.803816],[5.988817,47.803233],[5.988587,47.803023],[5.987671,47.803348],[5.988039,47.802868],[5.987568,47.802698],[5.987345,47.802877],[5.987057,47.802792],[5.986993,47.802572],[5.98639,47.802288],[5.990857,47.798456],[5.99437,47.794581],[5.996005,47.79329],[5.997364,47.791359],[5.999735,47.789944],[6.001187,47.78751],[6.003879,47.785334],[6.005547,47.78316],[6.007194,47.781873],[6.007373,47.781348],[6.007296,47.779731],[6.008783,47.776647],[6.00946,47.775883],[6.01232,47.773544],[6.013677,47.771835],[6.01394,47.77096],[6.014027,47.768937],[6.013682,47.765547],[6.014953,47.763354],[6.015985,47.762588],[6.017885,47.761551],[6.020475,47.76045],[6.023226,47.760014],[6.027506,47.760123],[6.029645,47.759651],[6.030281,47.759366],[6.031378,47.758437],[6.031921,47.757725],[6.031918,47.757071],[6.031374,47.755939],[6.031415,47.75531],[6.033138,47.75156],[6.03383,47.750384],[6.034384,47.74985],[6.035402,47.749247],[6.035723,47.748741],[6.035706,47.747266],[6.035484,47.746837],[6.034181,47.74536],[6.032269,47.744548],[6.031839,47.74415],[6.030809,47.741611],[6.031327,47.740397],[6.031889,47.739639],[6.033837,47.738726],[6.035081,47.737572],[6.035132,47.737297],[6.032409,47.736174],[6.030062,47.738256],[6.025624,47.735173],[6.028643,47.734501],[6.027337,47.733271],[6.02665,47.733382],[6.025291,47.734049],[6.025546,47.734398],[6.023127,47.735478],[6.021063,47.735701],[6.018859,47.735424],[6.019058,47.73485],[6.018807,47.734835],[6.019513,47.733629],[6.021805,47.732142],[6.020767,47.731239],[6.020267,47.731119],[6.019665,47.731285],[6.018085,47.729495],[6.018549,47.728555],[6.017963,47.728207],[6.02078,47.726016],[6.021111,47.725312],[6.020438,47.725292],[6.019214,47.725571],[6.018269,47.726021],[6.017999,47.725524],[6.017588,47.72531],[6.017217,47.724818],[6.016942,47.724867],[6.016413,47.724418],[6.017685,47.723754],[6.016018,47.722523],[6.016583,47.722278],[6.015974,47.721226],[6.014211,47.720218],[6.015563,47.718227],[6.016469,47.717372],[6.015873,47.71698],[6.014763,47.71701],[6.010534,47.715952],[6.010113,47.71656],[6.006539,47.715886],[6.002512,47.71493],[6.002176,47.714463],[6.000673,47.714295],[5.997615,47.713553],[5.996604,47.713138],[5.995487,47.713307],[5.992942,47.712571],[5.991434,47.711756],[5.991101,47.709649],[5.989578,47.706738],[5.991849,47.70523],[5.99203,47.704647],[5.991099,47.705458],[5.990591,47.705561],[5.989406,47.70641],[5.988381,47.706181],[5.987173,47.706377],[5.98579,47.706942],[5.984448,47.707812],[5.983135,47.708409],[5.980753,47.70894],[5.976547,47.711096],[5.974889,47.711606],[5.975325,47.712309],[5.973672,47.713619],[5.971498,47.714372],[5.970264,47.714316],[5.968951,47.713983],[5.965909,47.713975],[5.962066,47.714488],[5.959645,47.714606],[5.956733,47.715142],[5.953991,47.715133],[5.950464,47.716156],[5.946944,47.716411],[5.944546,47.715509],[5.941816,47.715137],[5.938723,47.714423],[5.9379,47.714076],[5.934709,47.713742],[5.928592,47.715301],[5.926953,47.716151],[5.921129,47.718336],[5.919776,47.718991],[5.916567,47.72112],[5.914178,47.72185],[5.91217,47.724706],[5.910898,47.72616],[5.909218,47.728677],[5.907049,47.728329],[5.905009,47.728382],[5.904505,47.728629],[5.903164,47.728688],[5.901114,47.727778],[5.89942,47.726564],[5.8986,47.72535],[5.895349,47.726303],[5.893827,47.726154],[5.89068,47.726918],[5.890487,47.725876],[5.89023,47.726386],[5.889335,47.72587],[5.884525,47.726092],[5.884187,47.72557],[5.882541,47.725042],[5.880864,47.724739],[5.879066,47.724662],[5.879022,47.725531],[5.877109,47.725677],[5.875897,47.726377],[5.874263,47.726583],[5.873724,47.726885],[5.870498,47.726727],[5.866971,47.726961],[5.864307,47.729737],[5.862589,47.731005],[5.860598,47.732145],[5.859231,47.733672],[5.858329,47.73415],[5.855138,47.734943],[5.852842,47.735118],[5.849565,47.73509],[5.847693,47.735776],[5.847311,47.736057],[5.847886,47.736664],[5.846084,47.73767],[5.845632,47.738263],[5.845896,47.738754],[5.844135,47.738575],[5.840649,47.735722],[5.840113,47.735902],[5.839873,47.735561],[5.839914,47.73519],[5.834966,47.731483],[5.834177,47.731234],[5.832574,47.731605],[5.831193,47.732371],[5.8296,47.731473],[5.829283,47.731692],[5.827577,47.73109],[5.826885,47.731297],[5.826553,47.731042],[5.825233,47.731511],[5.823132,47.730056],[5.82269,47.730012],[5.821938,47.730361],[5.821462,47.729654],[5.82096,47.729909],[5.820517,47.72954],[5.82001,47.7297],[5.818712,47.728362],[5.81569,47.729425],[5.816223,47.728781],[5.817762,47.727842],[5.815913,47.725426],[5.816082,47.723614],[5.816384,47.723],[5.817005,47.722653],[5.818465,47.721026],[5.818157,47.719016],[5.818437,47.718064],[5.818637,47.714997],[5.81946,47.713907],[5.818957,47.713409],[5.819123,47.713152],[5.819517,47.71305],[5.819606,47.712533],[5.82045,47.712065],[5.821303,47.712265],[5.821497,47.712654],[5.822269,47.7127],[5.822217,47.712419],[5.82259,47.712038],[5.823062,47.712142],[5.823161,47.711832],[5.823676,47.712068],[5.823698,47.711604],[5.823408,47.71145],[5.823596,47.711025],[5.824034,47.710973],[5.824251,47.710629],[5.824092,47.709974],[5.825017,47.709452],[5.82491,47.70912],[5.825101,47.708948],[5.825405,47.708949],[5.82504,47.708709],[5.825468,47.708322],[5.824119,47.707642],[5.823915,47.706843],[5.824337,47.70657],[5.823951,47.706231],[5.824754,47.70601],[5.824899,47.705589],[5.826082,47.705289],[5.826478,47.70475],[5.82637,47.704505],[5.825272,47.70402],[5.824893,47.703537],[5.824482,47.703348],[5.82477,47.702298],[5.825059,47.702202],[5.824879,47.701787],[5.825558,47.701771],[5.825564,47.701483],[5.826093,47.701411],[5.826462,47.700976],[5.82702,47.700965],[5.827218,47.701129],[5.828097,47.701081],[5.827916,47.700726],[5.826877,47.699943],[5.824465,47.698887],[5.822187,47.697497],[5.821007,47.697225],[5.818324,47.696011],[5.810219,47.694008],[5.807239,47.693731],[5.805154,47.691407],[5.805064,47.69105],[5.805349,47.690321],[5.807461,47.688009],[5.807104,47.686315],[5.805828,47.6854],[5.805645,47.684641],[5.806311,47.682596],[5.80675,47.682177],[5.806706,47.681504],[5.803767,47.675289],[5.802304,47.673307],[5.800931,47.673708],[5.800206,47.674221],[5.798094,47.675017],[5.793357,47.677844],[5.791114,47.678624],[5.7909,47.679],[5.790477,47.679146],[5.788672,47.67957],[5.78818,47.678499],[5.785883,47.679061],[5.783764,47.679259],[5.777178,47.679455],[5.775076,47.679813],[5.772866,47.680701],[5.770127,47.680698],[5.768358,47.681534],[5.767452,47.682221],[5.762354,47.683883],[5.760812,47.685138],[5.762036,47.685914],[5.761748,47.687945],[5.760825,47.691505],[5.757756,47.690425],[5.756977,47.689727],[5.756432,47.689519],[5.755297,47.687436],[5.754076,47.687112],[5.753139,47.68705],[5.752658,47.686839],[5.75044,47.686544],[5.74939,47.685764],[5.748391,47.685794],[5.747371,47.685464],[5.74674,47.684987],[5.746346,47.684053],[5.745886,47.683698],[5.747434,47.681201],[5.746428,47.680542],[5.745882,47.67882],[5.744223,47.677501],[5.743915,47.676292],[5.742712,47.675203],[5.740838,47.674042],[5.739754,47.672723],[5.737982,47.671064],[5.738483,47.668484],[5.74064,47.667836],[5.740423,47.667572],[5.740877,47.667379],[5.740663,47.667161],[5.740987,47.667016],[5.740846,47.666884],[5.741094,47.666607],[5.739383,47.665892],[5.738723,47.666002],[5.737908,47.665755],[5.737894,47.66553],[5.736855,47.664931],[5.732148,47.663222],[5.731778,47.663684],[5.731514,47.663736],[5.731167,47.663522],[5.729693,47.663595],[5.72649,47.664419],[5.726296,47.66478],[5.725771,47.664579],[5.724641,47.664612],[5.724687,47.665331],[5.717851,47.665755],[5.715535,47.664967],[5.711419,47.663106],[5.711468,47.662834],[5.710032,47.662246],[5.709422,47.662314],[5.708118,47.661603],[5.707419,47.662177],[5.70607,47.66415],[5.704893,47.665118],[5.703504,47.667898],[5.702922,47.671251],[5.703347,47.6722],[5.703531,47.674123],[5.706,47.675178],[5.707377,47.676208],[5.709128,47.676922],[5.710813,47.678791],[5.710376,47.679206],[5.710379,47.680285],[5.710013,47.681872],[5.709749,47.681925],[5.709769,47.682238],[5.70884,47.68231],[5.709207,47.683875],[5.708712,47.684475],[5.707183,47.685599],[5.704462,47.685768],[5.704545,47.686036],[5.703833,47.686372],[5.703437,47.686428],[5.703093,47.686259],[5.700688,47.687228],[5.699246,47.68763],[5.699558,47.68834],[5.699431,47.688434],[5.698705,47.688546],[5.698307,47.687522],[5.698041,47.68753],[5.697988,47.687756],[5.697459,47.687816],[5.697493,47.688356],[5.6969,47.688463],[5.696925,47.688867],[5.696287,47.689107],[5.696426,47.689519],[5.693676,47.690525],[5.694863,47.692306],[5.694951,47.694364],[5.694813,47.695001],[5.694349,47.69503],[5.693624,47.696401],[5.692926,47.698883],[5.693074,47.699942],[5.693467,47.700851],[5.692609,47.701775],[5.693725,47.702552],[5.692815,47.703975],[5.693535,47.704809],[5.692713,47.705508],[5.691805,47.706974],[5.689507,47.708616],[5.688641,47.709676],[5.688161,47.709464],[5.687795,47.710015],[5.687855,47.710958],[5.686863,47.711077],[5.684117,47.711966],[5.684204,47.712279],[5.684028,47.712389],[5.68464,47.713152],[5.68494,47.713115],[5.685759,47.713675],[5.685869,47.714347],[5.685725,47.715167],[5.683536,47.716764],[5.683384,47.71717],[5.683725,47.717455],[5.685012,47.717868],[5.687037,47.718048],[5.688312,47.719227],[5.687155,47.720971],[5.684707,47.722401],[5.685158,47.722951],[5.685982,47.722618],[5.68674,47.722554],[5.68731,47.723177],[5.689451,47.723108],[5.689641,47.723617],[5.691025,47.723712],[5.694617,47.724993],[5.695912,47.725236],[5.69521,47.726005],[5.688629,47.730528],[5.689343,47.731894],[5.689646,47.734376],[5.691538,47.736614],[5.693157,47.737637],[5.696395,47.738838],[5.699656,47.740461],[5.701605,47.741079],[5.705064,47.741867],[5.706405,47.742446],[5.708713,47.744249],[5.709581,47.745304],[5.705979,47.751833],[5.706091,47.752713],[5.708999,47.75678],[5.709001,47.75762],[5.707564,47.760801],[5.707653,47.761725],[5.709073,47.761583],[5.710291,47.761673],[5.712552,47.761556],[5.714099,47.761737],[5.715348,47.762424],[5.718135,47.763309],[5.719113,47.763833],[5.716546,47.766409],[5.717176,47.767068],[5.717189,47.767443],[5.71666,47.767872],[5.716022,47.768078],[5.715869,47.769607],[5.717525,47.770459],[5.716046,47.771912],[5.718219,47.773748],[5.719353,47.774408],[5.715469,47.776375],[5.713793,47.775275],[5.711755,47.774294],[5.707661,47.777516],[5.70559,47.77688],[5.705273,47.777425],[5.706442,47.778944],[5.706506,47.779327],[5.706262,47.77959],[5.70595,47.779707],[5.704631,47.779679],[5.70185,47.778937],[5.699794,47.780176],[5.700595,47.780495],[5.700927,47.780927],[5.700215,47.781775],[5.698715,47.781411],[5.694329,47.781223],[5.692921,47.780819],[5.690666,47.779461],[5.68846,47.777799],[5.686278,47.777337],[5.684258,47.776409],[5.683106,47.776115],[5.682127,47.775532],[5.680597,47.776738],[5.680254,47.777611],[5.67956,47.778215],[5.677933,47.778892],[5.676382,47.779137],[5.676505,47.780282],[5.677776,47.782039],[5.67781,47.782742],[5.67765,47.783182],[5.677155,47.783505],[5.677126,47.784091],[5.678353,47.788045],[5.678598,47.793092],[5.680194,47.795221],[5.681195,47.797765],[5.681103,47.801023],[5.681704,47.801859],[5.681655,47.802905],[5.682067,47.804347],[5.681813,47.806095],[5.682018,47.806738],[5.681839,47.807299],[5.681494,47.80762],[5.681785,47.808036],[5.681455,47.808292],[5.681842,47.808577],[5.681647,47.809061],[5.682564,47.809857],[5.682998,47.809769],[5.683139,47.809984],[5.682948,47.810284],[5.683215,47.810225],[5.683605,47.810791],[5.684505,47.811484],[5.685369,47.812507],[5.685466,47.812892],[5.686135,47.813245],[5.686628,47.813212],[5.686888,47.81336],[5.687035,47.813692],[5.686866,47.814007],[5.686549,47.814127],[5.686779,47.814595],[5.687486,47.815502],[5.68978,47.816824],[5.689482,47.817178],[5.689867,47.817516],[5.689475,47.817957],[5.689972,47.819299],[5.69072,47.819621],[5.691533,47.820948],[5.692102,47.821434],[5.692834,47.82185],[5.694627,47.822502],[5.700216,47.823886],[5.702867,47.823011],[5.703217,47.822713],[5.703754,47.822671],[5.703914,47.822163],[5.704612,47.822107],[5.705212,47.82188],[5.705907,47.821964],[5.707193,47.821802],[5.709117,47.82211],[5.712652,47.821775],[5.714143,47.82128],[5.71613,47.820983],[5.720669,47.820688],[5.720956,47.821378],[5.721427,47.821702],[5.722356,47.821071],[5.722319,47.820133],[5.723041,47.819667],[5.723654,47.819584],[5.724074,47.820176],[5.724683,47.820327],[5.725147,47.820055],[5.725729,47.819268],[5.726372,47.819003],[5.727516,47.818831],[5.727963,47.818337],[5.728781,47.818155],[5.729096,47.817886],[5.729539,47.818186],[5.729876,47.818201],[5.73027,47.817708],[5.730985,47.817543],[5.734633,47.817892],[5.735242,47.818908],[5.735737,47.81837],[5.735812,47.817904],[5.736181,47.817702],[5.737175,47.818233],[5.740882,47.819341],[5.742002,47.819429],[5.742276,47.819658],[5.742392,47.820211],[5.743022,47.820595],[5.742913,47.821141],[5.744045,47.822191],[5.743428,47.822491],[5.74393,47.823151],[5.744208,47.823353],[5.746092,47.823564],[5.746215,47.824085],[5.746025,47.824225],[5.745219,47.824159],[5.744827,47.824306],[5.744464,47.824901],[5.744821,47.825251],[5.744851,47.826002],[5.745191,47.826737],[5.745658,47.827173],[5.74702,47.827556],[5.746581,47.827675],[5.747015,47.828207],[5.747656,47.828178],[5.747794,47.828399],[5.749527,47.828564],[5.751179,47.82897],[5.750631,47.830265],[5.749969,47.830287],[5.748103,47.829864],[5.745171,47.829651],[5.745709,47.830637],[5.746371,47.830652],[5.7464,47.831293],[5.747266,47.831436],[5.747012,47.832358],[5.746783,47.832378],[5.746339,47.834248],[5.745599,47.834747],[5.746084,47.835789],[5.745456,47.836102],[5.745338,47.836379],[5.746183,47.837018],[5.74593,47.837531],[5.748147,47.838476],[5.747519,47.839125],[5.746806,47.840496],[5.74675,47.840678],[5.747093,47.840803],[5.746922,47.841258],[5.744728,47.840421],[5.743582,47.842346],[5.743527,47.842527],[5.745503,47.844134],[5.744687,47.844968],[5.744347,47.845924],[5.744202,47.848854],[5.74652,47.850586],[5.749448,47.852436],[5.753419,47.85178],[5.755282,47.853138],[5.755857,47.853319],[5.757029,47.854607],[5.757162,47.855061],[5.759145,47.857262],[5.760753,47.858677],[5.761197,47.859338],[5.763603,47.858987],[5.764488,47.858522],[5.765125,47.858053],[5.765666,47.857092],[5.767299,47.855743],[5.769668,47.856435],[5.771803,47.856866],[5.774755,47.85804],[5.780446,47.856072],[5.784674,47.855272],[5.787837,47.855247],[5.793132,47.855695],[5.794888,47.856008],[5.795251,47.855814],[5.795843,47.855896],[5.796009,47.855582],[5.79888,47.855706],[5.798428,47.852966],[5.797483,47.852005],[5.797619,47.851831],[5.797095,47.850849],[5.796995,47.849965],[5.795338,47.849226],[5.795896,47.846917],[5.796156,47.846726],[5.801407,47.846989],[5.804276,47.847458],[5.806012,47.847352],[5.807004,47.847827],[5.80976,47.848639],[5.813915,47.848555],[5.81546,47.848771],[5.821895,47.85075],[5.822446,47.851098],[5.822967,47.851947],[5.823644,47.8523],[5.826288,47.852105],[5.82722,47.851809],[5.828425,47.851932],[5.827667,47.852322],[5.827639,47.852517],[5.826881,47.852598],[5.826895,47.852798],[5.828489,47.853031],[5.829521,47.853456],[5.829352,47.853904],[5.829574,47.8543],[5.829864,47.854401],[5.829666,47.855014],[5.829382,47.855233],[5.829534,47.855446],[5.8293,47.855603],[5.829735,47.855706],[5.82982,47.855909],[5.829424,47.856745],[5.828729,47.857217],[5.828108,47.856622],[5.827936,47.856192],[5.827364,47.856437],[5.826631,47.856174],[5.825825,47.855624],[5.825675,47.855358],[5.826552,47.854477],[5.826236,47.854216],[5.818003,47.852014],[5.817627,47.852982],[5.817845,47.853252],[5.824627,47.855705],[5.824703,47.855838],[5.824323,47.856164],[5.823546,47.856548],[5.822,47.857817],[5.824356,47.858042],[5.826517,47.856908],[5.828181,47.857717],[5.828058,47.858033],[5.826025,47.858626],[5.825289,47.858655],[5.824844,47.858984],[5.82467,47.859394],[5.824808,47.860471],[5.824582,47.861107],[5.823038,47.863044],[5.822203,47.864648],[5.823304,47.865192],[5.82423,47.86529],[5.824617,47.86519],[5.822298,47.867125],[5.821821,47.867854],[5.82145,47.868075],[5.821076,47.868924],[5.820643,47.869111],[5.821309,47.870148],[5.821689,47.870137],[5.822241,47.870894],[5.822706,47.871201],[5.823148,47.871963],[5.823509,47.872065],[5.823388,47.872396],[5.823925,47.872424],[5.82448,47.872724],[5.827775,47.877035],[5.828381,47.877107],[5.829535,47.878378],[5.829723,47.879183],[5.83068,47.880504],[5.831147,47.88049],[5.834881,47.882314],[5.836683,47.885276],[5.838632,47.885398],[5.837877,47.887131],[5.83687,47.888106],[5.836984,47.889812],[5.837479,47.891239],[5.839694,47.892342],[5.841928,47.893716],[5.842843,47.894408],[5.845012,47.896819],[5.845223,47.897983],[5.845779,47.899316],[5.84698,47.90027],[5.848161,47.90091],[5.848067,47.901498],[5.848464,47.901986],[5.848005,47.90351],[5.848517,47.904542],[5.849765,47.905408],[5.851605,47.906035],[5.85337,47.905428],[5.854622,47.904555],[5.856288,47.903801],[5.858041,47.903538],[5.859578,47.903492],[5.86062,47.903055],[5.863001,47.902623],[5.865087,47.902786],[5.866086,47.90271],[5.86687,47.902416],[5.867493,47.901723],[5.869969,47.900702],[5.873503,47.900505],[5.87843,47.901121],[5.880767,47.901771],[5.881046,47.900741],[5.882349,47.899822],[5.883874,47.900514],[5.885063,47.902105],[5.88674,47.902824],[5.890944,47.910608],[5.89009,47.912245],[5.889688,47.912257],[5.889563,47.912396],[5.889507,47.913297],[5.886853,47.914434],[5.887349,47.915299],[5.886377,47.915779],[5.887955,47.917351],[5.889579,47.920587],[5.88341,47.921451],[5.883575,47.924911],[5.884746,47.926183],[5.889003,47.926952],[5.890513,47.927491],[5.892672,47.928731],[5.893523,47.929425],[5.895254,47.930272],[5.896811,47.930461],[5.89766,47.930943],[5.895843,47.935026],[5.895457,47.935262],[5.893938,47.935579],[5.89342,47.935865],[5.89294,47.93669],[5.892904,47.937141],[5.89383,47.938958],[5.894469,47.939479],[5.89521,47.940536],[5.897588,47.942039],[5.899166,47.943567],[5.899556,47.944449],[5.900601,47.944568],[5.904548,47.945786],[5.909991,47.946861],[5.912458,47.947053],[5.914586,47.946956],[5.918016,47.947441],[5.917405,47.950002],[5.918767,47.954332],[5.918624,47.956224],[5.918818,47.95674],[5.920483,47.956598],[5.919964,47.95981],[5.919036,47.959974],[5.919732,47.961348],[5.919903,47.962872],[5.919575,47.962972],[5.919108,47.963977],[5.919397,47.964284],[5.918166,47.965896],[5.917764,47.965909],[5.917384,47.966235],[5.918835,47.966866],[5.919156,47.967666],[5.919948,47.968452],[5.919099,47.968794],[5.920282,47.969432],[5.92121,47.97026],[5.921714,47.970784],[5.921329,47.97102],[5.922533,47.971974],[5.92912,47.975193],[5.93158,47.976873],[5.932686,47.977381],[5.933827,47.976536],[5.936887,47.979005],[5.93827,47.978647],[5.939466,47.979465],[5.943471,47.979208],[5.944198,47.98004],[5.946454,47.9797],[5.94643,47.979341],[5.946692,47.979243],[5.946925,47.979731],[5.947528,47.979712],[5.947494,47.979219],[5.950082,47.975646],[5.949888,47.974614],[5.949418,47.974027],[5.94987,47.973789],[5.949544,47.972943],[5.958827,47.970495],[5.958488,47.96848],[5.960132,47.968025],[5.959696,47.966553],[5.959912,47.965996],[5.958675,47.965122],[5.956403,47.964516],[5.955875,47.96361],[5.954227,47.962041],[5.953821,47.961018],[5.951815,47.96108],[5.950942,47.960072],[5.950537,47.960039],[5.949226,47.958414],[5.947797,47.958527],[5.947461,47.957017],[5.946644,47.957009],[5.946452,47.955169],[5.945847,47.955143],[5.94491,47.954182],[5.942757,47.953078],[5.942289,47.953092],[5.941838,47.952386],[5.939029,47.951483],[5.938154,47.951712],[5.937883,47.951439],[5.937476,47.950059],[5.937461,47.949834],[5.937961,47.949579],[5.937834,47.948684],[5.937314,47.947934],[5.934,47.945516],[5.933282,47.943827],[5.932321,47.943742],[5.932679,47.942401],[5.932253,47.941503],[5.931706,47.940924],[5.931691,47.940638],[5.930515,47.939502],[5.929499,47.938887],[5.928684,47.938115],[5.93019,47.93771],[5.93422,47.937356],[5.935824,47.936253],[5.937238,47.936981],[5.942237,47.936379],[5.947102,47.936288],[5.948437,47.935949],[5.949358,47.935448],[5.9511,47.936663],[5.952618,47.936614],[5.953718,47.93703],[5.955612,47.938277],[5.956144,47.938906],[5.956501,47.938965],[5.957178,47.939705],[5.957658,47.939953],[5.958312,47.940793],[5.960022,47.942011],[5.960529,47.942581],[5.960177,47.943312],[5.960326,47.943533],[5.963699,47.945813],[5.966566,47.946579],[5.969023,47.947505],[5.970978,47.944627],[5.970486,47.944413],[5.972649,47.941255],[5.972881,47.940989],[5.973351,47.940899],[5.973146,47.940547],[5.97379,47.939192],[5.971938,47.938373],[5.974131,47.936429],[5.975284,47.935873],[5.976164,47.934218],[5.974998,47.933804],[5.973812,47.933121],[5.974767,47.932416],[5.974035,47.931493],[5.976051,47.930621],[5.977026,47.929668],[5.976048,47.92864],[5.976484,47.928176],[5.975506,47.927577],[5.975953,47.927248],[5.97594,47.927068],[5.974218,47.925411],[5.972248,47.922097],[5.971644,47.922071],[5.971314,47.921747],[5.97063,47.921921],[5.968577,47.92032],[5.967491,47.919139],[5.965959,47.91536],[5.965689,47.915323],[5.965536,47.915058],[5.965137,47.913134],[5.962103,47.912824],[5.962824,47.911631],[5.961454,47.911179],[5.96176,47.910764],[5.96152,47.910542],[5.96167,47.909383],[5.960982,47.906935],[5.961308,47.90615],[5.962174,47.905538],[5.962616,47.905538],[5.963444,47.906024],[5.964224,47.906912],[5.964486,47.907712],[5.966616,47.907843],[5.966902,47.907621],[5.966697,47.907206],[5.966551,47.905487],[5.966789,47.905028],[5.967224,47.904775],[5.968548,47.904742],[5.970979,47.903323],[5.97238,47.904158],[5.973338,47.903877],[5.97646,47.902467],[5.979495,47.90222],[5.98049,47.90328],[5.981092,47.903438],[5.981845,47.903425],[5.982947,47.903274],[5.986673,47.902332],[5.988118,47.90169],[5.991513,47.900663],[5.995958,47.900683],[6.000112,47.901316],[6.000553,47.901616],[6.000962,47.902279],[6.002744,47.902193],[6.004248,47.901696],[6.004174,47.902553],[6.006561,47.902766],[6.007094,47.90293],[6.008821,47.902983],[6.008739,47.902754],[6.010703,47.9029],[6.012328,47.903636],[6.013931,47.904711],[6.014059,47.904839],[6.013889,47.905395],[6.017171,47.908151],[6.01944,47.908391],[6.021723,47.909031],[6.022647,47.909433],[6.027787,47.912839],[6.029837,47.913325],[6.030549,47.913288],[6.031002,47.912806],[6.033875,47.912562],[6.037629,47.910667],[6.038437,47.910025],[6.039219,47.906849],[6.040126,47.90464],[6.039893,47.903092],[6.040409,47.901861],[6.040575,47.900344],[6.039594,47.897986],[6.035835,47.896783],[6.033643,47.895097],[6.03365,47.894311],[6.032903,47.89314],[6.031757,47.892614],[6.032031,47.891844],[6.032236,47.88942],[6.033301,47.887807],[6.035656,47.885829],[6.03472,47.885315],[6.035473,47.884624],[6.034954,47.884002],[6.032809,47.883147],[6.031205,47.882255]]]}},{"type":"Feature","properties":{"uai_primary":"0700026Y","uai_all":"0700026Y","is_merged":false},"geometry":{"type":"Polygon","coordinates":[[[5.852039,47.24914],[5.852003,47.248353],[5.85229,47.247389],[5.852089,47.246918],[5.85144,47.246287],[5.851266,47.2455],[5.850317,47.244542],[5.849899,47.243152],[5.849323,47.243033],[5.848233,47.242387],[5.845416,47.241257],[5.844762,47.241161],[5.844676,47.241429],[5.843883,47.241436],[5.841701,47.240987],[5.840722,47.240985],[5.838072,47.241092],[5.835726,47.241483],[5.835443,47.241291],[5.835582,47.241037],[5.835418,47.240868],[5.834472,47.240518],[5.831213,47.240222],[5.830659,47.239292],[5.830706,47.238924],[5.830011,47.238054],[5.827278,47.238735],[5.826803,47.237795],[5.825341,47.23591],[5.822863,47.236627],[5.822183,47.235443],[5.821536,47.235446],[5.821318,47.235147],[5.819463,47.23565],[5.819114,47.235014],[5.817041,47.234947],[5.816556,47.23524],[5.816362,47.236339],[5.815864,47.236302],[5.815375,47.235886],[5.814944,47.236001],[5.815069,47.235729],[5.814685,47.23548],[5.814453,47.23505],[5.813413,47.235446],[5.812829,47.234492],[5.813102,47.234303],[5.812861,47.233897],[5.812602,47.233978],[5.812571,47.233799],[5.811227,47.234149],[5.811219,47.234032],[5.808102,47.23445],[5.806633,47.234823],[5.805748,47.232983],[5.805139,47.233038],[5.804716,47.23266],[5.803765,47.233656],[5.802932,47.233427],[5.802494,47.233989],[5.801057,47.233757],[5.798259,47.232807],[5.791826,47.231575],[5.791194,47.231547],[5.789442,47.231815],[5.789148,47.231692],[5.787942,47.232069],[5.786902,47.232729],[5.786603,47.233341],[5.78689,47.233898],[5.788186,47.234892],[5.791291,47.235798],[5.791609,47.235769],[5.791835,47.23555],[5.79415,47.236015],[5.794968,47.236338],[5.794119,47.23772],[5.792749,47.239044],[5.790982,47.23859],[5.789776,47.238583],[5.787887,47.237997],[5.786781,47.238987],[5.788003,47.239673],[5.788222,47.239431],[5.790538,47.240357],[5.790324,47.240637],[5.789553,47.240333],[5.788746,47.241403],[5.788487,47.241351],[5.787373,47.241784],[5.786662,47.241792],[5.785487,47.241504],[5.780287,47.242423],[5.780015,47.244358],[5.779223,47.245973],[5.778338,47.245715],[5.777359,47.246659],[5.776869,47.246935],[5.776464,47.246796],[5.776439,47.247114],[5.775024,47.246333],[5.773953,47.24727],[5.775032,47.24767],[5.774431,47.247986],[5.772839,47.247462],[5.77238,47.248277],[5.769827,47.247704],[5.769387,47.247841],[5.767539,47.249563],[5.763855,47.248353],[5.763638,47.248723],[5.762867,47.248598],[5.762807,47.248707],[5.760504,47.247807],[5.76129,47.246508],[5.759901,47.246258],[5.759329,47.245976],[5.757739,47.245616],[5.755365,47.245301],[5.753084,47.245335],[5.753818,47.245934],[5.753175,47.246039],[5.753414,47.246772],[5.753778,47.246729],[5.754297,47.247247],[5.752613,47.247733],[5.752285,47.247268],[5.751789,47.247409],[5.751524,47.247158],[5.750866,47.247104],[5.750362,47.245973],[5.74755,47.247897],[5.746129,47.248425],[5.744531,47.249391],[5.742997,47.24991],[5.741842,47.250887],[5.740603,47.249147],[5.740431,47.24586],[5.740743,47.244275],[5.740372,47.243887],[5.740344,47.243452],[5.739917,47.2433],[5.73979,47.242373],[5.739529,47.24202],[5.737887,47.240998],[5.736797,47.24075],[5.737315,47.24025],[5.735927,47.239854],[5.735623,47.239884],[5.734012,47.23911],[5.732847,47.239052],[5.732957,47.238796],[5.732744,47.23858],[5.730045,47.237509],[5.729379,47.237633],[5.728966,47.237445],[5.728545,47.237515],[5.727104,47.236222],[5.723733,47.237485],[5.723119,47.238884],[5.723942,47.239537],[5.722748,47.240079],[5.718772,47.237506],[5.718298,47.237966],[5.719038,47.239107],[5.71938,47.240394],[5.718997,47.241293],[5.718002,47.242237],[5.717151,47.243691],[5.71668,47.243957],[5.716022,47.243942],[5.715126,47.244269],[5.715142,47.244508],[5.713866,47.244811],[5.713439,47.245608],[5.712431,47.246355],[5.712358,47.246767],[5.712671,47.247324],[5.712447,47.248171],[5.712762,47.248913],[5.712554,47.249246],[5.711911,47.249155],[5.711825,47.249312],[5.711484,47.249318],[5.711254,47.249696],[5.710656,47.249566],[5.710424,47.249992],[5.708967,47.250752],[5.708687,47.251542],[5.709132,47.251613],[5.708602,47.252597],[5.708565,47.253876],[5.708361,47.254401],[5.707965,47.254196],[5.706253,47.256177],[5.70596,47.256083],[5.703611,47.259696],[5.701666,47.260341],[5.701664,47.261564],[5.701139,47.264405],[5.700294,47.264297],[5.700228,47.263927],[5.699655,47.263853],[5.699215,47.264059],[5.698703,47.264906],[5.697414,47.265369],[5.696624,47.265917],[5.696542,47.266237],[5.696855,47.266612],[5.698893,47.268191],[5.6989,47.268704],[5.697928,47.269385],[5.697339,47.26945],[5.695239,47.268243],[5.694489,47.268023],[5.693953,47.268044],[5.693534,47.268369],[5.693938,47.269133],[5.693944,47.269689],[5.692758,47.270517],[5.692121,47.271934],[5.691722,47.272258],[5.690926,47.272316],[5.690371,47.272003],[5.690038,47.27154],[5.689875,47.270631],[5.68943,47.270313],[5.688402,47.270274],[5.687352,47.270785],[5.68514,47.270971],[5.684202,47.27132],[5.683461,47.272798],[5.683516,47.274039],[5.682819,47.274685],[5.681657,47.274914],[5.679936,47.274203],[5.679125,47.2742],[5.678232,47.274479],[5.677257,47.27539],[5.676398,47.275695],[5.676713,47.277021],[5.676513,47.277302],[5.676876,47.277829],[5.677073,47.278998],[5.676885,47.279332],[5.677229,47.279741],[5.676222,47.279982],[5.675491,47.280634],[5.678456,47.286246],[5.679358,47.288387],[5.680213,47.288317],[5.681177,47.288631],[5.681942,47.289145],[5.680592,47.289985],[5.681725,47.291334],[5.68076,47.291767],[5.681226,47.29288],[5.680471,47.293486],[5.683165,47.295037],[5.68297,47.29535],[5.687566,47.298998],[5.686795,47.29938],[5.686465,47.29939],[5.685768,47.298825],[5.68507,47.299295],[5.686001,47.300439],[5.686093,47.300842],[5.687487,47.301971],[5.686596,47.302538],[5.687221,47.303015],[5.687954,47.303084],[5.688329,47.303793],[5.688597,47.30383],[5.688916,47.303641],[5.6894,47.303987],[5.688449,47.304645],[5.688798,47.304949],[5.688046,47.305602],[5.688011,47.306098],[5.687065,47.306846],[5.68966,47.310237],[5.689091,47.310659],[5.689169,47.310836],[5.689781,47.311399],[5.690118,47.311021],[5.692599,47.312763],[5.691311,47.313599],[5.693435,47.314494],[5.692289,47.315217],[5.692661,47.315506],[5.69373,47.315],[5.694492,47.314955],[5.696212,47.316529],[5.700335,47.32445],[5.699491,47.326563],[5.697788,47.327917],[5.698974,47.328873],[5.697483,47.330447],[5.693844,47.331619],[5.693571,47.331135],[5.68798,47.333149],[5.685562,47.333828],[5.684934,47.334181],[5.680945,47.336932],[5.678757,47.339949],[5.677114,47.343075],[5.683341,47.345668],[5.684145,47.345825],[5.685921,47.346674],[5.686823,47.347323],[5.687285,47.34731],[5.691236,47.349982],[5.694659,47.351868],[5.69829,47.354438],[5.698972,47.354083],[5.698825,47.353863],[5.699078,47.353675],[5.698936,47.353499],[5.702804,47.351411],[5.704178,47.350958],[5.704292,47.351108],[5.707165,47.350603],[5.707409,47.350814],[5.708548,47.350433],[5.709268,47.351219],[5.712945,47.349571],[5.715232,47.351159],[5.717077,47.350224],[5.716847,47.349628],[5.718589,47.349085],[5.725335,47.348756],[5.726249,47.348499],[5.729422,47.34843],[5.729485,47.348658],[5.732221,47.348652],[5.734489,47.347601],[5.737584,47.346667],[5.739032,47.347197],[5.743233,47.350675],[5.748063,47.3559],[5.749808,47.358679],[5.749825,47.359091],[5.75583,47.363757],[5.757957,47.362765],[5.75993,47.361523],[5.761733,47.359668],[5.76409,47.35826],[5.764909,47.358186],[5.768034,47.357287],[5.768633,47.358086],[5.769381,47.357789],[5.768081,47.356304],[5.768451,47.355196],[5.76916,47.354631],[5.771491,47.354985],[5.773744,47.355903],[5.77544,47.355651],[5.775843,47.355875],[5.779754,47.361031],[5.78199,47.358392],[5.785852,47.359717],[5.786511,47.360118],[5.788697,47.36013],[5.789171,47.359861],[5.791152,47.359929],[5.792051,47.359708],[5.793611,47.35988],[5.795812,47.359722],[5.797595,47.359952],[5.799079,47.360469],[5.801727,47.360328],[5.802368,47.3601],[5.802861,47.359681],[5.803672,47.359679],[5.804308,47.360105],[5.807209,47.357755],[5.80681,47.357487],[5.808576,47.355982],[5.810108,47.355116],[5.812169,47.353269],[5.812469,47.353177],[5.813039,47.352201],[5.815797,47.352942],[5.820252,47.355467],[5.821393,47.356001],[5.822592,47.356254],[5.822332,47.357152],[5.824477,47.358187],[5.826801,47.358016],[5.827717,47.358337],[5.829579,47.360711],[5.830201,47.362146],[5.831926,47.36387],[5.83577,47.36219],[5.836562,47.364136],[5.838017,47.366118],[5.838179,47.366681],[5.838623,47.366852],[5.838968,47.367485],[5.841337,47.367233],[5.845402,47.367143],[5.846188,47.367377],[5.84694,47.3681],[5.848023,47.367856],[5.848859,47.368235],[5.849528,47.368316],[5.858423,47.36741],[5.859882,47.367324],[5.863058,47.367457],[5.864251,47.370296],[5.863972,47.371267],[5.864465,47.373299],[5.864268,47.374913],[5.864697,47.375591],[5.867204,47.377563],[5.867875,47.377748],[5.869744,47.378673],[5.872437,47.379298],[5.87724,47.38008],[5.877453,47.379989],[5.880009,47.375832],[5.881547,47.374739],[5.882991,47.375667],[5.883653,47.376552],[5.885472,47.377352],[5.885544,47.377508],[5.886025,47.377575],[5.886701,47.378723],[5.887431,47.378927],[5.887944,47.379423],[5.888764,47.379859],[5.888995,47.380365],[5.890771,47.381649],[5.890409,47.38177],[5.890353,47.38247],[5.89834,47.378005],[5.898593,47.3782],[5.904852,47.376084],[5.905917,47.374528],[5.905395,47.374234],[5.905033,47.374382],[5.904152,47.374421],[5.903816,47.374081],[5.906651,47.372629],[5.908167,47.372071],[5.90957,47.371005],[5.909419,47.37086],[5.910032,47.370239],[5.911864,47.366721],[5.911186,47.366353],[5.913962,47.363208],[5.91454,47.362708],[5.914835,47.363096],[5.915114,47.362904],[5.914909,47.362513],[5.915129,47.362431],[5.915698,47.363221],[5.918558,47.361988],[5.918222,47.361545],[5.918454,47.361441],[5.918375,47.361246],[5.919953,47.360681],[5.920516,47.361159],[5.920913,47.361146],[5.920936,47.360516],[5.920627,47.360336],[5.922283,47.359231],[5.922614,47.35948],[5.923957,47.358126],[5.91819,47.352181],[5.920726,47.350482],[5.921791,47.349193],[5.922164,47.349228],[5.922751,47.348776],[5.923549,47.34855],[5.923612,47.348385],[5.925646,47.347449],[5.925987,47.347734],[5.926912,47.345922],[5.926996,47.345263],[5.924426,47.342089],[5.924399,47.341065],[5.925029,47.337969],[5.925521,47.336717],[5.928056,47.335316],[5.929411,47.334087],[5.930853,47.33149],[5.931631,47.329384],[5.931305,47.328394],[5.929786,47.327431],[5.927892,47.327091],[5.926439,47.327152],[5.926006,47.32529],[5.926686,47.325341],[5.92565,47.322361],[5.92382,47.321537],[5.924981,47.320899],[5.92241,47.319857],[5.921332,47.318594],[5.921373,47.318285],[5.926763,47.312183],[5.927133,47.310562],[5.926392,47.305293],[5.924652,47.300959],[5.924303,47.298914],[5.924431,47.296488],[5.923895,47.295594],[5.921499,47.293704],[5.92092,47.29251],[5.918578,47.290211],[5.918368,47.290519],[5.915856,47.29057],[5.914733,47.29164],[5.91216,47.290268],[5.911902,47.290317],[5.91177,47.290668],[5.911567,47.290696],[5.910414,47.290164],[5.908727,47.290063],[5.907988,47.289624],[5.907048,47.289452],[5.906507,47.289777],[5.904685,47.289993],[5.904263,47.289636],[5.903245,47.289806],[5.898031,47.292294],[5.889897,47.296961],[5.888793,47.296349],[5.889357,47.295787],[5.889637,47.294845],[5.890196,47.294415],[5.890471,47.293549],[5.890405,47.292842],[5.890343,47.292978],[5.889955,47.293017],[5.889869,47.293224],[5.889302,47.293141],[5.888392,47.29333],[5.887038,47.293854],[5.886536,47.294224],[5.885908,47.295254],[5.885204,47.295331],[5.884231,47.295823],[5.883293,47.295547],[5.881631,47.296194],[5.880887,47.296233],[5.87998,47.295927],[5.87917,47.296118],[5.878122,47.296034],[5.878019,47.295865],[5.878497,47.295283],[5.878479,47.294985],[5.879246,47.295071],[5.8808,47.293907],[5.881829,47.293776],[5.880896,47.292975],[5.877891,47.29139],[5.876691,47.290381],[5.876326,47.289635],[5.875828,47.286036],[5.873838,47.286837],[5.870642,47.287763],[5.866258,47.287333],[5.86397,47.286316],[5.861054,47.284545],[5.860318,47.283774],[5.858705,47.282547],[5.857776,47.2825],[5.85663,47.281816],[5.854324,47.281016],[5.85234,47.279326],[5.853035,47.278428],[5.852782,47.278079],[5.851522,47.277307],[5.848042,47.275833],[5.846626,47.274991],[5.846096,47.274012],[5.846399,47.273855],[5.847011,47.272682],[5.84833,47.27283],[5.848646,47.272164],[5.84927,47.271797],[5.8493,47.271459],[5.848199,47.271232],[5.847722,47.270285],[5.84775,47.269951],[5.850512,47.267442],[5.851132,47.267184],[5.853722,47.266791],[5.855495,47.266214],[5.85667,47.265384],[5.856569,47.265262],[5.858668,47.26429],[5.860628,47.262879],[5.862235,47.26279],[5.862423,47.261432],[5.859288,47.260989],[5.859345,47.260418],[5.859007,47.259621],[5.85789,47.258576],[5.859125,47.257358],[5.855871,47.255077],[5.856395,47.254816],[5.856429,47.253403],[5.855849,47.252598],[5.854705,47.251993],[5.854027,47.251254],[5.852732,47.250384],[5.852039,47.24914]]]}},{"type":"Feature","properties":{"uai_primary":"0700027Z","uai_all":"0700027Z","is_merged":false},"geometry":{"type":"Polygon","coordinates":[[[5.594599,47.213044],[5.600117,47.208544],[5.593403,47.20494],[5.586893,47.201023],[5.576385,47.194075],[5.569878,47.190903],[5.564022,47.188327],[5.554557,47.180295],[5.554336,47.18296],[5.55432,47.188374],[5.553398,47.190336],[5.551194,47.192012],[5.546021,47.197638],[5.546423,47.197718],[5.546364,47.197854],[5.54413,47.201338],[5.543178,47.201994],[5.543257,47.202217],[5.542625,47.202685],[5.540735,47.203454],[5.541659,47.203973],[5.540971,47.205716],[5.539841,47.205823],[5.539173,47.205707],[5.538969,47.206703],[5.536534,47.208043],[5.534953,47.206697],[5.534793,47.206744],[5.533097,47.209536],[5.529701,47.211324],[5.527763,47.208229],[5.527003,47.207665],[5.526737,47.207627],[5.525648,47.208198],[5.522939,47.207221],[5.522286,47.20739],[5.521327,47.207395],[5.51956,47.206145],[5.517321,47.205044],[5.51627,47.204978],[5.513515,47.203626],[5.512865,47.205089],[5.512097,47.205852],[5.510971,47.2066],[5.510132,47.207752],[5.509788,47.208624],[5.50851,47.209795],[5.507428,47.212004],[5.503323,47.213809],[5.50234,47.212609],[5.502093,47.212659],[5.501859,47.21237],[5.499869,47.21325],[5.498329,47.21165],[5.497698,47.211721],[5.497127,47.211582],[5.496882,47.210818],[5.496257,47.210501],[5.495243,47.211447],[5.494443,47.211298],[5.493878,47.211944],[5.493009,47.211436],[5.494014,47.210597],[5.494007,47.20995],[5.493415,47.209188],[5.490284,47.206694],[5.490106,47.206372],[5.488908,47.205741],[5.487945,47.204745],[5.48384,47.204935],[5.47875,47.205974],[5.478053,47.207068],[5.478501,47.208501],[5.478051,47.209057],[5.477102,47.209577],[5.47609,47.210583],[5.475348,47.212188],[5.473945,47.213331],[5.473325,47.214168],[5.473056,47.215376],[5.473191,47.215713],[5.473552,47.215938],[5.474406,47.216126],[5.476686,47.216128],[5.478294,47.215831],[5.478837,47.216422],[5.477205,47.216845],[5.480069,47.217365],[5.480545,47.218278],[5.478495,47.223193],[5.477375,47.224137],[5.476025,47.225917],[5.475619,47.226945],[5.474217,47.228986],[5.473921,47.230979],[5.476341,47.231501],[5.477572,47.233903],[5.480208,47.237082],[5.482555,47.237477],[5.483554,47.237441],[5.484179,47.237643],[5.48457,47.238079],[5.482775,47.239445],[5.484362,47.240497],[5.484081,47.240858],[5.486317,47.243384],[5.484494,47.244206],[5.483139,47.245971],[5.483875,47.246962],[5.484429,47.247189],[5.486333,47.248542],[5.486475,47.248914],[5.486355,47.250384],[5.484533,47.252248],[5.483461,47.252468],[5.481566,47.253927],[5.481386,47.254246],[5.480105,47.254957],[5.479733,47.255372],[5.478685,47.255535],[5.477996,47.256184],[5.478472,47.256397],[5.479707,47.256048],[5.480056,47.256354],[5.481648,47.258696],[5.483697,47.261061],[5.485086,47.263193],[5.486644,47.264451],[5.488037,47.26681],[5.488501,47.27111],[5.487652,47.275322],[5.488555,47.28502],[5.488306,47.289244],[5.497438,47.286838],[5.500043,47.28568],[5.501188,47.285328],[5.500934,47.285088],[5.501442,47.284819],[5.505431,47.283135],[5.505553,47.283381],[5.504882,47.285018],[5.505008,47.286043],[5.50622,47.288068],[5.506576,47.289481],[5.50764,47.291746],[5.508868,47.29357],[5.511249,47.295213],[5.51374,47.297941],[5.518085,47.302005],[5.51865,47.302781],[5.518763,47.303552],[5.518355,47.304071],[5.517143,47.303987],[5.516627,47.30419],[5.516329,47.304623],[5.516457,47.305704],[5.516272,47.306062],[5.514013,47.307661],[5.512456,47.3085],[5.510547,47.308603],[5.508697,47.307997],[5.507674,47.307845],[5.506597,47.30783],[5.505156,47.30828],[5.504778,47.308778],[5.504488,47.309721],[5.505045,47.31227],[5.504798,47.313128],[5.504261,47.313602],[5.503583,47.31376],[5.502703,47.313576],[5.501811,47.312944],[5.501197,47.312775],[5.500355,47.312853],[5.498755,47.313981],[5.498158,47.315726],[5.497832,47.31594],[5.497344,47.315991],[5.496931,47.315766],[5.496584,47.314965],[5.495424,47.314495],[5.492334,47.314766],[5.490198,47.314471],[5.488955,47.314522],[5.48807,47.314735],[5.487204,47.315195],[5.486783,47.316108],[5.486166,47.316473],[5.485134,47.316798],[5.483698,47.316948],[5.481944,47.316542],[5.480163,47.316642],[5.4796,47.316513],[5.479509,47.316296],[5.479643,47.315878],[5.480443,47.315322],[5.480722,47.314153],[5.480628,47.313164],[5.479906,47.312861],[5.479402,47.313092],[5.479126,47.314337],[5.47841,47.314589],[5.477877,47.314593],[5.477504,47.314381],[5.476386,47.313366],[5.475387,47.313189],[5.474989,47.313282],[5.474777,47.313912],[5.475341,47.314865],[5.475084,47.315414],[5.472395,47.31678],[5.471318,47.316721],[5.470014,47.316331],[5.469393,47.316279],[5.468947,47.316403],[5.469002,47.317124],[5.469687,47.31793],[5.470164,47.318207],[5.470647,47.318332],[5.472197,47.317979],[5.472815,47.318152],[5.473061,47.318559],[5.472995,47.318959],[5.473802,47.320059],[5.473837,47.320331],[5.473404,47.321035],[5.473669,47.321401],[5.474145,47.321566],[5.474662,47.321481],[5.475636,47.320683],[5.475987,47.32063],[5.476499,47.320675],[5.476774,47.320931],[5.476621,47.321776],[5.476789,47.323485],[5.476535,47.323933],[5.475917,47.324404],[5.474575,47.324071],[5.473731,47.324138],[5.474927,47.32495],[5.477159,47.326072],[5.477671,47.327062],[5.4777,47.328246],[5.478141,47.329783],[5.476119,47.32947],[5.475177,47.329578],[5.476867,47.331317],[5.478399,47.331885],[5.479825,47.332052],[5.480561,47.331881],[5.481326,47.33145],[5.48177,47.330823],[5.48247,47.328417],[5.484091,47.326873],[5.485802,47.326544],[5.487706,47.326773],[5.488663,47.327069],[5.489926,47.327889],[5.492325,47.331071],[5.493473,47.333162],[5.495226,47.338687],[5.495478,47.341775],[5.495263,47.343887],[5.49474,47.345601],[5.492566,47.348267],[5.490828,47.353067],[5.489907,47.354497],[5.491739,47.354974],[5.492389,47.355467],[5.495541,47.355237],[5.496327,47.355559],[5.499435,47.355663],[5.504135,47.357209],[5.504396,47.357473],[5.504456,47.358232],[5.504908,47.359352],[5.506314,47.361111],[5.507859,47.36093],[5.508765,47.360241],[5.509102,47.359629],[5.509355,47.358308],[5.509781,47.357653],[5.510925,47.35716],[5.512439,47.35706],[5.514994,47.358849],[5.516604,47.361016],[5.518164,47.361675],[5.519167,47.361801],[5.519842,47.362078],[5.521674,47.363386],[5.522166,47.363089],[5.522738,47.363578],[5.523557,47.362829],[5.524307,47.362398],[5.52466,47.362442],[5.526263,47.364038],[5.52748,47.362913],[5.526745,47.362406],[5.526794,47.362291],[5.528335,47.362381],[5.528713,47.363042],[5.530187,47.363634],[5.529496,47.362559],[5.529628,47.362265],[5.531122,47.361607],[5.530401,47.360731],[5.533349,47.359548],[5.533708,47.35916],[5.533423,47.357861],[5.534842,47.357401],[5.534192,47.356777],[5.53444,47.3565],[5.535708,47.355565],[5.539268,47.354998],[5.539795,47.355038],[5.540109,47.354456],[5.541094,47.354181],[5.541314,47.353873],[5.542528,47.35399],[5.542859,47.354185],[5.542505,47.355106],[5.547529,47.356047],[5.548278,47.356387],[5.549114,47.357083],[5.551275,47.35995],[5.552379,47.360684],[5.552913,47.360759],[5.553702,47.360648],[5.554413,47.360357],[5.555236,47.359734],[5.558885,47.359506],[5.560936,47.361976],[5.562433,47.36261],[5.563495,47.363453],[5.564364,47.363428],[5.565108,47.363063],[5.565482,47.36256],[5.566889,47.361765],[5.567416,47.36175],[5.568426,47.362037],[5.56973,47.362766],[5.570291,47.363291],[5.571943,47.366009],[5.572706,47.366355],[5.573554,47.366435],[5.574273,47.366864],[5.574714,47.366627],[5.577334,47.366518],[5.586012,47.366627],[5.591398,47.366902],[5.593659,47.367427],[5.598039,47.366769],[5.599301,47.36636],[5.600001,47.369796],[5.600112,47.371838],[5.600448,47.372693],[5.601167,47.37331],[5.60405,47.37498],[5.60512,47.375862],[5.60569,47.375852],[5.606558,47.375165],[5.60851,47.376125],[5.610197,47.375537],[5.611528,47.375634],[5.615605,47.37335],[5.616518,47.373447],[5.62018,47.372748],[5.625694,47.37127],[5.6274,47.371518],[5.62818,47.371201],[5.630566,47.37151],[5.631348,47.371346],[5.631734,47.370551],[5.633276,47.371734],[5.633844,47.372626],[5.633746,47.374246],[5.634278,47.37521],[5.633697,47.375615],[5.634394,47.37622],[5.634753,47.376048],[5.634781,47.375568],[5.637586,47.375353],[5.640413,47.37538],[5.641075,47.375512],[5.641377,47.374205],[5.641974,47.374051],[5.644758,47.37234],[5.644376,47.371547],[5.645288,47.369677],[5.644934,47.369327],[5.646334,47.368387],[5.645987,47.368117],[5.646746,47.367623],[5.643758,47.364293],[5.645623,47.363444],[5.647849,47.363016],[5.650074,47.362854],[5.652351,47.365581],[5.653913,47.365615],[5.655858,47.365453],[5.658087,47.365139],[5.65918,47.364791],[5.661668,47.364921],[5.663284,47.3641],[5.663642,47.365414],[5.666221,47.366542],[5.666632,47.366334],[5.668181,47.367212],[5.668816,47.368438],[5.669235,47.367857],[5.669691,47.368749],[5.669891,47.370337],[5.670225,47.370596],[5.670651,47.370423],[5.672203,47.37139],[5.672559,47.371367],[5.673446,47.371749],[5.675231,47.372733],[5.676414,47.373644],[5.676692,47.373338],[5.676286,47.372775],[5.675212,47.371879],[5.675124,47.371386],[5.684946,47.375259],[5.68825,47.375087],[5.689893,47.374207],[5.691115,47.373221],[5.692368,47.371517],[5.694147,47.37069],[5.696165,47.368791],[5.696703,47.36859],[5.697104,47.368669],[5.696068,47.36686],[5.696387,47.366663],[5.695919,47.365974],[5.696257,47.365686],[5.695873,47.364842],[5.698017,47.363114],[5.69774,47.362942],[5.698939,47.360926],[5.699237,47.358307],[5.699764,47.358246],[5.699284,47.356955],[5.701586,47.355628],[5.698972,47.354083],[5.69829,47.354438],[5.694659,47.351868],[5.691236,47.349982],[5.687285,47.34731],[5.686823,47.347323],[5.685921,47.346674],[5.684145,47.345825],[5.683341,47.345668],[5.677114,47.343075],[5.678757,47.339949],[5.680945,47.336932],[5.684934,47.334181],[5.685562,47.333828],[5.68798,47.333149],[5.693571,47.331135],[5.693844,47.331619],[5.697483,47.330447],[5.698974,47.328873],[5.697788,47.327917],[5.699491,47.326563],[5.700335,47.32445],[5.696212,47.316529],[5.694492,47.314955],[5.69373,47.315],[5.692661,47.315506],[5.692289,47.315217],[5.693435,47.314494],[5.691311,47.313599],[5.692599,47.312763],[5.690118,47.311021],[5.689781,47.311399],[5.689169,47.310836],[5.689091,47.310659],[5.68966,47.310237],[5.687065,47.306846],[5.688011,47.306098],[5.688046,47.305602],[5.688798,47.304949],[5.688449,47.304645],[5.6894,47.303987],[5.688916,47.303641],[5.688597,47.30383],[5.688329,47.303793],[5.687954,47.303084],[5.687221,47.303015],[5.686596,47.302538],[5.687487,47.301971],[5.686093,47.300842],[5.686001,47.300439],[5.68507,47.299295],[5.685768,47.298825],[5.686465,47.29939],[5.686795,47.29938],[5.687566,47.298998],[5.68297,47.29535],[5.683165,47.295037],[5.680471,47.293486],[5.681226,47.29288],[5.68076,47.291767],[5.681725,47.291334],[5.680592,47.289985],[5.681942,47.289145],[5.681177,47.288631],[5.680213,47.288317],[5.679358,47.288387],[5.678456,47.286246],[5.675491,47.280634],[5.676222,47.279982],[5.677229,47.279741],[5.676885,47.279332],[5.677073,47.278998],[5.676876,47.277829],[5.676513,47.277302],[5.676713,47.277021],[5.676398,47.275695],[5.677257,47.27539],[5.678232,47.274479],[5.679125,47.2742],[5.679936,47.274203],[5.681657,47.274914],[5.682819,47.274685],[5.683516,47.274039],[5.683461,47.272798],[5.684202,47.27132],[5.68514,47.270971],[5.687352,47.270785],[5.688402,47.270274],[5.68943,47.270313],[5.689875,47.270631],[5.690038,47.27154],[5.690371,47.272003],[5.690926,47.272316],[5.691722,47.272258],[5.692121,47.271934],[5.692758,47.270517],[5.693944,47.269689],[5.693938,47.269133],[5.693534,47.268369],[5.693953,47.268044],[5.694489,47.268023],[5.695239,47.268243],[5.697339,47.26945],[5.697928,47.269385],[5.6989,47.268704],[5.698893,47.268191],[5.696855,47.266612],[5.696542,47.266237],[5.696624,47.265917],[5.697414,47.265369],[5.698703,47.264906],[5.699215,47.264059],[5.699655,47.263853],[5.700228,47.263927],[5.700294,47.264297],[5.701139,47.264405],[5.701664,47.261564],[5.701666,47.260341],[5.703611,47.259696],[5.70596,47.256083],[5.706253,47.256177],[5.707965,47.254196],[5.708361,47.254401],[5.708565,47.253876],[5.708602,47.252597],[5.709132,47.251613],[5.708687,47.251542],[5.708967,47.250752],[5.710424,47.249992],[5.710656,47.249566],[5.711254,47.249696],[5.711484,47.249318],[5.711825,47.249312],[5.711911,47.249155],[5.712554,47.249246],[5.712762,47.248913],[5.712447,47.248171],[5.712671,47.247324],[5.712358,47.246767],[5.712431,47.246355],[5.713439,47.245608],[5.713866,47.244811],[5.715142,47.244508],[5.715126,47.244269],[5.716022,47.243942],[5.71668,47.243957],[5.717151,47.243691],[5.718002,47.242237],[5.718997,47.241293],[5.71938,47.240394],[5.719038,47.239107],[5.718298,47.237966],[5.71679,47.238195],[5.715986,47.238095],[5.714309,47.23632],[5.710298,47.234545],[5.708522,47.233879],[5.70753,47.234671],[5.707131,47.234638],[5.706991,47.234507],[5.707385,47.233415],[5.702703,47.233596],[5.699389,47.232388],[5.696567,47.231659],[5.695566,47.231509],[5.695225,47.231673],[5.694693,47.231665],[5.692043,47.230126],[5.688043,47.229988],[5.687382,47.230509],[5.687167,47.230517],[5.686576,47.23127],[5.685216,47.232422],[5.685069,47.23276],[5.684243,47.233279],[5.681737,47.232316],[5.676946,47.230986],[5.676357,47.232006],[5.674605,47.231205],[5.674537,47.230913],[5.674983,47.228955],[5.675396,47.228133],[5.675436,47.227294],[5.676587,47.22566],[5.673401,47.224769],[5.672473,47.224706],[5.667376,47.225168],[5.663523,47.22457],[5.661929,47.223617],[5.661882,47.222991],[5.661451,47.222798],[5.661382,47.222609],[5.661512,47.222212],[5.661145,47.221148],[5.662033,47.220647],[5.662149,47.220116],[5.662,47.219953],[5.661054,47.219966],[5.661083,47.219724],[5.660414,47.218976],[5.659674,47.2185],[5.659976,47.21829],[5.659991,47.218045],[5.659581,47.217306],[5.658587,47.216082],[5.657896,47.215583],[5.655902,47.214371],[5.654703,47.213974],[5.654138,47.214156],[5.653671,47.213841],[5.653607,47.213546],[5.652202,47.213571],[5.65142,47.213428],[5.645181,47.21188],[5.643882,47.21176],[5.642327,47.211923],[5.64097,47.210847],[5.640535,47.211015],[5.639696,47.21005],[5.6397,47.209803],[5.639084,47.209461],[5.638519,47.208847],[5.63614,47.205629],[5.63556,47.20587],[5.635986,47.206395],[5.633081,47.208359],[5.630453,47.210747],[5.632539,47.212574],[5.632113,47.212741],[5.631535,47.212274],[5.629661,47.213061],[5.628955,47.213153],[5.627297,47.212716],[5.626393,47.213492],[5.62799,47.214552],[5.627483,47.214914],[5.624481,47.213301],[5.623326,47.213342],[5.620899,47.213763],[5.6197,47.214239],[5.615558,47.216522],[5.614016,47.216512],[5.612744,47.21688],[5.610103,47.217354],[5.609053,47.217704],[5.607597,47.217426],[5.602541,47.215769],[5.597713,47.213519],[5.597039,47.213313],[5.594599,47.213044]]]}},{"type":"Feature","properties":{"uai_primary":"0700029B","uai_all":"0700029B","is_merged":false},"geometry":{"type":"Polygon","coordinates":[[[6.070312,47.498276],[6.075643,47.503573],[6.079783,47.504981],[6.081388,47.506421],[6.082218,47.507578],[6.082738,47.508998],[6.082593,47.510222],[6.084016,47.510135],[6.084791,47.509934],[6.085162,47.510083],[6.088395,47.509275],[6.089071,47.509256],[6.090245,47.509445],[6.090901,47.509831],[6.092206,47.509751],[6.094761,47.510099],[6.095962,47.510098],[6.099752,47.510666],[6.100209,47.510429],[6.103752,47.509681],[6.106468,47.50971],[6.108779,47.507313],[6.109906,47.507017],[6.11562,47.504465],[6.118124,47.507944],[6.12123,47.508565],[6.121245,47.508762],[6.12758,47.511157],[6.130174,47.511937],[6.133313,47.512321],[6.133851,47.51256],[6.136539,47.51222],[6.138968,47.512405],[6.139117,47.513571],[6.143984,47.514952],[6.146766,47.517484],[6.148051,47.518295],[6.149948,47.519113],[6.150012,47.519676],[6.152466,47.521777],[6.153481,47.52296],[6.154023,47.524023],[6.154138,47.524694],[6.154057,47.525417],[6.153704,47.526059],[6.15301,47.526577],[6.152345,47.527499],[6.151945,47.528413],[6.15201,47.529312],[6.158616,47.532426],[6.163322,47.535018],[6.163832,47.535631],[6.164179,47.536745],[6.164435,47.539393],[6.165159,47.541125],[6.165947,47.54191],[6.16749,47.54303],[6.167665,47.54361],[6.167936,47.543691],[6.168986,47.545321],[6.171294,47.546912],[6.172152,47.547739],[6.172912,47.548119],[6.17298,47.549062],[6.173244,47.549053],[6.174128,47.548394],[6.176252,47.548323],[6.179002,47.547737],[6.181045,47.547489],[6.182243,47.547494],[6.188898,47.548424],[6.191133,47.548992],[6.193917,47.548908],[6.196719,47.548095],[6.197807,47.547518],[6.200646,47.545397],[6.200828,47.545166],[6.20066,47.544677],[6.201414,47.544066],[6.202141,47.543096],[6.203023,47.54059],[6.206524,47.538447],[6.208966,47.537285],[6.209338,47.536912],[6.209566,47.535464],[6.209734,47.532306],[6.207357,47.527973],[6.207344,47.527793],[6.208837,47.527293],[6.208143,47.525065],[6.204913,47.519949],[6.204664,47.518407],[6.204102,47.517446],[6.204527,47.517396],[6.204177,47.516237],[6.204639,47.516215],[6.204947,47.51575],[6.205106,47.513787],[6.205565,47.513762],[6.205422,47.513221],[6.206356,47.512937],[6.206264,47.512102],[6.207587,47.511935],[6.207776,47.511794],[6.207781,47.511215],[6.208153,47.510576],[6.207901,47.50999],[6.208661,47.509792],[6.207123,47.507915],[6.207351,47.507823],[6.207489,47.507998],[6.20911,47.507459],[6.207933,47.505847],[6.208539,47.505891],[6.208994,47.504386],[6.208554,47.504252],[6.207362,47.504261],[6.206522,47.503028],[6.204017,47.503049],[6.202696,47.502782],[6.201731,47.502417],[6.200779,47.502392],[6.200296,47.502138],[6.200187,47.501556],[6.200567,47.499472],[6.201649,47.497888],[6.203456,47.498004],[6.204328,47.49859],[6.204807,47.497301],[6.205286,47.49721],[6.205256,47.496347],[6.205775,47.496276],[6.206427,47.495385],[6.206442,47.49471],[6.206919,47.494374],[6.206902,47.493986],[6.20648,47.493502],[6.205093,47.492743],[6.204884,47.49251],[6.204884,47.492021],[6.206095,47.491988],[6.205962,47.49142],[6.206767,47.491357],[6.20869,47.490659],[6.209811,47.490529],[6.210787,47.490148],[6.211075,47.490396],[6.212582,47.48975],[6.21265,47.489577],[6.211832,47.487933],[6.210941,47.484441],[6.211178,47.483837],[6.21272,47.483891],[6.214314,47.484383],[6.216075,47.485722],[6.217886,47.484557],[6.218865,47.485277],[6.219365,47.484966],[6.218681,47.484536],[6.22075,47.483204],[6.223234,47.481985],[6.220709,47.479093],[6.218983,47.47749],[6.216634,47.473116],[6.21538,47.472094],[6.216566,47.470677],[6.218768,47.468972],[6.220665,47.468165],[6.220363,47.467099],[6.223214,47.466211],[6.223317,47.46594],[6.225106,47.465183],[6.226352,47.464995],[6.227093,47.465045],[6.227488,47.464908],[6.227915,47.464198],[6.228917,47.464167],[6.229693,47.463195],[6.231662,47.461679],[6.232013,47.460803],[6.232384,47.460726],[6.232579,47.460403],[6.232027,47.459685],[6.232039,47.458812],[6.230847,47.458402],[6.230922,47.458051],[6.230595,47.457975],[6.230689,47.457448],[6.229848,47.456165],[6.229664,47.455401],[6.229083,47.454905],[6.22892,47.453629],[6.227166,47.452157],[6.226145,47.450792],[6.225615,47.449246],[6.225099,47.44867],[6.225325,47.447358],[6.224533,47.44594],[6.226925,47.445209],[6.227467,47.444748],[6.2282,47.444828],[6.229567,47.444302],[6.230555,47.444344],[6.233173,47.444902],[6.23449,47.44498],[6.234957,47.444128],[6.233484,47.44357],[6.234421,47.441647],[6.2318,47.439314],[6.231885,47.437162],[6.230396,47.434413],[6.231876,47.434548],[6.231802,47.434717],[6.232895,47.434786],[6.231942,47.43279],[6.235529,47.432464],[6.234972,47.431204],[6.233633,47.430168],[6.233134,47.429102],[6.233287,47.427271],[6.233738,47.425683],[6.234168,47.424873],[6.235284,47.424124],[6.238742,47.421069],[6.240057,47.420132],[6.241216,47.41958],[6.241664,47.418736],[6.241931,47.417457],[6.241695,47.414435],[6.243964,47.413748],[6.244159,47.4128],[6.243996,47.412455],[6.243403,47.411776],[6.242511,47.411211],[6.241566,47.41074],[6.240609,47.410711],[6.239982,47.410839],[6.239342,47.411176],[6.239191,47.411425],[6.239311,47.411666],[6.239768,47.411866],[6.240831,47.411967],[6.240873,47.412315],[6.240422,47.412523],[6.240318,47.412819],[6.239813,47.412909],[6.239368,47.413263],[6.240424,47.413935],[6.240306,47.414074],[6.23949,47.414097],[6.237368,47.413827],[6.237066,47.413892],[6.236653,47.414379],[6.2363,47.414495],[6.233554,47.413959],[6.232686,47.413965],[6.232037,47.414136],[6.229906,47.416869],[6.227805,47.41848],[6.227428,47.419161],[6.227262,47.421381],[6.226878,47.421721],[6.221932,47.422575],[6.218307,47.42259],[6.21593,47.422224],[6.215739,47.422484],[6.216161,47.423273],[6.215959,47.42382],[6.213832,47.424594],[6.21266,47.42556],[6.211348,47.425876],[6.210829,47.427505],[6.209446,47.428252],[6.208135,47.428632],[6.20733,47.430443],[6.206727,47.430958],[6.206542,47.431364],[6.202244,47.430033],[6.200135,47.429063],[6.199503,47.42767],[6.199712,47.427115],[6.201156,47.426444],[6.201339,47.425915],[6.201102,47.425383],[6.199647,47.42363],[6.199668,47.422555],[6.198311,47.419824],[6.19935,47.419393],[6.199796,47.418766],[6.199789,47.418425],[6.199509,47.418084],[6.198675,47.417852],[6.195769,47.418471],[6.195027,47.418444],[6.194206,47.41811],[6.192915,47.416228],[6.193145,47.41541],[6.193875,47.415157],[6.1949,47.41522],[6.195729,47.416475],[6.196311,47.416585],[6.196567,47.416339],[6.195434,47.415111],[6.195175,47.414534],[6.194513,47.414046],[6.193105,47.413346],[6.192198,47.413342],[6.191811,47.413618],[6.191374,47.414854],[6.190359,47.415331],[6.189374,47.415213],[6.186483,47.414405],[6.185965,47.414396],[6.183918,47.41513],[6.180979,47.415915],[6.178701,47.417028],[6.17776,47.417197],[6.175703,47.416877],[6.175656,47.416173],[6.174704,47.415142],[6.174485,47.414642],[6.175274,47.412992],[6.174485,47.412491],[6.172924,47.411958],[6.172381,47.411571],[6.171652,47.411631],[6.171215,47.412159],[6.170487,47.412239],[6.170699,47.410376],[6.171224,47.408843],[6.171987,47.407966],[6.173302,47.407053],[6.17569,47.406506],[6.179444,47.407111],[6.180508,47.407075],[6.180761,47.40696],[6.180743,47.40677],[6.179682,47.405553],[6.179954,47.405312],[6.180567,47.405253],[6.184223,47.405251],[6.189255,47.40573],[6.190395,47.403946],[6.19059,47.402289],[6.190382,47.402012],[6.190034,47.401912],[6.188672,47.402107],[6.187781,47.402024],[6.187135,47.401832],[6.186691,47.401397],[6.184475,47.401994],[6.182153,47.40223],[6.181298,47.402554],[6.180153,47.40255],[6.178934,47.4023],[6.177705,47.401801],[6.175437,47.399932],[6.173555,47.398905],[6.172732,47.3979],[6.171701,47.396164],[6.171436,47.39507],[6.17143,47.393795],[6.171867,47.392373],[6.17182,47.391695],[6.170946,47.390172],[6.170063,47.389598],[6.169225,47.38943],[6.16785,47.391501],[6.167937,47.392037],[6.168239,47.392422],[6.167935,47.392686],[6.166521,47.392965],[6.16464,47.392627],[6.163602,47.392724],[6.161583,47.392474],[6.159948,47.391933],[6.159398,47.391196],[6.159706,47.390864],[6.160375,47.390804],[6.161396,47.391167],[6.161749,47.391122],[6.162499,47.390462],[6.162528,47.390181],[6.163137,47.389941],[6.164307,47.389729],[6.167131,47.389838],[6.168676,47.389253],[6.168033,47.388478],[6.166273,47.388441],[6.165395,47.388295],[6.164235,47.387839],[6.163639,47.387857],[6.163258,47.388096],[6.16336,47.389337],[6.163142,47.389503],[6.161615,47.389105],[6.160149,47.388074],[6.159437,47.387805],[6.158096,47.388624],[6.157709,47.389271],[6.156054,47.389965],[6.155289,47.38956],[6.153593,47.387996],[6.152183,47.385976],[6.150785,47.386022],[6.149898,47.38579],[6.148007,47.385815],[6.145285,47.386694],[6.144437,47.387505],[6.143447,47.388016],[6.142966,47.388045],[6.141247,47.387335],[6.13977,47.386935],[6.136934,47.386801],[6.135044,47.386927],[6.133595,47.387403],[6.130031,47.388085],[6.129462,47.388353],[6.128746,47.389067],[6.127916,47.39088],[6.127395,47.39127],[6.12679,47.393522],[6.125678,47.394518],[6.124349,47.395094],[6.120567,47.395671],[6.11996,47.39607],[6.118995,47.396328],[6.118195,47.396476],[6.117584,47.396398],[6.117445,47.395873],[6.118917,47.394989],[6.119059,47.39394],[6.119443,47.393623],[6.118967,47.39237],[6.118318,47.392176],[6.117023,47.393076],[6.116292,47.392954],[6.115716,47.390805],[6.114117,47.387715],[6.113531,47.38721],[6.109936,47.385759],[6.108828,47.385492],[6.106362,47.385517],[6.105257,47.385219],[6.104852,47.384945],[6.104598,47.384582],[6.104602,47.384118],[6.105006,47.381742],[6.10364,47.380343],[6.103443,47.379912],[6.104137,47.37887],[6.105373,47.377749],[6.107198,47.37891],[6.107761,47.380893],[6.108065,47.381128],[6.10873,47.381152],[6.111346,47.379715],[6.111771,47.379161],[6.111802,47.378665],[6.109822,47.378137],[6.106562,47.376894],[6.107275,47.376231],[6.108044,47.375822],[6.109939,47.375389],[6.111515,47.375201],[6.113482,47.374312],[6.114588,47.373402],[6.11593,47.372003],[6.116201,47.371488],[6.117886,47.370387],[6.119999,47.368113],[6.120103,47.367488],[6.119901,47.366722],[6.11836,47.365569],[6.118311,47.365207],[6.117154,47.364987],[6.116426,47.365003],[6.115554,47.36688],[6.114719,47.367716],[6.11323,47.367946],[6.112751,47.367737],[6.112635,47.36702],[6.112095,47.366202],[6.112204,47.365756],[6.112529,47.365538],[6.112821,47.365588],[6.113876,47.366445],[6.114178,47.366398],[6.115136,47.365677],[6.114005,47.363914],[6.112853,47.363162],[6.112725,47.362892],[6.112213,47.362813],[6.112024,47.362592],[6.112962,47.361337],[6.112077,47.361005],[6.110833,47.361076],[6.109226,47.360573],[6.107098,47.360985],[6.103026,47.361303],[6.102342,47.361483],[6.102261,47.361743],[6.103565,47.365799],[6.10357,47.367272],[6.103141,47.368675],[6.100645,47.371307],[6.099876,47.371603],[6.099096,47.371688],[6.098757,47.371613],[6.09778,47.370822],[6.096437,47.370685],[6.093756,47.37156],[6.093044,47.372066],[6.090167,47.372979],[6.08811,47.373192],[6.086329,47.372935],[6.082552,47.37149],[6.081941,47.370977],[6.0818,47.369872],[6.082627,47.367824],[6.082306,47.366529],[6.082664,47.36539],[6.082255,47.363845],[6.081318,47.361994],[6.082243,47.36075],[6.081515,47.359324],[6.082062,47.357692],[6.080905,47.355979],[6.080725,47.35474],[6.080244,47.354167],[6.079635,47.353827],[6.077609,47.354263],[6.076806,47.354225],[6.075959,47.353989],[6.075496,47.352704],[6.074605,47.351301],[6.074204,47.351017],[6.06791,47.349381],[6.066575,47.349379],[6.063437,47.349738],[6.058769,47.349418],[6.056163,47.349737],[6.055551,47.349688],[6.054937,47.349344],[6.053626,47.349239],[6.052249,47.349373],[6.052069,47.349565],[6.052153,47.349821],[6.052538,47.349928],[6.054386,47.351136],[6.054731,47.352078],[6.05439,47.352395],[6.053918,47.352546],[6.052353,47.352524],[6.051782,47.35213],[6.051929,47.351205],[6.051719,47.349838],[6.051044,47.34958],[6.051021,47.349124],[6.049887,47.347626],[6.04844,47.346857],[6.047924,47.346293],[6.046336,47.345809],[6.045215,47.345738],[6.043172,47.346355],[6.04279,47.346656],[6.04255,47.347247],[6.04212,47.347048],[6.042147,47.346428],[6.041423,47.345551],[6.04101,47.345339],[6.039563,47.345475],[6.038949,47.345947],[6.037249,47.345193],[6.035263,47.343629],[6.037148,47.342175],[6.035451,47.340795],[6.035027,47.341231],[6.03248,47.341005],[6.031775,47.338656],[6.031304,47.338065],[6.030258,47.337431],[6.030804,47.336884],[6.028967,47.336054],[6.026704,47.334682],[6.023532,47.33238],[6.021935,47.334147],[6.021063,47.333988],[6.02134,47.333249],[6.019193,47.331819],[6.019496,47.33153],[6.018531,47.33123],[6.017649,47.33162],[6.016687,47.331699],[6.015465,47.332561],[6.015006,47.332217],[6.014609,47.332407],[6.012469,47.334554],[6.010365,47.332944],[6.010017,47.333166],[6.007812,47.336473],[6.005394,47.337988],[6.003342,47.338698],[6.000058,47.340147],[5.998834,47.34044],[5.99781,47.340409],[5.996243,47.33979],[5.994521,47.336363],[5.993946,47.336293],[5.993398,47.336033],[5.992948,47.33531],[5.992132,47.331618],[5.992504,47.330722],[5.993484,47.329464],[5.993395,47.328971],[5.992795,47.32874],[5.990621,47.328355],[5.989222,47.32756],[5.988159,47.32756],[5.987576,47.32785],[5.988314,47.329173],[5.988149,47.330231],[5.987428,47.33074],[5.986637,47.330945],[5.98621,47.330914],[5.983708,47.32996],[5.981497,47.328798],[5.981106,47.328316],[5.980958,47.327142],[5.97962,47.326167],[5.978944,47.325974],[5.977719,47.326049],[5.977216,47.326245],[5.975512,47.32764],[5.974523,47.328086],[5.974203,47.328618],[5.974552,47.328797],[5.976019,47.328839],[5.977105,47.329309],[5.977762,47.329373],[5.978156,47.329896],[5.97802,47.330263],[5.975624,47.330921],[5.975138,47.331334],[5.973938,47.331142],[5.973844,47.330895],[5.974095,47.330734],[5.974428,47.329849],[5.974358,47.32954],[5.973942,47.329115],[5.973558,47.329026],[5.973171,47.329125],[5.972287,47.330029],[5.971584,47.330375],[5.971387,47.330778],[5.971195,47.331319],[5.971657,47.331813],[5.971763,47.332412],[5.971311,47.333714],[5.970834,47.33427],[5.969314,47.334731],[5.967106,47.336683],[5.963655,47.337163],[5.962552,47.33745],[5.961398,47.337819],[5.96037,47.338455],[5.959955,47.33935],[5.960133,47.339952],[5.960831,47.341003],[5.96046,47.341391],[5.959835,47.341459],[5.959062,47.34123],[5.958667,47.340587],[5.958851,47.339951],[5.958729,47.339443],[5.958224,47.339037],[5.957417,47.338837],[5.95686,47.339007],[5.955799,47.339752],[5.953669,47.340599],[5.953082,47.340648],[5.950501,47.34017],[5.947876,47.340472],[5.944481,47.340633],[5.943026,47.341045],[5.94213,47.341718],[5.941915,47.342444],[5.942024,47.343943],[5.941767,47.344201],[5.942053,47.345844],[5.943999,47.345028],[5.944393,47.345353],[5.94636,47.347478],[5.946306,47.34766],[5.944759,47.348695],[5.94708,47.349412],[5.946397,47.350248],[5.947704,47.351873],[5.948991,47.353069],[5.948375,47.353205],[5.947853,47.353809],[5.947462,47.355318],[5.947715,47.358692],[5.947404,47.359962],[5.947282,47.361877],[5.948134,47.369554],[5.947551,47.371388],[5.945983,47.372834],[5.945928,47.373425],[5.94276,47.376683],[5.942172,47.377804],[5.943242,47.37894],[5.942781,47.37926],[5.942478,47.379259],[5.94125,47.378725],[5.939044,47.37928],[5.940166,47.379882],[5.940974,47.381593],[5.94051,47.3822],[5.940833,47.382364],[5.941607,47.383487],[5.941398,47.383576],[5.94197,47.384358],[5.942105,47.385433],[5.944524,47.389625],[5.946656,47.391762],[5.946958,47.393372],[5.948328,47.395623],[5.94918,47.398571],[5.949887,47.399729],[5.949777,47.402276],[5.948712,47.403836],[5.948461,47.404578],[5.948583,47.405129],[5.949313,47.406247],[5.949879,47.407659],[5.952685,47.410538],[5.95364,47.411904],[5.954183,47.414048],[5.958704,47.419084],[5.959536,47.420589],[5.95721,47.421253],[5.957224,47.421697],[5.956173,47.42199],[5.955983,47.423942],[5.955583,47.4249],[5.955626,47.425528],[5.95646,47.426088],[5.957531,47.427754],[5.955341,47.42919],[5.956252,47.430426],[5.95632,47.430789],[5.955929,47.431592],[5.955197,47.431812],[5.956808,47.43268],[5.954889,47.433422],[5.954673,47.433977],[5.955558,47.435456],[5.955291,47.435627],[5.956504,47.436838],[5.956402,47.436947],[5.957121,47.437937],[5.957155,47.438262],[5.955684,47.439256],[5.951962,47.440989],[5.948416,47.444419],[5.944948,47.445705],[5.947189,47.448008],[5.948566,47.448608],[5.948908,47.448912],[5.948909,47.45004],[5.948513,47.452096],[5.949001,47.452826],[5.952257,47.456069],[5.952431,47.456972],[5.952903,47.457759],[5.955647,47.461005],[5.955966,47.461805],[5.955975,47.463175],[5.957707,47.464947],[5.95968,47.467743],[5.962842,47.470004],[5.96392,47.471166],[5.964309,47.472098],[5.966723,47.47447],[5.967589,47.475989],[5.967515,47.476506],[5.966773,47.477193],[5.966582,47.478266],[5.970195,47.482565],[5.973238,47.486653],[5.973782,47.488396],[5.973517,47.489394],[5.972258,47.49137],[5.972,47.492877],[5.972288,47.493755],[5.971154,47.497573],[5.971507,47.497876],[5.971242,47.498876],[5.972715,47.5],[5.97671,47.50056],[5.976342,47.502055],[5.978797,47.503684],[5.979953,47.503375],[5.979828,47.503964],[5.979037,47.505023],[5.978941,47.505567],[5.979034,47.506207],[5.979513,47.506494],[5.97982,47.506956],[5.980173,47.506463],[5.980555,47.506318],[5.982107,47.506049],[5.982585,47.506374],[5.982452,47.508084],[5.9787,47.508676],[5.979266,47.509337],[5.980213,47.509733],[5.981181,47.511071],[5.980567,47.511269],[5.981147,47.511983],[5.980781,47.512175],[5.981392,47.512785],[5.981852,47.513988],[5.982493,47.514729],[5.98341,47.515164],[5.987771,47.519008],[5.985836,47.520838],[5.985987,47.521103],[5.984924,47.522082],[5.984774,47.522807],[5.983203,47.525107],[5.982567,47.526478],[5.982615,47.528142],[5.981954,47.530144],[5.981885,47.531092],[5.981223,47.531112],[5.982839,47.533358],[5.983508,47.535362],[5.985664,47.539599],[5.987451,47.539217],[5.989517,47.539147],[5.991711,47.539558],[5.993609,47.539385],[5.995132,47.539063],[5.997486,47.539121],[5.997969,47.538692],[5.998608,47.538702],[5.999837,47.538302],[6.000327,47.53788],[6.00085,47.537882],[6.001526,47.537176],[6.001318,47.536795],[6.003153,47.534878],[6.003071,47.534656],[6.003311,47.534288],[6.004341,47.533805],[6.004876,47.532888],[6.005885,47.53209],[6.006549,47.532069],[6.007115,47.531602],[6.007015,47.53111],[6.007912,47.530631],[6.008345,47.530166],[6.00851,47.529666],[6.008218,47.529271],[6.008269,47.529043],[6.010813,47.529324],[6.011609,47.529298],[6.012254,47.529007],[6.015008,47.525588],[6.017471,47.524655],[6.022929,47.521715],[6.024229,47.519947],[6.025505,47.518581],[6.025595,47.517997],[6.027472,47.516703],[6.027901,47.516146],[6.030791,47.514523],[6.032019,47.513601],[6.033113,47.511859],[6.033806,47.511254],[6.036224,47.509752],[6.037899,47.509031],[6.041771,47.507806],[6.052875,47.502753],[6.060955,47.50017],[6.063641,47.49905],[6.068015,47.497876],[6.070312,47.498276]]]}},{"type":"Feature","properties":{"uai_primary":"0700035H","uai_all":"0700035H","is_merged":false},"geometry":{"type":"Polygon","coordinates":[[[5.969056,47.947456],[5.969512,47.950358],[5.970768,47.954157],[5.97084,47.956287],[5.970534,47.9572],[5.975648,47.957958],[5.977952,47.957086],[5.98023,47.957892],[5.981953,47.957942],[5.981983,47.957354],[5.982892,47.957337],[5.982982,47.956883],[5.983483,47.956766],[5.98398,47.95621],[5.985356,47.956708],[5.985244,47.957027],[5.987337,47.958222],[5.987601,47.958168],[5.989371,47.956627],[5.992151,47.958071],[5.992419,47.958063],[5.993103,47.957321],[5.995786,47.958317],[5.996051,47.958265],[5.996971,47.95702],[5.999513,47.956986],[6.002266,47.956089],[6.005269,47.95784],[6.006825,47.959007],[6.00933,47.961314],[6.008132,47.962387],[6.006962,47.962918],[6.007289,47.963764],[6.006235,47.964022],[6.00723,47.965792],[6.007695,47.965732],[6.008677,47.967322],[6.009464,47.967072],[6.009978,47.968676],[6.010594,47.969827],[6.012143,47.971848],[6.012549,47.972155],[6.013589,47.971461],[6.016298,47.970377],[6.016962,47.970272],[6.017646,47.970355],[6.019084,47.969768],[6.019151,47.969977],[6.018728,47.970818],[6.018232,47.971241],[6.017632,47.971472],[6.01778,47.971941],[6.017283,47.972497],[6.020603,47.975904],[6.021009,47.975936],[6.021724,47.976589],[6.022961,47.97713],[6.024187,47.978845],[6.024922,47.980258],[6.025562,47.980655],[6.02608,47.981358],[6.023725,47.982198],[6.023321,47.982165],[6.022415,47.9815],[6.018291,47.984079],[6.018167,47.984218],[6.018998,47.987478],[6.020977,47.98701],[6.021864,47.987251],[6.024671,47.987093],[6.024828,47.987208],[6.02495,47.991829],[6.028207,47.991566],[6.032159,47.990619],[6.032248,47.991876],[6.031785,47.992927],[6.031092,47.993579],[6.03063,47.994595],[6.031336,47.996098],[6.031337,47.997086],[6.032136,47.998778],[6.03248,47.999135],[6.037193,48.001485],[6.037484,48.002231],[6.041132,48.004473],[6.043659,48.005374],[6.055706,48.008823],[6.06259,48.011305],[6.067291,48.013271],[6.069547,48.013874],[6.072214,48.015545],[6.073195,48.015935],[6.080887,48.012947],[6.085481,48.013411],[6.097739,48.015043],[6.104012,48.013627],[6.109391,48.012618],[6.1097,48.013168],[6.109451,48.013814],[6.110735,48.01425],[6.110674,48.014394],[6.111238,48.01501],[6.112472,48.015885],[6.113698,48.017726],[6.117346,48.019948],[6.119144,48.019756],[6.121584,48.020116],[6.124608,48.021112],[6.128638,48.022688],[6.131306,48.024135],[6.13201,48.023255],[6.133215,48.022271],[6.13292,48.02192],[6.133485,48.021362],[6.131695,48.020744],[6.131341,48.020486],[6.131239,48.019994],[6.134864,48.020011],[6.135302,48.019593],[6.136629,48.019369],[6.137192,48.018811],[6.137524,48.018755],[6.137609,48.018077],[6.138099,48.01743],[6.138618,48.017189],[6.142305,48.016214],[6.142955,48.015923],[6.1459,48.015827],[6.147018,48.015521],[6.14835,48.014442],[6.149418,48.012516],[6.152089,48.009548],[6.154314,48.007855],[6.156189,48.006764],[6.156064,48.006219],[6.156342,48.005703],[6.156325,48.005184],[6.15559,48.003998],[6.155182,48.002702],[6.153218,48.000741],[6.153034,48.000242],[6.152424,47.998178],[6.1528,47.996129],[6.152166,47.994883],[6.152265,47.994542],[6.153351,47.993605],[6.155854,47.992568],[6.157697,47.991987],[6.159213,47.992064],[6.159745,47.992302],[6.160711,47.989451],[6.157366,47.984176],[6.158288,47.983242],[6.158499,47.982397],[6.159298,47.981703],[6.159364,47.981306],[6.160654,47.980173],[6.16202,47.978356],[6.164281,47.977768],[6.165218,47.976987],[6.165283,47.976731],[6.165074,47.975973],[6.16392,47.975019],[6.164125,47.974256],[6.164612,47.973838],[6.16454,47.973114],[6.163138,47.972708],[6.162656,47.972715],[6.162056,47.973009],[6.16056,47.972978],[6.155183,47.9721],[6.154337,47.971883],[6.153532,47.971189],[6.152407,47.971254],[6.150291,47.970241],[6.150045,47.969859],[6.150246,47.969254],[6.149613,47.968853],[6.149475,47.96822],[6.149509,47.966215],[6.149771,47.96559],[6.150684,47.965225],[6.154269,47.964883],[6.155399,47.964514],[6.155605,47.96682],[6.156586,47.967941],[6.156781,47.968006],[6.157332,47.967805],[6.15865,47.966341],[6.160798,47.964752],[6.160743,47.958712],[6.162269,47.957582],[6.162384,47.957308],[6.161896,47.957054],[6.162077,47.956778],[6.164977,47.954253],[6.165872,47.954583],[6.166069,47.954531],[6.166606,47.953613],[6.166507,47.953167],[6.167989,47.952353],[6.171036,47.952793],[6.1725,47.952655],[6.173878,47.95225],[6.175816,47.953086],[6.176216,47.953074],[6.179063,47.954421],[6.17949,47.954767],[6.179822,47.955656],[6.180329,47.95618],[6.18206,47.956933],[6.182014,47.956304],[6.182386,47.955887],[6.183534,47.955084],[6.185099,47.954492],[6.186638,47.953541],[6.18802,47.954126],[6.190889,47.953942],[6.192009,47.953679],[6.195721,47.952206],[6.197367,47.951792],[6.197335,47.950442],[6.196533,47.949569],[6.196507,47.949209],[6.197115,47.947433],[6.199547,47.947713],[6.200577,47.948039],[6.202251,47.947414],[6.207973,47.946807],[6.207587,47.945872],[6.207845,47.945728],[6.207015,47.943549],[6.20753,47.943262],[6.208132,47.942342],[6.208643,47.942103],[6.20871,47.939646],[6.208213,47.93881],[6.207061,47.937639],[6.205738,47.935159],[6.205293,47.933498],[6.205225,47.932017],[6.208138,47.931558],[6.21044,47.930968],[6.214337,47.930415],[6.213944,47.929017],[6.214264,47.927867],[6.214156,47.926696],[6.213387,47.925527],[6.212711,47.924994],[6.212389,47.924216],[6.212655,47.922522],[6.21302,47.921887],[6.212589,47.920888],[6.212934,47.920403],[6.213771,47.919889],[6.214089,47.919409],[6.214281,47.915532],[6.213942,47.913409],[6.214439,47.913053],[6.214817,47.912286],[6.216755,47.910072],[6.216027,47.909706],[6.21539,47.909081],[6.21449,47.907514],[6.214484,47.907083],[6.213829,47.906462],[6.212301,47.907437],[6.211768,47.90651],[6.211631,47.906706],[6.21102,47.906899],[6.209455,47.906921],[6.207784,47.907156],[6.206206,47.907164],[6.205975,47.906901],[6.205718,47.907225],[6.204558,47.907271],[6.203526,47.907674],[6.202768,47.907432],[6.201859,47.906698],[6.20161,47.906253],[6.201242,47.906176],[6.201068,47.905345],[6.198863,47.903969],[6.19595,47.901729],[6.194805,47.901988],[6.191682,47.899595],[6.189804,47.896226],[6.188577,47.89528],[6.18932,47.894934],[6.189232,47.894829],[6.188032,47.89396],[6.185545,47.892938],[6.186099,47.890833],[6.186043,47.890242],[6.185706,47.890238],[6.185404,47.889567],[6.185829,47.888451],[6.187085,47.887834],[6.186782,47.887135],[6.188826,47.886516],[6.188769,47.886393],[6.189239,47.886255],[6.189232,47.885831],[6.190068,47.885352],[6.189533,47.885021],[6.191038,47.883869],[6.190309,47.881961],[6.191327,47.881835],[6.19106,47.881205],[6.191557,47.881028],[6.19251,47.878931],[6.19374,47.878146],[6.196343,47.87717],[6.198066,47.876181],[6.201407,47.87337],[6.202089,47.871726],[6.203851,47.8692],[6.205475,47.864882],[6.208095,47.863288],[6.210038,47.862344],[6.2123,47.860854],[6.212692,47.860834],[6.21325,47.861418],[6.213699,47.861142],[6.212181,47.85969],[6.209811,47.858234],[6.210082,47.857592],[6.209819,47.856982],[6.208628,47.856647],[6.208711,47.856375],[6.209714,47.855968],[6.209433,47.855477],[6.209259,47.854358],[6.208506,47.853603],[6.208581,47.853036],[6.208371,47.852661],[6.207896,47.85251],[6.208054,47.852998],[6.207642,47.853086],[6.206884,47.853734],[6.207086,47.854191],[6.206007,47.854661],[6.204214,47.854796],[6.200931,47.856019],[6.19829,47.85606],[6.196713,47.85592],[6.196236,47.856018],[6.196058,47.856304],[6.195578,47.856516],[6.194108,47.856723],[6.193492,47.856637],[6.192815,47.856307],[6.191388,47.856211],[6.190522,47.856385],[6.189669,47.855973],[6.187046,47.855803],[6.185264,47.855052],[6.184748,47.855173],[6.183411,47.854594],[6.182696,47.854514],[6.182407,47.854337],[6.181919,47.854415],[6.180758,47.854065],[6.179458,47.854206],[6.179299,47.854358],[6.17876,47.854294],[6.178511,47.854874],[6.178012,47.855005],[6.177767,47.855323],[6.175584,47.855656],[6.175404,47.855842],[6.175164,47.855882],[6.174856,47.855647],[6.174341,47.855909],[6.173634,47.85585],[6.172746,47.855994],[6.171707,47.855702],[6.171153,47.855769],[6.170249,47.856337],[6.169758,47.856256],[6.169467,47.856591],[6.168026,47.856475],[6.16591,47.856708],[6.165301,47.857023],[6.165162,47.857451],[6.163899,47.857085],[6.162825,47.857315],[6.161532,47.856885],[6.161071,47.8569],[6.160613,47.856604],[6.157835,47.857106],[6.15606,47.857049],[6.155286,47.856664],[6.154582,47.855922],[6.153793,47.854438],[6.152066,47.853925],[6.150359,47.851881],[6.149674,47.850962],[6.148461,47.847153],[6.145675,47.845624],[6.14458,47.844354],[6.143598,47.843628],[6.143247,47.843653],[6.142591,47.842999],[6.140894,47.843304],[6.141473,47.842797],[6.140129,47.841978],[6.139903,47.841625],[6.13957,47.841636],[6.138732,47.842068],[6.137401,47.842157],[6.135747,47.843159],[6.132697,47.843706],[6.130222,47.843774],[6.1295,47.845051],[6.128586,47.845843],[6.128211,47.845941],[6.122111,47.845711],[6.121451,47.846976],[6.120575,47.847605],[6.118681,47.84854],[6.11717,47.850801],[6.113565,47.849171],[6.113247,47.848411],[6.111239,47.848498],[6.109471,47.848861],[6.105759,47.849277],[6.105094,47.849553],[6.101859,47.850152],[6.101161,47.850414],[6.100815,47.850458],[6.099622,47.850133],[6.099071,47.85021],[6.096106,47.848763],[6.094657,47.847794],[6.094205,47.847965],[6.094065,47.84831],[6.093759,47.848217],[6.092765,47.84697],[6.092729,47.846793],[6.093111,47.846565],[6.092987,47.846211],[6.092417,47.846126],[6.091788,47.845587],[6.091469,47.846219],[6.089884,47.848093],[6.089006,47.849905],[6.087752,47.849424],[6.087881,47.848261],[6.088943,47.847396],[6.088989,47.846736],[6.090034,47.845117],[6.090594,47.843842],[6.088882,47.842465],[6.088481,47.841407],[6.087694,47.840697],[6.087731,47.84049],[6.087248,47.840275],[6.086315,47.840374],[6.084245,47.839282],[6.083142,47.839068],[6.082488,47.838695],[6.082076,47.838671],[6.081689,47.839248],[6.080525,47.839135],[6.079928,47.838111],[6.079847,47.838367],[6.077811,47.838951],[6.07913,47.842524],[6.078003,47.843578],[6.077709,47.844205],[6.075162,47.846093],[6.075746,47.846405],[6.074977,47.847108],[6.074386,47.847151],[6.073337,47.846789],[6.072737,47.84733],[6.070928,47.848306],[6.069866,47.84914],[6.066599,47.853344],[6.065954,47.855317],[6.065574,47.855875],[6.064005,47.857533],[6.062061,47.859086],[6.060303,47.860158],[6.057814,47.857909],[6.057044,47.857476],[6.056113,47.85735],[6.051994,47.857253],[6.046219,47.857964],[6.044176,47.857753],[6.04314,47.857793],[6.042121,47.85754],[6.038993,47.85779],[6.037765,47.858112],[6.036446,47.858091],[6.036462,47.859056],[6.03705,47.860939],[6.037131,47.863058],[6.036501,47.864256],[6.03521,47.869632],[6.03684,47.872069],[6.037189,47.87425],[6.036571,47.87576],[6.035062,47.877103],[6.033727,47.878124],[6.033118,47.878181],[6.032885,47.877565],[6.032383,47.877483],[6.03211,47.878465],[6.030434,47.87969],[6.02949,47.880689],[6.030885,47.882136],[6.032809,47.883147],[6.034954,47.884002],[6.035473,47.884624],[6.03472,47.885315],[6.035656,47.885829],[6.033301,47.887807],[6.032236,47.88942],[6.032031,47.891844],[6.031757,47.892614],[6.032903,47.89314],[6.03365,47.894311],[6.033643,47.895097],[6.035835,47.896783],[6.039594,47.897986],[6.040575,47.900344],[6.040409,47.901861],[6.039893,47.903092],[6.040126,47.90464],[6.039219,47.906849],[6.038437,47.910025],[6.037629,47.910667],[6.033875,47.912562],[6.031002,47.912806],[6.030549,47.913288],[6.029837,47.913325],[6.027787,47.912839],[6.022647,47.909433],[6.021723,47.909031],[6.01944,47.908391],[6.017171,47.908151],[6.013889,47.905395],[6.014059,47.904839],[6.013931,47.904711],[6.012328,47.903636],[6.010703,47.9029],[6.008739,47.902754],[6.008821,47.902983],[6.007094,47.90293],[6.006561,47.902766],[6.004174,47.902553],[6.004248,47.901696],[6.002744,47.902193],[6.000962,47.902279],[6.000553,47.901616],[6.000112,47.901316],[5.995958,47.900683],[5.991513,47.900663],[5.988118,47.90169],[5.986673,47.902332],[5.982947,47.903274],[5.981845,47.903425],[5.981092,47.903438],[5.98049,47.90328],[5.979495,47.90222],[5.97646,47.902467],[5.973338,47.903877],[5.97238,47.904158],[5.970979,47.903323],[5.968548,47.904742],[5.967224,47.904775],[5.966789,47.905028],[5.966551,47.905487],[5.966697,47.907206],[5.966902,47.907621],[5.966616,47.907843],[5.964436,47.907684],[5.96408,47.906699],[5.963444,47.906024],[5.962616,47.905538],[5.961982,47.905622],[5.961308,47.90615],[5.960981,47.907213],[5.96167,47.909383],[5.96152,47.910542],[5.96176,47.910764],[5.961454,47.911179],[5.962824,47.911631],[5.962103,47.912824],[5.965137,47.913134],[5.965536,47.915058],[5.965689,47.915323],[5.965959,47.91536],[5.967491,47.919139],[5.968577,47.92032],[5.97063,47.921921],[5.971314,47.921747],[5.971644,47.922071],[5.972248,47.922097],[5.974218,47.925411],[5.97594,47.927068],[5.975953,47.927248],[5.975506,47.927577],[5.976484,47.928176],[5.976048,47.92864],[5.977026,47.929668],[5.976051,47.930621],[5.974035,47.931493],[5.974767,47.932416],[5.973812,47.933121],[5.974998,47.933804],[5.976164,47.934218],[5.975284,47.935873],[5.974131,47.936429],[5.971938,47.938373],[5.97379,47.939192],[5.973146,47.940547],[5.973351,47.940899],[5.972881,47.940989],[5.972649,47.941255],[5.970486,47.944413],[5.970978,47.944627],[5.969056,47.947456]]]}},{"type":"Feature","properties":{"uai_primary":"0700045U","uai_all":"0700045U","is_merged":false},"geometry":{"type":"Polygon","coordinates":[[[6.367466,47.637564],[6.367265,47.637675],[6.367493,47.63793],[6.367589,47.63946],[6.368347,47.639794],[6.368713,47.640231],[6.365215,47.640668],[6.365151,47.641347],[6.364271,47.641453],[6.360112,47.64151],[6.357947,47.641284],[6.357472,47.640887],[6.356436,47.641374],[6.356648,47.641822],[6.356256,47.64226],[6.355941,47.642316],[6.355481,47.643122],[6.355583,47.644157],[6.355161,47.644346],[6.354588,47.645335],[6.352601,47.646553],[6.352333,47.646482],[6.351776,47.646835],[6.345568,47.645175],[6.339833,47.643346],[6.33774,47.642112],[6.337713,47.641753],[6.335123,47.640986],[6.332845,47.640086],[6.331663,47.640017],[6.330797,47.640207],[6.330858,47.641854],[6.33228,47.642165],[6.331035,47.645089],[6.331818,47.645418],[6.33189,47.646007],[6.32885,47.646554],[6.328907,47.646919],[6.330078,47.64832],[6.329117,47.648796],[6.328746,47.649247],[6.327475,47.649308],[6.326922,47.650225],[6.327221,47.650362],[6.327948,47.649535],[6.330053,47.649763],[6.331027,47.649435],[6.331657,47.649693],[6.3349,47.650289],[6.335182,47.650576],[6.334066,47.650839],[6.333684,47.651078],[6.333858,47.651612],[6.33314,47.652402],[6.333331,47.652575],[6.333388,47.653463],[6.331688,47.654103],[6.331087,47.654602],[6.33055,47.654668],[6.330152,47.654915],[6.331313,47.655382],[6.332078,47.656097],[6.331414,47.656658],[6.329658,47.657424],[6.330265,47.658436],[6.330232,47.658694],[6.329198,47.659724],[6.329757,47.65994],[6.329775,47.660549],[6.330124,47.660575],[6.330178,47.661108],[6.32911,47.661119],[6.328985,47.661566],[6.329132,47.662118],[6.329678,47.662935],[6.328665,47.663803],[6.328351,47.664438],[6.328348,47.665479],[6.329908,47.667002],[6.330312,47.668034],[6.330556,47.669749],[6.329977,47.670882],[6.330726,47.670855],[6.330829,47.671133],[6.331377,47.67103],[6.331339,47.669858],[6.334027,47.671209],[6.334608,47.670711],[6.336159,47.671526],[6.33668,47.671414],[6.336837,47.671099],[6.338713,47.671798],[6.338978,47.671789],[6.339035,47.671652],[6.339507,47.671726],[6.34135,47.672293],[6.341965,47.672086],[6.345587,47.672818],[6.345685,47.672653],[6.347969,47.671792],[6.349281,47.672185],[6.349751,47.671947],[6.355126,47.673438],[6.356219,47.674431],[6.358338,47.677313],[6.359414,47.677247],[6.36078,47.677971],[6.361325,47.678814],[6.361624,47.678841],[6.361776,47.679149],[6.361559,47.679457],[6.361635,47.681318],[6.364781,47.68237],[6.365428,47.682742],[6.368185,47.682604],[6.369853,47.68524],[6.369465,47.685742],[6.369848,47.685852],[6.370279,47.686297],[6.371311,47.685761],[6.368347,47.69282],[6.367879,47.692499],[6.367431,47.692952],[6.367943,47.693258],[6.366582,47.69422],[6.365206,47.69438],[6.364948,47.694217],[6.363222,47.694451],[6.36229,47.693692],[6.362312,47.693155],[6.361115,47.691722],[6.359877,47.691105],[6.359119,47.690341],[6.358224,47.689856],[6.354729,47.688816],[6.354425,47.689132],[6.354032,47.689236],[6.353692,47.690093],[6.353238,47.690483],[6.35252,47.690765],[6.351546,47.691619],[6.350515,47.691852],[6.350277,47.692171],[6.349776,47.692377],[6.346148,47.69347],[6.342883,47.695072],[6.342549,47.695071],[6.341777,47.695603],[6.341691,47.69736],[6.341037,47.699133],[6.339876,47.701135],[6.341736,47.703126],[6.342759,47.703963],[6.343555,47.705117],[6.34416,47.705406],[6.344631,47.706122],[6.346325,47.707021],[6.346739,47.707541],[6.349588,47.709356],[6.351068,47.712401],[6.349468,47.714858],[6.348959,47.715086],[6.348788,47.715486],[6.348306,47.71584],[6.348147,47.716524],[6.34822,47.716858],[6.348686,47.716985],[6.348878,47.717366],[6.349121,47.717404],[6.349748,47.719476],[6.349926,47.722122],[6.352264,47.724914],[6.353498,47.727429],[6.358043,47.731015],[6.361944,47.73336],[6.365751,47.732869],[6.370444,47.733657],[6.372182,47.733627],[6.372794,47.733157],[6.374063,47.732988],[6.376482,47.735886],[6.377946,47.737097],[6.378594,47.736673],[6.379026,47.736622],[6.380524,47.736919],[6.382311,47.737854],[6.381726,47.739294],[6.382262,47.73932],[6.382067,47.739987],[6.38344,47.74008],[6.383545,47.741257],[6.384992,47.740617],[6.385407,47.740743],[6.386547,47.739951],[6.387241,47.739823],[6.387561,47.74097],[6.388023,47.74089],[6.389143,47.742261],[6.389013,47.742776],[6.391064,47.744681],[6.391545,47.744559],[6.392987,47.74581],[6.394211,47.745732],[6.394676,47.747129],[6.395172,47.747701],[6.395518,47.747992],[6.396727,47.748111],[6.397674,47.749168],[6.397346,47.749398],[6.395232,47.750006],[6.395483,47.750425],[6.394099,47.75212],[6.394628,47.752348],[6.393865,47.753101],[6.394061,47.754329],[6.393856,47.755112],[6.392785,47.756697],[6.394556,47.757273],[6.394535,47.75778],[6.394895,47.757999],[6.394329,47.758926],[6.397032,47.759955],[6.397693,47.76041],[6.396882,47.761101],[6.396467,47.760903],[6.395889,47.761394],[6.396058,47.76167],[6.395757,47.76211],[6.396937,47.76326],[6.397565,47.763035],[6.398118,47.762066],[6.398837,47.761466],[6.398488,47.761187],[6.398537,47.760995],[6.39887,47.760857],[6.399069,47.760998],[6.399305,47.760801],[6.399536,47.760961],[6.400076,47.760884],[6.400104,47.761528],[6.400665,47.761494],[6.401422,47.761078],[6.402082,47.761246],[6.407606,47.763633],[6.411181,47.764547],[6.414031,47.765652],[6.414059,47.765877],[6.415796,47.767455],[6.417385,47.77104],[6.419432,47.773354],[6.457215,47.772245],[6.457908,47.771673],[6.45666,47.770343],[6.454009,47.768639],[6.454467,47.768179],[6.454115,47.767836],[6.454508,47.767637],[6.454298,47.767256],[6.455109,47.766171],[6.455864,47.766246],[6.456333,47.766596],[6.45707,47.766504],[6.458127,47.765447],[6.459604,47.764707],[6.45964,47.764252],[6.45935,47.764068],[6.458307,47.764217],[6.457077,47.763671],[6.45737,47.763289],[6.458499,47.76261],[6.458041,47.762193],[6.458782,47.76173],[6.460278,47.761242],[6.460698,47.761205],[6.461548,47.76166],[6.461967,47.761039],[6.462445,47.760869],[6.466745,47.76002],[6.46662,47.759329],[6.467549,47.759109],[6.468556,47.759106],[6.468467,47.75704],[6.467028,47.75489],[6.46695,47.754504],[6.470933,47.754294],[6.472172,47.753483],[6.472731,47.752754],[6.474263,47.751562],[6.472327,47.751479],[6.470869,47.75086],[6.470889,47.749978],[6.469691,47.74787],[6.46962,47.744988],[6.469884,47.743731],[6.470594,47.743833],[6.470989,47.743228],[6.471564,47.743363],[6.473051,47.743335],[6.473288,47.742892],[6.476675,47.741816],[6.478842,47.741688],[6.478873,47.741237],[6.479646,47.740997],[6.479351,47.740865],[6.479277,47.740351],[6.480083,47.739618],[6.480254,47.737764],[6.481212,47.73743],[6.48137,47.737471],[6.481389,47.739213],[6.481886,47.739399],[6.483692,47.739493],[6.484988,47.74014],[6.485476,47.7402],[6.485998,47.739805],[6.486236,47.738425],[6.486724,47.737596],[6.486622,47.73738],[6.487085,47.736982],[6.486902,47.735502],[6.485364,47.735467],[6.484814,47.735262],[6.48452,47.734912],[6.485153,47.732773],[6.484487,47.73023],[6.484134,47.729972],[6.483099,47.726992],[6.482993,47.725644],[6.483639,47.723957],[6.486151,47.723076],[6.486724,47.723029],[6.487725,47.722492],[6.489927,47.721713],[6.494496,47.721259],[6.495153,47.720472],[6.496926,47.71942],[6.497475,47.719341],[6.497907,47.719452],[6.498775,47.719227],[6.499242,47.718401],[6.49994,47.717925],[6.500177,47.7167],[6.497974,47.716689],[6.497624,47.716477],[6.497648,47.714342],[6.498254,47.714182],[6.49884,47.714237],[6.499154,47.714589],[6.499749,47.714572],[6.499579,47.71408],[6.499259,47.713873],[6.498943,47.712311],[6.49919,47.712055],[6.500753,47.711885],[6.50051,47.710993],[6.499873,47.710885],[6.499806,47.709911],[6.500756,47.710155],[6.501841,47.710711],[6.503269,47.710195],[6.505291,47.710194],[6.505954,47.710636],[6.508498,47.711581],[6.509,47.711546],[6.510636,47.71072],[6.511069,47.710292],[6.51088,47.709424],[6.511891,47.709779],[6.513467,47.709701],[6.514001,47.709225],[6.513566,47.707934],[6.514704,47.707984],[6.514903,47.707121],[6.516125,47.707393],[6.516539,47.706702],[6.518346,47.706773],[6.519273,47.706341],[6.520224,47.707406],[6.521003,47.708767],[6.521663,47.708229],[6.522734,47.708281],[6.522767,47.709541],[6.52346,47.709875],[6.524556,47.709386],[6.525621,47.709347],[6.525587,47.709755],[6.528049,47.709622],[6.530274,47.709675],[6.530368,47.710046],[6.531619,47.710194],[6.532198,47.710414],[6.535065,47.710386],[6.5365,47.710223],[6.536535,47.709692],[6.536237,47.708916],[6.535564,47.708047],[6.535715,47.705381],[6.535223,47.704228],[6.535815,47.704116],[6.535613,47.699873],[6.535246,47.699454],[6.534996,47.697977],[6.534526,47.697093],[6.533008,47.695271],[6.532712,47.694155],[6.532972,47.690288],[6.534843,47.690614],[6.536142,47.69191],[6.535979,47.692093],[6.537998,47.69377],[6.539472,47.695835],[6.541085,47.69672],[6.543624,47.699582],[6.546942,47.700238],[6.548035,47.700883],[6.550811,47.701413],[6.554729,47.70118],[6.556137,47.701265],[6.559272,47.702096],[6.55999,47.701891],[6.560963,47.702729],[6.561438,47.702649],[6.562352,47.701903],[6.562543,47.701293],[6.564374,47.700831],[6.565439,47.699945],[6.567424,47.698816],[6.570056,47.699949],[6.570539,47.700336],[6.572538,47.700309],[6.573905,47.700709],[6.575235,47.70066],[6.57772,47.70103],[6.579059,47.700764],[6.580065,47.699665],[6.581265,47.699315],[6.582894,47.699661],[6.584167,47.698894],[6.58502,47.698727],[6.586259,47.698752],[6.586871,47.698328],[6.587501,47.697515],[6.588815,47.696748],[6.588769,47.696448],[6.589322,47.695674],[6.589462,47.694945],[6.589705,47.695006],[6.589866,47.694141],[6.590524,47.693686],[6.590425,47.693485],[6.590704,47.693201],[6.592603,47.692955],[6.594945,47.6941],[6.596605,47.69436],[6.595628,47.690879],[6.594659,47.689468],[6.593516,47.685955],[6.58843,47.681232],[6.587599,47.68006],[6.587606,47.676452],[6.588746,47.675838],[6.589053,47.675377],[6.589227,47.673524],[6.589809,47.673174],[6.593026,47.672145],[6.593189,47.671956],[6.593613,47.671018],[6.593868,47.669607],[6.593148,47.668385],[6.593656,47.668152],[6.595834,47.667708],[6.596184,47.667756],[6.596616,47.667577],[6.598837,47.667283],[6.599505,47.667303],[6.599683,47.667082],[6.598024,47.665257],[6.601673,47.664862],[6.602012,47.664714],[6.601283,47.663776],[6.601477,47.663628],[6.602393,47.663414],[6.603037,47.663395],[6.603298,47.663526],[6.604014,47.662846],[6.60595,47.66245],[6.606722,47.662458],[6.605938,47.661077],[6.606,47.660011],[6.605357,47.659781],[6.605181,47.659534],[6.605509,47.658999],[6.605148,47.658654],[6.604959,47.657707],[6.605355,47.657648],[6.606339,47.658634],[6.608872,47.657772],[6.612641,47.655741],[6.613883,47.655336],[6.615709,47.654235],[6.620015,47.652258],[6.618212,47.650558],[6.621893,47.64896],[6.624471,47.648439],[6.626451,47.648203],[6.628079,47.648108],[6.629852,47.648416],[6.630821,47.648041],[6.632335,47.647044],[6.63321,47.646676],[6.631974,47.645184],[6.631644,47.644477],[6.630641,47.643772],[6.629617,47.643506],[6.627707,47.642309],[6.626541,47.640571],[6.626438,47.640314],[6.628671,47.638959],[6.627442,47.636346],[6.626835,47.633421],[6.628558,47.632968],[6.629457,47.632498],[6.629687,47.632236],[6.629901,47.63082],[6.630537,47.629771],[6.631859,47.628821],[6.632536,47.62731],[6.635715,47.624804],[6.636779,47.622503],[6.638357,47.622452],[6.640702,47.62173],[6.6392,47.621518],[6.637782,47.621938],[6.636977,47.621848],[6.636195,47.621626],[6.635392,47.62114],[6.634789,47.621131],[6.633842,47.620573],[6.632801,47.620282],[6.630949,47.62035],[6.628982,47.619979],[6.628597,47.620374],[6.627459,47.62033],[6.627434,47.620529],[6.626401,47.620624],[6.625448,47.62038],[6.623297,47.619319],[6.622142,47.618462],[6.621751,47.617885],[6.619928,47.616939],[6.619958,47.616396],[6.621166,47.615537],[6.620702,47.6153],[6.621777,47.614429],[6.625489,47.612067],[6.626567,47.610765],[6.627596,47.610038],[6.627874,47.609197],[6.625673,47.608332],[6.625113,47.607992],[6.624594,47.607336],[6.624503,47.606214],[6.623323,47.60396],[6.623012,47.60287],[6.623013,47.60237],[6.624273,47.601486],[6.623811,47.600724],[6.619266,47.599915],[6.617831,47.599311],[6.616631,47.599334],[6.612322,47.597503],[6.610242,47.597115],[6.60939,47.59674],[6.608729,47.596137],[6.603835,47.594989],[6.601985,47.594881],[6.601823,47.594735],[6.602123,47.594235],[6.600256,47.594374],[6.59518,47.596247],[6.593811,47.596353],[6.590256,47.596033],[6.586763,47.596836],[6.585241,47.598567],[6.583812,47.598619],[6.579069,47.597427],[6.577541,47.597714],[6.575823,47.599241],[6.574434,47.599296],[6.573071,47.599832],[6.570979,47.601097],[6.569635,47.602245],[6.568644,47.605767],[6.56617,47.605258],[6.564306,47.606176],[6.558153,47.604558],[6.551751,47.60309],[6.549781,47.6054],[6.547878,47.606627],[6.539917,47.60753],[6.537181,47.608446],[6.5361,47.609173],[6.535295,47.610779],[6.534512,47.611843],[6.534095,47.612086],[6.534026,47.612371],[6.533332,47.612364],[6.532749,47.612604],[6.531737,47.612671],[6.531487,47.613025],[6.531366,47.614833],[6.530319,47.616096],[6.527407,47.618747],[6.527295,47.621651],[6.527869,47.623031],[6.528348,47.623422],[6.524671,47.626749],[6.523491,47.625497],[6.52178,47.624645],[6.520497,47.623424],[6.516916,47.622356],[6.516153,47.622277],[6.51584,47.623119],[6.515015,47.624261],[6.517025,47.62706],[6.518571,47.62845],[6.517603,47.629095],[6.515967,47.629464],[6.513863,47.630243],[6.513604,47.631167],[6.513273,47.631388],[6.513257,47.632319],[6.51295,47.633175],[6.512136,47.633416],[6.510749,47.634845],[6.508894,47.635347],[6.506819,47.635183],[6.505992,47.634988],[6.504785,47.63444],[6.50339,47.63449],[6.495816,47.621161],[6.493888,47.618509],[6.494776,47.618421],[6.494646,47.617821],[6.495133,47.617931],[6.49531,47.617544],[6.495771,47.617297],[6.494777,47.616459],[6.493395,47.615873],[6.495778,47.613867],[6.497131,47.612252],[6.497921,47.611957],[6.496944,47.610898],[6.496765,47.610319],[6.49507,47.609929],[6.494517,47.609968],[6.494294,47.609371],[6.494792,47.608948],[6.494654,47.608863],[6.492447,47.608415],[6.491946,47.60849],[6.491736,47.608737],[6.491814,47.60948],[6.49068,47.611707],[6.490173,47.612041],[6.488682,47.612545],[6.487275,47.612653],[6.484695,47.613173],[6.482161,47.614258],[6.48241,47.614728],[6.480575,47.615108],[6.480282,47.615624],[6.479913,47.617833],[6.478889,47.61884],[6.478762,47.619351],[6.478358,47.61952],[6.477346,47.619509],[6.476766,47.620272],[6.477075,47.621515],[6.476464,47.621986],[6.475669,47.622235],[6.475011,47.62222],[6.473939,47.621779],[6.473162,47.620332],[6.472102,47.62017],[6.470496,47.620644],[6.469762,47.620279],[6.469278,47.619684],[6.469005,47.61886],[6.46744,47.61838],[6.467526,47.617982],[6.466555,47.61662],[6.46543,47.616706],[6.463878,47.616498],[6.463074,47.616216],[6.462383,47.616289],[6.46206,47.616185],[6.459115,47.613623],[6.459876,47.612946],[6.461047,47.612779],[6.461067,47.612481],[6.458928,47.610181],[6.454694,47.603667],[6.456131,47.603301],[6.455568,47.60206],[6.454782,47.602223],[6.455303,47.600358],[6.45235,47.600057],[6.447834,47.600217],[6.447482,47.59996],[6.446884,47.599981],[6.446738,47.600661],[6.444909,47.601987],[6.444717,47.602084],[6.444305,47.601919],[6.443102,47.602726],[6.441687,47.601854],[6.441319,47.600981],[6.440197,47.600333],[6.439747,47.600168],[6.439264,47.60051],[6.438167,47.600622],[6.438172,47.600188],[6.43577,47.599834],[6.436056,47.600402],[6.435542,47.600445],[6.435002,47.601301],[6.434296,47.601642],[6.433307,47.601766],[6.432826,47.602261],[6.431404,47.603004],[6.429757,47.603365],[6.428735,47.6033],[6.4271,47.602391],[6.425935,47.603199],[6.423656,47.602917],[6.422425,47.60256],[6.420788,47.601757],[6.418602,47.601023],[6.417459,47.600884],[6.414398,47.600901],[6.413342,47.601028],[6.40967,47.601936],[6.407545,47.605399],[6.406883,47.604497],[6.405937,47.604705],[6.404814,47.604435],[6.403865,47.605266],[6.402722,47.605814],[6.402315,47.606421],[6.400285,47.607469],[6.399075,47.607586],[6.398932,47.607191],[6.398374,47.607385],[6.39843,47.608035],[6.396224,47.608788],[6.394237,47.609334],[6.393954,47.609043],[6.392997,47.609102],[6.392626,47.609791],[6.391697,47.610486],[6.390206,47.611069],[6.391292,47.613959],[6.39189,47.613938],[6.391953,47.614946],[6.390084,47.615215],[6.391943,47.618124],[6.391362,47.61798],[6.390705,47.618591],[6.390007,47.618628],[6.387471,47.616928],[6.386659,47.616706],[6.385953,47.617033],[6.385946,47.617255],[6.385975,47.618753],[6.387585,47.621311],[6.388437,47.623221],[6.388633,47.626509],[6.38989,47.62656],[6.390453,47.627236],[6.390792,47.629163],[6.38994,47.629406],[6.390101,47.62976],[6.389412,47.630025],[6.387403,47.629344],[6.386722,47.629527],[6.38607,47.630356],[6.38589,47.629937],[6.384462,47.630236],[6.384214,47.630441],[6.382248,47.630322],[6.381443,47.631063],[6.379999,47.631592],[6.379601,47.632028],[6.378546,47.632511],[6.379376,47.633503],[6.379088,47.633689],[6.379089,47.634019],[6.378547,47.634238],[6.377765,47.634163],[6.376807,47.634357],[6.376735,47.634136],[6.374914,47.634481],[6.374429,47.633909],[6.373064,47.633692],[6.372868,47.634945],[6.371216,47.637677],[6.368566,47.6383],[6.367466,47.637564]]]}},{"type":"Feature","properties":{"uai_primary":"0700785Y","uai_all":"0700785Y","is_merged":false},"geometry":{"type":"Polygon","coordinates":[[[6.162154,47.628988],[6.162073,47.628911],[6.162154,47.628988]],[[6.162327,47.629134],[6.162428,47.628959],[6.162216,47.629016],[6.162327,47.629134]],[[6.163437,47.629617],[6.164877,47.630014],[6.164829,47.629485],[6.164457,47.628873],[6.16453,47.62859],[6.162993,47.628154],[6.162972,47.629169],[6.163437,47.629617]],[[6.151691,47.63841],[6.153869,47.637442],[6.154805,47.637126],[6.155598,47.637041],[6.156916,47.635187],[6.156894,47.634462],[6.156335,47.634135],[6.155851,47.634129],[6.155743,47.634618],[6.154788,47.635133],[6.154457,47.635597],[6.153702,47.635711],[6.153414,47.636028],[6.152667,47.636392],[6.152009,47.636524],[6.151525,47.637018],[6.150645,47.637341],[6.150383,47.637685],[6.149124,47.638312],[6.148963,47.638731],[6.149126,47.639462],[6.150451,47.639272],[6.150777,47.638886],[6.151691,47.63841]],[[6.336612,47.62746],[6.33527,47.626003],[6.334468,47.624713],[6.335236,47.624224],[6.333557,47.62245],[6.333972,47.622159],[6.333938,47.62171],[6.334697,47.620589],[6.335412,47.620663],[6.335637,47.619954],[6.335247,47.620049],[6.334929,47.61983],[6.335303,47.617627],[6.33401,47.616165],[6.333759,47.614912],[6.331858,47.612532],[6.333144,47.611771],[6.332422,47.610914],[6.332198,47.60927],[6.331676,47.609191],[6.33195,47.608177],[6.332442,47.608095],[6.332491,47.607821],[6.332353,47.607025],[6.33255,47.60617],[6.332166,47.60528],[6.332553,47.6051],[6.332374,47.604193],[6.332849,47.604229],[6.333777,47.603432],[6.333483,47.603264],[6.335766,47.602016],[6.33439,47.601066],[6.334277,47.600797],[6.333569,47.600471],[6.334826,47.599885],[6.335991,47.598212],[6.337211,47.597469],[6.338447,47.597427],[6.338708,47.597217],[6.339063,47.596291],[6.339385,47.5959],[6.339711,47.595799],[6.338761,47.593805],[6.337814,47.592712],[6.337843,47.591315],[6.334522,47.588773],[6.333292,47.587464],[6.33359,47.587004],[6.332838,47.584964],[6.332392,47.584344],[6.332391,47.583641],[6.332084,47.583528],[6.331906,47.583148],[6.332945,47.580042],[6.332737,47.577442],[6.332067,47.577374],[6.329139,47.575584],[6.328695,47.574858],[6.327617,47.573795],[6.327195,47.572846],[6.326705,47.572426],[6.324072,47.568374],[6.324551,47.567739],[6.323493,47.567058],[6.327114,47.552986],[6.327377,47.551239],[6.327418,47.544995],[6.320369,47.543601],[6.315527,47.541844],[6.310598,47.541689],[6.308205,47.541704],[6.307744,47.541855],[6.304401,47.538675],[6.302114,47.537096],[6.299331,47.535493],[6.299318,47.535314],[6.297367,47.53412],[6.296087,47.532993],[6.29547,47.532744],[6.292714,47.533243],[6.289938,47.533472],[6.288204,47.533397],[6.286851,47.533083],[6.285684,47.532582],[6.285037,47.531929],[6.282153,47.527836],[6.280937,47.527627],[6.27852,47.526772],[6.27657,47.525327],[6.275803,47.523957],[6.275474,47.522727],[6.275481,47.521839],[6.276219,47.51881],[6.276676,47.517803],[6.277874,47.516174],[6.278136,47.514979],[6.279106,47.514704],[6.279474,47.514286],[6.279563,47.513698],[6.278317,47.51302],[6.277762,47.51302],[6.276806,47.512579],[6.275576,47.511682],[6.275348,47.511061],[6.273255,47.509998],[6.27326,47.508809],[6.271603,47.508878],[6.271103,47.508042],[6.270239,47.508161],[6.271355,47.507272],[6.268997,47.505636],[6.268653,47.505468],[6.266913,47.505301],[6.261942,47.501662],[6.261183,47.501735],[6.260742,47.502938],[6.260522,47.502955],[6.260326,47.503311],[6.259239,47.503985],[6.258179,47.504021],[6.256902,47.503839],[6.256714,47.503981],[6.256598,47.50511],[6.256313,47.505751],[6.256114,47.505757],[6.254288,47.504569],[6.253657,47.504894],[6.252966,47.505644],[6.252772,47.50665],[6.251847,47.50543],[6.251947,47.505132],[6.251344,47.50468],[6.249235,47.506407],[6.247478,47.507022],[6.242676,47.504618],[6.23692,47.501075],[6.234322,47.502587],[6.233586,47.50265],[6.229331,47.503913],[6.228608,47.504027],[6.228224,47.503946],[6.228479,47.50431],[6.227773,47.504415],[6.227409,47.504223],[6.227075,47.504295],[6.2264,47.504129],[6.226238,47.50394],[6.227052,47.50353],[6.226302,47.503086],[6.225424,47.502199],[6.224865,47.502196],[6.224988,47.501504],[6.224528,47.501322],[6.224543,47.501013],[6.223673,47.501299],[6.223176,47.500198],[6.222136,47.499437],[6.221592,47.500228],[6.220697,47.499611],[6.220362,47.500329],[6.219738,47.500857],[6.220994,47.502045],[6.220837,47.502151],[6.221436,47.503187],[6.221877,47.503531],[6.220617,47.50424],[6.220704,47.5046],[6.219854,47.505176],[6.219384,47.504918],[6.216885,47.50468],[6.216344,47.505718],[6.216466,47.50686],[6.215717,47.506902],[6.214876,47.507541],[6.211843,47.507767],[6.210945,47.507434],[6.209619,47.506519],[6.208989,47.505871],[6.207933,47.505847],[6.20911,47.507459],[6.207489,47.507998],[6.207351,47.507823],[6.207123,47.507915],[6.208661,47.509792],[6.207901,47.50999],[6.208153,47.510576],[6.207781,47.511215],[6.207776,47.511794],[6.207587,47.511935],[6.206264,47.512102],[6.206356,47.512937],[6.205422,47.513221],[6.205565,47.513762],[6.205106,47.513787],[6.204947,47.51575],[6.204639,47.516215],[6.204177,47.516237],[6.204527,47.517396],[6.204102,47.517446],[6.204664,47.518407],[6.204913,47.519949],[6.208143,47.525065],[6.208837,47.527293],[6.207344,47.527793],[6.209734,47.532306],[6.209338,47.536912],[6.208966,47.537285],[6.206524,47.538447],[6.203023,47.54059],[6.202141,47.543096],[6.201414,47.544066],[6.20066,47.544677],[6.200828,47.545166],[6.200646,47.545397],[6.197807,47.547518],[6.196719,47.548095],[6.193324,47.548973],[6.191133,47.548992],[6.188898,47.548424],[6.182243,47.547494],[6.181045,47.547489],[6.179002,47.547737],[6.176252,47.548323],[6.174128,47.548394],[6.173244,47.549053],[6.17298,47.549062],[6.172912,47.548119],[6.172152,47.547739],[6.171294,47.546912],[6.168986,47.545321],[6.167936,47.543691],[6.167665,47.54361],[6.16749,47.54303],[6.165947,47.54191],[6.165159,47.541125],[6.164435,47.539393],[6.164179,47.536745],[6.163832,47.535631],[6.163322,47.535018],[6.158616,47.532426],[6.15201,47.529312],[6.151945,47.528413],[6.152345,47.527499],[6.15301,47.526577],[6.153704,47.526059],[6.154057,47.525417],[6.154138,47.524694],[6.154023,47.524023],[6.153481,47.52296],[6.152466,47.521777],[6.150012,47.519676],[6.149948,47.519113],[6.148051,47.518295],[6.146766,47.517484],[6.143984,47.514952],[6.139117,47.513571],[6.138968,47.512405],[6.136539,47.51222],[6.133851,47.51256],[6.133313,47.512321],[6.130174,47.511937],[6.12758,47.511157],[6.121245,47.508762],[6.12123,47.508565],[6.118124,47.507944],[6.11562,47.504465],[6.109906,47.507017],[6.108779,47.507313],[6.106468,47.50971],[6.103752,47.509681],[6.100209,47.510429],[6.099752,47.510666],[6.095962,47.510098],[6.094761,47.510099],[6.092206,47.509751],[6.090901,47.509831],[6.090245,47.509445],[6.089071,47.509256],[6.088395,47.509275],[6.085162,47.510083],[6.084791,47.509934],[6.084016,47.510135],[6.082593,47.510222],[6.082345,47.51112],[6.082478,47.511569],[6.082011,47.514997],[6.082132,47.515966],[6.080321,47.51737],[6.079113,47.51935],[6.078933,47.519949],[6.08087,47.523526],[6.081441,47.524093],[6.084719,47.526284],[6.084944,47.526636],[6.085039,47.528929],[6.084685,47.530516],[6.083937,47.532161],[6.08281,47.533904],[6.085027,47.535368],[6.086607,47.536082],[6.09202,47.537648],[6.092643,47.538046],[6.093692,47.538884],[6.096496,47.541778],[6.097088,47.542815],[6.101324,47.54732],[6.10174,47.547619],[6.103626,47.548273],[6.105861,47.549776],[6.107505,47.550443],[6.109097,47.551337],[6.110513,47.552551],[6.11124,47.553428],[6.112078,47.554931],[6.11288,47.556841],[6.112966,47.558054],[6.113757,47.559829],[6.114611,47.560612],[6.116353,47.561727],[6.116625,47.56649],[6.116304,47.566636],[6.116277,47.570013],[6.11712,47.572507],[6.118979,47.573392],[6.120513,47.574377],[6.121001,47.574485],[6.121424,47.575023],[6.122723,47.575521],[6.124614,47.57591],[6.127607,47.575902],[6.129887,47.576142],[6.134124,47.57677],[6.137477,47.577573],[6.137378,47.57918],[6.14523,47.579467],[6.14658,47.579738],[6.149279,47.58118],[6.149675,47.582068],[6.150142,47.582098],[6.151066,47.583824],[6.150215,47.585877],[6.151223,47.586025],[6.153271,47.585822],[6.156253,47.590271],[6.156823,47.590793],[6.156853,47.591197],[6.157639,47.591991],[6.154706,47.592318],[6.152253,47.592925],[6.151586,47.593268],[6.151178,47.593698],[6.150836,47.594764],[6.149001,47.596497],[6.150382,47.598865],[6.151132,47.600653],[6.151453,47.602011],[6.151231,47.602989],[6.151742,47.604377],[6.150602,47.605181],[6.151072,47.608947],[6.148354,47.609092],[6.147957,47.610066],[6.148444,47.610239],[6.148265,47.610841],[6.150326,47.612639],[6.150314,47.612864],[6.150707,47.613175],[6.148223,47.613969],[6.144978,47.614735],[6.145528,47.615492],[6.145569,47.616267],[6.147028,47.617247],[6.147454,47.617188],[6.14757,47.61738],[6.142364,47.618571],[6.142021,47.618843],[6.141838,47.619291],[6.142289,47.619256],[6.142388,47.619714],[6.142007,47.621071],[6.142387,47.621233],[6.141587,47.623049],[6.13966,47.625029],[6.137165,47.626917],[6.135766,47.62833],[6.133537,47.629355],[6.133577,47.629646],[6.133916,47.629725],[6.134517,47.62975],[6.135566,47.629536],[6.135915,47.62975],[6.135897,47.630425],[6.135631,47.630434],[6.135067,47.630002],[6.134735,47.630013],[6.134292,47.630343],[6.133089,47.630292],[6.132834,47.630435],[6.132783,47.630662],[6.133862,47.630852],[6.134,47.631838],[6.133547,47.632033],[6.133497,47.632259],[6.134257,47.63264],[6.134229,47.633181],[6.134039,47.633322],[6.133571,47.633293],[6.133083,47.632994],[6.132435,47.63324],[6.132229,47.633157],[6.132111,47.63244],[6.131687,47.632094],[6.131263,47.632693],[6.131552,47.632999],[6.132104,47.635142],[6.131817,47.635782],[6.131421,47.635839],[6.13087,47.635667],[6.130739,47.635115],[6.130526,47.635029],[6.13031,47.635156],[6.130476,47.635628],[6.130271,47.636266],[6.131553,47.636736],[6.132072,47.637484],[6.13113,47.638576],[6.133478,47.639086],[6.134675,47.639012],[6.135013,47.638504],[6.135252,47.638427],[6.137271,47.638625],[6.138179,47.638903],[6.138909,47.639858],[6.139965,47.640043],[6.139851,47.640849],[6.141259,47.641059],[6.142626,47.641694],[6.14391,47.641686],[6.144514,47.641831],[6.144506,47.642748],[6.144025,47.6432],[6.145249,47.643806],[6.144996,47.646786],[6.145471,47.646757],[6.146968,47.643079],[6.147002,47.641274],[6.144588,47.64046],[6.143923,47.640455],[6.144189,47.639446],[6.144789,47.63904],[6.145332,47.637861],[6.147253,47.637521],[6.148594,47.636729],[6.14606,47.635668],[6.146324,47.635128],[6.146589,47.635043],[6.149367,47.636084],[6.150087,47.635455],[6.147879,47.634762],[6.147053,47.634312],[6.146363,47.633567],[6.146187,47.633091],[6.147091,47.632819],[6.14839,47.63357],[6.150994,47.633562],[6.15093,47.634663],[6.152058,47.634942],[6.153477,47.63497],[6.154851,47.634128],[6.155641,47.634025],[6.155837,47.633672],[6.155669,47.632604],[6.154986,47.631315],[6.155553,47.631011],[6.156343,47.63115],[6.158126,47.63183],[6.158801,47.632639],[6.159053,47.633329],[6.159499,47.633402],[6.159454,47.633011],[6.159815,47.632594],[6.160609,47.631908],[6.160922,47.631853],[6.160683,47.631279],[6.160095,47.630674],[6.160119,47.630225],[6.160706,47.629446],[6.160454,47.628816],[6.161021,47.628719],[6.161674,47.627876],[6.160983,47.627544],[6.160518,47.626892],[6.159595,47.626858],[6.158825,47.626422],[6.159389,47.626117],[6.160586,47.626238],[6.16013,47.625853],[6.159535,47.625896],[6.15969,47.625398],[6.159302,47.625591],[6.158568,47.62564],[6.158489,47.625176],[6.158688,47.625117],[6.158086,47.624665],[6.158476,47.624435],[6.158816,47.624573],[6.158995,47.62511],[6.159663,47.624944],[6.159835,47.625297],[6.160497,47.625431],[6.160626,47.626072],[6.161397,47.625633],[6.16252,47.625353],[6.162847,47.625407],[6.162964,47.626035],[6.162462,47.626803],[6.163704,47.626354],[6.164173,47.626475],[6.164799,47.626228],[6.165044,47.626335],[6.165242,47.626704],[6.164822,47.627175],[6.164953,47.627723],[6.165198,47.627984],[6.165525,47.627993],[6.166135,47.628303],[6.166225,47.628738],[6.166777,47.628844],[6.166755,47.629258],[6.167358,47.629274],[6.16766,47.629501],[6.168771,47.629006],[6.168918,47.628649],[6.170457,47.628797],[6.170858,47.628255],[6.172751,47.627678],[6.173118,47.629337],[6.17059,47.629364],[6.170306,47.629484],[6.170461,47.629691],[6.169359,47.630565],[6.171162,47.631588],[6.171259,47.632236],[6.171073,47.632712],[6.171431,47.633628],[6.1719,47.634119],[6.171614,47.634503],[6.171731,47.635489],[6.172202,47.636113],[6.172004,47.636762],[6.172937,47.637347],[6.173766,47.637581],[6.17429,47.638306],[6.175383,47.638192],[6.175725,47.638593],[6.177365,47.63882],[6.178355,47.639485],[6.180763,47.640081],[6.182448,47.641478],[6.18291,47.641345],[6.183015,47.641453],[6.183604,47.640837],[6.184689,47.641642],[6.184217,47.641694],[6.182688,47.642284],[6.182861,47.642698],[6.183713,47.642433],[6.184019,47.642042],[6.184941,47.641997],[6.185844,47.641344],[6.186825,47.641086],[6.190132,47.640751],[6.191045,47.640496],[6.192136,47.639919],[6.19303,47.640294],[6.193292,47.640241],[6.195929,47.638938],[6.200473,47.637301],[6.20244,47.636876],[6.204095,47.63673],[6.204069,47.636371],[6.208565,47.635906],[6.209782,47.635236],[6.211061,47.635417],[6.212156,47.635831],[6.212805,47.636486],[6.215219,47.63762],[6.215679,47.639361],[6.21616,47.639571],[6.216762,47.639595],[6.219281,47.639421],[6.221518,47.639031],[6.221727,47.63916],[6.222056,47.639103],[6.224446,47.638077],[6.224363,47.637855],[6.227099,47.636999],[6.228168,47.636152],[6.234425,47.635177],[6.240815,47.633296],[6.24489,47.634711],[6.245442,47.635079],[6.245949,47.63509],[6.246671,47.635333],[6.247661,47.6362],[6.24944,47.637328],[6.250393,47.638513],[6.25479,47.642149],[6.254458,47.642672],[6.256426,47.645334],[6.256696,47.64627],[6.258778,47.650314],[6.259293,47.651511],[6.25924,47.652301],[6.25953,47.653215],[6.259335,47.653401],[6.259227,47.654379],[6.259373,47.655455],[6.259865,47.656699],[6.260609,47.657755],[6.261953,47.658952],[6.261324,47.659306],[6.261271,47.659489],[6.262388,47.660064],[6.261714,47.660974],[6.262711,47.661928],[6.261931,47.662643],[6.258218,47.66452],[6.257338,47.66515],[6.2572,47.666268],[6.257489,47.666946],[6.257075,47.670158],[6.262221,47.671434],[6.265391,47.671166],[6.266702,47.670742],[6.26777,47.670751],[6.271494,47.671525],[6.272229,47.671546],[6.273879,47.67221],[6.274444,47.672641],[6.275883,47.673177],[6.276705,47.673683],[6.277592,47.672363],[6.278117,47.671141],[6.27668,47.671503],[6.275945,47.671518],[6.274152,47.671119],[6.274125,47.670961],[6.272939,47.670879],[6.272357,47.67057],[6.269091,47.669958],[6.269318,47.668946],[6.27248,47.665921],[6.27309,47.665713],[6.27336,47.665422],[6.273098,47.665263],[6.273431,47.664884],[6.273665,47.663028],[6.274189,47.662213],[6.276724,47.660271],[6.276871,47.660208],[6.2775,47.66044],[6.278419,47.66012],[6.277803,47.659818],[6.278303,47.659479],[6.278411,47.659188],[6.278202,47.65877],[6.277504,47.658468],[6.27768,47.657949],[6.277345,47.657699],[6.277292,47.657071],[6.276621,47.656003],[6.27672,47.655515],[6.276132,47.655053],[6.276334,47.654475],[6.276851,47.654047],[6.282988,47.654881],[6.285847,47.654784],[6.286248,47.653915],[6.289446,47.653896],[6.289733,47.653569],[6.291475,47.653976],[6.292329,47.654017],[6.292895,47.653689],[6.292121,47.652229],[6.294364,47.651928],[6.295351,47.650859],[6.29889,47.651863],[6.298851,47.652225],[6.299433,47.65288],[6.300088,47.652723],[6.301014,47.650845],[6.302695,47.651058],[6.303362,47.64855],[6.306247,47.649542],[6.307653,47.648728],[6.310594,47.648853],[6.3119,47.649393],[6.313662,47.649783],[6.314467,47.649846],[6.314522,47.649709],[6.317512,47.650462],[6.318045,47.649588],[6.319001,47.649903],[6.321377,47.647808],[6.324206,47.64645],[6.32446,47.646262],[6.324233,47.64612],[6.324867,47.645698],[6.325495,47.644964],[6.32597,47.645083],[6.326651,47.644385],[6.326238,47.644219],[6.326932,47.643699],[6.32804,47.64159],[6.329152,47.640395],[6.330674,47.640113],[6.330797,47.640207],[6.331663,47.640017],[6.332845,47.640086],[6.335123,47.640986],[6.337713,47.641753],[6.33774,47.642112],[6.339833,47.643346],[6.345568,47.645175],[6.351776,47.646835],[6.352333,47.646482],[6.352601,47.646553],[6.354588,47.645335],[6.355161,47.644346],[6.355583,47.644157],[6.355481,47.643122],[6.355941,47.642316],[6.356256,47.64226],[6.356648,47.641822],[6.356436,47.641374],[6.357472,47.640887],[6.357947,47.641284],[6.360112,47.64151],[6.364271,47.641453],[6.365151,47.641347],[6.365215,47.640668],[6.368713,47.640231],[6.368347,47.639794],[6.367589,47.63946],[6.367493,47.63793],[6.366294,47.636949],[6.366619,47.636665],[6.363928,47.634658],[6.363415,47.634516],[6.363407,47.633525],[6.3626,47.633419],[6.362467,47.631667],[6.360437,47.629201],[6.358658,47.629902],[6.358108,47.629521],[6.357772,47.629181],[6.35836,47.628898],[6.356644,47.62706],[6.356898,47.626935],[6.356205,47.626039],[6.355464,47.626176],[6.354849,47.626503],[6.354087,47.627588],[6.349275,47.628228],[6.348116,47.628309],[6.344726,47.626966],[6.342848,47.626807],[6.341813,47.62644],[6.341519,47.626852],[6.340971,47.626646],[6.340245,47.627243],[6.339876,47.627244],[6.339706,47.627438],[6.339458,47.627334],[6.337376,47.628079],[6.336612,47.62746]]]}},{"type":"Feature","properties":{"uai_primary":"0700786Z","uai_all":"0700786Z","is_merged":false},"geometry":{"type":"Polygon","coordinates":[[[6.350856,47.712685],[6.351068,47.712401],[6.349588,47.709356],[6.346739,47.707541],[6.346325,47.707021],[6.344631,47.706122],[6.34416,47.705406],[6.343555,47.705117],[6.342759,47.703963],[6.341736,47.703126],[6.339876,47.701135],[6.341037,47.699133],[6.341691,47.69736],[6.341777,47.695603],[6.342549,47.695071],[6.342883,47.695072],[6.346148,47.69347],[6.349776,47.692377],[6.350277,47.692171],[6.350515,47.691852],[6.351546,47.691619],[6.35252,47.690765],[6.353238,47.690483],[6.353692,47.690093],[6.354032,47.689236],[6.354425,47.689132],[6.354729,47.688816],[6.358224,47.689856],[6.359119,47.690341],[6.359877,47.691105],[6.361115,47.691722],[6.362312,47.693155],[6.36229,47.693692],[6.363222,47.694451],[6.364948,47.694217],[6.365206,47.69438],[6.366582,47.69422],[6.367943,47.693258],[6.367431,47.692952],[6.367879,47.692499],[6.368347,47.69282],[6.371311,47.685761],[6.370279,47.686297],[6.369848,47.685852],[6.369465,47.685742],[6.369853,47.68524],[6.368185,47.682604],[6.365428,47.682742],[6.364781,47.68237],[6.361635,47.681318],[6.361559,47.679457],[6.361776,47.679149],[6.361624,47.678841],[6.361325,47.678814],[6.36078,47.677971],[6.359414,47.677247],[6.358338,47.677313],[6.356219,47.674431],[6.355126,47.673438],[6.349751,47.671947],[6.349281,47.672185],[6.347969,47.671792],[6.345685,47.672653],[6.345587,47.672818],[6.341965,47.672086],[6.34135,47.672293],[6.339507,47.671726],[6.339035,47.671652],[6.338978,47.671789],[6.338713,47.671798],[6.336837,47.671099],[6.33668,47.671414],[6.336159,47.671526],[6.334608,47.670711],[6.334027,47.671209],[6.331339,47.669858],[6.331377,47.67103],[6.330829,47.671133],[6.330726,47.670855],[6.329977,47.670882],[6.330556,47.669749],[6.330312,47.668034],[6.329908,47.667002],[6.328348,47.665479],[6.328351,47.664438],[6.328665,47.663803],[6.329678,47.662935],[6.329132,47.662118],[6.328985,47.661566],[6.32911,47.661119],[6.330178,47.661108],[6.330124,47.660575],[6.329775,47.660549],[6.329757,47.65994],[6.329198,47.659724],[6.330232,47.658694],[6.330265,47.658436],[6.329658,47.657424],[6.331414,47.656658],[6.332078,47.656097],[6.331313,47.655382],[6.330152,47.654915],[6.33055,47.654668],[6.331087,47.654602],[6.331688,47.654103],[6.333388,47.653463],[6.333331,47.652575],[6.33314,47.652402],[6.333858,47.651612],[6.333684,47.651078],[6.334066,47.650839],[6.335182,47.650576],[6.3349,47.650289],[6.331657,47.649693],[6.331027,47.649435],[6.330053,47.649763],[6.327948,47.649535],[6.327221,47.650362],[6.326922,47.650225],[6.327475,47.649308],[6.328746,47.649247],[6.329117,47.648796],[6.330078,47.64832],[6.328907,47.646919],[6.32885,47.646554],[6.33189,47.646007],[6.331818,47.645418],[6.331035,47.645089],[6.33228,47.642165],[6.330858,47.641854],[6.330674,47.640113],[6.329152,47.640395],[6.32804,47.64159],[6.326932,47.643699],[6.326238,47.644219],[6.326651,47.644385],[6.32597,47.645083],[6.325495,47.644964],[6.324867,47.645698],[6.324233,47.64612],[6.32446,47.646262],[6.324206,47.64645],[6.321377,47.647808],[6.319001,47.649903],[6.318045,47.649588],[6.317512,47.650462],[6.314522,47.649709],[6.314467,47.649846],[6.313662,47.649783],[6.3119,47.649393],[6.310594,47.648853],[6.307653,47.648728],[6.306247,47.649542],[6.303362,47.64855],[6.302695,47.651058],[6.301014,47.650845],[6.300088,47.652723],[6.299433,47.65288],[6.298851,47.652225],[6.29889,47.651863],[6.295351,47.650859],[6.294364,47.651928],[6.292121,47.652229],[6.292895,47.653689],[6.292329,47.654017],[6.291475,47.653976],[6.289733,47.653569],[6.289446,47.653896],[6.286248,47.653915],[6.285847,47.654784],[6.282988,47.654881],[6.276851,47.654047],[6.276334,47.654475],[6.276132,47.655053],[6.27672,47.655515],[6.276621,47.656003],[6.277292,47.657071],[6.277345,47.657699],[6.27768,47.657949],[6.277504,47.658468],[6.278202,47.65877],[6.278411,47.659188],[6.278303,47.659479],[6.277803,47.659818],[6.278419,47.66012],[6.2775,47.66044],[6.276871,47.660208],[6.276724,47.660271],[6.274189,47.662213],[6.273665,47.663028],[6.273431,47.664884],[6.273098,47.665263],[6.27336,47.665422],[6.27309,47.665713],[6.27248,47.665921],[6.269318,47.668946],[6.269091,47.669958],[6.272357,47.67057],[6.272939,47.670879],[6.274125,47.670961],[6.274152,47.671119],[6.275945,47.671518],[6.27668,47.671503],[6.278117,47.671141],[6.277592,47.672363],[6.276705,47.673683],[6.275883,47.673177],[6.274444,47.672641],[6.273879,47.67221],[6.272229,47.671546],[6.271494,47.671525],[6.26777,47.670751],[6.266702,47.670742],[6.265391,47.671166],[6.262221,47.671434],[6.257075,47.670158],[6.257489,47.666946],[6.2572,47.666268],[6.257338,47.66515],[6.258218,47.66452],[6.261931,47.662643],[6.262711,47.661928],[6.261714,47.660974],[6.262388,47.660064],[6.261271,47.659489],[6.261324,47.659306],[6.261953,47.658952],[6.260609,47.657755],[6.259865,47.656699],[6.259373,47.655455],[6.259227,47.654379],[6.259335,47.653401],[6.25953,47.653215],[6.25924,47.652301],[6.259293,47.651511],[6.257606,47.64777],[6.256696,47.64627],[6.256426,47.645334],[6.254458,47.642672],[6.25479,47.642149],[6.250393,47.638513],[6.24944,47.637328],[6.246505,47.635253],[6.245442,47.635079],[6.24489,47.634711],[6.240815,47.633296],[6.234425,47.635177],[6.228168,47.636152],[6.227099,47.636999],[6.224363,47.637855],[6.224446,47.638077],[6.222056,47.639103],[6.221727,47.63916],[6.221518,47.639031],[6.219281,47.639421],[6.216762,47.639595],[6.21616,47.639571],[6.215679,47.639361],[6.215219,47.63762],[6.212805,47.636486],[6.212156,47.635831],[6.211061,47.635417],[6.209782,47.635236],[6.208565,47.635906],[6.204069,47.636371],[6.204095,47.63673],[6.20244,47.636876],[6.200473,47.637301],[6.195929,47.638938],[6.193292,47.640241],[6.19303,47.640294],[6.192136,47.639919],[6.191045,47.640496],[6.190132,47.640751],[6.186825,47.641086],[6.185844,47.641344],[6.184941,47.641997],[6.184019,47.642042],[6.183713,47.642433],[6.182861,47.642698],[6.182688,47.642284],[6.184217,47.641694],[6.184689,47.641642],[6.183604,47.640837],[6.183015,47.641453],[6.18291,47.641345],[6.182448,47.641478],[6.180763,47.640081],[6.178355,47.639485],[6.177365,47.63882],[6.175725,47.638593],[6.175383,47.638192],[6.17429,47.638306],[6.173766,47.637581],[6.172937,47.637347],[6.172004,47.636762],[6.172202,47.636113],[6.171731,47.635489],[6.171614,47.634503],[6.1719,47.634119],[6.171431,47.633628],[6.171073,47.632712],[6.171259,47.632236],[6.171162,47.631588],[6.169359,47.630565],[6.170461,47.629691],[6.170306,47.629484],[6.17059,47.629364],[6.173118,47.629337],[6.172751,47.627678],[6.170858,47.628255],[6.170457,47.628797],[6.168918,47.628649],[6.168771,47.629006],[6.16766,47.629501],[6.167358,47.629274],[6.166755,47.629258],[6.166777,47.628844],[6.166225,47.628738],[6.166135,47.628303],[6.165525,47.627993],[6.165198,47.627984],[6.164953,47.627723],[6.164822,47.627175],[6.165242,47.626704],[6.165044,47.626335],[6.164799,47.626228],[6.164173,47.626475],[6.163704,47.626354],[6.162462,47.626803],[6.162964,47.626035],[6.162847,47.625407],[6.16252,47.625353],[6.161397,47.625633],[6.160626,47.626072],[6.160497,47.625431],[6.159835,47.625297],[6.159663,47.624944],[6.158995,47.62511],[6.158816,47.624573],[6.158476,47.624435],[6.158086,47.624665],[6.158688,47.625117],[6.158489,47.625176],[6.158568,47.62564],[6.159302,47.625591],[6.15969,47.625398],[6.159535,47.625896],[6.16013,47.625853],[6.160586,47.626238],[6.159389,47.626117],[6.158825,47.626422],[6.159595,47.626858],[6.160518,47.626892],[6.160983,47.627544],[6.161674,47.627876],[6.161021,47.628719],[6.160454,47.628816],[6.160706,47.629446],[6.160119,47.630225],[6.160095,47.630674],[6.160683,47.631279],[6.160922,47.631853],[6.160609,47.631908],[6.159815,47.632594],[6.159454,47.633011],[6.159499,47.633402],[6.159053,47.633329],[6.158801,47.632639],[6.158126,47.63183],[6.156343,47.63115],[6.155553,47.631011],[6.154986,47.631315],[6.155669,47.632604],[6.155837,47.633672],[6.155641,47.634025],[6.154851,47.634128],[6.153477,47.63497],[6.152058,47.634942],[6.15093,47.634663],[6.150994,47.633562],[6.14839,47.63357],[6.147091,47.632819],[6.146187,47.633091],[6.146363,47.633567],[6.147053,47.634312],[6.147879,47.634762],[6.150087,47.635455],[6.149367,47.636084],[6.146589,47.635043],[6.146324,47.635128],[6.14606,47.635668],[6.148594,47.636729],[6.147253,47.637521],[6.145332,47.637861],[6.144789,47.63904],[6.144189,47.639446],[6.143923,47.640455],[6.144588,47.64046],[6.147002,47.641274],[6.146968,47.643079],[6.145471,47.646757],[6.144996,47.646786],[6.145249,47.643806],[6.144025,47.6432],[6.144506,47.642748],[6.144514,47.641831],[6.14391,47.641686],[6.142626,47.641694],[6.141259,47.641059],[6.139851,47.640849],[6.139965,47.640043],[6.138909,47.639858],[6.138179,47.638903],[6.137271,47.638625],[6.135252,47.638427],[6.135013,47.638504],[6.134675,47.639012],[6.133478,47.639086],[6.13113,47.638576],[6.132072,47.637484],[6.131906,47.637039],[6.131553,47.636736],[6.130271,47.636266],[6.129911,47.636771],[6.129546,47.63684],[6.129116,47.636016],[6.128893,47.635953],[6.127965,47.636234],[6.127122,47.640932],[6.112983,47.639772],[6.112647,47.642529],[6.106388,47.642848],[6.105797,47.642624],[6.104016,47.642546],[6.102896,47.642808],[6.102591,47.644094],[6.10438,47.646481],[6.101608,47.646888],[6.101313,47.646367],[6.100462,47.645677],[6.098627,47.64681],[6.097712,47.646934],[6.097368,47.647885],[6.09865,47.648071],[6.098777,47.648589],[6.098056,47.650971],[6.098797,47.651082],[6.099282,47.651447],[6.098805,47.652647],[6.09858,47.654601],[6.096243,47.654542],[6.09618,47.656479],[6.092722,47.655646],[6.092103,47.657241],[6.093408,47.659676],[6.094127,47.659472],[6.094573,47.660133],[6.094063,47.660464],[6.095113,47.662097],[6.094345,47.662571],[6.09466,47.663237],[6.095401,47.664293],[6.096332,47.664263],[6.097759,47.666587],[6.097443,47.667211],[6.0968,47.667644],[6.095601,47.668408],[6.094364,47.668801],[6.094709,47.669218],[6.096388,47.669938],[6.096043,47.671476],[6.096395,47.671734],[6.096253,47.674441],[6.096735,47.67465],[6.096902,47.67514],[6.096896,47.675995],[6.096521,47.677268],[6.097265,47.67837],[6.099241,47.678981],[6.099065,47.679302],[6.099562,47.679736],[6.098539,47.680355],[6.096921,47.681037],[6.096395,47.681144],[6.09604,47.680841],[6.094485,47.681476],[6.094792,47.682051],[6.094784,47.682594],[6.094362,47.683506],[6.093463,47.683985],[6.092224,47.684385],[6.091549,47.684272],[6.090692,47.686094],[6.089948,47.686125],[6.0889,47.687329],[6.088189,47.687667],[6.08372,47.687731],[6.083126,47.690277],[6.082394,47.690352],[6.080894,47.689727],[6.080181,47.689719],[6.080029,47.691081],[6.078378,47.690703],[6.077805,47.690734],[6.077388,47.691058],[6.07747,47.691627],[6.078156,47.692561],[6.078019,47.693218],[6.078952,47.694187],[6.081262,47.694359],[6.081266,47.694226],[6.08284,47.694053],[6.083461,47.695168],[6.084351,47.696119],[6.086154,47.695657],[6.088334,47.698197],[6.090731,47.701901],[6.090744,47.702081],[6.090297,47.702366],[6.089887,47.702979],[6.090085,47.704084],[6.091035,47.704185],[6.094917,47.705303],[6.097829,47.705421],[6.09796,47.705796],[6.102331,47.705664],[6.103697,47.705115],[6.103866,47.705159],[6.103225,47.705904],[6.102982,47.707042],[6.10578,47.706997],[6.105698,47.70584],[6.106089,47.705794],[6.10597,47.706558],[6.106023,47.706828],[6.106299,47.706891],[6.106832,47.706874],[6.107567,47.706467],[6.108183,47.706336],[6.108469,47.707496],[6.108763,47.707757],[6.108852,47.709486],[6.109228,47.711071],[6.109631,47.711003],[6.110657,47.710127],[6.111524,47.709804],[6.112631,47.709793],[6.112501,47.708851],[6.114977,47.708923],[6.115293,47.707496],[6.121533,47.708288],[6.121571,47.708827],[6.123581,47.709883],[6.125222,47.710975],[6.129479,47.712699],[6.129699,47.712263],[6.130856,47.711158],[6.131245,47.709229],[6.133404,47.709207],[6.135466,47.71004],[6.136607,47.711083],[6.138043,47.711914],[6.141113,47.714458],[6.142997,47.713956],[6.14539,47.713718],[6.147363,47.713223],[6.148468,47.713138],[6.149273,47.71351],[6.149973,47.713027],[6.150434,47.712352],[6.151018,47.712056],[6.151483,47.711988],[6.151832,47.712227],[6.152519,47.712258],[6.15314,47.711934],[6.153317,47.712919],[6.153746,47.713446],[6.153996,47.713661],[6.154873,47.713871],[6.155008,47.714131],[6.155047,47.714406],[6.154664,47.714761],[6.154949,47.716697],[6.154852,47.717921],[6.156466,47.720608],[6.157571,47.720571],[6.158391,47.720184],[6.159838,47.720263],[6.160464,47.720519],[6.161298,47.720449],[6.163988,47.721666],[6.165425,47.72216],[6.166234,47.722268],[6.17061,47.720053],[6.171563,47.71922],[6.171325,47.718211],[6.173826,47.717101],[6.178242,47.716018],[6.1794,47.715532],[6.183134,47.714722],[6.186237,47.714435],[6.187401,47.715363],[6.188073,47.716558],[6.189027,47.717642],[6.188999,47.718461],[6.187329,47.719542],[6.186892,47.720468],[6.184225,47.723013],[6.179901,47.726363],[6.178662,47.727815],[6.17662,47.729243],[6.172055,47.733171],[6.170412,47.735164],[6.170513,47.735924],[6.169602,47.738156],[6.167953,47.738497],[6.163484,47.741077],[6.162313,47.742837],[6.161101,47.744805],[6.159479,47.748634],[6.161526,47.749481],[6.163023,47.749882],[6.164884,47.750037],[6.164989,47.751147],[6.165194,47.751301],[6.164847,47.753001],[6.16556,47.755427],[6.165504,47.756508],[6.165216,47.757149],[6.16275,47.758226],[6.162163,47.758329],[6.160341,47.757827],[6.159562,47.758798],[6.162826,47.760108],[6.162046,47.76287],[6.163473,47.762906],[6.165366,47.763263],[6.167387,47.764],[6.168242,47.76442],[6.171443,47.766638],[6.173564,47.765216],[6.173027,47.764858],[6.172687,47.764355],[6.175812,47.762382],[6.176705,47.761598],[6.176269,47.761332],[6.176326,47.761195],[6.17782,47.759963],[6.179086,47.759648],[6.179899,47.759253],[6.181382,47.759223],[6.182149,47.758195],[6.183053,47.758496],[6.184659,47.756696],[6.187405,47.756017],[6.190504,47.753659],[6.191118,47.754205],[6.192383,47.754679],[6.190826,47.756754],[6.188646,47.760743],[6.188511,47.762549],[6.188876,47.762986],[6.188482,47.763991],[6.187283,47.765578],[6.187193,47.767179],[6.186318,47.767376],[6.186295,47.767974],[6.186889,47.77007],[6.185981,47.770016],[6.185757,47.770609],[6.187387,47.770865],[6.187464,47.772038],[6.186983,47.774324],[6.187456,47.775647],[6.18886,47.77759],[6.185813,47.77781],[6.185919,47.778892],[6.186864,47.781627],[6.187294,47.782335],[6.186236,47.782704],[6.184163,47.78297],[6.182722,47.786136],[6.182239,47.78599],[6.18022,47.786324],[6.178608,47.786204],[6.177533,47.786323],[6.177467,47.787868],[6.177973,47.78804],[6.181656,47.787637],[6.182074,47.787924],[6.182958,47.788185],[6.184434,47.788301],[6.188056,47.788162],[6.188328,47.78813],[6.188498,47.78791],[6.189283,47.788379],[6.189962,47.788516],[6.19215,47.788389],[6.193845,47.788125],[6.195079,47.787633],[6.196617,47.787735],[6.1986,47.788282],[6.19987,47.788285],[6.200344,47.787459],[6.200875,47.787469],[6.20105,47.787062],[6.201504,47.786881],[6.202834,47.786792],[6.2028,47.785751],[6.203903,47.785185],[6.204609,47.785109],[6.207936,47.795216],[6.211115,47.796214],[6.210258,47.798791],[6.214163,47.798939],[6.214952,47.798103],[6.215623,47.796404],[6.210732,47.794311],[6.210571,47.794012],[6.211971,47.793217],[6.214492,47.789694],[6.214862,47.788582],[6.214983,47.786041],[6.212849,47.783384],[6.212053,47.781515],[6.212444,47.781422],[6.212474,47.779696],[6.213746,47.778731],[6.213507,47.778378],[6.217609,47.775379],[6.217223,47.774382],[6.21746,47.773757],[6.218309,47.774072],[6.219152,47.774135],[6.219814,47.773962],[6.220499,47.773494],[6.220312,47.773149],[6.218277,47.772366],[6.218953,47.771578],[6.218858,47.771176],[6.221568,47.76897],[6.221356,47.768564],[6.223376,47.76792],[6.221851,47.767055],[6.222824,47.766831],[6.221972,47.766376],[6.221558,47.764485],[6.222,47.764284],[6.222905,47.76264],[6.22377,47.761565],[6.223807,47.761112],[6.221687,47.759691],[6.222331,47.758454],[6.224001,47.757543],[6.224205,47.755781],[6.223809,47.754938],[6.223973,47.754438],[6.225306,47.753492],[6.226286,47.751389],[6.226143,47.751258],[6.224014,47.750968],[6.222734,47.750529],[6.223661,47.749978],[6.229826,47.747758],[6.232659,47.742879],[6.233472,47.742601],[6.23387,47.742285],[6.235371,47.740678],[6.236544,47.741084],[6.240154,47.741398],[6.241929,47.741905],[6.244139,47.742247],[6.246145,47.742104],[6.248015,47.741606],[6.251801,47.742784],[6.252695,47.742709],[6.258548,47.743393],[6.25998,47.744139],[6.260844,47.746331],[6.269197,47.746251],[6.271012,47.746035],[6.27758,47.745959],[6.283874,47.744855],[6.288166,47.743936],[6.289084,47.743871],[6.290985,47.743402],[6.2924,47.744479],[6.293874,47.744484],[6.2967,47.743927],[6.298605,47.744774],[6.301333,47.74539],[6.304244,47.745828],[6.307108,47.746545],[6.309134,47.747661],[6.309665,47.747719],[6.311204,47.747756],[6.312655,47.7476],[6.314756,47.747207],[6.317962,47.746303],[6.320802,47.746003],[6.325145,47.746012],[6.325756,47.745905],[6.323265,47.743288],[6.323741,47.743172],[6.324761,47.744338],[6.326597,47.742924],[6.327695,47.740889],[6.327898,47.740825],[6.328948,47.741331],[6.330672,47.740514],[6.330902,47.73999],[6.33093,47.736374],[6.33378,47.734656],[6.334412,47.733251],[6.335123,47.732605],[6.338694,47.732452],[6.343386,47.731029],[6.344224,47.73064],[6.344236,47.729919],[6.345742,47.729132],[6.34781,47.728892],[6.348322,47.727946],[6.34963,47.72759],[6.349749,47.726968],[6.350754,47.725893],[6.352264,47.724914],[6.349926,47.722122],[6.349748,47.719476],[6.349121,47.717404],[6.348878,47.717366],[6.348686,47.716985],[6.34822,47.716858],[6.348147,47.716524],[6.348306,47.71584],[6.348788,47.715486],[6.348959,47.715086],[6.349468,47.714858],[6.350856,47.712685]],[[6.162222,47.628925],[6.162073,47.628911],[6.162222,47.628925]],[[6.162183,47.629107],[6.162471,47.628999],[6.162183,47.629107]],[[6.163437,47.629617],[6.162972,47.629169],[6.162993,47.628154],[6.16453,47.62859],[6.164457,47.628873],[6.164829,47.629485],[6.164877,47.630014],[6.163437,47.629617]],[[6.155598,47.637041],[6.154805,47.637126],[6.153869,47.637442],[6.151041,47.638716],[6.150451,47.639272],[6.149126,47.639462],[6.148963,47.638731],[6.149124,47.638312],[6.150383,47.637685],[6.150645,47.637341],[6.151525,47.637018],[6.152009,47.636524],[6.152667,47.636392],[6.153414,47.636028],[6.153702,47.635711],[6.154457,47.635597],[6.154788,47.635133],[6.155743,47.634618],[6.155851,47.634129],[6.156335,47.634135],[6.156894,47.634462],[6.156916,47.635187],[6.155598,47.637041]]]}},{"type":"Feature","properties":{"uai_primary":"0700787A","uai_all":"0700787A","is_merged":false},"geometry":{"type":"Polygon","coordinates":[[[6.801485,47.562494],[6.800067,47.558869],[6.800113,47.557471],[6.799604,47.554213],[6.797287,47.549181],[6.793673,47.547576],[6.792362,47.545996],[6.789245,47.544223],[6.785211,47.543349],[6.784831,47.541746],[6.784278,47.540854],[6.782113,47.539638],[6.782875,47.537686],[6.780632,47.536649],[6.779593,47.537556],[6.777163,47.537564],[6.775826,47.536996],[6.774658,47.536294],[6.773661,47.535414],[6.772735,47.534954],[6.772829,47.536109],[6.773543,47.53702],[6.773109,47.537547],[6.772294,47.537691],[6.769678,47.53776],[6.767696,47.538137],[6.767133,47.538305],[6.764774,47.53976],[6.763173,47.540523],[6.760114,47.541317],[6.758203,47.541574],[6.756069,47.542123],[6.755266,47.542364],[6.753548,47.543304],[6.752538,47.544108],[6.751538,47.545334],[6.749428,47.548629],[6.748984,47.548921],[6.746359,47.549518],[6.744226,47.551372],[6.743331,47.552623],[6.741706,47.55604],[6.741385,47.556387],[6.73999,47.557051],[6.737937,47.557159],[6.734108,47.557997],[6.729467,47.559589],[6.727704,47.560821],[6.722847,47.559638],[6.72231,47.559456],[6.721719,47.558968],[6.72105,47.558232],[6.721123,47.557743],[6.719131,47.555138],[6.71878,47.554228],[6.719605,47.552858],[6.718161,47.552807],[6.714751,47.553061],[6.711562,47.554636],[6.709178,47.556044],[6.708473,47.556581],[6.708371,47.557914],[6.706011,47.558069],[6.704425,47.55734],[6.703153,47.557504],[6.692664,47.55994],[6.690892,47.560035],[6.688602,47.560689],[6.685549,47.563066],[6.6852,47.563473],[6.685218,47.563867],[6.685596,47.566068],[6.68781,47.569806],[6.689161,47.570802],[6.684291,47.571771],[6.683598,47.571497],[6.681933,47.572286],[6.679999,47.571985],[6.675893,47.572265],[6.675062,47.571684],[6.674438,47.572328],[6.672377,47.573434],[6.671281,47.573427],[6.668106,47.572236],[6.666052,47.572288],[6.665621,47.572406],[6.665347,47.572731],[6.6643,47.572445],[6.663063,47.573209],[6.659746,47.571474],[6.658331,47.572027],[6.658444,47.572528],[6.659529,47.573865],[6.661765,47.575],[6.662438,47.575567],[6.662462,47.57629],[6.66384,47.576937],[6.661225,47.578728],[6.660333,47.579693],[6.658611,47.578949],[6.657139,47.577847],[6.656225,47.577675],[6.654935,47.576836],[6.653894,47.575674],[6.653692,47.574929],[6.652439,47.573304],[6.652035,47.572459],[6.652902,47.571509],[6.654449,47.571224],[6.65552,47.57031],[6.655887,47.570073],[6.656706,47.569918],[6.661568,47.566611],[6.66202,47.564969],[6.662446,47.564398],[6.663467,47.563601],[6.663609,47.562895],[6.664612,47.56243],[6.665517,47.561782],[6.666289,47.561968],[6.669371,47.559085],[6.669444,47.558784],[6.670281,47.558024],[6.668677,47.555504],[6.66686,47.554403],[6.6649,47.553465],[6.664651,47.553046],[6.663182,47.552166],[6.660166,47.548619],[6.658322,47.545507],[6.654235,47.541999],[6.651363,47.539858],[6.648419,47.536093],[6.647548,47.536097],[6.646728,47.535309],[6.642899,47.533382],[6.641927,47.53308],[6.640486,47.532983],[6.635125,47.533704],[6.633823,47.532422],[6.632125,47.532242],[6.631152,47.531674],[6.628418,47.53087],[6.627148,47.530134],[6.626431,47.529485],[6.625466,47.529071],[6.624597,47.528948],[6.623258,47.529154],[6.620118,47.530896],[6.618113,47.53135],[6.617612,47.531173],[6.614962,47.530843],[6.613946,47.530988],[6.611195,47.530505],[6.610653,47.530486],[6.609898,47.5307],[6.609178,47.531329],[6.608538,47.532413],[6.607008,47.533277],[6.605145,47.533881],[6.605182,47.534172],[6.604739,47.534354],[6.606892,47.53662],[6.606431,47.536926],[6.607984,47.53812],[6.606177,47.539083],[6.605344,47.539824],[6.60997,47.543614],[6.608454,47.544941],[6.606695,47.54556],[6.603934,47.54681],[6.607915,47.548038],[6.607813,47.549992],[6.605688,47.549943],[6.605384,47.55062],[6.604696,47.551077],[6.604113,47.552197],[6.604414,47.553261],[6.603395,47.553696],[6.602154,47.554576],[6.602025,47.556982],[6.601036,47.558261],[6.599701,47.55938],[6.601702,47.560378],[6.601999,47.560044],[6.603475,47.560573],[6.604298,47.560473],[6.605843,47.561071],[6.607187,47.561073],[6.608444,47.56161],[6.60816,47.562669],[6.608195,47.564073],[6.608415,47.564335],[6.609502,47.564611],[6.610488,47.565295],[6.610739,47.566624],[6.610698,47.566937],[6.609796,47.5677],[6.607894,47.567777],[6.607772,47.568598],[6.605583,47.568652],[6.605138,47.569738],[6.603939,47.571578],[6.601643,47.571159],[6.601283,47.571628],[6.6025,47.571992],[6.602617,47.572944],[6.601768,47.574805],[6.600969,47.575193],[6.600413,47.576051],[6.602628,47.576798],[6.603269,47.577316],[6.603247,47.577945],[6.604506,47.578335],[6.60478,47.578114],[6.60622,47.578423],[6.606233,47.578603],[6.601974,47.592762],[6.602123,47.594235],[6.601823,47.594735],[6.602175,47.594926],[6.603835,47.594989],[6.608729,47.596137],[6.60939,47.59674],[6.610242,47.597115],[6.612322,47.597503],[6.616631,47.599334],[6.617831,47.599311],[6.619266,47.599915],[6.623811,47.600724],[6.624273,47.601486],[6.623013,47.60237],[6.623012,47.60287],[6.623323,47.60396],[6.624503,47.606214],[6.624594,47.607336],[6.625113,47.607992],[6.625673,47.608332],[6.627874,47.609197],[6.627596,47.610038],[6.626567,47.610765],[6.625489,47.612067],[6.621777,47.614429],[6.620702,47.6153],[6.621166,47.615537],[6.620075,47.616277],[6.619838,47.616611],[6.619928,47.616939],[6.621751,47.617885],[6.622142,47.618462],[6.623297,47.619319],[6.625448,47.62038],[6.626401,47.620624],[6.627434,47.620529],[6.627459,47.62033],[6.628597,47.620374],[6.628982,47.619979],[6.630949,47.62035],[6.632801,47.620282],[6.633842,47.620573],[6.634789,47.621131],[6.635392,47.62114],[6.636195,47.621626],[6.636977,47.621848],[6.637782,47.621938],[6.6392,47.621518],[6.640702,47.62173],[6.638357,47.622452],[6.636779,47.622503],[6.635715,47.624804],[6.632536,47.62731],[6.631859,47.628821],[6.630537,47.629771],[6.629901,47.63082],[6.629687,47.632236],[6.629457,47.632498],[6.628558,47.632968],[6.626835,47.633421],[6.627442,47.636346],[6.628717,47.636111],[6.631188,47.636333],[6.636261,47.63555],[6.642152,47.635145],[6.644411,47.636187],[6.645513,47.63721],[6.648477,47.644432],[6.650234,47.647033],[6.651434,47.647596],[6.65348,47.648148],[6.653687,47.648638],[6.654297,47.649236],[6.656511,47.649984],[6.656773,47.650823],[6.657298,47.65138],[6.657683,47.65229],[6.659009,47.653037],[6.659255,47.653522],[6.658736,47.654539],[6.659382,47.655891],[6.660489,47.656885],[6.660619,47.658061],[6.66037,47.660254],[6.660761,47.661005],[6.661623,47.661947],[6.663259,47.661729],[6.665123,47.662536],[6.667154,47.662784],[6.667931,47.6616],[6.671025,47.662945],[6.672732,47.663469],[6.675726,47.663715],[6.676113,47.663602],[6.67605,47.663255],[6.673801,47.660071],[6.674301,47.658996],[6.678528,47.661766],[6.679545,47.66362],[6.679446,47.664029],[6.677687,47.665356],[6.692776,47.667019],[6.695633,47.667116],[6.698639,47.667925],[6.700577,47.668149],[6.702192,47.668636],[6.703103,47.668727],[6.70478,47.668586],[6.707503,47.669112],[6.708691,47.668829],[6.708955,47.669139],[6.711206,47.668405],[6.710758,47.66803],[6.709941,47.666227],[6.706705,47.664214],[6.704821,47.663709],[6.704956,47.662938],[6.707484,47.661053],[6.708415,47.660602],[6.710851,47.659849],[6.711224,47.65995],[6.714117,47.658814],[6.714638,47.65825],[6.715288,47.658046],[6.71579,47.657666],[6.715879,47.657122],[6.716525,47.656063],[6.716094,47.655021],[6.715837,47.652538],[6.720222,47.650923],[6.721255,47.651602],[6.721996,47.650758],[6.721767,47.650485],[6.722383,47.650152],[6.722473,47.648953],[6.723879,47.648083],[6.725632,47.647596],[6.726613,47.647629],[6.727788,47.647341],[6.727447,47.646681],[6.728066,47.646552],[6.728548,47.646956],[6.728892,47.646911],[6.728153,47.646345],[6.728862,47.645717],[6.728613,47.645776],[6.728162,47.64556],[6.728145,47.644987],[6.728892,47.645135],[6.729144,47.645001],[6.728729,47.643046],[6.727686,47.642836],[6.727292,47.642349],[6.727659,47.641615],[6.72718,47.641676],[6.726886,47.641327],[6.726539,47.641317],[6.726512,47.641177],[6.72696,47.640884],[6.727285,47.640917],[6.727544,47.640521],[6.727006,47.640087],[6.727159,47.639484],[6.726586,47.639374],[6.726095,47.638903],[6.728336,47.638093],[6.730043,47.638099],[6.730524,47.63787],[6.732053,47.635482],[6.73336,47.632631],[6.733783,47.632474],[6.735379,47.632372],[6.737588,47.631415],[6.740367,47.630774],[6.741728,47.630849],[6.743104,47.631134],[6.743868,47.631049],[6.746988,47.630023],[6.752261,47.629026],[6.7534,47.627864],[6.753735,47.627134],[6.754674,47.626408],[6.755842,47.627022],[6.756926,47.628283],[6.756989,47.628653],[6.759829,47.629137],[6.759884,47.629351],[6.760704,47.629351],[6.762189,47.629693],[6.7632,47.627448],[6.762998,47.626822],[6.76305,47.625947],[6.763609,47.62401],[6.765342,47.624012],[6.765724,47.624216],[6.766988,47.624107],[6.769521,47.624391],[6.77078,47.625019],[6.772209,47.626175],[6.773619,47.626599],[6.774626,47.626195],[6.773779,47.625009],[6.775616,47.624984],[6.775827,47.625598],[6.780519,47.62528],[6.780631,47.624744],[6.780374,47.623805],[6.778715,47.622258],[6.778426,47.621727],[6.778476,47.620821],[6.779101,47.620276],[6.779138,47.620043],[6.777917,47.616859],[6.777691,47.615739],[6.778479,47.615512],[6.778398,47.614752],[6.779959,47.613522],[6.781051,47.613029],[6.782947,47.612597],[6.784628,47.611991],[6.785896,47.611222],[6.787063,47.610052],[6.787174,47.6082],[6.787438,47.607379],[6.788348,47.606308],[6.78841,47.60545],[6.788228,47.604872],[6.788345,47.604687],[6.790076,47.604666],[6.790093,47.604079],[6.790828,47.60252],[6.793286,47.599273],[6.793303,47.598686],[6.793085,47.598469],[6.791541,47.597538],[6.791294,47.596961],[6.791303,47.596286],[6.797994,47.591634],[6.798706,47.590866],[6.800781,47.591948],[6.801083,47.591891],[6.802198,47.590749],[6.802326,47.590834],[6.802618,47.590662],[6.802397,47.589778],[6.803589,47.588435],[6.803395,47.588028],[6.802402,47.587625],[6.801505,47.58693],[6.803178,47.585451],[6.801922,47.584292],[6.805519,47.5821],[6.806164,47.582156],[6.809321,47.580908],[6.810399,47.581218],[6.814415,47.579271],[6.817982,47.577835],[6.818819,47.576713],[6.820325,47.575456],[6.821224,47.57444],[6.821728,47.573312],[6.816983,47.571513],[6.810351,47.569427],[6.808716,47.566607],[6.808222,47.564689],[6.807087,47.563066],[6.805504,47.562871],[6.804048,47.562502],[6.801485,47.562494]]]}},{"type":"Feature","properties":{"uai_primary":"0700788B","uai_all":"0700788B","is_merged":false},"geometry":{"type":"Polygon","coordinates":[[[6.303125,47.920739],[6.303002,47.920443],[6.303257,47.920508],[6.303691,47.919385],[6.305609,47.912884],[6.305372,47.912393],[6.30607,47.909185],[6.307322,47.908772],[6.307911,47.908765],[6.308659,47.907904],[6.308416,47.906374],[6.308622,47.906004],[6.313068,47.906399],[6.313648,47.906405],[6.313796,47.906241],[6.312526,47.905297],[6.312431,47.904972],[6.312677,47.904392],[6.312485,47.90402],[6.312034,47.903981],[6.31177,47.90431],[6.311284,47.903978],[6.310639,47.904043],[6.309103,47.903657],[6.309067,47.902725],[6.308721,47.902127],[6.308224,47.901946],[6.307367,47.900856],[6.306449,47.900073],[6.305908,47.90004],[6.305909,47.899544],[6.306066,47.899634],[6.306493,47.899264],[6.30667,47.898863],[6.306727,47.897495],[6.30616,47.896352],[6.305742,47.895895],[6.305024,47.895506],[6.304757,47.894791],[6.303892,47.89434],[6.303357,47.894284],[6.302577,47.894827],[6.302115,47.894623],[6.300468,47.894655],[6.299558,47.894328],[6.299479,47.894157],[6.300166,47.893894],[6.300178,47.893577],[6.299611,47.893392],[6.299112,47.892949],[6.299382,47.892521],[6.29889,47.892175],[6.299278,47.891356],[6.298845,47.89104],[6.298429,47.890369],[6.297735,47.890179],[6.297264,47.889825],[6.293802,47.890282],[6.293021,47.88993],[6.292085,47.890003],[6.291918,47.889439],[6.291162,47.888969],[6.290436,47.88823],[6.290071,47.888113],[6.291061,47.886829],[6.288728,47.886379],[6.289132,47.884866],[6.286884,47.884641],[6.283737,47.88459],[6.286423,47.883704],[6.28887,47.882565],[6.29003,47.881675],[6.290381,47.881167],[6.290779,47.881333],[6.292965,47.879426],[6.296933,47.879214],[6.299958,47.879719],[6.302836,47.879853],[6.302926,47.879576],[6.303627,47.879548],[6.304568,47.878623],[6.304888,47.878975],[6.305734,47.87897],[6.30577,47.87977],[6.306265,47.880299],[6.307718,47.880416],[6.308797,47.881378],[6.309936,47.881305],[6.310826,47.881596],[6.312416,47.881557],[6.312883,47.88181],[6.314501,47.882057],[6.315357,47.882317],[6.315627,47.882889],[6.316115,47.883136],[6.316527,47.883061],[6.316758,47.882492],[6.317,47.882399],[6.318183,47.883125],[6.319076,47.883145],[6.319331,47.883756],[6.31966,47.883979],[6.321349,47.884064],[6.322068,47.885093],[6.322483,47.8851],[6.323134,47.884475],[6.323853,47.884115],[6.32465,47.884241],[6.32585,47.884865],[6.327718,47.884929],[6.328248,47.884665],[6.328866,47.884657],[6.328888,47.884232],[6.329221,47.883997],[6.330281,47.884223],[6.331083,47.883856],[6.330987,47.883605],[6.331234,47.883377],[6.330847,47.882935],[6.330908,47.882493],[6.332023,47.88217],[6.333136,47.882133],[6.333665,47.881761],[6.335451,47.881721],[6.336606,47.881899],[6.337045,47.882375],[6.337498,47.882331],[6.337821,47.882479],[6.339098,47.882369],[6.339346,47.882703],[6.339564,47.882728],[6.34068,47.881971],[6.340576,47.881409],[6.340985,47.88104],[6.341428,47.881261],[6.342596,47.881351],[6.344052,47.881262],[6.345155,47.880825],[6.348211,47.880847],[6.348684,47.880479],[6.349464,47.880676],[6.350122,47.880576],[6.350678,47.880245],[6.352299,47.881034],[6.35246,47.881387],[6.352732,47.88149],[6.355071,47.880729],[6.356721,47.880772],[6.35787,47.880016],[6.359691,47.880017],[6.362383,47.880041],[6.363004,47.88029],[6.363359,47.880548],[6.363376,47.880772],[6.362929,47.881058],[6.363164,47.881499],[6.362925,47.882145],[6.363742,47.882125],[6.364703,47.881546],[6.366032,47.881252],[6.366533,47.880491],[6.366342,47.880181],[6.366065,47.880183],[6.365778,47.8799],[6.36587,47.878736],[6.367404,47.876398],[6.369233,47.87163],[6.370067,47.871218],[6.370173,47.870565],[6.370877,47.869861],[6.370245,47.869647],[6.371564,47.868408],[6.373446,47.864621],[6.373394,47.863313],[6.373794,47.862794],[6.376988,47.863245],[6.377517,47.862619],[6.377491,47.862248],[6.378662,47.862217],[6.378662,47.861639],[6.378172,47.86165],[6.37805,47.860447],[6.380215,47.85777],[6.380957,47.85607],[6.377571,47.851597],[6.377052,47.850332],[6.37547,47.847647],[6.372122,47.847366],[6.371489,47.846889],[6.366898,47.844405],[6.363228,47.843032],[6.359762,47.840819],[6.356969,47.839974],[6.355168,47.838702],[6.35387,47.837241],[6.351294,47.835398],[6.350604,47.835106],[6.345776,47.834057],[6.341404,47.833712],[6.33861,47.832776],[6.336301,47.831681],[6.334256,47.831165],[6.326715,47.833135],[6.324951,47.833273],[6.321868,47.833263],[6.319894,47.831935],[6.31536,47.830008],[6.308124,47.828792],[6.307228,47.828006],[6.30628,47.827616],[6.303554,47.826921],[6.300458,47.825807],[6.298847,47.825498],[6.295268,47.825119],[6.293955,47.824615],[6.293228,47.824147],[6.29212,47.825162],[6.290933,47.825145],[6.289463,47.826102],[6.28869,47.82631],[6.287497,47.825654],[6.287183,47.825625],[6.28693,47.824229],[6.286345,47.824016],[6.284882,47.823894],[6.285423,47.823727],[6.28531,47.823593],[6.283241,47.822253],[6.28561,47.820846],[6.288132,47.819725],[6.288813,47.819621],[6.288394,47.817964],[6.287708,47.817734],[6.287517,47.817403],[6.286548,47.816733],[6.285648,47.816425],[6.28542,47.816179],[6.285306,47.815199],[6.284726,47.814711],[6.284743,47.814374],[6.283996,47.813893],[6.283669,47.813425],[6.282462,47.812953],[6.280341,47.811746],[6.278678,47.809465],[6.274219,47.80639],[6.274116,47.806592],[6.268876,47.805248],[6.266365,47.804285],[6.259762,47.8026],[6.257133,47.801629],[6.255062,47.801982],[6.254426,47.802989],[6.253866,47.802928],[6.231076,47.796325],[6.231581,47.795635],[6.231031,47.79549],[6.231969,47.794737],[6.232676,47.794889],[6.233625,47.794798],[6.234829,47.794264],[6.235062,47.793656],[6.234931,47.793405],[6.234737,47.793272],[6.233365,47.793158],[6.233355,47.793024],[6.235212,47.791926],[6.235562,47.791239],[6.235652,47.790651],[6.235352,47.790211],[6.232748,47.787658],[6.231459,47.788206],[6.230482,47.788912],[6.230219,47.789467],[6.226832,47.793772],[6.225731,47.794382],[6.224858,47.794698],[6.221953,47.793756],[6.220795,47.794257],[6.220138,47.794264],[6.219746,47.794476],[6.218772,47.794462],[6.218603,47.79465],[6.218107,47.794683],[6.217361,47.795277],[6.216651,47.795341],[6.215784,47.796214],[6.215232,47.797082],[6.214952,47.798103],[6.214163,47.798939],[6.210258,47.798791],[6.207789,47.799927],[6.207147,47.800953],[6.205931,47.800554],[6.205472,47.799633],[6.204092,47.800142],[6.203205,47.801007],[6.201857,47.801029],[6.201016,47.800065],[6.199205,47.799652],[6.199095,47.799326],[6.198761,47.799156],[6.198728,47.798713],[6.198083,47.798712],[6.197951,47.798212],[6.197487,47.797812],[6.195793,47.797425],[6.195017,47.798591],[6.192044,47.798803],[6.191262,47.79852],[6.188826,47.798106],[6.187827,47.798139],[6.186114,47.798465],[6.185363,47.798693],[6.184644,47.799237],[6.183959,47.799458],[6.183606,47.79981],[6.182428,47.800008],[6.181376,47.801178],[6.179014,47.801178],[6.176613,47.800894],[6.174753,47.801226],[6.174585,47.801324],[6.174542,47.802121],[6.17637,47.803244],[6.176453,47.803466],[6.175132,47.804162],[6.17609,47.804918],[6.179139,47.806394],[6.179778,47.806913],[6.179477,47.807174],[6.178403,47.806808],[6.177922,47.806819],[6.176922,47.807175],[6.176286,47.806787],[6.174717,47.80756],[6.174365,47.807934],[6.174516,47.808162],[6.175958,47.808881],[6.175526,47.809335],[6.17597,47.810085],[6.17481,47.810366],[6.174618,47.810598],[6.173765,47.810623],[6.173451,47.810903],[6.173274,47.811224],[6.174517,47.811623],[6.17392,47.812609],[6.172809,47.813443],[6.172357,47.813205],[6.172059,47.813248],[6.171544,47.815827],[6.169661,47.818312],[6.169393,47.818555],[6.168117,47.817681],[6.167235,47.818271],[6.16702,47.818606],[6.166835,47.819954],[6.167042,47.821308],[6.167656,47.822393],[6.168134,47.822834],[6.169229,47.823422],[6.170393,47.824467],[6.170822,47.825965],[6.17049,47.827274],[6.168725,47.829242],[6.168394,47.832077],[6.167369,47.832951],[6.166808,47.834063],[6.166792,47.835325],[6.166523,47.83555],[6.164252,47.836226],[6.164311,47.835155],[6.163487,47.834968],[6.159579,47.834789],[6.15187,47.835335],[6.147952,47.835204],[6.147634,47.83576],[6.147698,47.83596],[6.148061,47.836046],[6.14859,47.838886],[6.148093,47.839671],[6.147113,47.839919],[6.146708,47.839752],[6.146297,47.840486],[6.144469,47.842107],[6.144162,47.842549],[6.143826,47.843833],[6.14458,47.844354],[6.145675,47.845624],[6.148461,47.847153],[6.149674,47.850962],[6.150359,47.851881],[6.152066,47.853925],[6.153793,47.854438],[6.154582,47.855922],[6.155286,47.856664],[6.15606,47.857049],[6.157835,47.857106],[6.160613,47.856604],[6.161071,47.8569],[6.161532,47.856885],[6.162825,47.857315],[6.163899,47.857085],[6.165162,47.857451],[6.165301,47.857023],[6.16591,47.856708],[6.168026,47.856475],[6.169467,47.856591],[6.169758,47.856256],[6.170249,47.856337],[6.171153,47.855769],[6.171707,47.855702],[6.172746,47.855994],[6.173634,47.85585],[6.174341,47.855909],[6.174856,47.855647],[6.175164,47.855882],[6.175404,47.855842],[6.175584,47.855656],[6.177767,47.855323],[6.178012,47.855005],[6.178511,47.854874],[6.17876,47.854294],[6.179299,47.854358],[6.179458,47.854206],[6.180758,47.854065],[6.181919,47.854415],[6.182407,47.854337],[6.182696,47.854514],[6.183411,47.854594],[6.184748,47.855173],[6.185264,47.855052],[6.187046,47.855803],[6.189669,47.855973],[6.190522,47.856385],[6.191388,47.856211],[6.192815,47.856307],[6.193492,47.856637],[6.194108,47.856723],[6.195578,47.856516],[6.196058,47.856304],[6.196236,47.856018],[6.196713,47.85592],[6.19829,47.85606],[6.200931,47.856019],[6.204214,47.854796],[6.206007,47.854661],[6.207086,47.854191],[6.206884,47.853734],[6.207642,47.853086],[6.208054,47.852998],[6.207896,47.85251],[6.208371,47.852661],[6.208581,47.853036],[6.208506,47.853603],[6.209259,47.854358],[6.209433,47.855477],[6.209714,47.855968],[6.208711,47.856375],[6.208628,47.856647],[6.209819,47.856982],[6.210082,47.857592],[6.209811,47.858234],[6.212181,47.85969],[6.213699,47.861142],[6.21325,47.861418],[6.212692,47.860834],[6.2123,47.860854],[6.210038,47.862344],[6.208095,47.863288],[6.205475,47.864882],[6.203851,47.8692],[6.202089,47.871726],[6.201407,47.87337],[6.198066,47.876181],[6.196343,47.87717],[6.19374,47.878146],[6.19251,47.878931],[6.191557,47.881028],[6.19106,47.881205],[6.191327,47.881835],[6.190309,47.881961],[6.191038,47.883869],[6.189533,47.885021],[6.190068,47.885352],[6.189232,47.885831],[6.189239,47.886255],[6.188769,47.886393],[6.188826,47.886516],[6.186782,47.887135],[6.187085,47.887834],[6.185829,47.888451],[6.185404,47.889567],[6.185706,47.890238],[6.186043,47.890242],[6.186099,47.890833],[6.185545,47.892938],[6.188032,47.89396],[6.189232,47.894829],[6.18932,47.894934],[6.188577,47.89528],[6.189804,47.896226],[6.191682,47.899595],[6.194805,47.901988],[6.19595,47.901729],[6.198863,47.903969],[6.201068,47.905345],[6.201242,47.906176],[6.20161,47.906253],[6.201859,47.906698],[6.202768,47.907432],[6.203526,47.907674],[6.204558,47.907271],[6.205718,47.907225],[6.205975,47.906901],[6.206206,47.907164],[6.207784,47.907156],[6.209455,47.906921],[6.21102,47.906899],[6.211631,47.906706],[6.211768,47.90651],[6.212301,47.907437],[6.213829,47.906462],[6.214131,47.90661],[6.21539,47.909081],[6.216027,47.909706],[6.216755,47.910072],[6.214817,47.912286],[6.214439,47.913053],[6.213942,47.913409],[6.214281,47.915532],[6.214089,47.919409],[6.213771,47.919889],[6.212617,47.920762],[6.21302,47.921887],[6.212655,47.922522],[6.212389,47.924216],[6.212711,47.924994],[6.213387,47.925527],[6.214156,47.926696],[6.214264,47.927867],[6.213944,47.929017],[6.214337,47.930415],[6.214801,47.930865],[6.215987,47.931329],[6.216411,47.932769],[6.21672,47.933199],[6.218793,47.934382],[6.219218,47.935741],[6.225542,47.934921],[6.237983,47.93284],[6.238631,47.933449],[6.239018,47.935958],[6.2387,47.937094],[6.241482,47.938487],[6.242896,47.939475],[6.243243,47.939643],[6.250772,47.939076],[6.250901,47.939231],[6.255091,47.937641],[6.259315,47.935823],[6.261451,47.934052],[6.263626,47.932684],[6.266882,47.929914],[6.268822,47.927809],[6.269956,47.927545],[6.27048,47.926808],[6.270554,47.926241],[6.271906,47.925879],[6.273807,47.925997],[6.275711,47.925234],[6.276886,47.924512],[6.279384,47.926634],[6.280711,47.926202],[6.281837,47.92524],[6.283321,47.924566],[6.285008,47.926294],[6.287954,47.927906],[6.287894,47.928118],[6.287131,47.928652],[6.286775,47.929401],[6.286413,47.92963],[6.284593,47.930002],[6.282551,47.930994],[6.284799,47.932641],[6.285825,47.931502],[6.286929,47.932059],[6.287674,47.931966],[6.288669,47.932775],[6.28899,47.932787],[6.289568,47.933198],[6.289258,47.933673],[6.289467,47.933995],[6.290837,47.934816],[6.290862,47.935177],[6.292056,47.935805],[6.29266,47.93588],[6.293551,47.936275],[6.296636,47.935695],[6.297884,47.935936],[6.297846,47.935767],[6.298757,47.935663],[6.299064,47.936473],[6.298962,47.936812],[6.300338,47.936748],[6.301479,47.937908],[6.301629,47.937406],[6.302746,47.936217],[6.302331,47.935886],[6.303917,47.933908],[6.304574,47.932018],[6.304855,47.928993],[6.306558,47.925355],[6.306933,47.924947],[6.306242,47.924036],[6.30589,47.924294],[6.305641,47.924258],[6.304863,47.922346],[6.304034,47.921531],[6.303408,47.921172],[6.303125,47.920739]]]}},{"type":"Feature","properties":{"uai_primary":"0700894S","uai_all":"0700894S","is_merged":false},"geometry":{"type":"Polygon","coordinates":[[[5.826475,47.704645],[5.826082,47.705289],[5.824899,47.705589],[5.824754,47.70601],[5.823951,47.706231],[5.824337,47.70657],[5.823915,47.706843],[5.824119,47.707642],[5.825468,47.708322],[5.82504,47.708709],[5.825405,47.708949],[5.825101,47.708948],[5.82491,47.70912],[5.825017,47.709452],[5.824092,47.709974],[5.824251,47.710629],[5.824034,47.710973],[5.823596,47.711025],[5.823408,47.71145],[5.823698,47.711604],[5.823676,47.712068],[5.823161,47.711832],[5.823062,47.712142],[5.82259,47.712038],[5.822217,47.712419],[5.822269,47.7127],[5.821497,47.712654],[5.821303,47.712265],[5.82045,47.712065],[5.819606,47.712533],[5.819517,47.71305],[5.819123,47.713152],[5.818957,47.713409],[5.81946,47.713907],[5.818637,47.714997],[5.818437,47.718064],[5.818157,47.719016],[5.818465,47.721026],[5.817005,47.722653],[5.816384,47.723],[5.816082,47.723614],[5.815913,47.725426],[5.817762,47.727842],[5.816223,47.728781],[5.81569,47.729425],[5.818712,47.728362],[5.82001,47.7297],[5.820517,47.72954],[5.82096,47.729909],[5.821462,47.729654],[5.821938,47.730361],[5.82269,47.730012],[5.823132,47.730056],[5.825233,47.731511],[5.826553,47.731042],[5.826885,47.731297],[5.827577,47.73109],[5.829283,47.731692],[5.8296,47.731473],[5.831193,47.732371],[5.832574,47.731605],[5.834177,47.731234],[5.834966,47.731483],[5.839914,47.73519],[5.839873,47.735561],[5.840113,47.735902],[5.840649,47.735722],[5.844135,47.738575],[5.845896,47.738754],[5.845632,47.738263],[5.846084,47.73767],[5.847886,47.736664],[5.847311,47.736057],[5.847693,47.735776],[5.849565,47.73509],[5.852842,47.735118],[5.855138,47.734943],[5.857237,47.7345],[5.859231,47.733672],[5.860598,47.732145],[5.862589,47.731005],[5.864307,47.729737],[5.866971,47.726961],[5.870498,47.726727],[5.873724,47.726885],[5.874263,47.726583],[5.875897,47.726377],[5.877109,47.725677],[5.879022,47.725531],[5.879066,47.724662],[5.880864,47.724739],[5.882541,47.725042],[5.884187,47.72557],[5.884525,47.726092],[5.889335,47.72587],[5.89023,47.726386],[5.890487,47.725876],[5.89068,47.726918],[5.893827,47.726154],[5.895349,47.726303],[5.8986,47.72535],[5.89942,47.726564],[5.901114,47.727778],[5.903164,47.728688],[5.904505,47.728629],[5.905009,47.728382],[5.907049,47.728329],[5.909218,47.728677],[5.910898,47.72616],[5.91217,47.724706],[5.914178,47.72185],[5.916567,47.72112],[5.919776,47.718991],[5.921129,47.718336],[5.926953,47.716151],[5.928592,47.715301],[5.934709,47.713742],[5.9379,47.714076],[5.938723,47.714423],[5.941816,47.715137],[5.944546,47.715509],[5.946944,47.716411],[5.950464,47.716156],[5.953991,47.715133],[5.956733,47.715142],[5.959645,47.714606],[5.962066,47.714488],[5.965909,47.713975],[5.968951,47.713983],[5.970264,47.714316],[5.971498,47.714372],[5.973672,47.713619],[5.975325,47.712309],[5.974889,47.711606],[5.976547,47.711096],[5.980753,47.70894],[5.983135,47.708409],[5.984448,47.707812],[5.98579,47.706942],[5.987173,47.706377],[5.988381,47.706181],[5.989406,47.70641],[5.990591,47.705561],[5.991099,47.705458],[5.99203,47.704647],[5.991849,47.70523],[5.989578,47.706738],[5.991101,47.709649],[5.991434,47.711756],[5.992942,47.712571],[5.995487,47.713307],[5.996604,47.713138],[5.997615,47.713553],[6.000673,47.714295],[6.002176,47.714463],[6.002512,47.71493],[6.006539,47.715886],[6.010113,47.71656],[6.010534,47.715952],[6.014763,47.71701],[6.015873,47.71698],[6.016469,47.717372],[6.016529,47.717689],[6.018742,47.718515],[6.019533,47.717688],[6.022461,47.718105],[6.026234,47.718054],[6.026837,47.71826],[6.027587,47.71886],[6.028779,47.718885],[6.029239,47.715801],[6.030276,47.713583],[6.031513,47.711656],[6.033405,47.709514],[6.034498,47.709084],[6.036327,47.708961],[6.037315,47.708737],[6.037851,47.708522],[6.03908,47.707547],[6.039882,47.7066],[6.039972,47.705023],[6.040184,47.704518],[6.042493,47.701674],[6.043749,47.702418],[6.043583,47.702918],[6.045152,47.703408],[6.045955,47.703772],[6.045903,47.703934],[6.04794,47.704175],[6.048105,47.704939],[6.05052,47.704813],[6.050644,47.705146],[6.051733,47.704999],[6.052082,47.705388],[6.053082,47.705291],[6.05373,47.706187],[6.054099,47.707082],[6.054166,47.70787],[6.055038,47.709771],[6.055139,47.71195],[6.055489,47.712611],[6.057592,47.712466],[6.058308,47.712217],[6.058028,47.711504],[6.058179,47.71076],[6.057987,47.710435],[6.059413,47.709886],[6.060553,47.709039],[6.060719,47.708718],[6.059935,47.708139],[6.060855,47.707633],[6.063806,47.705269],[6.065632,47.704457],[6.066205,47.704041],[6.066474,47.703818],[6.066121,47.703688],[6.06665,47.702893],[6.06744,47.702221],[6.067697,47.702465],[6.068018,47.702317],[6.070047,47.700812],[6.072052,47.699936],[6.072242,47.69885],[6.072946,47.697813],[6.073026,47.696248],[6.077058,47.6947],[6.078952,47.694187],[6.078019,47.693218],[6.078156,47.692561],[6.07747,47.691627],[6.077489,47.690961],[6.077881,47.690712],[6.078378,47.690703],[6.080029,47.691081],[6.080181,47.689719],[6.080894,47.689727],[6.082394,47.690352],[6.083126,47.690277],[6.08372,47.687731],[6.088189,47.687667],[6.0889,47.687329],[6.089948,47.686125],[6.090692,47.686094],[6.091549,47.684272],[6.092224,47.684385],[6.093463,47.683985],[6.094362,47.683506],[6.094784,47.682594],[6.094792,47.682051],[6.094485,47.681476],[6.09604,47.680841],[6.096395,47.681144],[6.096921,47.681037],[6.098539,47.680355],[6.099562,47.679736],[6.099065,47.679302],[6.099241,47.678981],[6.097265,47.67837],[6.096521,47.677268],[6.096896,47.675995],[6.096902,47.67514],[6.096735,47.67465],[6.096253,47.674441],[6.096395,47.671734],[6.096043,47.671476],[6.096388,47.669938],[6.094709,47.669218],[6.094364,47.668801],[6.095601,47.668408],[6.0968,47.667644],[6.097443,47.667211],[6.097759,47.666587],[6.096332,47.664263],[6.095401,47.664293],[6.09466,47.663237],[6.094345,47.662571],[6.095113,47.662097],[6.094063,47.660464],[6.094573,47.660133],[6.094127,47.659472],[6.093408,47.659676],[6.092103,47.657241],[6.092549,47.656011],[6.08981,47.654974],[6.088468,47.654838],[6.088255,47.65561],[6.088573,47.657265],[6.088455,47.657494],[6.088063,47.657597],[6.08762,47.65698],[6.086433,47.657154],[6.086258,47.65752],[6.084678,47.657796],[6.083779,47.658275],[6.083491,47.65986],[6.083194,47.660365],[6.082561,47.660836],[6.081686,47.660728],[6.081294,47.660832],[6.078983,47.662076],[6.079594,47.660346],[6.081019,47.657869],[6.08105,47.657373],[6.078979,47.657304],[6.078369,47.656199],[6.078252,47.655482],[6.078501,47.654304],[6.075569,47.654308],[6.074928,47.653698],[6.071527,47.652727],[6.071895,47.652264],[6.070577,47.651541],[6.070106,47.652412],[6.069406,47.65194],[6.070043,47.651514],[6.069621,47.651212],[6.068258,47.651706],[6.066229,47.650331],[6.063953,47.649233],[6.061841,47.64858],[6.059986,47.647785],[6.059687,47.647299],[6.053095,47.647374],[6.049947,47.647115],[6.048059,47.646815],[6.046293,47.646331],[6.046275,47.646061],[6.043825,47.645329],[6.042952,47.646168],[6.041252,47.645682],[6.040935,47.645917],[6.040107,47.645364],[6.042084,47.644394],[6.0438,47.644052],[6.043735,47.643081],[6.044299,47.642568],[6.043891,47.642446],[6.045929,47.641121],[6.045984,47.640938],[6.045294,47.6406],[6.049521,47.637224],[6.048553,47.635602],[6.051919,47.633411],[6.05446,47.632609],[6.053794,47.629749],[6.052984,47.628649],[6.053258,47.628115],[6.053751,47.627955],[6.053994,47.627197],[6.053685,47.626809],[6.052458,47.626382],[6.051255,47.624326],[6.051644,47.624242],[6.051451,47.62392],[6.051582,47.623703],[6.051969,47.623739],[6.05235,47.623538],[6.052035,47.623054],[6.052412,47.622912],[6.051865,47.622559],[6.051791,47.622176],[6.051398,47.622064],[6.051224,47.621756],[6.051032,47.621786],[6.050838,47.622144],[6.050897,47.622524],[6.050308,47.622287],[6.050098,47.621857],[6.050324,47.621593],[6.049951,47.621274],[6.049459,47.621482],[6.049213,47.621423],[6.049265,47.621234],[6.048757,47.621111],[6.048772,47.620931],[6.04922,47.620855],[6.049361,47.620662],[6.048885,47.62013],[6.048433,47.620138],[6.048286,47.62001],[6.048286,47.619399],[6.048698,47.619215],[6.050365,47.618792],[6.051898,47.618692],[6.05289,47.618316],[6.051048,47.617646],[6.050211,47.617151],[6.048177,47.614654],[6.046853,47.610923],[6.04601,47.607424],[6.046224,47.60727],[6.050714,47.606847],[6.052621,47.606396],[6.052443,47.605706],[6.051635,47.604606],[6.051604,47.604157],[6.052923,47.603979],[6.052449,47.602914],[6.053032,47.601078],[6.052053,47.600681],[6.05134,47.600573],[6.050708,47.597072],[6.051285,47.596738],[6.052591,47.596382],[6.054501,47.596095],[6.054174,47.594911],[6.054515,47.594794],[6.055125,47.59462],[6.055566,47.595161],[6.060563,47.59428],[6.060459,47.593743],[6.061902,47.593531],[6.061788,47.59288],[6.062109,47.592637],[6.062115,47.592404],[6.061624,47.591093],[6.062293,47.589244],[6.062166,47.5877],[6.061495,47.586686],[6.059263,47.587118],[6.058399,47.587146],[6.058382,47.585931],[6.058695,47.584957],[6.059371,47.584541],[6.060961,47.581396],[6.061918,47.580173],[6.062168,47.578245],[6.062601,47.577782],[6.06323,47.577266],[6.066926,47.575887],[6.0698,47.575119],[6.068113,47.572877],[6.065027,47.569471],[6.055703,47.56193],[6.055046,47.561095],[6.054665,47.559673],[6.053615,47.558497],[6.052937,47.558103],[6.052849,47.557367],[6.052071,47.556595],[6.049279,47.554706],[6.048733,47.554499],[6.046786,47.554246],[6.045096,47.55385],[6.044363,47.553829],[6.043774,47.553983],[6.041683,47.553554],[6.039216,47.552657],[6.037425,47.552236],[6.035859,47.551424],[6.034255,47.551029],[6.031693,47.549032],[6.030765,47.548893],[6.029432,47.548307],[6.028446,47.546817],[6.026798,47.546059],[6.026366,47.545578],[6.026335,47.545129],[6.027144,47.544338],[6.021779,47.540816],[6.01681,47.536247],[6.015774,47.535695],[6.014758,47.535411],[6.012376,47.535796],[6.01006,47.53525],[6.008367,47.535567],[6.00726,47.536182],[6.005523,47.537529],[6.001908,47.538765],[5.995629,47.540518],[5.995409,47.539054],[5.992007,47.539546],[5.990483,47.539422],[5.989517,47.539147],[5.987451,47.539217],[5.985664,47.539599],[5.983508,47.535362],[5.982839,47.533358],[5.981223,47.531112],[5.980206,47.530829],[5.979529,47.530903],[5.978447,47.530727],[5.977637,47.530519],[5.977191,47.530053],[5.976511,47.529945],[5.975667,47.530242],[5.974941,47.529984],[5.971808,47.529894],[5.970737,47.529635],[5.96792,47.529875],[5.966684,47.52947],[5.965087,47.529871],[5.964671,47.530118],[5.963865,47.530178],[5.962722,47.53116],[5.962684,47.531533],[5.954473,47.529744],[5.949307,47.528059],[5.94927,47.52752],[5.947728,47.526352],[5.947495,47.525865],[5.947701,47.525378],[5.947375,47.523884],[5.947745,47.523498],[5.949879,47.523373],[5.951276,47.522208],[5.950812,47.521844],[5.951935,47.520774],[5.951924,47.520594],[5.950451,47.519947],[5.949296,47.5191],[5.945568,47.515442],[5.948344,47.514853],[5.948519,47.515329],[5.948888,47.515606],[5.950537,47.51474],[5.950841,47.514081],[5.950102,47.513749],[5.94991,47.513298],[5.949024,47.513405],[5.94856,47.513203],[5.947675,47.513138],[5.94755,47.512924],[5.946494,47.512822],[5.946003,47.512574],[5.945636,47.512691],[5.945167,47.512545],[5.943595,47.513306],[5.943594,47.513896],[5.942599,47.514227],[5.941906,47.51419],[5.941585,47.514432],[5.939278,47.515197],[5.939178,47.514517],[5.939546,47.510987],[5.939191,47.509703],[5.939266,47.509028],[5.939679,47.508612],[5.939614,47.507871],[5.939025,47.508395],[5.93867,47.509449],[5.93654,47.511147],[5.935572,47.51282],[5.934252,47.513557],[5.933505,47.514763],[5.933073,47.517242],[5.932687,47.517865],[5.931213,47.517712],[5.930247,47.516628],[5.929084,47.517096],[5.929984,47.51853],[5.929228,47.519947],[5.9278,47.520623],[5.929091,47.521285],[5.931475,47.519965],[5.933258,47.518352],[5.935195,47.519523],[5.932049,47.521243],[5.930476,47.522767],[5.929106,47.524739],[5.931897,47.526169],[5.932675,47.526865],[5.934132,47.528756],[5.935196,47.528767],[5.936528,47.530753],[5.936981,47.532539],[5.937998,47.533813],[5.938032,47.534574],[5.937555,47.534581],[5.936345,47.534241],[5.935863,47.534366],[5.935392,47.534267],[5.934919,47.534494],[5.933793,47.538491],[5.937074,47.538839],[5.936937,47.539744],[5.937699,47.539847],[5.93752,47.540895],[5.937644,47.542492],[5.93803,47.543806],[5.937793,47.545525],[5.935644,47.547167],[5.938119,47.549341],[5.937347,47.549726],[5.937291,47.549907],[5.93833,47.551437],[5.935524,47.552589],[5.934729,47.552062],[5.933659,47.551954],[5.932628,47.551575],[5.931694,47.550711],[5.930775,47.550874],[5.928991,47.549084],[5.924043,47.553603],[5.923494,47.554341],[5.923232,47.554394],[5.92003,47.553591],[5.920744,47.558928],[5.918778,47.56133],[5.91805,47.563378],[5.91698,47.563276],[5.917831,47.56406],[5.912119,47.566172],[5.89978,47.56187],[5.897264,47.560866],[5.896886,47.561193],[5.896012,47.56104],[5.890355,47.559008],[5.887954,47.55791],[5.885777,47.557166],[5.885038,47.557054],[5.882959,47.557793],[5.88135,47.558607],[5.880723,47.559167],[5.879194,47.561194],[5.878555,47.561574],[5.875556,47.562476],[5.874221,47.563416],[5.872826,47.563209],[5.869894,47.56159],[5.869171,47.560465],[5.868245,47.559547],[5.867412,47.559033],[5.866052,47.558579],[5.864978,47.558431],[5.86233,47.558602],[5.861892,47.560285],[5.861819,47.56186],[5.861101,47.562377],[5.860944,47.562785],[5.86025,47.563346],[5.860644,47.56428],[5.860973,47.567241],[5.860514,47.568335],[5.860697,47.569095],[5.861514,47.570583],[5.859754,47.571991],[5.858426,47.57187],[5.857352,47.571548],[5.856489,47.572077],[5.852969,47.570198],[5.850085,47.569305],[5.845862,47.568667],[5.842727,47.568683],[5.842283,47.568769],[5.840501,47.571285],[5.840419,47.571663],[5.83907,47.572616],[5.838135,47.572929],[5.837524,47.573758],[5.836086,47.574162],[5.8343,47.574305],[5.831441,47.575336],[5.829675,47.575795],[5.828485,47.575921],[5.828515,47.57637],[5.829191,47.57653],[5.829,47.577276],[5.829734,47.577532],[5.830134,47.577372],[5.832771,47.577274],[5.833303,47.577976],[5.83421,47.580644],[5.834381,47.582313],[5.83477,47.583398],[5.835724,47.584662],[5.836872,47.585562],[5.837641,47.586663],[5.837307,47.587108],[5.836381,47.587308],[5.834366,47.585301],[5.833417,47.584693],[5.832555,47.585207],[5.834695,47.587393],[5.831275,47.587992],[5.831218,47.588128],[5.831551,47.589153],[5.831465,47.589876],[5.83228,47.592147],[5.831277,47.594425],[5.831201,47.595037],[5.831751,47.596121],[5.833188,47.598111],[5.831069,47.599027],[5.824764,47.601332],[5.821527,47.603725],[5.821963,47.605981],[5.822659,47.608162],[5.820745,47.609795],[5.821091,47.610052],[5.821172,47.610488],[5.821988,47.61129],[5.824713,47.613274],[5.827528,47.614974],[5.830847,47.618621],[5.831303,47.61886],[5.832087,47.619075],[5.836551,47.619373],[5.837493,47.619657],[5.840317,47.621133],[5.841563,47.622686],[5.846704,47.62326],[5.850056,47.624473],[5.852022,47.624999],[5.853532,47.625673],[5.854651,47.626494],[5.857094,47.62417],[5.859533,47.625807],[5.862492,47.627247],[5.8673,47.628915],[5.868919,47.629717],[5.871987,47.631722],[5.871095,47.6326],[5.872196,47.636119],[5.873104,47.637682],[5.872831,47.639551],[5.871841,47.641952],[5.868752,47.645683],[5.868286,47.646594],[5.867965,47.647645],[5.867835,47.649783],[5.867985,47.65024],[5.867756,47.650316],[5.866552,47.652243],[5.865075,47.654088],[5.864047,47.65466],[5.862463,47.655878],[5.861863,47.656887],[5.861916,47.657696],[5.8601,47.660451],[5.859736,47.662984],[5.857575,47.66656],[5.855988,47.668769],[5.855946,47.66913],[5.856741,47.671087],[5.857115,47.672696],[5.857093,47.673372],[5.856745,47.674148],[5.856121,47.674797],[5.854951,47.675237],[5.853178,47.675651],[5.852653,47.675922],[5.856336,47.679002],[5.857579,47.680269],[5.856905,47.68058],[5.855054,47.678791],[5.854005,47.678057],[5.853339,47.678077],[5.85046,47.676858],[5.848192,47.676837],[5.847372,47.676547],[5.846704,47.676522],[5.844276,47.67709],[5.843244,47.677085],[5.842505,47.676189],[5.841401,47.675565],[5.840185,47.676718],[5.839038,47.677518],[5.838736,47.677978],[5.838016,47.678179],[5.838392,47.679428],[5.836238,47.679322],[5.836293,47.678528],[5.834215,47.678158],[5.834686,47.677199],[5.83464,47.676525],[5.834276,47.676041],[5.832961,47.675315],[5.829646,47.67456],[5.829596,47.674831],[5.829207,47.674978],[5.829221,47.675203],[5.830222,47.675217],[5.830304,47.675441],[5.830093,47.676302],[5.829785,47.676671],[5.829119,47.676691],[5.828303,47.676446],[5.823401,47.676908],[5.821522,47.676694],[5.820839,47.676444],[5.818129,47.676417],[5.816459,47.679204],[5.816,47.679574],[5.814599,47.680048],[5.8106,47.680182],[5.808228,47.681482],[5.807186,47.681881],[5.806311,47.682596],[5.805645,47.684641],[5.805828,47.6854],[5.807104,47.686315],[5.807476,47.687907],[5.805349,47.690321],[5.805064,47.69105],[5.805154,47.691407],[5.807239,47.693731],[5.810219,47.694008],[5.818324,47.696011],[5.821007,47.697225],[5.822187,47.697497],[5.824465,47.698887],[5.826877,47.699943],[5.827916,47.700726],[5.828097,47.701081],[5.827218,47.701129],[5.82702,47.700965],[5.826462,47.700976],[5.826093,47.701411],[5.825564,47.701483],[5.825558,47.701771],[5.824879,47.701787],[5.825059,47.702202],[5.82477,47.702298],[5.824489,47.703166],[5.824541,47.703446],[5.824893,47.703537],[5.825272,47.70402],[5.826475,47.704645]]]}},{"type":"Feature","properties":{"uai_primary":"0700895T","uai_all":"0700895T","is_merged":false},"geometry":{"type":"Polygon","coordinates":[[[6.752967,47.629155],[6.752075,47.629043],[6.746988,47.630023],[6.743868,47.631049],[6.743104,47.631134],[6.741728,47.630849],[6.740367,47.630774],[6.737588,47.631415],[6.735379,47.632372],[6.733783,47.632474],[6.73336,47.632631],[6.73306,47.633037],[6.732053,47.635482],[6.730524,47.63787],[6.730043,47.638099],[6.728336,47.638093],[6.726095,47.638903],[6.726586,47.639374],[6.727159,47.639484],[6.727006,47.640087],[6.727544,47.640521],[6.727285,47.640917],[6.72696,47.640884],[6.726512,47.641177],[6.726539,47.641317],[6.726886,47.641327],[6.72718,47.641676],[6.727659,47.641615],[6.727292,47.642349],[6.727686,47.642836],[6.728729,47.643046],[6.729144,47.645001],[6.728892,47.645135],[6.728145,47.644987],[6.728162,47.64556],[6.728613,47.645776],[6.728862,47.645717],[6.728153,47.646345],[6.728892,47.646911],[6.728548,47.646956],[6.728066,47.646552],[6.727447,47.646681],[6.727788,47.647341],[6.726613,47.647629],[6.725632,47.647596],[6.723879,47.648083],[6.722473,47.648953],[6.722383,47.650152],[6.721767,47.650485],[6.721996,47.650758],[6.721255,47.651602],[6.720222,47.650923],[6.715837,47.652538],[6.716094,47.655021],[6.716525,47.656063],[6.715879,47.657122],[6.71579,47.657666],[6.715288,47.658046],[6.714638,47.65825],[6.714117,47.658814],[6.711224,47.65995],[6.710851,47.659849],[6.708415,47.660602],[6.707484,47.661053],[6.704956,47.662938],[6.704821,47.663709],[6.706705,47.664214],[6.709941,47.666227],[6.710758,47.66803],[6.711206,47.668405],[6.708955,47.669139],[6.708691,47.668829],[6.707503,47.669112],[6.70478,47.668586],[6.703103,47.668727],[6.702192,47.668636],[6.700577,47.668149],[6.698639,47.667925],[6.695633,47.667116],[6.692776,47.667019],[6.677687,47.665356],[6.679446,47.664029],[6.679545,47.66362],[6.678528,47.661766],[6.674301,47.658996],[6.673801,47.660071],[6.67605,47.663255],[6.676113,47.663602],[6.675726,47.663715],[6.672732,47.663469],[6.671025,47.662945],[6.667931,47.6616],[6.667154,47.662784],[6.665123,47.662536],[6.663259,47.661729],[6.661623,47.661947],[6.660761,47.661005],[6.66037,47.660254],[6.660619,47.658061],[6.660489,47.656885],[6.659382,47.655891],[6.658736,47.654539],[6.659255,47.653522],[6.659009,47.653037],[6.657683,47.65229],[6.657298,47.65138],[6.656773,47.650823],[6.656511,47.649984],[6.654297,47.649236],[6.653687,47.648638],[6.65348,47.648148],[6.651434,47.647596],[6.650234,47.647033],[6.648477,47.644432],[6.645513,47.63721],[6.644411,47.636187],[6.642152,47.635145],[6.636261,47.63555],[6.631188,47.636333],[6.628717,47.636111],[6.627442,47.636346],[6.628671,47.638959],[6.626438,47.640314],[6.626541,47.640571],[6.627707,47.642309],[6.629617,47.643506],[6.630641,47.643772],[6.631644,47.644477],[6.631974,47.645184],[6.63321,47.646676],[6.632335,47.647044],[6.630821,47.648041],[6.629852,47.648416],[6.628079,47.648108],[6.626451,47.648203],[6.624471,47.648439],[6.621893,47.64896],[6.618212,47.650558],[6.620015,47.652258],[6.615709,47.654235],[6.613883,47.655336],[6.612641,47.655741],[6.608872,47.657772],[6.606339,47.658634],[6.605355,47.657648],[6.604959,47.657707],[6.605148,47.658654],[6.605509,47.658999],[6.605181,47.659534],[6.605357,47.659781],[6.606,47.660011],[6.605938,47.661077],[6.606722,47.662458],[6.60595,47.66245],[6.604014,47.662846],[6.603298,47.663526],[6.603037,47.663395],[6.602393,47.663414],[6.601477,47.663628],[6.601283,47.663776],[6.602012,47.664714],[6.601673,47.664862],[6.598024,47.665257],[6.599683,47.667082],[6.599505,47.667303],[6.598837,47.667283],[6.596616,47.667577],[6.596184,47.667756],[6.595834,47.667708],[6.593656,47.668152],[6.593148,47.668385],[6.593868,47.669607],[6.593613,47.671018],[6.593189,47.671956],[6.593026,47.672145],[6.589809,47.673174],[6.589227,47.673524],[6.589053,47.675377],[6.588746,47.675838],[6.587606,47.676452],[6.587599,47.68006],[6.58843,47.681232],[6.593516,47.685955],[6.594659,47.689468],[6.595628,47.690879],[6.596605,47.69436],[6.594945,47.6941],[6.592603,47.692955],[6.590704,47.693201],[6.590425,47.693485],[6.590524,47.693686],[6.589866,47.694141],[6.589705,47.695006],[6.589462,47.694945],[6.589322,47.695674],[6.588769,47.696448],[6.588815,47.696748],[6.587501,47.697515],[6.58709,47.69806],[6.588646,47.69913],[6.59224,47.700581],[6.592974,47.70141],[6.595833,47.702115],[6.596808,47.70262],[6.598545,47.704153],[6.599845,47.704762],[6.60084,47.706525],[6.600693,47.707329],[6.601464,47.708503],[6.601347,47.709351],[6.602573,47.710813],[6.602495,47.711364],[6.601949,47.712024],[6.602786,47.713035],[6.602591,47.714711],[6.602705,47.714931],[6.603585,47.715456],[6.603956,47.716142],[6.604305,47.718019],[6.605143,47.718612],[6.60456,47.721025],[6.605203,47.723778],[6.605361,47.726769],[6.605599,47.727299],[6.606368,47.728453],[6.609622,47.729842],[6.610276,47.730532],[6.611387,47.731183],[6.612757,47.732487],[6.613503,47.732961],[6.613858,47.73363],[6.614311,47.733965],[6.614583,47.73399],[6.615859,47.733378],[6.617703,47.733512],[6.619271,47.734628],[6.620837,47.735369],[6.624334,47.735904],[6.624861,47.73621],[6.624944,47.736433],[6.62657,47.736778],[6.62721,47.737085],[6.629229,47.737187],[6.631799,47.737587],[6.640696,47.739586],[6.641557,47.739335],[6.642137,47.739404],[6.648992,47.740987],[6.655218,47.740378],[6.657141,47.739712],[6.661072,47.738801],[6.662797,47.738647],[6.664564,47.738221],[6.666238,47.738018],[6.666716,47.737603],[6.669913,47.73703],[6.676556,47.737099],[6.677104,47.737455],[6.679019,47.737694],[6.682669,47.737384],[6.68739,47.737455],[6.689539,47.738682],[6.692962,47.739696],[6.694598,47.740891],[6.694397,47.741606],[6.694886,47.745168],[6.6945,47.747268],[6.69486,47.748044],[6.69544,47.748294],[6.696229,47.749064],[6.697334,47.748627],[6.698206,47.748669],[6.700436,47.749092],[6.702712,47.749755],[6.705812,47.751527],[6.707436,47.752027],[6.708459,47.752701],[6.710309,47.752619],[6.712021,47.752067],[6.713365,47.753778],[6.715217,47.755237],[6.715997,47.75616],[6.7173,47.755595],[6.717839,47.755544],[6.719129,47.75621],[6.720246,47.757267],[6.721289,47.757719],[6.721687,47.758126],[6.724014,47.759542],[6.724501,47.760185],[6.725135,47.76238],[6.728137,47.763922],[6.728391,47.764523],[6.729005,47.764561],[6.72886,47.764813],[6.729588,47.765209],[6.729943,47.765768],[6.72997,47.766427],[6.728212,47.768282],[6.72745,47.769433],[6.727801,47.770048],[6.728116,47.770212],[6.728114,47.770681],[6.728724,47.772029],[6.730349,47.773094],[6.731083,47.774012],[6.73277,47.77691],[6.73276,47.77727],[6.733401,47.777209],[6.733254,47.777782],[6.736265,47.777618],[6.738193,47.778155],[6.744774,47.782638],[6.745871,47.783767],[6.746501,47.784914],[6.749159,47.786345],[6.750131,47.78838],[6.750772,47.788851],[6.752257,47.789831],[6.753964,47.790262],[6.756332,47.791371],[6.757261,47.791336],[6.759027,47.792456],[6.761137,47.798268],[6.76457,47.80204],[6.76567,47.802673],[6.76687,47.802678],[6.767518,47.802954],[6.76757,47.803354],[6.768147,47.80423],[6.769018,47.804823],[6.770408,47.805446],[6.77323,47.805608],[6.775898,47.805484],[6.777141,47.805291],[6.779731,47.805694],[6.781324,47.806276],[6.78221,47.807065],[6.783081,47.807443],[6.783801,47.80807],[6.786059,47.810643],[6.787032,47.812354],[6.787082,47.813188],[6.78736,47.813749],[6.788543,47.814449],[6.789505,47.815468],[6.790089,47.81565],[6.792194,47.817064],[6.793727,47.818789],[6.794148,47.819809],[6.793766,47.820048],[6.793551,47.820414],[6.793662,47.820815],[6.792395,47.82223],[6.791525,47.823602],[6.790703,47.82575],[6.790927,47.82921],[6.792137,47.830498],[6.792782,47.829727],[6.799857,47.827839],[6.800292,47.826611],[6.802336,47.825069],[6.803913,47.824206],[6.805616,47.823831],[6.806964,47.822696],[6.808048,47.822069],[6.811209,47.821497],[6.811081,47.819971],[6.813485,47.819157],[6.816337,47.818868],[6.817258,47.818619],[6.819199,47.817466],[6.820365,47.816183],[6.820868,47.815938],[6.820753,47.814873],[6.823608,47.813284],[6.823559,47.812555],[6.823907,47.811145],[6.824936,47.809079],[6.820617,47.807038],[6.820472,47.806909],[6.820652,47.805865],[6.815931,47.800975],[6.814467,47.798528],[6.813536,47.798104],[6.811699,47.797724],[6.81111,47.796246],[6.811564,47.794865],[6.811315,47.794289],[6.808793,47.79371],[6.807963,47.793382],[6.806131,47.79147],[6.803723,47.790661],[6.801584,47.789077],[6.798016,47.787186],[6.796874,47.78633],[6.796096,47.785009],[6.79256,47.785099],[6.785624,47.782076],[6.784701,47.781435],[6.783546,47.778822],[6.780496,47.776228],[6.779528,47.774742],[6.778446,47.770594],[6.775943,47.769429],[6.774794,47.768481],[6.774581,47.766733],[6.772352,47.765647],[6.769404,47.763147],[6.767329,47.760704],[6.765747,47.759367],[6.764407,47.758517],[6.764475,47.75374],[6.764316,47.753432],[6.763035,47.752489],[6.761155,47.75157],[6.760932,47.751308],[6.760846,47.750275],[6.759864,47.748917],[6.757822,47.74772],[6.759583,47.739154],[6.760355,47.737998],[6.760143,47.73706],[6.760491,47.736417],[6.76043,47.732501],[6.761031,47.730091],[6.760552,47.729163],[6.758473,47.72744],[6.757654,47.726436],[6.756623,47.72607],[6.756245,47.725543],[6.756673,47.725077],[6.75662,47.724448],[6.758331,47.723347],[6.75945,47.722359],[6.760991,47.721625],[6.762432,47.720489],[6.763203,47.720144],[6.764845,47.719811],[6.765534,47.71929],[6.766858,47.719149],[6.767628,47.717994],[6.768249,47.71743],[6.76864,47.716514],[6.768947,47.71461],[6.770547,47.713784],[6.771326,47.712719],[6.77257,47.711635],[6.772251,47.711017],[6.772446,47.710153],[6.772061,47.709538],[6.77004,47.707723],[6.770412,47.706583],[6.769937,47.7057],[6.770079,47.703398],[6.769446,47.702382],[6.767609,47.70068],[6.767895,47.69881],[6.766885,47.69835],[6.766303,47.697557],[6.766251,47.696261],[6.766634,47.695636],[6.767275,47.69515],[6.767463,47.694328],[6.76944,47.693369],[6.770383,47.692631],[6.770442,47.692037],[6.769981,47.691396],[6.770065,47.691047],[6.769621,47.690201],[6.76752,47.688946],[6.766342,47.689316],[6.763535,47.688963],[6.761264,47.688876],[6.759479,47.687917],[6.758453,47.687511],[6.757909,47.687513],[6.755999,47.685781],[6.755762,47.68534],[6.755634,47.683813],[6.755254,47.683243],[6.753926,47.682527],[6.753081,47.681697],[6.754775,47.681164],[6.755882,47.681122],[6.756122,47.68094],[6.756922,47.681096],[6.757802,47.68104],[6.760388,47.678828],[6.761695,47.678387],[6.766146,47.678133],[6.766669,47.678233],[6.767757,47.67796],[6.768382,47.678273],[6.769423,47.678084],[6.770203,47.677734],[6.77065,47.677232],[6.771181,47.675979],[6.772356,47.676026],[6.772393,47.675842],[6.778647,47.675865],[6.778581,47.67348],[6.778147,47.672281],[6.776104,47.668575],[6.776129,47.668079],[6.77728,47.665108],[6.781558,47.662637],[6.781891,47.662279],[6.781734,47.660973],[6.782225,47.660401],[6.781564,47.659993],[6.781152,47.658597],[6.779994,47.657407],[6.779552,47.656667],[6.780294,47.656524],[6.780712,47.656733],[6.780908,47.656681],[6.78091,47.655915],[6.781216,47.655588],[6.783629,47.654956],[6.785025,47.654091],[6.786183,47.653597],[6.786751,47.653215],[6.787167,47.652613],[6.787487,47.651655],[6.784144,47.650747],[6.781971,47.649478],[6.778892,47.649327],[6.777201,47.649031],[6.774515,47.648007],[6.772963,47.647594],[6.771008,47.647712],[6.767199,47.649666],[6.765149,47.650115],[6.759144,47.650333],[6.757087,47.650022],[6.756729,47.647325],[6.754661,47.645701],[6.754709,47.645192],[6.75535,47.644369],[6.754646,47.642672],[6.755243,47.64134],[6.756464,47.639992],[6.758952,47.638616],[6.761512,47.637816],[6.761932,47.637857],[6.76197,47.63745],[6.762536,47.636608],[6.763124,47.633153],[6.761935,47.632989],[6.760983,47.632306],[6.759981,47.631975],[6.756696,47.63127],[6.754623,47.630416],[6.752967,47.629155]]]}},{"type":"Feature","properties":{"uai_primary":"0700896U","uai_all":"0700896U","is_merged":false},"geometry":{"type":"Polygon","coordinates":[[[6.339711,47.595799],[6.339385,47.5959],[6.339063,47.596291],[6.338708,47.597217],[6.338447,47.597427],[6.337211,47.597469],[6.335991,47.598212],[6.334826,47.599885],[6.333569,47.600471],[6.334277,47.600797],[6.33439,47.601066],[6.335766,47.602016],[6.333483,47.603264],[6.333777,47.603432],[6.332849,47.604229],[6.332374,47.604193],[6.332553,47.6051],[6.332168,47.60518],[6.33255,47.60617],[6.332353,47.607025],[6.332491,47.607821],[6.332442,47.608095],[6.33195,47.608177],[6.331676,47.609191],[6.332198,47.60927],[6.332422,47.610914],[6.333144,47.611771],[6.331858,47.612532],[6.333759,47.614912],[6.33401,47.616165],[6.335303,47.617627],[6.334922,47.61974],[6.335247,47.620049],[6.335637,47.619954],[6.335412,47.620663],[6.334697,47.620589],[6.333938,47.62171],[6.333972,47.622159],[6.333557,47.62245],[6.335236,47.624224],[6.334468,47.624713],[6.33527,47.626003],[6.337376,47.628079],[6.339458,47.627334],[6.339706,47.627438],[6.339876,47.627244],[6.340245,47.627243],[6.340971,47.626646],[6.341519,47.626852],[6.341813,47.62644],[6.342848,47.626807],[6.344726,47.626966],[6.348116,47.628309],[6.351348,47.628031],[6.354087,47.627588],[6.354849,47.626503],[6.355464,47.626176],[6.356205,47.626039],[6.356898,47.626935],[6.356644,47.62706],[6.35836,47.628898],[6.357772,47.629181],[6.358108,47.629521],[6.358658,47.629902],[6.360437,47.629201],[6.362467,47.631667],[6.3626,47.633419],[6.363407,47.633525],[6.363415,47.634516],[6.363928,47.634658],[6.366619,47.636665],[6.366294,47.636949],[6.367265,47.637675],[6.367466,47.637564],[6.368363,47.638262],[6.371216,47.637677],[6.372868,47.634945],[6.373064,47.633692],[6.374429,47.633909],[6.374914,47.634481],[6.376735,47.634136],[6.376807,47.634357],[6.377765,47.634163],[6.378547,47.634238],[6.379169,47.633972],[6.379088,47.633689],[6.379376,47.633503],[6.378546,47.632511],[6.379601,47.632028],[6.379999,47.631592],[6.381443,47.631063],[6.382248,47.630322],[6.384214,47.630441],[6.384462,47.630236],[6.38589,47.629937],[6.38607,47.630356],[6.386722,47.629527],[6.387403,47.629344],[6.389412,47.630025],[6.390101,47.62976],[6.38994,47.629406],[6.390792,47.629163],[6.390443,47.627211],[6.389964,47.626831],[6.38989,47.62656],[6.388633,47.626509],[6.388437,47.623221],[6.387585,47.621311],[6.385975,47.618753],[6.385953,47.617033],[6.386659,47.616706],[6.387471,47.616928],[6.390007,47.618628],[6.390705,47.618591],[6.391362,47.61798],[6.391943,47.618124],[6.390084,47.615215],[6.391953,47.614946],[6.39189,47.613938],[6.391292,47.613959],[6.390206,47.611069],[6.391697,47.610486],[6.392626,47.609791],[6.392997,47.609102],[6.393954,47.609043],[6.394237,47.609334],[6.396224,47.608788],[6.39843,47.608035],[6.398374,47.607385],[6.398932,47.607191],[6.399075,47.607586],[6.400285,47.607469],[6.402315,47.606421],[6.402722,47.605814],[6.403865,47.605266],[6.404814,47.604435],[6.405937,47.604705],[6.406883,47.604497],[6.407545,47.605399],[6.40967,47.601936],[6.413342,47.601028],[6.417459,47.600884],[6.418602,47.601023],[6.420788,47.601757],[6.422425,47.60256],[6.423656,47.602917],[6.425935,47.603199],[6.4271,47.602391],[6.428735,47.6033],[6.429757,47.603365],[6.431404,47.603004],[6.432826,47.602261],[6.433307,47.601766],[6.434296,47.601642],[6.435002,47.601301],[6.435542,47.600445],[6.436056,47.600402],[6.43577,47.599834],[6.438172,47.600188],[6.438167,47.600622],[6.439264,47.60051],[6.439747,47.600168],[6.440197,47.600333],[6.441319,47.600981],[6.441687,47.601854],[6.443102,47.602726],[6.444305,47.601919],[6.444717,47.602084],[6.444909,47.601987],[6.446738,47.600661],[6.446884,47.599981],[6.447482,47.59996],[6.447834,47.600217],[6.45235,47.600057],[6.455303,47.600358],[6.454782,47.602223],[6.455568,47.60206],[6.456131,47.603301],[6.454694,47.603667],[6.458928,47.610181],[6.461067,47.612481],[6.461047,47.612779],[6.459876,47.612946],[6.459115,47.613623],[6.46206,47.616185],[6.462383,47.616289],[6.463074,47.616216],[6.463878,47.616498],[6.46543,47.616706],[6.466555,47.61662],[6.467526,47.617982],[6.46744,47.61838],[6.469005,47.61886],[6.469278,47.619684],[6.469762,47.620279],[6.470496,47.620644],[6.472102,47.62017],[6.473162,47.620332],[6.473939,47.621779],[6.475011,47.62222],[6.475669,47.622235],[6.476464,47.621986],[6.477075,47.621515],[6.476766,47.620272],[6.477346,47.619509],[6.478358,47.61952],[6.478762,47.619351],[6.478889,47.61884],[6.479913,47.617833],[6.480282,47.615624],[6.480575,47.615108],[6.48241,47.614728],[6.482161,47.614258],[6.484695,47.613173],[6.487275,47.612653],[6.488682,47.612545],[6.490173,47.612041],[6.49068,47.611707],[6.491814,47.60948],[6.491736,47.608737],[6.491946,47.60849],[6.492447,47.608415],[6.494654,47.608863],[6.494792,47.608948],[6.494294,47.609371],[6.494517,47.609968],[6.49507,47.609929],[6.496765,47.610319],[6.496944,47.610898],[6.497921,47.611957],[6.497131,47.612252],[6.495778,47.613867],[6.493395,47.615873],[6.494777,47.616459],[6.495771,47.617297],[6.49531,47.617544],[6.495133,47.617931],[6.494646,47.617821],[6.494776,47.618421],[6.493888,47.618509],[6.495816,47.621161],[6.50339,47.63449],[6.504785,47.63444],[6.505992,47.634988],[6.506819,47.635183],[6.508894,47.635347],[6.510749,47.634845],[6.512136,47.633416],[6.51295,47.633175],[6.513257,47.632319],[6.513273,47.631388],[6.513604,47.631167],[6.513863,47.630243],[6.515967,47.629464],[6.517603,47.629095],[6.518571,47.62845],[6.517025,47.62706],[6.515015,47.624261],[6.51584,47.623119],[6.516153,47.622277],[6.516916,47.622356],[6.520497,47.623424],[6.52178,47.624645],[6.523491,47.625497],[6.524671,47.626749],[6.528348,47.623422],[6.527869,47.623031],[6.527295,47.621651],[6.527407,47.618747],[6.530319,47.616096],[6.531366,47.614833],[6.531487,47.613025],[6.531737,47.612671],[6.532749,47.612604],[6.533332,47.612364],[6.534026,47.612371],[6.534095,47.612086],[6.534512,47.611843],[6.535295,47.610779],[6.5361,47.609173],[6.537181,47.608446],[6.539917,47.60753],[6.547878,47.606627],[6.549781,47.6054],[6.551751,47.60309],[6.558153,47.604558],[6.564306,47.606176],[6.56617,47.605258],[6.568644,47.605767],[6.569635,47.602245],[6.570979,47.601097],[6.573071,47.599832],[6.574434,47.599296],[6.575823,47.599241],[6.577541,47.597714],[6.579069,47.597427],[6.583812,47.598619],[6.585241,47.598567],[6.586763,47.596836],[6.590256,47.596033],[6.593811,47.596353],[6.59518,47.596247],[6.600256,47.594374],[6.602123,47.594235],[6.601974,47.592762],[6.606233,47.578603],[6.60622,47.578423],[6.60478,47.578114],[6.604506,47.578335],[6.603247,47.577945],[6.603269,47.577316],[6.602628,47.576798],[6.600413,47.576051],[6.600969,47.575193],[6.601768,47.574805],[6.602617,47.572944],[6.6025,47.571992],[6.601283,47.571628],[6.601643,47.571159],[6.603939,47.571578],[6.605138,47.569738],[6.605583,47.568652],[6.607772,47.568598],[6.607894,47.567777],[6.609796,47.5677],[6.610698,47.566937],[6.610739,47.566624],[6.610488,47.565295],[6.609502,47.564611],[6.608415,47.564335],[6.608195,47.564073],[6.60816,47.562669],[6.608444,47.56161],[6.607187,47.561073],[6.605843,47.561071],[6.604298,47.560473],[6.603475,47.560573],[6.601999,47.560044],[6.601702,47.560378],[6.599701,47.55938],[6.601036,47.558261],[6.602025,47.556982],[6.602154,47.554576],[6.603395,47.553696],[6.604414,47.553261],[6.604113,47.552197],[6.604696,47.551077],[6.605384,47.55062],[6.605688,47.549943],[6.607813,47.549992],[6.607915,47.548038],[6.603934,47.54681],[6.606695,47.54556],[6.608454,47.544941],[6.60997,47.543614],[6.605344,47.539824],[6.606177,47.539083],[6.607984,47.53812],[6.606431,47.536926],[6.604775,47.537821],[6.601955,47.538432],[6.599465,47.539437],[6.596843,47.541725],[6.596677,47.542115],[6.591319,47.542626],[6.586797,47.542694],[6.584377,47.542876],[6.580735,47.544212],[6.582057,47.542379],[6.581186,47.541739],[6.581864,47.540788],[6.581296,47.540488],[6.58174,47.539941],[6.577477,47.538537],[6.574921,47.538182],[6.575032,47.537942],[6.574451,47.537811],[6.574959,47.537601],[6.57487,47.537438],[6.572037,47.536423],[6.569649,47.534557],[6.567398,47.531737],[6.567636,47.530738],[6.567928,47.530301],[6.56887,47.52999],[6.570239,47.530143],[6.570781,47.530073],[6.57137,47.528323],[6.572734,47.526874],[6.574753,47.5283],[6.575902,47.528803],[6.575304,47.529873],[6.577128,47.529896],[6.581465,47.529429],[6.579215,47.524621],[6.578993,47.523839],[6.57908,47.522744],[6.579812,47.519941],[6.580462,47.518497],[6.582184,47.515739],[6.582836,47.514178],[6.583387,47.51262],[6.583892,47.510009],[6.58156,47.508601],[6.58066,47.508521],[6.579598,47.50873],[6.578749,47.508236],[6.578405,47.506739],[6.57733,47.50491],[6.577316,47.503241],[6.578024,47.500413],[6.577992,47.499853],[6.577387,47.499042],[6.574933,47.49713],[6.573868,47.495955],[6.572558,47.495843],[6.565447,47.496986],[6.565073,47.496917],[6.563876,47.497114],[6.563362,47.496866],[6.560267,47.497232],[6.557799,47.496705],[6.555612,47.495789],[6.556016,47.490528],[6.553914,47.49045],[6.553429,47.492866],[6.547667,47.494409],[6.548097,47.496231],[6.547359,47.496511],[6.547128,47.498258],[6.545585,47.499282],[6.544565,47.499157],[6.544746,47.500491],[6.543642,47.500559],[6.542851,47.500447],[6.538578,47.503351],[6.537251,47.503975],[6.534885,47.504507],[6.535141,47.504925],[6.533581,47.506401],[6.533062,47.506468],[6.532126,47.504923],[6.530444,47.500587],[6.529071,47.500225],[6.527624,47.500155],[6.525416,47.498884],[6.523763,47.498701],[6.523431,47.498301],[6.523513,47.497668],[6.520095,47.49644],[6.515957,47.496693],[6.516147,47.498452],[6.51555,47.498895],[6.51557,47.500204],[6.514397,47.500288],[6.513999,47.49988],[6.513079,47.50023],[6.512672,47.500086],[6.511423,47.500266],[6.509219,47.501013],[6.507493,47.500993],[6.506586,47.501296],[6.50577,47.50191],[6.505293,47.502603],[6.504917,47.503743],[6.504877,47.505288],[6.504698,47.505538],[6.505728,47.508172],[6.500574,47.510249],[6.498952,47.510757],[6.496993,47.506954],[6.496588,47.506879],[6.495897,47.505688],[6.49276,47.503819],[6.489585,47.502311],[6.487429,47.501083],[6.485928,47.49974],[6.484173,47.498542],[6.483235,47.497585],[6.480592,47.49777],[6.479457,47.49772],[6.47824,47.497448],[6.47591,47.496541],[6.475805,47.495193],[6.47614,47.493514],[6.475708,47.49308],[6.476017,47.490232],[6.475543,47.489681],[6.47575,47.488485],[6.4738,47.487338],[6.471515,47.487014],[6.471062,47.487166],[6.47048,47.489078],[6.471247,47.489546],[6.47133,47.489768],[6.469346,47.492451],[6.468805,47.492336],[6.467965,47.494347],[6.468557,47.495136],[6.468312,47.496758],[6.468592,47.498153],[6.467738,47.498273],[6.46714,47.501536],[6.465232,47.501341],[6.465143,47.501653],[6.464285,47.501729],[6.46499,47.504693],[6.464382,47.504768],[6.465435,47.505426],[6.465612,47.505716],[6.463709,47.506935],[6.464501,47.507936],[6.46436,47.508706],[6.461736,47.510016],[6.463495,47.512115],[6.462677,47.512425],[6.460662,47.512441],[6.459606,47.513104],[6.458156,47.513262],[6.454486,47.515092],[6.453373,47.515312],[6.452155,47.516752],[6.45115,47.516652],[6.450017,47.515747],[6.449326,47.515411],[6.445048,47.515112],[6.443621,47.514712],[6.440962,47.514716],[6.440103,47.515648],[6.439779,47.515749],[6.434127,47.515724],[6.43239,47.515973],[6.429263,47.517013],[6.428396,47.517041],[6.427603,47.517441],[6.42694,47.518104],[6.426191,47.518371],[6.425471,47.518156],[6.424873,47.518391],[6.424012,47.518345],[6.423426,47.518627],[6.422945,47.518568],[6.422764,47.518616],[6.422664,47.519265],[6.421319,47.51954],[6.420706,47.519452],[6.419752,47.520173],[6.419393,47.519999],[6.418919,47.520043],[6.41909,47.520436],[6.418478,47.520788],[6.41806,47.520837],[6.417866,47.521139],[6.416706,47.521132],[6.416823,47.520657],[6.416474,47.520016],[6.414852,47.519565],[6.414847,47.519866],[6.413937,47.520301],[6.41149,47.522502],[6.408417,47.521454],[6.401248,47.520379],[6.393519,47.516701],[6.393879,47.516194],[6.392951,47.515122],[6.393379,47.514288],[6.393545,47.512692],[6.392835,47.507719],[6.392455,47.507102],[6.389872,47.505783],[6.389791,47.506159],[6.389022,47.507177],[6.388663,47.508256],[6.387399,47.508095],[6.386157,47.507621],[6.385463,47.508323],[6.38317,47.508237],[6.379725,47.511337],[6.378792,47.511632],[6.377112,47.5118],[6.375711,47.51165],[6.374703,47.511367],[6.373242,47.51142],[6.37224,47.511844],[6.37054,47.512062],[6.369817,47.512384],[6.369108,47.512484],[6.368433,47.512848],[6.368037,47.513605],[6.368722,47.513863],[6.370038,47.514788],[6.371993,47.515656],[6.371712,47.515976],[6.371162,47.516101],[6.370978,47.516596],[6.370635,47.516695],[6.370178,47.517457],[6.368998,47.517937],[6.368059,47.51854],[6.367755,47.519164],[6.366337,47.519946],[6.365555,47.5208],[6.361998,47.519515],[6.359943,47.518541],[6.356138,47.524145],[6.355934,47.525545],[6.351938,47.52723],[6.348288,47.52964],[6.343618,47.533836],[6.341894,47.53424],[6.339614,47.535224],[6.333378,47.539099],[6.331339,47.541859],[6.330906,47.5435],[6.327418,47.544995],[6.327377,47.551239],[6.327114,47.552986],[6.323493,47.567058],[6.324551,47.567739],[6.324072,47.568374],[6.326705,47.572426],[6.327195,47.572846],[6.327617,47.573795],[6.328695,47.574858],[6.329139,47.575584],[6.332067,47.577374],[6.332737,47.577442],[6.332945,47.580042],[6.331906,47.583148],[6.332084,47.583528],[6.332391,47.583641],[6.332392,47.584344],[6.332838,47.584964],[6.33359,47.587004],[6.333292,47.587464],[6.334522,47.588773],[6.337843,47.591315],[6.337814,47.592712],[6.338761,47.593805],[6.339711,47.595799]]]}},{"type":"Feature","properties":{"uai_primary":"0700904C","uai_all":"0700904C","is_merged":false},"geometry":{"type":"Polygon","coordinates":[[[5.602236,47.534151],[5.603233,47.533701],[5.603084,47.533261],[5.60424,47.531937],[5.604252,47.530999],[5.60442,47.531015],[5.604352,47.52963],[5.604135,47.529298],[5.603926,47.529073],[5.602326,47.528359],[5.604769,47.526035],[5.60586,47.525419],[5.60638,47.525224],[5.607704,47.525141],[5.608975,47.525286],[5.610534,47.525782],[5.612122,47.526772],[5.617807,47.529055],[5.619485,47.52868],[5.62058,47.528108],[5.622227,47.526801],[5.621672,47.526412],[5.621723,47.526186],[5.623228,47.524703],[5.625463,47.523244],[5.625801,47.523325],[5.628386,47.522628],[5.627834,47.520878],[5.62968,47.519883],[5.630552,47.519589],[5.630291,47.518002],[5.631082,47.517192],[5.631512,47.516369],[5.633878,47.515662],[5.634225,47.514201],[5.63606,47.513105],[5.636433,47.512664],[5.637043,47.512439],[5.639675,47.512384],[5.640519,47.512235],[5.64076,47.512073],[5.640261,47.511672],[5.641887,47.510711],[5.641961,47.509703],[5.644109,47.509327],[5.644095,47.508781],[5.644824,47.508981],[5.646167,47.508853],[5.648283,47.508124],[5.649171,47.507472],[5.654206,47.505918],[5.655563,47.505254],[5.653777,47.502928],[5.652267,47.500155],[5.652335,47.49857],[5.652782,47.497369],[5.653452,47.496806],[5.657504,47.494711],[5.661413,47.491707],[5.662867,47.490829],[5.666144,47.489903],[5.667408,47.489269],[5.668728,47.487576],[5.669457,47.485587],[5.66956,47.484558],[5.669232,47.48041],[5.668785,47.478427],[5.668268,47.477813],[5.667466,47.477282],[5.663445,47.475884],[5.662445,47.475297],[5.667311,47.472472],[5.667012,47.471661],[5.667241,47.471417],[5.664194,47.470865],[5.664411,47.468861],[5.662795,47.468184],[5.661939,47.46732],[5.661984,47.46691],[5.661713,47.466647],[5.661271,47.466437],[5.66019,47.465427],[5.659588,47.465208],[5.659135,47.464639],[5.658336,47.464514],[5.650809,47.458604],[5.65049,47.458302],[5.650397,47.457324],[5.648302,47.456163],[5.646697,47.455985],[5.635533,47.451443],[5.634951,47.451529],[5.635673,47.453435],[5.635397,47.455298],[5.629244,47.454572],[5.630004,47.45407],[5.630496,47.453506],[5.626684,47.452323],[5.626901,47.451821],[5.62418,47.451599],[5.624443,47.450728],[5.617927,47.451215],[5.614381,47.450079],[5.610854,47.448362],[5.608148,47.44754],[5.607128,47.44649],[5.60187,47.444271],[5.599675,47.444164],[5.598815,47.444578],[5.598155,47.445215],[5.597613,47.445415],[5.597715,47.44593],[5.5969,47.446493],[5.596041,47.4466],[5.595887,47.446369],[5.596047,47.446238],[5.595603,47.446231],[5.594942,47.445891],[5.594591,47.446651],[5.594021,47.446707],[5.593949,47.446897],[5.593351,47.446885],[5.592969,47.446646],[5.592382,47.446692],[5.59168,47.446851],[5.591241,47.447231],[5.590673,47.447194],[5.590489,47.447411],[5.589883,47.44728],[5.590384,47.446055],[5.589844,47.445709],[5.589847,47.445553],[5.588761,47.445842],[5.588967,47.444732],[5.589826,47.444282],[5.589626,47.444093],[5.588876,47.444264],[5.587343,47.444067],[5.58763,47.444489],[5.583049,47.446908],[5.581556,47.44616],[5.581222,47.446124],[5.581037,47.446354],[5.580414,47.446268],[5.579518,47.447322],[5.57624,47.446208],[5.573366,47.448221],[5.56845,47.447736],[5.565658,47.447632],[5.564561,47.447756],[5.562693,47.44851],[5.562098,47.448555],[5.561319,47.448402],[5.557889,47.446419],[5.554946,47.445201],[5.553435,47.443866],[5.552513,47.442398],[5.551995,47.440919],[5.552184,47.438613],[5.551609,47.435942],[5.551811,47.435023],[5.553613,47.431725],[5.553534,47.430842],[5.552828,47.429952],[5.552147,47.429461],[5.5504,47.428887],[5.548547,47.428778],[5.546357,47.429034],[5.544288,47.428678],[5.542907,47.428091],[5.541313,47.426782],[5.540435,47.426351],[5.539338,47.426077],[5.536522,47.426081],[5.53443,47.425848],[5.533354,47.42533],[5.532307,47.424242],[5.532228,47.422888],[5.533252,47.419544],[5.533484,47.419092],[5.53512,47.417598],[5.536589,47.415715],[5.536991,47.415363],[5.538638,47.414601],[5.542007,47.413321],[5.544157,47.412767],[5.542529,47.410087],[5.540827,47.407824],[5.538798,47.406692],[5.537785,47.406371],[5.536001,47.406129],[5.506107,47.40377],[5.505026,47.403627],[5.504587,47.403436],[5.502142,47.40392],[5.501085,47.40388],[5.500414,47.403656],[5.499973,47.403354],[5.499523,47.402619],[5.498405,47.399285],[5.497394,47.397396],[5.49711,47.396461],[5.497051,47.395479],[5.497357,47.394389],[5.49944,47.391179],[5.499344,47.389983],[5.498319,47.38907],[5.497582,47.388709],[5.497207,47.389167],[5.497271,47.389924],[5.497101,47.390206],[5.496798,47.390235],[5.495838,47.389915],[5.494976,47.390087],[5.495029,47.390278],[5.495631,47.390359],[5.495485,47.39071],[5.494596,47.390866],[5.493425,47.390471],[5.493065,47.390538],[5.492717,47.389875],[5.49238,47.389873],[5.492177,47.39002],[5.492453,47.390163],[5.492313,47.390588],[5.491715,47.390235],[5.491563,47.390502],[5.490472,47.390792],[5.490297,47.390587],[5.489535,47.39039],[5.489064,47.390893],[5.487654,47.391067],[5.487249,47.390916],[5.487044,47.391256],[5.486352,47.391472],[5.48588,47.391824],[5.485226,47.391834],[5.484738,47.392665],[5.482265,47.393021],[5.481735,47.392843],[5.481465,47.393062],[5.480856,47.393104],[5.481024,47.393592],[5.480767,47.393795],[5.480905,47.394218],[5.480553,47.394399],[5.480498,47.394711],[5.478751,47.395273],[5.478033,47.395262],[5.47777,47.395606],[5.47638,47.394601],[5.47379,47.394442],[5.472532,47.39415],[5.472113,47.393789],[5.4711,47.391867],[5.470094,47.391572],[5.466952,47.389757],[5.463764,47.388776],[5.463618,47.388352],[5.463872,47.387727],[5.461967,47.387396],[5.460853,47.387391],[5.455968,47.385705],[5.453228,47.384428],[5.452756,47.383344],[5.452442,47.383162],[5.452024,47.383328],[5.451723,47.384082],[5.450709,47.384744],[5.449915,47.386211],[5.44884,47.387175],[5.446632,47.388111],[5.444128,47.388467],[5.442238,47.389637],[5.440497,47.391549],[5.439021,47.392259],[5.438811,47.39253],[5.434774,47.39326],[5.433706,47.393089],[5.433202,47.392696],[5.432328,47.392888],[5.433251,47.393778],[5.433651,47.394559],[5.433209,47.394639],[5.43393,47.396494],[5.434587,47.39645],[5.434957,47.399476],[5.435956,47.402202],[5.435885,47.40282],[5.440404,47.404881],[5.440693,47.404892],[5.443356,47.403899],[5.4441,47.403832],[5.444516,47.404268],[5.443983,47.406638],[5.441413,47.408195],[5.441643,47.408737],[5.441664,47.409951],[5.441867,47.410204],[5.44143,47.411007],[5.439664,47.412024],[5.437108,47.412333],[5.435444,47.413595],[5.435425,47.414215],[5.434808,47.415337],[5.433327,47.416578],[5.432951,47.418469],[5.432504,47.418541],[5.431504,47.420217],[5.430588,47.420967],[5.430374,47.421431],[5.431596,47.42619],[5.431425,47.426413],[5.431329,47.427788],[5.433072,47.430772],[5.432662,47.432003],[5.431871,47.432381],[5.43124,47.43319],[5.430971,47.434627],[5.431069,47.435649],[5.431535,47.436748],[5.43259,47.43817],[5.432463,47.438466],[5.432907,47.438447],[5.433231,47.439839],[5.43493,47.442191],[5.438128,47.444237],[5.440456,47.445116],[5.441024,47.445735],[5.441337,47.446498],[5.441268,47.447002],[5.440577,47.448661],[5.439936,47.449314],[5.439303,47.450393],[5.438768,47.450611],[5.437021,47.450707],[5.435611,47.450446],[5.434268,47.449801],[5.432074,47.448025],[5.429096,47.449671],[5.427677,47.448709],[5.42689,47.448497],[5.426163,47.44931],[5.418055,47.449174],[5.41801,47.450544],[5.418401,47.450796],[5.418441,47.451253],[5.418958,47.451462],[5.41737,47.452616],[5.415526,47.453443],[5.414685,47.454073],[5.412944,47.455959],[5.413877,47.456535],[5.415045,47.457676],[5.415997,47.45822],[5.413774,47.460204],[5.412331,47.461059],[5.409644,47.461633],[5.408625,47.4606],[5.406514,47.4619],[5.39955,47.458806],[5.397213,47.45799],[5.392415,47.454605],[5.388845,47.452882],[5.380588,47.451072],[5.379551,47.450539],[5.379138,47.451556],[5.379297,47.451689],[5.380108,47.451776],[5.380284,47.452949],[5.381186,47.454002],[5.381276,47.454342],[5.383095,47.455163],[5.383807,47.455898],[5.384369,47.457466],[5.385282,47.457906],[5.385299,47.458522],[5.386036,47.458801],[5.386174,47.459015],[5.385084,47.459615],[5.3839,47.460031],[5.381781,47.459542],[5.380891,47.45896],[5.380186,47.458986],[5.379266,47.458793],[5.378994,47.458562],[5.378542,47.458566],[5.378286,47.45898],[5.37848,47.459124],[5.379018,47.459159],[5.379053,47.459284],[5.378919,47.459399],[5.378168,47.459425],[5.377977,47.460176],[5.377328,47.460218],[5.377107,47.459919],[5.376544,47.460049],[5.375775,47.459991],[5.374972,47.46029],[5.372216,47.461992],[5.371865,47.461884],[5.371504,47.462235],[5.370192,47.462654],[5.370067,47.462764],[5.370261,47.463093],[5.369552,47.463284],[5.368574,47.463938],[5.367949,47.464062],[5.367214,47.464436],[5.366965,47.464876],[5.367072,47.465177],[5.367818,47.465276],[5.367805,47.46575],[5.368544,47.466304],[5.368154,47.466648],[5.368207,47.466831],[5.368821,47.4671],[5.370563,47.46666],[5.372135,47.465626],[5.373809,47.465391],[5.3742,47.465136],[5.37572,47.464824],[5.376019,47.464581],[5.376608,47.464475],[5.376666,47.464659],[5.377254,47.46498],[5.377611,47.465623],[5.378109,47.465531],[5.378289,47.465105],[5.379418,47.465267],[5.379646,47.466208],[5.38056,47.466174],[5.381354,47.466445],[5.381468,47.466254],[5.381274,47.465929],[5.382261,47.465811],[5.382757,47.46693],[5.383222,47.467169],[5.385286,47.467221],[5.385843,47.468259],[5.390134,47.470641],[5.391613,47.469457],[5.39363,47.470562],[5.395849,47.472838],[5.397137,47.47188],[5.403387,47.474688],[5.407981,47.477379],[5.40465,47.477379],[5.40201,47.477694],[5.401516,47.477618],[5.400882,47.477219],[5.39951,47.478078],[5.395228,47.480075],[5.395285,47.480342],[5.395078,47.480514],[5.392483,47.481415],[5.39174,47.481369],[5.390618,47.480345],[5.389606,47.480539],[5.388114,47.481205],[5.387573,47.480304],[5.386999,47.480494],[5.387723,47.481402],[5.387461,47.481483],[5.387527,47.481934],[5.388151,47.482821],[5.388133,47.48344],[5.388883,47.484155],[5.389074,47.484589],[5.389014,47.484941],[5.388489,47.485248],[5.38849,47.485403],[5.38934,47.485637],[5.389401,47.486293],[5.390406,47.486761],[5.390558,47.487563],[5.39119,47.488057],[5.391392,47.488559],[5.392523,47.489974],[5.392869,47.490906],[5.393748,47.491179],[5.393522,47.491966],[5.39455,47.492417],[5.394754,47.493119],[5.395752,47.494043],[5.395618,47.495227],[5.397077,47.49577],[5.397284,47.496029],[5.397242,47.496819],[5.398069,47.497505],[5.397953,47.497942],[5.398588,47.498143],[5.398599,47.498458],[5.399205,47.498903],[5.399302,47.499242],[5.404486,47.497481],[5.40551,47.497462],[5.406896,47.497694],[5.407575,47.497027],[5.409709,47.497601],[5.410948,47.497616],[5.412898,47.497477],[5.416568,47.496917],[5.417357,47.497056],[5.419437,47.497036],[5.41998,47.496846],[5.420509,47.496347],[5.42084,47.497346],[5.423208,47.496755],[5.425661,47.496695],[5.427555,47.495676],[5.430461,47.498037],[5.430991,47.497836],[5.431495,47.498249],[5.434643,47.496574],[5.434307,47.496031],[5.435088,47.494686],[5.434532,47.494524],[5.433789,47.495778],[5.429032,47.492563],[5.43228,47.490699],[5.433145,47.49146],[5.433563,47.491265],[5.434202,47.491822],[5.434921,47.491573],[5.436121,47.491771],[5.436442,47.490451],[5.438845,47.492438],[5.44058,47.493637],[5.44431,47.495633],[5.445068,47.495542],[5.447145,47.496409],[5.447584,47.496422],[5.448894,47.497948],[5.448269,47.49831],[5.452198,47.503821],[5.451511,47.504421],[5.452921,47.506431],[5.453882,47.506258],[5.454191,47.506777],[5.456062,47.506015],[5.456187,47.50608],[5.457564,47.509233],[5.458024,47.511092],[5.461337,47.512113],[5.462211,47.512211],[5.462292,47.512991],[5.466395,47.5177],[5.467661,47.519687],[5.467865,47.519697],[5.46802,47.523164],[5.470387,47.525782],[5.470656,47.525819],[5.471682,47.527457],[5.471937,47.52727],[5.476119,47.527202],[5.479853,47.527416],[5.480514,47.527353],[5.482855,47.526479],[5.486405,47.526969],[5.48882,47.532888],[5.490855,47.535396],[5.492065,47.536313],[5.493412,47.538118],[5.495414,47.542162],[5.496862,47.544147],[5.497016,47.545629],[5.496639,47.547124],[5.496504,47.549333],[5.497019,47.55463],[5.496335,47.555414],[5.495976,47.557224],[5.495788,47.55741],[5.494144,47.557724],[5.493693,47.557962],[5.493423,47.559004],[5.492989,47.559556],[5.491769,47.560264],[5.491289,47.563383],[5.491921,47.56395],[5.492649,47.567262],[5.49337,47.568187],[5.493988,47.568531],[5.495202,47.568813],[5.502304,47.569699],[5.502699,47.569644],[5.504348,47.567168],[5.504214,47.564921],[5.505377,47.559893],[5.516111,47.555909],[5.517641,47.55605],[5.520451,47.555716],[5.523934,47.554724],[5.525108,47.554586],[5.529664,47.559048],[5.531851,47.558942],[5.537513,47.559102],[5.538947,47.559737],[5.541512,47.561467],[5.543887,47.562257],[5.547174,47.563045],[5.547351,47.563345],[5.548462,47.563825],[5.548861,47.564228],[5.550656,47.564538],[5.551576,47.565496],[5.554321,47.566055],[5.555331,47.564551],[5.555058,47.563343],[5.554081,47.561479],[5.555061,47.560102],[5.557263,47.560012],[5.559151,47.561021],[5.561662,47.561494],[5.56226,47.561477],[5.56369,47.560942],[5.564196,47.560523],[5.564555,47.559838],[5.564479,47.5575],[5.56545,47.555987],[5.565926,47.553948],[5.564811,47.552],[5.565405,47.551938],[5.566884,47.552212],[5.567804,47.553132],[5.5682,47.553075],[5.569235,47.552597],[5.569772,47.551591],[5.571697,47.551537],[5.573077,47.551274],[5.576915,47.549906],[5.578076,47.549309],[5.579002,47.549295],[5.580181,47.549056],[5.580288,47.548767],[5.580733,47.549082],[5.581371,47.548986],[5.582177,47.548771],[5.58387,47.547903],[5.584806,47.547647],[5.586453,47.547507],[5.58513,47.547191],[5.583447,47.545808],[5.58246,47.54381],[5.589382,47.541771],[5.590589,47.544123],[5.591814,47.544584],[5.592578,47.545102],[5.59291,47.545093],[5.595681,47.542584],[5.596085,47.541583],[5.596906,47.540884],[5.597612,47.53938],[5.598252,47.536821],[5.600687,47.534806],[5.602236,47.534151]]]}},{"type":"Feature","properties":{"uai_primary":"0700925A","uai_all":"0700925A","is_merged":false},"geometry":{"type":"Polygon","coordinates":[[[6.487085,47.736982],[6.486622,47.73738],[6.486724,47.737596],[6.486236,47.738425],[6.485998,47.739805],[6.485476,47.7402],[6.484988,47.74014],[6.483692,47.739493],[6.481886,47.739399],[6.481389,47.739213],[6.48137,47.737471],[6.481212,47.73743],[6.480254,47.737764],[6.480083,47.739618],[6.479277,47.740351],[6.479351,47.740865],[6.479646,47.740997],[6.478873,47.741237],[6.478842,47.741688],[6.476675,47.741816],[6.473288,47.742892],[6.473051,47.743335],[6.471564,47.743363],[6.470989,47.743228],[6.470594,47.743833],[6.469884,47.743731],[6.46962,47.744988],[6.469691,47.74787],[6.470889,47.749978],[6.470869,47.75086],[6.471444,47.751187],[6.472327,47.751479],[6.474263,47.751562],[6.474184,47.752094],[6.474971,47.75264],[6.476252,47.752457],[6.476756,47.752075],[6.478135,47.752296],[6.478076,47.753244],[6.476677,47.753138],[6.475534,47.753413],[6.475817,47.754098],[6.475669,47.754905],[6.476323,47.757131],[6.477212,47.75859],[6.479157,47.758519],[6.479072,47.757441],[6.479531,47.757335],[6.480635,47.757791],[6.480485,47.759282],[6.481078,47.759171],[6.481295,47.759389],[6.481694,47.759374],[6.483299,47.758551],[6.48474,47.758185],[6.485098,47.758488],[6.487474,47.758133],[6.491527,47.761276],[6.491931,47.761306],[6.492848,47.761949],[6.492706,47.762675],[6.501945,47.765084],[6.501294,47.766052],[6.499977,47.765879],[6.493265,47.765811],[6.491672,47.765589],[6.491582,47.766227],[6.490152,47.766729],[6.489091,47.767403],[6.489146,47.767735],[6.4903,47.768934],[6.492303,47.769607],[6.492004,47.769905],[6.492064,47.770668],[6.491685,47.770951],[6.491595,47.771495],[6.491348,47.771774],[6.489943,47.771734],[6.488493,47.773677],[6.487223,47.774533],[6.487083,47.773592],[6.486522,47.773252],[6.485232,47.772982],[6.483626,47.77295],[6.482644,47.773075],[6.481814,47.773399],[6.482094,47.774715],[6.483946,47.776181],[6.484791,47.777592],[6.48483,47.778085],[6.483968,47.778162],[6.483402,47.777777],[6.482697,47.778145],[6.481728,47.778271],[6.48069,47.778163],[6.481097,47.778521],[6.481177,47.780062],[6.481525,47.781086],[6.481303,47.781679],[6.480862,47.78201],[6.480809,47.78261],[6.481568,47.782915],[6.483208,47.782889],[6.48343,47.782994],[6.485208,47.785025],[6.48442,47.786052],[6.487175,47.786658],[6.487514,47.786467],[6.485963,47.785569],[6.485816,47.785123],[6.486888,47.785005],[6.487283,47.784663],[6.487791,47.783474],[6.488745,47.783303],[6.489794,47.783644],[6.490071,47.784873],[6.491322,47.784665],[6.492255,47.785179],[6.492144,47.786156],[6.491611,47.78703],[6.492541,47.787808],[6.493543,47.787817],[6.493253,47.788368],[6.494071,47.788563],[6.494726,47.789261],[6.495603,47.789364],[6.496392,47.790057],[6.497593,47.790014],[6.498886,47.790328],[6.499798,47.790881],[6.500087,47.791996],[6.499248,47.800067],[6.502553,47.799563],[6.504177,47.798109],[6.50526,47.797441],[6.505257,47.79654],[6.50548,47.795992],[6.506006,47.795882],[6.505828,47.795304],[6.506023,47.795251],[6.506814,47.795944],[6.509632,47.797779],[6.510834,47.797781],[6.511315,47.797944],[6.51156,47.797665],[6.511953,47.797561],[6.512753,47.798598],[6.51336,47.798179],[6.513364,47.797358],[6.515772,47.796734],[6.519516,47.798379],[6.519752,47.798992],[6.520556,47.799865],[6.521837,47.799998],[6.523204,47.799544],[6.52414,47.799555],[6.527082,47.800395],[6.526963,47.801435],[6.525916,47.802554],[6.525877,47.802916],[6.528314,47.804947],[6.529611,47.805206],[6.530195,47.805101],[6.530496,47.805305],[6.532678,47.805648],[6.532257,47.80624],[6.532834,47.806454],[6.53369,47.806169],[6.534436,47.80549],[6.535745,47.805983],[6.536009,47.805928],[6.539195,47.803967],[6.539244,47.80374],[6.540074,47.80326],[6.541033,47.80354],[6.542109,47.803637],[6.543976,47.803569],[6.545024,47.803307],[6.548823,47.803169],[6.548759,47.802361],[6.549833,47.802413],[6.550226,47.802308],[6.550575,47.801665],[6.550651,47.800942],[6.551184,47.800922],[6.551917,47.801316],[6.552488,47.801322],[6.552839,47.801624],[6.554489,47.802127],[6.555454,47.802137],[6.556846,47.802747],[6.559936,47.803617],[6.561639,47.804286],[6.563291,47.80437],[6.564145,47.804726],[6.565024,47.805399],[6.565699,47.807093],[6.565141,47.807865],[6.567102,47.809392],[6.567752,47.80949],[6.568448,47.809393],[6.568598,47.809614],[6.569986,47.808682],[6.570505,47.808557],[6.57154,47.809731],[6.573792,47.80947],[6.57495,47.808077],[6.57663,47.80734],[6.576464,47.80694],[6.578539,47.806145],[6.580585,47.806656],[6.580761,47.807189],[6.581376,47.807347],[6.582079,47.809438],[6.582776,47.808963],[6.583062,47.808367],[6.583729,47.808343],[6.583848,47.808158],[6.584399,47.808363],[6.584432,47.808767],[6.585169,47.808785],[6.587304,47.809274],[6.587506,47.808782],[6.587287,47.80758],[6.586679,47.807008],[6.585993,47.807121],[6.585936,47.806942],[6.585471,47.806879],[6.585024,47.806186],[6.584708,47.806153],[6.584665,47.805834],[6.585284,47.805188],[6.586526,47.805657],[6.590387,47.806347],[6.591779,47.806203],[6.591662,47.807243],[6.593783,47.807841],[6.593813,47.809056],[6.595331,47.809631],[6.599136,47.810392],[6.600921,47.810146],[6.601483,47.810196],[6.602308,47.810549],[6.602678,47.810923],[6.603057,47.810805],[6.605507,47.811786],[6.605652,47.81245],[6.607116,47.812352],[6.608047,47.813128],[6.609368,47.813755],[6.611085,47.814323],[6.614412,47.814993],[6.616051,47.815895],[6.617494,47.816443],[6.617606,47.816816],[6.617903,47.817028],[6.619757,47.817794],[6.619961,47.817552],[6.621451,47.817362],[6.622603,47.817928],[6.622761,47.818166],[6.62248,47.818872],[6.622681,47.818959],[6.624041,47.818792],[6.625007,47.819229],[6.626219,47.817911],[6.627208,47.817739],[6.62759,47.8175],[6.627685,47.817856],[6.628781,47.818176],[6.629077,47.81896],[6.629003,47.819716],[6.629365,47.819925],[6.629309,47.820851],[6.628684,47.821107],[6.627982,47.822083],[6.626704,47.822729],[6.628417,47.823897],[6.629161,47.823882],[6.629986,47.82363],[6.629979,47.823186],[6.630855,47.822123],[6.631947,47.821752],[6.632746,47.821723],[6.63338,47.822105],[6.633361,47.822692],[6.632748,47.823389],[6.633033,47.823604],[6.633797,47.823936],[6.634529,47.823909],[6.634912,47.82367],[6.635985,47.82372],[6.635941,47.823992],[6.635499,47.824323],[6.635651,47.824543],[6.636768,47.825133],[6.639449,47.826024],[6.639264,47.826211],[6.638593,47.826192],[6.638079,47.826435],[6.637283,47.82651],[6.637062,47.827209],[6.636599,47.827306],[6.63401,47.826934],[6.633455,47.827483],[6.632441,47.827927],[6.632042,47.828472],[6.631121,47.829168],[6.628466,47.829842],[6.629416,47.830942],[6.629318,47.831334],[6.628877,47.831964],[6.628419,47.831993],[6.627958,47.832295],[6.626989,47.832585],[6.627019,47.832908],[6.62651,47.833681],[6.627404,47.834331],[6.62641,47.835106],[6.627376,47.835476],[6.628862,47.835646],[6.628565,47.836108],[6.629263,47.837298],[6.632676,47.837307],[6.635779,47.837644],[6.637284,47.838038],[6.637486,47.838886],[6.641546,47.839269],[6.641664,47.839025],[6.642319,47.838623],[6.642984,47.83846],[6.6435,47.838007],[6.644893,47.837919],[6.646033,47.838142],[6.645784,47.838896],[6.646441,47.839002],[6.647124,47.838703],[6.647899,47.838711],[6.648015,47.839219],[6.649041,47.839496],[6.64876,47.841803],[6.64802,47.84174],[6.647578,47.842313],[6.645753,47.842789],[6.644811,47.84258],[6.643328,47.843265],[6.642775,47.84387],[6.643662,47.845729],[6.645343,47.847468],[6.645428,47.84769],[6.644937,47.848249],[6.645972,47.849824],[6.646911,47.849799],[6.64614,47.850953],[6.64751,47.851038],[6.648026,47.851478],[6.648324,47.851527],[6.649119,47.851141],[6.650415,47.85122],[6.652179,47.85088],[6.652557,47.851121],[6.653448,47.851025],[6.654278,47.851415],[6.655223,47.851198],[6.655729,47.851411],[6.656546,47.851472],[6.657965,47.850743],[6.659225,47.85041],[6.66547,47.849785],[6.666914,47.850273],[6.667985,47.850278],[6.670516,47.850949],[6.671498,47.851498],[6.672947,47.851219],[6.676704,47.850854],[6.676802,47.851532],[6.679127,47.85153],[6.681269,47.852351],[6.682492,47.852576],[6.684131,47.85343],[6.686056,47.853774],[6.686417,47.854222],[6.685885,47.854791],[6.686167,47.85496],[6.686979,47.855066],[6.687576,47.854998],[6.687697,47.854858],[6.689254,47.85507],[6.691693,47.857051],[6.693202,47.857901],[6.693332,47.859278],[6.693933,47.859423],[6.69437,47.859744],[6.694894,47.860674],[6.695668,47.861451],[6.69654,47.863085],[6.698334,47.863606],[6.698654,47.863853],[6.699755,47.866337],[6.70098,47.866819],[6.702133,47.867604],[6.704161,47.870474],[6.704055,47.870741],[6.704306,47.870979],[6.703164,47.872688],[6.703317,47.872814],[6.703734,47.87269],[6.703924,47.872839],[6.704711,47.87287],[6.705223,47.873678],[6.706209,47.873964],[6.707046,47.874604],[6.708092,47.874756],[6.708751,47.875415],[6.710404,47.875928],[6.710964,47.875348],[6.713744,47.8745],[6.713999,47.874022],[6.716473,47.873229],[6.719392,47.872708],[6.719824,47.872272],[6.720389,47.872025],[6.720787,47.871532],[6.722624,47.871224],[6.723123,47.870909],[6.723577,47.870296],[6.724396,47.869792],[6.725232,47.869493],[6.727168,47.869508],[6.727632,47.869006],[6.729338,47.868777],[6.730225,47.86793],[6.730718,47.866197],[6.731451,47.866018],[6.732846,47.865371],[6.737184,47.864949],[6.736876,47.864159],[6.736982,47.863478],[6.737579,47.8626],[6.737823,47.861788],[6.737156,47.861192],[6.737221,47.860986],[6.738349,47.861329],[6.739922,47.861196],[6.740492,47.861799],[6.741079,47.861871],[6.743165,47.861281],[6.745241,47.86118],[6.746301,47.860902],[6.747222,47.859788],[6.750038,47.85964],[6.751536,47.859312],[6.753304,47.858687],[6.754716,47.858563],[6.756044,47.85918],[6.760366,47.858602],[6.763884,47.857428],[6.764051,47.854914],[6.764465,47.853457],[6.765201,47.853292],[6.765529,47.853702],[6.766418,47.853608],[6.766621,47.852835],[6.770162,47.851979],[6.77316,47.851821],[6.775324,47.851288],[6.777903,47.850919],[6.779762,47.850758],[6.782616,47.85128],[6.783804,47.850289],[6.784785,47.850027],[6.784948,47.84957],[6.788017,47.845489],[6.789639,47.844887],[6.791148,47.845325],[6.791758,47.844626],[6.790375,47.844093],[6.792225,47.842221],[6.792547,47.840497],[6.791682,47.839765],[6.790658,47.836336],[6.78878,47.83498],[6.788709,47.833844],[6.792137,47.830498],[6.790927,47.82921],[6.790703,47.82575],[6.791525,47.823602],[6.792395,47.82223],[6.793662,47.820815],[6.793551,47.820414],[6.793766,47.820048],[6.794148,47.819809],[6.793727,47.818789],[6.792194,47.817064],[6.790089,47.81565],[6.789505,47.815468],[6.788543,47.814449],[6.78736,47.813749],[6.787082,47.813188],[6.787032,47.812354],[6.786059,47.810643],[6.783081,47.807443],[6.78221,47.807065],[6.781324,47.806276],[6.779731,47.805694],[6.777141,47.805291],[6.775898,47.805484],[6.77323,47.805608],[6.770408,47.805446],[6.769018,47.804823],[6.768147,47.80423],[6.76757,47.803354],[6.767518,47.802954],[6.76687,47.802678],[6.76567,47.802673],[6.76457,47.80204],[6.761137,47.798268],[6.759027,47.792456],[6.757261,47.791336],[6.756332,47.791371],[6.753964,47.790262],[6.752257,47.789831],[6.750772,47.788851],[6.750131,47.78838],[6.749159,47.786345],[6.746501,47.784914],[6.745871,47.783767],[6.744774,47.782638],[6.738193,47.778155],[6.736265,47.777618],[6.733254,47.777782],[6.733401,47.777209],[6.73276,47.77727],[6.73277,47.77691],[6.731083,47.774012],[6.730349,47.773094],[6.728724,47.772029],[6.728114,47.770681],[6.728116,47.770212],[6.727801,47.770048],[6.72745,47.769433],[6.728212,47.768282],[6.72997,47.766427],[6.729943,47.765768],[6.729588,47.765209],[6.72886,47.764813],[6.729005,47.764561],[6.728391,47.764523],[6.728137,47.763922],[6.725135,47.76238],[6.724501,47.760185],[6.724014,47.759542],[6.721687,47.758126],[6.721289,47.757719],[6.720246,47.757267],[6.719129,47.75621],[6.717839,47.755544],[6.7173,47.755595],[6.715997,47.75616],[6.715217,47.755237],[6.713365,47.753778],[6.712021,47.752067],[6.710309,47.752619],[6.708459,47.752701],[6.707436,47.752027],[6.705812,47.751527],[6.702712,47.749755],[6.700436,47.749092],[6.698206,47.748669],[6.697334,47.748627],[6.696229,47.749064],[6.69544,47.748294],[6.69486,47.748044],[6.6945,47.747268],[6.694886,47.745168],[6.694397,47.741606],[6.694598,47.740891],[6.692962,47.739696],[6.689539,47.738682],[6.68739,47.737455],[6.682669,47.737384],[6.679019,47.737694],[6.677104,47.737455],[6.676556,47.737099],[6.669913,47.73703],[6.666716,47.737603],[6.666238,47.738018],[6.664564,47.738221],[6.662797,47.738647],[6.661072,47.738801],[6.657141,47.739712],[6.655218,47.740378],[6.648992,47.740987],[6.642137,47.739404],[6.641557,47.739335],[6.640696,47.739586],[6.631799,47.737587],[6.629229,47.737187],[6.62721,47.737085],[6.62657,47.736778],[6.624944,47.736433],[6.624861,47.73621],[6.624334,47.735904],[6.620837,47.735369],[6.619271,47.734628],[6.617703,47.733512],[6.615859,47.733378],[6.614583,47.73399],[6.614311,47.733965],[6.613858,47.73363],[6.613503,47.732961],[6.612757,47.732487],[6.611387,47.731183],[6.610276,47.730532],[6.609622,47.729842],[6.606368,47.728453],[6.605599,47.727299],[6.605361,47.726769],[6.605203,47.723778],[6.60456,47.721025],[6.605143,47.718612],[6.604305,47.718019],[6.603956,47.716142],[6.603585,47.715456],[6.602705,47.714931],[6.602591,47.714711],[6.602786,47.713035],[6.601949,47.712024],[6.602495,47.711364],[6.602573,47.710813],[6.601347,47.709351],[6.601464,47.708503],[6.600693,47.707329],[6.60084,47.706525],[6.599845,47.704762],[6.598545,47.704153],[6.596808,47.70262],[6.595833,47.702115],[6.592974,47.70141],[6.59224,47.700581],[6.588646,47.69913],[6.58709,47.69806],[6.586259,47.698752],[6.58502,47.698727],[6.584167,47.698894],[6.582894,47.699661],[6.581265,47.699315],[6.580065,47.699665],[6.579059,47.700764],[6.57772,47.70103],[6.575235,47.70066],[6.573905,47.700709],[6.572538,47.700309],[6.570539,47.700336],[6.570056,47.699949],[6.567424,47.698816],[6.565439,47.699945],[6.564374,47.700831],[6.562543,47.701293],[6.562352,47.701903],[6.561438,47.702649],[6.560963,47.702729],[6.55999,47.701891],[6.559272,47.702096],[6.556137,47.701265],[6.554729,47.70118],[6.550811,47.701413],[6.548035,47.700883],[6.546942,47.700238],[6.543624,47.699582],[6.541085,47.69672],[6.539472,47.695835],[6.537998,47.69377],[6.535979,47.692093],[6.536142,47.69191],[6.534843,47.690614],[6.532972,47.690288],[6.532712,47.694155],[6.533008,47.695271],[6.534526,47.697093],[6.534996,47.697977],[6.535246,47.699454],[6.535613,47.699873],[6.535815,47.704116],[6.535223,47.704228],[6.535715,47.705381],[6.535564,47.708047],[6.536237,47.708916],[6.536535,47.709692],[6.5365,47.710223],[6.535065,47.710386],[6.532198,47.710414],[6.531619,47.710194],[6.530368,47.710046],[6.530274,47.709675],[6.528049,47.709622],[6.525587,47.709755],[6.525621,47.709347],[6.524556,47.709386],[6.52346,47.709875],[6.522767,47.709541],[6.522734,47.708281],[6.521663,47.708229],[6.521003,47.708767],[6.520224,47.707406],[6.519273,47.706341],[6.518346,47.706773],[6.516539,47.706702],[6.516125,47.707393],[6.514903,47.707121],[6.514704,47.707984],[6.513566,47.707934],[6.514001,47.709225],[6.513467,47.709701],[6.511891,47.709779],[6.51088,47.709424],[6.511069,47.710292],[6.510636,47.71072],[6.509,47.711546],[6.508498,47.711581],[6.505954,47.710636],[6.505291,47.710194],[6.503269,47.710195],[6.501841,47.710711],[6.500756,47.710155],[6.499806,47.709911],[6.499873,47.710885],[6.50051,47.710993],[6.500753,47.711885],[6.49919,47.712055],[6.498943,47.712311],[6.499259,47.713873],[6.499579,47.71408],[6.499749,47.714572],[6.499154,47.714589],[6.49884,47.714237],[6.498254,47.714182],[6.497648,47.714342],[6.497624,47.716477],[6.497974,47.716689],[6.500177,47.7167],[6.49994,47.717925],[6.499242,47.718401],[6.498775,47.719227],[6.497907,47.719452],[6.497475,47.719341],[6.496926,47.71942],[6.495153,47.720472],[6.494496,47.721259],[6.489927,47.721713],[6.487725,47.722492],[6.486724,47.723029],[6.486151,47.723076],[6.483639,47.723957],[6.482993,47.725644],[6.483099,47.726992],[6.484134,47.729972],[6.484487,47.73023],[6.485153,47.732773],[6.48452,47.734912],[6.484814,47.735262],[6.485364,47.735467],[6.486902,47.735502],[6.487085,47.736982]]]}},{"type":"Feature","properties":{"uai_primary":"0701036W","uai_all":"0701036W","is_merged":false},"geometry":{"type":"Polygon","coordinates":[[[6.050825,47.622544],[6.050838,47.622144],[6.051032,47.621786],[6.051224,47.621756],[6.051398,47.622064],[6.051791,47.622176],[6.051865,47.622559],[6.052431,47.622954],[6.052035,47.623054],[6.05235,47.623538],[6.051969,47.623739],[6.051582,47.623703],[6.051451,47.62392],[6.051644,47.624242],[6.05134,47.624218],[6.051267,47.624363],[6.052458,47.626382],[6.053685,47.626809],[6.053994,47.627197],[6.053751,47.627955],[6.053258,47.628115],[6.052984,47.628649],[6.053794,47.629749],[6.05446,47.632609],[6.051919,47.633411],[6.048553,47.635602],[6.049521,47.637224],[6.045294,47.6406],[6.045984,47.640938],[6.045929,47.641121],[6.043891,47.642446],[6.044299,47.642568],[6.043735,47.643081],[6.0438,47.644052],[6.042084,47.644394],[6.040107,47.645364],[6.040935,47.645917],[6.041252,47.645682],[6.042952,47.646168],[6.043825,47.645329],[6.046275,47.646061],[6.046293,47.646331],[6.048059,47.646815],[6.049947,47.647115],[6.053095,47.647374],[6.059687,47.647299],[6.059986,47.647785],[6.061841,47.64858],[6.063953,47.649233],[6.066229,47.650331],[6.068258,47.651706],[6.069621,47.651212],[6.070043,47.651514],[6.069406,47.65194],[6.070106,47.652412],[6.070577,47.651541],[6.071895,47.652264],[6.071527,47.652727],[6.074928,47.653698],[6.075569,47.654308],[6.078501,47.654304],[6.078252,47.655482],[6.078369,47.656199],[6.078979,47.657304],[6.08105,47.657373],[6.081019,47.657869],[6.079594,47.660346],[6.078983,47.662076],[6.079245,47.662023],[6.081294,47.660832],[6.081686,47.660728],[6.082561,47.660836],[6.083194,47.660365],[6.083491,47.65986],[6.083779,47.658275],[6.084678,47.657796],[6.086258,47.65752],[6.086433,47.657154],[6.08762,47.65698],[6.088063,47.657597],[6.088455,47.657494],[6.088573,47.657265],[6.088255,47.65561],[6.088468,47.654838],[6.08981,47.654974],[6.092549,47.656011],[6.092722,47.655646],[6.095914,47.656488],[6.09618,47.656479],[6.096243,47.654542],[6.09858,47.654601],[6.098805,47.652647],[6.099282,47.651447],[6.098797,47.651082],[6.098056,47.650971],[6.098777,47.648589],[6.098725,47.648203],[6.09865,47.648071],[6.097368,47.647885],[6.097532,47.64737],[6.097712,47.646934],[6.098627,47.64681],[6.100462,47.645677],[6.101313,47.646367],[6.101608,47.646888],[6.10438,47.646481],[6.102591,47.644094],[6.102838,47.642893],[6.103133,47.64269],[6.104016,47.642546],[6.105433,47.642594],[6.106388,47.642848],[6.112647,47.642529],[6.112983,47.639772],[6.127122,47.640932],[6.127965,47.636234],[6.128546,47.635985],[6.129052,47.635984],[6.129437,47.63677],[6.129814,47.636844],[6.130431,47.635887],[6.130298,47.63523],[6.130526,47.635029],[6.130739,47.635115],[6.13087,47.635667],[6.131421,47.635839],[6.131817,47.635782],[6.132104,47.635142],[6.131552,47.632999],[6.131263,47.632693],[6.131687,47.632094],[6.132111,47.63244],[6.132229,47.633157],[6.132435,47.63324],[6.133083,47.632994],[6.133571,47.633293],[6.134039,47.633322],[6.134229,47.633181],[6.134257,47.63264],[6.133497,47.632259],[6.133547,47.632033],[6.134,47.631838],[6.133862,47.630852],[6.132783,47.630662],[6.132834,47.630435],[6.133089,47.630292],[6.134292,47.630343],[6.134735,47.630013],[6.135067,47.630002],[6.135631,47.630434],[6.135897,47.630425],[6.136008,47.630107],[6.135915,47.62975],[6.135566,47.629536],[6.134517,47.62975],[6.133916,47.629725],[6.133577,47.629646],[6.133537,47.629355],[6.135766,47.62833],[6.137165,47.626917],[6.13966,47.625029],[6.141587,47.623049],[6.142387,47.621233],[6.142007,47.621071],[6.142388,47.619714],[6.142289,47.619256],[6.141838,47.619291],[6.142021,47.618843],[6.142364,47.618571],[6.14757,47.61738],[6.147454,47.617188],[6.147028,47.617247],[6.145569,47.616267],[6.145528,47.615492],[6.144978,47.614735],[6.148223,47.613969],[6.150707,47.613175],[6.150314,47.612864],[6.150326,47.612639],[6.148265,47.610841],[6.148444,47.610239],[6.147957,47.610066],[6.148354,47.609092],[6.151072,47.608947],[6.150602,47.605181],[6.151742,47.604377],[6.151231,47.602989],[6.151453,47.602011],[6.151132,47.600653],[6.150382,47.598865],[6.149001,47.596497],[6.150836,47.594764],[6.151178,47.593698],[6.151586,47.593268],[6.152253,47.592925],[6.154706,47.592318],[6.157639,47.591991],[6.156853,47.591197],[6.156823,47.590793],[6.156253,47.590271],[6.153271,47.585822],[6.151223,47.586025],[6.150215,47.585877],[6.151066,47.583824],[6.150142,47.582098],[6.149675,47.582068],[6.149279,47.58118],[6.14658,47.579738],[6.14523,47.579467],[6.137378,47.57918],[6.137477,47.577573],[6.134124,47.57677],[6.129887,47.576142],[6.127607,47.575902],[6.124614,47.57591],[6.122723,47.575521],[6.121424,47.575023],[6.121001,47.574485],[6.120513,47.574377],[6.118979,47.573392],[6.11712,47.572507],[6.116277,47.570013],[6.116304,47.566636],[6.116625,47.56649],[6.116353,47.561727],[6.114611,47.560612],[6.113757,47.559829],[6.112966,47.558054],[6.11288,47.556841],[6.112078,47.554931],[6.11124,47.553428],[6.110513,47.552551],[6.109097,47.551337],[6.107505,47.550443],[6.105861,47.549776],[6.103626,47.548273],[6.10174,47.547619],[6.101324,47.54732],[6.097088,47.542815],[6.096496,47.541778],[6.093692,47.538884],[6.092643,47.538046],[6.09202,47.537648],[6.086607,47.536082],[6.085027,47.535368],[6.08281,47.533904],[6.083937,47.532161],[6.084685,47.530516],[6.085039,47.528929],[6.084944,47.526636],[6.084719,47.526284],[6.081441,47.524093],[6.08087,47.523526],[6.078933,47.519949],[6.079113,47.51935],[6.080321,47.51737],[6.082132,47.515966],[6.082011,47.514997],[6.082478,47.511569],[6.082345,47.51112],[6.082792,47.509329],[6.082299,47.507762],[6.081388,47.506421],[6.079783,47.504981],[6.075643,47.503573],[6.070554,47.498392],[6.068503,47.497901],[6.068015,47.497876],[6.063641,47.49905],[6.060955,47.50017],[6.052875,47.502753],[6.041771,47.507806],[6.037899,47.509031],[6.036224,47.509752],[6.033806,47.511254],[6.033113,47.511859],[6.032019,47.513601],[6.030791,47.514523],[6.027901,47.516146],[6.027472,47.516703],[6.025595,47.517997],[6.025505,47.518581],[6.024229,47.519947],[6.022929,47.521715],[6.017471,47.524655],[6.015008,47.525588],[6.012254,47.529007],[6.011609,47.529298],[6.010813,47.529324],[6.008269,47.529043],[6.008218,47.529271],[6.00851,47.529666],[6.008345,47.530166],[6.007912,47.530631],[6.007015,47.53111],[6.007115,47.531602],[6.006549,47.532069],[6.005885,47.53209],[6.004876,47.532888],[6.004341,47.533805],[6.003311,47.534288],[6.003071,47.534656],[6.003153,47.534878],[6.001318,47.536795],[6.001526,47.537176],[6.000932,47.537841],[6.000327,47.53788],[5.999837,47.538302],[5.998608,47.538702],[5.997969,47.538692],[5.997486,47.539121],[5.995409,47.539054],[5.995629,47.540518],[6.001908,47.538765],[6.005523,47.537529],[6.007503,47.536016],[6.008367,47.535567],[6.009535,47.535266],[6.01006,47.53525],[6.012376,47.535796],[6.014758,47.535411],[6.015774,47.535695],[6.01681,47.536247],[6.01794,47.537201],[6.01895,47.53834],[6.021779,47.540816],[6.027144,47.544338],[6.026335,47.545129],[6.026366,47.545578],[6.026798,47.546059],[6.028446,47.546817],[6.029432,47.548307],[6.030765,47.548893],[6.031693,47.549032],[6.034255,47.551029],[6.035859,47.551424],[6.037425,47.552236],[6.039216,47.552657],[6.041683,47.553554],[6.043774,47.553983],[6.044363,47.553829],[6.045096,47.55385],[6.046786,47.554246],[6.048733,47.554499],[6.049279,47.554706],[6.052071,47.556595],[6.052849,47.557367],[6.052937,47.558103],[6.053615,47.558497],[6.054665,47.559673],[6.055046,47.561095],[6.055703,47.56193],[6.065027,47.569471],[6.068113,47.572877],[6.0698,47.575119],[6.066926,47.575887],[6.06323,47.577266],[6.062601,47.577782],[6.062168,47.578245],[6.061918,47.580173],[6.060961,47.581396],[6.059371,47.584541],[6.058695,47.584957],[6.058382,47.585931],[6.058399,47.587146],[6.059263,47.587118],[6.061495,47.586686],[6.062166,47.5877],[6.062293,47.589244],[6.061624,47.591093],[6.062115,47.592404],[6.062109,47.592637],[6.061788,47.59288],[6.061902,47.593531],[6.060459,47.593743],[6.060563,47.59428],[6.055566,47.595161],[6.055125,47.59462],[6.054515,47.594794],[6.054174,47.594911],[6.054501,47.596095],[6.052591,47.596382],[6.051285,47.596738],[6.050708,47.597072],[6.05134,47.600573],[6.052053,47.600681],[6.053032,47.601078],[6.052449,47.602914],[6.052923,47.603979],[6.051604,47.604157],[6.051635,47.604606],[6.052443,47.605706],[6.052621,47.606396],[6.050714,47.606847],[6.046224,47.60727],[6.04601,47.607424],[6.046853,47.610923],[6.048177,47.614654],[6.050211,47.617151],[6.051048,47.617646],[6.05289,47.618316],[6.051898,47.618692],[6.050365,47.618792],[6.048286,47.619399],[6.048295,47.620043],[6.048885,47.62013],[6.049361,47.620662],[6.04922,47.620855],[6.048772,47.620931],[6.048757,47.621111],[6.049265,47.621234],[6.049213,47.621423],[6.049459,47.621482],[6.049951,47.621274],[6.050324,47.621593],[6.050098,47.621857],[6.050308,47.622287],[6.050825,47.622544]]]}},{"type":"Feature","properties":{"uai_primary":"0701192R","uai_all":"0701192R","is_merged":false},"geometry":{"type":"Polygon","coordinates":[[[6.287497,47.825654],[6.28869,47.82631],[6.289463,47.826102],[6.290933,47.825145],[6.29212,47.825162],[6.293228,47.824147],[6.293955,47.824615],[6.295268,47.825119],[6.298847,47.825498],[6.300458,47.825807],[6.303554,47.826921],[6.30628,47.827616],[6.307228,47.828006],[6.308124,47.828792],[6.31536,47.830008],[6.319894,47.831935],[6.321868,47.833263],[6.324951,47.833273],[6.326715,47.833135],[6.334256,47.831165],[6.336301,47.831681],[6.33861,47.832776],[6.341404,47.833712],[6.345776,47.834057],[6.350604,47.835106],[6.351294,47.835398],[6.35387,47.837241],[6.355168,47.838702],[6.356969,47.839974],[6.359762,47.840819],[6.363228,47.843032],[6.366898,47.844405],[6.371489,47.846889],[6.372122,47.847366],[6.37547,47.847647],[6.377052,47.850332],[6.377618,47.851657],[6.382537,47.853135],[6.38289,47.852409],[6.382899,47.851255],[6.38364,47.850883],[6.383706,47.849893],[6.383102,47.847154],[6.38278,47.846505],[6.383001,47.84576],[6.382735,47.843498],[6.382832,47.842544],[6.382588,47.841758],[6.383493,47.841158],[6.383797,47.841127],[6.383703,47.841914],[6.38391,47.842187],[6.384578,47.842128],[6.387097,47.842538],[6.393021,47.843825],[6.393358,47.845019],[6.394055,47.845225],[6.395244,47.846505],[6.399591,47.849668],[6.401026,47.849991],[6.40393,47.851661],[6.406606,47.852547],[6.407555,47.853259],[6.407725,47.854535],[6.408753,47.85556],[6.412452,47.858274],[6.413211,47.859278],[6.416348,47.864472],[6.416309,47.864839],[6.415939,47.865275],[6.415994,47.865525],[6.417534,47.865906],[6.419162,47.865871],[6.41953,47.866441],[6.42131,47.867441],[6.422873,47.865932],[6.427797,47.860244],[6.429586,47.854527],[6.430709,47.85292],[6.43252,47.850952],[6.436977,47.847822],[6.443388,47.841971],[6.444291,47.839365],[6.444214,47.838792],[6.444824,47.838094],[6.444995,47.836872],[6.444774,47.836455],[6.44264,47.837212],[6.441519,47.837329],[6.440876,47.837246],[6.439917,47.836588],[6.437075,47.835233],[6.438464,47.833761],[6.439721,47.832798],[6.440847,47.833311],[6.442086,47.833484],[6.44442,47.834326],[6.445918,47.833721],[6.445585,47.832723],[6.445884,47.831765],[6.446325,47.831134],[6.44689,47.830869],[6.446714,47.83051],[6.447124,47.829867],[6.449879,47.826671],[6.4502,47.826832],[6.450264,47.826565],[6.449661,47.826265],[6.449771,47.826146],[6.45193,47.824782],[6.452612,47.824008],[6.452528,47.823624],[6.453194,47.823126],[6.453869,47.822196],[6.454682,47.822093],[6.455983,47.822437],[6.457783,47.821064],[6.458326,47.820363],[6.457787,47.820367],[6.456774,47.81958],[6.45668,47.81898],[6.455716,47.817754],[6.455692,47.817439],[6.457082,47.817255],[6.457194,47.816719],[6.45667,47.816476],[6.455385,47.813176],[6.45391,47.813177],[6.454179,47.812476],[6.453823,47.811547],[6.453884,47.810778],[6.454492,47.810873],[6.454603,47.8103],[6.45503,47.80999],[6.455469,47.809918],[6.45537,47.809153],[6.454568,47.809003],[6.454166,47.808759],[6.454399,47.808226],[6.453988,47.808183],[6.453994,47.807794],[6.45468,47.807435],[6.454514,47.805464],[6.453183,47.803506],[6.452568,47.803081],[6.452735,47.802947],[6.455639,47.803774],[6.456325,47.803358],[6.457499,47.803143],[6.458654,47.802329],[6.459398,47.802148],[6.457361,47.79951],[6.453832,47.798551],[6.453378,47.798128],[6.45229,47.797552],[6.450851,47.796981],[6.450232,47.796423],[6.452505,47.795947],[6.452802,47.795466],[6.452194,47.794842],[6.45228,47.794724],[6.450843,47.793348],[6.451656,47.791899],[6.451401,47.788952],[6.453704,47.788661],[6.454133,47.787571],[6.454989,47.787786],[6.455514,47.78775],[6.456812,47.788896],[6.45696,47.790878],[6.457881,47.791411],[6.460373,47.79217],[6.461232,47.792239],[6.461935,47.792579],[6.467359,47.7938],[6.467085,47.789674],[6.469797,47.790996],[6.470172,47.791409],[6.47156,47.791748],[6.472517,47.791616],[6.475097,47.789073],[6.475672,47.788722],[6.47689,47.788455],[6.477254,47.787992],[6.47685,47.787416],[6.476213,47.787452],[6.475153,47.78676],[6.475016,47.784804],[6.474105,47.782584],[6.474128,47.782429],[6.474546,47.782397],[6.475302,47.781182],[6.475656,47.781089],[6.476142,47.781338],[6.477401,47.781322],[6.478035,47.782415],[6.478841,47.782666],[6.481334,47.782938],[6.484257,47.784072],[6.483208,47.782889],[6.481568,47.782915],[6.480809,47.78261],[6.480862,47.78201],[6.481303,47.781679],[6.481525,47.781086],[6.481177,47.780062],[6.481097,47.778521],[6.48069,47.778163],[6.481728,47.778271],[6.482697,47.778145],[6.483402,47.777777],[6.483968,47.778162],[6.48483,47.778085],[6.484791,47.777592],[6.483946,47.776181],[6.482094,47.774715],[6.481814,47.773399],[6.482644,47.773075],[6.483626,47.77295],[6.485232,47.772982],[6.486522,47.773252],[6.487083,47.773592],[6.487223,47.774533],[6.488493,47.773677],[6.489943,47.771734],[6.491348,47.771774],[6.491685,47.770951],[6.492064,47.770668],[6.492004,47.769905],[6.492303,47.769607],[6.4903,47.768934],[6.489146,47.767735],[6.489091,47.767403],[6.490152,47.766729],[6.491582,47.766227],[6.491672,47.765589],[6.493265,47.765811],[6.499977,47.765879],[6.501294,47.766052],[6.501945,47.765084],[6.492706,47.762675],[6.492848,47.761949],[6.491931,47.761306],[6.491527,47.761276],[6.487474,47.758133],[6.485098,47.758488],[6.48474,47.758185],[6.483299,47.758551],[6.481694,47.759374],[6.481295,47.759389],[6.481078,47.759171],[6.480485,47.759282],[6.480635,47.757791],[6.479531,47.757335],[6.479072,47.757441],[6.479157,47.758519],[6.477212,47.75859],[6.476323,47.757131],[6.475669,47.754905],[6.475817,47.754098],[6.475534,47.753413],[6.476677,47.753138],[6.478076,47.753244],[6.478135,47.752296],[6.476756,47.752075],[6.476252,47.752457],[6.474971,47.75264],[6.474184,47.752094],[6.474263,47.751562],[6.472731,47.752754],[6.472172,47.753483],[6.470933,47.754294],[6.46695,47.754504],[6.467028,47.75489],[6.468467,47.75704],[6.468556,47.759106],[6.467549,47.759109],[6.46662,47.759329],[6.466745,47.76002],[6.462445,47.760869],[6.461967,47.761039],[6.461548,47.76166],[6.460698,47.761205],[6.45862,47.761806],[6.458041,47.762193],[6.458499,47.76261],[6.45737,47.763289],[6.457077,47.763671],[6.458307,47.764217],[6.45935,47.764068],[6.45964,47.764252],[6.459604,47.764707],[6.458127,47.765447],[6.45707,47.766504],[6.456333,47.766596],[6.455864,47.766246],[6.455109,47.766171],[6.454298,47.767256],[6.454508,47.767637],[6.454115,47.767836],[6.453158,47.767054],[6.452127,47.766671],[6.451808,47.766053],[6.448966,47.763938],[6.446047,47.762666],[6.445031,47.761541],[6.442576,47.760445],[6.441217,47.760915],[6.440862,47.759839],[6.437065,47.758252],[6.435511,47.758892],[6.434144,47.757635],[6.434124,47.757365],[6.434689,47.756895],[6.435148,47.756788],[6.436034,47.757028],[6.437187,47.756837],[6.438391,47.756425],[6.439674,47.755728],[6.440246,47.754493],[6.439447,47.754321],[6.439727,47.753836],[6.440501,47.75377],[6.441397,47.752545],[6.442316,47.751981],[6.442333,47.751219],[6.442593,47.75083],[6.440618,47.750323],[6.440282,47.749943],[6.440742,47.74944],[6.440261,47.749228],[6.440158,47.748192],[6.441448,47.748065],[6.440968,47.746587],[6.440337,47.746472],[6.440278,47.746296],[6.439257,47.746119],[6.437598,47.74531],[6.435181,47.744567],[6.433504,47.744575],[6.431803,47.74431],[6.430927,47.744538],[6.429186,47.744663],[6.428341,47.745094],[6.427074,47.745286],[6.426039,47.745661],[6.424887,47.746686],[6.424429,47.746669],[6.424172,47.747124],[6.423693,47.74704],[6.423735,47.74726],[6.423297,47.747433],[6.423422,47.747595],[6.423216,47.748148],[6.422154,47.74839],[6.421824,47.747692],[6.420929,47.747336],[6.420489,47.746811],[6.420621,47.745675],[6.420387,47.745282],[6.41964,47.744855],[6.419874,47.74422],[6.419759,47.743878],[6.418048,47.742863],[6.418223,47.742524],[6.416628,47.741823],[6.417379,47.741112],[6.417366,47.740933],[6.414623,47.739646],[6.415468,47.738838],[6.415818,47.737752],[6.417032,47.737623],[6.417023,47.737405],[6.415879,47.73549],[6.414257,47.735802],[6.41386,47.735746],[6.415192,47.734389],[6.412843,47.733256],[6.414064,47.732344],[6.410593,47.73143],[6.408978,47.731586],[6.407092,47.731051],[6.408344,47.729463],[6.408562,47.728715],[6.408346,47.728685],[6.409446,47.726486],[6.408065,47.726276],[6.406539,47.726401],[6.40666,47.725789],[6.406095,47.725742],[6.404563,47.726455],[6.40388,47.72614],[6.403414,47.726156],[6.402901,47.726496],[6.401298,47.726755],[6.400219,47.726308],[6.399346,47.727676],[6.399317,47.728134],[6.398414,47.727928],[6.397164,47.72735],[6.395967,47.728363],[6.394886,47.728913],[6.394938,47.729048],[6.394743,47.729133],[6.394534,47.728717],[6.393237,47.729213],[6.394471,47.73052],[6.394135,47.730678],[6.393449,47.730241],[6.390373,47.731559],[6.389539,47.732399],[6.38858,47.732942],[6.388733,47.733152],[6.384907,47.735491],[6.384006,47.735894],[6.383832,47.737085],[6.383388,47.73658],[6.382075,47.735739],[6.380791,47.735832],[6.38188,47.736948],[6.381899,47.737155],[6.381398,47.737349],[6.380524,47.736919],[6.379026,47.736622],[6.378594,47.736673],[6.377946,47.737097],[6.376482,47.735886],[6.374063,47.732988],[6.372794,47.733157],[6.372182,47.733627],[6.370444,47.733657],[6.365751,47.732869],[6.361944,47.73336],[6.358043,47.731015],[6.353498,47.727429],[6.352264,47.724914],[6.350754,47.725893],[6.349749,47.726968],[6.34963,47.72759],[6.348322,47.727946],[6.34781,47.728892],[6.345742,47.729132],[6.344236,47.729919],[6.344224,47.73064],[6.343386,47.731029],[6.338694,47.732452],[6.335123,47.732605],[6.334412,47.733251],[6.33378,47.734656],[6.33093,47.736374],[6.330902,47.73999],[6.330672,47.740514],[6.328948,47.741331],[6.327898,47.740825],[6.327695,47.740889],[6.326597,47.742924],[6.324761,47.744338],[6.323741,47.743172],[6.323265,47.743288],[6.325756,47.745905],[6.325145,47.746012],[6.320802,47.746003],[6.317962,47.746303],[6.314756,47.747207],[6.311204,47.747756],[6.309134,47.747661],[6.307108,47.746545],[6.304244,47.745828],[6.301333,47.74539],[6.298605,47.744774],[6.2967,47.743927],[6.293874,47.744484],[6.2924,47.744479],[6.290985,47.743402],[6.289084,47.743871],[6.288166,47.743936],[6.283874,47.744855],[6.27758,47.745959],[6.271012,47.746035],[6.269197,47.746251],[6.260844,47.746331],[6.25998,47.744139],[6.258548,47.743393],[6.252695,47.742709],[6.251801,47.742784],[6.248015,47.741606],[6.246145,47.742104],[6.244139,47.742247],[6.241929,47.741905],[6.240154,47.741398],[6.236544,47.741084],[6.235371,47.740678],[6.23387,47.742285],[6.233472,47.742601],[6.232659,47.742879],[6.229826,47.747758],[6.223661,47.749978],[6.222734,47.750529],[6.224014,47.750968],[6.226143,47.751258],[6.226286,47.751389],[6.225306,47.753492],[6.223973,47.754438],[6.223809,47.754938],[6.224205,47.755781],[6.224001,47.757543],[6.222331,47.758454],[6.221687,47.759691],[6.223807,47.761112],[6.22377,47.761565],[6.222905,47.76264],[6.222,47.764284],[6.221558,47.764485],[6.221972,47.766376],[6.222824,47.766831],[6.221851,47.767055],[6.223376,47.76792],[6.221356,47.768564],[6.221568,47.76897],[6.218858,47.771176],[6.218953,47.771578],[6.218277,47.772366],[6.220312,47.773149],[6.220499,47.773494],[6.219814,47.773962],[6.219152,47.774135],[6.218309,47.774072],[6.21746,47.773757],[6.217223,47.774382],[6.217609,47.775379],[6.213507,47.778378],[6.213746,47.778731],[6.212474,47.779696],[6.212444,47.781422],[6.212053,47.781515],[6.212849,47.783384],[6.214983,47.786041],[6.214862,47.788582],[6.214492,47.789694],[6.211971,47.793217],[6.210571,47.794012],[6.210732,47.794311],[6.215623,47.796404],[6.216651,47.795341],[6.217361,47.795277],[6.218107,47.794683],[6.218603,47.79465],[6.218772,47.794462],[6.219746,47.794476],[6.220138,47.794264],[6.220795,47.794257],[6.221953,47.793756],[6.224858,47.794698],[6.225254,47.794603],[6.226832,47.793772],[6.230219,47.789467],[6.230482,47.788912],[6.231459,47.788206],[6.232748,47.787658],[6.235352,47.790211],[6.235652,47.790651],[6.235562,47.791239],[6.235212,47.791926],[6.233355,47.793024],[6.233365,47.793158],[6.234737,47.793272],[6.234931,47.793405],[6.235062,47.793656],[6.234829,47.794264],[6.233625,47.794798],[6.232676,47.794889],[6.231969,47.794737],[6.231031,47.79549],[6.231581,47.795635],[6.231076,47.796325],[6.253866,47.802928],[6.254426,47.802989],[6.255062,47.801982],[6.257133,47.801629],[6.259762,47.8026],[6.266365,47.804285],[6.268876,47.805248],[6.274116,47.806592],[6.274219,47.80639],[6.278678,47.809465],[6.280341,47.811746],[6.282462,47.812953],[6.283669,47.813425],[6.283996,47.813893],[6.284743,47.814374],[6.284726,47.814711],[6.285306,47.815199],[6.28542,47.816179],[6.285648,47.816425],[6.286548,47.816733],[6.287517,47.817403],[6.287708,47.817734],[6.288394,47.817964],[6.288813,47.819621],[6.288132,47.819725],[6.28561,47.820846],[6.283241,47.822253],[6.28531,47.823593],[6.285423,47.823727],[6.284882,47.823894],[6.286345,47.824016],[6.28693,47.824229],[6.287183,47.825625],[6.287497,47.825654]],[[6.457215,47.772245],[6.45591,47.773274],[6.454927,47.773703],[6.452299,47.774308],[6.444206,47.778896],[6.444157,47.779397],[6.444928,47.779553],[6.445982,47.780227],[6.445942,47.78059],[6.445568,47.780918],[6.443863,47.781728],[6.443554,47.78234],[6.44333,47.781492],[6.442335,47.779862],[6.441403,47.779984],[6.438719,47.779734],[6.4356,47.779095],[6.435155,47.779603],[6.431378,47.77952],[6.429514,47.779033],[6.428739,47.778615],[6.42735,47.778175],[6.426463,47.777606],[6.421927,47.775586],[6.420367,47.774727],[6.419432,47.773354],[6.457215,47.772245]]]}}]}