{"type":"FeatureCollection","features":[{"type":"Feature","properties":{"uai_primary":"0760004S","uai_all":"0760004S","is_merged":false},"geometry":{"type":"Polygon","coordinates":[[[1.014158,49.850792],[1.014168,49.850484],[1.01587,49.847995],[1.01802,49.843804],[1.018332,49.843897],[1.0211,49.839621],[1.026079,49.84094],[1.025251,49.842181],[1.029468,49.843278],[1.035314,49.84365],[1.035096,49.84397],[1.036663,49.843765],[1.03746,49.843925],[1.043682,49.846724],[1.045679,49.843527],[1.045747,49.843029],[1.045264,49.842727],[1.045913,49.841349],[1.046702,49.84037],[1.047055,49.84018],[1.047812,49.840426],[1.048161,49.840295],[1.050014,49.837748],[1.050499,49.837831],[1.051424,49.835391],[1.05248,49.835404],[1.05314,49.83506],[1.056456,49.834688],[1.056459,49.833313],[1.055076,49.828836],[1.054667,49.825831],[1.054492,49.821563],[1.054119,49.821257],[1.04473,49.820607],[1.041408,49.826764],[1.036543,49.825679],[1.038306,49.821865],[1.035595,49.821378],[1.033639,49.824636],[1.031902,49.824225],[1.032415,49.823159],[1.014811,49.818904],[1.01541,49.817196],[1.015319,49.816531],[1.015757,49.813476],[1.016157,49.813378],[1.019094,49.813494],[1.025343,49.8125],[1.024359,49.809712],[1.025262,49.808848],[1.027648,49.805889],[1.031892,49.807453],[1.036274,49.800569],[1.038948,49.800809],[1.039059,49.79978],[1.039312,49.79936],[1.043509,49.801092],[1.044366,49.80006],[1.045057,49.800201],[1.045485,49.799757],[1.05155,49.801594],[1.051741,49.801062],[1.052829,49.800683],[1.053916,49.799784],[1.055596,49.798795],[1.05454,49.796776],[1.055785,49.796527],[1.058406,49.796523],[1.060701,49.796227],[1.058168,49.791179],[1.057129,49.789534],[1.055947,49.788651],[1.055507,49.785881],[1.056811,49.785638],[1.056565,49.782502],[1.055216,49.782498],[1.054645,49.779832],[1.054526,49.778497],[1.054714,49.778388],[1.051886,49.778281],[1.049244,49.777925],[1.04707,49.777289],[1.045638,49.777175],[1.038451,49.775522],[1.038681,49.773715],[1.034812,49.772791],[1.035191,49.769337],[1.034516,49.768648],[1.035373,49.767669],[1.034755,49.767393],[1.035052,49.766632],[1.03216,49.765366],[1.034531,49.764612],[1.04146,49.766803],[1.043096,49.765256],[1.044387,49.763342],[1.048683,49.760581],[1.045492,49.760143],[1.043786,49.759361],[1.044141,49.758727],[1.042985,49.757862],[1.041386,49.758069],[1.040853,49.757211],[1.029684,49.755973],[1.01709,49.754842],[1.013993,49.753774],[1.014227,49.753014],[1.013559,49.752065],[1.011551,49.752038],[1.010204,49.751384],[1.008079,49.750666],[1.003485,49.749436],[1.002818,49.749718],[0.998313,49.745982],[0.997173,49.745985],[0.99252,49.743262],[0.996285,49.740366],[0.997376,49.737128],[0.992797,49.733997],[0.994059,49.733331],[0.989792,49.730238],[0.9924,49.728391],[0.986487,49.725165],[0.985108,49.726001],[0.981907,49.724058],[0.981058,49.726679],[0.976297,49.72447],[0.975918,49.724832],[0.971983,49.723848],[0.967382,49.721929],[0.96719,49.721381],[0.966651,49.72133],[0.964734,49.722397],[0.964165,49.723576],[0.963701,49.724017],[0.961028,49.725069],[0.95957,49.725818],[0.957682,49.727143],[0.956596,49.727519],[0.956119,49.72863],[0.956068,49.730111],[0.955538,49.730981],[0.954691,49.731504],[0.954235,49.731606],[0.953135,49.731429],[0.952379,49.73172],[0.950608,49.733177],[0.950351,49.734508],[0.950609,49.73475],[0.950059,49.73528],[0.94958,49.736895],[0.948982,49.736871],[0.948036,49.737743],[0.947532,49.737912],[0.94713,49.737846],[0.945554,49.738478],[0.944696,49.738994],[0.942868,49.738729],[0.942971,49.738492],[0.938902,49.737259],[0.937908,49.736784],[0.937456,49.736246],[0.937034,49.734276],[0.934486,49.732872],[0.933103,49.730835],[0.9277,49.731295],[0.924433,49.730818],[0.918988,49.73266],[0.91851,49.7324],[0.91775,49.732511],[0.915076,49.730546],[0.912743,49.731712],[0.913741,49.733253],[0.913024,49.733334],[0.913914,49.736283],[0.914558,49.736104],[0.915091,49.737637],[0.914586,49.738079],[0.911886,49.738846],[0.911184,49.736922],[0.908575,49.740568],[0.908971,49.740819],[0.906629,49.744026],[0.906458,49.745533],[0.908632,49.746358],[0.910732,49.746432],[0.90683,49.755418],[0.903497,49.754756],[0.903249,49.755287],[0.894032,49.757164],[0.89346,49.755993],[0.887853,49.75744],[0.887036,49.756628],[0.881236,49.757284],[0.881362,49.763124],[0.880968,49.764057],[0.882626,49.76669],[0.883175,49.768757],[0.883771,49.770109],[0.881626,49.770637],[0.882096,49.771657],[0.880362,49.772418],[0.881511,49.774577],[0.882477,49.777003],[0.882908,49.779055],[0.887467,49.778022],[0.888507,49.779708],[0.899146,49.779715],[0.897673,49.775859],[0.90199,49.777833],[0.907559,49.77828],[0.910727,49.778776],[0.912936,49.779679],[0.913052,49.779209],[0.913716,49.779138],[0.918362,49.779699],[0.917653,49.781811],[0.920949,49.782057],[0.92118,49.781219],[0.923207,49.781728],[0.924608,49.782418],[0.926794,49.782921],[0.928529,49.782891],[0.929976,49.782695],[0.932559,49.782732],[0.932362,49.78232],[0.934095,49.78236],[0.934285,49.782947],[0.936769,49.782519],[0.938082,49.783622],[0.938554,49.784595],[0.93796,49.784651],[0.937515,49.785298],[0.937681,49.785333],[0.937943,49.786451],[0.937963,49.788463],[0.937045,49.788481],[0.934268,49.788975],[0.934331,49.78979],[0.932025,49.789791],[0.932034,49.787841],[0.927599,49.788365],[0.911529,49.789485],[0.910657,49.786567],[0.908334,49.787174],[0.905201,49.786987],[0.906415,49.789323],[0.905609,49.789461],[0.908247,49.793892],[0.90805,49.793966],[0.908987,49.795739],[0.909385,49.796956],[0.909639,49.797206],[0.912883,49.79746],[0.91214,49.800331],[0.916593,49.80039],[0.918128,49.800157],[0.921582,49.800007],[0.921597,49.800568],[0.923916,49.80054],[0.923707,49.798732],[0.923954,49.798785],[0.924229,49.797505],[0.925607,49.797415],[0.926318,49.797206],[0.928162,49.797515],[0.929095,49.797519],[0.93193,49.798113],[0.932218,49.797348],[0.933901,49.797598],[0.934049,49.796211],[0.936044,49.796136],[0.936882,49.795984],[0.937566,49.79562],[0.937631,49.795943],[0.940195,49.79537],[0.941222,49.795522],[0.942369,49.795189],[0.942316,49.795755],[0.943608,49.796209],[0.943635,49.797351],[0.944445,49.798711],[0.944702,49.799808],[0.945589,49.798892],[0.946606,49.800596],[0.947887,49.801233],[0.948945,49.802537],[0.950173,49.802151],[0.950809,49.802292],[0.951427,49.803742],[0.951837,49.803775],[0.953537,49.80327],[0.955126,49.803058],[0.958151,49.803387],[0.960358,49.80323],[0.960425,49.803881],[0.963025,49.803794],[0.962447,49.807079],[0.967148,49.804957],[0.967728,49.808128],[0.972696,49.807694],[0.973144,49.810578],[0.973488,49.810672],[0.973548,49.811031],[0.973468,49.814039],[0.973733,49.814491],[0.973708,49.815398],[0.973384,49.817145],[0.972137,49.817029],[0.972129,49.820162],[0.971033,49.820207],[0.971116,49.820982],[0.964848,49.82127],[0.966754,49.828445],[0.970567,49.827989],[0.971314,49.830604],[0.97375,49.830986],[0.972344,49.83417],[0.971144,49.834928],[0.972308,49.835525],[0.97117,49.8365],[0.970596,49.837212],[0.970298,49.837972],[0.970986,49.838249],[0.970759,49.838875],[0.970947,49.839641],[0.973165,49.8398],[0.973919,49.840123],[0.975652,49.840241],[0.97646,49.841193],[0.976295,49.84218],[0.976638,49.842317],[0.976848,49.842275],[0.977002,49.841694],[0.982757,49.843235],[0.981973,49.844715],[0.985117,49.84516],[0.984312,49.848788],[0.988722,49.849487],[0.988503,49.850359],[0.991009,49.850664],[0.992673,49.851089],[0.993522,49.851128],[0.99379,49.850884],[0.995648,49.850808],[0.995855,49.851175],[1.003593,49.850314],[1.003753,49.849955],[1.005093,49.849863],[1.011552,49.852988],[1.01179,49.852211],[1.012401,49.851766],[1.013521,49.851408],[1.014158,49.850792]]]}},{"type":"Feature","properties":{"uai_primary":"0760009X","uai_all":"0760009X","is_merged":false},"geometry":{"type":"Polygon","coordinates":[[[1.679043,49.916706],[1.678673,49.916495],[1.678748,49.915641],[1.678399,49.915551],[1.678517,49.915265],[1.679593,49.914369],[1.679313,49.913749],[1.678777,49.913848],[1.678362,49.913557],[1.67922,49.913371],[1.679764,49.912997],[1.68078,49.912974],[1.681824,49.912203],[1.682543,49.912497],[1.683475,49.911735],[1.683061,49.911341],[1.683183,49.911087],[1.683494,49.910936],[1.684406,49.911017],[1.684616,49.91086],[1.684771,49.910086],[1.684528,49.910158],[1.683933,49.90988],[1.684536,49.909713],[1.684155,49.909378],[1.68422,49.908615],[1.684705,49.908122],[1.684502,49.907902],[1.684896,49.907725],[1.685093,49.907418],[1.68595,49.907591],[1.685759,49.907253],[1.68528,49.907119],[1.685175,49.906756],[1.685553,49.906184],[1.684724,49.905577],[1.68506,49.904331],[1.684825,49.904111],[1.685247,49.903505],[1.685052,49.902817],[1.685224,49.902664],[1.686156,49.903671],[1.68701,49.903406],[1.689022,49.903177],[1.689718,49.90288],[1.690484,49.902293],[1.690614,49.900885],[1.690986,49.900304],[1.690774,49.899531],[1.691767,49.89855],[1.691757,49.896969],[1.692578,49.895954],[1.693278,49.894477],[1.69445,49.894157],[1.694777,49.893651],[1.696251,49.893708],[1.697392,49.892891],[1.697927,49.892726],[1.699742,49.893206],[1.700962,49.892889],[1.702625,49.893222],[1.703173,49.893147],[1.703187,49.892794],[1.703752,49.892496],[1.703776,49.892316],[1.705709,49.89193],[1.705799,49.8915],[1.706157,49.89139],[1.706019,49.89096],[1.706418,49.889893],[1.707012,49.889639],[1.707669,49.889899],[1.708011,49.889823],[1.709208,49.88923],[1.710053,49.889373],[1.710863,49.888471],[1.710812,49.88813],[1.711454,49.887601],[1.712137,49.887912],[1.712346,49.887556],[1.712209,49.887259],[1.712837,49.887297],[1.712744,49.887006],[1.712099,49.886834],[1.712901,49.886032],[1.712115,49.885622],[1.712218,49.884439],[1.7126,49.884101],[1.712242,49.883787],[1.712507,49.883164],[1.711803,49.882965],[1.711656,49.882547],[1.711858,49.882502],[1.711815,49.88228],[1.711188,49.88176],[1.712036,49.881187],[1.711487,49.880735],[1.711575,49.88058],[1.71188,49.880559],[1.711872,49.88032],[1.712258,49.880025],[1.713576,49.877498],[1.714042,49.877056],[1.714054,49.876412],[1.714303,49.876028],[1.713398,49.875628],[1.713179,49.875307],[1.712645,49.87534],[1.71217,49.875577],[1.712023,49.874739],[1.71156,49.874517],[1.711441,49.873838],[1.71184,49.873445],[1.711843,49.8726],[1.71232,49.87228],[1.71211,49.871612],[1.71274,49.870911],[1.712724,49.870214],[1.713156,49.869854],[1.713745,49.869689],[1.713778,49.869541],[1.713469,49.869391],[1.713499,49.869126],[1.714172,49.868856],[1.714455,49.86849],[1.714516,49.867789],[1.714853,49.867299],[1.714662,49.86685],[1.714902,49.866049],[1.715858,49.865264],[1.716737,49.865572],[1.717988,49.865592],[1.718507,49.865784],[1.719126,49.864984],[1.720074,49.862505],[1.720043,49.861855],[1.717318,49.861497],[1.717568,49.861103],[1.716776,49.860976],[1.715513,49.859932],[1.715184,49.859417],[1.715443,49.858442],[1.707175,49.858495],[1.706404,49.856745],[1.703498,49.855023],[1.703024,49.854445],[1.698627,49.855171],[1.69739,49.854078],[1.694338,49.853793],[1.691903,49.854184],[1.69107,49.854179],[1.690428,49.853931],[1.689615,49.853902],[1.689543,49.854171],[1.684601,49.853965],[1.68436,49.852503],[1.682372,49.852839],[1.682944,49.847453],[1.682005,49.84767],[1.680428,49.847725],[1.676684,49.847628],[1.67664,49.846685],[1.678723,49.846697],[1.678673,49.845974],[1.676902,49.846023],[1.674983,49.845883],[1.67385,49.845421],[1.674752,49.8445],[1.675097,49.842916],[1.674855,49.842346],[1.676984,49.841605],[1.676917,49.841469],[1.674152,49.840557],[1.672266,49.840322],[1.672124,49.840546],[1.671499,49.840586],[1.670808,49.840359],[1.670884,49.839901],[1.668738,49.83944],[1.669111,49.837781],[1.67272,49.838043],[1.675294,49.838541],[1.677239,49.838752],[1.680049,49.839472],[1.681537,49.840064],[1.682901,49.841044],[1.686401,49.842598],[1.689802,49.843208],[1.690506,49.843203],[1.691939,49.840006],[1.692835,49.838706],[1.699964,49.840959],[1.70028,49.838194],[1.695571,49.837036],[1.694478,49.836585],[1.694772,49.835297],[1.694567,49.835185],[1.694603,49.834084],[1.694917,49.834112],[1.695033,49.830918],[1.687766,49.830315],[1.684661,49.829785],[1.683796,49.829517],[1.684673,49.8278],[1.694711,49.827938],[1.694722,49.825251],[1.691902,49.824345],[1.689873,49.823868],[1.684265,49.821817],[1.684219,49.821534],[1.683155,49.821105],[1.68076,49.821198],[1.676009,49.820548],[1.673928,49.820636],[1.671977,49.820296],[1.670259,49.820585],[1.670254,49.820923],[1.668603,49.820904],[1.668176,49.821244],[1.667398,49.822745],[1.665747,49.822635],[1.665391,49.823337],[1.664891,49.823384],[1.662351,49.82285],[1.659287,49.821704],[1.656748,49.819228],[1.650737,49.830781],[1.648053,49.829974],[1.648171,49.828467],[1.648747,49.828067],[1.64663,49.826488],[1.645707,49.826004],[1.644239,49.826803],[1.642371,49.826299],[1.640497,49.826378],[1.63973,49.826644],[1.639153,49.827134],[1.637168,49.830265],[1.636682,49.830262],[1.634818,49.829488],[1.635656,49.829134],[1.635315,49.828773],[1.634626,49.828275],[1.632419,49.827355],[1.630477,49.825826],[1.629838,49.824716],[1.628272,49.820752],[1.627945,49.820225],[1.626791,49.81929],[1.62517,49.816669],[1.621735,49.815427],[1.620951,49.81543],[1.619757,49.815756],[1.61789,49.815502],[1.616019,49.817054],[1.615088,49.818411],[1.613745,49.818261],[1.612932,49.818435],[1.621367,49.802014],[1.567219,49.789297],[1.541866,49.794574],[1.543465,49.800077],[1.547366,49.815897],[1.548007,49.817651],[1.548615,49.821341],[1.548612,49.821572],[1.546918,49.820529],[1.546056,49.820836],[1.545392,49.820163],[1.545205,49.819615],[1.544305,49.819234],[1.543299,49.819377],[1.542623,49.820166],[1.544679,49.821468],[1.541627,49.824631],[1.542265,49.824917],[1.543266,49.827237],[1.542712,49.828373],[1.541667,49.829263],[1.543036,49.829668],[1.542719,49.830241],[1.540972,49.830005],[1.540686,49.830587],[1.540891,49.830768],[1.540532,49.831574],[1.54012,49.831926],[1.544055,49.834205],[1.540638,49.838102],[1.540207,49.838997],[1.537358,49.838747],[1.537256,49.838998],[1.536041,49.839666],[1.534477,49.839169],[1.533318,49.839167],[1.533781,49.840662],[1.533756,49.842188],[1.534064,49.842589],[1.533658,49.842715],[1.528811,49.843007],[1.527907,49.842862],[1.526974,49.842484],[1.525854,49.843427],[1.523758,49.844648],[1.523531,49.844506],[1.522916,49.847091],[1.521849,49.84801],[1.52391,49.848762],[1.522142,49.849845],[1.522341,49.850665],[1.523601,49.851929],[1.522587,49.852943],[1.523567,49.853308],[1.522696,49.854838],[1.521612,49.857479],[1.526608,49.85859],[1.527503,49.859046],[1.528636,49.85993],[1.528888,49.860455],[1.528646,49.861486],[1.524899,49.863739],[1.528039,49.866126],[1.528908,49.867247],[1.529886,49.868125],[1.531126,49.869902],[1.532116,49.871835],[1.528591,49.872728],[1.527472,49.873214],[1.528363,49.873983],[1.527943,49.876218],[1.53081,49.877366],[1.530033,49.878178],[1.531614,49.879177],[1.530071,49.880199],[1.531247,49.880431],[1.524283,49.882339],[1.525888,49.885268],[1.521937,49.885115],[1.521623,49.884397],[1.520032,49.884849],[1.520388,49.885208],[1.518883,49.885964],[1.518282,49.885581],[1.517275,49.886051],[1.516318,49.884866],[1.515933,49.884863],[1.516726,49.887347],[1.515542,49.887563],[1.515536,49.887923],[1.513665,49.888265],[1.512521,49.887302],[1.512678,49.887003],[1.51193,49.886282],[1.512465,49.88543],[1.510178,49.884095],[1.50891,49.886737],[1.507464,49.888294],[1.510329,49.889975],[1.509259,49.890206],[1.50818,49.890746],[1.505792,49.892256],[1.504163,49.89413],[1.503718,49.894981],[1.50349,49.8962],[1.504386,49.896655],[1.504383,49.896879],[1.503819,49.897369],[1.502557,49.897989],[1.502955,49.899114],[1.503909,49.900554],[1.504869,49.900281],[1.507985,49.903865],[1.512248,49.907507],[1.51115,49.908229],[1.512156,49.910136],[1.514676,49.909734],[1.516218,49.909938],[1.516545,49.910176],[1.516268,49.910536],[1.514588,49.911252],[1.514587,49.911386],[1.516437,49.912937],[1.518291,49.912215],[1.518598,49.91267],[1.518313,49.913028],[1.520832,49.916331],[1.523134,49.920253],[1.523197,49.920657],[1.521403,49.921543],[1.529622,49.9302],[1.54919,49.919889],[1.555273,49.929095],[1.55132,49.931207],[1.547559,49.932944],[1.529095,49.943158],[1.524451,49.945568],[1.523858,49.946093],[1.522507,49.946786],[1.523296,49.947661],[1.52494,49.94877],[1.524671,49.949308],[1.524792,49.950476],[1.524506,49.950923],[1.523803,49.951412],[1.5238,49.951601],[1.524744,49.952379],[1.524924,49.95284],[1.525262,49.952897],[1.525226,49.954145],[1.525709,49.953993],[1.529047,49.954061],[1.530572,49.954519],[1.52981,49.955216],[1.53166,49.956106],[1.532842,49.956983],[1.535668,49.956904],[1.53777,49.957763],[1.537593,49.957962],[1.538995,49.958367],[1.540065,49.95845],[1.547351,49.960034],[1.549633,49.961086],[1.549765,49.961441],[1.557598,49.965177],[1.556004,49.967158],[1.557029,49.96781],[1.557844,49.968636],[1.557758,49.968993],[1.558717,49.970252],[1.558543,49.970808],[1.557633,49.971116],[1.556771,49.971919],[1.556283,49.972005],[1.555102,49.971863],[1.55447,49.972218],[1.553846,49.972079],[1.553592,49.972252],[1.561248,49.978081],[1.561733,49.97827],[1.562321,49.978223],[1.562999,49.977912],[1.562756,49.977229],[1.563203,49.976836],[1.563612,49.976753],[1.564354,49.976872],[1.565339,49.97644],[1.565633,49.9757],[1.56589,49.975615],[1.567792,49.975835],[1.568649,49.975572],[1.570204,49.975868],[1.570684,49.975606],[1.570836,49.975152],[1.571284,49.974954],[1.571499,49.974653],[1.571823,49.974584],[1.57263,49.974763],[1.572952,49.974558],[1.572736,49.974391],[1.572854,49.974264],[1.573594,49.974348],[1.573957,49.974095],[1.573714,49.97381],[1.574484,49.973328],[1.574629,49.973571],[1.576988,49.97499],[1.576755,49.975486],[1.577021,49.975678],[1.575026,49.976955],[1.575636,49.977206],[1.57629,49.977081],[1.576774,49.977809],[1.577841,49.978409],[1.5793,49.978948],[1.582008,49.979431],[1.583001,49.979265],[1.585479,49.978229],[1.58617,49.978111],[1.58648,49.978083],[1.586483,49.978299],[1.590771,49.978275],[1.590366,49.977502],[1.589373,49.97755],[1.58863,49.976966],[1.587917,49.974553],[1.586621,49.973111],[1.587063,49.972355],[1.587663,49.972152],[1.587392,49.97142],[1.586641,49.970902],[1.585314,49.970467],[1.590028,49.966788],[1.597083,49.961717],[1.597983,49.96196],[1.600132,49.960406],[1.600274,49.959959],[1.601837,49.95943],[1.602762,49.958569],[1.602459,49.958458],[1.602643,49.957898],[1.603459,49.957469],[1.603548,49.957067],[1.606313,49.955768],[1.606744,49.955278],[1.60767,49.954784],[1.608404,49.954674],[1.609268,49.955713],[1.613519,49.953422],[1.614162,49.951435],[1.618613,49.949201],[1.6205,49.94875],[1.620893,49.94889],[1.626518,49.94817],[1.626974,49.947478],[1.628201,49.947432],[1.628566,49.947816],[1.629086,49.947671],[1.629385,49.947799],[1.628506,49.946599],[1.627684,49.946206],[1.628061,49.945646],[1.627684,49.945143],[1.628036,49.944737],[1.628903,49.944705],[1.630097,49.944268],[1.630279,49.944031],[1.630727,49.94398],[1.633065,49.944048],[1.634857,49.943788],[1.63526,49.943968],[1.635747,49.943781],[1.636895,49.943994],[1.637418,49.94357],[1.639943,49.943359],[1.640766,49.943136],[1.64222,49.943128],[1.643018,49.94332],[1.64344,49.94282],[1.640918,49.941449],[1.640805,49.941048],[1.641108,49.94029],[1.641674,49.939718],[1.644083,49.938668],[1.645316,49.938353],[1.646697,49.937502],[1.647288,49.937383],[1.647589,49.937567],[1.650318,49.936978],[1.651368,49.936916],[1.651405,49.936454],[1.653095,49.936338],[1.652737,49.935706],[1.65336,49.935062],[1.65414,49.935395],[1.654491,49.935379],[1.65633,49.933673],[1.65744,49.93308],[1.65912,49.932698],[1.661715,49.931294],[1.662528,49.931351],[1.664664,49.932234],[1.667177,49.932156],[1.668091,49.932584],[1.669109,49.932294],[1.67053,49.932549],[1.670621,49.933241],[1.671056,49.93364],[1.671935,49.933935],[1.673879,49.934251],[1.674098,49.931731],[1.674495,49.931301],[1.67668,49.930069],[1.674726,49.928782],[1.674009,49.929208],[1.673542,49.929029],[1.67389,49.927859],[1.675304,49.926653],[1.675559,49.926118],[1.676254,49.92569],[1.676112,49.925636],[1.677328,49.92483],[1.678753,49.924274],[1.677082,49.924398],[1.676434,49.924311],[1.676753,49.92403],[1.675185,49.923198],[1.676807,49.921369],[1.678996,49.919916],[1.680344,49.918296],[1.679114,49.918782],[1.679439,49.918448],[1.678588,49.918078],[1.679084,49.91732],[1.678858,49.917076],[1.679043,49.916706]]]}},{"type":"Feature","properties":{"uai_primary":"0760010Y","uai_all":"0760010Y","is_merged":false},"geometry":{"type":"Polygon","coordinates":[[[1.124857,49.37111],[1.122849,49.370567],[1.120591,49.374259],[1.119119,49.378707],[1.121456,49.382264],[1.122372,49.385255],[1.122441,49.3908],[1.126344,49.39074],[1.126912,49.391175],[1.126931,49.391454],[1.12879,49.391541],[1.128826,49.392143],[1.132093,49.392688],[1.131497,49.393468],[1.129125,49.394383],[1.128983,49.395114],[1.129172,49.39571],[1.129573,49.39604],[1.130985,49.396649],[1.132196,49.396959],[1.133289,49.397134],[1.13415,49.39701],[1.135698,49.395991],[1.137736,49.394196],[1.138564,49.395014],[1.139979,49.394932],[1.14138,49.395273],[1.144473,49.396485],[1.144367,49.397123],[1.146891,49.396969],[1.148576,49.397192],[1.148779,49.397286],[1.148372,49.3977],[1.148616,49.397781],[1.147731,49.398739],[1.147481,49.398672],[1.146612,49.399324],[1.147441,49.399924],[1.145746,49.401378],[1.146747,49.40167],[1.146507,49.401936],[1.149797,49.402905],[1.1509,49.401844],[1.154037,49.403231],[1.156304,49.401058],[1.157773,49.401834],[1.16014,49.400451],[1.159956,49.40035],[1.161778,49.398714],[1.157876,49.39703],[1.157331,49.396738],[1.157381,49.396505],[1.158496,49.395115],[1.160149,49.395648],[1.162876,49.392891],[1.162733,49.392792],[1.163903,49.392275],[1.163267,49.391178],[1.16339,49.390625],[1.163086,49.390078],[1.161104,49.388651],[1.160558,49.388464],[1.159206,49.388337],[1.158681,49.388531],[1.157919,49.38854],[1.156062,49.388164],[1.153843,49.387998],[1.151914,49.388245],[1.150811,49.387892],[1.149811,49.387354],[1.148859,49.386015],[1.148848,49.383787],[1.14763,49.382895],[1.144063,49.381301],[1.14043,49.378195],[1.140296,49.377367],[1.142198,49.376208],[1.143305,49.376026],[1.143823,49.375073],[1.142692,49.374195],[1.144218,49.373362],[1.143595,49.372841],[1.143537,49.37151],[1.14195,49.370872],[1.141443,49.37046],[1.141052,49.370586],[1.139542,49.369922],[1.139124,49.369898],[1.138515,49.369363],[1.138732,49.369215],[1.137399,49.368399],[1.133554,49.367186],[1.132036,49.366859],[1.129419,49.367272],[1.130029,49.363145],[1.130002,49.360755],[1.129266,49.360703],[1.128956,49.364663],[1.128404,49.366603],[1.127521,49.36831],[1.125783,49.370689],[1.124857,49.37111]],[[1.111109,49.422249],[1.11055,49.422199],[1.110163,49.424231],[1.110086,49.425472],[1.110512,49.427404],[1.111,49.428388],[1.112051,49.428534],[1.112609,49.428767],[1.114175,49.430737],[1.110864,49.432384],[1.109564,49.433299],[1.109046,49.434035],[1.10927,49.434143],[1.110729,49.433679],[1.112175,49.433947],[1.113543,49.43399],[1.113736,49.433966],[1.11396,49.433518],[1.114157,49.433525],[1.11421,49.433899],[1.114912,49.433312],[1.116039,49.433633],[1.116742,49.433572],[1.116689,49.433165],[1.117279,49.433098],[1.117585,49.433345],[1.118209,49.433035],[1.120258,49.433089],[1.121418,49.432807],[1.121444,49.43296],[1.125818,49.432675],[1.128363,49.432961],[1.128539,49.43278],[1.129249,49.432735],[1.129381,49.432516],[1.129912,49.432336],[1.130052,49.432184],[1.129902,49.431768],[1.133082,49.431818],[1.135405,49.432092],[1.135379,49.432451],[1.139925,49.43271],[1.140037,49.432327],[1.141476,49.432221],[1.1422,49.432015],[1.143338,49.431201],[1.143389,49.430547],[1.14301,49.429359],[1.142476,49.428867],[1.143085,49.428285],[1.146556,49.430756],[1.147319,49.430902],[1.148411,49.430425],[1.14883,49.430031],[1.150643,49.429559],[1.153063,49.429228],[1.156022,49.428414],[1.156969,49.428021],[1.163796,49.427515],[1.161918,49.426265],[1.15988,49.424094],[1.159226,49.423092],[1.156374,49.422414],[1.154666,49.422367],[1.15401,49.421612],[1.152217,49.421941],[1.151163,49.421929],[1.150919,49.422349],[1.153341,49.424111],[1.151945,49.424984],[1.152265,49.425241],[1.149286,49.426944],[1.14851,49.426719],[1.148121,49.427609],[1.145389,49.42701],[1.145565,49.425131],[1.146201,49.423436],[1.146153,49.420333],[1.146639,49.419391],[1.145398,49.417861],[1.145673,49.417475],[1.148566,49.416655],[1.148362,49.416512],[1.145876,49.416982],[1.145511,49.416829],[1.144671,49.417354],[1.14425,49.416857],[1.143553,49.41667],[1.142944,49.415938],[1.142553,49.415801],[1.141502,49.416163],[1.14126,49.416668],[1.140587,49.41654],[1.139707,49.416936],[1.139523,49.416779],[1.139782,49.416333],[1.139409,49.415689],[1.138482,49.415774],[1.138104,49.415599],[1.137632,49.415734],[1.137935,49.416102],[1.137521,49.416473],[1.136654,49.416258],[1.135961,49.416336],[1.135264,49.4161],[1.134927,49.416214],[1.134403,49.416147],[1.133942,49.416351],[1.13372,49.416872],[1.131226,49.416339],[1.13116,49.416097],[1.130119,49.415817],[1.129958,49.416309],[1.127623,49.416626],[1.127003,49.416986],[1.126366,49.416846],[1.125878,49.416402],[1.122105,49.416247],[1.12097,49.416862],[1.120309,49.417567],[1.11998,49.418284],[1.120052,49.418582],[1.120506,49.418844],[1.120466,49.419411],[1.118893,49.419657],[1.118053,49.4206],[1.117953,49.421394],[1.117201,49.421589],[1.115871,49.421429],[1.11484,49.423137],[1.111109,49.422249]]]}},{"type":"Feature","properties":{"uai_primary":"0760017F","uai_all":"0760017F","is_merged":false},"geometry":{"type":"Polygon","coordinates":[[[1.034953,49.452211],[1.035254,49.452455],[1.035507,49.452414],[1.036295,49.451978],[1.035893,49.451941],[1.034953,49.452211]],[[0.932703,49.412022],[0.930725,49.412821],[0.935159,49.420143],[0.936975,49.425408],[0.937728,49.430047],[0.937574,49.440505],[0.937167,49.445122],[0.934762,49.456678],[0.940252,49.457284],[0.941728,49.457792],[0.942274,49.45645],[0.943196,49.456732],[0.943965,49.456203],[0.945608,49.456748],[0.950681,49.459396],[0.953357,49.460296],[0.954268,49.459189],[0.956438,49.460176],[0.957165,49.460346],[0.958617,49.458342],[0.96315,49.459827],[0.963281,49.460141],[0.96246,49.462734],[0.95837,49.467069],[0.958236,49.467485],[0.958627,49.468113],[0.95733,49.46953],[0.957712,49.470121],[0.958991,49.470889],[0.961195,49.470313],[0.961949,49.470291],[0.961917,49.469875],[0.970196,49.463241],[0.971171,49.462681],[0.977444,49.45793],[0.978528,49.456737],[0.99158,49.44503],[1.009591,49.445088],[1.012524,49.444963],[1.014591,49.445225],[1.020955,49.446597],[1.021672,49.447085],[1.021096,49.447232],[1.020635,49.4476],[1.019846,49.447673],[1.019731,49.45177],[1.020418,49.451832],[1.020704,49.452183],[1.021303,49.452026],[1.021619,49.452162],[1.021671,49.451854],[1.022463,49.45184],[1.022415,49.451245],[1.023447,49.451342],[1.024086,49.451157],[1.024471,49.451401],[1.024716,49.451323],[1.025435,49.450661],[1.025009,49.450382],[1.025197,49.449977],[1.025623,49.450257],[1.025535,49.450448],[1.02596,49.450562],[1.026294,49.450382],[1.026295,49.449794],[1.027156,49.449788],[1.027771,49.449588],[1.028537,49.450135],[1.028534,49.450403],[1.029169,49.450544],[1.029375,49.450986],[1.030277,49.45145],[1.030241,49.451657],[1.031465,49.452265],[1.032219,49.45223],[1.03262,49.451952],[1.032332,49.451331],[1.031425,49.450657],[1.031219,49.450032],[1.031411,49.449584],[1.031673,49.449487],[1.033262,49.4495],[1.033712,49.448298],[1.033433,49.447708],[1.033766,49.447696],[1.034596,49.448117],[1.034922,49.448357],[1.034878,49.44861],[1.036168,49.449074],[1.036755,49.448379],[1.036685,49.448254],[1.037226,49.448096],[1.038312,49.446949],[1.038973,49.446916],[1.041629,49.446035],[1.042075,49.446835],[1.039898,49.448003],[1.039997,49.449016],[1.039601,49.44943],[1.040622,49.450297],[1.042674,49.450889],[1.042992,49.451221],[1.04289,49.451825],[1.041889,49.453287],[1.041989,49.454393],[1.041648,49.455282],[1.040212,49.45671],[1.040098,49.459456],[1.036671,49.462264],[1.038074,49.464172],[1.037553,49.465693],[1.037801,49.465693],[1.038469,49.464899],[1.039861,49.464971],[1.039386,49.465553],[1.03823,49.468377],[1.039908,49.467224],[1.039959,49.466677],[1.040303,49.466165],[1.041989,49.464552],[1.043205,49.462916],[1.043859,49.462561],[1.043878,49.462052],[1.043185,49.461722],[1.043821,49.461268],[1.044549,49.459727],[1.048546,49.457501],[1.048594,49.457302],[1.049,49.45728],[1.049042,49.457114],[1.048689,49.456885],[1.049738,49.456906],[1.049918,49.45599],[1.050806,49.45534],[1.05002,49.455108],[1.050098,49.45486],[1.050844,49.454158],[1.051899,49.453884],[1.051708,49.453152],[1.050706,49.453346],[1.050507,49.453583],[1.050069,49.453658],[1.050018,49.453391],[1.050417,49.452824],[1.048731,49.452731],[1.04921,49.451712],[1.047171,49.451247],[1.04757,49.450501],[1.046853,49.450371],[1.047863,49.449222],[1.045903,49.447153],[1.045015,49.445062],[1.04297,49.443304],[1.038577,49.440775],[1.037587,49.439513],[1.039666,49.440345],[1.040029,49.43951],[1.040399,49.439635],[1.041672,49.438214],[1.038693,49.437113],[1.034022,49.43479],[1.030248,49.432337],[1.026527,49.428984],[1.023338,49.425409],[1.020978,49.421893],[1.014132,49.409461],[1.013127,49.406497],[1.012129,49.402157],[1.011443,49.39702],[1.007944,49.39604],[1.006035,49.39525],[1.004774,49.394929],[1.005147,49.395731],[1.005992,49.39638],[1.007538,49.400278],[1.006734,49.400227],[1.006687,49.400612],[1.005286,49.40049],[1.002938,49.399567],[1.00101,49.399327],[0.996761,49.401209],[0.994991,49.401495],[0.991881,49.408687],[0.98261,49.41438],[0.974662,49.38843],[0.96138,49.3983],[0.955269,49.40255],[0.95504,49.402753],[0.95586,49.403301],[0.95564,49.405299],[0.952564,49.405735],[0.950227,49.406407],[0.949587,49.406354],[0.948818,49.406664],[0.948031,49.406662],[0.948773,49.408306],[0.948372,49.408382],[0.948235,49.408214],[0.947872,49.408312],[0.94775,49.408057],[0.94351,49.409045],[0.942847,49.408328],[0.940992,49.408783],[0.94132,49.409223],[0.941722,49.409115],[0.941893,49.409405],[0.934401,49.411337],[0.932703,49.412022]],[[1.025762,49.439186],[1.026147,49.43908],[1.026358,49.439459],[1.025671,49.439847],[1.025606,49.439657],[1.026032,49.439453],[1.025762,49.439186]],[[1.021581,49.449017],[1.021779,49.448982],[1.022042,49.449192],[1.022017,49.449479],[1.021581,49.449017]],[[1.020594,49.451508],[1.020326,49.451056],[1.020843,49.450769],[1.021261,49.45079],[1.0221,49.449486],[1.022541,49.449677],[1.022291,49.450155],[1.022558,49.450478],[1.022037,49.450917],[1.022214,49.451282],[1.022001,49.451602],[1.02162,49.451782],[1.020594,49.451508]]]}},{"type":"Feature","properties":{"uai_primary":"0760021K","uai_all":"0760021K","is_merged":false},"geometry":{"type":"Polygon","coordinates":[[[1.137527,49.439233],[1.136255,49.439272],[1.136168,49.439133],[1.129933,49.439994],[1.130334,49.440308],[1.130459,49.440683],[1.13166,49.441602],[1.132445,49.443189],[1.1331,49.44401],[1.133912,49.443075],[1.136969,49.44259],[1.139935,49.442473],[1.139967,49.442899],[1.141095,49.443529],[1.144634,49.447933],[1.145744,49.447552],[1.146281,49.448922],[1.144245,49.450861],[1.141811,49.458451],[1.140423,49.459696],[1.14183,49.460257],[1.143022,49.459487],[1.144684,49.456664],[1.146178,49.455423],[1.149346,49.455416],[1.152639,49.455039],[1.15538,49.455243],[1.155998,49.455916],[1.1563,49.456865],[1.159559,49.45536],[1.16087,49.456646],[1.161226,49.457343],[1.163087,49.457023],[1.162708,49.455487],[1.162096,49.454977],[1.162612,49.454985],[1.16081,49.453107],[1.164163,49.451625],[1.163992,49.451524],[1.169247,49.448925],[1.164688,49.44714],[1.163557,49.445517],[1.163249,49.444393],[1.162706,49.44387],[1.162257,49.443561],[1.160175,49.442847],[1.158986,49.44304],[1.157562,49.442892],[1.157325,49.442966],[1.157251,49.443608],[1.157864,49.444509],[1.156696,49.444967],[1.154803,49.444934],[1.153462,49.445498],[1.15271,49.444911],[1.152812,49.44354],[1.151476,49.443375],[1.150622,49.443877],[1.150278,49.443728],[1.149781,49.444223],[1.149285,49.44441],[1.148488,49.444341],[1.148193,49.443965],[1.147586,49.443973],[1.147372,49.443302],[1.147119,49.44314],[1.14778,49.442765],[1.147115,49.442637],[1.146937,49.442247],[1.14742,49.44214],[1.147702,49.441497],[1.148296,49.441241],[1.148164,49.441174],[1.147081,49.440917],[1.14638,49.44109],[1.146392,49.443049],[1.146024,49.443511],[1.145492,49.442681],[1.145095,49.442739],[1.144437,49.442159],[1.144674,49.441377],[1.143345,49.440827],[1.143205,49.440544],[1.142193,49.440114],[1.14144,49.440063],[1.141183,49.439918],[1.139899,49.440206],[1.13929,49.439886],[1.13839,49.439678],[1.138674,49.439562],[1.138871,49.439695],[1.14021,49.439712],[1.140447,49.439265],[1.139275,49.439226],[1.138816,49.439409],[1.137527,49.439233]],[[1.136895,49.439559],[1.136649,49.43947],[1.136943,49.439338],[1.13717,49.439534],[1.136895,49.439559]],[[1.137583,49.439517],[1.137865,49.439476],[1.137997,49.439643],[1.137637,49.439642],[1.137583,49.439517]],[[1.234587,49.421725],[1.234267,49.421489],[1.233946,49.421951],[1.233673,49.423098],[1.233995,49.423714],[1.234708,49.424346],[1.235847,49.424811],[1.236528,49.425535],[1.236776,49.425915],[1.236756,49.426388],[1.235684,49.426307],[1.232803,49.42644],[1.23183,49.42672],[1.229256,49.428283],[1.228755,49.428457],[1.227764,49.42852],[1.22682,49.429035],[1.226197,49.429186],[1.225212,49.430292],[1.223792,49.430574],[1.22252,49.431398],[1.221413,49.431244],[1.217798,49.430185],[1.214868,49.430258],[1.214896,49.431035],[1.209599,49.430546],[1.209052,49.430424],[1.208358,49.429979],[1.208051,49.430951],[1.206153,49.432015],[1.204531,49.430794],[1.20226,49.430358],[1.201135,49.429887],[1.199896,49.429656],[1.198416,49.429086],[1.197358,49.428375],[1.196374,49.428377],[1.194353,49.428051],[1.192532,49.428236],[1.191102,49.426735],[1.187515,49.430145],[1.186485,49.430685],[1.184824,49.431171],[1.182654,49.431238],[1.18156,49.431704],[1.180911,49.432306],[1.179874,49.432729],[1.179382,49.432865],[1.17682,49.43301],[1.175624,49.433666],[1.175073,49.434861],[1.174463,49.43561],[1.176873,49.43952],[1.173437,49.44017],[1.173852,49.442021],[1.171029,49.442277],[1.171394,49.443488],[1.172368,49.443453],[1.171834,49.444657],[1.171332,49.448462],[1.171087,49.448837],[1.171211,49.449181],[1.170798,49.449315],[1.171791,49.45046],[1.173203,49.450926],[1.17422,49.451704],[1.174932,49.451772],[1.176525,49.451466],[1.178886,49.451405],[1.180934,49.451617],[1.180847,49.452698],[1.182456,49.453855],[1.185697,49.454039],[1.187263,49.454835],[1.188361,49.457451],[1.188466,49.458273],[1.188234,49.459189],[1.18906,49.459839],[1.188374,49.460306],[1.191957,49.461488],[1.19575,49.46582],[1.197377,49.466887],[1.198543,49.4673],[1.204857,49.468828],[1.204772,49.470631],[1.206654,49.470708],[1.206725,49.469476],[1.208183,49.469988],[1.207831,49.468736],[1.213612,49.468294],[1.213664,49.468141],[1.219997,49.467969],[1.220537,49.466442],[1.220195,49.466125],[1.220488,49.464288],[1.22254,49.464197],[1.222584,49.46381],[1.22495,49.463963],[1.225537,49.461343],[1.22633,49.461608],[1.22729,49.461626],[1.228077,49.461838],[1.246417,49.463642],[1.248858,49.463424],[1.248973,49.468785],[1.249211,49.468865],[1.248894,49.469607],[1.254689,49.470406],[1.252778,49.473522],[1.250468,49.478584],[1.25147,49.478746],[1.25133,49.47915],[1.254412,49.479331],[1.254247,49.480038],[1.256314,49.480618],[1.255286,49.481423],[1.254697,49.482448],[1.256978,49.482501],[1.257005,49.483415],[1.257636,49.48345],[1.257527,49.484565],[1.258199,49.484546],[1.258411,49.485011],[1.258902,49.484985],[1.258861,49.484756],[1.260065,49.484665],[1.260108,49.484894],[1.260574,49.484889],[1.261014,49.486319],[1.261643,49.486181],[1.261801,49.486538],[1.263077,49.486415],[1.262768,49.487238],[1.258827,49.487901],[1.259373,49.489832],[1.258879,49.489837],[1.258765,49.491021],[1.258437,49.490985],[1.257173,49.494151],[1.256964,49.49535],[1.257875,49.495452],[1.257111,49.499061],[1.260341,49.499464],[1.260471,49.499177],[1.260908,49.499235],[1.261111,49.498745],[1.261604,49.498968],[1.262397,49.498994],[1.26935,49.496803],[1.274017,49.496208],[1.279666,49.494441],[1.281899,49.491676],[1.282651,49.491125],[1.281814,49.490282],[1.282922,49.487038],[1.287441,49.485032],[1.287485,49.484798],[1.288917,49.484719],[1.292231,49.484873],[1.295036,49.485507],[1.296243,49.485515],[1.298674,49.484833],[1.300189,49.483895],[1.300677,49.48395],[1.303056,49.483432],[1.306477,49.483186],[1.310252,49.48335],[1.310424,49.48309],[1.312065,49.482687],[1.315875,49.480965],[1.319161,49.480063],[1.319842,49.480911],[1.31877,49.483974],[1.320889,49.484685],[1.325129,49.48496],[1.324997,49.484399],[1.325406,49.484114],[1.325372,49.483812],[1.326221,49.483223],[1.326001,49.482534],[1.326372,49.481991],[1.327623,49.481323],[1.328083,49.481685],[1.328534,49.481446],[1.329195,49.481653],[1.331399,49.481081],[1.335843,49.484109],[1.339501,49.481494],[1.342543,49.482447],[1.34178,49.483419],[1.344673,49.484018],[1.344352,49.484858],[1.345431,49.485026],[1.345877,49.485255],[1.347205,49.484949],[1.347434,49.485291],[1.353218,49.485185],[1.35503,49.485639],[1.357961,49.482443],[1.359007,49.483034],[1.35956,49.482747],[1.360366,49.482073],[1.360606,49.481618],[1.36231,49.48079],[1.365538,49.478539],[1.367742,49.477343],[1.370594,49.473844],[1.372808,49.471978],[1.375445,49.469197],[1.377779,49.467681],[1.379675,49.46542],[1.381169,49.465306],[1.384475,49.463701],[1.386462,49.463261],[1.386263,49.462172],[1.384162,49.459876],[1.383134,49.458084],[1.381291,49.458368],[1.38094,49.458567],[1.377984,49.457011],[1.375748,49.455182],[1.37463,49.454664],[1.375491,49.454018],[1.376064,49.453168],[1.371298,49.452692],[1.371532,49.451797],[1.371919,49.451521],[1.37097,49.451037],[1.36988,49.451797],[1.368205,49.450821],[1.363678,49.449221],[1.361517,49.448168],[1.357902,49.448237],[1.357607,49.447831],[1.354586,49.44889],[1.35229,49.448754],[1.352258,49.448591],[1.350581,49.448464],[1.349954,49.448601],[1.349384,49.44753],[1.3468,49.447629],[1.345124,49.448013],[1.342922,49.446527],[1.342569,49.446262],[1.343202,49.445529],[1.342551,49.444783],[1.34104,49.442196],[1.342649,49.441555],[1.346786,49.440618],[1.348178,49.43904],[1.349676,49.438205],[1.351191,49.437896],[1.3501,49.435989],[1.348203,49.435339],[1.347278,49.434628],[1.345547,49.435717],[1.34387,49.437252],[1.34145,49.438601],[1.340634,49.438797],[1.337884,49.43876],[1.337353,49.438941],[1.336027,49.438003],[1.335142,49.432157],[1.335977,49.431998],[1.335183,49.430761],[1.337282,49.430065],[1.339227,49.429772],[1.338184,49.428778],[1.336646,49.427696],[1.333142,49.428846],[1.330201,49.431178],[1.329601,49.430863],[1.328299,49.43059],[1.327844,49.431154],[1.326983,49.431485],[1.322643,49.430913],[1.32128,49.430084],[1.319607,49.429572],[1.317818,49.429231],[1.316679,49.429216],[1.311106,49.428467],[1.308328,49.428635],[1.308374,49.429103],[1.30227,49.427519],[1.295896,49.428421],[1.29372,49.428073],[1.283195,49.425142],[1.279128,49.424878],[1.279213,49.424653],[1.278969,49.424563],[1.279569,49.420039],[1.280918,49.418158],[1.28142,49.416968],[1.278047,49.415429],[1.275337,49.414908],[1.27459,49.414104],[1.273471,49.413492],[1.273547,49.412586],[1.272519,49.412244],[1.270398,49.41108],[1.267661,49.411996],[1.26515,49.412613],[1.264455,49.413372],[1.264012,49.41342],[1.264273,49.414766],[1.265338,49.41561],[1.267118,49.416403],[1.264087,49.418564],[1.262954,49.417693],[1.262321,49.418061],[1.263565,49.419178],[1.26252,49.42055],[1.260939,49.420289],[1.259964,49.419773],[1.25913,49.418567],[1.259019,49.417969],[1.254086,49.417433],[1.251505,49.417419],[1.250242,49.417571],[1.246549,49.418527],[1.244678,49.419343],[1.243496,49.422144],[1.242162,49.422955],[1.240726,49.4231],[1.235739,49.422729],[1.234587,49.421725]]]}},{"type":"Feature","properties":{"uai_primary":"0760026R","uai_all":"0760026R","is_merged":false},"geometry":{"type":"Polygon","coordinates":[[[1.077786,49.90651],[1.077849,49.90596],[1.078303,49.905335],[1.078199,49.904674],[1.078416,49.904312],[1.078156,49.902415],[1.077883,49.901807],[1.076929,49.901124],[1.077149,49.902231],[1.074932,49.901398],[1.074945,49.904496],[1.073931,49.905629],[1.073303,49.906756],[1.07437,49.90697],[1.074938,49.906828],[1.077907,49.907432],[1.078013,49.907172],[1.077786,49.90651]],[[1.072908,49.908963],[1.073384,49.909167],[1.074105,49.910166],[1.074757,49.910636],[1.07592,49.91043],[1.078677,49.910253],[1.078368,49.909235],[1.07475,49.907886],[1.074409,49.907234],[1.073176,49.908021],[1.072745,49.908064],[1.072956,49.908453],[1.072908,49.908963]],[[1.064916,49.923712],[1.065418,49.923655],[1.066359,49.922743],[1.066774,49.922696],[1.067322,49.922082],[1.067771,49.922118],[1.068168,49.921967],[1.069604,49.922648],[1.069911,49.923167],[1.071623,49.923012],[1.070372,49.922376],[1.070637,49.922205],[1.070641,49.921749],[1.071844,49.921355],[1.071854,49.922655],[1.072348,49.922784],[1.072616,49.922638],[1.072529,49.921746],[1.072417,49.921541],[1.071886,49.92132],[1.071797,49.92076],[1.072175,49.92043],[1.072827,49.920279],[1.073426,49.919859],[1.07307,49.919397],[1.07396,49.917694],[1.074382,49.915895],[1.072739,49.913996],[1.071947,49.91335],[1.071424,49.913229],[1.070629,49.912703],[1.069525,49.912638],[1.069326,49.91244],[1.069408,49.911985],[1.069063,49.911805],[1.069301,49.911277],[1.068484,49.911045],[1.067715,49.911184],[1.067469,49.910886],[1.067853,49.910643],[1.067565,49.910389],[1.067249,49.910369],[1.066846,49.909647],[1.067921,49.909081],[1.067672,49.908778],[1.067773,49.908565],[1.068855,49.908525],[1.069081,49.90835],[1.069149,49.907603],[1.066436,49.907304],[1.066762,49.906896],[1.063542,49.905588],[1.063582,49.905406],[1.062008,49.906147],[1.061177,49.906781],[1.062187,49.907296],[1.059604,49.909358],[1.060959,49.909592],[1.059528,49.910655],[1.057369,49.90984],[1.049186,49.917225],[1.048636,49.917379],[1.046351,49.91919],[1.046552,49.919552],[1.046282,49.92013],[1.045689,49.920064],[1.043179,49.918947],[1.04223,49.91881],[1.041633,49.918912],[1.040014,49.920014],[1.040859,49.920187],[1.04143,49.920527],[1.045016,49.921374],[1.048691,49.921753],[1.049913,49.922016],[1.0563,49.92365],[1.057037,49.92404],[1.057598,49.923936],[1.059549,49.924228],[1.062336,49.924863],[1.062612,49.924889],[1.063645,49.924412],[1.064123,49.923601],[1.064916,49.923712]],[[1.06913,49.916434],[1.068706,49.916452],[1.068572,49.916186],[1.069156,49.916047],[1.06913,49.916434]],[[1.063298,49.921802],[1.064301,49.921155],[1.065081,49.920951],[1.066344,49.921253],[1.066861,49.921133],[1.066605,49.921693],[1.066758,49.921885],[1.066011,49.922451],[1.065491,49.922583],[1.065363,49.923055],[1.063498,49.922878],[1.062526,49.922094],[1.063298,49.921802]],[[1.074944,49.924825],[1.074795,49.924888],[1.074944,49.924825]],[[1.074987,49.924963],[1.074968,49.924835],[1.074987,49.924963]],[[1.070235,49.924432],[1.068874,49.925078],[1.068235,49.925233],[1.066889,49.925084],[1.065785,49.925636],[1.067918,49.926308],[1.074831,49.929017],[1.079404,49.931405],[1.083121,49.933628],[1.083193,49.933961],[1.08276,49.934295],[1.082771,49.935519],[1.082505,49.935815],[1.082459,49.937746],[1.082787,49.937806],[1.08285,49.934313],[1.084938,49.932365],[1.085205,49.931654],[1.085214,49.930207],[1.085083,49.92977],[1.084517,49.929186],[1.082619,49.928733],[1.082607,49.928502],[1.082349,49.928607],[1.082012,49.928473],[1.080745,49.927776],[1.080016,49.9271],[1.079718,49.926555],[1.079763,49.926312],[1.080997,49.925905],[1.082196,49.924506],[1.082622,49.923679],[1.082499,49.923579],[1.081554,49.923603],[1.08087,49.923967],[1.081315,49.924187],[1.080851,49.924179],[1.080661,49.924399],[1.080385,49.92418],[1.079935,49.9244],[1.079539,49.924203],[1.078177,49.924671],[1.078321,49.924923],[1.077959,49.925108],[1.078068,49.925584],[1.077492,49.925238],[1.076349,49.92543],[1.075214,49.924918],[1.074761,49.925152],[1.074801,49.924844],[1.073421,49.924427],[1.07324,49.924129],[1.072781,49.924172],[1.072372,49.923669],[1.071434,49.923688],[1.070235,49.924432]],[[1.10052,49.926854],[1.100703,49.926603],[1.100375,49.926508],[1.09999,49.926605],[1.099863,49.927193],[1.100219,49.927413],[1.100832,49.927368],[1.100997,49.92716],[1.10052,49.926854]],[[1.087133,49.927351],[1.087292,49.927226],[1.086894,49.927338],[1.087133,49.927351]],[[1.086639,49.931354],[1.086097,49.929786],[1.08625,49.930231],[1.086021,49.932236],[1.086761,49.932548],[1.086639,49.931354]],[[1.09431,49.932447],[1.095854,49.93239],[1.096216,49.934795],[1.096617,49.93492],[1.096899,49.934852],[1.097017,49.935041],[1.098054,49.935233],[1.100705,49.935445],[1.101363,49.935348],[1.102506,49.93572],[1.103306,49.934542],[1.102755,49.934069],[1.101233,49.934211],[1.100863,49.933772],[1.100346,49.933568],[1.098982,49.933502],[1.098848,49.933402],[1.099125,49.933098],[1.098574,49.932763],[1.097383,49.932737],[1.097269,49.932345],[1.096705,49.932298],[1.096453,49.932079],[1.095486,49.932112],[1.095361,49.931721],[1.094495,49.931857],[1.094255,49.931341],[1.094036,49.93128],[1.093043,49.931354],[1.093235,49.931821],[1.093688,49.931725],[1.094085,49.93183],[1.09431,49.932447]],[[1.08611,49.935969],[1.086311,49.936053],[1.086372,49.935778],[1.084457,49.936147],[1.08611,49.935969]],[[1.100169,49.872869],[1.100033,49.872965],[1.100305,49.873237],[1.098994,49.875693],[1.098175,49.877938],[1.101294,49.878821],[1.098339,49.883651],[1.096521,49.884578],[1.095789,49.885271],[1.094736,49.885731],[1.092501,49.887534],[1.090692,49.888652],[1.090056,49.889539],[1.087864,49.889996],[1.086953,49.890505],[1.088771,49.891949],[1.088144,49.893156],[1.085733,49.893408],[1.086071,49.893771],[1.085133,49.895198],[1.083631,49.896889],[1.080927,49.898882],[1.079927,49.899994],[1.077345,49.898844],[1.077251,49.89926],[1.077781,49.899612],[1.081143,49.900929],[1.080853,49.901098],[1.083128,49.902838],[1.083546,49.902711],[1.085256,49.90432],[1.087002,49.904628],[1.086786,49.904932],[1.088825,49.906483],[1.088553,49.90698],[1.088826,49.907184],[1.086119,49.908844],[1.086391,49.909056],[1.084943,49.90999],[1.084507,49.910046],[1.084487,49.909459],[1.083868,49.908827],[1.082911,49.90938],[1.083877,49.910434],[1.083627,49.911152],[1.084044,49.911213],[1.085315,49.910093],[1.087934,49.911272],[1.089095,49.912223],[1.091812,49.913835],[1.092541,49.914057],[1.093326,49.914801],[1.094366,49.91535],[1.095374,49.915377],[1.095092,49.914986],[1.095325,49.914704],[1.097855,49.913744],[1.102483,49.911502],[1.103854,49.911071],[1.104717,49.910465],[1.10576,49.90888],[1.105896,49.90836],[1.103973,49.90623],[1.103996,49.905384],[1.104719,49.904686],[1.105466,49.904633],[1.109081,49.906061],[1.111058,49.906366],[1.112023,49.90636],[1.114473,49.905864],[1.117547,49.904676],[1.117774,49.904214],[1.117352,49.903326],[1.11763,49.903006],[1.118464,49.903095],[1.119183,49.903372],[1.121553,49.903195],[1.124491,49.901879],[1.125494,49.899989],[1.12651,49.899155],[1.126659,49.898787],[1.125853,49.898093],[1.123702,49.898035],[1.122385,49.897489],[1.121239,49.896802],[1.121272,49.896438],[1.121919,49.896342],[1.122761,49.896652],[1.123442,49.896711],[1.124821,49.896387],[1.12491,49.896072],[1.124362,49.89564],[1.124227,49.895281],[1.126057,49.893971],[1.126601,49.893972],[1.128204,49.894421],[1.128906,49.894357],[1.129477,49.893301],[1.130557,49.892604],[1.130448,49.891825],[1.130881,49.891854],[1.131005,49.891414],[1.131502,49.891272],[1.13284,49.891255],[1.133272,49.891805],[1.134812,49.892043],[1.134922,49.89293],[1.136062,49.892342],[1.137142,49.892206],[1.13726,49.893153],[1.137689,49.893698],[1.138368,49.894111],[1.138695,49.893813],[1.13932,49.893782],[1.139298,49.893891],[1.14022,49.894246],[1.142378,49.894534],[1.146072,49.895586],[1.149709,49.897013],[1.15473,49.897454],[1.158276,49.898419],[1.159046,49.897199],[1.159772,49.896515],[1.160776,49.896985],[1.161618,49.896502],[1.163036,49.894286],[1.163227,49.893145],[1.1637,49.892575],[1.166953,49.892421],[1.171171,49.891912],[1.175091,49.891863],[1.187473,49.890188],[1.196726,49.887179],[1.205536,49.884655],[1.205116,49.884153],[1.204089,49.883461],[1.203263,49.883139],[1.193093,49.882999],[1.190937,49.883068],[1.189891,49.883283],[1.187093,49.88411],[1.185113,49.884989],[1.184281,49.884891],[1.182771,49.884068],[1.182493,49.884066],[1.180313,49.885212],[1.180108,49.885076],[1.180118,49.884627],[1.178391,49.883313],[1.178576,49.882013],[1.178083,49.881167],[1.178151,49.880018],[1.177623,49.879001],[1.17705,49.879022],[1.175741,49.878506],[1.174867,49.877241],[1.173756,49.87723],[1.171021,49.877743],[1.167138,49.878728],[1.163654,49.87913],[1.163031,49.877711],[1.163738,49.877224],[1.162564,49.876898],[1.160871,49.877421],[1.156483,49.877863],[1.153889,49.87887],[1.151062,49.880288],[1.150716,49.880285],[1.147884,49.878087],[1.14818,49.877975],[1.148231,49.877555],[1.146767,49.877823],[1.146436,49.878144],[1.144842,49.878803],[1.143404,49.87805],[1.143709,49.876885],[1.143141,49.876735],[1.144004,49.876087],[1.144486,49.875432],[1.14361,49.875163],[1.143215,49.875197],[1.143097,49.874903],[1.143446,49.874492],[1.14231,49.874279],[1.142617,49.873343],[1.143015,49.872861],[1.142696,49.872665],[1.14274,49.872397],[1.144463,49.872554],[1.14522,49.872414],[1.144011,49.871667],[1.144493,49.871469],[1.144767,49.871043],[1.145458,49.870837],[1.145541,49.870398],[1.146237,49.870073],[1.146696,49.870176],[1.146943,49.869834],[1.148614,49.869738],[1.15033,49.869305],[1.151013,49.869406],[1.151394,49.869055],[1.152905,49.868343],[1.152844,49.867955],[1.154657,49.866806],[1.155457,49.865471],[1.157199,49.863585],[1.157734,49.863698],[1.157973,49.863614],[1.15884,49.862134],[1.159793,49.861994],[1.160392,49.861216],[1.160813,49.861578],[1.161132,49.861532],[1.16115,49.860756],[1.161829,49.860366],[1.162312,49.859711],[1.163549,49.859558],[1.164059,49.859108],[1.163978,49.85873],[1.164144,49.858564],[1.165252,49.858517],[1.16502,49.858125],[1.165614,49.858061],[1.165327,49.856958],[1.165547,49.856469],[1.165466,49.855878],[1.165857,49.855787],[1.165944,49.855517],[1.165243,49.854639],[1.165592,49.85443],[1.166436,49.854304],[1.166916,49.853942],[1.168222,49.853718],[1.168396,49.853289],[1.16903,49.853713],[1.169918,49.853686],[1.170507,49.852396],[1.170262,49.852136],[1.165666,49.851856],[1.164961,49.852506],[1.164346,49.852051],[1.163362,49.851793],[1.160029,49.851279],[1.158952,49.853525],[1.151095,49.850342],[1.149842,49.850464],[1.149403,49.850895],[1.149034,49.85063],[1.147765,49.850313],[1.145353,49.848422],[1.143549,49.847736],[1.139931,49.846826],[1.138051,49.846028],[1.136892,49.845205],[1.136193,49.845688],[1.137,49.846782],[1.137754,49.847194],[1.141675,49.848625],[1.141864,49.849006],[1.139853,49.84999],[1.137795,49.849203],[1.136578,49.850572],[1.138472,49.851162],[1.138614,49.851586],[1.132496,49.853513],[1.133015,49.85606],[1.131813,49.856413],[1.132096,49.858192],[1.131244,49.859209],[1.124665,49.863654],[1.124005,49.860909],[1.120817,49.859591],[1.11882,49.861552],[1.113774,49.859519],[1.100169,49.872869]]]}},{"type":"Feature","properties":{"uai_primary":"0760034Z","uai_all":"0760034Z","is_merged":false},"geometry":{"type":"Polygon","coordinates":[[[0.589376,49.71107],[0.591533,49.713565],[0.593237,49.714107],[0.595711,49.714594],[0.596494,49.715984],[0.597057,49.715695],[0.597624,49.714946],[0.598025,49.714704],[0.598419,49.715036],[0.598686,49.714904],[0.599148,49.715736],[0.599412,49.715667],[0.60143,49.717155],[0.604549,49.716261],[0.604674,49.716736],[0.605363,49.716521],[0.60644,49.717738],[0.609929,49.720494],[0.611144,49.720033],[0.611573,49.72063],[0.611812,49.720515],[0.614189,49.722171],[0.61718,49.720752],[0.619456,49.722952],[0.622117,49.72498],[0.623891,49.725926],[0.630294,49.718938],[0.635604,49.714824],[0.636731,49.714573],[0.637632,49.71411],[0.640503,49.713675],[0.644847,49.71276],[0.647603,49.711925],[0.648727,49.711384],[0.650164,49.712149],[0.652509,49.712546],[0.652603,49.712282],[0.657838,49.71321],[0.661047,49.715315],[0.664062,49.715928],[0.666136,49.71659],[0.667658,49.716883],[0.669672,49.718767],[0.672521,49.720229],[0.672207,49.720581],[0.672483,49.721065],[0.672663,49.72065],[0.673015,49.720496],[0.673697,49.71957],[0.67431,49.71909],[0.676103,49.718541],[0.67775,49.717613],[0.677885,49.717389],[0.677656,49.717163],[0.678236,49.71653],[0.678626,49.715585],[0.679552,49.714899],[0.680849,49.714336],[0.681217,49.713359],[0.682427,49.712991],[0.682913,49.712629],[0.684447,49.712021],[0.684558,49.711821],[0.684858,49.711808],[0.685489,49.711391],[0.68561,49.711459],[0.687152,49.710485],[0.687497,49.710093],[0.689312,49.709898],[0.689196,49.70943],[0.68979,49.708221],[0.688133,49.707368],[0.688926,49.706896],[0.689402,49.706007],[0.689309,49.70576],[0.688093,49.705434],[0.687116,49.70539],[0.686281,49.705065],[0.681436,49.705261],[0.679343,49.704747],[0.67622,49.702528],[0.674805,49.702207],[0.674123,49.699955],[0.671306,49.698238],[0.67328,49.696656],[0.675502,49.697038],[0.678392,49.693938],[0.678214,49.693856],[0.680135,49.692351],[0.679946,49.692249],[0.681045,49.69134],[0.679606,49.690508],[0.678835,49.690242],[0.681573,49.68828],[0.680936,49.687794],[0.679368,49.687255],[0.678566,49.686157],[0.678566,49.685851],[0.679243,49.685863],[0.681015,49.685258],[0.683191,49.685197],[0.683736,49.684946],[0.684247,49.684304],[0.684763,49.684025],[0.686144,49.683741],[0.687041,49.683823],[0.685704,49.681028],[0.684629,49.679688],[0.68447,49.679196],[0.684516,49.678503],[0.684985,49.678124],[0.685215,49.677583],[0.686435,49.677037],[0.683494,49.675535],[0.683284,49.675273],[0.683993,49.674646],[0.684469,49.672905],[0.683161,49.670273],[0.683398,49.66902],[0.683761,49.668454],[0.686077,49.666961],[0.686448,49.666564],[0.68584,49.665958],[0.686107,49.665334],[0.688226,49.664614],[0.689492,49.663424],[0.688843,49.662308],[0.689089,49.661223],[0.689948,49.660568],[0.691503,49.660602],[0.692311,49.659974],[0.692412,49.659371],[0.69172,49.658576],[0.68845,49.656116],[0.686231,49.654686],[0.683453,49.651906],[0.682606,49.651432],[0.681407,49.65115],[0.67975,49.65108],[0.678166,49.650697],[0.676733,49.649838],[0.674291,49.64729],[0.670557,49.645585],[0.667787,49.643842],[0.665849,49.643602],[0.665128,49.643688],[0.665313,49.643326],[0.666523,49.642384],[0.657527,49.638434],[0.658587,49.637368],[0.653447,49.635062],[0.659599,49.63409],[0.65896,49.633897],[0.659202,49.633403],[0.654379,49.632254],[0.651195,49.631013],[0.646007,49.630117],[0.646134,49.629604],[0.645943,49.629192],[0.645429,49.628863],[0.64494,49.628808],[0.645154,49.628698],[0.643771,49.628173],[0.64276,49.627379],[0.644423,49.626304],[0.642224,49.624881],[0.646582,49.622066],[0.647735,49.622436],[0.649456,49.621363],[0.645546,49.619766],[0.650445,49.615953],[0.652287,49.616562],[0.653007,49.615763],[0.651291,49.615108],[0.65248,49.613734],[0.653291,49.613794],[0.655191,49.611285],[0.654595,49.611116],[0.654707,49.610957],[0.642847,49.607504],[0.643102,49.60668],[0.641891,49.606321],[0.647049,49.60255],[0.647301,49.602445],[0.647429,49.602546],[0.648776,49.601907],[0.647712,49.601311],[0.647372,49.599297],[0.644844,49.597706],[0.642287,49.59557],[0.640903,49.593603],[0.640794,49.593542],[0.640272,49.593914],[0.636202,49.591844],[0.636937,49.59075],[0.633435,49.589493],[0.6308,49.592564],[0.630696,49.592949],[0.628393,49.591949],[0.628152,49.591524],[0.626179,49.592558],[0.623753,49.596258],[0.622409,49.597507],[0.620725,49.598446],[0.61774,49.599426],[0.617881,49.599792],[0.617184,49.600032],[0.613753,49.60054],[0.610617,49.601198],[0.61079,49.601879],[0.607017,49.60148],[0.60607,49.604787],[0.602031,49.603247],[0.600744,49.603196],[0.600298,49.603773],[0.59405,49.601982],[0.593058,49.60853],[0.577686,49.606598],[0.575301,49.611585],[0.573781,49.610861],[0.573221,49.611373],[0.572185,49.611075],[0.572021,49.611216],[0.571506,49.611067],[0.570682,49.611767],[0.569605,49.611318],[0.569464,49.611402],[0.565639,49.614969],[0.567307,49.615717],[0.564147,49.618743],[0.560428,49.617879],[0.559877,49.618251],[0.558215,49.617835],[0.55694,49.620529],[0.548899,49.618886],[0.548343,49.620326],[0.547841,49.620826],[0.551871,49.621924],[0.549965,49.623219],[0.547,49.624792],[0.543594,49.625605],[0.544552,49.626496],[0.542226,49.627772],[0.540856,49.628184],[0.541471,49.626641],[0.542608,49.624956],[0.5396,49.622072],[0.541488,49.621405],[0.540711,49.620497],[0.54243,49.618854],[0.542723,49.616378],[0.542229,49.615155],[0.540208,49.615054],[0.539346,49.614733],[0.536554,49.616903],[0.535598,49.618128],[0.52949,49.615952],[0.529728,49.61456],[0.526001,49.61415],[0.520704,49.613185],[0.517391,49.6162],[0.51907,49.616821],[0.511309,49.623097],[0.509469,49.622375],[0.506876,49.626213],[0.508028,49.626825],[0.507786,49.627308],[0.511794,49.632133],[0.507866,49.63367],[0.509234,49.636085],[0.507444,49.640003],[0.508301,49.641578],[0.507394,49.642608],[0.509305,49.643318],[0.509749,49.644079],[0.508079,49.644155],[0.504546,49.643543],[0.505013,49.642782],[0.504687,49.642762],[0.504452,49.643012],[0.5025,49.646109],[0.50254,49.64837],[0.504722,49.64878],[0.504031,49.650461],[0.502342,49.650277],[0.501724,49.652869],[0.501952,49.654481],[0.509011,49.655342],[0.512353,49.65539],[0.512601,49.655846],[0.51205,49.656036],[0.513157,49.657687],[0.513701,49.657552],[0.516112,49.659314],[0.512044,49.660698],[0.51354,49.661783],[0.514208,49.663112],[0.514327,49.666425],[0.514903,49.66976],[0.514703,49.670899],[0.515316,49.671959],[0.515445,49.672636],[0.514647,49.672759],[0.514096,49.673031],[0.515513,49.674703],[0.515232,49.675383],[0.515978,49.676283],[0.519036,49.675465],[0.521738,49.677553],[0.529952,49.674152],[0.532028,49.673966],[0.53131,49.672024],[0.542752,49.670789],[0.546148,49.673978],[0.544883,49.674673],[0.542507,49.676687],[0.544924,49.677711],[0.546087,49.678626],[0.54654,49.678514],[0.547989,49.680204],[0.545982,49.681636],[0.549607,49.686099],[0.547526,49.687143],[0.549784,49.688697],[0.551336,49.689105],[0.55065,49.690115],[0.551768,49.690472],[0.551461,49.691488],[0.554504,49.692202],[0.554669,49.691676],[0.558124,49.691872],[0.560398,49.692257],[0.564492,49.692325],[0.564263,49.692995],[0.563972,49.693034],[0.567171,49.697216],[0.568281,49.699374],[0.568373,49.70085],[0.569063,49.703426],[0.570674,49.705295],[0.571918,49.706353],[0.572236,49.706973],[0.571961,49.707059],[0.572796,49.709134],[0.575486,49.709803],[0.575214,49.708564],[0.575654,49.708256],[0.576601,49.708012],[0.579277,49.708712],[0.586332,49.711214],[0.586538,49.71142],[0.588299,49.712118],[0.589376,49.71107]]]}},{"type":"Feature","properties":{"uai_primary":"0760046M","uai_all":"0760046M","is_merged":false},"geometry":{"type":"Polygon","coordinates":[[[1.695125,49.575336],[1.694448,49.575041],[1.690354,49.578424],[1.691945,49.579613],[1.692616,49.579082],[1.693399,49.579491],[1.693909,49.579083],[1.696526,49.580252],[1.697073,49.57971],[1.699636,49.580774],[1.700864,49.579624],[1.699806,49.57905],[1.700477,49.578618],[1.70027,49.578312],[1.699174,49.57777],[1.697512,49.577693],[1.696289,49.577078],[1.695725,49.576627],[1.696504,49.575948],[1.695125,49.575336]],[[1.720099,49.395181],[1.719695,49.395635],[1.710988,49.390521],[1.71311,49.388348],[1.707418,49.38537],[1.706601,49.386593],[1.704821,49.385679],[1.700642,49.387785],[1.698937,49.390855],[1.697402,49.391154],[1.6967,49.39038],[1.69594,49.390583],[1.69508,49.390566],[1.692381,49.391193],[1.691077,49.391734],[1.694542,49.395108],[1.691578,49.397542],[1.688801,49.400122],[1.684807,49.401166],[1.683645,49.401676],[1.681956,49.402755],[1.680386,49.406261],[1.678817,49.405862],[1.678183,49.405922],[1.6752,49.405452],[1.67517,49.405614],[1.673454,49.405871],[1.667999,49.407245],[1.66701,49.406275],[1.666364,49.405047],[1.665499,49.403984],[1.664073,49.403096],[1.661799,49.400873],[1.660592,49.40007],[1.659523,49.39897],[1.65729,49.399013],[1.655143,49.400072],[1.654474,49.400706],[1.653763,49.40025],[1.652487,49.400946],[1.652176,49.400782],[1.651228,49.401108],[1.651138,49.402907],[1.647475,49.40323],[1.646567,49.403559],[1.64661,49.403976],[1.6453,49.404631],[1.644844,49.40518],[1.643871,49.405862],[1.643013,49.406163],[1.642333,49.405821],[1.641153,49.4056],[1.63933,49.406412],[1.638742,49.406819],[1.638673,49.407922],[1.637255,49.407823],[1.636679,49.408183],[1.636198,49.408057],[1.635119,49.408784],[1.634492,49.407994],[1.633239,49.408797],[1.631879,49.408305],[1.631829,49.408662],[1.63224,49.408821],[1.632042,49.409255],[1.631109,49.409184],[1.630993,49.409343],[1.631296,49.411042],[1.630679,49.411992],[1.630295,49.412004],[1.630276,49.412286],[1.629858,49.412257],[1.630003,49.411331],[1.629181,49.411423],[1.629133,49.41039],[1.628042,49.410703],[1.628346,49.412061],[1.628138,49.413867],[1.628323,49.415131],[1.624661,49.414621],[1.624478,49.414963],[1.624607,49.415602],[1.62201,49.415889],[1.621494,49.414903],[1.622209,49.414184],[1.621958,49.413691],[1.620562,49.413838],[1.618837,49.413256],[1.618736,49.412873],[1.618089,49.412648],[1.617348,49.412994],[1.615789,49.411893],[1.613943,49.409885],[1.608712,49.410579],[1.605428,49.411427],[1.60443,49.411814],[1.602912,49.413484],[1.605032,49.413767],[1.604658,49.41511],[1.602348,49.414874],[1.601573,49.415592],[1.599878,49.415955],[1.600161,49.417226],[1.597105,49.417552],[1.594248,49.418276],[1.593932,49.418602],[1.595312,49.418997],[1.598949,49.420728],[1.591966,49.423497],[1.591763,49.423982],[1.592024,49.425855],[1.59146,49.426641],[1.591451,49.426995],[1.591729,49.427294],[1.587188,49.429326],[1.586316,49.430397],[1.585664,49.430597],[1.585811,49.431184],[1.585167,49.431799],[1.580602,49.430935],[1.578998,49.43042],[1.578888,49.430613],[1.577691,49.430376],[1.577615,49.428107],[1.576194,49.426346],[1.575176,49.426305],[1.575116,49.427993],[1.575657,49.429073],[1.574964,49.429061],[1.575582,49.430205],[1.575133,49.430766],[1.575033,49.432195],[1.569775,49.431066],[1.568726,49.430749],[1.567382,49.429928],[1.568394,49.427644],[1.569485,49.425817],[1.569481,49.424003],[1.568891,49.421979],[1.568929,49.419418],[1.571134,49.414753],[1.569074,49.414424],[1.565646,49.414421],[1.562832,49.413819],[1.562691,49.414024],[1.560118,49.413918],[1.560097,49.414368],[1.556838,49.414131],[1.556756,49.413178],[1.551797,49.413271],[1.551363,49.410214],[1.547781,49.410325],[1.547846,49.409738],[1.544104,49.409357],[1.544078,49.413389],[1.537974,49.415101],[1.537525,49.415872],[1.535802,49.417349],[1.536585,49.417666],[1.534046,49.421172],[1.534816,49.421619],[1.533455,49.422355],[1.53178,49.424772],[1.531536,49.425586],[1.531572,49.427662],[1.533804,49.428374],[1.536954,49.429768],[1.538082,49.431384],[1.53971,49.432274],[1.539322,49.432563],[1.53882,49.43393],[1.539144,49.434186],[1.540157,49.43482],[1.541147,49.43519],[1.543998,49.435534],[1.544591,49.435727],[1.54421,49.43618],[1.545498,49.436543],[1.547273,49.436663],[1.54716,49.43768],[1.546458,49.439519],[1.546508,49.439861],[1.547396,49.441035],[1.550318,49.440562],[1.551091,49.44107],[1.552561,49.440994],[1.554554,49.441221],[1.55594,49.441947],[1.557416,49.441432],[1.560883,49.441386],[1.562036,49.440876],[1.563543,49.440747],[1.566342,49.439917],[1.568585,49.4399],[1.573147,49.440374],[1.576441,49.440491],[1.57766,49.443737],[1.578261,49.446875],[1.578984,49.446325],[1.584322,49.44492],[1.584671,49.444653],[1.585917,49.444212],[1.586123,49.444258],[1.591417,49.452703],[1.593611,49.452872],[1.594221,49.453037],[1.595339,49.45244],[1.598187,49.45176],[1.598989,49.451373],[1.604327,49.454309],[1.604174,49.454449],[1.605886,49.45577],[1.607763,49.454593],[1.607797,49.454432],[1.60798,49.454462],[1.609907,49.453417],[1.610938,49.453416],[1.614503,49.455145],[1.614645,49.455461],[1.617158,49.456735],[1.617402,49.45674],[1.618365,49.456212],[1.619167,49.456303],[1.623161,49.457448],[1.624581,49.458462],[1.625872,49.458609],[1.628525,49.456531],[1.630876,49.455162],[1.631216,49.455409],[1.631028,49.455533],[1.633982,49.458283],[1.632323,49.458975],[1.631842,49.459818],[1.633666,49.461289],[1.632837,49.461501],[1.631378,49.462493],[1.631386,49.462685],[1.632103,49.46326],[1.632119,49.463822],[1.632277,49.463797],[1.633297,49.464638],[1.633907,49.464566],[1.636531,49.465409],[1.635255,49.467052],[1.638361,49.468361],[1.640535,49.46979],[1.638701,49.470741],[1.639205,49.471539],[1.641316,49.472399],[1.64157,49.473022],[1.643552,49.47429],[1.64348,49.474514],[1.642925,49.474782],[1.641681,49.475043],[1.641944,49.475953],[1.638975,49.47633],[1.636761,49.476901],[1.635721,49.477353],[1.635368,49.478025],[1.634311,49.478648],[1.632518,49.478683],[1.631482,49.478901],[1.630856,49.479256],[1.630225,49.480061],[1.629738,49.480373],[1.627669,49.480451],[1.626217,49.480711],[1.62497,49.481198],[1.624414,49.481554],[1.624108,49.48272],[1.623687,49.483256],[1.61973,49.485209],[1.621162,49.486295],[1.62116,49.486475],[1.617684,49.488476],[1.616228,49.489051],[1.614975,49.488999],[1.61428,49.489399],[1.613927,49.48989],[1.613705,49.491021],[1.613003,49.491871],[1.61182,49.492671],[1.610019,49.493289],[1.607744,49.493275],[1.604019,49.494809],[1.603101,49.495275],[1.602389,49.496015],[1.601848,49.496236],[1.595413,49.497385],[1.592452,49.499747],[1.593091,49.499931],[1.593753,49.500421],[1.594091,49.500917],[1.594084,49.501367],[1.593385,49.501991],[1.592691,49.502346],[1.590893,49.502694],[1.590804,49.503017],[1.5913,49.503146],[1.590031,49.505033],[1.589264,49.505568],[1.587892,49.506181],[1.58944,49.507769],[1.589571,49.508219],[1.58929,49.508532],[1.588305,49.50893],[1.586021,49.509455],[1.585331,49.50945],[1.584509,49.509086],[1.581189,49.510763],[1.582067,49.511594],[1.578851,49.513003],[1.585274,49.522761],[1.591636,49.521723],[1.593554,49.522677],[1.594928,49.523135],[1.600648,49.524473],[1.605822,49.524468],[1.609474,49.524805],[1.608351,49.526145],[1.607176,49.526318],[1.606827,49.52654],[1.605902,49.528466],[1.605818,49.529588],[1.605951,49.529948],[1.606641,49.529953],[1.608164,49.529603],[1.607647,49.531899],[1.607885,49.53464],[1.608571,49.534913],[1.609608,49.53483],[1.610226,49.535013],[1.610153,49.535238],[1.609388,49.535772],[1.609033,49.536353],[1.608887,49.536981],[1.609086,49.537521],[1.609494,49.537973],[1.611205,49.538935],[1.612789,49.539215],[1.613894,49.539086],[1.614515,49.53918],[1.61575,49.539636],[1.616427,49.539564],[1.616747,49.539291],[1.617885,49.539809],[1.619119,49.541201],[1.608214,49.54897],[1.60766,49.549085],[1.607456,49.549471],[1.603619,49.552013],[1.603059,49.552549],[1.603948,49.553183],[1.603952,49.553349],[1.605022,49.553338],[1.606661,49.552472],[1.609007,49.551726],[1.612494,49.551119],[1.615622,49.550935],[1.616475,49.551684],[1.620301,49.553426],[1.620844,49.555001],[1.620294,49.55691],[1.621134,49.55697],[1.622698,49.556565],[1.623489,49.556888],[1.626879,49.558627],[1.628067,49.559631],[1.630964,49.561454],[1.63245,49.56272],[1.632482,49.563491],[1.633159,49.564431],[1.633082,49.564925],[1.632728,49.565424],[1.632156,49.565304],[1.630091,49.567255],[1.629166,49.567549],[1.62886,49.569706],[1.628972,49.571219],[1.63093,49.571073],[1.63203,49.571162],[1.63667,49.572886],[1.638394,49.575522],[1.640474,49.576092],[1.640674,49.576025],[1.642512,49.576377],[1.642868,49.576682],[1.643535,49.576595],[1.643474,49.57713],[1.643225,49.577261],[1.644144,49.57801],[1.644817,49.577906],[1.645219,49.579918],[1.646326,49.580305],[1.646946,49.580266],[1.647524,49.58069],[1.647889,49.580644],[1.648132,49.581277],[1.648391,49.581104],[1.648684,49.581194],[1.649953,49.581051],[1.650341,49.581521],[1.650523,49.581218],[1.650943,49.581115],[1.651084,49.580702],[1.651812,49.580884],[1.65217,49.580581],[1.653188,49.580921],[1.653731,49.580881],[1.653557,49.581026],[1.65369,49.58117],[1.65453,49.581019],[1.654566,49.580823],[1.655681,49.581042],[1.65609,49.580839],[1.658325,49.580648],[1.658592,49.580015],[1.659071,49.579638],[1.65886,49.57933],[1.65929,49.579004],[1.659185,49.578562],[1.659475,49.577925],[1.659473,49.577163],[1.659964,49.576951],[1.660353,49.576178],[1.661522,49.575611],[1.662447,49.574925],[1.663939,49.575128],[1.663859,49.575401],[1.664228,49.576109],[1.664093,49.577852],[1.665196,49.578654],[1.665203,49.579214],[1.666034,49.579723],[1.666661,49.579828],[1.667083,49.578774],[1.666763,49.578549],[1.666664,49.577584],[1.666279,49.576851],[1.666605,49.57645],[1.668389,49.575585],[1.668187,49.575132],[1.667808,49.574857],[1.667451,49.57391],[1.668311,49.572481],[1.669322,49.571363],[1.669336,49.570836],[1.669553,49.570724],[1.670469,49.570759],[1.671168,49.571226],[1.672394,49.572894],[1.672241,49.573368],[1.67298,49.574074],[1.673902,49.574319],[1.673956,49.574684],[1.674672,49.575114],[1.675506,49.574853],[1.675686,49.57455],[1.675438,49.574316],[1.675726,49.57417],[1.675405,49.573822],[1.675397,49.573259],[1.674696,49.572757],[1.674169,49.571861],[1.673133,49.571093],[1.672542,49.57023],[1.672729,49.569877],[1.673711,49.569376],[1.67551,49.568994],[1.675862,49.568761],[1.67632,49.56888],[1.676458,49.568728],[1.676254,49.568539],[1.676489,49.568261],[1.676298,49.568064],[1.674955,49.567433],[1.674089,49.56641],[1.674152,49.565298],[1.675214,49.564522],[1.675928,49.564736],[1.676914,49.565496],[1.677383,49.5662],[1.677505,49.567053],[1.678352,49.567364],[1.679103,49.568089],[1.680009,49.568489],[1.68043,49.568558],[1.68061,49.568458],[1.681525,49.568668],[1.681991,49.568603],[1.681657,49.568365],[1.681825,49.568097],[1.681274,49.567401],[1.680831,49.567367],[1.681099,49.566881],[1.682732,49.567338],[1.685062,49.567406],[1.69,49.568584],[1.694798,49.570547],[1.698276,49.572641],[1.699735,49.573891],[1.70224,49.575452],[1.701064,49.577075],[1.703288,49.577792],[1.704379,49.576425],[1.705976,49.577168],[1.707595,49.577541],[1.710568,49.577546],[1.710699,49.576612],[1.713099,49.577083],[1.714027,49.577651],[1.716219,49.574455],[1.719647,49.57069],[1.721255,49.568606],[1.724795,49.565227],[1.725445,49.564407],[1.727496,49.56291],[1.731618,49.560331],[1.733348,49.558962],[1.73294,49.557866],[1.733321,49.556981],[1.734353,49.55723],[1.734443,49.556895],[1.736628,49.557067],[1.741374,49.560393],[1.742874,49.561163],[1.74421,49.560377],[1.744532,49.560584],[1.746348,49.55962],[1.745196,49.558757],[1.746586,49.557963],[1.745778,49.557428],[1.746333,49.556791],[1.74824,49.555623],[1.751935,49.552215],[1.753072,49.552578],[1.754381,49.551528],[1.753437,49.550866],[1.754455,49.55032],[1.753554,49.54958],[1.760599,49.548668],[1.761216,49.548458],[1.764533,49.546268],[1.771234,49.546171],[1.772865,49.545922],[1.773514,49.545556],[1.7737,49.545396],[1.772465,49.544362],[1.770343,49.542969],[1.771039,49.542539],[1.76962,49.54168],[1.771306,49.540705],[1.770269,49.540059],[1.772571,49.538246],[1.773581,49.538858],[1.775718,49.537862],[1.776589,49.53862],[1.777076,49.538371],[1.777842,49.538906],[1.779006,49.538157],[1.77953,49.538506],[1.780068,49.537941],[1.782461,49.537429],[1.7852,49.535778],[1.786775,49.535197],[1.787446,49.535393],[1.789616,49.535179],[1.791654,49.535225],[1.7938,49.536562],[1.798298,49.538163],[1.799656,49.536635],[1.801102,49.53734],[1.802797,49.536459],[1.804789,49.533285],[1.804302,49.533068],[1.803636,49.533161],[1.802827,49.531378],[1.801661,49.529677],[1.80199,49.529589],[1.801708,49.52914],[1.799487,49.527787],[1.799548,49.527684],[1.798356,49.527257],[1.799096,49.52683],[1.799356,49.526396],[1.799135,49.525802],[1.799254,49.525226],[1.802344,49.525601],[1.802708,49.525567],[1.803585,49.524961],[1.80045,49.52406],[1.798529,49.52332],[1.797348,49.522681],[1.797259,49.521416],[1.79659,49.519975],[1.795663,49.520036],[1.795575,49.519424],[1.793639,49.518853],[1.792916,49.518308],[1.792203,49.518873],[1.78885,49.51692],[1.790064,49.516609],[1.789642,49.516296],[1.789378,49.51641],[1.788713,49.515933],[1.789159,49.515702],[1.78822,49.515205],[1.787589,49.512674],[1.787079,49.511627],[1.787392,49.51159],[1.785772,49.507816],[1.787167,49.507335],[1.787945,49.505776],[1.788862,49.505579],[1.789172,49.504828],[1.789862,49.504189],[1.790265,49.503474],[1.789833,49.502796],[1.789844,49.502067],[1.789045,49.50113],[1.787323,49.499951],[1.785953,49.499346],[1.785165,49.498762],[1.786565,49.498165],[1.787926,49.499131],[1.788982,49.498532],[1.789471,49.498868],[1.790776,49.498009],[1.790305,49.497206],[1.78891,49.495815],[1.787537,49.493468],[1.788874,49.491925],[1.787271,49.491723],[1.787472,49.490774],[1.788416,49.491168],[1.78899,49.490429],[1.788456,49.490068],[1.787483,49.489734],[1.787093,49.489935],[1.785206,49.490267],[1.784864,49.490424],[1.784799,49.490674],[1.784388,49.490608],[1.783662,49.490893],[1.78246,49.490714],[1.781162,49.491057],[1.77914,49.490845],[1.778669,49.490174],[1.778792,49.489558],[1.778212,49.48955],[1.777918,49.489155],[1.777334,49.489102],[1.776818,49.488555],[1.776822,49.488105],[1.776059,49.487753],[1.775938,49.487495],[1.775611,49.487522],[1.77495,49.4867],[1.772978,49.485896],[1.77196,49.484967],[1.775196,49.483639],[1.775727,49.483332],[1.776285,49.482666],[1.775146,49.480679],[1.773258,49.480002],[1.772661,49.478101],[1.773037,49.478004],[1.773126,49.477524],[1.773912,49.476526],[1.774467,49.476269],[1.77595,49.47603],[1.776563,49.473122],[1.775898,49.471409],[1.775031,49.47153],[1.773611,49.472019],[1.772391,49.470776],[1.77116,49.469144],[1.770667,49.469099],[1.768596,49.468088],[1.767749,49.467131],[1.765965,49.466008],[1.763525,49.466069],[1.761909,49.465897],[1.760509,49.464767],[1.760672,49.464095],[1.760317,49.463909],[1.760179,49.463554],[1.758438,49.46308],[1.75722,49.463006],[1.756211,49.461696],[1.755414,49.46162],[1.75488,49.461401],[1.754102,49.461419],[1.753837,49.4616],[1.753505,49.461403],[1.752096,49.461414],[1.752005,49.461265],[1.750451,49.460886],[1.749347,49.460053],[1.747938,49.459821],[1.747523,49.459515],[1.747864,49.459212],[1.747913,49.458639],[1.749214,49.457702],[1.750095,49.456789],[1.751043,49.456329],[1.751998,49.454691],[1.751829,49.453983],[1.75211,49.453535],[1.751436,49.453081],[1.751178,49.452392],[1.74923,49.45164],[1.747186,49.450946],[1.746763,49.451255],[1.746012,49.451282],[1.745659,49.450612],[1.745182,49.450699],[1.745077,49.450422],[1.743795,49.450297],[1.743673,49.449872],[1.742694,49.449918],[1.742598,49.449543],[1.74195,49.44978],[1.741467,49.449392],[1.739993,49.449093],[1.744338,49.442591],[1.740697,49.440545],[1.743322,49.439113],[1.748084,49.438072],[1.747227,49.437227],[1.749632,49.436169],[1.749803,49.434938],[1.749723,49.430777],[1.750975,49.430328],[1.752531,49.429338],[1.75359,49.42893],[1.754735,49.428642],[1.756021,49.428627],[1.757384,49.428284],[1.758061,49.42823],[1.760413,49.428873],[1.761069,49.429243],[1.763309,49.429973],[1.764722,49.4301],[1.766406,49.430012],[1.770164,49.429545],[1.771676,49.42881],[1.772409,49.428638],[1.772504,49.427959],[1.773426,49.428017],[1.778455,49.42715],[1.778735,49.42749],[1.7801,49.427051],[1.77983,49.426566],[1.77929,49.426661],[1.778489,49.425293],[1.778062,49.425411],[1.777788,49.424918],[1.774991,49.425428],[1.774847,49.425239],[1.773082,49.425677],[1.773035,49.424735],[1.772597,49.423862],[1.77137,49.423169],[1.771014,49.42324],[1.770386,49.422264],[1.766949,49.423153],[1.766465,49.422421],[1.766657,49.422359],[1.76496,49.4203],[1.762982,49.41842],[1.764651,49.417617],[1.76352,49.415928],[1.762443,49.415929],[1.760985,49.416148],[1.760754,49.415173],[1.759723,49.41419],[1.758966,49.412656],[1.759065,49.40994],[1.756704,49.409873],[1.754259,49.410146],[1.749172,49.410338],[1.74834,49.41028],[1.745492,49.409148],[1.752451,49.404235],[1.755959,49.405307],[1.756058,49.405155],[1.75659,49.405263],[1.756905,49.4055],[1.760559,49.403354],[1.762222,49.402642],[1.762671,49.402975],[1.767793,49.400202],[1.767641,49.40007],[1.768098,49.399846],[1.770944,49.399021],[1.77031,49.397081],[1.768867,49.396138],[1.767983,49.395331],[1.767429,49.390335],[1.766491,49.388729],[1.764602,49.383593],[1.763268,49.382258],[1.761967,49.380181],[1.762487,49.379979],[1.762375,49.379744],[1.761125,49.378776],[1.761489,49.378218],[1.761825,49.377937],[1.764227,49.377075],[1.766481,49.378719],[1.768231,49.379242],[1.769856,49.379222],[1.770688,49.378803],[1.771039,49.378787],[1.771943,49.3791],[1.772688,49.379654],[1.773874,49.379979],[1.775978,49.380113],[1.776105,49.379371],[1.776499,49.379483],[1.780122,49.376938],[1.774732,49.373535],[1.772674,49.372709],[1.771724,49.37202],[1.770805,49.371742],[1.769783,49.371132],[1.767458,49.370727],[1.766618,49.370781],[1.765731,49.370636],[1.761724,49.369295],[1.759534,49.368218],[1.759175,49.368383],[1.758355,49.368194],[1.758019,49.368246],[1.75775,49.368409],[1.757615,49.368956],[1.756494,49.368997],[1.756644,49.369775],[1.757068,49.370022],[1.75714,49.370279],[1.756775,49.370589],[1.754236,49.370767],[1.753458,49.370765],[1.752783,49.37044],[1.752038,49.370752],[1.750545,49.370585],[1.750228,49.370754],[1.749748,49.371637],[1.749338,49.371667],[1.74856,49.371345],[1.747984,49.371565],[1.747727,49.371953],[1.747881,49.372939],[1.747646,49.37347],[1.747868,49.374679],[1.747247,49.375244],[1.747037,49.375735],[1.746015,49.3758],[1.745357,49.376143],[1.745373,49.376378],[1.746337,49.37659],[1.746638,49.377124],[1.746623,49.377637],[1.746132,49.378217],[1.745419,49.378601],[1.745111,49.379176],[1.745185,49.380033],[1.744439,49.380807],[1.742929,49.381801],[1.741638,49.381147],[1.741236,49.381199],[1.739934,49.38204],[1.738665,49.382464],[1.736292,49.383677],[1.735834,49.384718],[1.735355,49.385265],[1.734677,49.385174],[1.734484,49.385278],[1.7341,49.386288],[1.732614,49.38841],[1.731059,49.389476],[1.730582,49.38945],[1.730085,49.389637],[1.73008,49.39073],[1.729739,49.390989],[1.729397,49.390775],[1.729,49.3908],[1.728695,49.391764],[1.727495,49.391457],[1.724676,49.392401],[1.721214,49.393078],[1.721051,49.393367],[1.721263,49.393839],[1.720478,49.39401],[1.720533,49.39456],[1.720099,49.395181]]]}},{"type":"Feature","properties":{"uai_primary":"0760049R","uai_all":"0760049R","is_merged":false},"geometry":{"type":"Polygon","coordinates":[[[1.024376,49.421413],[1.025388,49.421971],[1.028017,49.421329],[1.026977,49.419572],[1.02382,49.416981],[1.024157,49.416613],[1.024181,49.415087],[1.021552,49.413716],[1.020777,49.412013],[1.020945,49.410983],[1.021292,49.410432],[1.02308,49.410036],[1.024147,49.410443],[1.024795,49.41043],[1.025928,49.410675],[1.027216,49.411434],[1.029595,49.410503],[1.02999,49.410761],[1.031327,49.410472],[1.032148,49.409936],[1.03242,49.40953],[1.034838,49.409467],[1.035283,49.409278],[1.038072,49.409329],[1.0384,49.409725],[1.040265,49.409547],[1.042302,49.409009],[1.043317,49.408448],[1.044182,49.408453],[1.045517,49.407779],[1.046122,49.407862],[1.046823,49.407515],[1.04735,49.407512],[1.047684,49.40737],[1.047824,49.407],[1.048844,49.407165],[1.049489,49.406683],[1.050422,49.406803],[1.050972,49.406653],[1.051771,49.40666],[1.052508,49.406339],[1.051703,49.405572],[1.052134,49.404559],[1.052456,49.404468],[1.052243,49.403911],[1.051811,49.403726],[1.051083,49.404266],[1.049767,49.403467],[1.049554,49.402992],[1.048774,49.402719],[1.049307,49.401912],[1.050294,49.401615],[1.050968,49.40012],[1.050865,49.399677],[1.048942,49.39914],[1.048339,49.398597],[1.048112,49.398264],[1.048413,49.397983],[1.048385,49.397453],[1.047502,49.396548],[1.046718,49.394343],[1.044629,49.395307],[1.042821,49.395739],[1.040268,49.39577],[1.038092,49.394805],[1.036711,49.393912],[1.034176,49.395396],[1.032663,49.396766],[1.032039,49.396813],[1.03133,49.398067],[1.03047,49.398684],[1.029707,49.398493],[1.028954,49.397579],[1.027631,49.397928],[1.026829,49.397963],[1.026232,49.3984],[1.025781,49.398387],[1.023899,49.399228],[1.021354,49.400081],[1.021815,49.400685],[1.021545,49.401025],[1.021651,49.401405],[1.019561,49.40197],[1.019126,49.402461],[1.018076,49.402667],[1.017977,49.402493],[1.017211,49.402466],[1.017068,49.401905],[1.015128,49.402058],[1.014809,49.400857],[1.014262,49.401217],[1.012034,49.401333],[1.013127,49.406497],[1.014132,49.409461],[1.019144,49.418607],[1.020593,49.418361],[1.024376,49.421413]],[[1.04446,49.406298],[1.0451,49.406399],[1.045073,49.407015],[1.044799,49.407039],[1.04446,49.406298]],[[1.033179,49.428563],[1.030543,49.429833],[1.028944,49.431253],[1.030248,49.432337],[1.032621,49.430923],[1.033584,49.430725],[1.03362,49.430329],[1.034215,49.430199],[1.034841,49.429723],[1.033179,49.428563]]]}},{"type":"Feature","properties":{"uai_primary":"0760050S","uai_all":"0760050S","is_merged":false},"geometry":{"type":"Polygon","coordinates":[[[0.174348,49.506361],[0.174409,49.506782],[0.175293,49.507172],[0.174107,49.507291],[0.174289,49.508],[0.173785,49.508209],[0.17439,49.508536],[0.17435,49.508684],[0.173576,49.508801],[0.173078,49.509609],[0.173312,49.51001],[0.1727,49.510132],[0.172676,49.510334],[0.173915,49.510287],[0.174867,49.510561],[0.17449,49.513796],[0.175385,49.513476],[0.175917,49.513669],[0.176272,49.513635],[0.176903,49.513324],[0.177287,49.513959],[0.178246,49.514268],[0.1785,49.514953],[0.179222,49.51583],[0.18187,49.516979],[0.183398,49.515452],[0.183581,49.515505],[0.183413,49.514953],[0.183706,49.512169],[0.184622,49.510226],[0.184658,49.50967],[0.188552,49.505316],[0.189835,49.50509],[0.189766,49.504902],[0.189327,49.504705],[0.188515,49.503539],[0.186263,49.50326],[0.184524,49.503395],[0.182747,49.503138],[0.181186,49.503488],[0.179303,49.504822],[0.177535,49.50546],[0.175231,49.50503],[0.174706,49.505094],[0.17451,49.505606],[0.174779,49.505947],[0.174348,49.506361]],[[0.165721,49.509919],[0.165498,49.510078],[0.165888,49.51039],[0.16513,49.510517],[0.165329,49.510833],[0.164701,49.511047],[0.16487,49.511234],[0.164269,49.511317],[0.164171,49.511655],[0.163912,49.511595],[0.163631,49.511807],[0.164204,49.512083],[0.163303,49.512283],[0.163259,49.512581],[0.165407,49.512988],[0.16566,49.512865],[0.165191,49.512602],[0.165162,49.512409],[0.166063,49.512054],[0.166477,49.512144],[0.167159,49.512694],[0.167517,49.512426],[0.168152,49.512295],[0.16923,49.512664],[0.170275,49.512505],[0.170848,49.512088],[0.171356,49.512274],[0.17141,49.51252],[0.171705,49.512546],[0.172062,49.512154],[0.172329,49.511322],[0.172813,49.511111],[0.172511,49.51059],[0.171761,49.510692],[0.171339,49.510484],[0.16918,49.510514],[0.169088,49.510374],[0.168216,49.510198],[0.167455,49.510311],[0.16636,49.510161],[0.165721,49.509919]],[[0.167447,49.513031],[0.167148,49.512739],[0.166595,49.512927],[0.166971,49.513209],[0.167447,49.513031]]]}},{"type":"Feature","properties":{"uai_primary":"0760053V","uai_all":"0760053V","is_merged":false},"geometry":{"type":"Polygon","coordinates":[[[0.094264,49.480692],[0.09027,49.48242],[0.089457,49.484431],[0.089698,49.48443],[0.090381,49.482476],[0.096617,49.479714],[0.094264,49.480692]],[[0.111836,49.487191],[0.111837,49.487188],[0.111855,49.487147],[0.111786,49.487213],[0.111822,49.487228],[0.111834,49.487195],[0.111836,49.487191]],[[0.111774,49.487407],[0.111789,49.487345],[0.111701,49.487427],[0.111707,49.487425],[0.111774,49.487407]],[[0.093296,49.504689],[0.09501,49.504281],[0.096174,49.5036],[0.096146,49.502848],[0.095779,49.502577],[0.09601,49.502218],[0.097185,49.502394],[0.09756,49.502238],[0.097941,49.502275],[0.098283,49.502443],[0.098601,49.502024],[0.097892,49.501157],[0.097864,49.500417],[0.098331,49.499844],[0.099159,49.499697],[0.100569,49.500335],[0.1011,49.500358],[0.101767,49.500642],[0.102259,49.500647],[0.102875,49.500405],[0.103272,49.500481],[0.104722,49.500157],[0.104966,49.499934],[0.105469,49.499928],[0.105861,49.500731],[0.106305,49.500601],[0.10793,49.500689],[0.108767,49.500413],[0.108749,49.500583],[0.109202,49.500725],[0.10933,49.500961],[0.109685,49.500763],[0.109873,49.501097],[0.110221,49.500706],[0.110754,49.501345],[0.111866,49.501218],[0.112946,49.501682],[0.113362,49.501537],[0.113974,49.50174],[0.114425,49.501528],[0.113066,49.501247],[0.112473,49.500825],[0.111981,49.500934],[0.111353,49.50078],[0.112242,49.500007],[0.111531,49.499902],[0.110836,49.500559],[0.110329,49.500484],[0.10929,49.500157],[0.109395,49.499814],[0.108422,49.49938],[0.108085,49.499404],[0.107923,49.499099],[0.106834,49.499157],[0.107389,49.498322],[0.107856,49.498241],[0.10801,49.498025],[0.108457,49.497952],[0.109279,49.497399],[0.109757,49.497309],[0.110491,49.496506],[0.109919,49.49612],[0.109475,49.494685],[0.107867,49.493731],[0.107793,49.493397],[0.109546,49.493286],[0.109768,49.492787],[0.11002,49.492934],[0.110896,49.492858],[0.111007,49.492626],[0.110977,49.492198],[0.110588,49.491992],[0.110562,49.491473],[0.110108,49.490917],[0.110054,49.490331],[0.110378,49.490228],[0.110302,49.48944],[0.109578,49.489158],[0.110895,49.487921],[0.11177,49.486444],[0.111683,49.486153],[0.110844,49.485871],[0.110707,49.486028],[0.110409,49.485938],[0.11006,49.485667],[0.110133,49.48546],[0.109318,49.485212],[0.109573,49.484837],[0.108247,49.484406],[0.10813,49.484636],[0.107492,49.484452],[0.107414,49.484304],[0.10733,49.484393],[0.106217,49.484052],[0.105627,49.484196],[0.101665,49.483909],[0.10201,49.484009],[0.101249,49.484845],[0.097676,49.486515],[0.092648,49.487719],[0.097584,49.48668],[0.0979,49.486788],[0.098103,49.487227],[0.098297,49.487141],[0.098444,49.487253],[0.097635,49.48942],[0.097347,49.489661],[0.093576,49.489307],[0.097144,49.489755],[0.097061,49.489963],[0.097403,49.490017],[0.096698,49.491574],[0.095237,49.491163],[0.095169,49.491401],[0.094203,49.491642],[0.093866,49.491034],[0.093147,49.491198],[0.090726,49.486563],[0.090543,49.486566],[0.091895,49.489117],[0.092001,49.491206],[0.091677,49.493222],[0.088572,49.500064],[0.086295,49.501637],[0.085403,49.501921],[0.085752,49.502193],[0.086569,49.502008],[0.086751,49.502264],[0.088072,49.501773],[0.088582,49.501425],[0.091016,49.500935],[0.091406,49.501159],[0.091679,49.501123],[0.092029,49.503337],[0.0916,49.504481],[0.093296,49.504689]],[[0.095776,49.501487],[0.096329,49.501568],[0.096561,49.501875],[0.096033,49.50214],[0.095584,49.501841],[0.095776,49.501487]]]}},{"type":"Feature","properties":{"uai_primary":"0760069M","uai_all":"0760069M","is_merged":false},"geometry":{"type":"Polygon","coordinates":[[[0.122721,49.504303],[0.12342,49.505265],[0.124786,49.50546],[0.12539,49.505254],[0.125338,49.505876],[0.125054,49.506021],[0.125058,49.506304],[0.124583,49.506331],[0.124433,49.506115],[0.124576,49.505808],[0.123446,49.505428],[0.122999,49.505785],[0.122191,49.505731],[0.121796,49.505932],[0.12128,49.505881],[0.120254,49.506256],[0.12113,49.506941],[0.122011,49.506852],[0.122464,49.507133],[0.122901,49.506915],[0.12295,49.507494],[0.12583,49.507573],[0.126243,49.507391],[0.126097,49.507586],[0.126257,49.508304],[0.125937,49.508418],[0.12611,49.508934],[0.126487,49.508879],[0.126838,49.509103],[0.127603,49.509234],[0.127622,49.509851],[0.128746,49.51099],[0.128763,49.511281],[0.128273,49.511868],[0.128543,49.512648],[0.129825,49.513425],[0.12999,49.513921],[0.130714,49.514158],[0.131352,49.515156],[0.13288,49.516347],[0.134181,49.516848],[0.133385,49.518533],[0.133376,49.519271],[0.135788,49.521182],[0.133632,49.522159],[0.132831,49.522809],[0.132325,49.523637],[0.132559,49.52513],[0.132263,49.52613],[0.132695,49.526987],[0.133236,49.52727],[0.133242,49.526952],[0.135034,49.527326],[0.136991,49.524951],[0.143851,49.527274],[0.1441,49.527141],[0.144957,49.527658],[0.145823,49.527022],[0.145783,49.526803],[0.143083,49.523045],[0.145561,49.517583],[0.147277,49.517288],[0.149455,49.514398],[0.150083,49.513039],[0.14952,49.51211],[0.149716,49.51164],[0.148921,49.511653],[0.148581,49.511361],[0.148424,49.510838],[0.147956,49.510815],[0.147923,49.510277],[0.147316,49.510242],[0.147411,49.509877],[0.146829,49.509278],[0.146936,49.509077],[0.146613,49.508997],[0.146204,49.508242],[0.145824,49.508035],[0.145538,49.50733],[0.144141,49.506354],[0.144097,49.505941],[0.143637,49.50588],[0.143723,49.505585],[0.143289,49.505541],[0.143257,49.505369],[0.144163,49.504525],[0.142825,49.504594],[0.142615,49.504454],[0.142367,49.504628],[0.141538,49.50466],[0.140933,49.504397],[0.139859,49.50429],[0.139293,49.504],[0.139087,49.504487],[0.138671,49.50461],[0.13826,49.504194],[0.139118,49.503792],[0.138873,49.503478],[0.137399,49.503223],[0.136593,49.502809],[0.134888,49.502647],[0.134672,49.502752],[0.134847,49.503091],[0.134609,49.503368],[0.134528,49.504057],[0.136541,49.504286],[0.138042,49.504288],[0.137796,49.50448],[0.135339,49.504357],[0.134201,49.504529],[0.132503,49.505701],[0.132004,49.505611],[0.130149,49.505706],[0.128857,49.505482],[0.126192,49.503038],[0.125398,49.502831],[0.12404,49.502834],[0.122721,49.504303]],[[0.073832,49.517582],[0.074022,49.518051],[0.074524,49.518222],[0.075054,49.518212],[0.075419,49.517713],[0.075302,49.517368],[0.074833,49.516987],[0.074108,49.517218],[0.073832,49.517582]]]}},{"type":"Feature","properties":{"uai_primary":"0760075U","uai_all":"0760075U","is_merged":false},"geometry":{"type":"Polygon","coordinates":[[[0.993988,49.514076],[0.994112,49.514131],[0.99472,49.513467],[0.995558,49.514561],[0.995098,49.514885],[0.99847,49.51747],[1.003116,49.514905],[1.005195,49.512881],[1.006943,49.511858],[1.007807,49.511156],[1.008652,49.510936],[1.008906,49.510212],[1.012743,49.510957],[1.013962,49.511393],[1.014599,49.511303],[1.015439,49.511948],[1.016289,49.512207],[1.016779,49.512022],[1.017459,49.511186],[1.019624,49.511181],[1.021128,49.510842],[1.021563,49.510304],[1.022375,49.509986],[1.021327,49.509231],[1.021357,49.508808],[1.021783,49.508671],[1.023682,49.509014],[1.024059,49.507576],[1.027854,49.507071],[1.030107,49.507164],[1.030646,49.506893],[1.032193,49.508163],[1.032668,49.508131],[1.032833,49.506495],[1.033313,49.505442],[1.03445,49.504305],[1.035011,49.503312],[1.035169,49.503198],[1.035589,49.503335],[1.035957,49.502746],[1.036841,49.50204],[1.036524,49.50256],[1.038561,49.503148],[1.03862,49.502269],[1.039582,49.501677],[1.041072,49.499954],[1.042269,49.50002],[1.043884,49.499627],[1.044899,49.499753],[1.045801,49.499118],[1.045557,49.498832],[1.046322,49.498649],[1.046658,49.498088],[1.046909,49.498682],[1.047941,49.499017],[1.049145,49.497811],[1.051973,49.497738],[1.052097,49.497145],[1.052332,49.497029],[1.05233,49.496521],[1.052175,49.49594],[1.051782,49.495718],[1.051579,49.495204],[1.05177,49.494561],[1.051612,49.494186],[1.051821,49.494129],[1.051977,49.493209],[1.053376,49.490865],[1.053995,49.489486],[1.053743,49.489437],[1.054662,49.488377],[1.056068,49.487476],[1.056361,49.486987],[1.055647,49.48464],[1.0537,49.484503],[1.052588,49.484137],[1.051995,49.484368],[1.051005,49.484425],[1.050701,49.483731],[1.050072,49.483943],[1.049904,49.484285],[1.049474,49.484293],[1.049023,49.48385],[1.04962,49.482737],[1.0489,49.482064],[1.049666,49.481662],[1.0498,49.481229],[1.050757,49.481154],[1.051041,49.480681],[1.050862,49.480208],[1.051322,49.479662],[1.051267,49.479152],[1.049471,49.480068],[1.047807,49.480656],[1.047096,49.479454],[1.047093,49.478767],[1.049127,49.472954],[1.048713,49.473277],[1.046956,49.473223],[1.045908,49.473135],[1.044609,49.472761],[1.043931,49.473499],[1.042569,49.474084],[1.041915,49.47398],[1.04149,49.473694],[1.039904,49.473252],[1.038178,49.472137],[1.036927,49.471697],[1.037007,49.471003],[1.036416,49.469893],[1.036674,49.469269],[1.036269,49.468822],[1.036144,49.468122],[1.037801,49.465693],[1.033033,49.465688],[1.030989,49.465465],[1.01929,49.465207],[1.019506,49.461709],[1.012483,49.466646],[1.013565,49.467603],[1.012617,49.468305],[1.011328,49.467318],[1.008698,49.469243],[1.002413,49.470054],[0.995221,49.471181],[0.988183,49.474985],[0.984813,49.473706],[0.983796,49.473087],[0.982868,49.471877],[0.98294,49.471246],[0.983302,49.470596],[0.983193,49.470402],[0.980488,49.468935],[0.979707,49.468118],[0.975262,49.471707],[0.9767,49.472211],[0.980342,49.47412],[0.979668,49.475221],[0.977746,49.477126],[0.975756,49.479582],[0.980387,49.482334],[0.978765,49.48317],[0.977756,49.484057],[0.976236,49.487376],[0.972821,49.489705],[0.971591,49.490071],[0.970973,49.489852],[0.964524,49.489187],[0.963499,49.488509],[0.956733,49.49027],[0.955857,49.490713],[0.956527,49.491187],[0.957471,49.491465],[0.960218,49.491406],[0.960948,49.491514],[0.962117,49.492207],[0.963405,49.492661],[0.963799,49.493415],[0.966964,49.49525],[0.968056,49.495362],[0.969377,49.494864],[0.969985,49.494843],[0.97591,49.496688],[0.981225,49.499085],[0.983465,49.498034],[0.985279,49.500362],[0.985931,49.500072],[0.986519,49.500398],[0.988901,49.499399],[0.991195,49.50157],[0.990272,49.502916],[0.992019,49.503272],[0.992377,49.502816],[0.993059,49.50271],[0.993378,49.502231],[0.995426,49.503288],[0.994188,49.505825],[0.992773,49.507895],[0.990744,49.50831],[0.99148,49.510837],[0.991259,49.511187],[0.992057,49.512748],[0.993988,49.514076]]]}},{"type":"Feature","properties":{"uai_primary":"0760077W","uai_all":"0760077W","is_merged":false},"geometry":{"type":"Polygon","coordinates":[[[1.093345,49.459381],[1.093108,49.459366],[1.093011,49.459644],[1.092797,49.459476],[1.092622,49.459562],[1.092341,49.460107],[1.091891,49.459786],[1.092036,49.45965],[1.091659,49.459494],[1.091329,49.459542],[1.091604,49.459702],[1.091589,49.459929],[1.09107,49.459936],[1.09113,49.460601],[1.090824,49.460676],[1.090763,49.461151],[1.089919,49.4612],[1.089932,49.462402],[1.090423,49.462812],[1.090291,49.463691],[1.090711,49.464224],[1.09199,49.464471],[1.092964,49.464861],[1.093537,49.465517],[1.094159,49.465804],[1.094755,49.466657],[1.096783,49.467586],[1.097389,49.468241],[1.097793,49.468423],[1.097881,49.468797],[1.097518,49.468935],[1.096631,49.468666],[1.09533,49.468612],[1.0949,49.468745],[1.094575,49.469434],[1.093036,49.469747],[1.092177,49.469251],[1.090439,49.468979],[1.089657,49.468127],[1.089894,49.467347],[1.088897,49.467122],[1.088682,49.466258],[1.088203,49.466315],[1.088286,49.465742],[1.087523,49.465736],[1.088048,49.464836],[1.087481,49.464656],[1.086784,49.463535],[1.087153,49.463344],[1.087189,49.462887],[1.086483,49.462884],[1.086345,49.462434],[1.086749,49.462221],[1.086752,49.461774],[1.08621,49.461521],[1.086172,49.461033],[1.085529,49.460764],[1.085851,49.460305],[1.085113,49.459746],[1.085194,49.45942],[1.084407,49.459092],[1.083649,49.458234],[1.083766,49.457864],[1.08357,49.457224],[1.083861,49.456909],[1.083965,49.455561],[1.084589,49.455395],[1.085343,49.454598],[1.085712,49.454422],[1.086019,49.454457],[1.086047,49.454311],[1.086931,49.453998],[1.087611,49.45355],[1.088148,49.453507],[1.088202,49.453158],[1.087828,49.453106],[1.086841,49.453308],[1.08571,49.453996],[1.085032,49.45389],[1.084683,49.452987],[1.085093,49.452092],[1.083975,49.451192],[1.083799,49.450853],[1.083592,49.45086],[1.083461,49.451129],[1.082151,49.451031],[1.082172,49.450848],[1.080503,49.45112],[1.080568,49.451298],[1.078441,49.45188],[1.077573,49.452278],[1.078138,49.452827],[1.077213,49.453365],[1.07656,49.454547],[1.075808,49.454391],[1.073695,49.453349],[1.070193,49.452339],[1.070041,49.452619],[1.069583,49.452842],[1.069621,49.45321],[1.07022,49.45332],[1.070381,49.453496],[1.069755,49.456146],[1.068809,49.456175],[1.068792,49.456406],[1.066885,49.45622],[1.065933,49.456198],[1.065859,49.456358],[1.064938,49.456292],[1.064656,49.456194],[1.064751,49.45522],[1.063372,49.454628],[1.062872,49.45471],[1.061787,49.455873],[1.061522,49.455834],[1.060756,49.458495],[1.060656,49.460115],[1.061212,49.461002],[1.060781,49.463027],[1.059767,49.467051],[1.058704,49.468144],[1.059752,49.467752],[1.060918,49.467766],[1.058876,49.470642],[1.060696,49.470749],[1.061066,49.470834],[1.061061,49.470979],[1.062936,49.471522],[1.061482,49.472686],[1.063736,49.472038],[1.065652,49.471867],[1.067905,49.471261],[1.069296,49.471169],[1.067817,49.473928],[1.067849,49.474233],[1.068106,49.474404],[1.066902,49.475734],[1.066356,49.47687],[1.066105,49.477894],[1.066248,49.479832],[1.068592,49.478348],[1.069645,49.478229],[1.07076,49.478454],[1.073161,49.479546],[1.074099,49.479702],[1.077069,49.479888],[1.080299,49.479599],[1.081778,49.479658],[1.083788,49.48031],[1.085034,49.481519],[1.086248,49.481723],[1.088372,49.482438],[1.089632,49.482669],[1.091696,49.4826],[1.093236,49.483219],[1.097443,49.483713],[1.098027,49.483764],[1.098827,49.483496],[1.09901,49.482506],[1.100667,49.479226],[1.101454,49.474425],[1.101508,49.472061],[1.102245,49.469895],[1.101613,49.468727],[1.10242,49.468206],[1.101231,49.467298],[1.099044,49.463883],[1.096688,49.463209],[1.093605,49.46009],[1.093345,49.459381]]]}},{"type":"Feature","properties":{"uai_primary":"0760079Y","uai_all":"0760079Y","is_merged":false},"geometry":{"type":"Polygon","coordinates":[[[1.347577,49.69833],[1.343476,49.696038],[1.342862,49.696317],[1.341715,49.695392],[1.337401,49.692993],[1.326822,49.704185],[1.322155,49.706944],[1.318961,49.706914],[1.320181,49.7081],[1.322652,49.709027],[1.322537,49.710362],[1.322691,49.710802],[1.323916,49.712903],[1.325083,49.714024],[1.323388,49.715157],[1.321477,49.718255],[1.316369,49.720141],[1.309621,49.721919],[1.305659,49.724144],[1.309659,49.725997],[1.310811,49.726015],[1.314328,49.725586],[1.315885,49.725597],[1.317834,49.726487],[1.319965,49.727079],[1.323045,49.727229],[1.325923,49.72767],[1.327491,49.728244],[1.32883,49.72848],[1.331014,49.729677],[1.331552,49.730193],[1.330344,49.730539],[1.329305,49.730621],[1.32828,49.729848],[1.326352,49.72924],[1.325861,49.729604],[1.325514,49.729601],[1.323996,49.728592],[1.322474,49.728534],[1.322188,49.728981],[1.321552,49.729343],[1.320911,49.730497],[1.320701,49.73054],[1.31857,49.729759],[1.31774,49.729662],[1.317537,49.729837],[1.318479,49.730492],[1.31918,49.73152],[1.317909,49.731648],[1.318645,49.732841],[1.311554,49.733974],[1.311729,49.734806],[1.311452,49.735476],[1.310481,49.735808],[1.310843,49.73624],[1.313044,49.736011],[1.313053,49.735904],[1.314207,49.736023],[1.31676,49.736985],[1.318281,49.737208],[1.317959,49.738042],[1.318045,49.73906],[1.320872,49.74042],[1.322847,49.741067],[1.324677,49.743705],[1.327021,49.743731],[1.326594,49.745452],[1.324416,49.750361],[1.324469,49.751035],[1.324051,49.751642],[1.323301,49.753648],[1.326,49.754177],[1.324619,49.755844],[1.329915,49.761375],[1.335366,49.75931],[1.339021,49.760786],[1.341191,49.761027],[1.342186,49.761569],[1.342971,49.763083],[1.343117,49.763907],[1.344109,49.764131],[1.345229,49.764772],[1.346892,49.767176],[1.346957,49.767781],[1.347637,49.768764],[1.348119,49.76894],[1.349844,49.768158],[1.3516,49.77047],[1.351599,49.770605],[1.350393,49.771244],[1.351527,49.77201],[1.351429,49.772644],[1.351107,49.772661],[1.350663,49.773203],[1.350727,49.774155],[1.350476,49.774397],[1.349793,49.774552],[1.349443,49.774945],[1.348501,49.775278],[1.348312,49.775532],[1.348382,49.776004],[1.348761,49.775992],[1.349583,49.776609],[1.350345,49.776341],[1.350709,49.776435],[1.352283,49.77749],[1.354482,49.778495],[1.357632,49.781314],[1.358047,49.781362],[1.358467,49.781141],[1.35922,49.781641],[1.359073,49.782089],[1.359966,49.78259],[1.360172,49.782592],[1.362421,49.781083],[1.363517,49.781765],[1.365669,49.781647],[1.365997,49.782638],[1.366545,49.783002],[1.369244,49.784011],[1.369873,49.784128],[1.370632,49.784001],[1.372572,49.78401],[1.37725,49.784471],[1.38053,49.785247],[1.381962,49.784813],[1.382676,49.784313],[1.38294,49.783474],[1.382795,49.783229],[1.385936,49.780312],[1.389799,49.779999],[1.392236,49.779975],[1.393257,49.779317],[1.396345,49.778675],[1.397248,49.779391],[1.398633,49.780092],[1.403578,49.778317],[1.406113,49.776945],[1.408388,49.774968],[1.412221,49.772625],[1.412682,49.771866],[1.412646,49.771168],[1.418558,49.771266],[1.419956,49.772654],[1.420868,49.772992],[1.424013,49.775004],[1.425581,49.775817],[1.426923,49.776058],[1.428279,49.776629],[1.431997,49.778896],[1.432912,49.779102],[1.4339,49.779569],[1.435636,49.780933],[1.436492,49.780505],[1.437345,49.780527],[1.438718,49.780896],[1.439791,49.782431],[1.440541,49.782955],[1.440917,49.782909],[1.441416,49.783121],[1.441915,49.783861],[1.442648,49.784414],[1.443655,49.783771],[1.444387,49.78359],[1.446391,49.783801],[1.447623,49.784158],[1.455862,49.789645],[1.459869,49.791072],[1.463976,49.793101],[1.465476,49.793687],[1.465726,49.793251],[1.466309,49.793085],[1.466308,49.792666],[1.466883,49.792947],[1.46779,49.793812],[1.469867,49.795246],[1.476696,49.797561],[1.482772,49.800179],[1.485258,49.800907],[1.485047,49.801263],[1.485996,49.801585],[1.488599,49.802032],[1.490258,49.803376],[1.491695,49.804901],[1.495003,49.807523],[1.495121,49.808152],[1.497726,49.811286],[1.498741,49.812824],[1.500809,49.814367],[1.499657,49.815962],[1.499147,49.81744],[1.498445,49.817929],[1.497468,49.818236],[1.495787,49.818404],[1.495847,49.818899],[1.497526,49.818911],[1.501079,49.81932],[1.502934,49.819346],[1.50175,49.821667],[1.503584,49.822466],[1.499006,49.824715],[1.498552,49.825238],[1.498624,49.826116],[1.500576,49.826707],[1.502445,49.827852],[1.499616,49.830212],[1.500884,49.831006],[1.499712,49.831766],[1.501514,49.833256],[1.500174,49.833947],[1.496978,49.834144],[1.494252,49.834763],[1.494534,49.835556],[1.496861,49.839046],[1.502674,49.843918],[1.50493,49.846644],[1.509164,49.852538],[1.51324,49.857432],[1.515292,49.858364],[1.518753,49.860463],[1.524899,49.863739],[1.528646,49.861486],[1.528888,49.860455],[1.528636,49.85993],[1.527503,49.859046],[1.526608,49.85859],[1.521612,49.857479],[1.522696,49.854838],[1.523567,49.853308],[1.522587,49.852943],[1.523601,49.851929],[1.522341,49.850665],[1.522142,49.849845],[1.52391,49.848762],[1.521849,49.84801],[1.522916,49.847091],[1.523531,49.844506],[1.523758,49.844648],[1.525854,49.843427],[1.526974,49.842484],[1.527907,49.842862],[1.528811,49.843007],[1.533658,49.842715],[1.534064,49.842589],[1.533756,49.842188],[1.533781,49.840662],[1.533318,49.839167],[1.534477,49.839169],[1.536041,49.839666],[1.537256,49.838998],[1.537358,49.838747],[1.540207,49.838997],[1.540638,49.838102],[1.544055,49.834205],[1.54012,49.831926],[1.540532,49.831574],[1.540891,49.830768],[1.540686,49.830587],[1.540972,49.830005],[1.542719,49.830241],[1.543036,49.829668],[1.541667,49.829263],[1.542712,49.828373],[1.543266,49.827237],[1.542265,49.824917],[1.541627,49.824631],[1.544679,49.821468],[1.542623,49.820166],[1.543299,49.819377],[1.544305,49.819234],[1.545205,49.819615],[1.545392,49.820163],[1.546056,49.820836],[1.546918,49.820529],[1.548612,49.821572],[1.548007,49.817651],[1.547366,49.815897],[1.543465,49.800077],[1.541866,49.794574],[1.554868,49.791886],[1.554871,49.78011],[1.553464,49.779737],[1.550882,49.780798],[1.550605,49.780796],[1.549378,49.779441],[1.552523,49.7778],[1.552456,49.777621],[1.551012,49.776839],[1.552139,49.775724],[1.55278,49.77465],[1.554108,49.77394],[1.555564,49.77395],[1.555799,49.773053],[1.554794,49.77228],[1.554524,49.771808],[1.554867,49.7718],[1.555081,49.771631],[1.554247,49.770804],[1.553815,49.770639],[1.553989,49.770452],[1.552379,49.768624],[1.555621,49.768005],[1.558808,49.767043],[1.562242,49.766244],[1.564899,49.765391],[1.568546,49.761956],[1.570347,49.759547],[1.56804,49.758802],[1.567142,49.75808],[1.56807,49.756838],[1.567925,49.756465],[1.566584,49.755565],[1.565956,49.754805],[1.5663,49.754336],[1.565502,49.754029],[1.564623,49.752711],[1.56443,49.75259],[1.563367,49.752781],[1.562575,49.75145],[1.563304,49.750507],[1.563115,49.750085],[1.561534,49.749415],[1.561802,49.748786],[1.562925,49.749038],[1.56499,49.748505],[1.565863,49.748109],[1.566012,49.74823],[1.567499,49.748007],[1.56817,49.748693],[1.570611,49.748448],[1.571642,49.748223],[1.572232,49.747934],[1.572539,49.747586],[1.57239,49.747484],[1.570403,49.747315],[1.570293,49.746874],[1.571708,49.746961],[1.571618,49.746832],[1.573452,49.747003],[1.574395,49.746253],[1.573745,49.745936],[1.574569,49.744383],[1.572953,49.743103],[1.574829,49.741213],[1.575759,49.741828],[1.578537,49.742421],[1.578049,49.743614],[1.578047,49.744191],[1.58042,49.744668],[1.583096,49.74458],[1.583338,49.74435],[1.58828,49.746892],[1.590698,49.747356],[1.589757,49.749518],[1.590241,49.749802],[1.591877,49.749776],[1.592439,49.748615],[1.598907,49.748693],[1.599013,49.749693],[1.610467,49.74987],[1.611038,49.747651],[1.610065,49.74749],[1.610655,49.746378],[1.610581,49.74623],[1.610094,49.746122],[1.610851,49.744717],[1.609081,49.744313],[1.608696,49.744774],[1.608424,49.744822],[1.606259,49.744479],[1.607075,49.743242],[1.609207,49.740852],[1.610189,49.739099],[1.607507,49.73928],[1.606225,49.739624],[1.604697,49.739677],[1.604219,49.738984],[1.60325,49.73862],[1.601338,49.736893],[1.600636,49.736699],[1.599131,49.736746],[1.5973,49.736152],[1.596829,49.734149],[1.597091,49.734102],[1.596399,49.733257],[1.597065,49.733001],[1.59624,49.732287],[1.596318,49.731395],[1.595413,49.731096],[1.594996,49.730792],[1.595183,49.730533],[1.596226,49.730287],[1.597128,49.729774],[1.594858,49.728478],[1.594511,49.728565],[1.592596,49.726848],[1.604303,49.719098],[1.606578,49.717805],[1.605478,49.717723],[1.603953,49.717012],[1.600541,49.715816],[1.599839,49.715416],[1.601511,49.714061],[1.603764,49.712636],[1.608393,49.710384],[1.602995,49.707882],[1.599806,49.708448],[1.597777,49.70853],[1.591631,49.708369],[1.581198,49.707768],[1.576647,49.708697],[1.572663,49.708517],[1.568652,49.70769],[1.563188,49.707795],[1.560114,49.707701],[1.560461,49.708586],[1.556826,49.710825],[1.555996,49.711702],[1.553077,49.709524],[1.552396,49.709677],[1.551435,49.70828],[1.551461,49.708099],[1.553456,49.707044],[1.552921,49.70676],[1.553464,49.704859],[1.553417,49.704362],[1.552904,49.704036],[1.552349,49.702956],[1.55274,49.702818],[1.551802,49.701651],[1.55067,49.700897],[1.54903,49.7006],[1.548361,49.699666],[1.54866,49.699516],[1.548897,49.698908],[1.548261,49.698493],[1.548209,49.697284],[1.547744,49.697302],[1.547453,49.696635],[1.544974,49.693478],[1.542266,49.691775],[1.540678,49.689939],[1.538454,49.686608],[1.539626,49.686168],[1.540795,49.685929],[1.541444,49.686446],[1.543814,49.685311],[1.541667,49.684397],[1.540147,49.6831],[1.538183,49.68187],[1.537678,49.682385],[1.536471,49.683139],[1.536073,49.68306],[1.534654,49.682134],[1.533639,49.68226],[1.532493,49.683141],[1.531461,49.682861],[1.532155,49.681921],[1.533496,49.680993],[1.531167,49.679719],[1.530564,49.680089],[1.527899,49.678777],[1.524969,49.677817],[1.524792,49.678217],[1.52276,49.679628],[1.522198,49.680735],[1.521598,49.681315],[1.520013,49.682006],[1.519072,49.683006],[1.518349,49.683202],[1.518185,49.683573],[1.51781,49.68362],[1.518002,49.684442],[1.518636,49.684886],[1.518701,49.68541],[1.517404,49.686472],[1.516253,49.686653],[1.515717,49.686904],[1.515519,49.687413],[1.51588,49.688079],[1.515787,49.688249],[1.51508,49.688424],[1.514464,49.688974],[1.512128,49.688732],[1.510744,49.68902],[1.509572,49.689659],[1.509179,49.68962],[1.507543,49.690042],[1.506871,49.689981],[1.507453,49.688549],[1.507941,49.688418],[1.508014,49.688194],[1.507812,49.687743],[1.505123,49.687186],[1.505124,49.687051],[1.5061,49.686653],[1.505362,49.685248],[1.505371,49.684664],[1.507525,49.683188],[1.509086,49.681464],[1.508274,49.680692],[1.506849,49.680352],[1.505659,49.678402],[1.506074,49.678359],[1.506199,49.677542],[1.506455,49.677374],[1.506324,49.677162],[1.506038,49.677294],[1.506009,49.676802],[1.505274,49.676299],[1.505329,49.676085],[1.5039,49.675794],[1.503251,49.675392],[1.503471,49.675042],[1.503932,49.674908],[1.504441,49.675],[1.50552,49.674637],[1.505607,49.674217],[1.505327,49.674229],[1.505343,49.673995],[1.504769,49.673508],[1.504341,49.673492],[1.504483,49.672717],[1.505352,49.672559],[1.505462,49.672339],[1.505867,49.672282],[1.505926,49.67157],[1.506453,49.671413],[1.506939,49.670755],[1.506472,49.670331],[1.50657,49.67004],[1.506177,49.66965],[1.504899,49.668904],[1.505003,49.668189],[1.504552,49.668025],[1.504636,49.66751],[1.504083,49.666889],[1.504139,49.666627],[1.503578,49.666656],[1.503149,49.666469],[1.502747,49.666546],[1.501328,49.665898],[1.50119,49.665553],[1.501513,49.665426],[1.501285,49.664877],[1.500597,49.664548],[1.500765,49.66433],[1.50065,49.6641],[1.500123,49.663781],[1.49723,49.663489],[1.495803,49.663001],[1.494636,49.662275],[1.493687,49.662663],[1.493646,49.662253],[1.493352,49.662011],[1.490376,49.661234],[1.489421,49.661212],[1.487809,49.66064],[1.486787,49.660556],[1.485767,49.660063],[1.483828,49.660139],[1.480913,49.660747],[1.479441,49.660735],[1.478987,49.66006],[1.478029,49.659469],[1.477201,49.659374],[1.476434,49.659638],[1.476418,49.659896],[1.476098,49.659909],[1.474779,49.660543],[1.473535,49.662156],[1.473108,49.662403],[1.472884,49.664193],[1.473778,49.664604],[1.473562,49.66506],[1.474173,49.665738],[1.472993,49.668091],[1.466357,49.666444],[1.465889,49.667034],[1.462816,49.66658],[1.463385,49.665738],[1.46162,49.665172],[1.461838,49.666397],[1.46165,49.66945],[1.461774,49.671365],[1.465718,49.672701],[1.464683,49.6742],[1.461441,49.673597],[1.460247,49.678017],[1.459492,49.679263],[1.459658,49.67993],[1.457926,49.680418],[1.456181,49.67993],[1.454757,49.678765],[1.45315,49.678753],[1.452041,49.678924],[1.451205,49.679188],[1.450241,49.679754],[1.448546,49.681376],[1.448203,49.681812],[1.448209,49.682132],[1.44741,49.681981],[1.44653,49.681361],[1.445248,49.681201],[1.444634,49.681358],[1.444512,49.681117],[1.443334,49.68088],[1.442873,49.680638],[1.442358,49.680669],[1.442348,49.68087],[1.441983,49.681032],[1.441101,49.681026],[1.440744,49.681329],[1.439921,49.681369],[1.439393,49.680719],[1.439585,49.680597],[1.439688,49.679939],[1.4403,49.679138],[1.440474,49.67836],[1.438353,49.677332],[1.438141,49.677511],[1.437726,49.677552],[1.436615,49.676802],[1.434724,49.675871],[1.43424,49.675565],[1.434842,49.67504],[1.432998,49.674913],[1.431832,49.674311],[1.431771,49.673817],[1.429214,49.6729],[1.428943,49.672628],[1.428886,49.671954],[1.425317,49.672216],[1.424462,49.671693],[1.424769,49.671073],[1.421668,49.669241],[1.421115,49.669237],[1.419815,49.668419],[1.418785,49.668052],[1.418221,49.668586],[1.417943,49.668629],[1.417324,49.6684],[1.417039,49.668937],[1.416486,49.668843],[1.416258,49.669201],[1.415981,49.669243],[1.414948,49.668966],[1.412549,49.667735],[1.405811,49.665385],[1.405408,49.664708],[1.404863,49.664299],[1.403554,49.66402],[1.405294,49.662136],[1.404527,49.661917],[1.403856,49.661918],[1.390254,49.673112],[1.378448,49.668979],[1.375303,49.668551],[1.375666,49.66946],[1.375101,49.670084],[1.372915,49.671549],[1.371962,49.674325],[1.371479,49.674321],[1.371049,49.675036],[1.370902,49.675529],[1.371294,49.676798],[1.371216,49.677247],[1.370184,49.678552],[1.369953,49.678596],[1.368234,49.677537],[1.366568,49.677066],[1.366016,49.677062],[1.365737,49.677631],[1.36493,49.677805],[1.362034,49.677963],[1.360978,49.677727],[1.359501,49.678728],[1.359893,49.679713],[1.35911,49.681749],[1.359143,49.683166],[1.358501,49.684917],[1.3552,49.684527],[1.354892,49.686187],[1.354479,49.686048],[1.353584,49.686798],[1.354824,49.688246],[1.355928,49.689094],[1.353163,49.692558],[1.348761,49.69113],[1.348547,49.691443],[1.349853,49.691902],[1.349919,49.692083],[1.348531,49.69433],[1.352547,49.694845],[1.350009,49.697418],[1.347577,49.69833]]]}},{"type":"Feature","properties":{"uai_primary":"0760083C","uai_all":"0760083C","is_merged":false},"geometry":{"type":"Polygon","coordinates":[[[1.026389,49.324215],[1.025888,49.324973],[1.023674,49.327093],[1.027266,49.327583],[1.028541,49.327287],[1.029439,49.32789],[1.030198,49.328036],[1.031192,49.328005],[1.032309,49.328586],[1.032985,49.328578],[1.033848,49.32829],[1.035317,49.328719],[1.036346,49.328425],[1.03698,49.328918],[1.038627,49.329194],[1.039574,49.329088],[1.04131,49.32804],[1.042176,49.328086],[1.042917,49.328395],[1.045518,49.328489],[1.049698,49.3289],[1.053462,49.329899],[1.054219,49.329862],[1.054674,49.330009],[1.053924,49.330263],[1.053127,49.331325],[1.052249,49.331703],[1.050464,49.332876],[1.049086,49.334763],[1.048121,49.335097],[1.047714,49.335097],[1.047113,49.336379],[1.046196,49.335804],[1.045418,49.335557],[1.042054,49.335284],[1.040528,49.334976],[1.038148,49.334086],[1.036989,49.333303],[1.036476,49.333304],[1.035292,49.333967],[1.034,49.33527],[1.033801,49.335642],[1.0342,49.336475],[1.033926,49.336774],[1.029914,49.338378],[1.027906,49.341],[1.027531,49.34177],[1.02684,49.341879],[1.02421,49.342778],[1.025618,49.344823],[1.025768,49.344801],[1.026256,49.345875],[1.02843,49.348639],[1.029232,49.350047],[1.02617,49.351396],[1.030965,49.354267],[1.031587,49.355443],[1.034047,49.358582],[1.056712,49.365416],[1.057941,49.367128],[1.065058,49.365018],[1.091226,49.356775],[1.092147,49.357489],[1.093058,49.358649],[1.094346,49.361866],[1.094422,49.362641],[1.094015,49.364855],[1.09379,49.364922],[1.093756,49.365249],[1.095363,49.365279],[1.098665,49.364763],[1.110264,49.364053],[1.110662,49.364759],[1.113553,49.36454],[1.113564,49.364653],[1.121097,49.364436],[1.121102,49.364651],[1.122599,49.364657],[1.123813,49.364966],[1.124833,49.362229],[1.125304,49.359917],[1.126408,49.359924],[1.126499,49.354202],[1.125936,49.351586],[1.125232,49.349927],[1.124469,49.349183],[1.122268,49.34874],[1.122,49.348519],[1.12012,49.346126],[1.119667,49.344437],[1.11923,49.343609],[1.118351,49.342593],[1.117443,49.341913],[1.115167,49.340681],[1.113324,49.340098],[1.112032,49.339417],[1.111092,49.339122],[1.111302,49.338778],[1.110519,49.338517],[1.106025,49.337637],[1.10486,49.337797],[1.104099,49.336],[1.10449,49.335143],[1.103372,49.335016],[1.102053,49.335143],[1.101178,49.33529],[1.100192,49.335839],[1.096552,49.336288],[1.092829,49.33565],[1.087473,49.33409],[1.085533,49.333778],[1.078236,49.333179],[1.070103,49.331676],[1.067243,49.3309],[1.063539,49.329256],[1.060875,49.328434],[1.0559,49.32733],[1.048205,49.325972],[1.046347,49.325494],[1.044091,49.324605],[1.043337,49.32526],[1.039777,49.324972],[1.034053,49.324841],[1.032409,49.324928],[1.028963,49.324773],[1.026389,49.324215]]]}},{"type":"Feature","properties":{"uai_primary":"0760086F","uai_all":"0760086F","is_merged":false},"geometry":{"type":"Polygon","coordinates":[[[1.011241,49.395542],[1.012034,49.401333],[1.014262,49.401217],[1.014809,49.400857],[1.015128,49.402058],[1.017068,49.401905],[1.017211,49.402466],[1.017977,49.402493],[1.018076,49.402667],[1.019272,49.402431],[1.019561,49.40197],[1.021651,49.401405],[1.021545,49.401025],[1.021815,49.400685],[1.021354,49.400081],[1.023899,49.399228],[1.025781,49.398387],[1.026232,49.3984],[1.026829,49.397963],[1.027631,49.397928],[1.028954,49.397579],[1.029707,49.398493],[1.03047,49.398684],[1.03133,49.398067],[1.032039,49.396813],[1.032663,49.396766],[1.033534,49.395871],[1.034631,49.395094],[1.04154,49.391178],[1.043044,49.393675],[1.058448,49.392453],[1.06359,49.375007],[1.056712,49.365416],[1.041066,49.360662],[1.03814,49.362511],[1.036917,49.363121],[1.034599,49.363909],[1.032488,49.364427],[1.028283,49.3646],[1.024726,49.365603],[1.019583,49.368497],[1.004865,49.375001],[1.007068,49.377876],[1.008634,49.380842],[1.009905,49.385727],[1.011241,49.395542]]]}},{"type":"Feature","properties":{"uai_primary":"0760100W","uai_all":"0760100W","is_merged":false},"geometry":{"type":"Polygon","coordinates":[[[1.122057,49.449103],[1.122062,49.449662],[1.119985,49.450855],[1.119244,49.449558],[1.118924,49.449298],[1.118636,49.449275],[1.116644,49.449677],[1.11621,49.450073],[1.115863,49.450908],[1.118325,49.452123],[1.121316,49.452767],[1.123474,49.454073],[1.13015,49.460044],[1.131178,49.461292],[1.131467,49.4626],[1.134534,49.46269],[1.134338,49.463215],[1.13497,49.463227],[1.134985,49.463604],[1.135449,49.463638],[1.13604,49.463432],[1.137026,49.462651],[1.138814,49.461901],[1.139647,49.461363],[1.140294,49.459407],[1.140938,49.459043],[1.139746,49.457652],[1.139494,49.457547],[1.138867,49.457843],[1.138294,49.457857],[1.138182,49.457154],[1.137878,49.45689],[1.137958,49.456438],[1.137291,49.456179],[1.137343,49.455842],[1.138108,49.455803],[1.138151,49.455522],[1.137507,49.45523],[1.137123,49.454796],[1.135295,49.454134],[1.135281,49.453931],[1.136366,49.45259],[1.134709,49.451322],[1.13276,49.448522],[1.132904,49.44797],[1.132291,49.446134],[1.13306,49.443949],[1.132414,49.443002],[1.130824,49.443029],[1.130289,49.442771],[1.130071,49.442419],[1.129998,49.441351],[1.129719,49.441012],[1.129266,49.44099],[1.128995,49.440445],[1.128551,49.440403],[1.128207,49.440691],[1.128374,49.440891],[1.129099,49.441133],[1.12895,49.441338],[1.129568,49.441493],[1.129045,49.441946],[1.129084,49.442926],[1.128091,49.443909],[1.128591,49.444207],[1.128643,49.444451],[1.128125,49.444593],[1.128148,49.444972],[1.127693,49.445027],[1.127644,49.445359],[1.127233,49.44552],[1.127128,49.445929],[1.126575,49.445949],[1.1265,49.446068],[1.127104,49.447039],[1.126645,49.447236],[1.126513,49.446652],[1.126014,49.446609],[1.125971,49.447011],[1.125428,49.447211],[1.123794,49.446314],[1.123229,49.446509],[1.121608,49.445998],[1.121248,49.446453],[1.121545,49.447249],[1.122474,49.447347],[1.123135,49.448268],[1.122057,49.449103]]]}},{"type":"Feature","properties":{"uai_primary":"0760101X","uai_all":"0760101X","is_merged":false},"geometry":{"type":"Polygon","coordinates":[[[1.038073,49.295393],[1.035082,49.2949],[1.029703,49.293717],[1.025872,49.293281],[1.022156,49.29321],[1.007333,49.293627],[1.007488,49.294622],[1.005391,49.295209],[0.998865,49.298437],[0.996954,49.299924],[0.994395,49.302976],[0.994526,49.303734],[0.99637,49.307152],[0.999169,49.310052],[1.000127,49.310723],[1.000919,49.31167],[1.00154,49.313095],[1.002045,49.313628],[1.004686,49.315673],[1.006375,49.316516],[1.010773,49.317557],[1.013328,49.318457],[1.017113,49.311886],[1.016262,49.311481],[1.020885,49.306517],[1.02365,49.302631],[1.02585,49.303202],[1.027177,49.303269],[1.026368,49.305608],[1.028366,49.306209],[1.02895,49.305413],[1.034158,49.306691],[1.034321,49.306084],[1.034944,49.30582],[1.035491,49.305881],[1.041778,49.308083],[1.043005,49.305756],[1.044223,49.306022],[1.046117,49.304081],[1.046282,49.30415],[1.047894,49.302663],[1.041039,49.300817],[1.041492,49.30004],[1.041259,49.299918],[1.042888,49.29684],[1.038073,49.295393]]]}},{"type":"Feature","properties":{"uai_primary":"0760105B","uai_all":"0760105B","is_merged":false},"geometry":{"type":"Polygon","coordinates":[[[1.184751,49.93634],[1.184403,49.93648],[1.184338,49.936717],[1.184776,49.936854],[1.184751,49.93634]],[[1.225797,49.95424],[1.22566,49.954489],[1.226736,49.954216],[1.22707,49.953962],[1.227366,49.952975],[1.226396,49.953574],[1.225797,49.95424]],[[1.355813,49.878459],[1.353604,49.877767],[1.352504,49.877121],[1.350789,49.875311],[1.349379,49.87311],[1.348695,49.87268],[1.350178,49.870759],[1.345237,49.867894],[1.343593,49.866705],[1.342125,49.86364],[1.336322,49.858555],[1.334423,49.856195],[1.334224,49.855744],[1.334364,49.855701],[1.327919,49.848006],[1.327784,49.84778],[1.328352,49.847201],[1.328362,49.846752],[1.327957,49.846066],[1.330742,49.846469],[1.333094,49.847106],[1.335677,49.84614],[1.334197,49.845019],[1.331206,49.84203],[1.325964,49.83737],[1.320408,49.833528],[1.319509,49.832748],[1.319102,49.832883],[1.318774,49.829674],[1.317284,49.824399],[1.316551,49.822903],[1.314058,49.819155],[1.311614,49.819898],[1.309361,49.821177],[1.309333,49.821472],[1.307537,49.821749],[1.305618,49.82184],[1.303353,49.821743],[1.303315,49.821533],[1.302578,49.821457],[1.297912,49.820042],[1.29703,49.819497],[1.296554,49.819458],[1.295562,49.818587],[1.2941,49.81983],[1.293891,49.819828],[1.293009,49.818877],[1.292339,49.817749],[1.288537,49.813666],[1.287936,49.812538],[1.287955,49.811632],[1.286372,49.809634],[1.287608,49.809174],[1.288503,49.809049],[1.289164,49.808374],[1.290775,49.807655],[1.290865,49.806718],[1.291548,49.80592],[1.292189,49.805682],[1.292252,49.805165],[1.292663,49.804803],[1.292007,49.804482],[1.291422,49.803959],[1.291413,49.803573],[1.287827,49.800682],[1.286681,49.799115],[1.286038,49.797588],[1.285484,49.796865],[1.283704,49.795772],[1.283039,49.795652],[1.283047,49.794771],[1.283795,49.793811],[1.283225,49.793525],[1.284132,49.792534],[1.283664,49.792294],[1.283003,49.792793],[1.282601,49.792319],[1.282247,49.792695],[1.280976,49.791779],[1.280745,49.791904],[1.277787,49.790144],[1.268996,49.793513],[1.267642,49.79036],[1.263792,49.793132],[1.259832,49.790855],[1.261004,49.789898],[1.265072,49.786948],[1.266904,49.789901],[1.268917,49.789114],[1.267036,49.786179],[1.265345,49.78418],[1.261556,49.78165],[1.258829,49.780809],[1.251013,49.781308],[1.251112,49.784277],[1.251765,49.786124],[1.252934,49.787779],[1.252548,49.788175],[1.2516,49.78738],[1.250611,49.786999],[1.250112,49.786967],[1.248665,49.787803],[1.247705,49.788075],[1.24584,49.786925],[1.242792,49.786762],[1.23689,49.789627],[1.233836,49.790559],[1.232464,49.791694],[1.229718,49.793513],[1.231221,49.79456],[1.231498,49.794572],[1.232765,49.793721],[1.233937,49.794346],[1.234429,49.794418],[1.234801,49.793201],[1.236096,49.794299],[1.23809,49.795125],[1.241173,49.796859],[1.240889,49.797216],[1.241601,49.797694],[1.240325,49.798805],[1.237379,49.800795],[1.235989,49.801508],[1.23573,49.801362],[1.234029,49.802458],[1.233674,49.802952],[1.232198,49.803836],[1.231921,49.803834],[1.231331,49.802257],[1.229218,49.803091],[1.22894,49.803088],[1.22847,49.802366],[1.230865,49.80131],[1.229885,49.798598],[1.228593,49.797374],[1.230218,49.796041],[1.230228,49.795592],[1.22961,49.795272],[1.227607,49.794886],[1.226132,49.795771],[1.225327,49.797058],[1.220544,49.800454],[1.222927,49.802081],[1.225522,49.805075],[1.223664,49.805149],[1.222113,49.805522],[1.219025,49.802316],[1.217557,49.801963],[1.216822,49.802107],[1.216363,49.80167],[1.216103,49.800744],[1.21554,49.799813],[1.21417,49.798983],[1.211497,49.800674],[1.210083,49.801873],[1.207798,49.801088],[1.206422,49.800324],[1.203421,49.801727],[1.203186,49.802007],[1.202303,49.802258],[1.201478,49.802307],[1.198554,49.801915],[1.198531,49.802245],[1.198872,49.802523],[1.198038,49.802605],[1.195874,49.803168],[1.196003,49.803618],[1.194396,49.804142],[1.193544,49.805032],[1.199293,49.808507],[1.19929,49.808642],[1.191385,49.810902],[1.190404,49.811297],[1.190333,49.811431],[1.192725,49.813034],[1.190324,49.814853],[1.18867,49.814343],[1.188255,49.814294],[1.187905,49.814426],[1.187321,49.815094],[1.187506,49.816128],[1.186454,49.816612],[1.186372,49.817195],[1.185671,49.817503],[1.185105,49.817991],[1.184788,49.819486],[1.185328,49.819997],[1.185871,49.820926],[1.185592,49.820969],[1.185823,49.823036],[1.185335,49.823121],[1.185255,49.823614],[1.185628,49.825504],[1.185406,49.82613],[1.184246,49.827744],[1.184018,49.82855],[1.184138,49.829405],[1.184667,49.830576],[1.186152,49.832432],[1.188799,49.831972],[1.188792,49.831304],[1.190023,49.830672],[1.190947,49.829739],[1.191508,49.829474],[1.193806,49.829141],[1.194639,49.828809],[1.195807,49.828698],[1.195859,49.828067],[1.195564,49.827845],[1.193601,49.827203],[1.194909,49.826408],[1.195284,49.825738],[1.196662,49.8262],[1.197884,49.827424],[1.198786,49.827432],[1.200408,49.826452],[1.202106,49.825793],[1.203092,49.826332],[1.204599,49.825769],[1.204936,49.825884],[1.206347,49.825123],[1.206554,49.82517],[1.208436,49.82798],[1.207945,49.8282],[1.20801,49.82838],[1.209232,49.829604],[1.210069,49.829432],[1.2128,49.831579],[1.210641,49.831773],[1.209513,49.832624],[1.207746,49.833231],[1.206924,49.83516],[1.20559,49.836673],[1.20559,49.837424],[1.203164,49.840342],[1.2022,49.840656],[1.201831,49.841258],[1.198934,49.842948],[1.190524,49.846037],[1.185423,49.848199],[1.183992,49.848186],[1.183204,49.848515],[1.182496,49.848302],[1.181651,49.848267],[1.180914,49.847719],[1.179399,49.847302],[1.177098,49.847719],[1.174331,49.848437],[1.172758,49.848449],[1.17293,49.847769],[1.171926,49.848108],[1.171374,49.848884],[1.170929,49.848951],[1.170925,49.849421],[1.170207,49.849948],[1.17072,49.850214],[1.170678,49.850588],[1.171171,49.850963],[1.17104,49.851156],[1.171325,49.851716],[1.171143,49.851845],[1.170621,49.851734],[1.170339,49.851883],[1.170262,49.852136],[1.170507,49.852396],[1.17008,49.853028],[1.170028,49.853637],[1.16903,49.853713],[1.168357,49.853297],[1.168222,49.853718],[1.166916,49.853942],[1.166436,49.854304],[1.165592,49.85443],[1.165218,49.854673],[1.165944,49.855517],[1.165857,49.855787],[1.165466,49.855878],[1.165547,49.856469],[1.165327,49.856958],[1.165614,49.858061],[1.16502,49.858125],[1.165252,49.858517],[1.164144,49.858564],[1.163978,49.85873],[1.164059,49.859108],[1.163549,49.859558],[1.162312,49.859711],[1.161829,49.860366],[1.16115,49.860756],[1.161132,49.861532],[1.160813,49.861578],[1.160392,49.861216],[1.159793,49.861994],[1.15884,49.862134],[1.157973,49.863614],[1.157734,49.863698],[1.157199,49.863585],[1.155457,49.865471],[1.154657,49.866806],[1.152844,49.867955],[1.152905,49.868343],[1.152689,49.868473],[1.151394,49.869055],[1.151013,49.869406],[1.15033,49.869305],[1.148614,49.869738],[1.146943,49.869834],[1.146696,49.870176],[1.146237,49.870073],[1.145541,49.870398],[1.145458,49.870837],[1.144767,49.871043],[1.144493,49.871469],[1.144011,49.871667],[1.145261,49.87239],[1.144463,49.872554],[1.14274,49.872397],[1.142696,49.872665],[1.143015,49.872861],[1.142617,49.873343],[1.14231,49.874279],[1.143446,49.874492],[1.143097,49.874903],[1.143215,49.875197],[1.14361,49.875163],[1.144486,49.875432],[1.144004,49.876087],[1.143141,49.876735],[1.143709,49.876885],[1.143404,49.87805],[1.144842,49.878803],[1.146436,49.878144],[1.146767,49.877823],[1.148231,49.877555],[1.14818,49.877975],[1.147884,49.878087],[1.150716,49.880285],[1.151062,49.880288],[1.153889,49.87887],[1.156483,49.877863],[1.160871,49.877421],[1.162564,49.876898],[1.163738,49.877224],[1.163031,49.877711],[1.163654,49.87913],[1.167138,49.878728],[1.171021,49.877743],[1.173756,49.87723],[1.174867,49.877241],[1.175741,49.878506],[1.17705,49.879022],[1.177623,49.879001],[1.178151,49.880018],[1.178083,49.881167],[1.178576,49.882013],[1.178391,49.883313],[1.180118,49.884627],[1.180108,49.885076],[1.180313,49.885212],[1.182493,49.884066],[1.182771,49.884068],[1.184281,49.884891],[1.185113,49.884989],[1.187093,49.88411],[1.190937,49.883068],[1.203263,49.883139],[1.204089,49.883461],[1.205116,49.884153],[1.207474,49.887497],[1.209038,49.889002],[1.209642,49.889951],[1.209825,49.891165],[1.21078,49.891982],[1.211414,49.897205],[1.209279,49.89943],[1.207177,49.900218],[1.205298,49.900335],[1.205592,49.902098],[1.203301,49.901933],[1.202819,49.902226],[1.200921,49.902473],[1.200517,49.902132],[1.198785,49.901801],[1.197064,49.900272],[1.196786,49.900436],[1.196134,49.899233],[1.195716,49.898794],[1.195466,49.898822],[1.19589,49.900158],[1.196144,49.9021],[1.19593,49.902169],[1.195581,49.901863],[1.194639,49.903243],[1.192602,49.903512],[1.192046,49.904755],[1.190021,49.904592],[1.189933,49.904744],[1.19032,49.904864],[1.191817,49.905058],[1.191831,49.90568],[1.193168,49.906117],[1.192599,49.907364],[1.192834,49.909297],[1.192543,49.909851],[1.191821,49.90989],[1.190585,49.909665],[1.190342,49.911249],[1.193232,49.911393],[1.193801,49.912628],[1.192128,49.913483],[1.193138,49.913672],[1.191874,49.914235],[1.19109,49.91508],[1.189825,49.918759],[1.189876,49.919568],[1.191076,49.921869],[1.192863,49.923439],[1.190815,49.923626],[1.190999,49.924032],[1.190175,49.924204],[1.191198,49.925111],[1.192037,49.92617],[1.191726,49.926329],[1.194014,49.927293],[1.194972,49.927975],[1.195938,49.928299],[1.196842,49.928307],[1.197822,49.928047],[1.199786,49.928677],[1.200669,49.928217],[1.201907,49.928857],[1.201043,49.929523],[1.205338,49.930919],[1.205046,49.931535],[1.20465,49.931801],[1.203883,49.93192],[1.203376,49.932212],[1.203772,49.932511],[1.20508,49.933161],[1.207171,49.933584],[1.208544,49.93436],[1.211027,49.935326],[1.213349,49.935727],[1.213802,49.935967],[1.213715,49.937465],[1.212869,49.940328],[1.219721,49.944577],[1.225227,49.945983],[1.232375,49.948692],[1.243264,49.947203],[1.246854,49.949531],[1.25171,49.955385],[1.249671,49.958274],[1.246483,49.961173],[1.254635,49.968203],[1.256902,49.970357],[1.258633,49.971082],[1.264145,49.971926],[1.267873,49.973963],[1.269148,49.975943],[1.27203,49.978769],[1.272085,49.979508],[1.273209,49.98194],[1.274741,49.982665],[1.28163,49.989627],[1.281925,49.990653],[1.285405,49.992197],[1.289693,49.995254],[1.293959,49.996872],[1.294845,49.996354],[1.295715,49.997537],[1.296038,49.997659],[1.300829,49.994236],[1.29933,49.992565],[1.30043,49.992012],[1.304128,49.989588],[1.305874,49.990859],[1.307105,49.991464],[1.30919,49.993102],[1.310141,49.992762],[1.309835,49.992532],[1.310506,49.991913],[1.311402,49.992409],[1.312094,49.991943],[1.310766,49.990846],[1.310424,49.990994],[1.308987,49.990193],[1.307949,49.989809],[1.303074,49.985425],[1.303039,49.985286],[1.306571,49.985451],[1.308059,49.985156],[1.306023,49.981977],[1.305583,49.979638],[1.308731,49.978971],[1.313567,49.977511],[1.314532,49.97882],[1.318951,49.976558],[1.318607,49.976094],[1.319777,49.975837],[1.320318,49.976725],[1.32125,49.976467],[1.322504,49.977356],[1.323403,49.977633],[1.324044,49.977593],[1.324257,49.977371],[1.324604,49.977463],[1.326389,49.97869],[1.327139,49.979459],[1.3276,49.98082],[1.328156,49.980824],[1.328721,49.980469],[1.328351,49.980156],[1.328617,49.979846],[1.328765,49.978969],[1.32861,49.977642],[1.328104,49.9764],[1.327974,49.9725],[1.328339,49.971649],[1.329263,49.970387],[1.322436,49.966341],[1.32113,49.963972],[1.320506,49.962215],[1.320433,49.96116],[1.320583,49.959038],[1.320846,49.958471],[1.320968,49.952271],[1.320363,49.950093],[1.31888,49.948418],[1.317144,49.945763],[1.316768,49.943878],[1.321281,49.940545],[1.323312,49.939334],[1.339129,49.928632],[1.339678,49.928808],[1.340018,49.929214],[1.342644,49.930098],[1.343616,49.933549],[1.348011,49.933735],[1.351709,49.933269],[1.354231,49.933242],[1.357442,49.932685],[1.357926,49.932476],[1.356802,49.92945],[1.359244,49.929021],[1.358491,49.928386],[1.358497,49.928117],[1.359006,49.926954],[1.360095,49.925301],[1.364886,49.922053],[1.36874,49.918537],[1.371246,49.917435],[1.371458,49.917212],[1.371191,49.916672],[1.369525,49.916515],[1.369552,49.915123],[1.370318,49.914994],[1.371569,49.91505],[1.371563,49.915363],[1.374279,49.915843],[1.374627,49.915846],[1.375123,49.915347],[1.376026,49.915444],[1.37864,49.91322],[1.385048,49.909588],[1.386814,49.908076],[1.38719,49.906588],[1.388852,49.906411],[1.389225,49.90544],[1.38966,49.905066],[1.390327,49.904693],[1.395281,49.90288],[1.396986,49.901533],[1.398301,49.90089],[1.39646,49.897632],[1.39381,49.898132],[1.392329,49.897147],[1.391281,49.896734],[1.391144,49.896598],[1.39179,49.89629],[1.389015,49.89528],[1.3888,49.895593],[1.388521,49.895636],[1.38812,49.894779],[1.387423,49.894909],[1.387152,49.894538],[1.384449,49.894113],[1.38304,49.895179],[1.382831,49.895178],[1.378682,49.889329],[1.377859,49.890544],[1.376112,49.892027],[1.374343,49.891286],[1.371325,49.889152],[1.371048,49.889104],[1.368881,49.889806],[1.368122,49.888812],[1.367094,49.888041],[1.367275,49.886597],[1.36486,49.884961],[1.364001,49.884742],[1.362165,49.882837],[1.362093,49.882311],[1.360476,49.88135],[1.358933,49.880022],[1.358709,49.879604],[1.356782,49.878692],[1.355813,49.878459]],[[1.223849,49.925516],[1.226042,49.925612],[1.226419,49.926121],[1.227568,49.926862],[1.229114,49.927277],[1.230638,49.927557],[1.231139,49.92716],[1.231893,49.927001],[1.233937,49.928899],[1.236208,49.931692],[1.235501,49.935001],[1.235664,49.935346],[1.235187,49.935362],[1.233821,49.936682],[1.222576,49.93379],[1.222642,49.932829],[1.221812,49.932597],[1.224766,49.928584],[1.224771,49.928359],[1.224011,49.928128],[1.223326,49.928929],[1.222281,49.927744],[1.223556,49.926678],[1.223849,49.925516]],[[1.2367,49.935682],[1.237005,49.935837],[1.237353,49.935736],[1.237381,49.93609],[1.237093,49.936474],[1.236291,49.936713],[1.234684,49.936733],[1.235776,49.935472],[1.236145,49.935462],[1.236212,49.935618],[1.235618,49.936691],[1.2367,49.935682]],[[1.238275,49.936331],[1.238129,49.936483],[1.237693,49.936415],[1.237816,49.936099],[1.238215,49.935948],[1.238284,49.936316],[1.238667,49.935942],[1.238745,49.936269],[1.238956,49.93538],[1.239754,49.935612],[1.240079,49.935858],[1.240346,49.935643],[1.240493,49.935622],[1.240557,49.935875],[1.241265,49.935606],[1.241179,49.936165],[1.240817,49.935979],[1.240488,49.936122],[1.240238,49.935863],[1.240075,49.936464],[1.2391,49.935627],[1.239805,49.937169],[1.239634,49.93757],[1.239073,49.937074],[1.238742,49.936342],[1.238613,49.936249],[1.238275,49.936331]],[[1.241803,49.936559],[1.241898,49.936741],[1.242522,49.936583],[1.242345,49.93693],[1.242627,49.937037],[1.242205,49.937293],[1.24108,49.937055],[1.241619,49.936401],[1.24216,49.936206],[1.241803,49.936559]],[[1.24309,49.937383],[1.24294,49.937451],[1.243041,49.937137],[1.24309,49.937383]]]}},{"type":"Feature","properties":{"uai_primary":"0760108E","uai_all":"0760108E","is_merged":false},"geometry":{"type":"Polygon","coordinates":[[[0.750408,49.87092],[0.760371,49.871592],[0.764756,49.871484],[0.768459,49.8717],[0.778087,49.87321],[0.778963,49.87347],[0.782934,49.873919],[0.788855,49.874952],[0.795739,49.876955],[0.796332,49.876978],[0.798625,49.877526],[0.798747,49.877414],[0.801113,49.878148],[0.80121,49.877972],[0.801915,49.878125],[0.808322,49.880495],[0.814624,49.882092],[0.822176,49.88503],[0.829347,49.888373],[0.830142,49.888326],[0.831331,49.888554],[0.833249,49.889182],[0.833395,49.889345],[0.835034,49.889408],[0.837081,49.889029],[0.838064,49.889141],[0.838889,49.889003],[0.839633,49.889055],[0.841519,49.883512],[0.84459,49.88355],[0.848169,49.883802],[0.848191,49.884127],[0.849194,49.884793],[0.850051,49.884523],[0.849966,49.883392],[0.851959,49.883377],[0.853112,49.883693],[0.853577,49.88322],[0.852982,49.881368],[0.852837,49.881775],[0.85201,49.882063],[0.849792,49.882245],[0.848338,49.878037],[0.848254,49.875647],[0.848707,49.87365],[0.848765,49.871915],[0.853952,49.872238],[0.852678,49.868872],[0.854995,49.868409],[0.859545,49.868433],[0.859613,49.865395],[0.860516,49.865407],[0.860507,49.863296],[0.861356,49.859921],[0.861287,49.858218],[0.858724,49.858288],[0.858022,49.858263],[0.856977,49.857976],[0.855919,49.858138],[0.853288,49.857994],[0.855233,49.856728],[0.853091,49.855644],[0.853919,49.85517],[0.85508,49.853202],[0.857696,49.850187],[0.859887,49.849383],[0.853216,49.84706],[0.851492,49.84668],[0.846855,49.846001],[0.846678,49.845207],[0.836869,49.84585],[0.836717,49.845484],[0.828917,49.844824],[0.831295,49.84137],[0.82792,49.839939],[0.828547,49.839725],[0.826433,49.835907],[0.827134,49.835712],[0.826232,49.834282],[0.825162,49.834465],[0.823262,49.831616],[0.823534,49.831549],[0.823118,49.830847],[0.821255,49.828343],[0.820607,49.826047],[0.819448,49.826342],[0.819056,49.824639],[0.82057,49.824384],[0.820762,49.824163],[0.820771,49.823894],[0.819831,49.822841],[0.819854,49.822565],[0.821712,49.82026],[0.824621,49.818141],[0.825457,49.81776],[0.825879,49.817213],[0.825861,49.816317],[0.820562,49.812319],[0.819386,49.811234],[0.815496,49.808562],[0.818468,49.806906],[0.820182,49.808115],[0.8283,49.804562],[0.83055,49.80639],[0.832346,49.807483],[0.834487,49.806399],[0.835157,49.805333],[0.836841,49.804062],[0.837162,49.80418],[0.8389,49.80316],[0.841575,49.802014],[0.843677,49.801902],[0.843023,49.798179],[0.843316,49.798182],[0.842785,49.791062],[0.843949,49.791687],[0.844878,49.790667],[0.845116,49.790733],[0.846196,49.789364],[0.845626,49.789196],[0.845812,49.788812],[0.839015,49.785911],[0.838738,49.784564],[0.833001,49.783084],[0.82589,49.782415],[0.825765,49.784121],[0.821846,49.78368],[0.817785,49.783515],[0.817779,49.783738],[0.812609,49.784756],[0.812844,49.785223],[0.811239,49.786174],[0.806249,49.79015],[0.806824,49.790795],[0.806204,49.792198],[0.804799,49.79404],[0.803279,49.795586],[0.79826,49.799158],[0.791109,49.794946],[0.788808,49.793018],[0.792846,49.788027],[0.793077,49.783457],[0.792757,49.778414],[0.793313,49.777237],[0.794452,49.773201],[0.79575,49.770803],[0.795803,49.769558],[0.788846,49.76956],[0.788622,49.76918],[0.785242,49.769083],[0.784597,49.766568],[0.774137,49.766416],[0.773175,49.774513],[0.774571,49.776108],[0.771599,49.781728],[0.770588,49.781477],[0.769596,49.783143],[0.766861,49.782556],[0.767146,49.781883],[0.761462,49.78346],[0.761265,49.779882],[0.757653,49.779241],[0.755839,49.778809],[0.754853,49.778412],[0.753091,49.778196],[0.753081,49.778393],[0.751497,49.778618],[0.74348,49.776858],[0.737679,49.775171],[0.736119,49.775],[0.73354,49.774966],[0.733533,49.77519],[0.72797,49.775647],[0.728206,49.778757],[0.731342,49.778664],[0.731776,49.780774],[0.728025,49.780918],[0.729839,49.782638],[0.727897,49.78386],[0.72837,49.784328],[0.725198,49.785687],[0.726385,49.786808],[0.725072,49.787169],[0.725816,49.788007],[0.723468,49.788895],[0.723657,49.790098],[0.722235,49.790211],[0.720782,49.790564],[0.718783,49.790676],[0.718778,49.790856],[0.720129,49.794161],[0.721366,49.795929],[0.722663,49.797454],[0.727367,49.801836],[0.72761,49.801719],[0.729781,49.802626],[0.730195,49.802568],[0.732035,49.803767],[0.734991,49.803492],[0.733445,49.806243],[0.732719,49.807994],[0.732419,49.810905],[0.732151,49.811621],[0.729026,49.810597],[0.728328,49.810108],[0.726993,49.810343],[0.726341,49.810217],[0.726246,49.810489],[0.72434,49.809748],[0.723041,49.809632],[0.723044,49.810601],[0.722011,49.81072],[0.720878,49.809835],[0.718355,49.811816],[0.718007,49.811818],[0.717862,49.812307],[0.707536,49.812285],[0.707426,49.812747],[0.702956,49.811466],[0.70134,49.810456],[0.698895,49.809974],[0.699,49.809444],[0.697939,49.809241],[0.697064,49.809841],[0.697048,49.809418],[0.695374,49.810099],[0.692388,49.811022],[0.692946,49.811406],[0.683553,49.814501],[0.677168,49.809779],[0.676813,49.810095],[0.67225,49.805873],[0.667732,49.807617],[0.667328,49.80646],[0.666101,49.806652],[0.663483,49.805048],[0.662498,49.80587],[0.662546,49.806243],[0.659804,49.805885],[0.659561,49.806045],[0.658327,49.80585],[0.657121,49.80659],[0.655089,49.806917],[0.652775,49.808131],[0.651847,49.808982],[0.651364,49.81056],[0.651341,49.812261],[0.650308,49.812797],[0.650796,49.814036],[0.648704,49.814906],[0.647956,49.815067],[0.647378,49.815434],[0.646091,49.817317],[0.647285,49.818078],[0.648375,49.81741],[0.650258,49.81797],[0.649206,49.819259],[0.649947,49.819347],[0.649425,49.820675],[0.65546,49.821663],[0.654292,49.823792],[0.656018,49.824507],[0.655873,49.824646],[0.656162,49.824772],[0.65435,49.82788],[0.655202,49.828031],[0.653919,49.830477],[0.656068,49.83094],[0.655301,49.830873],[0.652806,49.835609],[0.65414,49.836064],[0.652373,49.837772],[0.655636,49.838517],[0.652918,49.842502],[0.655984,49.843258],[0.654782,49.84413],[0.653528,49.844456],[0.654853,49.846275],[0.650944,49.852246],[0.649041,49.854684],[0.648531,49.856043],[0.647881,49.856587],[0.646951,49.858047],[0.646046,49.858563],[0.647222,49.858986],[0.646791,49.859481],[0.647575,49.859744],[0.646208,49.861932],[0.645277,49.863967],[0.648084,49.864097],[0.653371,49.86552],[0.656171,49.865397],[0.658323,49.865572],[0.660008,49.8659],[0.661273,49.866337],[0.665511,49.866998],[0.669339,49.867192],[0.673217,49.86691],[0.675298,49.867163],[0.677729,49.867669],[0.680304,49.868533],[0.685793,49.869591],[0.691054,49.870953],[0.694208,49.871322],[0.69859,49.871284],[0.701426,49.871612],[0.708471,49.872985],[0.709004,49.873174],[0.708727,49.873573],[0.710448,49.871868],[0.710035,49.871882],[0.710175,49.871426],[0.711177,49.870807],[0.71165,49.870938],[0.711472,49.870862],[0.711882,49.870265],[0.711787,49.869777],[0.71098,49.86936],[0.710902,49.869051],[0.710864,49.868606],[0.711078,49.868751],[0.711402,49.868506],[0.712262,49.869424],[0.712496,49.870474],[0.712975,49.870634],[0.712882,49.870753],[0.71244,49.870685],[0.712062,49.871181],[0.710751,49.872163],[0.710998,49.872001],[0.711405,49.8721],[0.710865,49.872958],[0.710034,49.873327],[0.710923,49.872994],[0.711931,49.871603],[0.713472,49.8707],[0.71496,49.870274],[0.715564,49.870269],[0.715746,49.87012],[0.717283,49.870081],[0.717807,49.87024],[0.717812,49.86996],[0.717994,49.869913],[0.719468,49.870005],[0.719473,49.869488],[0.720903,49.869227],[0.723006,49.869466],[0.726424,49.869465],[0.733504,49.870373],[0.73662,49.870349],[0.740101,49.870879],[0.743904,49.871031],[0.747228,49.870692],[0.750408,49.87092]]]}},{"type":"Feature","properties":{"uai_primary":"0760116N","uai_all":"0760116N","is_merged":false},"geometry":{"type":"Polygon","coordinates":[[[0.584345,49.746388],[0.587924,49.744464],[0.589431,49.745491],[0.59036,49.746601],[0.591382,49.746316],[0.592456,49.746604],[0.591905,49.747218],[0.594854,49.748552],[0.597118,49.750712],[0.597536,49.748082],[0.598895,49.748027],[0.598821,49.747279],[0.599202,49.744543],[0.600221,49.742299],[0.604892,49.742352],[0.610693,49.742168],[0.611852,49.742298],[0.612685,49.742753],[0.614731,49.743176],[0.6172,49.744217],[0.619865,49.7449],[0.620347,49.745275],[0.620832,49.746206],[0.622277,49.744838],[0.624441,49.742356],[0.6248,49.741702],[0.624044,49.737956],[0.623071,49.73623],[0.622489,49.73566],[0.622822,49.735527],[0.622816,49.735174],[0.623188,49.734676],[0.62398,49.734136],[0.62388,49.733974],[0.625603,49.732752],[0.625723,49.732306],[0.627031,49.732078],[0.62765,49.731813],[0.626792,49.730214],[0.625484,49.726934],[0.622117,49.72498],[0.61876,49.722386],[0.61718,49.720752],[0.614189,49.722171],[0.611812,49.720515],[0.611573,49.72063],[0.611144,49.720033],[0.609929,49.720494],[0.60644,49.717738],[0.605363,49.716521],[0.604674,49.716736],[0.604549,49.716261],[0.60143,49.717155],[0.599412,49.715667],[0.599148,49.715736],[0.598686,49.714904],[0.598419,49.715036],[0.598025,49.714704],[0.597624,49.714946],[0.597057,49.715695],[0.596494,49.715984],[0.595711,49.714594],[0.593237,49.714107],[0.591533,49.713565],[0.589376,49.71107],[0.588299,49.712118],[0.586538,49.71142],[0.586332,49.711214],[0.579277,49.708712],[0.576601,49.708012],[0.575654,49.708256],[0.575214,49.708564],[0.575486,49.709803],[0.572796,49.709134],[0.571961,49.707059],[0.572236,49.706973],[0.571918,49.706353],[0.570674,49.705295],[0.569063,49.703426],[0.568373,49.70085],[0.568281,49.699374],[0.567171,49.697216],[0.563972,49.693034],[0.564263,49.692995],[0.564492,49.692325],[0.560398,49.692257],[0.558124,49.691872],[0.554669,49.691676],[0.554504,49.692202],[0.551461,49.691488],[0.551768,49.690472],[0.55065,49.690115],[0.551336,49.689105],[0.549784,49.688697],[0.547526,49.687143],[0.549607,49.686099],[0.545982,49.681636],[0.547989,49.680204],[0.54654,49.678514],[0.546087,49.678626],[0.544924,49.677711],[0.542507,49.676687],[0.544883,49.674673],[0.546148,49.673978],[0.542752,49.670789],[0.53131,49.672024],[0.532028,49.673966],[0.529952,49.674152],[0.521738,49.677553],[0.519036,49.675465],[0.515978,49.676283],[0.515232,49.675383],[0.515513,49.674703],[0.514096,49.673031],[0.511363,49.674238],[0.51009,49.674377],[0.507262,49.675204],[0.505374,49.676263],[0.503107,49.676299],[0.498681,49.677966],[0.494075,49.681559],[0.493534,49.682371],[0.493131,49.682646],[0.490685,49.682885],[0.490269,49.683353],[0.488389,49.682376],[0.486908,49.682618],[0.483386,49.681951],[0.482575,49.68202],[0.482051,49.682245],[0.481589,49.682782],[0.481295,49.685304],[0.480212,49.68562],[0.479208,49.685722],[0.478556,49.68638],[0.478315,49.689285],[0.479721,49.689747],[0.480611,49.690721],[0.481608,49.690738],[0.482472,49.690214],[0.484891,49.691695],[0.485915,49.69091],[0.487305,49.689266],[0.489771,49.689739],[0.491733,49.690862],[0.49158,49.691229],[0.493347,49.692116],[0.493868,49.691929],[0.496352,49.69322],[0.497579,49.692552],[0.50306,49.695481],[0.504799,49.695393],[0.506866,49.696688],[0.509258,49.696461],[0.51061,49.697859],[0.514362,49.698105],[0.516032,49.699641],[0.504463,49.703068],[0.501689,49.704047],[0.500844,49.705113],[0.499065,49.705604],[0.499798,49.706749],[0.496747,49.707601],[0.498235,49.710025],[0.493723,49.709822],[0.491995,49.709909],[0.489928,49.713108],[0.485167,49.717152],[0.483127,49.718647],[0.481794,49.719216],[0.481683,49.721067],[0.479433,49.722263],[0.479193,49.721226],[0.477327,49.720006],[0.476375,49.720132],[0.473611,49.721192],[0.472258,49.719403],[0.470273,49.720609],[0.468523,49.721164],[0.466099,49.719135],[0.466084,49.718625],[0.466495,49.718072],[0.466258,49.718016],[0.465995,49.718033],[0.464592,49.718907],[0.463862,49.718777],[0.462935,49.719636],[0.462512,49.719035],[0.459808,49.719017],[0.459298,49.719635],[0.458146,49.719817],[0.459574,49.722136],[0.45877,49.7225],[0.460636,49.725501],[0.461666,49.726786],[0.461964,49.726874],[0.460415,49.729004],[0.460574,49.729401],[0.461025,49.73009],[0.462601,49.73064],[0.46212,49.731199],[0.463315,49.731428],[0.463264,49.73424],[0.462827,49.735543],[0.462917,49.738433],[0.465804,49.738531],[0.466131,49.740935],[0.471207,49.739241],[0.471376,49.738998],[0.472779,49.740718],[0.472939,49.741624],[0.472583,49.742749],[0.473168,49.742769],[0.474132,49.742408],[0.475232,49.744262],[0.479497,49.743969],[0.480357,49.744771],[0.484614,49.745443],[0.484792,49.745766],[0.48468,49.747171],[0.483995,49.747842],[0.482828,49.747867],[0.482823,49.748676],[0.485341,49.749284],[0.487121,49.749154],[0.487506,49.749261],[0.487424,49.750249],[0.486923,49.75025],[0.486148,49.751579],[0.486462,49.751696],[0.486338,49.752],[0.484003,49.752845],[0.483081,49.755086],[0.481739,49.754738],[0.482444,49.756009],[0.482488,49.75655],[0.480037,49.756708],[0.479105,49.757144],[0.47729,49.757664],[0.477092,49.757373],[0.476355,49.757623],[0.478809,49.761984],[0.477538,49.762056],[0.47982,49.764973],[0.473663,49.766791],[0.475408,49.770068],[0.47584,49.769964],[0.477444,49.772783],[0.47901,49.772988],[0.479093,49.774287],[0.479853,49.774417],[0.479822,49.774523],[0.480772,49.774596],[0.480933,49.775527],[0.48221,49.776811],[0.482347,49.776925],[0.483508,49.77698],[0.482925,49.780748],[0.487011,49.780944],[0.486696,49.783862],[0.485208,49.783771],[0.485172,49.784082],[0.479908,49.783801],[0.480214,49.78415],[0.475966,49.785659],[0.477024,49.786168],[0.4783,49.788187],[0.477746,49.789523],[0.477741,49.790218],[0.478745,49.791385],[0.479059,49.79321],[0.480013,49.795401],[0.479612,49.796722],[0.480239,49.798097],[0.480411,49.799043],[0.481604,49.801361],[0.48241,49.80191],[0.483547,49.802366],[0.484473,49.802125],[0.486182,49.801028],[0.488111,49.800238],[0.489396,49.799877],[0.490978,49.799698],[0.492127,49.79934],[0.493202,49.798626],[0.493747,49.797736],[0.495219,49.798076],[0.495411,49.796495],[0.498173,49.796593],[0.498055,49.796989],[0.499949,49.796803],[0.4999,49.796641],[0.506942,49.796122],[0.506997,49.796397],[0.509551,49.796571],[0.510237,49.796469],[0.510232,49.797432],[0.511093,49.797377],[0.511126,49.797555],[0.51114,49.797909],[0.510654,49.798313],[0.510252,49.799182],[0.510628,49.800842],[0.510515,49.802849],[0.51082,49.803423],[0.511796,49.804006],[0.512357,49.804604],[0.512634,49.805896],[0.512018,49.807061],[0.512009,49.808806],[0.513582,49.810502],[0.514,49.811319],[0.514196,49.812368],[0.514206,49.814778],[0.512473,49.817376],[0.511861,49.819315],[0.513166,49.819474],[0.516762,49.822042],[0.518929,49.82294],[0.519331,49.823244],[0.520413,49.823357],[0.52223,49.82414],[0.524132,49.825577],[0.525388,49.824507],[0.526279,49.82327],[0.527418,49.817818],[0.528134,49.817012],[0.52895,49.81637],[0.531313,49.815198],[0.53338,49.812507],[0.535723,49.81129],[0.537828,49.81073],[0.538944,49.810654],[0.542859,49.812876],[0.544433,49.813165],[0.545255,49.813603],[0.547995,49.814208],[0.547814,49.814465],[0.557067,49.817509],[0.557661,49.816191],[0.566857,49.819804],[0.567151,49.819521],[0.566985,49.819392],[0.569288,49.817003],[0.57434,49.815584],[0.570965,49.812654],[0.569418,49.810826],[0.569845,49.809206],[0.569234,49.807579],[0.570531,49.808047],[0.572367,49.803137],[0.556986,49.800679],[0.558785,49.796635],[0.554698,49.79623],[0.555019,49.797793],[0.547472,49.796249],[0.546324,49.796829],[0.545877,49.796244],[0.546442,49.796042],[0.546618,49.795692],[0.546396,49.794168],[0.54659,49.793716],[0.549199,49.792843],[0.54959,49.792194],[0.5496,49.79131],[0.551426,49.789826],[0.551835,49.789275],[0.551709,49.786741],[0.551039,49.784934],[0.551935,49.782677],[0.553008,49.781701],[0.551852,49.780219],[0.552222,49.777249],[0.556057,49.777415],[0.556296,49.775112],[0.554608,49.774062],[0.557,49.772535],[0.557637,49.772572],[0.559394,49.770737],[0.561929,49.771368],[0.565929,49.767401],[0.567044,49.76744],[0.568052,49.767289],[0.566091,49.763302],[0.569361,49.762628],[0.575987,49.761585],[0.573351,49.756336],[0.575067,49.756923],[0.575375,49.756472],[0.575115,49.756357],[0.576444,49.755192],[0.576774,49.755347],[0.578574,49.753097],[0.577343,49.752816],[0.578736,49.751644],[0.579094,49.751708],[0.580872,49.749982],[0.58043,49.749533],[0.580661,49.749354],[0.58527,49.748539],[0.583695,49.7477],[0.583554,49.747461],[0.584345,49.746388]]]}},{"type":"Feature","properties":{"uai_primary":"0760118R","uai_all":"0760118R","is_merged":false},"geometry":{"type":"Polygon","coordinates":[[[0.835975,49.615281],[0.835508,49.614956],[0.834851,49.615358],[0.834044,49.613221],[0.833727,49.613261],[0.832852,49.611779],[0.830041,49.609256],[0.829812,49.609075],[0.829421,49.60922],[0.828973,49.608017],[0.827334,49.608583],[0.826856,49.607435],[0.827556,49.60721],[0.826696,49.604914],[0.826942,49.604874],[0.826626,49.604023],[0.826362,49.604046],[0.826033,49.60317],[0.825317,49.603304],[0.825148,49.602926],[0.823911,49.60317],[0.824219,49.604344],[0.823776,49.604393],[0.82367,49.605085],[0.823909,49.606375],[0.82439,49.606275],[0.824967,49.608077],[0.824842,49.608535],[0.825228,49.610593],[0.824328,49.610639],[0.823378,49.610483],[0.822474,49.609573],[0.820421,49.610028],[0.820474,49.607445],[0.818536,49.604615],[0.817614,49.603796],[0.818716,49.603372],[0.820221,49.603475],[0.820772,49.602583],[0.820354,49.602134],[0.8202,49.601623],[0.816243,49.601027],[0.814428,49.599655],[0.813048,49.598109],[0.812385,49.597072],[0.811324,49.597094],[0.804951,49.595376],[0.804803,49.59505],[0.803581,49.594749],[0.802093,49.593549],[0.801511,49.592787],[0.799777,49.593789],[0.799581,49.594105],[0.800064,49.595233],[0.802671,49.59959],[0.802283,49.600774],[0.801562,49.60165],[0.802145,49.602696],[0.7993,49.604746],[0.798019,49.603082],[0.79776,49.601187],[0.798849,49.600234],[0.798938,49.599821],[0.798101,49.597183],[0.797569,49.59615],[0.797552,49.594969],[0.796406,49.593098],[0.796298,49.592543],[0.797242,49.591306],[0.798997,49.590083],[0.799027,49.589225],[0.799359,49.588484],[0.799208,49.588421],[0.79954,49.587742],[0.798854,49.587551],[0.800604,49.585655],[0.800449,49.585591],[0.801201,49.584863],[0.801047,49.584807],[0.801482,49.584265],[0.80301,49.583659],[0.802763,49.583169],[0.795152,49.57913],[0.791671,49.578728],[0.791741,49.578534],[0.790025,49.577613],[0.787928,49.575968],[0.788011,49.575855],[0.787464,49.575192],[0.78222,49.576929],[0.7808,49.577568],[0.779442,49.5764],[0.777311,49.575571],[0.776841,49.575127],[0.776342,49.573794],[0.775668,49.572979],[0.774742,49.572351],[0.773094,49.571726],[0.772188,49.571194],[0.769584,49.569139],[0.769101,49.56796],[0.768184,49.567799],[0.766961,49.56733],[0.765878,49.566642],[0.76439,49.564565],[0.763728,49.563057],[0.760226,49.562231],[0.758821,49.56197],[0.756742,49.563455],[0.755668,49.565222],[0.755486,49.567184],[0.755179,49.567531],[0.752719,49.566411],[0.75114,49.566988],[0.749635,49.567268],[0.749173,49.56664],[0.74774,49.56537],[0.747296,49.565445],[0.745495,49.561724],[0.74323,49.562358],[0.741619,49.562996],[0.740351,49.562372],[0.740357,49.562084],[0.739792,49.561504],[0.739419,49.562323],[0.736582,49.563905],[0.734117,49.564552],[0.731508,49.564011],[0.72818,49.564707],[0.728719,49.563847],[0.728318,49.563114],[0.727808,49.562908],[0.727604,49.562319],[0.722681,49.562885],[0.707926,49.563351],[0.70315,49.565265],[0.702987,49.565619],[0.701618,49.565214],[0.700698,49.564691],[0.698938,49.563203],[0.698738,49.564348],[0.697879,49.564549],[0.69937,49.566394],[0.699867,49.567454],[0.698791,49.567915],[0.697851,49.567471],[0.696096,49.567077],[0.694882,49.567002],[0.695096,49.56806],[0.692428,49.56858],[0.691902,49.568366],[0.690041,49.568184],[0.690219,49.568686],[0.689394,49.56892],[0.689104,49.568522],[0.686471,49.569336],[0.686476,49.571853],[0.684357,49.572895],[0.681877,49.574973],[0.680804,49.575474],[0.680929,49.573762],[0.681199,49.573129],[0.679576,49.573187],[0.678121,49.573916],[0.677049,49.573874],[0.674661,49.574866],[0.674392,49.57458],[0.674644,49.573642],[0.674497,49.572773],[0.673487,49.572281],[0.674254,49.57136],[0.67453,49.570522],[0.673861,49.56892],[0.673744,49.568797],[0.670285,49.56892],[0.669698,49.565257],[0.666689,49.564881],[0.667174,49.5659],[0.666793,49.566903],[0.664711,49.568412],[0.661917,49.569004],[0.660906,49.56955],[0.660818,49.570615],[0.661078,49.571971],[0.660752,49.573033],[0.660437,49.573374],[0.655045,49.572715],[0.65238,49.571835],[0.649227,49.571427],[0.647733,49.571415],[0.645859,49.57178],[0.642166,49.572108],[0.641042,49.57048],[0.641472,49.569953],[0.645177,49.569859],[0.645191,49.569754],[0.64325,49.56714],[0.642944,49.565801],[0.642363,49.564516],[0.64136,49.563345],[0.639322,49.562217],[0.636108,49.560738],[0.633969,49.558803],[0.632148,49.559745],[0.63246,49.559876],[0.630842,49.560849],[0.627407,49.562028],[0.629003,49.563707],[0.627858,49.564371],[0.629611,49.565935],[0.628847,49.566945],[0.627491,49.566551],[0.618304,49.568225],[0.617227,49.568162],[0.613998,49.5669],[0.613611,49.567225],[0.612702,49.567099],[0.611899,49.567722],[0.610676,49.568264],[0.611689,49.569588],[0.610117,49.570211],[0.609172,49.568811],[0.60765,49.569097],[0.608159,49.570054],[0.607871,49.570384],[0.606743,49.570677],[0.608607,49.572539],[0.611458,49.577229],[0.61378,49.579155],[0.615597,49.581203],[0.61605,49.581379],[0.617214,49.581429],[0.618815,49.581729],[0.624281,49.58227],[0.626987,49.582883],[0.628198,49.582876],[0.628635,49.583952],[0.628393,49.585212],[0.627776,49.586384],[0.627149,49.587013],[0.626912,49.586946],[0.626141,49.587733],[0.62549,49.587475],[0.62461,49.588545],[0.624851,49.588712],[0.623748,49.58984],[0.624943,49.590269],[0.6243,49.590996],[0.626142,49.590964],[0.626882,49.592143],[0.628152,49.591524],[0.628393,49.591949],[0.630696,49.592949],[0.6308,49.592564],[0.633435,49.589493],[0.636375,49.590545],[0.636937,49.59075],[0.636202,49.591844],[0.640272,49.593914],[0.640874,49.59358],[0.642287,49.59557],[0.644844,49.597706],[0.647372,49.599297],[0.647712,49.601311],[0.648776,49.601907],[0.647429,49.602546],[0.647301,49.602445],[0.647049,49.60255],[0.641891,49.606321],[0.643102,49.60668],[0.642847,49.607504],[0.654707,49.610957],[0.654595,49.611116],[0.655191,49.611285],[0.653291,49.613794],[0.65248,49.613734],[0.651291,49.615108],[0.653007,49.615763],[0.652287,49.616562],[0.650445,49.615953],[0.645546,49.619766],[0.649456,49.621363],[0.647735,49.622436],[0.646582,49.622066],[0.642224,49.624881],[0.644423,49.626304],[0.64276,49.627379],[0.643771,49.628173],[0.645154,49.628698],[0.64494,49.628808],[0.645429,49.628863],[0.645943,49.629192],[0.646134,49.629604],[0.646007,49.630117],[0.651195,49.631013],[0.654379,49.632254],[0.659202,49.633403],[0.65896,49.633897],[0.659599,49.63409],[0.653447,49.635062],[0.658587,49.637368],[0.657527,49.638434],[0.666523,49.642384],[0.665313,49.643326],[0.665128,49.643688],[0.665849,49.643602],[0.667787,49.643842],[0.670557,49.645585],[0.674291,49.64729],[0.676733,49.649838],[0.678166,49.650697],[0.67975,49.65108],[0.681407,49.65115],[0.682606,49.651432],[0.683453,49.651906],[0.686231,49.654686],[0.68845,49.656116],[0.69172,49.658576],[0.692357,49.659267],[0.692402,49.659839],[0.691503,49.660602],[0.689948,49.660568],[0.689089,49.661223],[0.688843,49.662308],[0.689492,49.663424],[0.688226,49.664614],[0.686107,49.665334],[0.68584,49.665958],[0.686448,49.666564],[0.686077,49.666961],[0.683761,49.668454],[0.683323,49.669364],[0.683177,49.670325],[0.684469,49.672905],[0.683993,49.674646],[0.683284,49.675273],[0.683494,49.675535],[0.686435,49.677037],[0.685215,49.677583],[0.684985,49.678124],[0.684516,49.678503],[0.68447,49.679196],[0.684629,49.679688],[0.685704,49.681028],[0.687041,49.683823],[0.686144,49.683741],[0.684763,49.684025],[0.684247,49.684304],[0.683736,49.684946],[0.683191,49.685197],[0.681015,49.685258],[0.679243,49.685863],[0.678566,49.685851],[0.678566,49.686157],[0.679368,49.687255],[0.680936,49.687794],[0.681573,49.68828],[0.678835,49.690242],[0.679606,49.690508],[0.681045,49.69134],[0.679946,49.692249],[0.680135,49.692351],[0.678214,49.693856],[0.678392,49.693938],[0.675502,49.697038],[0.67328,49.696656],[0.671306,49.698238],[0.674123,49.699955],[0.674805,49.702207],[0.67622,49.702528],[0.679343,49.704747],[0.681436,49.705261],[0.686281,49.705065],[0.687116,49.70539],[0.688093,49.705434],[0.689309,49.70576],[0.689402,49.706007],[0.691226,49.707562],[0.691382,49.708266],[0.691822,49.707193],[0.695444,49.707204],[0.696627,49.706251],[0.697075,49.706429],[0.698242,49.706463],[0.699954,49.70748],[0.703813,49.707386],[0.704462,49.708011],[0.703052,49.708498],[0.701449,49.708763],[0.705302,49.710196],[0.705956,49.709995],[0.706419,49.710386],[0.71062,49.710559],[0.714764,49.709516],[0.717619,49.709409],[0.721924,49.707733],[0.725088,49.707249],[0.726391,49.707435],[0.728963,49.707398],[0.731417,49.706892],[0.731171,49.705901],[0.731523,49.705726],[0.729868,49.703323],[0.730436,49.702882],[0.72977,49.70202],[0.729782,49.701652],[0.731852,49.698785],[0.7318,49.696005],[0.73222,49.694998],[0.732512,49.694599],[0.733492,49.694142],[0.733529,49.693994],[0.735077,49.693629],[0.734721,49.692613],[0.733749,49.692668],[0.732741,49.691667],[0.732259,49.691571],[0.730672,49.690548],[0.730376,49.689687],[0.728512,49.689142],[0.726025,49.690475],[0.725003,49.690183],[0.724911,49.689288],[0.724193,49.689215],[0.722355,49.686891],[0.724378,49.68624],[0.723862,49.685736],[0.720739,49.686367],[0.719839,49.687125],[0.720579,49.688352],[0.720252,49.689065],[0.719812,49.689201],[0.717704,49.688846],[0.717764,49.690045],[0.716066,49.689747],[0.714477,49.686827],[0.714232,49.685501],[0.713493,49.685644],[0.712216,49.684248],[0.712725,49.683925],[0.713745,49.682649],[0.714658,49.681955],[0.713037,49.680024],[0.712585,49.679922],[0.713488,49.67816],[0.716436,49.674794],[0.719455,49.671493],[0.72028,49.671708],[0.722653,49.668773],[0.723004,49.669077],[0.728359,49.666078],[0.727924,49.665701],[0.739544,49.659407],[0.740701,49.661607],[0.742296,49.663704],[0.742613,49.666207],[0.743853,49.667758],[0.744315,49.667457],[0.748574,49.669731],[0.748187,49.669998],[0.75314,49.673],[0.755096,49.673205],[0.756498,49.671464],[0.758158,49.669827],[0.762651,49.668563],[0.762404,49.668196],[0.762999,49.668053],[0.764171,49.668939],[0.764936,49.668045],[0.765519,49.668109],[0.765915,49.665798],[0.766761,49.66591],[0.769057,49.665729],[0.768297,49.664584],[0.77027,49.663825],[0.768114,49.661753],[0.770096,49.660959],[0.774341,49.660055],[0.774181,49.659597],[0.775853,49.659292],[0.775734,49.658613],[0.773657,49.657013],[0.77485,49.655951],[0.775994,49.656484],[0.777288,49.655471],[0.778559,49.65515],[0.780405,49.655899],[0.780596,49.656363],[0.783622,49.655623],[0.789344,49.653826],[0.78742,49.652094],[0.78644,49.652346],[0.785332,49.651424],[0.786716,49.651127],[0.78677,49.65074],[0.789985,49.650057],[0.797226,49.646744],[0.799755,49.650395],[0.794951,49.652613],[0.795533,49.653046],[0.800658,49.655507],[0.800244,49.655859],[0.802291,49.656626],[0.801845,49.657244],[0.802327,49.657469],[0.8016,49.658152],[0.809932,49.66269],[0.813232,49.654452],[0.817277,49.65538],[0.818776,49.652264],[0.819015,49.650581],[0.820567,49.650751],[0.820727,49.649781],[0.82105,49.649312],[0.819996,49.648982],[0.820302,49.648454],[0.818572,49.647958],[0.81957,49.645494],[0.82106,49.645768],[0.822166,49.641695],[0.828132,49.644176],[0.827465,49.645943],[0.833405,49.646118],[0.833909,49.644242],[0.834945,49.642571],[0.837554,49.643652],[0.837495,49.644235],[0.839815,49.644591],[0.840784,49.645095],[0.840928,49.645455],[0.840199,49.645826],[0.839837,49.646994],[0.840074,49.647027],[0.839949,49.647493],[0.839143,49.648726],[0.844608,49.65011],[0.845642,49.651014],[0.847113,49.651731],[0.851848,49.652279],[0.853587,49.653034],[0.856185,49.653358],[0.858359,49.652429],[0.858828,49.652567],[0.861606,49.651719],[0.864226,49.651612],[0.86783,49.651202],[0.867922,49.648836],[0.867105,49.647797],[0.866395,49.644042],[0.866747,49.642061],[0.868335,49.640011],[0.868636,49.637998],[0.869993,49.633855],[0.869794,49.632593],[0.869064,49.631686],[0.868901,49.62998],[0.868602,49.629426],[0.86869,49.628896],[0.86666,49.627299],[0.866386,49.626896],[0.866578,49.625948],[0.866332,49.623606],[0.866449,49.621135],[0.865491,49.618547],[0.865545,49.617809],[0.86604,49.616877],[0.866672,49.614331],[0.865504,49.614137],[0.865711,49.613895],[0.860384,49.610953],[0.860584,49.610823],[0.857818,49.609243],[0.857863,49.606686],[0.855864,49.605102],[0.849525,49.607938],[0.84939,49.607865],[0.848607,49.608164],[0.840291,49.612994],[0.835975,49.615281]],[[0.900972,49.598327],[0.900205,49.596796],[0.899151,49.596542],[0.897659,49.597126],[0.897729,49.597558],[0.895958,49.598422],[0.89443,49.598679],[0.89315,49.598383],[0.891547,49.598224],[0.891211,49.598383],[0.884448,49.598118],[0.882593,49.597274],[0.88191,49.597639],[0.880085,49.599277],[0.880456,49.60064],[0.880337,49.601277],[0.879529,49.60218],[0.879128,49.603281],[0.877804,49.604875],[0.87662,49.606977],[0.874006,49.610089],[0.87178,49.611695],[0.870317,49.613889],[0.869202,49.617946],[0.875681,49.619728],[0.877861,49.620664],[0.87889,49.621365],[0.880438,49.622073],[0.881786,49.621413],[0.883105,49.622575],[0.889482,49.625154],[0.892858,49.626187],[0.89445,49.626911],[0.895528,49.625458],[0.895199,49.625372],[0.895343,49.62514],[0.895063,49.625011],[0.895486,49.624252],[0.895698,49.624336],[0.896223,49.623183],[0.899314,49.621536],[0.900103,49.62],[0.900691,49.619854],[0.901519,49.618515],[0.903404,49.61632],[0.902098,49.614642],[0.902053,49.614123],[0.899578,49.613122],[0.900299,49.612252],[0.898505,49.611572],[0.899041,49.610778],[0.89867,49.610297],[0.899287,49.60937],[0.898972,49.609292],[0.898568,49.607754],[0.899084,49.606881],[0.899179,49.606215],[0.898906,49.606164],[0.899159,49.603803],[0.898751,49.60376],[0.899138,49.602505],[0.899031,49.602299],[0.900953,49.600956],[0.901377,49.600835],[0.900739,49.599751],[0.899219,49.599104],[0.899204,49.598543],[0.899376,49.598377],[0.900972,49.598327]]]}},{"type":"Feature","properties":{"uai_primary":"0760136K","uai_all":"0760136K","is_merged":false},"geometry":{"type":"Polygon","coordinates":[[[0.937664,49.432908],[0.937728,49.430047],[0.936975,49.425408],[0.935159,49.420143],[0.929272,49.410417],[0.924426,49.404507],[0.922602,49.405559],[0.92133,49.406871],[0.92079,49.407079],[0.920908,49.40918],[0.91985,49.410568],[0.919906,49.411895],[0.920459,49.413356],[0.921022,49.414393],[0.921507,49.414706],[0.921108,49.415829],[0.921164,49.417469],[0.920696,49.417447],[0.920654,49.417807],[0.919567,49.418209],[0.916754,49.418689],[0.914466,49.421116],[0.913383,49.421829],[0.909648,49.423101],[0.905254,49.425341],[0.904317,49.425672],[0.904501,49.425171],[0.900559,49.425139],[0.900403,49.425354],[0.892199,49.42594],[0.890454,49.426215],[0.890526,49.426361],[0.888878,49.42658],[0.877736,49.427396],[0.87349,49.426427],[0.873893,49.425971],[0.87215,49.425807],[0.867487,49.424498],[0.864063,49.424019],[0.868191,49.416284],[0.869167,49.413446],[0.870089,49.409681],[0.869993,49.406428],[0.869459,49.403712],[0.868882,49.402399],[0.867672,49.400528],[0.865356,49.398214],[0.863731,49.396998],[0.860459,49.395305],[0.857703,49.394306],[0.854691,49.393472],[0.851163,49.392729],[0.848956,49.392442],[0.842615,49.392374],[0.839168,49.392692],[0.83616,49.393101],[0.831341,49.394043],[0.825691,49.395455],[0.823039,49.396316],[0.818953,49.39819],[0.814598,49.401073],[0.812771,49.402532],[0.811008,49.404398],[0.809268,49.407156],[0.807987,49.409954],[0.802055,49.429546],[0.801877,49.431075],[0.80199,49.432565],[0.802876,49.434254],[0.803755,49.435268],[0.812526,49.441709],[0.815072,49.4443],[0.816544,49.446604],[0.821872,49.446132],[0.821913,49.446026],[0.824667,49.446003],[0.824689,49.445841],[0.830728,49.446043],[0.833628,49.446829],[0.833363,49.447451],[0.832271,49.448673],[0.831907,49.449374],[0.832187,49.450759],[0.832836,49.451165],[0.83302,49.452919],[0.834305,49.453156],[0.834898,49.452734],[0.835432,49.4519],[0.837978,49.452816],[0.837668,49.453209],[0.839179,49.454071],[0.838929,49.454416],[0.841587,49.455224],[0.840697,49.456033],[0.839697,49.456204],[0.839074,49.456075],[0.838723,49.45645],[0.837896,49.456225],[0.835659,49.45601],[0.839688,49.457132],[0.841503,49.457364],[0.844288,49.458109],[0.845726,49.45875],[0.845898,49.458698],[0.849942,49.461746],[0.844435,49.466167],[0.846284,49.467598],[0.848351,49.468521],[0.850985,49.469263],[0.850646,49.469682],[0.853503,49.469539],[0.8546,49.469828],[0.854816,49.469967],[0.854536,49.470468],[0.856192,49.47243],[0.856543,49.472361],[0.858459,49.473552],[0.857181,49.474459],[0.858659,49.475517],[0.860764,49.47604],[0.861465,49.475903],[0.862516,49.475188],[0.862712,49.475415],[0.864273,49.476137],[0.865169,49.476969],[0.86617,49.478185],[0.866943,49.479643],[0.864217,49.480775],[0.861944,49.478786],[0.86053,49.479775],[0.858113,49.478332],[0.857351,49.477482],[0.856859,49.477529],[0.856068,49.477712],[0.855506,49.478218],[0.854987,49.47794],[0.852903,49.478255],[0.849217,49.481204],[0.847894,49.481875],[0.844488,49.48238],[0.845719,49.484942],[0.846847,49.485904],[0.845863,49.487088],[0.846932,49.48804],[0.846308,49.48871],[0.846188,49.489147],[0.846355,49.489508],[0.849222,49.491585],[0.849548,49.492293],[0.850959,49.493285],[0.850872,49.49348],[0.850162,49.493849],[0.848783,49.494081],[0.848754,49.494238],[0.849197,49.494613],[0.849283,49.495139],[0.850462,49.496244],[0.850788,49.497828],[0.851525,49.498618],[0.851478,49.500299],[0.851309,49.500779],[0.850857,49.501107],[0.851828,49.501772],[0.849852,49.50299],[0.850484,49.503407],[0.850226,49.503617],[0.85048,49.503786],[0.852194,49.504517],[0.851008,49.506005],[0.85203,49.506291],[0.85375,49.506402],[0.855642,49.506892],[0.853604,49.508322],[0.852623,49.50956],[0.852418,49.510587],[0.833921,49.512836],[0.832071,49.512833],[0.828556,49.513351],[0.823319,49.516757],[0.820632,49.519029],[0.817938,49.520988],[0.822787,49.524326],[0.817623,49.526253],[0.81512,49.527614],[0.81446,49.527313],[0.810555,49.530056],[0.808753,49.532398],[0.810409,49.532938],[0.81212,49.531453],[0.813599,49.531808],[0.814652,49.532739],[0.81578,49.533369],[0.816046,49.533786],[0.817755,49.53472],[0.818559,49.53488],[0.818679,49.53461],[0.821059,49.534524],[0.822442,49.534229],[0.823081,49.534632],[0.823922,49.534415],[0.824864,49.533866],[0.828552,49.534788],[0.831331,49.535712],[0.834451,49.537204],[0.8343,49.537343],[0.835672,49.537861],[0.836382,49.53796],[0.837266,49.538882],[0.839694,49.538957],[0.843716,49.540502],[0.845545,49.538821],[0.846791,49.539022],[0.846541,49.539735],[0.847218,49.539908],[0.846631,49.541991],[0.8467,49.542512],[0.848031,49.543165],[0.849173,49.541656],[0.85356,49.543644],[0.85367,49.546204],[0.855711,49.546599],[0.856054,49.544983],[0.863803,49.541156],[0.865024,49.540249],[0.86562,49.540805],[0.868561,49.539277],[0.871886,49.542068],[0.874357,49.543583],[0.8761,49.542447],[0.877317,49.542913],[0.877801,49.541861],[0.879134,49.542509],[0.879824,49.541889],[0.880165,49.542099],[0.88162,49.54158],[0.881703,49.541786],[0.883322,49.54112],[0.884039,49.540408],[0.885044,49.539836],[0.886131,49.539365],[0.888074,49.538959],[0.88922,49.539965],[0.887427,49.540819],[0.890397,49.543172],[0.891009,49.543277],[0.891574,49.543913],[0.892623,49.544486],[0.896614,49.54171],[0.901132,49.544866],[0.902923,49.543799],[0.90363,49.543005],[0.904333,49.542967],[0.904971,49.542001],[0.905289,49.541991],[0.905192,49.540225],[0.906721,49.539819],[0.908009,49.538966],[0.90763,49.538607],[0.908143,49.538362],[0.907524,49.537921],[0.907161,49.537404],[0.908229,49.537264],[0.908448,49.535989],[0.908931,49.535606],[0.908922,49.535266],[0.90994,49.534721],[0.90922,49.533985],[0.90912,49.533595],[0.908223,49.532843],[0.908318,49.53273],[0.908832,49.532775],[0.909722,49.532544],[0.9105,49.531898],[0.910896,49.530281],[0.910592,49.528929],[0.911624,49.528194],[0.91238,49.527235],[0.911993,49.526046],[0.916002,49.525117],[0.916861,49.525801],[0.917239,49.525338],[0.918432,49.525099],[0.919426,49.525817],[0.919644,49.525786],[0.91975,49.525363],[0.919196,49.523958],[0.927508,49.521764],[0.926671,49.517428],[0.927752,49.51786],[0.928898,49.517853],[0.929885,49.517594],[0.931158,49.51689],[0.936015,49.516244],[0.936798,49.517562],[0.937778,49.517249],[0.93929,49.519039],[0.941583,49.519862],[0.941223,49.520471],[0.94241,49.520694],[0.943417,49.521621],[0.945299,49.520836],[0.947816,49.520261],[0.950546,49.520368],[0.950761,49.520499],[0.952407,49.520415],[0.952907,49.518982],[0.951594,49.518104],[0.952534,49.517596],[0.95317,49.51692],[0.952259,49.515482],[0.951962,49.514615],[0.953437,49.511006],[0.953546,49.509703],[0.953371,49.50839],[0.953918,49.507104],[0.955491,49.50613],[0.957076,49.505509],[0.956125,49.504935],[0.957727,49.499924],[0.945159,49.500107],[0.948621,49.498076],[0.949754,49.497121],[0.950852,49.495671],[0.951428,49.493974],[0.944885,49.493647],[0.941735,49.494439],[0.941216,49.493913],[0.938563,49.494764],[0.938169,49.494324],[0.938047,49.493513],[0.937573,49.493],[0.935229,49.491858],[0.932849,49.491267],[0.930626,49.489232],[0.929755,49.487921],[0.929519,49.486367],[0.929831,49.486286],[0.931543,49.486654],[0.936445,49.486931],[0.938792,49.486364],[0.941515,49.486363],[0.946066,49.488571],[0.94961,49.488575],[0.953806,49.489395],[0.954904,49.48975],[0.955857,49.490713],[0.956733,49.49027],[0.963499,49.488509],[0.964524,49.489187],[0.970973,49.489852],[0.971422,49.490078],[0.972623,49.489804],[0.976236,49.487376],[0.977756,49.484057],[0.978765,49.48317],[0.980387,49.482334],[0.975756,49.479582],[0.977746,49.477126],[0.979668,49.475221],[0.980329,49.474062],[0.9767,49.472211],[0.975262,49.471707],[0.979707,49.468118],[0.978962,49.467287],[0.975536,49.466202],[0.974654,49.464809],[0.972964,49.463672],[0.970266,49.463274],[0.961917,49.469875],[0.961949,49.470291],[0.961195,49.470313],[0.958991,49.470889],[0.957712,49.470121],[0.95733,49.46953],[0.958627,49.468113],[0.958236,49.467485],[0.95837,49.467069],[0.96246,49.462734],[0.963281,49.460141],[0.96315,49.459827],[0.958617,49.458342],[0.957165,49.460346],[0.956438,49.460176],[0.954268,49.459189],[0.953357,49.460296],[0.950681,49.459396],[0.945608,49.456748],[0.943965,49.456203],[0.943196,49.456732],[0.942274,49.45645],[0.941728,49.457792],[0.940252,49.457284],[0.934762,49.456678],[0.937167,49.445122],[0.937574,49.440505],[0.937664,49.432908]]]}},{"type":"Feature","properties":{"uai_primary":"0760137L","uai_all":"0760137L","is_merged":false},"geometry":{"type":"Polygon","coordinates":[[[1.314058,49.819155],[1.316551,49.822903],[1.317284,49.824399],[1.318774,49.829674],[1.319102,49.832883],[1.319509,49.832748],[1.320408,49.833528],[1.325964,49.83737],[1.331206,49.84203],[1.334197,49.845019],[1.335677,49.84614],[1.333094,49.847106],[1.330742,49.846469],[1.327957,49.846066],[1.328362,49.846752],[1.328352,49.847201],[1.327784,49.84778],[1.327919,49.848006],[1.334364,49.855701],[1.334224,49.855744],[1.334423,49.856195],[1.336322,49.858555],[1.342125,49.86364],[1.343593,49.866705],[1.345237,49.867894],[1.350178,49.870759],[1.348695,49.87268],[1.349379,49.87311],[1.350789,49.875311],[1.352504,49.877121],[1.353604,49.877767],[1.356782,49.878692],[1.358709,49.879604],[1.358933,49.880022],[1.360476,49.88135],[1.362093,49.882311],[1.362165,49.882837],[1.364001,49.884742],[1.36486,49.884961],[1.367275,49.886597],[1.367094,49.888041],[1.368122,49.888812],[1.368881,49.889806],[1.371048,49.889104],[1.371325,49.889152],[1.374343,49.891286],[1.376112,49.892027],[1.377859,49.890544],[1.378682,49.889329],[1.382831,49.895178],[1.38304,49.895179],[1.384449,49.894113],[1.387152,49.894538],[1.387423,49.894909],[1.38812,49.894779],[1.388521,49.895636],[1.3888,49.895593],[1.389015,49.89528],[1.39179,49.89629],[1.391144,49.896598],[1.391281,49.896734],[1.392329,49.897147],[1.39381,49.898132],[1.39646,49.897632],[1.398301,49.90089],[1.396986,49.901533],[1.395281,49.90288],[1.390327,49.904693],[1.38966,49.905066],[1.389225,49.90544],[1.388852,49.906411],[1.38719,49.906588],[1.386814,49.908076],[1.385048,49.909588],[1.37864,49.91322],[1.376026,49.915444],[1.375123,49.915347],[1.374627,49.915846],[1.374279,49.915843],[1.371563,49.915363],[1.371569,49.91505],[1.370318,49.914994],[1.369552,49.915123],[1.369525,49.916515],[1.371191,49.916672],[1.371458,49.917212],[1.371246,49.917435],[1.36874,49.918537],[1.364886,49.922053],[1.362912,49.923474],[1.368856,49.926945],[1.369149,49.926827],[1.372003,49.928817],[1.375786,49.931002],[1.380182,49.933919],[1.381562,49.934558],[1.382529,49.93488],[1.383293,49.93493],[1.384896,49.935526],[1.387888,49.935416],[1.388716,49.935826],[1.390743,49.937406],[1.390896,49.937841],[1.395134,49.935526],[1.397363,49.933886],[1.396787,49.933343],[1.397326,49.93292],[1.397464,49.932394],[1.39784,49.932126],[1.399169,49.931687],[1.402094,49.932248],[1.403207,49.932257],[1.403697,49.932081],[1.404262,49.931637],[1.402699,49.929604],[1.402568,49.929155],[1.404658,49.928991],[1.40413,49.927461],[1.405521,49.927426],[1.405601,49.926834],[1.405881,49.926747],[1.409026,49.926512],[1.409119,49.926986],[1.40975,49.926873],[1.410249,49.927659],[1.409941,49.928423],[1.410166,49.929214],[1.410823,49.929341],[1.411647,49.930133],[1.413644,49.929824],[1.41404,49.929504],[1.414615,49.929479],[1.414752,49.929353],[1.416561,49.929171],[1.416882,49.93061],[1.418203,49.930674],[1.426466,49.936034],[1.428217,49.934565],[1.430338,49.933387],[1.432411,49.932675],[1.433674,49.931966],[1.4356,49.932775],[1.436356,49.932661],[1.443221,49.928149],[1.444809,49.929326],[1.445817,49.92887],[1.447393,49.92695],[1.450365,49.928057],[1.452971,49.929307],[1.455468,49.931274],[1.457317,49.932122],[1.458178,49.932308],[1.459319,49.932226],[1.461041,49.93478],[1.461399,49.934997],[1.464098,49.935441],[1.464482,49.935395],[1.465204,49.934534],[1.466437,49.934343],[1.466533,49.933821],[1.467063,49.933938],[1.468088,49.933837],[1.469134,49.933984],[1.469632,49.933916],[1.471225,49.936265],[1.471656,49.936534],[1.474242,49.936566],[1.475534,49.935986],[1.476174,49.935416],[1.473036,49.934594],[1.474058,49.933843],[1.477367,49.935058],[1.478037,49.934554],[1.479709,49.935334],[1.480691,49.935581],[1.482077,49.935781],[1.483387,49.935564],[1.484114,49.935675],[1.48468,49.936247],[1.48916,49.937744],[1.489649,49.936778],[1.491464,49.937682],[1.494274,49.938097],[1.494983,49.938457],[1.496741,49.939815],[1.499067,49.941821],[1.497601,49.942475],[1.497597,49.942696],[1.496803,49.943159],[1.498328,49.943744],[1.498156,49.943957],[1.49853,49.944387],[1.500804,49.945815],[1.529622,49.9302],[1.521403,49.921543],[1.523197,49.920657],[1.523134,49.920253],[1.520832,49.916331],[1.518313,49.913028],[1.518598,49.91267],[1.518291,49.912215],[1.516437,49.912937],[1.514587,49.911386],[1.514588,49.911252],[1.516268,49.910536],[1.516545,49.910176],[1.516218,49.909938],[1.514676,49.909734],[1.512156,49.910136],[1.51115,49.908229],[1.512248,49.907507],[1.507985,49.903865],[1.504869,49.900281],[1.503909,49.900554],[1.502955,49.899114],[1.502557,49.897989],[1.503819,49.897369],[1.504383,49.896879],[1.504386,49.896655],[1.50349,49.8962],[1.503718,49.894981],[1.504163,49.89413],[1.505792,49.892256],[1.50818,49.890746],[1.509259,49.890206],[1.510329,49.889975],[1.507464,49.888294],[1.50891,49.886737],[1.510178,49.884095],[1.512465,49.88543],[1.51193,49.886282],[1.512678,49.887003],[1.512521,49.887302],[1.513665,49.888265],[1.515536,49.887923],[1.515542,49.887563],[1.516726,49.887347],[1.515933,49.884863],[1.516318,49.884866],[1.517275,49.886051],[1.518282,49.885581],[1.518883,49.885964],[1.520388,49.885208],[1.520032,49.884849],[1.521623,49.884397],[1.521937,49.885115],[1.525888,49.885268],[1.524283,49.882339],[1.531247,49.880431],[1.530071,49.880199],[1.531614,49.879177],[1.530033,49.878178],[1.53081,49.877366],[1.527943,49.876218],[1.528363,49.873983],[1.527472,49.873214],[1.528591,49.872728],[1.532116,49.871835],[1.530248,49.868581],[1.5277,49.86586],[1.524435,49.863418],[1.518753,49.860463],[1.515292,49.858364],[1.51324,49.857432],[1.509164,49.852538],[1.50493,49.846644],[1.502493,49.843706],[1.496861,49.839046],[1.494657,49.835762],[1.494192,49.834783],[1.49668,49.834186],[1.500174,49.833947],[1.501514,49.833256],[1.499712,49.831766],[1.500884,49.831006],[1.499616,49.830212],[1.502445,49.827852],[1.500576,49.826707],[1.498624,49.826116],[1.498552,49.825238],[1.499006,49.824715],[1.503584,49.822466],[1.50175,49.821667],[1.502934,49.819346],[1.501079,49.81932],[1.497526,49.818911],[1.495847,49.818899],[1.495787,49.818404],[1.497468,49.818236],[1.498445,49.817929],[1.499147,49.81744],[1.499657,49.815962],[1.500809,49.814367],[1.498741,49.812824],[1.497726,49.811286],[1.495121,49.808152],[1.495003,49.807523],[1.491695,49.804901],[1.490258,49.803376],[1.488599,49.802032],[1.485996,49.801585],[1.485047,49.801263],[1.485258,49.800907],[1.482772,49.800179],[1.476696,49.797561],[1.469867,49.795246],[1.46779,49.793812],[1.466883,49.792947],[1.466308,49.792666],[1.466309,49.793085],[1.465726,49.793251],[1.465476,49.793687],[1.463976,49.793101],[1.459869,49.791072],[1.455862,49.789645],[1.447623,49.784158],[1.446391,49.783801],[1.444387,49.78359],[1.443655,49.783771],[1.442648,49.784414],[1.441915,49.783861],[1.441416,49.783121],[1.440917,49.782909],[1.440541,49.782955],[1.439791,49.782431],[1.438718,49.780896],[1.437345,49.780527],[1.436492,49.780505],[1.435636,49.780933],[1.4339,49.779569],[1.432912,49.779102],[1.431997,49.778896],[1.428279,49.776629],[1.426923,49.776058],[1.425581,49.775817],[1.424013,49.775004],[1.420868,49.772992],[1.419956,49.772654],[1.418558,49.771266],[1.412646,49.771168],[1.412682,49.771866],[1.412221,49.772625],[1.408388,49.774968],[1.406113,49.776945],[1.403578,49.778317],[1.398633,49.780092],[1.397248,49.779391],[1.396345,49.778675],[1.393257,49.779317],[1.392236,49.779975],[1.389799,49.779999],[1.385936,49.780312],[1.382795,49.783229],[1.38294,49.783474],[1.382676,49.784313],[1.381962,49.784813],[1.38053,49.785247],[1.37725,49.784471],[1.372572,49.78401],[1.370632,49.784001],[1.369873,49.784128],[1.369244,49.784011],[1.366545,49.783002],[1.365997,49.782638],[1.365669,49.781647],[1.363517,49.781765],[1.362421,49.781083],[1.360172,49.782592],[1.359966,49.78259],[1.359073,49.782089],[1.35922,49.781641],[1.358467,49.781141],[1.358047,49.781362],[1.357632,49.781314],[1.354482,49.778495],[1.352283,49.77749],[1.350709,49.776435],[1.350345,49.776341],[1.349583,49.776609],[1.348761,49.775992],[1.348382,49.776004],[1.348312,49.775532],[1.348501,49.775278],[1.349443,49.774945],[1.349793,49.774552],[1.350476,49.774397],[1.350727,49.774155],[1.350663,49.773203],[1.351107,49.772661],[1.351429,49.772644],[1.351527,49.77201],[1.350393,49.771244],[1.351599,49.770605],[1.3516,49.77047],[1.349844,49.768158],[1.348119,49.76894],[1.347637,49.768764],[1.346957,49.767781],[1.346892,49.767176],[1.345229,49.764772],[1.344109,49.764131],[1.343117,49.763907],[1.342971,49.763083],[1.342186,49.761569],[1.341191,49.761027],[1.339021,49.760786],[1.335366,49.75931],[1.329915,49.761375],[1.324619,49.755844],[1.326,49.754177],[1.322167,49.75352],[1.318801,49.754118],[1.310993,49.758152],[1.310221,49.757723],[1.30742,49.754794],[1.306775,49.753477],[1.303665,49.745685],[1.303893,49.742992],[1.303425,49.741416],[1.301425,49.746425],[1.301673,49.747864],[1.301611,49.749652],[1.30078,49.749525],[1.300123,49.749108],[1.296903,49.749001],[1.293401,49.75029],[1.292222,49.75099],[1.291683,49.751101],[1.291391,49.751908],[1.290538,49.752852],[1.290001,49.753888],[1.288581,49.754549],[1.284646,49.755584],[1.281705,49.75704],[1.279741,49.757518],[1.277241,49.757721],[1.277324,49.760415],[1.277715,49.760845],[1.2781,49.760948],[1.278783,49.762329],[1.281621,49.766272],[1.282112,49.76899],[1.283126,49.771327],[1.279129,49.774559],[1.278946,49.775041],[1.277825,49.775623],[1.277536,49.776159],[1.273259,49.778141],[1.27375,49.778954],[1.271576,49.778667],[1.26825,49.778548],[1.267353,49.77836],[1.265842,49.777664],[1.265013,49.777567],[1.264601,49.777339],[1.264061,49.776616],[1.263939,49.775851],[1.264109,49.775333],[1.261615,49.776608],[1.2606,49.776725],[1.260117,49.778871],[1.259093,49.78085],[1.261556,49.78165],[1.265345,49.78418],[1.267036,49.786179],[1.268917,49.789114],[1.266904,49.789901],[1.265072,49.786948],[1.259832,49.790855],[1.263868,49.793142],[1.267642,49.79036],[1.268996,49.793513],[1.277787,49.790144],[1.280745,49.791904],[1.280976,49.791779],[1.282247,49.792695],[1.282601,49.792319],[1.283003,49.792793],[1.283664,49.792294],[1.284132,49.792534],[1.283225,49.793525],[1.283795,49.793811],[1.283047,49.794771],[1.283039,49.795652],[1.283704,49.795772],[1.285484,49.796865],[1.286038,49.797588],[1.286681,49.799115],[1.287827,49.800682],[1.291413,49.803573],[1.291422,49.803959],[1.292007,49.804482],[1.292663,49.804803],[1.292252,49.805165],[1.292189,49.805682],[1.291548,49.80592],[1.290865,49.806718],[1.290775,49.807655],[1.289164,49.808374],[1.288503,49.809049],[1.287608,49.809174],[1.286372,49.809634],[1.287955,49.811632],[1.287936,49.812538],[1.288537,49.813666],[1.292339,49.817749],[1.293009,49.818877],[1.293891,49.819828],[1.2941,49.81983],[1.295562,49.818587],[1.296554,49.819458],[1.29703,49.819497],[1.297912,49.820042],[1.302578,49.821457],[1.303315,49.821533],[1.303353,49.821743],[1.305618,49.82184],[1.307537,49.821749],[1.309333,49.821472],[1.309361,49.821177],[1.311614,49.819898],[1.314058,49.819155]]]}},{"type":"Feature","properties":{"uai_primary":"0760172Z","uai_all":"0760172Z","is_merged":false},"geometry":{"type":"Polygon","coordinates":[[[1.082739,49.42552],[1.083087,49.425707],[1.083287,49.425459],[1.083416,49.425521],[1.083702,49.425329],[1.083662,49.425152],[1.083017,49.424938],[1.082739,49.42552]],[[1.054547,49.434187],[1.050846,49.434063],[1.051316,49.435256],[1.05076,49.435197],[1.05075,49.434959],[1.04975,49.434908],[1.04832,49.434385],[1.047596,49.435199],[1.052814,49.436777],[1.049599,49.439825],[1.05263,49.440812],[1.055116,49.442029],[1.05781,49.441341],[1.060997,49.442022],[1.064328,49.442356],[1.066791,49.442301],[1.070309,49.442919],[1.072023,49.442224],[1.072781,49.442195],[1.074144,49.441878],[1.074476,49.4416],[1.076001,49.441438],[1.077551,49.440546],[1.078734,49.440727],[1.080511,49.439951],[1.081453,49.43987],[1.084521,49.43885],[1.088061,49.437903],[1.088938,49.437515],[1.088864,49.436099],[1.090827,49.435468],[1.091606,49.436024],[1.093128,49.436573],[1.09406,49.436322],[1.094555,49.435169],[1.093449,49.434804],[1.092326,49.434138],[1.091405,49.434214],[1.091751,49.433741],[1.092782,49.433792],[1.093354,49.433079],[1.092158,49.433576],[1.090994,49.433496],[1.090622,49.433329],[1.090692,49.433127],[1.089499,49.432568],[1.089775,49.432453],[1.089651,49.432201],[1.089417,49.432158],[1.089458,49.432443],[1.089182,49.432425],[1.085654,49.430483],[1.085315,49.430066],[1.085405,49.42939],[1.084976,49.429001],[1.085387,49.428609],[1.084616,49.428608],[1.083827,49.42735],[1.083494,49.42723],[1.083002,49.427316],[1.082605,49.426918],[1.08312,49.426876],[1.083266,49.426572],[1.082137,49.425246],[1.0817,49.424327],[1.0813,49.424084],[1.081217,49.423641],[1.080685,49.42327],[1.080354,49.422414],[1.08004,49.422186],[1.080153,49.421862],[1.079482,49.421681],[1.078762,49.421838],[1.077062,49.421617],[1.078376,49.420763],[1.078962,49.419881],[1.078514,49.420137],[1.076347,49.417224],[1.070322,49.419184],[1.071725,49.420943],[1.067488,49.422782],[1.068993,49.428246],[1.069878,49.428459],[1.070273,49.429952],[1.070582,49.429964],[1.071404,49.434742],[1.072132,49.437331],[1.06947,49.437674],[1.063452,49.435055],[1.061559,49.43479],[1.061588,49.435035],[1.059699,49.434908],[1.059549,49.436388],[1.058093,49.436788],[1.05489,49.435477],[1.054582,49.435236],[1.054547,49.434187]],[[1.087112,49.431646],[1.087072,49.431436],[1.0874,49.4316],[1.087112,49.431646]],[[1.090952,49.431537],[1.090829,49.431119],[1.090432,49.431403],[1.090952,49.431537]],[[1.090516,49.431737],[1.090401,49.431628],[1.090222,49.43172],[1.089738,49.431635],[1.089952,49.431874],[1.09037,49.431923],[1.090516,49.431737]]]}},{"type":"Feature","properties":{"uai_primary":"0760173A","uai_all":"0760173A","is_merged":false},"geometry":{"type":"Polygon","coordinates":[[[1.092594,49.426222],[1.092376,49.426066],[1.092594,49.426222]],[[1.093436,49.426978],[1.092838,49.426384],[1.092598,49.426738],[1.093436,49.426978]],[[1.079437,49.405066],[1.079288,49.405419],[1.07976,49.405596],[1.079688,49.405933],[1.08021,49.406071],[1.080087,49.406421],[1.080596,49.406395],[1.080678,49.406776],[1.080284,49.407434],[1.081128,49.407837],[1.081561,49.408322],[1.08163,49.408836],[1.082441,49.408909],[1.082803,49.409253],[1.083822,49.409566],[1.083905,49.41037],[1.084579,49.410914],[1.085192,49.410962],[1.085507,49.4112],[1.085411,49.411869],[1.084808,49.412106],[1.083948,49.412763],[1.083717,49.413376],[1.083991,49.413794],[1.0847,49.413909],[1.085462,49.413815],[1.086536,49.413995],[1.086948,49.41372],[1.086812,49.412829],[1.086416,49.412283],[1.087232,49.411803],[1.087449,49.411492],[1.087341,49.411226],[1.087665,49.411007],[1.091951,49.411963],[1.092155,49.412339],[1.092887,49.412321],[1.092875,49.412796],[1.093381,49.413014],[1.093773,49.412849],[1.093837,49.41264],[1.094402,49.412794],[1.094652,49.413076],[1.096386,49.413201],[1.096689,49.413557],[1.097176,49.413444],[1.097784,49.413641],[1.098438,49.413378],[1.098492,49.413673],[1.099797,49.413616],[1.100894,49.414319],[1.100907,49.414799],[1.10316,49.416526],[1.104606,49.415421],[1.105014,49.414759],[1.105246,49.413516],[1.104891,49.4123],[1.104275,49.411373],[1.105352,49.409207],[1.10633,49.406517],[1.107115,49.405584],[1.107184,49.40438],[1.107878,49.401835],[1.109273,49.402073],[1.112516,49.404013],[1.110111,49.40584],[1.112529,49.406884],[1.109302,49.408501],[1.110131,49.408824],[1.110379,49.409161],[1.109309,49.409688],[1.109858,49.411649],[1.110435,49.412217],[1.109558,49.413894],[1.109627,49.414357],[1.109304,49.414971],[1.109389,49.415993],[1.111664,49.417467],[1.113115,49.413328],[1.114519,49.411225],[1.115693,49.408862],[1.115964,49.407138],[1.117324,49.405307],[1.11782,49.4003],[1.116196,49.400259],[1.116141,49.399942],[1.114332,49.400105],[1.113349,49.399949],[1.112942,49.399724],[1.103135,49.399321],[1.103128,49.398968],[1.099883,49.39859],[1.099827,49.398824],[1.08959,49.397493],[1.089712,49.398051],[1.082018,49.397189],[1.080878,49.397492],[1.080991,49.400959],[1.07926,49.404751],[1.078897,49.404899],[1.079209,49.405106],[1.079437,49.405066]],[[1.112071,49.408834],[1.112671,49.408284],[1.112795,49.408859],[1.112071,49.408834]],[[1.098772,49.40937],[1.09905,49.409219],[1.098894,49.409046],[1.099395,49.409147],[1.099172,49.409598],[1.098805,49.409771],[1.098595,49.409676],[1.098772,49.40937]],[[1.097588,49.410397],[1.098078,49.410435],[1.097574,49.410826],[1.097588,49.410397]],[[1.110519,49.41816],[1.109754,49.418464],[1.108792,49.419368],[1.108879,49.419825],[1.108602,49.420324],[1.10921,49.421071],[1.10982,49.421407],[1.108843,49.421681],[1.108977,49.422083],[1.10941,49.422257],[1.108333,49.422563],[1.10755,49.423397],[1.107442,49.423973],[1.105406,49.424955],[1.106036,49.425256],[1.10746,49.425543],[1.110086,49.425472],[1.110525,49.422902],[1.110566,49.420565],[1.111451,49.418069],[1.110519,49.41816]]]}},{"type":"Feature","properties":{"uai_primary":"0761647C","uai_all":"0761647C","is_merged":false},"geometry":{"type":"Polygon","coordinates":[[[1.106538,49.374841],[1.106417,49.375063],[1.106666,49.375187],[1.106862,49.375079],[1.106538,49.374841]],[[1.09715,49.377355],[1.096988,49.377302],[1.097227,49.377727],[1.09715,49.377355]],[[1.106863,49.382479],[1.10714,49.382212],[1.106912,49.381871],[1.106659,49.381895],[1.106413,49.382169],[1.106863,49.382479]],[[1.084375,49.386278],[1.084316,49.387105],[1.084721,49.387169],[1.08583,49.387825],[1.086681,49.38798],[1.086985,49.388401],[1.0879,49.388206],[1.088361,49.388396],[1.089419,49.388475],[1.090217,49.387924],[1.090531,49.38811],[1.090543,49.388983],[1.092631,49.389283],[1.093505,49.388903],[1.095337,49.389962],[1.095179,49.390381],[1.095773,49.390677],[1.095687,49.391836],[1.095937,49.392046],[1.095763,49.392922],[1.095902,49.393403],[1.095767,49.394121],[1.094399,49.395408],[1.094239,49.39722],[1.094875,49.397703],[1.094821,49.398156],[1.099827,49.398824],[1.099883,49.39859],[1.103128,49.398968],[1.103135,49.399321],[1.112942,49.399724],[1.113349,49.399949],[1.114332,49.400105],[1.116141,49.399942],[1.116196,49.400259],[1.11782,49.4003],[1.118453,49.387547],[1.122322,49.387649],[1.122372,49.385255],[1.121456,49.382264],[1.119212,49.378848],[1.115147,49.379761],[1.113707,49.379815],[1.112284,49.380436],[1.110239,49.380853],[1.10971,49.38219],[1.108435,49.382062],[1.107555,49.382543],[1.107515,49.382741],[1.106149,49.382534],[1.105952,49.382717],[1.105333,49.382748],[1.104679,49.382523],[1.104825,49.382221],[1.10444,49.381919],[1.10498,49.381863],[1.104845,49.381362],[1.102509,49.381023],[1.101854,49.381055],[1.100694,49.380547],[1.100719,49.379949],[1.101387,49.380062],[1.10216,49.378931],[1.10233,49.378122],[1.102095,49.377978],[1.101816,49.377886],[1.100496,49.37835],[1.100947,49.378617],[1.101155,49.379034],[1.100925,49.379381],[1.098466,49.380214],[1.098408,49.379804],[1.097413,49.37863],[1.096702,49.378688],[1.096974,49.377297],[1.096539,49.377111],[1.096442,49.376054],[1.095849,49.375767],[1.095611,49.37687],[1.095292,49.37698],[1.095063,49.377671],[1.095641,49.377444],[1.095834,49.377193],[1.096328,49.377208],[1.095997,49.377364],[1.096041,49.378839],[1.095037,49.378753],[1.09441,49.378483],[1.091124,49.377857],[1.085913,49.378594],[1.091248,49.382308],[1.091115,49.382792],[1.090267,49.383405],[1.086426,49.385164],[1.084696,49.38508],[1.084421,49.38528],[1.084202,49.385882],[1.084375,49.386278]],[[1.100299,49.380696],[1.099886,49.3808],[1.10006,49.38011],[1.100667,49.380556],[1.100299,49.380696]]]}},{"type":"Feature","properties":{"uai_primary":"0761689Y","uai_all":"0761689Y","is_merged":false},"geometry":{"type":"Polygon","coordinates":[[[0.273817,49.540512],[0.273657,49.540607],[0.275093,49.541214],[0.275465,49.541641],[0.276315,49.542163],[0.276421,49.542098],[0.278201,49.543363],[0.278354,49.544048],[0.280278,49.544728],[0.277561,49.547488],[0.278245,49.547734],[0.274519,49.549239],[0.275839,49.549699],[0.276275,49.550162],[0.274447,49.550237],[0.272336,49.550666],[0.274152,49.550926],[0.272328,49.554663],[0.274966,49.555772],[0.273776,49.558533],[0.275829,49.559032],[0.27493,49.560697],[0.273978,49.560455],[0.272782,49.562971],[0.268313,49.561385],[0.266664,49.562964],[0.266913,49.565901],[0.268074,49.566211],[0.270338,49.567245],[0.272137,49.568642],[0.275102,49.569724],[0.277147,49.570678],[0.279221,49.571141],[0.279669,49.57144],[0.281323,49.573144],[0.28122,49.576117],[0.281874,49.57719],[0.281533,49.579327],[0.286163,49.579892],[0.289679,49.57973],[0.290049,49.579674],[0.290377,49.578732],[0.300265,49.577958],[0.302451,49.577989],[0.308091,49.577687],[0.308177,49.578706],[0.308903,49.578728],[0.312143,49.580731],[0.312292,49.582254],[0.312895,49.5823],[0.314419,49.582837],[0.31519,49.582934],[0.316612,49.584116],[0.316213,49.585639],[0.319964,49.585936],[0.319307,49.589593],[0.321024,49.589532],[0.322741,49.58997],[0.322505,49.590414],[0.324089,49.59145],[0.326903,49.592419],[0.326535,49.592839],[0.329291,49.593929],[0.329271,49.598024],[0.333601,49.599665],[0.336001,49.598268],[0.336834,49.598625],[0.338651,49.598253],[0.340038,49.599081],[0.340293,49.599512],[0.340656,49.598669],[0.341556,49.598965],[0.343941,49.598651],[0.344295,49.598391],[0.34369,49.597994],[0.342296,49.595083],[0.34085,49.593678],[0.344841,49.591849],[0.344494,49.591],[0.345483,49.590368],[0.346375,49.589442],[0.347535,49.587457],[0.347972,49.587571],[0.349971,49.584904],[0.352628,49.582286],[0.354035,49.581411],[0.356422,49.583124],[0.358212,49.583948],[0.359592,49.584328],[0.359392,49.584711],[0.359939,49.585711],[0.362178,49.586614],[0.363743,49.587654],[0.3656,49.588386],[0.367986,49.589],[0.368643,49.589146],[0.368902,49.588891],[0.369343,49.588916],[0.369783,49.588357],[0.374381,49.588492],[0.37647,49.588297],[0.381486,49.5883],[0.383279,49.585878],[0.381923,49.58574],[0.382354,49.583567],[0.38333,49.582518],[0.380718,49.580559],[0.379748,49.579162],[0.379995,49.579118],[0.379761,49.57728],[0.379936,49.577302],[0.380347,49.576502],[0.38012,49.576385],[0.380722,49.574669],[0.379782,49.569021],[0.381468,49.567238],[0.38331,49.56674],[0.384269,49.566116],[0.388342,49.566406],[0.390289,49.566668],[0.391445,49.566989],[0.392123,49.567354],[0.393391,49.56865],[0.394291,49.568882],[0.395724,49.568895],[0.396527,49.569059],[0.395518,49.570039],[0.393676,49.570666],[0.397207,49.571981],[0.399938,49.572143],[0.400896,49.571974],[0.401801,49.571582],[0.40224,49.570354],[0.402224,49.570166],[0.40181,49.570096],[0.401951,49.569123],[0.402607,49.56779],[0.402488,49.567566],[0.403889,49.566647],[0.405094,49.564858],[0.407858,49.563285],[0.408686,49.561831],[0.410144,49.562132],[0.412539,49.563172],[0.415729,49.563883],[0.419112,49.56528],[0.420296,49.565243],[0.421654,49.564885],[0.425083,49.565836],[0.426279,49.565918],[0.427063,49.565716],[0.428522,49.564223],[0.426116,49.564193],[0.425059,49.563824],[0.425202,49.563384],[0.42302,49.562762],[0.423644,49.561967],[0.422517,49.561506],[0.42291,49.560993],[0.423622,49.561194],[0.423856,49.560639],[0.422405,49.559997],[0.424157,49.557983],[0.424165,49.557147],[0.422297,49.55594],[0.422935,49.555339],[0.422209,49.555116],[0.420887,49.555265],[0.417544,49.553699],[0.420435,49.547629],[0.420651,49.547648],[0.42081,49.54612],[0.418696,49.54635],[0.417174,49.546359],[0.417047,49.54622],[0.416067,49.546324],[0.415864,49.544043],[0.416374,49.544012],[0.415972,49.541435],[0.416146,49.540543],[0.416739,49.540555],[0.417566,49.537753],[0.422687,49.537814],[0.42626,49.538237],[0.428182,49.537904],[0.429135,49.535252],[0.43007,49.531566],[0.4311,49.529159],[0.435334,49.529331],[0.436082,49.525346],[0.436468,49.52106],[0.436439,49.519414],[0.436135,49.519217],[0.438797,49.519471],[0.438583,49.520996],[0.440445,49.520951],[0.440803,49.521234],[0.441404,49.521283],[0.443976,49.521215],[0.446379,49.521364],[0.447322,49.521106],[0.447822,49.520599],[0.449599,49.519861],[0.449934,49.519281],[0.448745,49.518441],[0.448204,49.516996],[0.448389,49.516042],[0.449528,49.515106],[0.44972,49.514672],[0.449593,49.514362],[0.448592,49.513706],[0.448702,49.512646],[0.449054,49.512449],[0.450439,49.512317],[0.453818,49.512286],[0.454696,49.51193],[0.454902,49.510271],[0.457792,49.507266],[0.458919,49.505203],[0.459536,49.504759],[0.461803,49.503801],[0.462632,49.503021],[0.462604,49.502371],[0.462056,49.501571],[0.46223,49.500698],[0.461862,49.500481],[0.461692,49.499964],[0.46082,49.499032],[0.460532,49.498373],[0.460847,49.497618],[0.460961,49.49643],[0.460126,49.494302],[0.4607,49.493158],[0.459338,49.490946],[0.458863,49.490576],[0.457734,49.490155],[0.456891,49.490281],[0.454405,49.491766],[0.451605,49.492136],[0.450717,49.49248],[0.450097,49.492979],[0.44444,49.504285],[0.444643,49.505457],[0.442771,49.505361],[0.441809,49.505109],[0.43575,49.503059],[0.438057,49.499963],[0.439725,49.497291],[0.440459,49.493256],[0.442598,49.491772],[0.441128,49.490816],[0.440623,49.490742],[0.440257,49.490437],[0.439822,49.490411],[0.439524,49.488513],[0.438918,49.487196],[0.438693,49.486932],[0.437412,49.486269],[0.43645,49.474692],[0.436439,49.472129],[0.43525,49.460045],[0.419184,49.454622],[0.40562,49.450953],[0.386507,49.447336],[0.376881,49.445339],[0.371458,49.444575],[0.369315,49.444479],[0.338354,49.445431],[0.338751,49.450063],[0.336872,49.450114],[0.33656,49.450013],[0.334978,49.450194],[0.334852,49.449985],[0.335666,49.449158],[0.334482,49.450215],[0.333792,49.450222],[0.333668,49.449959],[0.332778,49.450083],[0.331351,49.449935],[0.331366,49.450184],[0.330583,49.450174],[0.330393,49.450322],[0.330397,49.450195],[0.329766,49.450194],[0.329596,49.450007],[0.329386,49.450334],[0.323696,49.450461],[0.323413,49.450593],[0.321921,49.450651],[0.321732,49.450567],[0.321711,49.44965],[0.321684,49.450638],[0.32156,49.450546],[0.321624,49.449747],[0.321471,49.449624],[0.321471,49.450535],[0.321216,49.450668],[0.320289,49.450722],[0.320225,49.450624],[0.320055,49.450723],[0.319936,49.450618],[0.320106,49.450535],[0.320677,49.450508],[0.320024,49.45051],[0.319675,49.450338],[0.319599,49.450574],[0.319283,49.450705],[0.318478,49.450798],[0.31769,49.450837],[0.316664,49.450677],[0.316061,49.450868],[0.314592,49.450981],[0.31374,49.450936],[0.313516,49.450724],[0.312988,49.451057],[0.312856,49.45095],[0.312577,49.451009],[0.312426,49.450737],[0.310734,49.450647],[0.310479,49.450964],[0.309937,49.451025],[0.309918,49.451205],[0.307989,49.451169],[0.307776,49.451283],[0.307744,49.451111],[0.307338,49.451228],[0.307414,49.45132],[0.306904,49.451342],[0.305797,49.451149],[0.305648,49.450822],[0.305465,49.451423],[0.304257,49.451501],[0.304371,49.450982],[0.303693,49.451543],[0.302607,49.45147],[0.302587,49.451597],[0.301693,49.451552],[0.301604,49.45166],[0.300026,49.451763],[0.298847,49.451624],[0.299235,49.451785],[0.295515,49.452038],[0.293724,49.451471],[0.293611,49.45125],[0.289735,49.451272],[0.288165,49.450957],[0.287911,49.451028],[0.28966,49.451396],[0.290909,49.451483],[0.29347,49.451345],[0.293673,49.451913],[0.293735,49.451515],[0.295099,49.452053],[0.273482,49.453421],[0.27306,49.453314],[0.272661,49.452769],[0.271836,49.452461],[0.271766,49.452168],[0.271815,49.451683],[0.272375,49.451399],[0.272313,49.447037],[0.273026,49.442835],[0.273019,49.442529],[0.272136,49.442482],[0.271571,49.447083],[0.269963,49.452109],[0.270468,49.452165],[0.27061,49.452422],[0.269369,49.453223],[0.269337,49.453462],[0.268388,49.453676],[0.266103,49.453833],[0.265571,49.453723],[0.262781,49.454076],[0.262375,49.454028],[0.262199,49.453858],[0.262119,49.454071],[0.255501,49.454538],[0.270371,49.496146],[0.27127,49.496282],[0.27159,49.497013],[0.272233,49.497431],[0.27249,49.497879],[0.27394,49.498593],[0.276687,49.499597],[0.277227,49.500165],[0.277667,49.500153],[0.278163,49.500411],[0.278585,49.501192],[0.279073,49.501495],[0.278987,49.501692],[0.28059,49.50337],[0.281284,49.505495],[0.282364,49.506603],[0.283839,49.507538],[0.287443,49.508388],[0.289254,49.50914],[0.290468,49.51166],[0.288429,49.512391],[0.288698,49.512513],[0.287016,49.514534],[0.284574,49.513418],[0.282683,49.515902],[0.282019,49.515581],[0.28166,49.517356],[0.281381,49.517339],[0.28103,49.519344],[0.295123,49.520115],[0.294398,49.523276],[0.293095,49.526625],[0.293504,49.528382],[0.294539,49.529191],[0.29477,49.529569],[0.294887,49.530993],[0.29676,49.534991],[0.294295,49.535331],[0.293907,49.535543],[0.292877,49.536922],[0.291847,49.537225],[0.289785,49.537376],[0.289239,49.537831],[0.287621,49.538639],[0.286523,49.538992],[0.286601,49.538158],[0.286255,49.537031],[0.283895,49.53706],[0.281191,49.536853],[0.280452,49.53658],[0.279657,49.535925],[0.278702,49.535889],[0.276462,49.536863],[0.277159,49.536665],[0.277354,49.537028],[0.277337,49.537749],[0.276784,49.539154],[0.276011,49.539639],[0.273817,49.540512]]]}},{"type":"Feature","properties":{"uai_primary":"0761690Z","uai_all":"0761690Z","is_merged":false},"geometry":{"type":"Polygon","coordinates":[[[1.044629,49.395307],[1.046718,49.394343],[1.047502,49.396548],[1.048385,49.397453],[1.048413,49.397983],[1.048112,49.398264],[1.048339,49.398597],[1.048942,49.39914],[1.050865,49.399677],[1.050968,49.40012],[1.050294,49.401615],[1.049307,49.401912],[1.048774,49.402719],[1.049554,49.402992],[1.049767,49.403467],[1.051083,49.404266],[1.051811,49.403726],[1.052243,49.403911],[1.052456,49.404468],[1.052134,49.404559],[1.051703,49.405572],[1.052508,49.406339],[1.054239,49.40603],[1.055478,49.406604],[1.055419,49.40726],[1.054926,49.408117],[1.054458,49.408344],[1.053888,49.408361],[1.053816,49.408675],[1.054301,49.408914],[1.054341,49.40918],[1.053722,49.41045],[1.054627,49.410449],[1.055589,49.4101],[1.056248,49.409627],[1.057555,49.40904],[1.057716,49.408588],[1.058254,49.408781],[1.058389,49.409177],[1.058876,49.409437],[1.059132,49.409836],[1.059878,49.409829],[1.061086,49.410324],[1.061571,49.410298],[1.061719,49.410536],[1.063293,49.410512],[1.065341,49.410132],[1.069762,49.410513],[1.071079,49.409907],[1.0645,49.401047],[1.058448,49.392453],[1.043044,49.393675],[1.04154,49.391178],[1.036711,49.393912],[1.038092,49.394805],[1.040268,49.39577],[1.04277,49.395745],[1.044629,49.395307]],[[1.021721,49.410275],[1.021292,49.410432],[1.020959,49.410952],[1.020777,49.412013],[1.021552,49.413716],[1.024181,49.415087],[1.025032,49.414258],[1.026738,49.413421],[1.027875,49.41245],[1.029086,49.412308],[1.02944,49.412153],[1.029843,49.411625],[1.02999,49.410761],[1.029595,49.410503],[1.027216,49.411434],[1.025928,49.410675],[1.024795,49.41043],[1.024147,49.410443],[1.02308,49.410036],[1.021721,49.410275]]]}},{"type":"Feature","properties":{"uai_primary":"0761691A","uai_all":"0761691A","is_merged":false},"geometry":{"type":"Polygon","coordinates":[[[1.092594,49.426222],[1.092376,49.426066],[1.092594,49.426222]],[[1.093436,49.426978],[1.092838,49.426384],[1.092598,49.426738],[1.093436,49.426978]],[[1.112671,49.408284],[1.112071,49.408834],[1.112795,49.408859],[1.112671,49.408284]],[[1.099395,49.409147],[1.098875,49.409054],[1.09905,49.409219],[1.098595,49.409676],[1.098816,49.40977],[1.099172,49.409598],[1.099395,49.409147]],[[1.097555,49.410536],[1.097574,49.410826],[1.098078,49.410435],[1.097588,49.410397],[1.097555,49.410536]],[[1.10755,49.423397],[1.108333,49.422563],[1.10941,49.422257],[1.108977,49.422083],[1.108843,49.421681],[1.10982,49.421407],[1.10921,49.421071],[1.108602,49.420324],[1.108879,49.419825],[1.108792,49.419368],[1.109754,49.418464],[1.110519,49.41816],[1.111451,49.418069],[1.111664,49.417467],[1.109389,49.415993],[1.109304,49.414971],[1.109627,49.414357],[1.109558,49.413894],[1.110435,49.412217],[1.109858,49.411649],[1.109309,49.409688],[1.110379,49.409161],[1.110131,49.408824],[1.109302,49.408501],[1.112529,49.406884],[1.110111,49.40584],[1.112516,49.404013],[1.109273,49.402073],[1.107878,49.401835],[1.107184,49.40438],[1.107115,49.405584],[1.10633,49.406517],[1.105352,49.409207],[1.104275,49.411373],[1.104891,49.4123],[1.105246,49.413516],[1.105014,49.414759],[1.104606,49.415421],[1.10316,49.416526],[1.100907,49.414799],[1.100894,49.414319],[1.099797,49.413616],[1.098492,49.413673],[1.098438,49.413378],[1.097784,49.413641],[1.097176,49.413444],[1.096689,49.413557],[1.096386,49.413201],[1.094652,49.413076],[1.094402,49.412794],[1.093837,49.41264],[1.093773,49.412849],[1.093381,49.413014],[1.092875,49.412796],[1.092887,49.412321],[1.092155,49.412339],[1.091951,49.411963],[1.087665,49.411007],[1.087341,49.411226],[1.087449,49.411492],[1.087232,49.411803],[1.086416,49.412283],[1.086812,49.412829],[1.086948,49.41372],[1.086536,49.413995],[1.085462,49.413815],[1.0847,49.413909],[1.083991,49.413794],[1.083717,49.413376],[1.083948,49.412763],[1.084808,49.412106],[1.085411,49.411869],[1.085507,49.4112],[1.085192,49.410962],[1.084579,49.410914],[1.083905,49.41037],[1.083822,49.409566],[1.082803,49.409253],[1.082441,49.408909],[1.08163,49.408836],[1.081561,49.408322],[1.081128,49.407837],[1.080284,49.407434],[1.080678,49.406776],[1.080596,49.406395],[1.080087,49.406421],[1.08021,49.406071],[1.079688,49.405933],[1.07976,49.405596],[1.079288,49.405419],[1.07945,49.405068],[1.079209,49.405106],[1.078897,49.404899],[1.074675,49.406638],[1.075213,49.407286],[1.071079,49.409907],[1.078514,49.420137],[1.081049,49.418756],[1.084274,49.421167],[1.084015,49.42131],[1.086728,49.424229],[1.087184,49.424123],[1.088187,49.424882],[1.088944,49.424069],[1.091565,49.425434],[1.093322,49.42604],[1.093805,49.424524],[1.093766,49.423982],[1.095485,49.42144],[1.096599,49.420731],[1.105406,49.424955],[1.107442,49.423973],[1.10755,49.423397]]]}},{"type":"Feature","properties":{"uai_primary":"0761692B","uai_all":"0761692B","is_merged":false},"geometry":{"type":"Polygon","coordinates":[[[1.145382,49.477231],[1.146042,49.475932],[1.146905,49.475065],[1.147685,49.47471],[1.148316,49.474159],[1.157019,49.474051],[1.159526,49.469812],[1.160114,49.469403],[1.160613,49.469551],[1.161619,49.47112],[1.162584,49.471392],[1.162635,49.471865],[1.162211,49.472957],[1.161847,49.473287],[1.158625,49.474697],[1.159966,49.475865],[1.16087,49.477141],[1.161416,49.478843],[1.161732,49.478768],[1.16201,49.478934],[1.166945,49.477881],[1.166935,49.477658],[1.167519,49.477521],[1.1673,49.477032],[1.168993,49.476619],[1.169317,49.476693],[1.171639,49.475856],[1.172483,49.474846],[1.170503,49.472246],[1.170831,49.470359],[1.169961,49.468488],[1.173338,49.46782],[1.1732,49.466728],[1.171088,49.464218],[1.169011,49.463743],[1.167329,49.463572],[1.168424,49.461955],[1.16856,49.461067],[1.167011,49.460438],[1.166636,49.460136],[1.163659,49.460011],[1.16381,49.45975],[1.163734,49.458296],[1.163087,49.457023],[1.161226,49.457343],[1.16087,49.456646],[1.159559,49.45536],[1.1563,49.456865],[1.155998,49.455916],[1.15538,49.455243],[1.152639,49.455039],[1.151416,49.455155],[1.151235,49.455239],[1.151282,49.455567],[1.152071,49.456188],[1.15198,49.456791],[1.15048,49.457817],[1.149771,49.458872],[1.149382,49.459139],[1.14872,49.459443],[1.147651,49.459246],[1.145684,49.462198],[1.143969,49.462179],[1.14283,49.464038],[1.141003,49.46434],[1.14128,49.465247],[1.138506,49.464769],[1.138221,49.464939],[1.136941,49.464453],[1.1354,49.463611],[1.134985,49.463604],[1.13497,49.463227],[1.134338,49.463215],[1.134534,49.46269],[1.131467,49.4626],[1.131178,49.461292],[1.13015,49.460044],[1.124073,49.454558],[1.122214,49.453235],[1.121059,49.452681],[1.118846,49.452296],[1.117875,49.451965],[1.113535,49.449523],[1.113143,49.449623],[1.110367,49.451385],[1.109987,49.451863],[1.109939,49.45291],[1.109171,49.452449],[1.108789,49.45236],[1.108622,49.452463],[1.110009,49.454228],[1.110956,49.454957],[1.11387,49.45596],[1.114307,49.45627],[1.112928,49.45677],[1.111728,49.456334],[1.110696,49.456383],[1.109725,49.456164],[1.110259,49.456842],[1.10995,49.456841],[1.107709,49.455765],[1.106513,49.454966],[1.106246,49.45484],[1.106031,49.454984],[1.107403,49.456357],[1.109332,49.459727],[1.110606,49.460958],[1.112305,49.459791],[1.113892,49.461276],[1.116797,49.459904],[1.121176,49.4614],[1.122586,49.462099],[1.123161,49.462565],[1.12492,49.462854],[1.126481,49.463611],[1.127066,49.464117],[1.129887,49.465122],[1.130413,49.465465],[1.133006,49.466482],[1.133414,49.467557],[1.13512,49.468848],[1.137792,49.472335],[1.139666,49.473809],[1.143878,49.475526],[1.145094,49.476686],[1.145382,49.477231]],[[1.14988,49.461401],[1.150043,49.46112],[1.150503,49.460957],[1.151181,49.461012],[1.15123,49.461362],[1.150891,49.461726],[1.14988,49.461401]],[[1.153087,49.461185],[1.153175,49.461036],[1.153569,49.461024],[1.153999,49.461249],[1.154215,49.461471],[1.154051,49.461989],[1.152844,49.46189],[1.153087,49.461185]]]}},{"type":"Feature","properties":{"uai_primary":"0761694D","uai_all":"0761694D","is_merged":false},"geometry":{"type":"Polygon","coordinates":[[[0.952113,49.636851],[0.953358,49.636372],[0.955164,49.63505],[0.955911,49.635693],[0.95775,49.635284],[0.957801,49.635434],[0.95964,49.63519],[0.96,49.635815],[0.962619,49.635423],[0.962663,49.6358],[0.963379,49.635934],[0.964023,49.636596],[0.965263,49.635992],[0.966053,49.635138],[0.967294,49.635568],[0.967857,49.635233],[0.968117,49.635433],[0.969214,49.634718],[0.969581,49.634251],[0.97,49.63165],[0.970539,49.631005],[0.971732,49.6303],[0.971811,49.629941],[0.970861,49.628506],[0.97051,49.6276],[0.970282,49.626565],[0.97048,49.626207],[0.971568,49.62559],[0.972906,49.624269],[0.974972,49.623914],[0.97553,49.623687],[0.975931,49.623359],[0.976365,49.622493],[0.976248,49.62224],[0.97876,49.621724],[0.980192,49.621026],[0.981233,49.620867],[0.981852,49.620991],[0.982495,49.621331],[0.983688,49.621164],[0.984322,49.620174],[0.984571,49.620168],[0.985219,49.61863],[0.985997,49.617549],[0.986003,49.617069],[0.98561,49.616404],[0.9846,49.615398],[0.983744,49.613769],[0.985083,49.610351],[0.985152,49.609486],[0.982285,49.6058],[0.981315,49.602811],[0.981294,49.601344],[0.980841,49.600269],[0.981395,49.600017],[0.982291,49.599047],[0.985437,49.597924],[0.989608,49.597829],[0.990918,49.598508],[0.992097,49.598501],[0.994372,49.600027],[0.995152,49.600898],[0.996069,49.601383],[0.998683,49.602075],[1.000837,49.600038],[1.003145,49.600296],[1.003594,49.599364],[1.004887,49.598009],[1.006533,49.598685],[1.00802,49.596746],[1.006449,49.59638],[1.006144,49.596449],[1.003219,49.595053],[1.003235,49.594755],[1.001739,49.593688],[1.001854,49.59351],[1.001078,49.592944],[1.000295,49.592016],[0.999344,49.591364],[0.998827,49.591302],[0.998886,49.590845],[0.998554,49.590626],[0.99831,49.589589],[0.997906,49.589411],[0.999716,49.587509],[1.000706,49.58606],[1.002208,49.584793],[1.003173,49.584333],[1.003947,49.583696],[1.004253,49.583081],[1.006979,49.583383],[1.007272,49.583183],[1.006458,49.582426],[1.009467,49.581403],[1.011066,49.581423],[1.011485,49.580251],[1.01046,49.579806],[1.01174,49.579157],[1.012212,49.578677],[1.01462,49.577853],[1.01751,49.577603],[1.016728,49.577046],[1.018097,49.576465],[1.019408,49.576382],[1.021087,49.575846],[1.022327,49.575217],[1.023408,49.574418],[1.025001,49.574664],[1.026079,49.574246],[1.02556,49.573593],[1.026269,49.573169],[1.027627,49.572845],[1.030529,49.572778],[1.03203,49.572909],[1.03484,49.571728],[1.036542,49.571492],[1.038165,49.571404],[1.041041,49.572222],[1.040746,49.571105],[1.040594,49.568647],[1.040036,49.568281],[1.038685,49.566836],[1.043912,49.56813],[1.048591,49.568709],[1.049599,49.568679],[1.050828,49.568425],[1.051964,49.56864],[1.052544,49.568089],[1.051063,49.56591],[1.052704,49.565209],[1.054183,49.56485],[1.051658,49.559567],[1.047426,49.560868],[1.046007,49.556317],[1.041745,49.558524],[1.035804,49.560148],[1.03546,49.558578],[1.033808,49.556223],[1.030366,49.557432],[1.030258,49.557296],[1.029905,49.557414],[1.029777,49.556725],[1.029947,49.556143],[1.031647,49.553643],[1.034844,49.551798],[1.035553,49.551156],[1.036155,49.55012],[1.033632,49.549223],[1.029748,49.54614],[1.027808,49.546886],[1.028288,49.547394],[1.02707,49.548378],[1.026418,49.548145],[1.026116,49.548498],[1.021591,49.546669],[1.018695,49.545825],[1.018621,49.545932],[1.017153,49.545461],[1.016173,49.544967],[1.015641,49.545839],[1.013179,49.545731],[1.010367,49.548418],[1.010677,49.548544],[1.010584,49.54901],[1.010021,49.548956],[1.008305,49.548348],[1.00765,49.5475],[1.00572,49.547391],[1.004534,49.548129],[1.003366,49.548203],[1.001913,49.548604],[1.000394,49.549771],[0.997851,49.550361],[0.996605,49.55037],[0.995446,49.550072],[0.994651,49.548888],[0.994261,49.548597],[0.992141,49.548095],[0.990432,49.547356],[0.988491,49.547572],[0.987678,49.547407],[0.987376,49.547148],[0.986592,49.546921],[0.984524,49.546949],[0.98296,49.546753],[0.981212,49.547007],[0.978912,49.54862],[0.979674,49.54961],[0.982441,49.550308],[0.981821,49.550845],[0.981014,49.552483],[0.980986,49.553363],[0.981391,49.554384],[0.981122,49.55574],[0.98065,49.556736],[0.977893,49.55754],[0.97729,49.558059],[0.976437,49.557924],[0.975952,49.559638],[0.975953,49.560639],[0.976956,49.560527],[0.977828,49.560035],[0.977559,49.561785],[0.977722,49.562247],[0.979366,49.563799],[0.980676,49.5647],[0.978048,49.564919],[0.977998,49.564653],[0.97778,49.564663],[0.974202,49.565299],[0.973969,49.56482],[0.973311,49.564952],[0.973195,49.56439],[0.967444,49.565913],[0.967395,49.565684],[0.9629,49.564455],[0.962789,49.56453],[0.961155,49.563896],[0.95948,49.563843],[0.95948,49.56367],[0.95887,49.563624],[0.957331,49.562724],[0.95749,49.562521],[0.957002,49.56229],[0.956518,49.56173],[0.950632,49.560969],[0.950609,49.561267],[0.946521,49.560927],[0.945272,49.561104],[0.943848,49.561692],[0.940264,49.562691],[0.938692,49.56412],[0.936827,49.563262],[0.937063,49.56301],[0.935671,49.562527],[0.934093,49.562576],[0.932229,49.561331],[0.931093,49.560098],[0.928627,49.559095],[0.927681,49.561748],[0.926046,49.562762],[0.923089,49.565139],[0.920991,49.563067],[0.920533,49.561817],[0.920101,49.561908],[0.919409,49.561274],[0.918411,49.559885],[0.918128,49.558875],[0.914862,49.559707],[0.912486,49.559169],[0.909635,49.557432],[0.906329,49.559426],[0.906821,49.559715],[0.905309,49.56068],[0.90728,49.562491],[0.908612,49.563388],[0.909404,49.564775],[0.911337,49.565292],[0.917527,49.567499],[0.919758,49.566637],[0.921025,49.567171],[0.919147,49.568727],[0.913984,49.57131],[0.910756,49.57339],[0.909019,49.573971],[0.911089,49.575091],[0.910405,49.575573],[0.91782,49.579717],[0.918232,49.57956],[0.919438,49.581522],[0.920009,49.581355],[0.920705,49.58245],[0.920968,49.582377],[0.921237,49.58309],[0.918087,49.584237],[0.91863,49.584992],[0.918475,49.585062],[0.917327,49.58548],[0.915467,49.585461],[0.915391,49.585726],[0.914639,49.585896],[0.913185,49.586624],[0.912641,49.587261],[0.912692,49.587811],[0.912371,49.588314],[0.912576,49.588817],[0.911868,49.590231],[0.910629,49.591458],[0.91064,49.591869],[0.911126,49.592344],[0.910688,49.592527],[0.909342,49.592685],[0.907735,49.592737],[0.907299,49.592516],[0.90684,49.592556],[0.904779,49.593279],[0.903742,49.593802],[0.903307,49.594343],[0.903317,49.594739],[0.904375,49.59557],[0.904629,49.596106],[0.904454,49.597125],[0.904128,49.597624],[0.90233,49.59815],[0.901928,49.598088],[0.901571,49.598252],[0.89923,49.598467],[0.899163,49.599045],[0.900739,49.599751],[0.901377,49.600835],[0.900953,49.600956],[0.899031,49.602299],[0.899138,49.602505],[0.898751,49.60376],[0.899159,49.603803],[0.898906,49.606164],[0.899179,49.606215],[0.899084,49.606881],[0.898568,49.607754],[0.898972,49.609292],[0.899287,49.60937],[0.89867,49.610297],[0.899041,49.610778],[0.898505,49.611572],[0.900299,49.612252],[0.899578,49.613122],[0.902053,49.614123],[0.902098,49.614642],[0.903404,49.61632],[0.901519,49.618515],[0.900691,49.619854],[0.900103,49.62],[0.899314,49.621536],[0.896223,49.623183],[0.895698,49.624336],[0.895486,49.624252],[0.895063,49.625011],[0.895343,49.62514],[0.895199,49.625372],[0.895528,49.625458],[0.89445,49.626911],[0.903379,49.629478],[0.906479,49.629319],[0.908683,49.629893],[0.913282,49.630795],[0.91489,49.630895],[0.916105,49.631111],[0.9161,49.631233],[0.920489,49.63162],[0.92359,49.631598],[0.923581,49.63066],[0.925741,49.630634],[0.92795,49.630175],[0.929537,49.629379],[0.929406,49.629212],[0.930575,49.628274],[0.932244,49.63012],[0.934772,49.629646],[0.937169,49.628758],[0.93738,49.628876],[0.937552,49.629602],[0.93799,49.62964],[0.937949,49.62854],[0.939299,49.628257],[0.939007,49.627365],[0.941175,49.627313],[0.941052,49.627651],[0.942463,49.62695],[0.944218,49.627765],[0.943989,49.627981],[0.945134,49.628523],[0.946777,49.627722],[0.948999,49.630041],[0.947919,49.63045],[0.949484,49.632179],[0.950493,49.63288],[0.95107,49.635061],[0.950017,49.635578],[0.95047,49.636678],[0.951538,49.636081],[0.952113,49.636851]]]}},{"type":"Feature","properties":{"uai_primary":"0761695E","uai_all":"0761695E","is_merged":false},"geometry":{"type":"Polygon","coordinates":[[[1.682732,49.567338],[1.681099,49.566881],[1.680831,49.567367],[1.681274,49.567401],[1.681825,49.568097],[1.68164,49.568311],[1.68201,49.568555],[1.681885,49.568664],[1.68061,49.568458],[1.680295,49.568561],[1.679629,49.568369],[1.678561,49.567688],[1.678352,49.567364],[1.677505,49.567053],[1.677383,49.5662],[1.676704,49.565285],[1.675668,49.564589],[1.675094,49.564547],[1.674152,49.565298],[1.674089,49.56641],[1.674955,49.567433],[1.676298,49.568064],[1.676489,49.568261],[1.676254,49.568539],[1.676458,49.568728],[1.67632,49.56888],[1.675862,49.568761],[1.67551,49.568994],[1.673711,49.569376],[1.672729,49.569877],[1.672542,49.57023],[1.673133,49.571093],[1.674169,49.571861],[1.674696,49.572757],[1.675397,49.573259],[1.675405,49.573822],[1.675726,49.57417],[1.675438,49.574316],[1.675686,49.57455],[1.675506,49.574853],[1.674672,49.575114],[1.673956,49.574684],[1.673902,49.574319],[1.67298,49.574074],[1.672241,49.573368],[1.672394,49.572894],[1.671168,49.571226],[1.670469,49.570759],[1.669553,49.570724],[1.669336,49.570836],[1.669322,49.571363],[1.668311,49.572481],[1.667451,49.57391],[1.667808,49.574857],[1.668187,49.575132],[1.668389,49.575585],[1.666605,49.57645],[1.666279,49.576851],[1.666664,49.577584],[1.666763,49.578549],[1.667083,49.578774],[1.666661,49.579828],[1.666034,49.579723],[1.665203,49.579214],[1.665196,49.578654],[1.664093,49.577852],[1.664228,49.576109],[1.663859,49.575401],[1.663939,49.575128],[1.662447,49.574925],[1.661522,49.575611],[1.660353,49.576178],[1.659964,49.576951],[1.659473,49.577163],[1.659475,49.577925],[1.659185,49.578562],[1.65929,49.579004],[1.65886,49.57933],[1.659071,49.579638],[1.658592,49.580015],[1.658325,49.580648],[1.65609,49.580839],[1.655681,49.581042],[1.654566,49.580823],[1.65453,49.581019],[1.65369,49.58117],[1.653557,49.581026],[1.653731,49.580881],[1.653188,49.580921],[1.652331,49.58059],[1.651672,49.580898],[1.651152,49.580691],[1.650943,49.581115],[1.650523,49.581218],[1.650341,49.581521],[1.649953,49.581051],[1.648684,49.581194],[1.648391,49.581104],[1.648132,49.581277],[1.647889,49.580644],[1.647524,49.58069],[1.646946,49.580266],[1.646326,49.580305],[1.645219,49.579918],[1.644817,49.577906],[1.644144,49.57801],[1.643225,49.577261],[1.643474,49.57713],[1.643535,49.576595],[1.642868,49.576682],[1.642512,49.576377],[1.640674,49.576025],[1.640474,49.576092],[1.638492,49.575591],[1.637046,49.573232],[1.636465,49.572782],[1.63203,49.571162],[1.63093,49.571073],[1.628972,49.571219],[1.62886,49.569706],[1.629166,49.567549],[1.630091,49.567255],[1.632156,49.565304],[1.632728,49.565424],[1.633082,49.564925],[1.633159,49.564431],[1.632482,49.563491],[1.63245,49.56272],[1.630964,49.561454],[1.628067,49.559631],[1.626879,49.558627],[1.623489,49.556888],[1.622698,49.556565],[1.621134,49.55697],[1.620294,49.55691],[1.620844,49.555001],[1.620301,49.553426],[1.616475,49.551684],[1.615622,49.550935],[1.612494,49.551119],[1.609988,49.551522],[1.606325,49.552632],[1.605386,49.553201],[1.605181,49.555082],[1.603662,49.558056],[1.601555,49.557797],[1.600306,49.557845],[1.598884,49.558159],[1.597307,49.558147],[1.59722,49.558557],[1.596304,49.559239],[1.594294,49.559493],[1.591592,49.559568],[1.591864,49.5593],[1.588399,49.55713],[1.584847,49.554548],[1.583944,49.554991],[1.583599,49.554989],[1.577512,49.550635],[1.577871,49.550228],[1.577881,49.54951],[1.575647,49.54828],[1.577499,49.546764],[1.57825,49.545782],[1.577621,49.545286],[1.577259,49.544559],[1.577035,49.544632],[1.575392,49.543034],[1.573834,49.540991],[1.574876,49.540655],[1.574678,49.54043],[1.573499,49.539707],[1.572947,49.539966],[1.568833,49.536097],[1.56708,49.536567],[1.565282,49.537336],[1.564982,49.537115],[1.565547,49.536838],[1.565206,49.536643],[1.566456,49.535955],[1.564709,49.534094],[1.564616,49.533913],[1.564965,49.533799],[1.563636,49.532102],[1.564605,49.531883],[1.564472,49.531478],[1.5593,49.522229],[1.558929,49.522261],[1.556447,49.523483],[1.552493,49.524075],[1.548706,49.523538],[1.546864,49.522699],[1.545552,49.522465],[1.543929,49.521527],[1.542928,49.520735],[1.542553,49.520225],[1.542855,49.519355],[1.544511,49.518576],[1.544719,49.518985],[1.546051,49.518785],[1.550325,49.519356],[1.553923,49.518993],[1.554397,49.518783],[1.554254,49.51837],[1.553642,49.517782],[1.554454,49.517151],[1.554541,49.516601],[1.554007,49.514883],[1.55021,49.514482],[1.548837,49.512479],[1.54495,49.51336],[1.543433,49.513306],[1.540753,49.51176],[1.54028,49.511128],[1.53953,49.510629],[1.53892,49.509952],[1.537812,49.509351],[1.535058,49.510851],[1.530441,49.513052],[1.528679,49.511141],[1.528682,49.510872],[1.530999,49.509172],[1.529984,49.506319],[1.527885,49.507173],[1.524635,49.514965],[1.519312,49.518009],[1.519655,49.519217],[1.520934,49.519347],[1.520929,49.520425],[1.52149,49.520428],[1.521357,49.521288],[1.520026,49.52105],[1.51896,49.523255],[1.516478,49.526641],[1.514921,49.52718],[1.513621,49.528599],[1.511716,49.531575],[1.511622,49.532065],[1.511915,49.532817],[1.510224,49.531926],[1.509337,49.531706],[1.505182,49.530084],[1.504653,49.529521],[1.503089,49.528733],[1.501665,49.529071],[1.501431,49.528808],[1.499995,49.529208],[1.499737,49.528412],[1.498096,49.527236],[1.496972,49.526119],[1.496498,49.526039],[1.495918,49.526183],[1.495433,49.525941],[1.494109,49.525842],[1.493606,49.525361],[1.493195,49.52527],[1.493332,49.524583],[1.493611,49.524302],[1.490853,49.52439],[1.490845,49.525485],[1.491164,49.526537],[1.486921,49.525442],[1.48699,49.525895],[1.487285,49.525985],[1.487296,49.527332],[1.486875,49.527362],[1.486611,49.528143],[1.485639,49.528224],[1.485693,49.528542],[1.483634,49.529003],[1.483872,49.529925],[1.483193,49.529854],[1.481134,49.529195],[1.47803,49.528451],[1.476037,49.528193],[1.474352,49.528289],[1.47066,49.528094],[1.470505,49.529062],[1.470063,49.529521],[1.468931,49.529387],[1.469052,49.530098],[1.468353,49.530017],[1.468055,49.530359],[1.467607,49.530515],[1.467393,49.530883],[1.465128,49.530806],[1.463301,49.532602],[1.460524,49.530934],[1.458324,49.529126],[1.457926,49.529466],[1.457352,49.530687],[1.453769,49.531441],[1.451654,49.532204],[1.450509,49.532302],[1.449574,49.532582],[1.447277,49.533909],[1.443598,49.536682],[1.443348,49.537674],[1.441539,49.537687],[1.439743,49.541539],[1.435006,49.550271],[1.433781,49.553333],[1.433331,49.555396],[1.434927,49.557411],[1.432437,49.558504],[1.439117,49.559648],[1.438776,49.56174],[1.437513,49.565495],[1.437547,49.565971],[1.437901,49.566326],[1.43907,49.569016],[1.439735,49.569551],[1.440886,49.570109],[1.442184,49.570255],[1.44334,49.570689],[1.443415,49.571253],[1.443204,49.571604],[1.442705,49.571892],[1.442209,49.571756],[1.44216,49.571855],[1.443985,49.572706],[1.443365,49.572898],[1.442795,49.57346],[1.440913,49.573945],[1.440592,49.574683],[1.440847,49.574911],[1.441059,49.575746],[1.442331,49.575847],[1.442398,49.574891],[1.445082,49.574263],[1.445087,49.575143],[1.446965,49.574714],[1.447563,49.575314],[1.445132,49.57613],[1.444539,49.576922],[1.444021,49.579318],[1.440659,49.581496],[1.439924,49.581807],[1.44067,49.582458],[1.442466,49.581542],[1.44281,49.581736],[1.441591,49.582494],[1.442883,49.583049],[1.444236,49.583267],[1.444856,49.583272],[1.446456,49.58261],[1.447983,49.582217],[1.450632,49.585943],[1.444967,49.587822],[1.443218,49.589109],[1.442186,49.590409],[1.438298,49.593046],[1.43646,49.597351],[1.435977,49.599024],[1.435606,49.599465],[1.433901,49.600214],[1.433448,49.600264],[1.433547,49.600429],[1.432431,49.601505],[1.430613,49.601282],[1.429226,49.601541],[1.427834,49.60207],[1.427008,49.601885],[1.42498,49.603261],[1.42381,49.602938],[1.421275,49.604895],[1.42085,49.605431],[1.420764,49.606382],[1.418792,49.608388],[1.417593,49.610939],[1.418097,49.612246],[1.417112,49.61345],[1.421226,49.615331],[1.426701,49.617378],[1.428377,49.617508],[1.429748,49.617327],[1.432482,49.617278],[1.433543,49.617498],[1.433759,49.618361],[1.432399,49.620953],[1.430729,49.620944],[1.429893,49.620444],[1.428877,49.620338],[1.428436,49.620642],[1.427949,49.62344],[1.427127,49.623822],[1.423911,49.623669],[1.422055,49.623355],[1.42163,49.623228],[1.421298,49.622708],[1.417749,49.623435],[1.41507,49.61973],[1.409924,49.625276],[1.409382,49.625228],[1.408495,49.627026],[1.407708,49.628075],[1.407414,49.627982],[1.405098,49.631109],[1.403549,49.631907],[1.396492,49.633322],[1.39201,49.633225],[1.390576,49.632664],[1.389322,49.633148],[1.388838,49.633144],[1.388091,49.632419],[1.387816,49.632373],[1.387287,49.632694],[1.386494,49.632821],[1.384288,49.632481],[1.38368,49.632715],[1.38307,49.632611],[1.382637,49.633052],[1.382159,49.632946],[1.38153,49.6331],[1.379245,49.63322],[1.377738,49.633059],[1.375913,49.633444],[1.375644,49.633163],[1.372887,49.634275],[1.372312,49.634677],[1.373253,49.635634],[1.373666,49.635588],[1.374664,49.636041],[1.37639,49.637755],[1.380932,49.64103],[1.381578,49.641758],[1.382277,49.643116],[1.380179,49.644311],[1.379228,49.645247],[1.381043,49.647553],[1.386283,49.651311],[1.388814,49.652219],[1.390755,49.653173],[1.394474,49.654308],[1.394746,49.655053],[1.396249,49.655335],[1.396591,49.655686],[1.396988,49.657271],[1.398137,49.657727],[1.398507,49.658636],[1.398441,49.659121],[1.399538,49.659624],[1.40294,49.66048],[1.402096,49.661386],[1.402,49.661585],[1.402234,49.661828],[1.40362,49.662114],[1.403856,49.661918],[1.404393,49.6619],[1.405294,49.662136],[1.403554,49.66402],[1.404863,49.664299],[1.405408,49.664708],[1.405811,49.665385],[1.412549,49.667735],[1.414948,49.668966],[1.416258,49.669201],[1.416486,49.668843],[1.417039,49.668937],[1.417324,49.6684],[1.417943,49.668629],[1.418221,49.668586],[1.418785,49.668052],[1.419815,49.668419],[1.421115,49.669237],[1.421668,49.669241],[1.424769,49.671073],[1.424462,49.671693],[1.425317,49.672216],[1.428886,49.671954],[1.428943,49.672628],[1.429214,49.6729],[1.431771,49.673817],[1.431832,49.674311],[1.432998,49.674913],[1.434842,49.67504],[1.43424,49.675565],[1.434724,49.675871],[1.436615,49.676802],[1.437726,49.677552],[1.438141,49.677511],[1.438353,49.677332],[1.440474,49.67836],[1.4403,49.679138],[1.439688,49.679939],[1.439585,49.680597],[1.439393,49.680719],[1.439921,49.681369],[1.440744,49.681329],[1.441101,49.681026],[1.441983,49.681032],[1.442348,49.68087],[1.442358,49.680669],[1.442873,49.680638],[1.443334,49.68088],[1.444512,49.681117],[1.444634,49.681358],[1.445248,49.681201],[1.44653,49.681361],[1.44741,49.681981],[1.448209,49.682132],[1.448203,49.681812],[1.448546,49.681376],[1.450241,49.679754],[1.451205,49.679188],[1.45315,49.678753],[1.454757,49.678765],[1.456181,49.67993],[1.457926,49.680418],[1.459658,49.67993],[1.459492,49.679263],[1.460247,49.678017],[1.461441,49.673597],[1.464683,49.6742],[1.465718,49.672701],[1.461774,49.671365],[1.46165,49.66945],[1.461838,49.666397],[1.46162,49.665172],[1.463385,49.665738],[1.462816,49.66658],[1.465889,49.667034],[1.466357,49.666444],[1.472993,49.668091],[1.474173,49.665738],[1.473562,49.66506],[1.473778,49.664604],[1.472884,49.664193],[1.473108,49.662403],[1.473535,49.662156],[1.474884,49.660472],[1.476098,49.659909],[1.476418,49.659896],[1.476434,49.659638],[1.477201,49.659374],[1.478029,49.659469],[1.478987,49.66006],[1.479441,49.660735],[1.480913,49.660747],[1.483828,49.660139],[1.485767,49.660063],[1.486787,49.660556],[1.487809,49.66064],[1.489421,49.661212],[1.490376,49.661234],[1.493352,49.662011],[1.493646,49.662253],[1.493687,49.662663],[1.494636,49.662275],[1.495803,49.663001],[1.49723,49.663489],[1.500123,49.663781],[1.50065,49.6641],[1.500765,49.66433],[1.500597,49.664548],[1.501285,49.664877],[1.501513,49.665426],[1.50119,49.665553],[1.501328,49.665898],[1.502747,49.666546],[1.503149,49.666469],[1.503578,49.666656],[1.504139,49.666627],[1.504083,49.666889],[1.504636,49.66751],[1.504552,49.668025],[1.505003,49.668189],[1.504899,49.668904],[1.50657,49.67004],[1.506433,49.670275],[1.50692,49.670644],[1.506884,49.670971],[1.506453,49.671413],[1.505926,49.67157],[1.505987,49.672152],[1.505441,49.672351],[1.505352,49.672559],[1.504469,49.672761],[1.504341,49.673492],[1.504769,49.673508],[1.505343,49.673995],[1.505327,49.674229],[1.505607,49.674217],[1.505595,49.674526],[1.504441,49.675],[1.503932,49.674908],[1.503471,49.675042],[1.503251,49.675392],[1.5039,49.675794],[1.505329,49.676085],[1.505274,49.676299],[1.506009,49.676802],[1.506038,49.677294],[1.506324,49.677162],[1.506455,49.677374],[1.506199,49.677542],[1.506074,49.678359],[1.505659,49.678402],[1.506849,49.680352],[1.508274,49.680692],[1.509086,49.681464],[1.507525,49.683188],[1.505371,49.684664],[1.505362,49.685248],[1.5061,49.686653],[1.505124,49.687051],[1.505123,49.687186],[1.507812,49.687743],[1.508014,49.688194],[1.507941,49.688418],[1.507453,49.688549],[1.506871,49.689981],[1.507543,49.690042],[1.509179,49.68962],[1.509572,49.689659],[1.510744,49.68902],[1.512128,49.688732],[1.514464,49.688974],[1.51508,49.688424],[1.515787,49.688249],[1.51588,49.688079],[1.515519,49.687413],[1.515717,49.686904],[1.516253,49.686653],[1.517404,49.686472],[1.518701,49.68541],[1.518636,49.684886],[1.518002,49.684442],[1.51781,49.68362],[1.518185,49.683573],[1.518349,49.683202],[1.519072,49.683006],[1.520013,49.682006],[1.521598,49.681315],[1.522198,49.680735],[1.52276,49.679628],[1.524792,49.678217],[1.524969,49.677817],[1.527899,49.678777],[1.530564,49.680089],[1.531167,49.679719],[1.533496,49.680993],[1.532155,49.681921],[1.531461,49.682861],[1.532493,49.683141],[1.533639,49.68226],[1.534654,49.682134],[1.536073,49.68306],[1.536471,49.683139],[1.537678,49.682385],[1.538183,49.68187],[1.540147,49.6831],[1.541667,49.684397],[1.543814,49.685311],[1.541444,49.686446],[1.540795,49.685929],[1.539626,49.686168],[1.538454,49.686608],[1.540678,49.689939],[1.542266,49.691775],[1.544974,49.693478],[1.547453,49.696635],[1.547744,49.697302],[1.548209,49.697284],[1.548261,49.698493],[1.548897,49.698908],[1.54866,49.699516],[1.548361,49.699666],[1.54903,49.7006],[1.55067,49.700897],[1.551802,49.701651],[1.55274,49.702818],[1.552349,49.702956],[1.552904,49.704036],[1.553417,49.704362],[1.553464,49.704859],[1.552921,49.70676],[1.553456,49.707044],[1.551461,49.708099],[1.551435,49.70828],[1.552396,49.709677],[1.553077,49.709524],[1.555996,49.711702],[1.556826,49.710825],[1.560461,49.708586],[1.560114,49.707701],[1.563188,49.707795],[1.568652,49.70769],[1.572663,49.708517],[1.576647,49.708697],[1.581198,49.707768],[1.591631,49.708369],[1.597777,49.70853],[1.599806,49.708448],[1.602693,49.707949],[1.605624,49.70717],[1.605692,49.704314],[1.606173,49.703409],[1.607415,49.703598],[1.607447,49.703205],[1.608348,49.7032],[1.608656,49.702685],[1.609216,49.702731],[1.610077,49.701394],[1.610651,49.70151],[1.611646,49.700443],[1.612501,49.696431],[1.614793,49.69721],[1.61529,49.696425],[1.613933,49.695963],[1.614078,49.695707],[1.612419,49.694782],[1.610006,49.694093],[1.608975,49.693549],[1.607581,49.69234],[1.608312,49.691515],[1.610052,49.690807],[1.610884,49.690722],[1.611335,49.689288],[1.609877,49.688605],[1.61039,49.687531],[1.611632,49.687808],[1.612393,49.687812],[1.614837,49.6863],[1.616326,49.686352],[1.618031,49.686727],[1.620922,49.687074],[1.627657,49.681896],[1.624702,49.677287],[1.627916,49.678016],[1.630232,49.678372],[1.633909,49.679657],[1.637995,49.681688],[1.646409,49.684038],[1.647518,49.684532],[1.652685,49.680187],[1.656495,49.67586],[1.660598,49.67248],[1.665843,49.669259],[1.673845,49.663543],[1.685458,49.653035],[1.687587,49.650806],[1.689607,49.649649],[1.694298,49.646297],[1.697262,49.644731],[1.69865,49.64453],[1.698552,49.64401],[1.69944,49.643536],[1.702463,49.641241],[1.711078,49.635296],[1.717278,49.633098],[1.717019,49.632143],[1.71891,49.629399],[1.719283,49.628651],[1.719584,49.626943],[1.7211,49.625158],[1.721558,49.623573],[1.721385,49.622778],[1.720466,49.620993],[1.718265,49.619277],[1.717728,49.615962],[1.718013,49.614798],[1.715488,49.614011],[1.715317,49.613705],[1.713294,49.613291],[1.711795,49.612744],[1.710651,49.6126],[1.709963,49.612163],[1.710122,49.611771],[1.709446,49.610786],[1.708856,49.610263],[1.708922,49.610052],[1.708536,49.609569],[1.706977,49.608037],[1.705911,49.606372],[1.704525,49.60517],[1.704048,49.605578],[1.69991,49.602535],[1.697146,49.601583],[1.693914,49.601149],[1.695125,49.599739],[1.696658,49.599786],[1.701384,49.598928],[1.702737,49.598116],[1.702827,49.597081],[1.70244,49.59632],[1.704304,49.595435],[1.704725,49.595352],[1.706111,49.595678],[1.707258,49.595521],[1.708816,49.594943],[1.708126,49.594492],[1.707816,49.593881],[1.706589,49.592916],[1.706275,49.591739],[1.705324,49.590855],[1.706259,49.589523],[1.709189,49.586931],[1.710461,49.586835],[1.712688,49.587219],[1.715549,49.588056],[1.717514,49.58845],[1.718535,49.589209],[1.720643,49.589817],[1.720914,49.5901],[1.721674,49.589461],[1.722264,49.589539],[1.722256,49.588973],[1.719632,49.583852],[1.720079,49.581679],[1.716112,49.582238],[1.714329,49.582068],[1.712899,49.580866],[1.710355,49.579914],[1.709109,49.579776],[1.705898,49.579846],[1.70571,49.579934],[1.70529,49.58141],[1.703503,49.58099],[1.702096,49.58174],[1.701458,49.582811],[1.698777,49.581384],[1.698016,49.581573],[1.697491,49.582649],[1.692491,49.58054],[1.692245,49.580766],[1.690391,49.579947],[1.691294,49.579133],[1.690354,49.578424],[1.697692,49.572283],[1.694798,49.570547],[1.69,49.568584],[1.685062,49.567406],[1.682732,49.567338]]]}},{"type":"Feature","properties":{"uai_primary":"0761696F","uai_all":"0761696F","is_merged":false},"geometry":{"type":"Polygon","coordinates":[[[0.14943,49.50211],[0.149716,49.50218],[0.149446,49.501871],[0.14943,49.50211]],[[0.149498,49.502406],[0.149191,49.502269],[0.148649,49.502535],[0.149068,49.502602],[0.149498,49.502406]],[[0.138671,49.50461],[0.139087,49.504487],[0.139293,49.504],[0.139118,49.503792],[0.13826,49.504194],[0.138671,49.50461]],[[0.142495,49.504211],[0.142144,49.504483],[0.142212,49.504634],[0.142615,49.504454],[0.142825,49.504594],[0.144121,49.504487],[0.144,49.504242],[0.142495,49.504211]],[[0.137052,49.504404],[0.137796,49.50448],[0.138042,49.504288],[0.13549,49.504168],[0.135495,49.504368],[0.135876,49.504433],[0.137052,49.504404]],[[0.141449,49.504442],[0.140933,49.504397],[0.141185,49.504601],[0.141823,49.504582],[0.141449,49.504442]],[[0.144641,49.503726],[0.144534,49.503833],[0.144767,49.504048],[0.144443,49.504269],[0.144497,49.504471],[0.143777,49.504808],[0.143289,49.505541],[0.143723,49.505585],[0.143637,49.50588],[0.144097,49.505941],[0.144141,49.506354],[0.145538,49.50733],[0.145824,49.508035],[0.146204,49.508242],[0.146613,49.508997],[0.146936,49.509077],[0.146829,49.509278],[0.147411,49.509877],[0.147316,49.510242],[0.147923,49.510277],[0.147956,49.510815],[0.148424,49.510838],[0.148581,49.511361],[0.148921,49.511653],[0.149716,49.51164],[0.14952,49.51211],[0.150083,49.513039],[0.149455,49.514398],[0.147277,49.517288],[0.151902,49.516018],[0.154719,49.515457],[0.155927,49.516059],[0.156825,49.515901],[0.157276,49.514752],[0.15708,49.514538],[0.158118,49.514006],[0.158643,49.514115],[0.160056,49.513944],[0.160973,49.513569],[0.161706,49.513613],[0.162419,49.513065],[0.163253,49.513693],[0.163324,49.513061],[0.163767,49.513033],[0.163974,49.512767],[0.163259,49.512581],[0.163201,49.512372],[0.164204,49.512083],[0.163631,49.511807],[0.163912,49.511595],[0.164171,49.511655],[0.164269,49.511317],[0.16487,49.511234],[0.164701,49.511047],[0.165329,49.510833],[0.16513,49.510517],[0.165888,49.51039],[0.165498,49.510078],[0.165721,49.509919],[0.16636,49.510161],[0.167455,49.510311],[0.168216,49.510198],[0.169088,49.510374],[0.16918,49.510514],[0.171339,49.510484],[0.171761,49.510692],[0.172511,49.51059],[0.1727,49.510132],[0.173312,49.51001],[0.173078,49.509609],[0.173576,49.508801],[0.17435,49.508684],[0.17439,49.508536],[0.173785,49.508209],[0.174289,49.508],[0.174107,49.507291],[0.175293,49.507172],[0.174275,49.506647],[0.174404,49.506166],[0.174779,49.505947],[0.17451,49.505606],[0.17454,49.505216],[0.175231,49.50503],[0.177535,49.50546],[0.178154,49.50514],[0.176148,49.504075],[0.174186,49.504689],[0.172743,49.504583],[0.171708,49.503867],[0.170012,49.503924],[0.168597,49.504666],[0.167281,49.504321],[0.165384,49.504453],[0.164998,49.504367],[0.164794,49.504123],[0.163772,49.504068],[0.1628,49.503707],[0.161698,49.503731],[0.16131,49.503997],[0.160681,49.504066],[0.160463,49.503869],[0.160767,49.503651],[0.160344,49.503499],[0.157626,49.503539],[0.157482,49.503335],[0.156565,49.503142],[0.156066,49.503318],[0.155898,49.503133],[0.1555,49.503143],[0.155281,49.502974],[0.154072,49.50314],[0.15302,49.502647],[0.152722,49.502744],[0.151461,49.502187],[0.150818,49.502155],[0.150828,49.50177],[0.150674,49.501735],[0.149948,49.502203],[0.150289,49.502538],[0.150305,49.502839],[0.149463,49.502646],[0.149777,49.502746],[0.149747,49.503103],[0.148493,49.503169],[0.148124,49.503002],[0.147791,49.50304],[0.147416,49.503415],[0.146677,49.503669],[0.145293,49.503579],[0.144641,49.503726]]]}},{"type":"Feature","properties":{"uai_primary":"0761697G","uai_all":"0761697G","is_merged":false},"geometry":{"type":"Polygon","coordinates":[[[0.11764,49.515862],[0.117694,49.515984],[0.118628,49.515992],[0.118946,49.515538],[0.119385,49.515377],[0.119277,49.515086],[0.118098,49.51483],[0.118149,49.515469],[0.11764,49.515862]],[[0.117653,49.516068],[0.117097,49.516212],[0.116969,49.516389],[0.117132,49.516637],[0.117476,49.516626],[0.117758,49.516258],[0.117653,49.516068]],[[0.115443,49.517404],[0.116228,49.517586],[0.116434,49.516824],[0.115326,49.517107],[0.115443,49.517404]],[[0.117498,49.517716],[0.117605,49.517834],[0.118021,49.517741],[0.118838,49.517122],[0.118045,49.516979],[0.117498,49.517716]],[[0.08718,49.517521],[0.087452,49.517644],[0.087981,49.518786],[0.088635,49.519413],[0.088004,49.51993],[0.089188,49.520849],[0.089376,49.521602],[0.088185,49.522703],[0.086884,49.52301],[0.086197,49.523676],[0.087758,49.525691],[0.088959,49.52625],[0.089796,49.527071],[0.086177,49.528829],[0.084322,49.530538],[0.081321,49.532809],[0.075843,49.537658],[0.077612,49.540031],[0.08071,49.539429],[0.086934,49.533486],[0.089176,49.531028],[0.091763,49.529859],[0.092752,49.530567],[0.093943,49.530637],[0.093788,49.529712],[0.092032,49.529357],[0.091447,49.527372],[0.092388,49.527141],[0.095083,49.52785],[0.095245,49.52874],[0.094713,49.529327],[0.095222,49.529592],[0.095437,49.529909],[0.094252,49.530712],[0.095697,49.530495],[0.095869,49.531015],[0.097553,49.531731],[0.09777,49.532159],[0.101674,49.530831],[0.10122,49.529487],[0.103065,49.528554],[0.103222,49.52802],[0.10262,49.527463],[0.10336,49.527153],[0.104241,49.527005],[0.10391,49.526536],[0.104213,49.526198],[0.104051,49.525938],[0.10278,49.525046],[0.103389,49.524925],[0.104418,49.523796],[0.103933,49.52301],[0.105053,49.52185],[0.105045,49.521083],[0.105444,49.520753],[0.105723,49.520166],[0.105751,49.519448],[0.105491,49.519344],[0.105643,49.518489],[0.105879,49.518291],[0.105731,49.518076],[0.106161,49.517873],[0.106096,49.517543],[0.106599,49.517531],[0.106079,49.517209],[0.106394,49.516309],[0.105692,49.516159],[0.105801,49.516029],[0.105457,49.515617],[0.105163,49.515527],[0.104916,49.514307],[0.104704,49.514285],[0.104634,49.513714],[0.104801,49.513655],[0.104197,49.513284],[0.104392,49.513166],[0.104314,49.512582],[0.103844,49.512628],[0.103618,49.513274],[0.102923,49.51306],[0.10259,49.513191],[0.101544,49.514364],[0.100432,49.514697],[0.100186,49.5154],[0.099556,49.515072],[0.099226,49.51538],[0.098933,49.51533],[0.098544,49.515534],[0.098172,49.515344],[0.097212,49.515329],[0.097005,49.515698],[0.095817,49.515951],[0.095365,49.516255],[0.094974,49.516108],[0.094281,49.516239],[0.093679,49.516581],[0.093296,49.516421],[0.092314,49.516625],[0.091365,49.516512],[0.090691,49.516308],[0.090444,49.516377],[0.089716,49.515916],[0.089339,49.516049],[0.088903,49.515973],[0.088277,49.51615],[0.088272,49.516545],[0.087408,49.516543],[0.086982,49.516776],[0.086636,49.517151],[0.08718,49.517521]],[[0.10439,49.513969],[0.104597,49.514072],[0.104532,49.514239],[0.104152,49.514311],[0.10385,49.514242],[0.10359,49.513858],[0.103776,49.513682],[0.10439,49.513969]],[[0.099107,49.524052],[0.100048,49.523971],[0.100862,49.524115],[0.102327,49.525026],[0.100763,49.525476],[0.099587,49.525509],[0.097668,49.524637],[0.098386,49.524237],[0.099107,49.524052]]]}},{"type":"Feature","properties":{"uai_primary":"0761698H","uai_all":"0761698H","is_merged":false},"geometry":{"type":"Polygon","coordinates":[[[0.119634,49.490355],[0.120866,49.489835],[0.119794,49.489762],[0.119491,49.489968],[0.119634,49.490355]],[[0.122095,49.49134],[0.121995,49.491712],[0.122249,49.491847],[0.122691,49.491755],[0.123338,49.49186],[0.124077,49.492143],[0.124523,49.492975],[0.124898,49.493201],[0.125486,49.494388],[0.126122,49.494674],[0.126415,49.495426],[0.127127,49.495691],[0.128009,49.496587],[0.127739,49.497221],[0.127895,49.497693],[0.128389,49.498055],[0.129839,49.499945],[0.130709,49.499715],[0.131163,49.499962],[0.130878,49.500071],[0.131292,49.500669],[0.130958,49.501249],[0.131001,49.501632],[0.13164,49.502232],[0.131618,49.502703],[0.130599,49.502979],[0.130866,49.503186],[0.131474,49.5031],[0.131833,49.50401],[0.132004,49.505611],[0.132503,49.505701],[0.134201,49.504529],[0.135495,49.504368],[0.13549,49.504168],[0.134528,49.504057],[0.134609,49.503368],[0.134847,49.503091],[0.134672,49.502752],[0.134888,49.502647],[0.1368,49.502853],[0.13687,49.503033],[0.137399,49.503223],[0.138873,49.503478],[0.139293,49.504],[0.139859,49.50429],[0.141383,49.504418],[0.141993,49.504621],[0.142495,49.504211],[0.142989,49.504165],[0.144,49.504242],[0.144163,49.504525],[0.144485,49.504483],[0.144443,49.504269],[0.144767,49.504048],[0.144516,49.503735],[0.145293,49.503579],[0.146677,49.503669],[0.147416,49.503415],[0.147791,49.50304],[0.148124,49.503002],[0.148493,49.503169],[0.149747,49.503103],[0.149777,49.502746],[0.149463,49.502646],[0.150305,49.502839],[0.150289,49.502538],[0.149948,49.502203],[0.150497,49.501731],[0.150025,49.501294],[0.150346,49.501057],[0.150084,49.500785],[0.15023,49.500749],[0.150083,49.500402],[0.150548,49.498808],[0.149938,49.498945],[0.149211,49.498578],[0.1491,49.497826],[0.147353,49.49817],[0.146849,49.497968],[0.146434,49.496943],[0.145017,49.49703],[0.1426,49.496688],[0.142039,49.496553],[0.141549,49.496117],[0.139341,49.495815],[0.138332,49.495246],[0.137042,49.495251],[0.134332,49.494699],[0.133291,49.494282],[0.133312,49.493728],[0.133017,49.493483],[0.131387,49.493132],[0.131173,49.492639],[0.130345,49.492469],[0.130083,49.491706],[0.128661,49.491327],[0.126725,49.49113],[0.125521,49.490561],[0.124777,49.490646],[0.123734,49.490182],[0.123018,49.4909],[0.122079,49.490947],[0.122095,49.49134]],[[0.1496,49.501977],[0.149656,49.502239],[0.149439,49.502132],[0.149446,49.501871],[0.1496,49.501977]],[[0.148893,49.5026],[0.148649,49.502535],[0.148934,49.502349],[0.149198,49.502268],[0.149496,49.502389],[0.148893,49.5026]],[[0.143431,49.504619],[0.143616,49.504532],[0.143479,49.504451],[0.143431,49.504619]]]}},{"type":"Feature","properties":{"uai_primary":"0761699J","uai_all":"0761699J","is_merged":false},"geometry":{"type":"Polygon","coordinates":[[[0.114947,49.485463],[0.114887,49.485722],[0.115246,49.485842],[0.115198,49.48551],[0.114947,49.485463]],[[0.110905,49.48791],[0.110895,49.487921],[0.110884,49.487934],[0.110899,49.487937],[0.110931,49.487876],[0.110914,49.487897],[0.110905,49.48791]],[[0.110802,49.488024],[0.110855,49.488034],[0.110873,49.488004],[0.110857,49.488],[0.11086,49.487993],[0.110834,49.487987],[0.110807,49.488014],[0.110802,49.488024]],[[0.110305,49.489578],[0.110378,49.490228],[0.110054,49.490331],[0.110108,49.490917],[0.110562,49.491473],[0.110588,49.491992],[0.110977,49.492198],[0.110896,49.492858],[0.11002,49.492934],[0.109768,49.492787],[0.109546,49.493286],[0.107793,49.493397],[0.107867,49.493731],[0.109475,49.494685],[0.109919,49.49612],[0.110491,49.496506],[0.109757,49.497309],[0.109279,49.497399],[0.108457,49.497952],[0.10801,49.498025],[0.107856,49.498241],[0.107389,49.498322],[0.106834,49.499157],[0.107923,49.499099],[0.108085,49.499404],[0.108422,49.49938],[0.109395,49.499814],[0.10929,49.500157],[0.110329,49.500484],[0.110836,49.500559],[0.111531,49.499902],[0.112242,49.500007],[0.111353,49.50078],[0.111981,49.500934],[0.112473,49.500825],[0.113293,49.501316],[0.114959,49.501625],[0.117034,49.501625],[0.117599,49.501762],[0.118426,49.502269],[0.119941,49.502376],[0.12024,49.50253],[0.120412,49.503359],[0.121204,49.50411],[0.122689,49.504189],[0.12404,49.502834],[0.125398,49.502831],[0.126192,49.503038],[0.128857,49.505482],[0.130149,49.505706],[0.132004,49.505611],[0.131833,49.50401],[0.131474,49.5031],[0.130866,49.503186],[0.130599,49.502979],[0.131618,49.502703],[0.13164,49.502232],[0.131001,49.501632],[0.130958,49.501249],[0.131292,49.500669],[0.130878,49.500071],[0.131163,49.499962],[0.130709,49.499715],[0.129839,49.499945],[0.128389,49.498055],[0.127895,49.497693],[0.127739,49.497221],[0.128009,49.496587],[0.127127,49.495691],[0.126415,49.495426],[0.126122,49.494674],[0.125486,49.494388],[0.124898,49.493201],[0.124523,49.492975],[0.124077,49.492143],[0.123338,49.49186],[0.122691,49.491755],[0.122249,49.491847],[0.121995,49.491712],[0.122079,49.490947],[0.123018,49.4909],[0.123734,49.490182],[0.123398,49.48988],[0.121866,49.489742],[0.120866,49.489835],[0.120097,49.490237],[0.119519,49.490308],[0.119491,49.489968],[0.119794,49.489762],[0.120781,49.489777],[0.120266,49.489],[0.118451,49.489058],[0.116931,49.488675],[0.115703,49.487529],[0.115415,49.486995],[0.115255,49.485903],[0.114482,49.485834],[0.114307,49.485933],[0.114726,49.486485],[0.114196,49.486749],[0.113871,49.486657],[0.113782,49.486776],[0.112391,49.486446],[0.112222,49.486659],[0.11248,49.486701],[0.111237,49.487713],[0.111054,49.488077],[0.11097,49.489391],[0.110567,49.489525],[0.11058,49.489707],[0.110401,49.489715],[0.110302,49.48944],[0.110305,49.489578]]]}},{"type":"Feature","properties":{"uai_primary":"0761701L","uai_all":"0761701L","is_merged":false},"geometry":{"type":"Polygon","coordinates":[[[0.463224,49.563815],[0.464662,49.564173],[0.463347,49.564225],[0.463389,49.564786],[0.463779,49.565023],[0.464573,49.565038],[0.465703,49.565323],[0.465877,49.565242],[0.465188,49.564666],[0.465241,49.564302],[0.464392,49.563185],[0.463835,49.563211],[0.463193,49.563489],[0.463224,49.563815]],[[0.471573,49.568531],[0.471688,49.568767],[0.472077,49.568368],[0.471979,49.567986],[0.471573,49.568531]],[[0.484933,49.653628],[0.489283,49.655423],[0.490239,49.654795],[0.489889,49.654468],[0.499432,49.654363],[0.501952,49.654481],[0.501724,49.652869],[0.502342,49.650277],[0.504031,49.650461],[0.504722,49.64878],[0.50254,49.64837],[0.5025,49.646109],[0.504452,49.643012],[0.504687,49.642762],[0.505013,49.642782],[0.504546,49.643543],[0.508079,49.644155],[0.509749,49.644079],[0.509305,49.643318],[0.507394,49.642608],[0.508301,49.641578],[0.507444,49.640003],[0.509234,49.636085],[0.507866,49.63367],[0.511794,49.632133],[0.507786,49.627308],[0.508028,49.626825],[0.506876,49.626213],[0.509469,49.622375],[0.511309,49.623097],[0.51907,49.616821],[0.517391,49.6162],[0.520704,49.613185],[0.526001,49.61415],[0.529728,49.61456],[0.52949,49.615952],[0.535598,49.618128],[0.536554,49.616903],[0.539346,49.614733],[0.540208,49.615054],[0.542229,49.615155],[0.542723,49.616378],[0.54243,49.618854],[0.540711,49.620497],[0.541488,49.621405],[0.5396,49.622072],[0.542608,49.624956],[0.541471,49.626641],[0.540856,49.628184],[0.542226,49.627772],[0.544552,49.626496],[0.543594,49.625605],[0.547,49.624792],[0.549965,49.623219],[0.551871,49.621924],[0.547841,49.620826],[0.548343,49.620326],[0.548899,49.618886],[0.55694,49.620529],[0.558215,49.617835],[0.559877,49.618251],[0.560428,49.617879],[0.564147,49.618743],[0.567307,49.615717],[0.565639,49.614969],[0.569464,49.611402],[0.569605,49.611318],[0.570682,49.611767],[0.571506,49.611067],[0.572021,49.611216],[0.572185,49.611075],[0.573221,49.611373],[0.573781,49.610861],[0.575301,49.611585],[0.577686,49.606598],[0.593058,49.60853],[0.59394,49.602679],[0.591812,49.602544],[0.591091,49.601674],[0.589469,49.600403],[0.589141,49.599849],[0.589132,49.598903],[0.588822,49.598262],[0.587347,49.596719],[0.585704,49.595509],[0.584069,49.591979],[0.584864,49.588134],[0.586252,49.587561],[0.586069,49.58682],[0.585602,49.586769],[0.584362,49.587284],[0.58416,49.586421],[0.583563,49.586398],[0.583728,49.585831],[0.578853,49.584925],[0.576866,49.584911],[0.57683,49.585158],[0.575468,49.585125],[0.575441,49.585555],[0.572624,49.58548],[0.570894,49.587047],[0.565061,49.587354],[0.557916,49.585445],[0.55737,49.586225],[0.546093,49.583209],[0.546292,49.582836],[0.538458,49.580718],[0.537735,49.581232],[0.535959,49.58132],[0.535761,49.581925],[0.530311,49.580139],[0.529168,49.57954],[0.527868,49.578207],[0.526195,49.577767],[0.525648,49.577249],[0.526188,49.575124],[0.524907,49.571914],[0.52536,49.571515],[0.527909,49.570718],[0.526739,49.569831],[0.526305,49.568789],[0.526604,49.568495],[0.525566,49.567062],[0.524204,49.56744],[0.523853,49.568293],[0.522194,49.566529],[0.52069,49.565562],[0.519712,49.56439],[0.515577,49.561623],[0.514135,49.562432],[0.512202,49.561341],[0.511999,49.561284],[0.511887,49.561474],[0.508536,49.55903],[0.502645,49.562985],[0.503695,49.565098],[0.504779,49.565983],[0.504041,49.566438],[0.503386,49.56659],[0.502635,49.566706],[0.499991,49.566244],[0.498336,49.566914],[0.498392,49.565607],[0.497236,49.565714],[0.497251,49.565886],[0.494448,49.565646],[0.490158,49.567439],[0.488999,49.567635],[0.487508,49.565937],[0.485631,49.567036],[0.484653,49.566485],[0.482958,49.565943],[0.482871,49.566115],[0.481008,49.565649],[0.481315,49.56511],[0.47829,49.564388],[0.477671,49.565368],[0.474276,49.564558],[0.474256,49.564009],[0.474944,49.563257],[0.474421,49.563139],[0.474504,49.563017],[0.474315,49.563148],[0.474505,49.563413],[0.474361,49.563846],[0.473659,49.564401],[0.473997,49.564514],[0.473754,49.564878],[0.473299,49.565463],[0.472715,49.56556],[0.473309,49.566017],[0.473372,49.566293],[0.472501,49.566786],[0.472678,49.567006],[0.472356,49.567621],[0.472678,49.568322],[0.472515,49.568678],[0.472044,49.568681],[0.471776,49.568849],[0.471763,49.569836],[0.471444,49.57018],[0.471911,49.570678],[0.471295,49.57114],[0.471363,49.571386],[0.470854,49.571602],[0.471299,49.571955],[0.470886,49.572158],[0.471577,49.572345],[0.471375,49.572954],[0.471892,49.573013],[0.471956,49.5735],[0.47233,49.573781],[0.472081,49.573846],[0.472352,49.573792],[0.472987,49.574347],[0.472601,49.575001],[0.47364,49.574754],[0.47438,49.57481],[0.475158,49.574665],[0.475431,49.574768],[0.475885,49.575613],[0.475384,49.575903],[0.47601,49.576408],[0.476269,49.576874],[0.478002,49.577911],[0.478418,49.578475],[0.478827,49.578505],[0.478759,49.578728],[0.479003,49.578955],[0.479768,49.579015],[0.480114,49.579437],[0.480024,49.579835],[0.480454,49.579797],[0.480931,49.579999],[0.481001,49.58047],[0.481274,49.580733],[0.481013,49.581328],[0.481392,49.581627],[0.481313,49.581935],[0.481627,49.582332],[0.480732,49.582507],[0.480508,49.583361],[0.481964,49.584338],[0.482583,49.585609],[0.489035,49.584914],[0.49104,49.586304],[0.493034,49.588557],[0.495857,49.590056],[0.495896,49.591065],[0.495301,49.591095],[0.495556,49.592918],[0.490079,49.594225],[0.487588,49.594585],[0.487333,49.594164],[0.486965,49.594281],[0.486466,49.593653],[0.483125,49.592263],[0.482267,49.591618],[0.481922,49.590938],[0.481133,49.590321],[0.482127,49.589683],[0.479619,49.588051],[0.479205,49.588353],[0.47799,49.587474],[0.47698,49.586989],[0.474433,49.586458],[0.472905,49.585835],[0.470314,49.584202],[0.47003,49.584436],[0.468856,49.582885],[0.469701,49.581813],[0.471534,49.580502],[0.468169,49.579208],[0.464181,49.58219],[0.463637,49.583072],[0.463663,49.584017],[0.462717,49.583979],[0.462405,49.582907],[0.458414,49.581771],[0.453301,49.578991],[0.446204,49.575519],[0.447979,49.573836],[0.446081,49.572834],[0.448143,49.570738],[0.446872,49.57069],[0.445823,49.569845],[0.447245,49.568309],[0.447703,49.567409],[0.449268,49.566647],[0.449277,49.566101],[0.448897,49.565476],[0.448981,49.564854],[0.449635,49.564098],[0.450594,49.563643],[0.449127,49.563539],[0.446898,49.563609],[0.445829,49.56417],[0.444407,49.56557],[0.443441,49.565872],[0.441153,49.565183],[0.438601,49.565736],[0.43544,49.56556],[0.435567,49.565063],[0.431701,49.563504],[0.430242,49.563351],[0.429474,49.563488],[0.428946,49.563751],[0.427306,49.565582],[0.426546,49.565881],[0.425748,49.565917],[0.424777,49.565769],[0.421654,49.564885],[0.420296,49.565243],[0.419112,49.56528],[0.415729,49.563883],[0.412539,49.563172],[0.410144,49.562132],[0.408686,49.561831],[0.407858,49.563285],[0.405094,49.564858],[0.403889,49.566647],[0.402488,49.567566],[0.402607,49.56779],[0.401951,49.569123],[0.40181,49.570096],[0.402224,49.570166],[0.40224,49.570354],[0.401801,49.571582],[0.400896,49.571974],[0.399938,49.572143],[0.397207,49.571981],[0.393676,49.570666],[0.395518,49.570039],[0.396527,49.569059],[0.395724,49.568895],[0.394291,49.568882],[0.393391,49.56865],[0.392067,49.567312],[0.390695,49.566757],[0.387988,49.566365],[0.384269,49.566116],[0.38331,49.56674],[0.381468,49.567238],[0.379782,49.569021],[0.380722,49.574669],[0.38012,49.576385],[0.380347,49.576502],[0.379936,49.577302],[0.379761,49.57728],[0.379995,49.579118],[0.379748,49.579162],[0.380718,49.580559],[0.38333,49.582518],[0.382354,49.583567],[0.381923,49.58574],[0.383279,49.585878],[0.381486,49.5883],[0.37647,49.588297],[0.374381,49.588492],[0.369783,49.588357],[0.369343,49.588916],[0.368902,49.588891],[0.368643,49.589146],[0.367986,49.589],[0.367543,49.590332],[0.368261,49.593194],[0.369101,49.594917],[0.368937,49.595217],[0.37512,49.597608],[0.375702,49.59799],[0.37866,49.59919],[0.382293,49.600116],[0.38451,49.600471],[0.386776,49.60015],[0.388474,49.598893],[0.388851,49.598164],[0.392796,49.599177],[0.391582,49.599899],[0.400452,49.600374],[0.401693,49.600582],[0.409215,49.603422],[0.410907,49.602364],[0.410593,49.602073],[0.412408,49.602058],[0.41255,49.601763],[0.413918,49.601871],[0.413916,49.602061],[0.415282,49.602268],[0.415704,49.601757],[0.420944,49.601448],[0.421742,49.60403],[0.420531,49.60537],[0.422392,49.605805],[0.421746,49.606873],[0.425166,49.607259],[0.424998,49.608649],[0.426379,49.615216],[0.430195,49.618006],[0.429014,49.618412],[0.43033,49.62006],[0.428316,49.620459],[0.428546,49.621806],[0.428389,49.621897],[0.429224,49.623181],[0.431348,49.624689],[0.432766,49.624569],[0.434271,49.624938],[0.435122,49.623389],[0.436513,49.623669],[0.436769,49.62319],[0.438643,49.623589],[0.439253,49.622598],[0.439887,49.622737],[0.440273,49.621951],[0.442155,49.622188],[0.442404,49.621395],[0.442214,49.620028],[0.443828,49.618375],[0.447331,49.61611],[0.447665,49.616078],[0.447331,49.614665],[0.447709,49.613466],[0.448375,49.612428],[0.449898,49.611304],[0.452802,49.611827],[0.45389,49.611892],[0.454035,49.612332],[0.455095,49.612128],[0.45777,49.611961],[0.457608,49.612327],[0.459921,49.612478],[0.460682,49.613263],[0.462717,49.614324],[0.468947,49.61643],[0.468584,49.616546],[0.469177,49.617458],[0.472311,49.621594],[0.469494,49.622592],[0.467794,49.622935],[0.464278,49.625688],[0.463555,49.626819],[0.463023,49.628534],[0.462937,49.62913],[0.463314,49.630121],[0.463878,49.630171],[0.463806,49.630507],[0.464052,49.630593],[0.464112,49.631034],[0.465185,49.631448],[0.465002,49.633414],[0.469827,49.635505],[0.469622,49.635782],[0.472644,49.637502],[0.477315,49.640824],[0.477264,49.641047],[0.479441,49.642411],[0.47819,49.644382],[0.479834,49.646477],[0.480558,49.646333],[0.48072,49.64652],[0.4818,49.646228],[0.482663,49.646752],[0.482573,49.646984],[0.484373,49.647901],[0.483278,49.648677],[0.483811,49.648915],[0.483578,49.649177],[0.485845,49.650004],[0.484563,49.65113],[0.487951,49.651334],[0.488181,49.651918],[0.487239,49.652239],[0.484933,49.653628]]]}},{"type":"Feature","properties":{"uai_primary":"0761703N","uai_all":"0761703N","is_merged":false},"geometry":{"type":"Polygon","coordinates":[[[1.099621,49.926118],[1.09897,49.926663],[1.099399,49.926779],[1.099517,49.926547],[1.09999,49.926605],[1.100026,49.926396],[1.100703,49.926603],[1.101396,49.926389],[1.101581,49.926047],[1.101295,49.925839],[1.100738,49.925791],[1.099621,49.926118]],[[1.091422,49.929522],[1.091112,49.929569],[1.091156,49.929746],[1.091998,49.930695],[1.091654,49.931046],[1.089966,49.932178],[1.089286,49.932376],[1.089522,49.931918],[1.089349,49.931827],[1.087943,49.932422],[1.087345,49.93286],[1.088461,49.933299],[1.089157,49.933935],[1.088993,49.934073],[1.088787,49.933941],[1.087453,49.934825],[1.086372,49.935778],[1.086311,49.936053],[1.088633,49.936988],[1.089185,49.937118],[1.089536,49.937044],[1.094165,49.934605],[1.095028,49.934358],[1.09659,49.934916],[1.096899,49.934852],[1.097265,49.935094],[1.100705,49.935445],[1.101363,49.935348],[1.103276,49.935941],[1.105756,49.936257],[1.107911,49.937141],[1.109855,49.938337],[1.110039,49.93825],[1.110845,49.938657],[1.111359,49.938677],[1.112414,49.939164],[1.113083,49.939251],[1.115761,49.940408],[1.117757,49.940123],[1.122066,49.940562],[1.120694,49.937782],[1.120905,49.936456],[1.121516,49.93641],[1.122103,49.935339],[1.122565,49.935411],[1.127176,49.92899],[1.120998,49.927006],[1.120038,49.927504],[1.118243,49.927597],[1.116319,49.928661],[1.116326,49.930958],[1.112185,49.929968],[1.111193,49.929527],[1.1106,49.929047],[1.108456,49.928616],[1.1078,49.928283],[1.107533,49.926082],[1.106566,49.925644],[1.106509,49.925391],[1.106059,49.925122],[1.105163,49.924986],[1.104782,49.925018],[1.104638,49.925954],[1.103915,49.925815],[1.103686,49.925978],[1.104212,49.926353],[1.103551,49.926647],[1.102764,49.926381],[1.102457,49.927359],[1.101924,49.926969],[1.101693,49.926969],[1.101046,49.927136],[1.100832,49.927368],[1.100219,49.927413],[1.098686,49.926749],[1.098367,49.927007],[1.099591,49.927275],[1.099282,49.927533],[1.09835,49.927022],[1.097472,49.927581],[1.09565,49.928165],[1.095338,49.928093],[1.095448,49.928286],[1.095263,49.928327],[1.094681,49.928017],[1.092931,49.928602],[1.092343,49.928515],[1.092063,49.92922],[1.091422,49.929522]],[[1.098046,49.927359],[1.098968,49.927617],[1.098789,49.927941],[1.09829,49.927984],[1.098185,49.927845],[1.098594,49.927782],[1.098046,49.927359]],[[1.118168,49.935981],[1.117078,49.936028],[1.117033,49.935911],[1.117865,49.935778],[1.116828,49.935489],[1.116152,49.934684],[1.117204,49.931535],[1.122401,49.932137],[1.118971,49.935707],[1.118168,49.935981]]]}},{"type":"Feature","properties":{"uai_primary":"0761704P","uai_all":"0761704P","is_merged":false},"geometry":{"type":"Polygon","coordinates":[[[0.331669,49.733432],[0.332157,49.733393],[0.331518,49.732214],[0.330518,49.731595],[0.329592,49.731324],[0.326863,49.73159],[0.325781,49.731204],[0.324688,49.731481],[0.324177,49.731139],[0.323099,49.731285],[0.321611,49.729721],[0.321192,49.728682],[0.321234,49.727825],[0.316296,49.726638],[0.316465,49.727719],[0.306283,49.726966],[0.306618,49.728108],[0.306498,49.728865],[0.306693,49.730581],[0.307476,49.732789],[0.304104,49.73261],[0.302941,49.735236],[0.302861,49.735846],[0.301508,49.735966],[0.298965,49.735782],[0.299373,49.736971],[0.298975,49.738101],[0.299523,49.738046],[0.300311,49.737592],[0.29945,49.740002],[0.302863,49.741343],[0.302946,49.741528],[0.303129,49.741473],[0.303617,49.741691],[0.304962,49.741309],[0.305732,49.741305],[0.30625,49.740807],[0.306336,49.740385],[0.307367,49.739887],[0.30864,49.739824],[0.310362,49.740046],[0.310779,49.739776],[0.311434,49.739717],[0.311993,49.739747],[0.313238,49.740205],[0.317624,49.74122],[0.319826,49.741415],[0.320477,49.740874],[0.322451,49.739761],[0.322553,49.739458],[0.324356,49.738909],[0.323051,49.738244],[0.320425,49.737407],[0.320937,49.735596],[0.32156,49.73491],[0.326434,49.733204],[0.32869,49.732611],[0.329774,49.732591],[0.330853,49.732944],[0.331669,49.733432]],[[0.378486,49.743118],[0.380651,49.746612],[0.382451,49.746427],[0.384858,49.74701],[0.385163,49.747164],[0.385308,49.747954],[0.386665,49.748737],[0.387433,49.747721],[0.389534,49.747308],[0.390279,49.747539],[0.390241,49.74938],[0.389577,49.750885],[0.389997,49.751356],[0.39089,49.751688],[0.390886,49.751873],[0.390033,49.752014],[0.389063,49.751856],[0.388958,49.751495],[0.38858,49.751652],[0.387908,49.751504],[0.386748,49.751724],[0.386465,49.75196],[0.385764,49.751828],[0.384465,49.752107],[0.384725,49.752289],[0.384733,49.752565],[0.385782,49.752506],[0.385829,49.752639],[0.385178,49.753134],[0.385748,49.753398],[0.385758,49.75366],[0.383882,49.753976],[0.382829,49.754507],[0.383506,49.75465],[0.383511,49.754379],[0.386107,49.754277],[0.38673,49.754713],[0.386709,49.754871],[0.386259,49.755054],[0.387047,49.755296],[0.386945,49.755657],[0.387157,49.755741],[0.386673,49.756163],[0.385863,49.756341],[0.385603,49.756553],[0.385225,49.756546],[0.384517,49.756897],[0.384664,49.757506],[0.3844,49.757709],[0.383197,49.757405],[0.383064,49.757482],[0.38285,49.757871],[0.382498,49.758013],[0.383042,49.758832],[0.382705,49.759648],[0.384765,49.759803],[0.385734,49.759723],[0.386032,49.760037],[0.386165,49.759933],[0.385953,49.759606],[0.386247,49.759889],[0.386651,49.759867],[0.386328,49.760298],[0.38591,49.760236],[0.385292,49.760498],[0.385213,49.760903],[0.384703,49.760876],[0.38509,49.761499],[0.385345,49.761566],[0.387007,49.760609],[0.388721,49.760142],[0.389631,49.760302],[0.391707,49.762073],[0.391054,49.764333],[0.39113,49.765569],[0.398885,49.764487],[0.39961,49.7646],[0.400073,49.764835],[0.39981,49.764826],[0.40049,49.76681],[0.399274,49.768175],[0.397258,49.767452],[0.396388,49.768451],[0.394324,49.76791],[0.394466,49.767713],[0.393023,49.767223],[0.390012,49.770523],[0.387532,49.771791],[0.388951,49.772505],[0.390604,49.773041],[0.39126,49.773696],[0.391274,49.773966],[0.391624,49.774064],[0.391635,49.774298],[0.392634,49.774594],[0.392859,49.774275],[0.39349,49.77415],[0.395087,49.774462],[0.395855,49.774721],[0.396059,49.774933],[0.396569,49.774907],[0.40114,49.776191],[0.402644,49.776996],[0.402867,49.777285],[0.405169,49.777595],[0.407784,49.778583],[0.40833,49.778636],[0.409602,49.779152],[0.409881,49.77911],[0.412762,49.780061],[0.41483,49.781147],[0.415587,49.78183],[0.416453,49.781713],[0.416834,49.781801],[0.41823,49.782545],[0.418942,49.782743],[0.420486,49.783649],[0.421211,49.784273],[0.421421,49.784235],[0.421578,49.784429],[0.422157,49.784548],[0.422365,49.784785],[0.422573,49.784803],[0.422786,49.784422],[0.42331,49.784132],[0.424425,49.784272],[0.425974,49.78506],[0.427791,49.786484],[0.428354,49.786623],[0.429102,49.786386],[0.429852,49.786639],[0.429994,49.786868],[0.430982,49.786963],[0.432275,49.787331],[0.435831,49.788856],[0.436063,49.789147],[0.43783,49.789804],[0.439455,49.790628],[0.441382,49.791901],[0.442267,49.791874],[0.444799,49.792884],[0.448262,49.793887],[0.450123,49.794991],[0.450687,49.795091],[0.451699,49.795649],[0.452737,49.796309],[0.453946,49.797404],[0.454463,49.79763],[0.454988,49.797688],[0.455859,49.797487],[0.458472,49.798264],[0.459616,49.798412],[0.461603,49.799533],[0.463729,49.800042],[0.464823,49.80066],[0.465603,49.800874],[0.470132,49.803391],[0.470449,49.803438],[0.470888,49.803266],[0.471673,49.803676],[0.472771,49.803674],[0.475189,49.80465],[0.476026,49.805144],[0.478025,49.805544],[0.480358,49.806685],[0.482418,49.807559],[0.483059,49.807689],[0.484453,49.808426],[0.48484,49.808473],[0.485558,49.808277],[0.487251,49.808621],[0.489063,49.809574],[0.492957,49.81308],[0.495656,49.815066],[0.496315,49.815791],[0.497037,49.816087],[0.497692,49.816088],[0.498356,49.816435],[0.498438,49.816685],[0.499078,49.816728],[0.500605,49.817264],[0.502734,49.818322],[0.503609,49.819185],[0.504449,49.819041],[0.505907,49.819412],[0.506359,49.819765],[0.506864,49.819782],[0.507236,49.82001],[0.507795,49.819738],[0.508206,49.819786],[0.510442,49.819223],[0.511861,49.819315],[0.512473,49.817376],[0.514206,49.814778],[0.514196,49.812368],[0.514,49.811319],[0.513582,49.810502],[0.512009,49.808806],[0.512018,49.807061],[0.512634,49.805896],[0.512357,49.804604],[0.511796,49.804006],[0.51082,49.803423],[0.510515,49.802849],[0.510628,49.800842],[0.510252,49.799182],[0.510654,49.798313],[0.51114,49.797909],[0.511126,49.797555],[0.511093,49.797377],[0.510232,49.797432],[0.510237,49.796469],[0.509551,49.796571],[0.506997,49.796397],[0.506942,49.796122],[0.4999,49.796641],[0.499949,49.796803],[0.498055,49.796989],[0.498173,49.796593],[0.495411,49.796495],[0.495219,49.798076],[0.493747,49.797736],[0.493202,49.798626],[0.492127,49.79934],[0.490978,49.799698],[0.489396,49.799877],[0.488111,49.800238],[0.486182,49.801028],[0.484473,49.802125],[0.483547,49.802366],[0.48241,49.80191],[0.481604,49.801361],[0.480411,49.799043],[0.480239,49.798097],[0.479612,49.796722],[0.480013,49.795401],[0.479059,49.79321],[0.478745,49.791385],[0.477741,49.790218],[0.477746,49.789523],[0.4783,49.788187],[0.47671,49.785941],[0.47317,49.784379],[0.472343,49.78489],[0.471136,49.784011],[0.469455,49.784571],[0.469297,49.784278],[0.468757,49.784188],[0.468373,49.783671],[0.467885,49.783754],[0.467832,49.783951],[0.466363,49.781764],[0.461985,49.782108],[0.462013,49.780046],[0.455876,49.780069],[0.455218,49.778091],[0.452338,49.778074],[0.449787,49.777849],[0.449958,49.777263],[0.446529,49.777357],[0.437428,49.776103],[0.43466,49.776195],[0.43185,49.77592],[0.432715,49.772887],[0.428908,49.77244],[0.429399,49.770735],[0.428834,49.770567],[0.430127,49.768255],[0.430685,49.768516],[0.432689,49.765045],[0.433466,49.76503],[0.431718,49.764408],[0.433077,49.759035],[0.432706,49.757142],[0.433335,49.756204],[0.433805,49.754961],[0.433526,49.753937],[0.434566,49.753676],[0.436831,49.753792],[0.437461,49.754371],[0.438442,49.75462],[0.439653,49.755165],[0.44067,49.754944],[0.443751,49.755165],[0.444768,49.755725],[0.446557,49.755648],[0.44673,49.75495],[0.446455,49.754183],[0.444253,49.751994],[0.443798,49.752125],[0.443308,49.753155],[0.442528,49.753116],[0.44246,49.751601],[0.441833,49.751104],[0.441638,49.751204],[0.44101,49.750865],[0.438572,49.750436],[0.435998,49.750247],[0.434839,49.749951],[0.433701,49.750014],[0.433622,49.748846],[0.433959,49.74848],[0.434592,49.748568],[0.43422,49.748101],[0.434445,49.747847],[0.434337,49.747594],[0.43476,49.747234],[0.433241,49.747234],[0.43262,49.747104],[0.431817,49.747188],[0.43147,49.746163],[0.431922,49.746036],[0.431701,49.745042],[0.433524,49.744661],[0.432886,49.744154],[0.432652,49.743373],[0.433058,49.743051],[0.433154,49.742415],[0.431784,49.74263],[0.431481,49.742492],[0.431135,49.741973],[0.429524,49.742955],[0.428584,49.74315],[0.426729,49.742186],[0.426012,49.741994],[0.425619,49.742383],[0.425495,49.742328],[0.424987,49.742663],[0.423185,49.74206],[0.421745,49.742098],[0.420943,49.74187],[0.418321,49.742683],[0.41748,49.743096],[0.417111,49.743808],[0.415385,49.744776],[0.415137,49.746473],[0.412369,49.746362],[0.41277,49.744605],[0.412495,49.744458],[0.413296,49.743761],[0.413108,49.743333],[0.412477,49.742915],[0.412793,49.7416],[0.412579,49.740911],[0.41019,49.7412],[0.407012,49.741176],[0.406753,49.742187],[0.403336,49.742111],[0.400389,49.742415],[0.400419,49.741674],[0.400726,49.741554],[0.400807,49.741236],[0.4007,49.7405],[0.39703,49.740761],[0.397173,49.741205],[0.395147,49.741185],[0.395146,49.741325],[0.394771,49.74133],[0.394693,49.740008],[0.392646,49.7399],[0.392716,49.738996],[0.391129,49.739295],[0.391695,49.738866],[0.391417,49.737894],[0.388757,49.738314],[0.388,49.735241],[0.388556,49.733747],[0.38707,49.731463],[0.387068,49.72924],[0.387274,49.729071],[0.387817,49.729003],[0.387125,49.728617],[0.385626,49.727331],[0.384437,49.726719],[0.383485,49.726577],[0.379818,49.727614],[0.378465,49.727429],[0.377099,49.726423],[0.376502,49.724719],[0.375999,49.723965],[0.375587,49.724068],[0.375513,49.724395],[0.37334,49.72482],[0.369941,49.72456],[0.369826,49.726279],[0.371039,49.726715],[0.371255,49.726423],[0.376571,49.728699],[0.378415,49.729199],[0.37939,49.730442],[0.379989,49.730839],[0.380169,49.731909],[0.378858,49.735808],[0.377838,49.737394],[0.377222,49.73745],[0.377118,49.737584],[0.376637,49.738735],[0.377078,49.739021],[0.377085,49.740208],[0.378816,49.741623],[0.378486,49.743118]],[[0.400256,49.751798],[0.40052,49.751712],[0.400847,49.75216],[0.399668,49.752311],[0.399679,49.751873],[0.400256,49.751798]],[[0.38953,49.752956],[0.389254,49.752679],[0.389598,49.752746],[0.38953,49.752956]],[[0.393738,49.761507],[0.396755,49.761171],[0.397737,49.762085],[0.396798,49.761931],[0.396873,49.762477],[0.395824,49.761985],[0.392942,49.761703],[0.393738,49.761507]],[[0.400287,49.752101],[0.400496,49.752064],[0.400287,49.752101]],[[0.506929,49.675359],[0.51009,49.674377],[0.511363,49.674238],[0.514647,49.672759],[0.515445,49.672636],[0.515316,49.671959],[0.514703,49.670899],[0.514903,49.66976],[0.514327,49.666425],[0.514208,49.663112],[0.51354,49.661783],[0.512044,49.660698],[0.516112,49.659314],[0.513701,49.657552],[0.513157,49.657687],[0.51205,49.656036],[0.512601,49.655846],[0.512353,49.65539],[0.509011,49.655342],[0.503773,49.654633],[0.500759,49.654404],[0.489889,49.654468],[0.490239,49.654795],[0.489283,49.655423],[0.485778,49.657657],[0.482615,49.659217],[0.482722,49.660156],[0.484073,49.661338],[0.482714,49.662208],[0.482542,49.662782],[0.481275,49.663706],[0.480112,49.663081],[0.477993,49.664738],[0.476192,49.663821],[0.474994,49.662406],[0.474381,49.660739],[0.472549,49.659416],[0.470825,49.659462],[0.470803,49.65971],[0.470266,49.659652],[0.469579,49.659819],[0.469707,49.659938],[0.468524,49.660756],[0.467469,49.661227],[0.4672,49.660989],[0.465729,49.661406],[0.464789,49.661019],[0.464838,49.660777],[0.463918,49.660134],[0.464502,49.659837],[0.463564,49.659198],[0.462623,49.657096],[0.461461,49.655695],[0.460261,49.653717],[0.459663,49.654304],[0.456713,49.656098],[0.451411,49.658674],[0.445573,49.660614],[0.443821,49.661689],[0.440274,49.664379],[0.436248,49.663009],[0.435173,49.66324],[0.432441,49.664296],[0.436286,49.669003],[0.438738,49.671642],[0.439793,49.671311],[0.441895,49.67331],[0.455631,49.68239],[0.454683,49.683223],[0.456656,49.685325],[0.45356,49.687669],[0.451931,49.686527],[0.450939,49.686331],[0.449091,49.688849],[0.447786,49.688052],[0.445544,49.686198],[0.443879,49.686953],[0.441994,49.687098],[0.439049,49.68781],[0.43605,49.689507],[0.434752,49.690576],[0.434215,49.690828],[0.432311,49.691338],[0.429405,49.692715],[0.425805,49.693277],[0.424714,49.693587],[0.424226,49.695033],[0.424688,49.69512],[0.424605,49.695929],[0.423299,49.697589],[0.422255,49.698508],[0.421749,49.700321],[0.421162,49.700048],[0.418764,49.702197],[0.418848,49.702293],[0.417388,49.702833],[0.416177,49.703553],[0.416554,49.703803],[0.416205,49.704246],[0.417769,49.705106],[0.418806,49.705086],[0.419136,49.706046],[0.419729,49.70693],[0.420393,49.70666],[0.421941,49.707433],[0.422311,49.70765],[0.421997,49.707839],[0.422067,49.708216],[0.421802,49.708364],[0.424018,49.709401],[0.423688,49.709802],[0.422775,49.710287],[0.423145,49.710937],[0.422763,49.711254],[0.422291,49.712529],[0.422385,49.713513],[0.421453,49.715047],[0.42157,49.715293],[0.421278,49.716334],[0.421265,49.716935],[0.421781,49.717898],[0.422768,49.718597],[0.422765,49.718872],[0.423402,49.71909],[0.42291,49.719349],[0.423022,49.719751],[0.422701,49.720444],[0.423085,49.720533],[0.424704,49.719272],[0.427557,49.716905],[0.42855,49.715665],[0.429284,49.716034],[0.429457,49.716574],[0.432004,49.716632],[0.432998,49.716998],[0.433923,49.717657],[0.441543,49.716085],[0.447244,49.716896],[0.451663,49.718053],[0.454281,49.71662],[0.456316,49.718753],[0.458212,49.72005],[0.458146,49.719817],[0.459298,49.719635],[0.459808,49.719017],[0.462512,49.719035],[0.462935,49.719636],[0.463862,49.718777],[0.464592,49.718907],[0.465995,49.718033],[0.466258,49.718016],[0.466495,49.718072],[0.466084,49.718625],[0.466099,49.719135],[0.468523,49.721164],[0.470273,49.720609],[0.472258,49.719403],[0.473611,49.721192],[0.476375,49.720132],[0.477327,49.720006],[0.479193,49.721226],[0.479433,49.722263],[0.479844,49.72193],[0.481385,49.72129],[0.481743,49.720962],[0.481727,49.71928],[0.483127,49.718647],[0.485167,49.717152],[0.489928,49.713108],[0.491995,49.709909],[0.493723,49.709822],[0.498235,49.710025],[0.496747,49.707601],[0.499798,49.706749],[0.499065,49.705604],[0.500844,49.705113],[0.501689,49.704047],[0.504463,49.703068],[0.516032,49.699641],[0.514362,49.698105],[0.51061,49.697859],[0.509258,49.696461],[0.506866,49.696688],[0.504799,49.695393],[0.50306,49.695481],[0.497579,49.692552],[0.496352,49.69322],[0.493868,49.691929],[0.493347,49.692116],[0.49158,49.691229],[0.491733,49.690862],[0.489771,49.689739],[0.487305,49.689266],[0.485915,49.69091],[0.484891,49.691695],[0.482472,49.690214],[0.481608,49.690738],[0.480611,49.690721],[0.479721,49.689747],[0.478315,49.689285],[0.478574,49.686287],[0.479208,49.685722],[0.480212,49.68562],[0.481295,49.685304],[0.481589,49.682782],[0.482255,49.682141],[0.483506,49.681958],[0.487003,49.682625],[0.488389,49.682376],[0.490269,49.683353],[0.490685,49.682885],[0.493131,49.682646],[0.493534,49.682371],[0.494075,49.681559],[0.498527,49.678038],[0.503107,49.676299],[0.505374,49.676263],[0.506929,49.675359]]]}},{"type":"Feature","properties":{"uai_primary":"0761737A","uai_all":"0761737A","is_merged":false},"geometry":{"type":"Polygon","coordinates":[[[1.051941,49.42284],[1.052556,49.423273],[1.053448,49.423103],[1.053964,49.423408],[1.053812,49.423563],[1.054021,49.423887],[1.053384,49.424335],[1.054341,49.424214],[1.054404,49.424022],[1.054717,49.42413],[1.054822,49.424529],[1.05472,49.424846],[1.054099,49.42529],[1.054444,49.425706],[1.056685,49.426918],[1.057098,49.426619],[1.059016,49.426196],[1.060101,49.426863],[1.06105,49.426792],[1.06205,49.427275],[1.063029,49.42737],[1.063918,49.427227],[1.064206,49.427352],[1.064705,49.4283],[1.065025,49.428367],[1.065909,49.428211],[1.06633,49.427558],[1.066474,49.427865],[1.066894,49.428047],[1.067342,49.428037],[1.068438,49.428714],[1.069059,49.428711],[1.069629,49.428506],[1.069722,49.428681],[1.069965,49.428681],[1.069878,49.428459],[1.068993,49.428246],[1.067713,49.423696],[1.06658,49.423027],[1.067125,49.422842],[1.067508,49.422874],[1.071725,49.420943],[1.070322,49.419184],[1.076347,49.417224],[1.071079,49.409907],[1.069762,49.410513],[1.065341,49.410132],[1.063293,49.410512],[1.061487,49.410539],[1.054612,49.41628],[1.052228,49.4186],[1.051855,49.419881],[1.051499,49.422646],[1.051941,49.42284]],[[1.05617,49.42401],[1.055733,49.423323],[1.055666,49.422435],[1.056358,49.422159],[1.056575,49.42248],[1.056356,49.422679],[1.056198,49.423514],[1.056821,49.424121],[1.05617,49.42401]],[[1.06395,49.426644],[1.063119,49.426163],[1.062582,49.424519],[1.062896,49.424175],[1.06271,49.424018],[1.062158,49.42407],[1.061901,49.423733],[1.063139,49.423793],[1.063662,49.4243],[1.064049,49.424381],[1.064478,49.424087],[1.06465,49.424228],[1.065209,49.424174],[1.065185,49.423946],[1.065648,49.424183],[1.065804,49.423823],[1.066158,49.424252],[1.066535,49.424404],[1.066327,49.424798],[1.067021,49.425151],[1.066778,49.425638],[1.067381,49.426334],[1.067148,49.426654],[1.067519,49.427439],[1.067181,49.427517],[1.066741,49.427267],[1.066432,49.42738],[1.065659,49.426993],[1.065351,49.427116],[1.064752,49.426712],[1.064491,49.426789],[1.06395,49.426644]],[[1.04972,49.429452],[1.050282,49.429089],[1.048956,49.42869],[1.04852,49.428738],[1.04863,49.429658],[1.04972,49.429452]]]}},{"type":"Feature","properties":{"uai_primary":"0761739C","uai_all":"0761739C","is_merged":false},"geometry":{"type":"Polygon","coordinates":[[[0.112059,49.505323],[0.112368,49.505313],[0.111804,49.50506],[0.112063,49.504704],[0.11183,49.504473],[0.112103,49.503976],[0.112693,49.5041],[0.113045,49.503674],[0.113051,49.503014],[0.113835,49.502033],[0.112599,49.501461],[0.112369,49.5015],[0.11227,49.50132],[0.111866,49.501218],[0.111477,49.501348],[0.110561,49.501301],[0.110221,49.500706],[0.109873,49.501097],[0.109685,49.500763],[0.10933,49.500961],[0.109202,49.500725],[0.108749,49.500583],[0.108767,49.500413],[0.10793,49.500689],[0.106305,49.500601],[0.105861,49.500731],[0.105469,49.499928],[0.104966,49.499934],[0.104722,49.500157],[0.103272,49.500481],[0.102875,49.500405],[0.102259,49.500647],[0.100569,49.500335],[0.099159,49.499697],[0.098331,49.499844],[0.097987,49.500215],[0.097788,49.500875],[0.098601,49.502024],[0.098283,49.502443],[0.098574,49.502566],[0.098966,49.502511],[0.099465,49.502842],[0.0995,49.503136],[0.099849,49.503448],[0.099801,49.504026],[0.100148,49.504443],[0.100133,49.505231],[0.101047,49.5053],[0.101156,49.505484],[0.100789,49.506058],[0.100299,49.506083],[0.099958,49.506562],[0.099362,49.506754],[0.100011,49.506986],[0.100096,49.507892],[0.10058,49.508466],[0.100503,49.508677],[0.10093,49.508789],[0.100687,49.509111],[0.101142,49.509114],[0.101505,49.50936],[0.101581,49.50962],[0.102074,49.50995],[0.101983,49.510056],[0.10255,49.51037],[0.102723,49.51092],[0.103356,49.511328],[0.10331,49.511518],[0.103594,49.511595],[0.103473,49.511853],[0.103847,49.511844],[0.103867,49.512616],[0.104314,49.512582],[0.104392,49.513166],[0.104197,49.513284],[0.104801,49.513655],[0.104634,49.513714],[0.104704,49.514285],[0.104916,49.514307],[0.105163,49.515527],[0.105457,49.515617],[0.105801,49.516029],[0.105692,49.516159],[0.106394,49.516309],[0.106079,49.517209],[0.106599,49.517531],[0.106096,49.517543],[0.106161,49.517873],[0.105731,49.518076],[0.105879,49.518291],[0.105643,49.518489],[0.105491,49.519344],[0.105751,49.519448],[0.105723,49.520166],[0.105444,49.520753],[0.105045,49.521083],[0.105053,49.52185],[0.103933,49.52301],[0.104418,49.523796],[0.103389,49.524925],[0.10278,49.525046],[0.104051,49.525938],[0.104213,49.526198],[0.10391,49.526536],[0.104241,49.527005],[0.10336,49.527153],[0.10262,49.527463],[0.103222,49.52802],[0.103065,49.528554],[0.10122,49.529487],[0.101674,49.530831],[0.102026,49.530711],[0.101614,49.530092],[0.108104,49.529563],[0.108941,49.530644],[0.110086,49.531458],[0.110904,49.531818],[0.112683,49.53232],[0.115012,49.532504],[0.115865,49.532422],[0.118982,49.531636],[0.117923,49.531145],[0.116785,49.530868],[0.11582,49.531467],[0.115377,49.53147],[0.114937,49.53172],[0.114304,49.531809],[0.11405,49.531747],[0.113877,49.53143],[0.113289,49.531413],[0.113195,49.531768],[0.11242,49.531511],[0.112367,49.530963],[0.11152,49.530952],[0.111134,49.531142],[0.110581,49.530598],[0.110249,49.530569],[0.110063,49.52991],[0.110954,49.529742],[0.111222,49.529068],[0.112157,49.528734],[0.113014,49.527802],[0.11208,49.527447],[0.111531,49.527013],[0.111923,49.526438],[0.111995,49.525774],[0.11169,49.525261],[0.112423,49.524636],[0.112271,49.524402],[0.112584,49.52404],[0.112419,49.523407],[0.111941,49.523486],[0.110708,49.522675],[0.111874,49.521569],[0.1126,49.523188],[0.113449,49.523303],[0.113702,49.523189],[0.113751,49.522238],[0.112882,49.521506],[0.113872,49.521043],[0.114329,49.520984],[0.115287,49.520409],[0.115592,49.520397],[0.115389,49.521149],[0.116344,49.520973],[0.11694,49.521155],[0.117334,49.520948],[0.1173,49.520759],[0.117768,49.520339],[0.118356,49.520217],[0.118592,49.519993],[0.118297,49.519829],[0.118478,49.519525],[0.117996,49.519258],[0.117486,49.518517],[0.116716,49.518599],[0.116249,49.518106],[0.116264,49.517884],[0.116884,49.51799],[0.117354,49.518308],[0.117498,49.517716],[0.117049,49.517695],[0.116431,49.517087],[0.116154,49.517769],[0.11538,49.518018],[0.115326,49.517107],[0.116381,49.516813],[0.115894,49.516622],[0.115581,49.516262],[0.115232,49.516231],[0.115162,49.515675],[0.114305,49.515586],[0.114789,49.514985],[0.114421,49.51494],[0.114373,49.514627],[0.113832,49.51434],[0.113064,49.513363],[0.113137,49.513217],[0.112773,49.513168],[0.112857,49.512945],[0.112545,49.513011],[0.112182,49.513356],[0.111658,49.512806],[0.111718,49.512585],[0.111334,49.512066],[0.110991,49.511966],[0.110815,49.511508],[0.110364,49.511373],[0.110409,49.511183],[0.109807,49.511018],[0.110218,49.510278],[0.109973,49.509973],[0.109126,49.509653],[0.109145,49.509301],[0.108707,49.50907],[0.108938,49.508843],[0.110158,49.50832],[0.110492,49.508337],[0.11112,49.507923],[0.111545,49.507907],[0.111555,49.507768],[0.111065,49.507524],[0.111476,49.507488],[0.111449,49.507204],[0.111885,49.507143],[0.111506,49.506919],[0.111872,49.506726],[0.1112,49.506566],[0.11185,49.506182],[0.111688,49.505946],[0.111942,49.505847],[0.111649,49.505718],[0.112212,49.505771],[0.112059,49.505323]],[[0.105712,49.503265],[0.106348,49.502691],[0.105998,49.503307],[0.105712,49.503265]],[[0.105566,49.506919],[0.105677,49.506852],[0.10525,49.506616],[0.105581,49.506244],[0.106229,49.506279],[0.106202,49.506948],[0.105616,49.507232],[0.105258,49.507082],[0.105294,49.506696],[0.105566,49.506919]],[[0.103132,49.510643],[0.10297,49.510531],[0.103183,49.510158],[0.103418,49.510578],[0.103132,49.510643]],[[0.105972,49.506572],[0.105624,49.506607],[0.105863,49.506715],[0.105925,49.507026],[0.106007,49.506714],[0.106181,49.506694],[0.105972,49.506572]],[[0.098986,49.525256],[0.099587,49.525509],[0.100763,49.525476],[0.102327,49.525026],[0.100862,49.524115],[0.099629,49.523969],[0.098386,49.524237],[0.097668,49.524637],[0.098986,49.525256]]]}},{"type":"Feature","properties":{"uai_primary":"0761741E","uai_all":"0761741E","is_merged":false},"geometry":{"type":"Polygon","coordinates":[[[0.434271,49.624938],[0.432766,49.624569],[0.431348,49.624689],[0.429458,49.623389],[0.428531,49.622294],[0.428316,49.620459],[0.43033,49.62006],[0.429014,49.618412],[0.430195,49.618006],[0.426379,49.615216],[0.424998,49.608649],[0.425166,49.607259],[0.421746,49.606873],[0.422392,49.605805],[0.420531,49.60537],[0.421742,49.60403],[0.420944,49.601448],[0.415704,49.601757],[0.415282,49.602268],[0.413916,49.602061],[0.413918,49.601871],[0.41255,49.601763],[0.412408,49.602058],[0.410593,49.602073],[0.410907,49.602364],[0.409215,49.603422],[0.401693,49.600582],[0.400452,49.600374],[0.391582,49.599899],[0.392796,49.599177],[0.388851,49.598164],[0.388474,49.598893],[0.386776,49.60015],[0.38451,49.600471],[0.382293,49.600116],[0.378901,49.599271],[0.375702,49.59799],[0.37512,49.597608],[0.368937,49.595217],[0.369101,49.594917],[0.368261,49.593194],[0.367543,49.590332],[0.367986,49.589],[0.3656,49.588386],[0.363743,49.587654],[0.362178,49.586614],[0.359939,49.585711],[0.359392,49.584711],[0.359592,49.584328],[0.358212,49.583948],[0.356422,49.583124],[0.354035,49.581411],[0.352628,49.582286],[0.349971,49.584904],[0.347972,49.587571],[0.347535,49.587457],[0.346375,49.589442],[0.345483,49.590368],[0.344494,49.591],[0.344841,49.591849],[0.34085,49.593678],[0.342296,49.595083],[0.34369,49.597994],[0.344295,49.598391],[0.343941,49.598651],[0.341556,49.598965],[0.340656,49.598669],[0.340293,49.599512],[0.340038,49.599081],[0.338651,49.598253],[0.336834,49.598625],[0.336001,49.598268],[0.333601,49.599665],[0.331583,49.598873],[0.328395,49.602875],[0.326083,49.60348],[0.324362,49.603241],[0.32477,49.60282],[0.323814,49.602549],[0.32408,49.601542],[0.321188,49.600674],[0.321481,49.600317],[0.319471,49.59951],[0.314071,49.597674],[0.306045,49.596765],[0.303636,49.596633],[0.30242,49.59695],[0.299743,49.597293],[0.295864,49.597218],[0.294469,49.597505],[0.291776,49.597138],[0.286043,49.598059],[0.285788,49.597966],[0.286847,49.598817],[0.287592,49.599847],[0.288889,49.605219],[0.288873,49.606265],[0.289341,49.607519],[0.291287,49.609436],[0.291448,49.610106],[0.289706,49.613045],[0.290316,49.613147],[0.290835,49.613437],[0.292344,49.615022],[0.292945,49.618952],[0.293632,49.620897],[0.294069,49.621468],[0.295322,49.621332],[0.295892,49.622033],[0.295098,49.626071],[0.292185,49.627334],[0.294519,49.63007],[0.295098,49.630378],[0.294899,49.63044],[0.295496,49.634504],[0.295553,49.638597],[0.296751,49.640863],[0.296081,49.642787],[0.293952,49.645322],[0.29326,49.645291],[0.292033,49.646313],[0.288588,49.648321],[0.284867,49.649395],[0.281241,49.652405],[0.281502,49.654469],[0.278618,49.655698],[0.279333,49.656015],[0.282816,49.65872],[0.283558,49.66051],[0.284395,49.661725],[0.284439,49.663224],[0.285146,49.663799],[0.286447,49.664495],[0.287153,49.663815],[0.287864,49.663553],[0.288412,49.663538],[0.289552,49.663929],[0.290241,49.663975],[0.29172,49.662289],[0.292951,49.66215],[0.294221,49.661596],[0.295538,49.66147],[0.298004,49.660744],[0.298958,49.660016],[0.299265,49.658871],[0.300176,49.658353],[0.301601,49.657967],[0.303111,49.657268],[0.303394,49.657022],[0.303367,49.65664],[0.305705,49.656122],[0.307083,49.656166],[0.307769,49.656415],[0.308827,49.657844],[0.309004,49.657779],[0.311271,49.659493],[0.312885,49.661022],[0.31439,49.661935],[0.314088,49.662224],[0.317128,49.663285],[0.317455,49.662958],[0.321661,49.665435],[0.324127,49.667179],[0.325231,49.671277],[0.332655,49.667577],[0.334235,49.668266],[0.336383,49.66982],[0.33751,49.671019],[0.338953,49.671871],[0.349304,49.675923],[0.351952,49.678655],[0.351299,49.679919],[0.349049,49.682158],[0.350964,49.682799],[0.350334,49.683516],[0.352627,49.684325],[0.352286,49.684723],[0.355129,49.685708],[0.354298,49.686055],[0.352603,49.68715],[0.354427,49.687864],[0.35517,49.686597],[0.35642,49.68735],[0.360052,49.685446],[0.360904,49.68605],[0.361862,49.687329],[0.36315,49.688206],[0.367823,49.692185],[0.368869,49.692873],[0.370238,49.693295],[0.372729,49.693407],[0.373283,49.692896],[0.374709,49.692649],[0.375599,49.692019],[0.376529,49.690922],[0.378389,49.691042],[0.378149,49.692057],[0.378317,49.692514],[0.377784,49.694395],[0.376829,49.695774],[0.377469,49.696049],[0.376959,49.696554],[0.37886,49.69757],[0.379771,49.698658],[0.381985,49.700315],[0.38574,49.701344],[0.390849,49.698453],[0.391171,49.697236],[0.392854,49.695707],[0.393031,49.695289],[0.396827,49.693759],[0.399212,49.693351],[0.400535,49.695185],[0.402156,49.694822],[0.402793,49.695983],[0.404712,49.696128],[0.405394,49.697424],[0.40759,49.69751],[0.408481,49.698584],[0.408064,49.699746],[0.410892,49.700896],[0.413186,49.701458],[0.412882,49.701857],[0.416177,49.703553],[0.417388,49.702833],[0.418848,49.702293],[0.418764,49.702197],[0.421162,49.700048],[0.421749,49.700321],[0.422255,49.698508],[0.423299,49.697589],[0.424605,49.695929],[0.424688,49.69512],[0.424226,49.695033],[0.424714,49.693587],[0.425805,49.693277],[0.429405,49.692715],[0.432311,49.691338],[0.434215,49.690828],[0.434752,49.690576],[0.43605,49.689507],[0.439049,49.68781],[0.441994,49.687098],[0.443879,49.686953],[0.445544,49.686198],[0.447786,49.688052],[0.449091,49.688849],[0.450939,49.686331],[0.451931,49.686527],[0.45356,49.687669],[0.456656,49.685325],[0.454683,49.683223],[0.455631,49.68239],[0.441895,49.67331],[0.439793,49.671311],[0.438738,49.671642],[0.436286,49.669003],[0.432441,49.664296],[0.435173,49.66324],[0.436248,49.663009],[0.440274,49.664379],[0.443821,49.661689],[0.445573,49.660614],[0.451411,49.658674],[0.456713,49.656098],[0.459663,49.654304],[0.460261,49.653717],[0.461461,49.655695],[0.462623,49.657096],[0.463564,49.659198],[0.464502,49.659837],[0.463918,49.660134],[0.464838,49.660777],[0.464789,49.661019],[0.465729,49.661406],[0.4672,49.660989],[0.467469,49.661227],[0.468524,49.660756],[0.469707,49.659938],[0.469579,49.659819],[0.470266,49.659652],[0.470803,49.65971],[0.470825,49.659462],[0.472549,49.659416],[0.474381,49.660739],[0.474994,49.662406],[0.476192,49.663821],[0.477993,49.664738],[0.480112,49.663081],[0.481275,49.663706],[0.482542,49.662782],[0.482714,49.662208],[0.484073,49.661338],[0.482722,49.660156],[0.482615,49.659217],[0.485778,49.657657],[0.489283,49.655423],[0.484933,49.653628],[0.487239,49.652239],[0.488181,49.651918],[0.487951,49.651334],[0.484563,49.65113],[0.485845,49.650004],[0.483578,49.649177],[0.483811,49.648915],[0.483278,49.648677],[0.484373,49.647901],[0.482573,49.646984],[0.482663,49.646752],[0.4818,49.646228],[0.48072,49.64652],[0.480558,49.646333],[0.479834,49.646477],[0.47819,49.644382],[0.479441,49.642411],[0.477264,49.641047],[0.477315,49.640824],[0.472644,49.637502],[0.469622,49.635782],[0.469827,49.635505],[0.465002,49.633414],[0.465185,49.631448],[0.464112,49.631034],[0.464052,49.630593],[0.463806,49.630507],[0.463878,49.630171],[0.463314,49.630121],[0.462937,49.62913],[0.463791,49.62636],[0.464278,49.625688],[0.467794,49.622935],[0.469494,49.622592],[0.472311,49.621594],[0.469177,49.617458],[0.468584,49.616546],[0.468947,49.61643],[0.462717,49.614324],[0.460682,49.613263],[0.459921,49.612478],[0.457608,49.612327],[0.45777,49.611961],[0.455095,49.612128],[0.454035,49.612332],[0.45389,49.611892],[0.452802,49.611827],[0.449898,49.611304],[0.448375,49.612428],[0.447709,49.613466],[0.447331,49.614665],[0.447665,49.616078],[0.447331,49.61611],[0.443828,49.618375],[0.442214,49.620028],[0.442404,49.621395],[0.442155,49.622188],[0.440273,49.621951],[0.439887,49.622737],[0.439253,49.622598],[0.438643,49.623589],[0.436769,49.62319],[0.436513,49.623669],[0.435122,49.623389],[0.434271,49.624938]]]}},{"type":"Feature","properties":{"uai_primary":"0761745J","uai_all":"0761745J","is_merged":false},"geometry":{"type":"Polygon","coordinates":[[[1.078744,49.420205],[1.078033,49.421054],[1.077062,49.421617],[1.078762,49.421838],[1.079482,49.421681],[1.080153,49.421862],[1.08004,49.422186],[1.080354,49.422414],[1.080685,49.42327],[1.081217,49.423641],[1.0813,49.424084],[1.0817,49.424327],[1.082137,49.425246],[1.083266,49.426572],[1.08312,49.426876],[1.082605,49.426918],[1.083002,49.427316],[1.083494,49.42723],[1.083827,49.42735],[1.084616,49.428608],[1.085387,49.428609],[1.084976,49.429001],[1.085405,49.42939],[1.085315,49.430066],[1.085654,49.430483],[1.08934,49.432465],[1.089199,49.432618],[1.089499,49.432568],[1.090692,49.433127],[1.090622,49.433329],[1.090994,49.433496],[1.092158,49.433576],[1.093354,49.433079],[1.092782,49.433792],[1.091751,49.433741],[1.091405,49.434214],[1.092326,49.434138],[1.093449,49.434804],[1.094555,49.435169],[1.097029,49.434115],[1.097797,49.433569],[1.097926,49.43291],[1.100555,49.43114],[1.10064,49.430391],[1.102276,49.430253],[1.103747,49.42971],[1.103667,49.428469],[1.104739,49.428016],[1.105335,49.427563],[1.106553,49.42536],[1.106036,49.425256],[1.096599,49.420731],[1.095485,49.42144],[1.093766,49.423982],[1.093805,49.424524],[1.093322,49.42604],[1.091565,49.425434],[1.088944,49.424069],[1.088294,49.424917],[1.087184,49.424123],[1.086728,49.424229],[1.084015,49.42131],[1.084274,49.421167],[1.081049,49.418756],[1.078962,49.419881],[1.078744,49.420205]],[[1.082739,49.42552],[1.083017,49.424938],[1.083662,49.425152],[1.083702,49.425329],[1.083416,49.425521],[1.083287,49.425459],[1.083087,49.425707],[1.082739,49.42552]],[[1.092376,49.426066],[1.092594,49.426222],[1.092376,49.426066]],[[1.09271,49.42645],[1.092843,49.426383],[1.093436,49.426978],[1.092647,49.426784],[1.09271,49.42645]],[[1.090952,49.431537],[1.090432,49.431403],[1.090829,49.431119],[1.090952,49.431537]],[[1.089738,49.431635],[1.090222,49.43172],[1.090401,49.431628],[1.090516,49.431737],[1.09037,49.431923],[1.089952,49.431874],[1.089738,49.431635]],[[1.089518,49.432476],[1.089417,49.432158],[1.089651,49.432201],[1.089775,49.432453],[1.089518,49.432476]],[[1.087072,49.431436],[1.087257,49.431711],[1.087367,49.431522],[1.087072,49.431436]]]}},{"type":"Feature","properties":{"uai_primary":"0761746K","uai_all":"0761746K","is_merged":false},"geometry":{"type":"Polygon","coordinates":[[[1.094089,49.52519],[1.096053,49.524618],[1.096947,49.523878],[1.099936,49.522987],[1.102982,49.522877],[1.105669,49.523173],[1.107974,49.523015],[1.111077,49.523116],[1.115266,49.523922],[1.118426,49.525246],[1.120757,49.524442],[1.124252,49.521278],[1.125265,49.520979],[1.125698,49.520365],[1.125511,49.519934],[1.12369,49.518482],[1.123025,49.517398],[1.122906,49.516624],[1.121566,49.514949],[1.120886,49.514493],[1.120757,49.514132],[1.12167,49.511132],[1.122392,49.509792],[1.121926,49.508908],[1.121105,49.508174],[1.120494,49.506525],[1.120651,49.504645],[1.121004,49.504334],[1.120667,49.503617],[1.121397,49.503442],[1.12377,49.502363],[1.124961,49.502117],[1.125652,49.500577],[1.126069,49.500263],[1.126848,49.500171],[1.129327,49.500371],[1.130094,49.5006],[1.130951,49.501257],[1.134576,49.500486],[1.134788,49.498976],[1.136623,49.498132],[1.135789,49.497767],[1.132708,49.493399],[1.131733,49.493386],[1.131733,49.493526],[1.130683,49.493475],[1.128463,49.493147],[1.124636,49.492072],[1.123325,49.491501],[1.121564,49.490018],[1.118722,49.487989],[1.118216,49.487065],[1.116137,49.484427],[1.114705,49.48208],[1.111555,49.48236],[1.108986,49.482284],[1.107324,49.484566],[1.10836,49.485699],[1.108266,49.48629],[1.107852,49.486782],[1.106923,49.487363],[1.105283,49.490257],[1.104716,49.490279],[1.102263,49.489618],[1.102072,49.490021],[1.099353,49.489941],[1.09929,49.488858],[1.09983,49.487378],[1.101134,49.486868],[1.100301,49.486359],[1.099671,49.485727],[1.099162,49.484817],[1.099439,49.484785],[1.098827,49.483496],[1.098027,49.483764],[1.093236,49.483219],[1.092418,49.484871],[1.091673,49.48586],[1.089726,49.487889],[1.089001,49.488159],[1.083855,49.48827],[1.080857,49.487886],[1.080247,49.488034],[1.078115,49.489191],[1.074177,49.48979],[1.071053,49.488604],[1.068602,49.487467],[1.068128,49.487432],[1.066759,49.487775],[1.066821,49.487896],[1.06733,49.487936],[1.065511,49.488813],[1.063543,49.490011],[1.06656,49.492456],[1.065486,49.493181],[1.063434,49.49142],[1.062628,49.491789],[1.060564,49.49049],[1.060798,49.490028],[1.06048,49.489189],[1.060799,49.487817],[1.060977,49.487884],[1.060933,49.487388],[1.060022,49.487299],[1.059163,49.485289],[1.057473,49.484518],[1.055726,49.484365],[1.055567,49.484526],[1.056361,49.486987],[1.056068,49.487476],[1.054662,49.488377],[1.053743,49.489437],[1.053995,49.489486],[1.053376,49.490865],[1.051977,49.493209],[1.051821,49.494129],[1.051612,49.494186],[1.05177,49.494561],[1.051579,49.495204],[1.051782,49.495718],[1.052175,49.49594],[1.05233,49.496521],[1.052332,49.497029],[1.052097,49.497145],[1.051973,49.497738],[1.049145,49.497811],[1.047941,49.499017],[1.046909,49.498682],[1.046658,49.498088],[1.046322,49.498649],[1.045557,49.498832],[1.045801,49.499118],[1.044899,49.499753],[1.043884,49.499627],[1.042269,49.50002],[1.041072,49.499954],[1.039582,49.501677],[1.03862,49.502269],[1.038561,49.503148],[1.036524,49.50256],[1.036841,49.50204],[1.035957,49.502746],[1.035589,49.503335],[1.035169,49.503198],[1.035011,49.503312],[1.03445,49.504305],[1.033313,49.505442],[1.032833,49.506495],[1.032668,49.508131],[1.032193,49.508163],[1.030646,49.506893],[1.030107,49.507164],[1.027854,49.507071],[1.024059,49.507576],[1.023682,49.509014],[1.021783,49.508671],[1.021357,49.508808],[1.021327,49.509231],[1.022375,49.509986],[1.021563,49.510304],[1.021128,49.510842],[1.019624,49.511181],[1.017459,49.511186],[1.016779,49.512022],[1.016289,49.512207],[1.015439,49.511948],[1.014599,49.511303],[1.013962,49.511393],[1.012743,49.510957],[1.008906,49.510212],[1.008652,49.510936],[1.007675,49.511239],[1.006943,49.511858],[1.005195,49.512881],[1.003116,49.514905],[0.999951,49.516676],[1.002156,49.518316],[1.004992,49.517517],[1.010079,49.51726],[1.010846,49.517337],[1.012206,49.5179],[1.013913,49.51821],[1.015698,49.519118],[1.021236,49.523938],[1.025199,49.525247],[1.025564,49.525799],[1.025645,49.526634],[1.02546,49.527813],[1.024986,49.528944],[1.026645,49.52909],[1.026504,49.53024],[1.025908,49.530759],[1.02537,49.532223],[1.025432,49.53301],[1.026034,49.53309],[1.026869,49.533658],[1.027527,49.534707],[1.027775,49.536303],[1.032366,49.540447],[1.033163,49.540196],[1.037021,49.537637],[1.03972,49.536717],[1.041222,49.536651],[1.043998,49.535978],[1.04468,49.535665],[1.045831,49.534563],[1.047135,49.534321],[1.047984,49.534464],[1.047793,49.534575],[1.04797,49.535154],[1.0507,49.535461],[1.051959,49.534839],[1.052189,49.535097],[1.052357,49.536136],[1.052968,49.536746],[1.054545,49.537663],[1.054285,49.537934],[1.054396,49.538159],[1.055041,49.538125],[1.05667,49.539582],[1.059334,49.540227],[1.058973,49.538848],[1.059407,49.538749],[1.059014,49.538401],[1.059082,49.537283],[1.060024,49.537059],[1.060408,49.537353],[1.061453,49.535849],[1.061488,49.535058],[1.062682,49.532658],[1.063498,49.532132],[1.064792,49.530842],[1.066194,49.531468],[1.066822,49.531251],[1.067732,49.531185],[1.069089,49.531321],[1.070293,49.531621],[1.071,49.531591],[1.073977,49.530511],[1.075597,49.529722],[1.076456,49.529524],[1.080545,49.530637],[1.082694,49.530056],[1.084165,49.529903],[1.08671,49.528104],[1.088382,49.527617],[1.089244,49.527611],[1.089737,49.52777],[1.090307,49.528212],[1.09179,49.528494],[1.094776,49.528047],[1.095359,49.528039],[1.096065,49.528257],[1.095313,49.52634],[1.094089,49.52519]]]}},{"type":"Feature","properties":{"uai_primary":"0761776T","uai_all":"0761776T","is_merged":false},"geometry":{"type":"Polygon","coordinates":[[[1.017049,49.283157],[1.016996,49.283262],[1.017442,49.283464],[1.017969,49.283254],[1.01739,49.282802],[1.017019,49.282924],[1.017049,49.283157]],[[1.040114,49.29596],[1.045191,49.29747],[1.048143,49.297932],[1.055209,49.300322],[1.058132,49.300994],[1.063157,49.302842],[1.065443,49.303418],[1.065781,49.303691],[1.06962,49.304919],[1.071735,49.306368],[1.072246,49.304356],[1.073622,49.303758],[1.074389,49.303171],[1.075108,49.303062],[1.0752,49.302452],[1.073481,49.302178],[1.067831,49.300192],[1.069117,49.297129],[1.070002,49.293139],[1.070705,49.290951],[1.071789,49.289535],[1.072566,49.287412],[1.072983,49.286958],[1.074612,49.286202],[1.075563,49.285944],[1.076877,49.285916],[1.089127,49.27972],[1.089221,49.265668],[1.088958,49.264578],[1.086903,49.262023],[1.083567,49.26012],[1.080965,49.257577],[1.080639,49.257036],[1.08177,49.256256],[1.082059,49.255867],[1.082378,49.254657],[1.082006,49.253701],[1.064172,49.261397],[1.062926,49.258992],[1.060431,49.258764],[1.060042,49.259166],[1.059056,49.25908],[1.055387,49.260366],[1.054392,49.260936],[1.053792,49.261554],[1.053551,49.262322],[1.053209,49.262348],[1.052444,49.25983],[1.051157,49.258444],[1.051838,49.261733],[1.051773,49.262511],[1.051272,49.262488],[1.051128,49.26281],[1.050909,49.262792],[1.050822,49.263284],[1.050598,49.263311],[1.050517,49.263127],[1.049226,49.263472],[1.049257,49.263177],[1.048293,49.262123],[1.047454,49.261407],[1.045744,49.260396],[1.043807,49.259978],[1.038814,49.257687],[1.038282,49.258948],[1.038798,49.259008],[1.038426,49.259751],[1.041864,49.261806],[1.042734,49.262678],[1.042927,49.262986],[1.042677,49.263088],[1.043815,49.263997],[1.044629,49.263693],[1.044806,49.263821],[1.045274,49.264406],[1.044844,49.265019],[1.043755,49.265874],[1.042573,49.266053],[1.04124,49.266817],[1.037991,49.267478],[1.03167,49.269359],[1.033417,49.27181],[1.03444,49.273615],[1.035216,49.274247],[1.036115,49.27462],[1.031496,49.27747],[1.030986,49.277349],[1.030579,49.277841],[1.030774,49.277968],[1.030627,49.278078],[1.031603,49.279288],[1.030364,49.279343],[1.02997,49.279535],[1.029044,49.279583],[1.0287,49.279467],[1.028612,49.279254],[1.02892,49.279261],[1.029244,49.278869],[1.0297,49.278695],[1.030319,49.278713],[1.030453,49.278396],[1.030362,49.278148],[1.030189,49.27816],[1.030098,49.278324],[1.029639,49.278382],[1.02857,49.278865],[1.027832,49.278962],[1.027876,49.279352],[1.02737,49.279493],[1.026907,49.27935],[1.026026,49.279821],[1.025755,49.280259],[1.025911,49.280856],[1.025351,49.281019],[1.025283,49.280928],[1.024875,49.28104],[1.024599,49.280898],[1.025149,49.280736],[1.024837,49.280096],[1.024602,49.279931],[1.023953,49.279915],[1.023493,49.279656],[1.023495,49.280479],[1.022866,49.280787],[1.023478,49.28181],[1.023356,49.281973],[1.022608,49.282076],[1.022838,49.282441],[1.022499,49.282756],[1.021623,49.282592],[1.021642,49.282172],[1.02101,49.281067],[1.020485,49.281471],[1.020726,49.281891],[1.020449,49.282108],[1.020615,49.282591],[1.020259,49.282963],[1.019813,49.282994],[1.019321,49.283242],[1.019004,49.283609],[1.018405,49.283376],[1.018254,49.283799],[1.018438,49.283891],[1.018652,49.284715],[1.019115,49.284914],[1.018821,49.285401],[1.018966,49.285691],[1.019649,49.285741],[1.019398,49.285997],[1.019713,49.286056],[1.019719,49.286554],[1.019352,49.286796],[1.019038,49.286054],[1.018563,49.286086],[1.018425,49.285826],[1.017795,49.286014],[1.017905,49.286153],[1.018245,49.286156],[1.018251,49.286655],[1.018604,49.286569],[1.018879,49.286689],[1.018228,49.286695],[1.017693,49.286436],[1.017288,49.286562],[1.016774,49.286098],[1.016493,49.286255],[1.015881,49.286206],[1.015149,49.286429],[1.014906,49.286783],[1.017114,49.286564],[1.019995,49.287125],[1.020341,49.2881],[1.022207,49.288404],[1.023667,49.287901],[1.02414,49.287921],[1.024458,49.288672],[1.023695,49.288548],[1.023287,49.288277],[1.023851,49.289754],[1.023732,49.289883],[1.023325,49.290124],[1.02273,49.290184],[1.021242,49.290676],[1.022156,49.29321],[1.025872,49.293281],[1.029703,49.293717],[1.035082,49.2949],[1.038073,49.295393],[1.040114,49.29596]],[[1.03702,49.290406],[1.036799,49.290849],[1.035051,49.290615],[1.035423,49.289537],[1.036215,49.289395],[1.036849,49.289975],[1.03702,49.290406]],[[1.028445,49.279723],[1.028362,49.280002],[1.028015,49.27975],[1.028323,49.279548],[1.028445,49.279723]],[[1.025793,49.281003],[1.026002,49.281517],[1.025521,49.281212],[1.025793,49.281003]],[[1.030567,49.28908],[1.032628,49.289044],[1.034832,49.289387],[1.034619,49.290634],[1.032966,49.29123],[1.0323,49.292986],[1.029827,49.291542],[1.029877,49.289593],[1.030567,49.28908]]]}},{"type":"Feature","properties":{"uai_primary":"0761777U","uai_all":"0761777U","is_merged":false},"geometry":{"type":"Polygon","coordinates":[[[1.068703,49.39522],[1.069275,49.395823],[1.069711,49.396738],[1.072067,49.396318],[1.072961,49.39711],[1.073344,49.397095],[1.074159,49.397501],[1.07393,49.39779],[1.073249,49.397689],[1.072844,49.39795],[1.073024,49.398183],[1.073617,49.398127],[1.073845,49.398255],[1.074026,49.398809],[1.074424,49.399012],[1.074083,49.399386],[1.074467,49.399535],[1.074442,49.399676],[1.073976,49.399806],[1.074127,49.400089],[1.073887,49.400211],[1.067709,49.401917],[1.06666,49.402433],[1.066306,49.402445],[1.065986,49.402271],[1.065498,49.402398],[1.071079,49.409907],[1.075213,49.407286],[1.074675,49.406638],[1.07926,49.404751],[1.080991,49.400959],[1.080878,49.397492],[1.082185,49.397183],[1.089712,49.398051],[1.08959,49.397493],[1.094821,49.398156],[1.094875,49.397703],[1.094239,49.39722],[1.094399,49.395408],[1.095767,49.394121],[1.095937,49.392046],[1.095687,49.391836],[1.095773,49.390677],[1.095179,49.390381],[1.095337,49.389962],[1.093536,49.388912],[1.092631,49.389283],[1.090543,49.388983],[1.090531,49.38811],[1.090217,49.387924],[1.089419,49.388475],[1.088361,49.388396],[1.0879,49.388206],[1.086985,49.388401],[1.086681,49.38798],[1.08583,49.387825],[1.084721,49.387169],[1.084316,49.387105],[1.083374,49.387406],[1.082723,49.388251],[1.08184,49.388162],[1.081382,49.38886],[1.081826,49.389255],[1.0818,49.390387],[1.079749,49.390319],[1.080259,49.388915],[1.080062,49.388746],[1.076736,49.39004],[1.076844,49.390266],[1.075259,49.39111],[1.073267,49.390984],[1.072972,49.391515],[1.072006,49.392055],[1.071422,49.39192],[1.070554,49.391984],[1.070055,49.392327],[1.069604,49.393407],[1.068564,49.39361],[1.068206,49.393993],[1.068703,49.39522]],[[1.071258,49.393174],[1.072242,49.392474],[1.072568,49.3928],[1.072711,49.393392],[1.072756,49.39379],[1.07244,49.394207],[1.071334,49.394077],[1.070699,49.393585],[1.071258,49.393174]]]}},{"type":"Feature","properties":{"uai_primary":"0761778V","uai_all":"0761778V","is_merged":false},"geometry":{"type":"Polygon","coordinates":[[[1.32514,49.484983],[1.320889,49.484685],[1.31877,49.483974],[1.319842,49.480911],[1.319161,49.480063],[1.315875,49.480965],[1.312065,49.482687],[1.310424,49.48309],[1.310252,49.48335],[1.306477,49.483186],[1.303056,49.483432],[1.300677,49.48395],[1.300189,49.483895],[1.298674,49.484833],[1.296243,49.485515],[1.295036,49.485507],[1.292231,49.484873],[1.288917,49.484719],[1.287485,49.484798],[1.287441,49.485032],[1.282922,49.487038],[1.281814,49.490282],[1.282651,49.491125],[1.281899,49.491676],[1.279666,49.494441],[1.274017,49.496208],[1.26935,49.496803],[1.262397,49.498994],[1.262535,49.499929],[1.261971,49.50167],[1.260512,49.503152],[1.260917,49.503651],[1.259987,49.507866],[1.26605,49.508871],[1.266599,49.51229],[1.266499,49.513727],[1.264642,49.516144],[1.265039,49.516956],[1.266787,49.519039],[1.266419,49.519431],[1.266448,49.519668],[1.267448,49.521684],[1.271887,49.52447],[1.275131,49.526989],[1.278666,49.526481],[1.27927,49.526648],[1.282087,49.528546],[1.282363,49.528934],[1.283042,49.528734],[1.283728,49.529657],[1.283174,49.528708],[1.283353,49.528644],[1.284,49.529528],[1.285552,49.528335],[1.287296,49.528855],[1.285575,49.530394],[1.284278,49.532124],[1.28342,49.532786],[1.282759,49.532242],[1.281538,49.532907],[1.282154,49.533533],[1.283028,49.533042],[1.287214,49.534092],[1.289005,49.531803],[1.288812,49.531717],[1.292445,49.524714],[1.292263,49.524457],[1.293222,49.523285],[1.296822,49.519938],[1.297652,49.519856],[1.297986,49.520362],[1.29854,49.520276],[1.299859,49.519884],[1.300695,49.519442],[1.305854,49.51751],[1.311472,49.515941],[1.314035,49.515423],[1.313841,49.514828],[1.313784,49.51146],[1.314292,49.510206],[1.313412,49.509345],[1.312371,49.507876],[1.312768,49.507815],[1.312986,49.507558],[1.311989,49.506888],[1.310426,49.503347],[1.310917,49.502978],[1.311457,49.502154],[1.310796,49.501973],[1.310797,49.501608],[1.310249,49.501676],[1.310141,49.501544],[1.310403,49.50089],[1.311358,49.500373],[1.311271,49.499929],[1.31214,49.499186],[1.312981,49.498858],[1.313808,49.499044],[1.314281,49.498161],[1.315835,49.497021],[1.316518,49.495719],[1.31856,49.494517],[1.320598,49.49407],[1.321073,49.493819],[1.321532,49.494113],[1.322385,49.493264],[1.323016,49.492963],[1.323556,49.492108],[1.323664,49.490317],[1.323301,49.490102],[1.323334,49.489263],[1.325173,49.488504],[1.324648,49.488023],[1.325194,49.487157],[1.32603,49.486619],[1.325656,49.485805],[1.326105,49.485691],[1.326085,49.48555],[1.32514,49.484983]],[[1.13717,49.439534],[1.136943,49.439338],[1.136649,49.43947],[1.13717,49.439534]],[[1.137958,49.439554],[1.137748,49.439457],[1.137518,49.439576],[1.137902,49.439665],[1.137958,49.439554]],[[1.236344,49.426334],[1.236756,49.426388],[1.236776,49.425915],[1.236528,49.425535],[1.235847,49.424811],[1.234708,49.424346],[1.233995,49.423714],[1.233673,49.423098],[1.233946,49.421951],[1.234587,49.421221],[1.232857,49.418647],[1.231756,49.417351],[1.228865,49.4149],[1.227634,49.41471],[1.227244,49.405352],[1.218511,49.400343],[1.218033,49.400948],[1.203848,49.409967],[1.205816,49.412499],[1.194991,49.412578],[1.177868,49.416966],[1.175922,49.414828],[1.174143,49.412024],[1.173487,49.412265],[1.169757,49.412911],[1.166282,49.414303],[1.165694,49.413553],[1.163144,49.414684],[1.164129,49.416022],[1.164715,49.416427],[1.165191,49.417693],[1.166612,49.418924],[1.166383,49.420483],[1.166155,49.420657],[1.164079,49.421017],[1.161968,49.421812],[1.160649,49.421779],[1.159418,49.421478],[1.157819,49.421396],[1.15644,49.42085],[1.154052,49.42167],[1.154666,49.422367],[1.156374,49.422414],[1.159226,49.423092],[1.15988,49.424094],[1.161918,49.426265],[1.163796,49.427515],[1.156969,49.428021],[1.156022,49.428414],[1.153063,49.429228],[1.150643,49.429559],[1.14883,49.430031],[1.148411,49.430425],[1.147319,49.430902],[1.146556,49.430756],[1.143085,49.428285],[1.142476,49.428867],[1.14301,49.429359],[1.143389,49.430547],[1.143338,49.431201],[1.144,49.431677],[1.143944,49.431813],[1.142816,49.43257],[1.141657,49.432741],[1.142179,49.432882],[1.142225,49.433384],[1.138202,49.433061],[1.138329,49.433654],[1.138573,49.433697],[1.138594,49.434007],[1.141535,49.434173],[1.144653,49.434867],[1.144092,49.435013],[1.144124,49.435389],[1.142699,49.435764],[1.140498,49.436101],[1.140656,49.436484],[1.138728,49.436654],[1.138452,49.435904],[1.137675,49.435977],[1.137898,49.436896],[1.138674,49.436793],[1.139402,49.436902],[1.138228,49.437033],[1.137392,49.437531],[1.136434,49.437728],[1.137044,49.438927],[1.136168,49.439133],[1.136255,49.439272],[1.137873,49.439207],[1.138816,49.439409],[1.139275,49.439226],[1.140447,49.439265],[1.14021,49.439712],[1.138871,49.439695],[1.138674,49.439562],[1.13839,49.439678],[1.13929,49.439886],[1.139899,49.440206],[1.141183,49.439918],[1.14144,49.440063],[1.142193,49.440114],[1.143205,49.440544],[1.143345,49.440827],[1.144674,49.441377],[1.144437,49.442159],[1.145095,49.442739],[1.145492,49.442681],[1.146024,49.443511],[1.146392,49.443049],[1.14638,49.44109],[1.147081,49.440917],[1.148164,49.441174],[1.148296,49.441241],[1.147702,49.441497],[1.14742,49.44214],[1.146937,49.442247],[1.147115,49.442637],[1.14778,49.442765],[1.147119,49.44314],[1.147372,49.443302],[1.147586,49.443973],[1.148193,49.443965],[1.148488,49.444341],[1.149285,49.44441],[1.149781,49.444223],[1.150278,49.443728],[1.150622,49.443877],[1.151476,49.443375],[1.152812,49.44354],[1.15271,49.444911],[1.153462,49.445498],[1.154803,49.444934],[1.156696,49.444967],[1.157864,49.444509],[1.157251,49.443608],[1.157325,49.442966],[1.1581,49.4429],[1.158986,49.44304],[1.159824,49.442839],[1.16035,49.442881],[1.162257,49.443561],[1.163249,49.444393],[1.163557,49.445517],[1.164688,49.44714],[1.169247,49.448925],[1.163992,49.451524],[1.164163,49.451625],[1.16081,49.453107],[1.162612,49.454985],[1.162096,49.454977],[1.162708,49.455487],[1.162943,49.456678],[1.163734,49.458296],[1.16381,49.45975],[1.163659,49.460011],[1.166636,49.460136],[1.167011,49.460438],[1.16856,49.461067],[1.168424,49.461955],[1.167329,49.463572],[1.169011,49.463743],[1.171088,49.464218],[1.1732,49.466728],[1.173338,49.46782],[1.169961,49.468488],[1.170831,49.470359],[1.170503,49.472246],[1.172483,49.474846],[1.171639,49.475856],[1.171699,49.476228],[1.172031,49.476151],[1.173913,49.476529],[1.174186,49.47686],[1.175029,49.476738],[1.176064,49.47638],[1.176402,49.475756],[1.177402,49.476153],[1.179226,49.475719],[1.179804,49.474878],[1.180147,49.474881],[1.180222,49.475143],[1.180529,49.475192],[1.180586,49.476543],[1.182252,49.476614],[1.182754,49.476452],[1.184552,49.476982],[1.186601,49.476899],[1.189934,49.477336],[1.193263,49.476209],[1.197075,49.476533],[1.198754,49.474685],[1.199997,49.474437],[1.203776,49.471866],[1.204772,49.470631],[1.204857,49.468828],[1.198543,49.4673],[1.197377,49.466887],[1.19575,49.46582],[1.191957,49.461488],[1.188374,49.460306],[1.18906,49.459839],[1.188234,49.459189],[1.188466,49.458273],[1.188216,49.456952],[1.187403,49.454957],[1.186745,49.454516],[1.185697,49.454039],[1.184981,49.453924],[1.182456,49.453855],[1.180847,49.452698],[1.180934,49.451617],[1.178886,49.451405],[1.176525,49.451466],[1.174932,49.451772],[1.17422,49.451704],[1.173203,49.450926],[1.171791,49.45046],[1.170845,49.449435],[1.170798,49.449315],[1.171211,49.449181],[1.171087,49.448837],[1.171332,49.448462],[1.171834,49.444657],[1.172368,49.443453],[1.171394,49.443488],[1.171029,49.442277],[1.173852,49.442021],[1.173437,49.44017],[1.176873,49.43952],[1.174463,49.43561],[1.175073,49.434861],[1.175624,49.433666],[1.17682,49.43301],[1.179382,49.432865],[1.179874,49.432729],[1.180911,49.432306],[1.18156,49.431704],[1.182654,49.431238],[1.184824,49.431171],[1.186485,49.430685],[1.187515,49.430145],[1.191102,49.426735],[1.192532,49.428236],[1.194353,49.428051],[1.196374,49.428377],[1.197358,49.428375],[1.198416,49.429086],[1.199896,49.429656],[1.201135,49.429887],[1.20226,49.430358],[1.204531,49.430794],[1.206153,49.432015],[1.208051,49.430951],[1.208358,49.429979],[1.209052,49.430424],[1.209599,49.430546],[1.214896,49.431035],[1.214868,49.430258],[1.217798,49.430185],[1.221413,49.431244],[1.22252,49.431398],[1.223792,49.430574],[1.225212,49.430292],[1.226197,49.429186],[1.22682,49.429035],[1.227764,49.42852],[1.228755,49.428457],[1.229256,49.428283],[1.23183,49.42672],[1.232803,49.42644],[1.236344,49.426334]]]}},{"type":"Feature","properties":{"uai_primary":"0761780X","uai_all":"0761780X","is_merged":false},"geometry":{"type":"Polygon","coordinates":[[[1.13306,49.443949],[1.132291,49.446134],[1.132904,49.44797],[1.13276,49.448522],[1.134709,49.451322],[1.136366,49.45259],[1.135281,49.453931],[1.135295,49.454134],[1.137123,49.454796],[1.137507,49.45523],[1.138151,49.455522],[1.138108,49.455803],[1.137343,49.455842],[1.137291,49.456179],[1.137958,49.456438],[1.137878,49.45689],[1.138182,49.457154],[1.138294,49.457857],[1.138867,49.457843],[1.139494,49.457547],[1.139746,49.457652],[1.140938,49.459043],[1.140294,49.459407],[1.139647,49.461363],[1.138814,49.461901],[1.137026,49.462651],[1.13604,49.463432],[1.135449,49.463638],[1.136941,49.464453],[1.138221,49.464939],[1.138506,49.464769],[1.14128,49.465247],[1.141003,49.46434],[1.14283,49.464038],[1.143969,49.462179],[1.145684,49.462198],[1.147651,49.459246],[1.14872,49.459443],[1.149771,49.458872],[1.15048,49.457817],[1.15198,49.456791],[1.152071,49.456188],[1.151282,49.455567],[1.15127,49.455182],[1.149346,49.455416],[1.146178,49.455423],[1.144684,49.456664],[1.143022,49.459487],[1.14183,49.460257],[1.140423,49.459696],[1.141811,49.458451],[1.144245,49.450861],[1.146281,49.448922],[1.146234,49.448501],[1.145744,49.447552],[1.144634,49.447933],[1.141095,49.443529],[1.139967,49.442899],[1.139935,49.442473],[1.136969,49.44259],[1.133912,49.443075],[1.133267,49.443973],[1.13306,49.443949]]]}},{"type":"Feature","properties":{"uai_primary":"0761781Y","uai_all":"0761781Y","is_merged":false},"geometry":{"type":"Polygon","coordinates":[[[0.106348,49.502691],[0.105712,49.503265],[0.105998,49.503307],[0.106348,49.502691]],[[0.111752,49.50618],[0.111242,49.506432],[0.110976,49.506815],[0.111449,49.507204],[0.111065,49.507524],[0.111555,49.507768],[0.111545,49.507907],[0.11112,49.507923],[0.110492,49.508337],[0.110158,49.50832],[0.108938,49.508843],[0.108707,49.50907],[0.109145,49.509301],[0.109126,49.509653],[0.109973,49.509973],[0.110218,49.510278],[0.109807,49.511018],[0.110409,49.511183],[0.110364,49.511373],[0.110815,49.511508],[0.110991,49.511966],[0.111334,49.512066],[0.111718,49.512585],[0.111658,49.512806],[0.112182,49.513356],[0.112545,49.513011],[0.112857,49.512945],[0.112773,49.513168],[0.113137,49.513217],[0.113064,49.513363],[0.113832,49.51434],[0.114373,49.514627],[0.114421,49.51494],[0.114789,49.514985],[0.114305,49.515586],[0.115162,49.515675],[0.115232,49.516231],[0.115581,49.516262],[0.115894,49.516622],[0.116434,49.516824],[0.116431,49.517087],[0.117049,49.517695],[0.117498,49.517716],[0.118045,49.516979],[0.118838,49.517122],[0.118021,49.517741],[0.117605,49.517834],[0.117354,49.518308],[0.11735,49.518486],[0.118112,49.518981],[0.119475,49.519632],[0.120715,49.519571],[0.121239,49.519692],[0.121349,49.520263],[0.121756,49.520398],[0.122615,49.520461],[0.122804,49.520255],[0.123463,49.520117],[0.123743,49.520893],[0.124059,49.520784],[0.12444,49.52093],[0.124498,49.521113],[0.124175,49.521265],[0.12356,49.521146],[0.122545,49.521326],[0.122628,49.522244],[0.123075,49.522586],[0.122679,49.522981],[0.123139,49.523205],[0.123397,49.523612],[0.122847,49.524003],[0.12328,49.52421],[0.123394,49.52368],[0.123926,49.524071],[0.123911,49.524381],[0.123535,49.524709],[0.123703,49.524908],[0.124455,49.524748],[0.124763,49.525216],[0.125181,49.525457],[0.125026,49.526103],[0.125315,49.52635],[0.125813,49.526391],[0.126064,49.526647],[0.125946,49.526837],[0.126518,49.527102],[0.126907,49.526958],[0.127267,49.527313],[0.127984,49.527105],[0.128879,49.527294],[0.131975,49.526803],[0.132695,49.526987],[0.132263,49.52613],[0.132559,49.52513],[0.132325,49.523637],[0.132831,49.522809],[0.133632,49.522159],[0.135788,49.521182],[0.133376,49.519271],[0.133385,49.518533],[0.134181,49.516848],[0.13288,49.516347],[0.131352,49.515156],[0.130714,49.514158],[0.12999,49.513921],[0.129825,49.513425],[0.128543,49.512648],[0.128273,49.511868],[0.128763,49.511281],[0.128746,49.51099],[0.127622,49.509851],[0.127603,49.509234],[0.126838,49.509103],[0.126487,49.508879],[0.12611,49.508934],[0.125937,49.508418],[0.126257,49.508304],[0.126097,49.507586],[0.126243,49.507391],[0.12583,49.507573],[0.12295,49.507494],[0.122901,49.506915],[0.122464,49.507133],[0.122011,49.506852],[0.12113,49.506941],[0.120254,49.506256],[0.12128,49.505881],[0.121796,49.505932],[0.122191,49.505731],[0.122999,49.505785],[0.123446,49.505428],[0.124576,49.505808],[0.124433,49.506115],[0.124583,49.506331],[0.125058,49.506304],[0.125054,49.506021],[0.125338,49.505876],[0.12539,49.505254],[0.124786,49.50546],[0.12342,49.505265],[0.122689,49.504189],[0.121204,49.50411],[0.120412,49.503359],[0.12024,49.50253],[0.119941,49.502376],[0.118426,49.502269],[0.117599,49.501762],[0.117034,49.501625],[0.114425,49.501528],[0.113974,49.50174],[0.113223,49.501539],[0.112964,49.501682],[0.11381,49.501939],[0.113797,49.502181],[0.113292,49.502575],[0.113272,49.502922],[0.113051,49.503014],[0.113045,49.503674],[0.112693,49.5041],[0.112103,49.503976],[0.11183,49.504473],[0.112063,49.504704],[0.111804,49.50506],[0.112368,49.505313],[0.111798,49.505273],[0.111949,49.50551],[0.111553,49.505682],[0.111539,49.505917],[0.111752,49.50618]],[[0.112065,49.505489],[0.112212,49.505771],[0.112065,49.505489]],[[0.118776,49.515823],[0.118628,49.515992],[0.117694,49.515984],[0.11764,49.515862],[0.118149,49.515469],[0.118098,49.51483],[0.119277,49.515086],[0.119385,49.515377],[0.118946,49.515538],[0.118776,49.515823]],[[0.117476,49.516626],[0.117132,49.516637],[0.116969,49.516389],[0.117097,49.516212],[0.117653,49.516068],[0.117758,49.516258],[0.117476,49.516626]],[[0.122321,49.524325],[0.122041,49.524616],[0.122514,49.524774],[0.122949,49.524566],[0.122981,49.524363],[0.122652,49.524108],[0.122321,49.524325]]]}},{"type":"Feature","properties":{"uai_primary":"0761782Z","uai_all":"0761782Z","is_merged":false},"geometry":{"type":"Polygon","coordinates":[[[0.073832,49.517582],[0.074022,49.518051],[0.074524,49.518222],[0.075054,49.518212],[0.075419,49.517713],[0.075302,49.517368],[0.074833,49.516987],[0.074108,49.517218],[0.073832,49.517582]],[[0.154719,49.515457],[0.151902,49.516018],[0.147818,49.517208],[0.145561,49.517583],[0.143083,49.523045],[0.145823,49.527022],[0.146157,49.526588],[0.146787,49.526395],[0.146967,49.52561],[0.147826,49.524756],[0.148198,49.524855],[0.152045,49.523963],[0.153112,49.52474],[0.154071,49.524223],[0.155732,49.525379],[0.155379,49.525565],[0.155182,49.52926],[0.154783,49.530023],[0.157191,49.534688],[0.156617,49.534934],[0.156932,49.53606],[0.157606,49.536336],[0.158501,49.535441],[0.162352,49.535124],[0.164482,49.535409],[0.164561,49.535569],[0.167462,49.536037],[0.167558,49.535497],[0.168666,49.535522],[0.169197,49.533683],[0.170161,49.533747],[0.170492,49.533429],[0.171256,49.53057],[0.171716,49.530645],[0.172697,49.529851],[0.174333,49.528984],[0.175415,49.527828],[0.17518,49.527584],[0.174421,49.527639],[0.175173,49.526599],[0.17594,49.526203],[0.176338,49.526729],[0.180967,49.525446],[0.181569,49.525977],[0.182144,49.525041],[0.182709,49.524674],[0.181994,49.524385],[0.18129,49.524426],[0.181437,49.522091],[0.181706,49.521956],[0.182048,49.521347],[0.180418,49.521086],[0.180361,49.520357],[0.18087,49.520201],[0.180507,49.519348],[0.180316,49.519379],[0.180174,49.519],[0.179515,49.519086],[0.18187,49.516979],[0.179222,49.51583],[0.1785,49.514953],[0.178246,49.514268],[0.177287,49.513959],[0.176903,49.513324],[0.176272,49.513635],[0.175917,49.513669],[0.175385,49.513476],[0.17449,49.513796],[0.174867,49.510561],[0.173915,49.510287],[0.172651,49.510353],[0.172511,49.51059],[0.172813,49.511111],[0.172329,49.511322],[0.172062,49.512154],[0.171705,49.512546],[0.17141,49.51252],[0.171356,49.512274],[0.170848,49.512088],[0.170275,49.512505],[0.16923,49.512664],[0.168152,49.512295],[0.167517,49.512426],[0.167159,49.512694],[0.166477,49.512144],[0.166063,49.512054],[0.165162,49.512409],[0.165191,49.512602],[0.16566,49.512865],[0.165407,49.512988],[0.163974,49.512767],[0.163767,49.513033],[0.163324,49.513061],[0.163253,49.513693],[0.162419,49.513065],[0.161706,49.513613],[0.160973,49.513569],[0.160056,49.513944],[0.158643,49.514115],[0.158347,49.51398],[0.15755,49.51421],[0.15708,49.514538],[0.157276,49.514752],[0.156825,49.515901],[0.155927,49.516059],[0.154719,49.515457]],[[0.167148,49.512739],[0.167455,49.513049],[0.166971,49.513209],[0.166595,49.512927],[0.167148,49.512739]]]}},{"type":"Feature","properties":{"uai_primary":"0761783A","uai_all":"0761783A","is_merged":false},"geometry":{"type":"Polygon","coordinates":[[[0.146406,49.472099],[0.14797,49.472683],[0.149532,49.472687],[0.150665,49.472412],[0.151821,49.472376],[0.148951,49.471063],[0.14807,49.471152],[0.148005,49.470962],[0.147617,49.471203],[0.147515,49.470936],[0.147549,49.471085],[0.147243,49.471089],[0.147393,49.470906],[0.14725,49.471125],[0.147055,49.470983],[0.146309,49.471053],[0.146326,49.471318],[0.144285,49.471619],[0.146406,49.472099]],[[0.12893,49.473498],[0.130122,49.473569],[0.134469,49.472649],[0.128518,49.473478],[0.12893,49.473498]],[[0.10768,49.475544],[0.109016,49.475657],[0.110906,49.475129],[0.112767,49.473005],[0.11341,49.472811],[0.114631,49.47319],[0.11492,49.473524],[0.113902,49.474939],[0.113208,49.475447],[0.113246,49.475616],[0.11349,49.475663],[0.11495,49.474712],[0.117283,49.47153],[0.12071,49.470641],[0.121118,49.471013],[0.120867,49.471525],[0.121076,49.471621],[0.122591,49.470363],[0.122651,49.469975],[0.125938,49.469515],[0.126568,49.469707],[0.126594,49.470199],[0.126128,49.47059],[0.125329,49.470535],[0.124359,49.47135],[0.124524,49.471439],[0.12513,49.470932],[0.125323,49.471019],[0.125638,49.470768],[0.126472,49.470691],[0.127676,49.469654],[0.129971,49.46933],[0.13015,49.469781],[0.131132,49.469626],[0.130959,49.469183],[0.135927,49.468444],[0.151691,49.467095],[0.158483,49.468841],[0.1589,49.468811],[0.158965,49.468355],[0.15935,49.468134],[0.160589,49.468036],[0.160985,49.468236],[0.160651,49.469165],[0.160412,49.469332],[0.168291,49.471372],[0.174444,49.468633],[0.175049,49.469207],[0.175397,49.469925],[0.175412,49.471377],[0.173706,49.47252],[0.172368,49.473163],[0.170273,49.473246],[0.16952,49.474713],[0.170069,49.474853],[0.169736,49.4754],[0.169193,49.475273],[0.168652,49.476058],[0.161796,49.475596],[0.161796,49.47601],[0.161241,49.476132],[0.158492,49.475925],[0.158082,49.475731],[0.157501,49.475718],[0.157669,49.475088],[0.156532,49.474561],[0.155192,49.477453],[0.155499,49.477657],[0.15552,49.478287],[0.15462,49.478411],[0.154226,49.478917],[0.154634,49.479125],[0.154194,49.479627],[0.152634,49.479794],[0.153353,49.480088],[0.153987,49.480574],[0.153588,49.480729],[0.153813,49.481057],[0.153408,49.48137],[0.152363,49.481608],[0.15297,49.482194],[0.152972,49.482615],[0.153258,49.482883],[0.152156,49.483412],[0.152436,49.483725],[0.152091,49.484037],[0.151793,49.484875],[0.150861,49.484835],[0.150768,49.486006],[0.150137,49.486471],[0.152124,49.487129],[0.149548,49.487293],[0.150053,49.487769],[0.150232,49.488433],[0.149965,49.488757],[0.14995,49.489027],[0.150172,49.489172],[0.149849,49.489337],[0.149924,49.489553],[0.149693,49.48968],[0.149895,49.489994],[0.149465,49.490167],[0.149919,49.490624],[0.148406,49.490913],[0.148972,49.491312],[0.148899,49.491547],[0.148135,49.491651],[0.148602,49.492097],[0.148165,49.49278],[0.148894,49.493247],[0.148978,49.493563],[0.147673,49.493686],[0.147473,49.494222],[0.148389,49.49451],[0.146733,49.49503],[0.147298,49.495322],[0.14713,49.495982],[0.146434,49.496943],[0.146849,49.497968],[0.147353,49.49817],[0.1483,49.498065],[0.149159,49.49778],[0.1508,49.498612],[0.15182,49.498422],[0.15443,49.498954],[0.15767,49.499325],[0.159073,49.499667],[0.160144,49.49945],[0.160618,49.498996],[0.162301,49.499569],[0.164283,49.499668],[0.166243,49.499553],[0.169623,49.498456],[0.169456,49.499369],[0.169735,49.500956],[0.169586,49.50107],[0.169853,49.501302],[0.169403,49.501721],[0.167786,49.501825],[0.1678,49.50222],[0.168207,49.502343],[0.169418,49.502197],[0.170076,49.502331],[0.170522,49.502165],[0.17094,49.501878],[0.170131,49.501606],[0.169913,49.501302],[0.170504,49.501032],[0.171201,49.500108],[0.172887,49.500192],[0.173978,49.499953],[0.175705,49.498852],[0.176088,49.498378],[0.177299,49.498636],[0.179596,49.498764],[0.18028,49.499012],[0.182079,49.499143],[0.18374,49.499749],[0.185208,49.500064],[0.186415,49.500672],[0.18812,49.501053],[0.189108,49.501557],[0.190565,49.501618],[0.19448,49.502484],[0.19473,49.502138],[0.194634,49.501919],[0.195262,49.501038],[0.192005,49.499918],[0.191711,49.499064],[0.191034,49.498286],[0.191942,49.497784],[0.192555,49.497189],[0.192363,49.496775],[0.19141,49.487616],[0.191532,49.487497],[0.193748,49.487489],[0.19558,49.48723],[0.194903,49.451716],[0.192472,49.451573],[0.160417,49.454051],[0.158925,49.453788],[0.156755,49.452518],[0.155018,49.451918],[0.15339,49.451699],[0.15189,49.451718],[0.150149,49.452028],[0.148667,49.452586],[0.147117,49.45364],[0.146237,49.454613],[0.145104,49.455123],[0.116005,49.457382],[0.114105,49.457731],[0.112545,49.458403],[0.105834,49.462418],[0.105184,49.464761],[0.105464,49.465331],[0.105732,49.465272],[0.10553,49.464819],[0.106121,49.462521],[0.112519,49.45864],[0.114337,49.45786],[0.116187,49.457547],[0.121607,49.457144],[0.122273,49.45727],[0.123265,49.457009],[0.145071,49.455308],[0.146474,49.454725],[0.147541,49.453588],[0.148807,49.452755],[0.150161,49.452239],[0.151702,49.451925],[0.153331,49.451876],[0.155247,49.452169],[0.156806,49.452748],[0.158726,49.453895],[0.160216,49.454206],[0.170436,49.453465],[0.171189,49.453586],[0.172732,49.453366],[0.172965,49.45365],[0.173191,49.45329],[0.174122,49.453176],[0.174156,49.453301],[0.173524,49.453389],[0.174585,49.453769],[0.174794,49.453599],[0.174448,49.453195],[0.176528,49.453051],[0.176399,49.453105],[0.176773,49.453117],[0.177003,49.453425],[0.177574,49.45352],[0.177856,49.45376],[0.17854,49.455826],[0.120829,49.463898],[0.121152,49.464852],[0.119753,49.465027],[0.119117,49.466385],[0.117651,49.468043],[0.116295,49.469118],[0.114853,49.469974],[0.113036,49.470384],[0.108527,49.467271],[0.10837,49.467408],[0.111129,49.469397],[0.112504,49.470979],[0.105716,49.475252],[0.10768,49.475544]]]}},{"type":"Feature","properties":{"uai_primary":"0761784B","uai_all":"0761784B","is_merged":false},"geometry":{"type":"Polygon","coordinates":[[[0.251339,49.597881],[0.250101,49.597696],[0.250317,49.598257],[0.249971,49.59829],[0.249438,49.598059],[0.248244,49.59801],[0.246915,49.598363],[0.245807,49.598364],[0.245525,49.598104],[0.24338,49.598474],[0.240827,49.596458],[0.239565,49.596997],[0.238464,49.596789],[0.238321,49.597528],[0.236795,49.599001],[0.236029,49.599321],[0.235271,49.598755],[0.232844,49.599843],[0.23232,49.599464],[0.231842,49.599744],[0.232034,49.599869],[0.2274,49.602194],[0.227313,49.602465],[0.223585,49.604562],[0.221863,49.603234],[0.219411,49.604337],[0.218221,49.602895],[0.216606,49.601858],[0.21381,49.600803],[0.212494,49.599358],[0.211729,49.599253],[0.211705,49.596674],[0.21044,49.596046],[0.209093,49.595021],[0.203444,49.593259],[0.202059,49.595337],[0.201578,49.595743],[0.200535,49.595288],[0.200102,49.595566],[0.198127,49.594449],[0.196031,49.593842],[0.195946,49.592589],[0.195682,49.591952],[0.195827,49.591936],[0.195703,49.591214],[0.19585,49.59122],[0.19592,49.590581],[0.198055,49.590663],[0.198436,49.587384],[0.19883,49.587036],[0.195802,49.586515],[0.19588,49.585826],[0.19364,49.585911],[0.190942,49.586348],[0.187877,49.587266],[0.18786,49.587544],[0.188593,49.587707],[0.187992,49.588831],[0.190062,49.589121],[0.189437,49.590242],[0.185535,49.589431],[0.185308,49.590116],[0.187806,49.590545],[0.187129,49.591926],[0.187812,49.592085],[0.188348,49.594008],[0.186907,49.594362],[0.187658,49.595798],[0.187928,49.595766],[0.188123,49.596458],[0.188422,49.596426],[0.188958,49.598258],[0.188414,49.598292],[0.188415,49.599529],[0.187844,49.599555],[0.188106,49.600974],[0.188778,49.600943],[0.189112,49.602738],[0.187363,49.603133],[0.187697,49.603823],[0.187397,49.604648],[0.181949,49.604734],[0.180141,49.604584],[0.178835,49.604934],[0.175895,49.607156],[0.173108,49.608547],[0.171257,49.610041],[0.170362,49.611874],[0.167242,49.614346],[0.167071,49.614278],[0.165592,49.614595],[0.164657,49.614585],[0.162117,49.613703],[0.161059,49.61262],[0.154531,49.61099],[0.153553,49.610891],[0.151161,49.611161],[0.149837,49.610205],[0.149657,49.610297],[0.145521,49.60707],[0.144594,49.605893],[0.128728,49.609914],[0.12926,49.610745],[0.129828,49.611055],[0.132676,49.615016],[0.133096,49.615241],[0.134369,49.616881],[0.140252,49.62571],[0.141677,49.62823],[0.142221,49.628675],[0.146795,49.635704],[0.148713,49.637647],[0.150008,49.639701],[0.150301,49.640931],[0.150725,49.641147],[0.151638,49.642131],[0.152171,49.643699],[0.15285,49.644097],[0.153542,49.646564],[0.153418,49.648907],[0.153002,49.649328],[0.15214,49.649648],[0.149028,49.650252],[0.149271,49.650432],[0.151381,49.650091],[0.151591,49.650258],[0.151733,49.651341],[0.152169,49.651998],[0.150839,49.653719],[0.14844,49.652756],[0.146751,49.649605],[0.146419,49.649429],[0.146121,49.649582],[0.148036,49.652936],[0.148709,49.653326],[0.150523,49.653947],[0.151421,49.654463],[0.151902,49.654995],[0.152695,49.658098],[0.152906,49.660144],[0.152077,49.662418],[0.150774,49.663925],[0.141416,49.669104],[0.136747,49.670124],[0.124075,49.669967],[0.123519,49.669833],[0.123122,49.669577],[0.118177,49.663833],[0.118213,49.662307],[0.118003,49.662187],[0.11779,49.662319],[0.117762,49.663654],[0.122797,49.669724],[0.123597,49.670144],[0.13673,49.670476],[0.141858,49.669378],[0.151329,49.664108],[0.153578,49.661654],[0.155055,49.661504],[0.15633,49.661978],[0.157342,49.66255],[0.158012,49.664283],[0.158773,49.665387],[0.159134,49.665631],[0.159267,49.665931],[0.159112,49.666197],[0.159977,49.667188],[0.16,49.667989],[0.15969,49.668161],[0.159757,49.669377],[0.159492,49.670854],[0.160179,49.671764],[0.16044,49.673628],[0.160936,49.674386],[0.16084,49.675058],[0.16109,49.675432],[0.160924,49.676193],[0.161259,49.67647],[0.161217,49.677665],[0.161471,49.677951],[0.162057,49.678107],[0.163114,49.679815],[0.162775,49.6803],[0.162971,49.68168],[0.16361,49.682855],[0.164155,49.683038],[0.164384,49.683367],[0.163592,49.684005],[0.163681,49.684735],[0.163466,49.685557],[0.164042,49.686048],[0.164041,49.686641],[0.164627,49.687016],[0.165108,49.687085],[0.165322,49.687229],[0.165202,49.687407],[0.165851,49.687437],[0.166434,49.68767],[0.168198,49.689607],[0.16812,49.690264],[0.168391,49.690371],[0.169177,49.690222],[0.169968,49.69065],[0.171723,49.690946],[0.172118,49.691368],[0.172516,49.691441],[0.173434,49.691993],[0.173607,49.692274],[0.17397,49.692222],[0.174905,49.692468],[0.177031,49.693677],[0.180202,49.696367],[0.182587,49.699173],[0.181824,49.69948],[0.181715,49.699827],[0.182108,49.699998],[0.182587,49.699861],[0.183532,49.699033],[0.184237,49.699185],[0.185171,49.699757],[0.187002,49.70149],[0.187131,49.701778],[0.186887,49.702081],[0.18726,49.70197],[0.18744,49.702199],[0.18789,49.702227],[0.188715,49.702615],[0.189357,49.703394],[0.189375,49.703736],[0.189191,49.704091],[0.188309,49.704205],[0.188357,49.704327],[0.189231,49.704581],[0.189509,49.704554],[0.189508,49.704332],[0.189901,49.704153],[0.190923,49.704055],[0.191165,49.704192],[0.193886,49.706627],[0.193584,49.706971],[0.193842,49.707085],[0.193498,49.707248],[0.193584,49.707363],[0.194654,49.707052],[0.194765,49.706797],[0.195827,49.706392],[0.196331,49.70656],[0.196361,49.706771],[0.197151,49.706516],[0.197963,49.706641],[0.201051,49.707934],[0.203151,49.709701],[0.205182,49.712273],[0.206308,49.713985],[0.205789,49.714615],[0.206939,49.71387],[0.207287,49.713838],[0.207498,49.714041],[0.207547,49.71365],[0.208207,49.7137],[0.20856,49.713888],[0.209389,49.713693],[0.210316,49.714222],[0.211512,49.714413],[0.212696,49.715079],[0.213415,49.714925],[0.21406,49.714967],[0.214861,49.715304],[0.21536,49.715302],[0.215993,49.715652],[0.216218,49.715601],[0.216373,49.715795],[0.217623,49.716266],[0.218191,49.716823],[0.218828,49.717065],[0.219863,49.716895],[0.221404,49.717377],[0.223107,49.717687],[0.225279,49.717775],[0.226299,49.717548],[0.227304,49.717517],[0.22905,49.717736],[0.230982,49.718218],[0.231655,49.718083],[0.232371,49.718169],[0.233895,49.718566],[0.235119,49.719132],[0.235937,49.718872],[0.236841,49.719028],[0.243322,49.72118],[0.245881,49.722445],[0.246419,49.722203],[0.24691,49.722214],[0.249273,49.723331],[0.250105,49.723077],[0.251768,49.723605],[0.25198,49.72353],[0.25457,49.724884],[0.257329,49.725974],[0.258854,49.726891],[0.261678,49.728252],[0.262199,49.728359],[0.262803,49.72823],[0.264757,49.728762],[0.265843,49.72726],[0.265165,49.726811],[0.263898,49.726751],[0.26363,49.727132],[0.261755,49.726394],[0.262095,49.725842],[0.260613,49.725241],[0.258947,49.724038],[0.258805,49.719753],[0.260403,49.719926],[0.260059,49.718386],[0.26214,49.718329],[0.26393,49.718568],[0.262627,49.712932],[0.266481,49.710344],[0.268563,49.709962],[0.273146,49.706199],[0.272038,49.704564],[0.269954,49.703372],[0.266174,49.701583],[0.265087,49.700836],[0.264778,49.700218],[0.265284,49.698674],[0.265215,49.697858],[0.263398,49.697825],[0.261581,49.695152],[0.258249,49.696062],[0.254257,49.690068],[0.254233,49.689504],[0.255108,49.686962],[0.250093,49.687022],[0.251062,49.684536],[0.252874,49.682936],[0.254259,49.680879],[0.256599,49.68025],[0.256265,49.679053],[0.254609,49.677308],[0.256615,49.677016],[0.260691,49.675663],[0.261792,49.675799],[0.261756,49.675981],[0.262198,49.676182],[0.26245,49.676084],[0.264269,49.676315],[0.26646,49.676102],[0.270453,49.676666],[0.270531,49.676534],[0.272506,49.677044],[0.272422,49.677167],[0.276033,49.678986],[0.280047,49.679362],[0.283199,49.679211],[0.284725,49.679426],[0.286137,49.680122],[0.287428,49.681825],[0.288071,49.68227],[0.289278,49.682429],[0.29141,49.682119],[0.292219,49.682395],[0.292937,49.683015],[0.294121,49.684797],[0.294486,49.684956],[0.295778,49.684905],[0.296694,49.684064],[0.298103,49.683608],[0.299006,49.683946],[0.300085,49.684972],[0.301471,49.685338],[0.302222,49.685356],[0.303393,49.686201],[0.304484,49.686585],[0.305072,49.686536],[0.307245,49.68547],[0.308736,49.685181],[0.309581,49.6853],[0.309903,49.685441],[0.309956,49.686496],[0.309788,49.686923],[0.309053,49.687411],[0.308936,49.688181],[0.309688,49.688449],[0.310515,49.688301],[0.31102,49.687824],[0.314123,49.68699],[0.314045,49.68636],[0.314377,49.686307],[0.314008,49.685601],[0.315856,49.685349],[0.315926,49.686366],[0.31633,49.686875],[0.317084,49.686944],[0.317818,49.686726],[0.320154,49.685461],[0.322162,49.687026],[0.322504,49.687099],[0.324138,49.688764],[0.324907,49.688118],[0.324944,49.688598],[0.325751,49.688671],[0.328221,49.688319],[0.33115,49.689069],[0.335774,49.688109],[0.33557,49.686949],[0.336793,49.687011],[0.337502,49.686844],[0.338743,49.686309],[0.338425,49.685902],[0.339418,49.685254],[0.341629,49.68445],[0.342965,49.68427],[0.344135,49.683622],[0.346294,49.684901],[0.351299,49.679919],[0.351952,49.678655],[0.349304,49.675923],[0.338953,49.671871],[0.33751,49.671019],[0.336383,49.66982],[0.334235,49.668266],[0.332655,49.667577],[0.325231,49.671277],[0.324127,49.667179],[0.321661,49.665435],[0.317455,49.662958],[0.317128,49.663285],[0.314088,49.662224],[0.31439,49.661935],[0.312885,49.661022],[0.311271,49.659493],[0.309004,49.657779],[0.308827,49.657844],[0.307769,49.656415],[0.307083,49.656166],[0.305705,49.656122],[0.303367,49.65664],[0.303394,49.657022],[0.303111,49.657268],[0.301601,49.657967],[0.300176,49.658353],[0.299265,49.658871],[0.298958,49.660016],[0.298004,49.660744],[0.295538,49.66147],[0.294221,49.661596],[0.292951,49.66215],[0.29172,49.662289],[0.290241,49.663975],[0.289552,49.663929],[0.288412,49.663538],[0.287864,49.663553],[0.287153,49.663815],[0.286447,49.664495],[0.285146,49.663799],[0.284439,49.663224],[0.284395,49.661725],[0.283558,49.66051],[0.282816,49.65872],[0.279333,49.656015],[0.278618,49.655698],[0.281502,49.654469],[0.281241,49.652405],[0.284867,49.649395],[0.288588,49.648321],[0.292033,49.646313],[0.29326,49.645291],[0.293952,49.645322],[0.296081,49.642787],[0.296751,49.640863],[0.295553,49.638597],[0.295496,49.634504],[0.294899,49.63044],[0.295098,49.630378],[0.294519,49.63007],[0.292185,49.627334],[0.295098,49.626071],[0.295892,49.622033],[0.295322,49.621332],[0.294069,49.621468],[0.293632,49.620897],[0.292945,49.618952],[0.292344,49.615022],[0.290835,49.613437],[0.290316,49.613147],[0.289706,49.613045],[0.291448,49.610106],[0.291287,49.609436],[0.289341,49.607519],[0.288873,49.606265],[0.288889,49.605219],[0.287592,49.599847],[0.286847,49.598817],[0.285788,49.597966],[0.286043,49.598059],[0.291776,49.597138],[0.294469,49.597505],[0.295864,49.597218],[0.299743,49.597293],[0.30242,49.59695],[0.303636,49.596633],[0.308454,49.597008],[0.314071,49.597674],[0.319471,49.59951],[0.321481,49.600317],[0.321188,49.600674],[0.32408,49.601542],[0.323814,49.602549],[0.32477,49.60282],[0.324362,49.603241],[0.326083,49.60348],[0.328395,49.602875],[0.331583,49.598873],[0.329271,49.598024],[0.329291,49.593929],[0.326535,49.592839],[0.326903,49.592419],[0.324089,49.59145],[0.322505,49.590414],[0.322741,49.58997],[0.321024,49.589532],[0.319307,49.589593],[0.319964,49.585936],[0.316213,49.585639],[0.316612,49.584116],[0.31519,49.582934],[0.314419,49.582837],[0.312895,49.5823],[0.312292,49.582254],[0.312143,49.580731],[0.308903,49.578728],[0.308177,49.578706],[0.308091,49.577687],[0.302451,49.577989],[0.300265,49.577958],[0.290377,49.578732],[0.290049,49.579674],[0.289679,49.57973],[0.286163,49.579892],[0.281533,49.579327],[0.281874,49.57719],[0.28122,49.576117],[0.281323,49.573144],[0.279669,49.57144],[0.279221,49.571141],[0.277147,49.570678],[0.275102,49.569724],[0.272137,49.568642],[0.270689,49.567447],[0.268074,49.566211],[0.266274,49.56583],[0.264251,49.566036],[0.262412,49.566766],[0.260064,49.566821],[0.258837,49.568389],[0.258672,49.569725],[0.259464,49.570765],[0.260684,49.57311],[0.263879,49.572164],[0.265205,49.571518],[0.266266,49.572436],[0.267288,49.571983],[0.267937,49.572837],[0.267274,49.573269],[0.268995,49.574518],[0.269755,49.576024],[0.2671,49.578012],[0.265271,49.577037],[0.261378,49.578582],[0.263963,49.580941],[0.260769,49.58216],[0.262642,49.584511],[0.259465,49.585769],[0.261855,49.587785],[0.263168,49.58812],[0.262057,49.59003],[0.262334,49.590825],[0.261678,49.591644],[0.256339,49.587807],[0.253026,49.586414],[0.251861,49.588113],[0.246673,49.586075],[0.246642,49.587247],[0.246019,49.589468],[0.239267,49.588165],[0.238494,49.590408],[0.237809,49.593757],[0.242983,49.595155],[0.243882,49.595633],[0.24431,49.596293],[0.245117,49.596665],[0.246169,49.596884],[0.246651,49.596746],[0.248877,49.597054],[0.250039,49.59707],[0.250491,49.597237],[0.250854,49.597739],[0.251339,49.597881]]]}},{"type":"Feature","properties":{"uai_primary":"0761785C","uai_all":"0761785C","is_merged":false},"geometry":{"type":"Polygon","coordinates":[[[0.389168,49.752727],[0.389553,49.752953],[0.389598,49.752746],[0.389168,49.752727]],[[0.383314,49.754422],[0.383302,49.754517],[0.383314,49.754422]],[[0.371199,49.745284],[0.372001,49.745425],[0.372168,49.745667],[0.372564,49.745768],[0.372484,49.745971],[0.372098,49.746124],[0.372058,49.746933],[0.371874,49.747107],[0.372725,49.747308],[0.371639,49.747994],[0.37095,49.748954],[0.371379,49.749422],[0.370807,49.749461],[0.371559,49.750835],[0.371452,49.75103],[0.370932,49.750993],[0.370924,49.750629],[0.370694,49.750837],[0.370794,49.751165],[0.371398,49.751411],[0.371303,49.751937],[0.370796,49.752276],[0.370929,49.752685],[0.372138,49.754081],[0.373013,49.754371],[0.372972,49.754825],[0.373764,49.755538],[0.37387,49.755932],[0.375431,49.756369],[0.37537,49.756802],[0.375666,49.756994],[0.375559,49.757589],[0.376328,49.757768],[0.37646,49.757682],[0.37678,49.757907],[0.376876,49.758261],[0.377349,49.758349],[0.376867,49.758525],[0.376615,49.758829],[0.375993,49.758899],[0.375715,49.758576],[0.375217,49.758645],[0.375085,49.758982],[0.375714,49.759101],[0.376521,49.759957],[0.376749,49.760705],[0.375972,49.760819],[0.374128,49.759704],[0.373811,49.759684],[0.372261,49.759971],[0.371891,49.760217],[0.370768,49.760344],[0.370118,49.760668],[0.367947,49.761011],[0.367315,49.761357],[0.367567,49.761427],[0.367438,49.761531],[0.368794,49.763026],[0.369303,49.762946],[0.369695,49.762555],[0.369903,49.762578],[0.370083,49.761802],[0.373483,49.760972],[0.373812,49.761154],[0.373788,49.761434],[0.374125,49.761449],[0.374212,49.761616],[0.373599,49.761824],[0.373702,49.762112],[0.369247,49.763385],[0.365804,49.765136],[0.363251,49.765653],[0.36513,49.765288],[0.365542,49.765476],[0.365818,49.766211],[0.366425,49.766924],[0.367287,49.7676],[0.369126,49.76843],[0.369375,49.768696],[0.369315,49.768911],[0.370453,49.768863],[0.37036,49.768718],[0.370679,49.768565],[0.371205,49.768862],[0.371328,49.768636],[0.371838,49.768441],[0.372551,49.768711],[0.372526,49.769082],[0.372758,49.76903],[0.372733,49.768643],[0.372938,49.768521],[0.374352,49.768392],[0.376339,49.768897],[0.376226,49.769653],[0.376784,49.768879],[0.378446,49.76949],[0.378723,49.769248],[0.379462,49.769153],[0.38124,49.769806],[0.382841,49.77082],[0.382813,49.770949],[0.383778,49.770535],[0.384387,49.770562],[0.385346,49.77081],[0.387532,49.771791],[0.390012,49.770523],[0.393023,49.767223],[0.394466,49.767713],[0.394324,49.76791],[0.396388,49.768451],[0.397258,49.767452],[0.399274,49.768175],[0.40049,49.76681],[0.39981,49.764826],[0.400073,49.764835],[0.39961,49.7646],[0.398885,49.764487],[0.39113,49.765569],[0.391054,49.764333],[0.391707,49.762073],[0.389631,49.760302],[0.388721,49.760142],[0.387007,49.760609],[0.385345,49.761566],[0.38509,49.761499],[0.384703,49.760876],[0.385213,49.760903],[0.385292,49.760498],[0.38591,49.760236],[0.386328,49.760298],[0.386651,49.759867],[0.386247,49.759889],[0.385953,49.759606],[0.386165,49.759933],[0.386032,49.760037],[0.385734,49.759723],[0.384765,49.759803],[0.382705,49.759648],[0.383042,49.758832],[0.382498,49.758013],[0.38285,49.757871],[0.383064,49.757482],[0.383197,49.757405],[0.3844,49.757709],[0.384664,49.757506],[0.384517,49.756897],[0.385225,49.756546],[0.385603,49.756553],[0.385863,49.756341],[0.386673,49.756163],[0.387157,49.755741],[0.386945,49.755657],[0.387047,49.755296],[0.386259,49.755054],[0.386709,49.754871],[0.38673,49.754713],[0.386107,49.754277],[0.383511,49.754379],[0.383506,49.75465],[0.382829,49.754507],[0.383882,49.753976],[0.385758,49.75366],[0.385748,49.753398],[0.385178,49.753134],[0.385829,49.752639],[0.385782,49.752506],[0.384733,49.752565],[0.384725,49.752289],[0.384465,49.752107],[0.385764,49.751828],[0.386465,49.75196],[0.386748,49.751724],[0.387908,49.751504],[0.38858,49.751652],[0.388958,49.751495],[0.389063,49.751856],[0.390033,49.752014],[0.390886,49.751873],[0.39089,49.751688],[0.389997,49.751356],[0.389577,49.750885],[0.390241,49.74938],[0.390279,49.747539],[0.389534,49.747308],[0.387433,49.747721],[0.386665,49.748737],[0.385308,49.747954],[0.385163,49.747164],[0.384858,49.74701],[0.382451,49.746427],[0.380651,49.746612],[0.378486,49.743118],[0.378816,49.741623],[0.377085,49.740208],[0.3767,49.740705],[0.375682,49.741405],[0.375142,49.741467],[0.374186,49.742368],[0.374018,49.742803],[0.37247,49.743659],[0.371133,49.743699],[0.371013,49.743989],[0.37024,49.743882],[0.37018,49.743659],[0.369723,49.743616],[0.369553,49.744075],[0.369284,49.744083],[0.369532,49.744434],[0.370565,49.744525],[0.370798,49.745072],[0.371199,49.745284]],[[0.371062,49.743994],[0.371253,49.743836],[0.371825,49.74393],[0.371865,49.744164],[0.371448,49.744324],[0.371062,49.743994]],[[0.377097,49.757485],[0.377265,49.757406],[0.377598,49.757741],[0.376927,49.757692],[0.377097,49.757485]],[[0.395243,49.761278],[0.392942,49.761703],[0.395824,49.761985],[0.396873,49.762477],[0.396798,49.761931],[0.397737,49.762085],[0.396755,49.761171],[0.395243,49.761278]],[[0.363225,49.76158],[0.3623,49.761465],[0.364182,49.764341],[0.363553,49.76476],[0.36365,49.764866],[0.365681,49.764371],[0.366982,49.763729],[0.367156,49.763429],[0.366893,49.763302],[0.365944,49.763684],[0.364525,49.762056],[0.364698,49.76187],[0.364252,49.761819],[0.363627,49.76234],[0.363225,49.76158]],[[0.433466,49.76503],[0.432689,49.765045],[0.430685,49.768516],[0.430127,49.768255],[0.428834,49.770567],[0.429399,49.770735],[0.428908,49.77244],[0.432715,49.772887],[0.43185,49.77592],[0.43466,49.776195],[0.437428,49.776103],[0.446529,49.777357],[0.449958,49.777263],[0.449787,49.777849],[0.452338,49.778074],[0.455218,49.778091],[0.455876,49.780069],[0.462013,49.780046],[0.461985,49.782108],[0.466363,49.781764],[0.467832,49.783951],[0.467885,49.783754],[0.468373,49.783671],[0.468757,49.784188],[0.469297,49.784278],[0.469455,49.784571],[0.471136,49.784011],[0.472343,49.78489],[0.47317,49.784379],[0.474611,49.784924],[0.475966,49.785659],[0.480214,49.78415],[0.479908,49.783801],[0.485172,49.784082],[0.485208,49.783771],[0.486696,49.783862],[0.487011,49.780944],[0.482925,49.780748],[0.483508,49.77698],[0.482347,49.776925],[0.48221,49.776811],[0.480933,49.775527],[0.480772,49.774596],[0.479822,49.774523],[0.479853,49.774417],[0.479093,49.774287],[0.47901,49.772988],[0.477444,49.772783],[0.47584,49.769964],[0.475408,49.770068],[0.473663,49.766791],[0.47982,49.764973],[0.477538,49.762056],[0.478809,49.761984],[0.476355,49.757623],[0.477092,49.757373],[0.47729,49.757664],[0.479105,49.757144],[0.480037,49.756708],[0.482488,49.75655],[0.482444,49.756009],[0.481739,49.754738],[0.483081,49.755086],[0.484003,49.752845],[0.486338,49.752],[0.486462,49.751696],[0.486148,49.751579],[0.486923,49.75025],[0.487424,49.750249],[0.487506,49.749261],[0.487121,49.749154],[0.485341,49.749284],[0.482823,49.748676],[0.482828,49.747867],[0.483995,49.747842],[0.48468,49.747171],[0.484792,49.745766],[0.484614,49.745443],[0.480357,49.744771],[0.479497,49.743969],[0.475232,49.744262],[0.474132,49.742408],[0.473168,49.742769],[0.472583,49.742749],[0.472939,49.741624],[0.472779,49.740718],[0.471376,49.738998],[0.471207,49.739241],[0.466131,49.740935],[0.465804,49.738531],[0.462917,49.738433],[0.462827,49.735543],[0.463264,49.73424],[0.463315,49.731428],[0.46212,49.731199],[0.462601,49.73064],[0.460846,49.729963],[0.460415,49.729004],[0.461964,49.726874],[0.461666,49.726786],[0.460636,49.725501],[0.45877,49.7225],[0.459574,49.722136],[0.458773,49.720618],[0.458212,49.72005],[0.456316,49.718753],[0.454281,49.71662],[0.451663,49.718053],[0.447244,49.716896],[0.441543,49.716085],[0.433923,49.717657],[0.432998,49.716998],[0.432004,49.716632],[0.429457,49.716574],[0.429284,49.716034],[0.42855,49.715665],[0.427557,49.716905],[0.425737,49.718425],[0.423085,49.720533],[0.422778,49.720469],[0.423022,49.719751],[0.42291,49.719349],[0.423402,49.71909],[0.422765,49.718872],[0.422768,49.718597],[0.421781,49.717898],[0.421265,49.716935],[0.421278,49.716334],[0.42157,49.715293],[0.421453,49.715047],[0.422385,49.713513],[0.422291,49.712529],[0.422763,49.711254],[0.423145,49.710937],[0.422775,49.710287],[0.423688,49.709802],[0.424018,49.709401],[0.421802,49.708364],[0.422067,49.708216],[0.421997,49.707839],[0.422311,49.70765],[0.421941,49.707433],[0.420393,49.70666],[0.419729,49.70693],[0.419136,49.706046],[0.418806,49.705086],[0.417769,49.705106],[0.416205,49.704246],[0.416554,49.703803],[0.412882,49.701857],[0.413186,49.701458],[0.410892,49.700896],[0.408064,49.699746],[0.408481,49.698584],[0.40759,49.69751],[0.405394,49.697424],[0.404712,49.696128],[0.402793,49.695983],[0.402156,49.694822],[0.400535,49.695185],[0.399212,49.693351],[0.397477,49.69364],[0.396827,49.693759],[0.393031,49.695289],[0.392854,49.695707],[0.391171,49.697236],[0.390849,49.698453],[0.38574,49.701344],[0.381985,49.700315],[0.379771,49.698658],[0.37886,49.69757],[0.376959,49.696554],[0.377469,49.696049],[0.376829,49.695774],[0.377784,49.694395],[0.378317,49.692514],[0.378149,49.692057],[0.378389,49.691042],[0.376529,49.690922],[0.375599,49.692019],[0.374709,49.692649],[0.373283,49.692896],[0.372729,49.693407],[0.370238,49.693295],[0.369544,49.693132],[0.367823,49.692185],[0.36315,49.688206],[0.361862,49.687329],[0.360904,49.68605],[0.360052,49.685446],[0.35642,49.68735],[0.35517,49.686597],[0.354427,49.687864],[0.352603,49.68715],[0.354298,49.686055],[0.355129,49.685708],[0.352286,49.684723],[0.352627,49.684325],[0.350334,49.683516],[0.350964,49.682799],[0.349049,49.682158],[0.346294,49.684901],[0.344135,49.683622],[0.342965,49.68427],[0.341629,49.68445],[0.339418,49.685254],[0.338425,49.685902],[0.338743,49.686309],[0.337502,49.686844],[0.336793,49.687011],[0.33557,49.686949],[0.335774,49.688109],[0.33115,49.689069],[0.328221,49.688319],[0.325751,49.688671],[0.324944,49.688598],[0.324907,49.688118],[0.324138,49.688764],[0.322504,49.687099],[0.322162,49.687026],[0.320154,49.685461],[0.317818,49.686726],[0.317084,49.686944],[0.31633,49.686875],[0.315926,49.686366],[0.315856,49.685349],[0.314008,49.685601],[0.314377,49.686307],[0.314045,49.68636],[0.314123,49.68699],[0.31102,49.687824],[0.310515,49.688301],[0.309688,49.688449],[0.308936,49.688181],[0.309053,49.687411],[0.309788,49.686923],[0.309956,49.686496],[0.309903,49.685441],[0.309581,49.6853],[0.308736,49.685181],[0.307245,49.68547],[0.305072,49.686536],[0.304484,49.686585],[0.303393,49.686201],[0.302222,49.685356],[0.301471,49.685338],[0.300085,49.684972],[0.299006,49.683946],[0.298103,49.683608],[0.296694,49.684064],[0.295778,49.684905],[0.294486,49.684956],[0.294121,49.684797],[0.292937,49.683015],[0.292219,49.682395],[0.29141,49.682119],[0.289278,49.682429],[0.288071,49.68227],[0.287428,49.681825],[0.286137,49.680122],[0.284725,49.679426],[0.283199,49.679211],[0.280047,49.679362],[0.276033,49.678986],[0.272422,49.677167],[0.272506,49.677044],[0.270531,49.676534],[0.270453,49.676666],[0.26646,49.676102],[0.264269,49.676315],[0.26245,49.676084],[0.262198,49.676182],[0.261756,49.675981],[0.261792,49.675799],[0.260691,49.675663],[0.256615,49.677016],[0.254609,49.677308],[0.256265,49.679053],[0.256599,49.68025],[0.254259,49.680879],[0.252874,49.682936],[0.251062,49.684536],[0.250093,49.687022],[0.255108,49.686962],[0.254233,49.689504],[0.254257,49.690068],[0.258249,49.696062],[0.261581,49.695152],[0.263398,49.697825],[0.265215,49.697858],[0.265284,49.698674],[0.264778,49.700218],[0.265087,49.700836],[0.266174,49.701583],[0.269954,49.703372],[0.272038,49.704564],[0.273146,49.706199],[0.268563,49.709962],[0.266481,49.710344],[0.262627,49.712932],[0.26393,49.718568],[0.26214,49.718329],[0.260059,49.718386],[0.260403,49.719926],[0.258805,49.719753],[0.258947,49.724038],[0.260613,49.725241],[0.262095,49.725842],[0.261755,49.726394],[0.26363,49.727132],[0.263898,49.726751],[0.265165,49.726811],[0.265843,49.72726],[0.264757,49.728762],[0.265233,49.72894],[0.26582,49.728869],[0.267422,49.72928],[0.267393,49.729396],[0.268004,49.729599],[0.26879,49.730126],[0.26955,49.73095],[0.271081,49.731448],[0.272145,49.73224],[0.274198,49.733018],[0.274528,49.733324],[0.276357,49.733929],[0.276725,49.734264],[0.277431,49.734296],[0.279325,49.735191],[0.281818,49.736047],[0.285842,49.737845],[0.285995,49.738098],[0.286565,49.738005],[0.286863,49.738192],[0.286767,49.738463],[0.287241,49.738308],[0.287369,49.738084],[0.288271,49.738079],[0.288928,49.737725],[0.289884,49.737747],[0.291208,49.73816],[0.293856,49.739475],[0.294068,49.738144],[0.293846,49.738144],[0.294329,49.735894],[0.294037,49.735812],[0.294166,49.735228],[0.293846,49.735128],[0.293289,49.734578],[0.292346,49.732258],[0.293033,49.73163],[0.295059,49.730881],[0.296122,49.729947],[0.296105,49.727837],[0.297063,49.725209],[0.296988,49.724659],[0.296355,49.723674],[0.299523,49.721576],[0.302328,49.720965],[0.302786,49.720677],[0.303465,49.720173],[0.304511,49.718401],[0.305095,49.716614],[0.302224,49.714474],[0.304119,49.713375],[0.304799,49.712735],[0.303417,49.711114],[0.305498,49.70978],[0.30745,49.708982],[0.309432,49.707653],[0.309891,49.707812],[0.311435,49.706806],[0.311093,49.70669],[0.311989,49.706159],[0.312516,49.70555],[0.31888,49.706776],[0.319957,49.7063],[0.324893,49.708297],[0.332647,49.706544],[0.334578,49.705931],[0.337962,49.705468],[0.337537,49.704378],[0.342603,49.703881],[0.344089,49.704923],[0.349658,49.706758],[0.347869,49.707968],[0.356156,49.711983],[0.35661,49.711654],[0.358418,49.712177],[0.358262,49.71232],[0.359514,49.71294],[0.359903,49.713519],[0.361982,49.714695],[0.361197,49.71523],[0.359404,49.715584],[0.359307,49.716636],[0.358636,49.71865],[0.363559,49.718343],[0.364076,49.721302],[0.367094,49.721108],[0.367593,49.723855],[0.369995,49.724553],[0.372857,49.724823],[0.375513,49.724395],[0.375587,49.724068],[0.375999,49.723965],[0.376502,49.724719],[0.377099,49.726423],[0.378465,49.727429],[0.379818,49.727614],[0.383485,49.726577],[0.384437,49.726719],[0.385626,49.727331],[0.387125,49.728617],[0.387817,49.729003],[0.387274,49.729071],[0.387068,49.72924],[0.38707,49.731463],[0.388556,49.733747],[0.388,49.735241],[0.388757,49.738314],[0.391417,49.737894],[0.391695,49.738866],[0.391129,49.739295],[0.392716,49.738996],[0.392646,49.7399],[0.394693,49.740008],[0.394771,49.74133],[0.395146,49.741325],[0.395147,49.741185],[0.397173,49.741205],[0.39703,49.740761],[0.4007,49.7405],[0.400807,49.741236],[0.400726,49.741554],[0.400419,49.741674],[0.400389,49.742415],[0.403336,49.742111],[0.406753,49.742187],[0.407012,49.741176],[0.41019,49.7412],[0.412579,49.740911],[0.412793,49.7416],[0.412477,49.742915],[0.413108,49.743333],[0.413296,49.743761],[0.412495,49.744458],[0.41277,49.744605],[0.412369,49.746362],[0.414786,49.746496],[0.415137,49.746473],[0.415385,49.744776],[0.417111,49.743808],[0.41748,49.743096],[0.418321,49.742683],[0.420943,49.74187],[0.421745,49.742098],[0.423185,49.74206],[0.424987,49.742663],[0.425495,49.742328],[0.425619,49.742383],[0.426012,49.741994],[0.426729,49.742186],[0.428584,49.74315],[0.429524,49.742955],[0.431135,49.741973],[0.431481,49.742492],[0.431784,49.74263],[0.433154,49.742415],[0.433058,49.743051],[0.432652,49.743373],[0.432886,49.744154],[0.433524,49.744661],[0.431701,49.745042],[0.431922,49.746036],[0.43147,49.746163],[0.431817,49.747188],[0.43262,49.747104],[0.433241,49.747234],[0.43476,49.747234],[0.434337,49.747594],[0.434445,49.747847],[0.43422,49.748101],[0.434592,49.748568],[0.433959,49.74848],[0.433622,49.748846],[0.433701,49.750014],[0.434839,49.749951],[0.435998,49.750247],[0.438572,49.750436],[0.44101,49.750865],[0.441638,49.751204],[0.441833,49.751104],[0.44246,49.751601],[0.442528,49.753116],[0.443308,49.753155],[0.443798,49.752125],[0.444253,49.751994],[0.446455,49.754183],[0.44673,49.75495],[0.446557,49.755648],[0.444768,49.755725],[0.443751,49.755165],[0.44067,49.754944],[0.439653,49.755165],[0.438442,49.75462],[0.437461,49.754371],[0.436831,49.753792],[0.434566,49.753676],[0.433593,49.753866],[0.433805,49.754961],[0.433335,49.756204],[0.432706,49.757142],[0.433077,49.759035],[0.431718,49.764408],[0.433466,49.76503]]]}},{"type":"Feature","properties":{"uai_primary":"0761786D","uai_all":"0761786D","is_merged":false},"geometry":{"type":"Polygon","coordinates":[[[1.078189,49.90272],[1.078416,49.904312],[1.078199,49.904674],[1.078303,49.905335],[1.077784,49.906164],[1.077907,49.907432],[1.074938,49.906828],[1.07437,49.90697],[1.073303,49.906756],[1.072412,49.908601],[1.070911,49.907817],[1.069149,49.907603],[1.069081,49.90835],[1.068855,49.908525],[1.067773,49.908565],[1.067672,49.908778],[1.067921,49.909081],[1.066846,49.909647],[1.067249,49.910369],[1.067565,49.910389],[1.067853,49.910643],[1.067469,49.910886],[1.06769,49.911179],[1.068484,49.911045],[1.069301,49.911277],[1.069063,49.911805],[1.069408,49.911985],[1.069326,49.91244],[1.069525,49.912638],[1.070629,49.912703],[1.071424,49.913229],[1.071947,49.91335],[1.072739,49.913996],[1.072804,49.914254],[1.074377,49.915871],[1.07396,49.917694],[1.07307,49.919397],[1.073426,49.919859],[1.072827,49.920279],[1.072175,49.92043],[1.071797,49.92076],[1.071886,49.92132],[1.072482,49.921647],[1.072691,49.922568],[1.072348,49.922784],[1.071854,49.922655],[1.071844,49.921355],[1.070641,49.921749],[1.070637,49.922205],[1.070372,49.922384],[1.071649,49.922992],[1.070755,49.923171],[1.069911,49.923167],[1.069604,49.922648],[1.068535,49.922056],[1.068168,49.921967],[1.067771,49.922118],[1.067322,49.922082],[1.066774,49.922696],[1.066359,49.922743],[1.065418,49.923655],[1.064123,49.923601],[1.063645,49.924412],[1.062612,49.924889],[1.065785,49.925636],[1.066889,49.925084],[1.068235,49.925233],[1.068874,49.925078],[1.070042,49.924624],[1.071434,49.923688],[1.07216,49.92365],[1.072372,49.923669],[1.072781,49.924172],[1.07324,49.924129],[1.073421,49.924427],[1.074801,49.924844],[1.074761,49.925152],[1.075214,49.924918],[1.076349,49.92543],[1.077492,49.925238],[1.078068,49.925584],[1.077959,49.925108],[1.078321,49.924923],[1.078177,49.924671],[1.079539,49.924203],[1.079935,49.9244],[1.080385,49.92418],[1.080661,49.924399],[1.080851,49.924179],[1.081315,49.924187],[1.08087,49.923967],[1.080934,49.923837],[1.081554,49.923603],[1.082499,49.923579],[1.082481,49.923973],[1.081609,49.925288],[1.080997,49.925905],[1.079763,49.926312],[1.079718,49.926555],[1.080005,49.926811],[1.080119,49.926664],[1.081114,49.926628],[1.081177,49.926436],[1.081382,49.926436],[1.081398,49.926597],[1.083386,49.92755],[1.084703,49.927493],[1.084842,49.927294],[1.085383,49.927262],[1.085539,49.928137],[1.085866,49.928326],[1.085969,49.928633],[1.085733,49.928688],[1.08582,49.928973],[1.086192,49.928939],[1.08632,49.929128],[1.086368,49.929497],[1.086025,49.929578],[1.086197,49.929841],[1.086881,49.929456],[1.087065,49.92836],[1.087948,49.92803],[1.088715,49.928151],[1.089487,49.927958],[1.089651,49.927747],[1.089986,49.928238],[1.090422,49.928042],[1.090406,49.927839],[1.090791,49.927732],[1.089954,49.927274],[1.090226,49.92692],[1.093137,49.926131],[1.093966,49.926344],[1.094679,49.926261],[1.0956,49.926006],[1.095853,49.9255],[1.096751,49.925289],[1.096965,49.925078],[1.096481,49.924466],[1.095193,49.924786],[1.09477,49.925493],[1.094281,49.925508],[1.094067,49.925788],[1.093379,49.925646],[1.093132,49.925817],[1.092608,49.92582],[1.091807,49.926174],[1.091421,49.926186],[1.090824,49.925399],[1.089847,49.925983],[1.088991,49.92584],[1.088484,49.925971],[1.088694,49.925672],[1.088572,49.925486],[1.089063,49.925073],[1.089163,49.92458],[1.089863,49.924343],[1.090109,49.924123],[1.090228,49.923498],[1.091012,49.923244],[1.091814,49.922574],[1.09157,49.922032],[1.092981,49.921179],[1.092868,49.919856],[1.094504,49.919586],[1.095098,49.919095],[1.095549,49.918297],[1.096654,49.91799],[1.096505,49.917259],[1.097232,49.916272],[1.095732,49.915412],[1.094132,49.915275],[1.093257,49.91475],[1.092541,49.914057],[1.091812,49.913835],[1.089095,49.912223],[1.087934,49.911272],[1.085315,49.910093],[1.084044,49.911213],[1.083627,49.911152],[1.083877,49.910434],[1.082911,49.90938],[1.083868,49.908827],[1.084487,49.909459],[1.084507,49.910046],[1.084943,49.90999],[1.086391,49.909056],[1.086119,49.908844],[1.088826,49.907184],[1.088553,49.90698],[1.088825,49.906483],[1.086786,49.904932],[1.087002,49.904628],[1.085256,49.90432],[1.083546,49.902711],[1.083128,49.902838],[1.080853,49.901098],[1.081143,49.900929],[1.077781,49.899612],[1.077251,49.89926],[1.076885,49.900978],[1.077883,49.901807],[1.078189,49.90272]],[[1.077047,49.910372],[1.074757,49.910636],[1.074105,49.910166],[1.073384,49.909167],[1.072798,49.908848],[1.072956,49.908453],[1.072745,49.908064],[1.073176,49.908021],[1.074409,49.907234],[1.07475,49.907886],[1.078368,49.909235],[1.078677,49.910253],[1.077047,49.910372]],[[1.074922,49.924814],[1.074795,49.924888],[1.074922,49.924814]],[[1.0749,49.924966],[1.074968,49.924835],[1.0749,49.924966]],[[1.087292,49.927226],[1.086901,49.927369],[1.087292,49.927226]],[[1.068549,49.916259],[1.068706,49.916452],[1.06913,49.916434],[1.069156,49.916047],[1.068549,49.916259]],[[1.063298,49.921802],[1.062526,49.922094],[1.063498,49.922878],[1.065363,49.923055],[1.065491,49.922583],[1.066011,49.922451],[1.066758,49.921885],[1.066605,49.921693],[1.066861,49.921133],[1.066344,49.921253],[1.065081,49.920951],[1.064301,49.921155],[1.063298,49.921802]],[[1.090623,49.924565],[1.091024,49.924444],[1.09016,49.924143],[1.090623,49.924565]]]}},{"type":"Feature","properties":{"uai_primary":"0761949F","uai_all":"0761949F","is_merged":false},"geometry":{"type":"Polygon","coordinates":[[[1.067011,49.42321],[1.067713,49.423696],[1.067508,49.422874],[1.067125,49.422842],[1.06658,49.423027],[1.067011,49.42321]],[[1.055649,49.422674],[1.056049,49.423872],[1.056264,49.424063],[1.056821,49.424121],[1.056198,49.423514],[1.056356,49.422679],[1.056575,49.42248],[1.056358,49.422159],[1.055707,49.422326],[1.055649,49.422674]],[[1.062549,49.424048],[1.062896,49.424175],[1.062582,49.424519],[1.06331,49.42633],[1.064005,49.426668],[1.064491,49.426789],[1.064752,49.426712],[1.065351,49.427116],[1.065659,49.426993],[1.066432,49.42738],[1.066741,49.427267],[1.067181,49.427517],[1.067519,49.427439],[1.067148,49.426654],[1.067381,49.426334],[1.066778,49.425638],[1.067021,49.425151],[1.066378,49.424879],[1.066535,49.424404],[1.066158,49.424252],[1.065804,49.423823],[1.065648,49.424183],[1.065185,49.423946],[1.065209,49.424174],[1.06465,49.424228],[1.064478,49.424087],[1.064049,49.424381],[1.063662,49.4243],[1.063139,49.423793],[1.061901,49.423733],[1.062158,49.42407],[1.062549,49.424048]],[[1.069774,49.42869],[1.069629,49.428506],[1.069059,49.428711],[1.068438,49.428714],[1.067342,49.428037],[1.066894,49.428047],[1.066474,49.427865],[1.06633,49.427558],[1.065909,49.428211],[1.065025,49.428367],[1.064705,49.4283],[1.064206,49.427352],[1.063918,49.427227],[1.063029,49.42737],[1.06205,49.427275],[1.06105,49.426792],[1.060101,49.426863],[1.059016,49.426196],[1.057098,49.426619],[1.056685,49.426918],[1.054444,49.425706],[1.054099,49.42529],[1.05472,49.424846],[1.054717,49.42413],[1.054404,49.424022],[1.054341,49.424214],[1.053384,49.424335],[1.054021,49.423887],[1.053812,49.423563],[1.053964,49.423408],[1.053448,49.423103],[1.052556,49.423273],[1.051499,49.422646],[1.051022,49.423365],[1.048237,49.422086],[1.046638,49.423571],[1.047557,49.423988],[1.046225,49.4257],[1.043431,49.428674],[1.039454,49.426042],[1.037991,49.427404],[1.039725,49.428479],[1.04002,49.429526],[1.041522,49.430251],[1.042368,49.431434],[1.04305,49.431991],[1.043594,49.432329],[1.04521,49.432775],[1.047431,49.434062],[1.04975,49.434908],[1.05075,49.434959],[1.05076,49.435197],[1.051316,49.435256],[1.050846,49.434063],[1.056258,49.434245],[1.056297,49.434827],[1.058101,49.434996],[1.059358,49.434884],[1.061588,49.435035],[1.061559,49.43479],[1.063452,49.435055],[1.06947,49.437674],[1.072132,49.437331],[1.071404,49.434742],[1.070582,49.429964],[1.070273,49.429952],[1.069965,49.428681],[1.069774,49.42869]],[[1.049745,49.429453],[1.04863,49.429658],[1.04852,49.428738],[1.048956,49.42869],[1.050282,49.429089],[1.049745,49.429453]]]}},{"type":"Feature","properties":{"uai_primary":"0761950G","uai_all":"0761950G","is_merged":false},"geometry":{"type":"Polygon","coordinates":[[[1.098999,49.482764],[1.098827,49.483496],[1.099439,49.484785],[1.099162,49.484817],[1.09939,49.485306],[1.099867,49.485973],[1.101134,49.486868],[1.09983,49.487378],[1.09929,49.488858],[1.099448,49.489986],[1.102072,49.490021],[1.102263,49.489618],[1.104716,49.490279],[1.105283,49.490257],[1.106923,49.487363],[1.107852,49.486782],[1.108266,49.48629],[1.10836,49.485699],[1.107324,49.484566],[1.108986,49.482284],[1.111555,49.48236],[1.114705,49.48208],[1.116137,49.484427],[1.118216,49.487065],[1.118722,49.487989],[1.121564,49.490018],[1.123325,49.491501],[1.124173,49.491919],[1.127638,49.492958],[1.129872,49.493425],[1.131733,49.493526],[1.131732,49.492789],[1.134808,49.492352],[1.133178,49.49008],[1.136485,49.488338],[1.136634,49.487545],[1.137471,49.48692],[1.137712,49.48704],[1.138308,49.48651],[1.137948,49.485972],[1.137394,49.4857],[1.136908,49.483957],[1.137074,49.483373],[1.137802,49.483619],[1.13918,49.48381],[1.141148,49.482571],[1.140515,49.481847],[1.139921,49.479772],[1.140469,49.479237],[1.144896,49.47752],[1.145365,49.47729],[1.14537,49.477084],[1.143878,49.475526],[1.139666,49.473809],[1.137792,49.472335],[1.13512,49.468848],[1.133414,49.467557],[1.133006,49.466482],[1.130413,49.465465],[1.129887,49.465122],[1.127066,49.464117],[1.126481,49.463611],[1.12492,49.462854],[1.123161,49.462565],[1.122586,49.462099],[1.121176,49.4614],[1.116797,49.459904],[1.113892,49.461276],[1.112305,49.459791],[1.110606,49.460958],[1.109156,49.45949],[1.107219,49.45613],[1.104596,49.453668],[1.102417,49.452309],[1.101797,49.452186],[1.09935,49.452831],[1.099428,49.453429],[1.100941,49.454642],[1.099918,49.455546],[1.098293,49.455252],[1.098212,49.455637],[1.096301,49.455595],[1.096251,49.456013],[1.094973,49.457097],[1.093353,49.459266],[1.093605,49.46009],[1.096688,49.463209],[1.099044,49.463883],[1.101231,49.467298],[1.10242,49.468206],[1.101613,49.468727],[1.102245,49.469895],[1.101508,49.472061],[1.101454,49.474425],[1.100667,49.479226],[1.098999,49.482764]]]}},{"type":"Feature","properties":{"uai_primary":"0761951H","uai_all":"0761951H","is_merged":false},"geometry":{"type":"Polygon","coordinates":[[[0.867835,49.651086],[0.86783,49.651202],[0.864661,49.651573],[0.861606,49.651719],[0.858828,49.652567],[0.858359,49.652429],[0.856185,49.653358],[0.853587,49.653034],[0.851848,49.652279],[0.847113,49.651731],[0.845642,49.651014],[0.844608,49.65011],[0.839143,49.648726],[0.839949,49.647493],[0.840074,49.647027],[0.839837,49.646994],[0.840199,49.645826],[0.840928,49.645455],[0.840784,49.645095],[0.839815,49.644591],[0.837495,49.644235],[0.837554,49.643652],[0.834945,49.642571],[0.833909,49.644242],[0.833405,49.646118],[0.827465,49.645943],[0.828132,49.644176],[0.822166,49.641695],[0.82106,49.645768],[0.81957,49.645494],[0.818572,49.647958],[0.820302,49.648454],[0.819996,49.648982],[0.82105,49.649312],[0.820727,49.649781],[0.820567,49.650751],[0.819015,49.650581],[0.818776,49.652264],[0.817277,49.65538],[0.813232,49.654452],[0.809932,49.66269],[0.8016,49.658152],[0.802327,49.657469],[0.801845,49.657244],[0.802291,49.656626],[0.800244,49.655859],[0.800658,49.655507],[0.795533,49.653046],[0.794951,49.652613],[0.799755,49.650395],[0.797226,49.646744],[0.789985,49.650057],[0.78677,49.65074],[0.786716,49.651127],[0.785332,49.651424],[0.78644,49.652346],[0.78742,49.652094],[0.789344,49.653826],[0.783622,49.655623],[0.780596,49.656363],[0.780405,49.655899],[0.778559,49.65515],[0.777288,49.655471],[0.775994,49.656484],[0.77485,49.655951],[0.773657,49.657013],[0.775734,49.658613],[0.775853,49.659292],[0.774181,49.659597],[0.774341,49.660055],[0.770096,49.660959],[0.768114,49.661753],[0.77027,49.663825],[0.768297,49.664584],[0.769057,49.665729],[0.766761,49.66591],[0.765915,49.665798],[0.765519,49.668109],[0.764936,49.668045],[0.764171,49.668939],[0.762999,49.668053],[0.762404,49.668196],[0.762651,49.668563],[0.758158,49.669827],[0.756498,49.671464],[0.754991,49.673368],[0.755694,49.674414],[0.752625,49.675349],[0.753858,49.677288],[0.754257,49.677176],[0.755999,49.67963],[0.756181,49.679465],[0.757245,49.679875],[0.758285,49.679282],[0.759536,49.680327],[0.761578,49.67994],[0.762489,49.682179],[0.762933,49.682157],[0.764016,49.68382],[0.764286,49.683824],[0.764931,49.685361],[0.764912,49.685986],[0.765497,49.687032],[0.766306,49.687772],[0.765594,49.688086],[0.765812,49.688341],[0.764875,49.688589],[0.764792,49.688833],[0.765049,49.689236],[0.766177,49.689024],[0.767278,49.689263],[0.767616,49.689537],[0.767867,49.690349],[0.768402,49.690939],[0.769585,49.691679],[0.770061,49.691706],[0.770697,49.691427],[0.770942,49.691479],[0.772982,49.693028],[0.776556,49.691224],[0.781358,49.693972],[0.782011,49.694139],[0.785594,49.691664],[0.787813,49.690563],[0.787688,49.690062],[0.788605,49.689745],[0.788625,49.689443],[0.79058,49.688808],[0.79353,49.687423],[0.79759,49.686211],[0.797481,49.685845],[0.798322,49.685713],[0.800948,49.681128],[0.798822,49.67922],[0.797231,49.6768],[0.800073,49.676974],[0.803391,49.676885],[0.806396,49.671627],[0.807841,49.667994],[0.808451,49.667939],[0.812485,49.674809],[0.81294,49.675721],[0.812789,49.675784],[0.813879,49.676217],[0.815443,49.675763],[0.815873,49.676365],[0.817373,49.67595],[0.817516,49.676172],[0.818246,49.675908],[0.818683,49.676374],[0.819077,49.676213],[0.820013,49.677216],[0.821183,49.678082],[0.821576,49.6789],[0.821411,49.679924],[0.823189,49.679507],[0.823465,49.679889],[0.823785,49.679799],[0.82538,49.68216],[0.82759,49.681659],[0.832825,49.685625],[0.830482,49.68734],[0.832669,49.688755],[0.836007,49.68739],[0.837509,49.689648],[0.840608,49.689024],[0.84051,49.688637],[0.841597,49.68838],[0.842035,49.688987],[0.842869,49.688908],[0.843617,49.690785],[0.844221,49.690487],[0.846894,49.692334],[0.847708,49.695273],[0.84736,49.695358],[0.847788,49.6968],[0.849979,49.699536],[0.848564,49.70051],[0.8505,49.701636],[0.853995,49.704269],[0.852522,49.704986],[0.854514,49.706779],[0.85388,49.707676],[0.859055,49.707785],[0.860652,49.707613],[0.867169,49.707488],[0.867244,49.709241],[0.874219,49.709641],[0.878231,49.710096],[0.887174,49.711965],[0.886804,49.713853],[0.892258,49.716084],[0.894157,49.714114],[0.889804,49.712038],[0.890153,49.710688],[0.896191,49.710724],[0.896167,49.714048],[0.906063,49.713568],[0.904904,49.714981],[0.908714,49.714221],[0.910627,49.713584],[0.914224,49.715275],[0.913936,49.715614],[0.914636,49.716058],[0.914137,49.716494],[0.918058,49.718323],[0.919572,49.718927],[0.920149,49.71772],[0.921773,49.718285],[0.926268,49.72094],[0.927022,49.721218],[0.920409,49.726172],[0.917927,49.727688],[0.921397,49.728742],[0.922717,49.729423],[0.922085,49.729665],[0.922199,49.729856],[0.918911,49.730891],[0.916795,49.731823],[0.91775,49.732511],[0.91851,49.7324],[0.918988,49.73266],[0.924433,49.730818],[0.9277,49.731295],[0.933103,49.730835],[0.934486,49.732872],[0.937034,49.734276],[0.937456,49.736246],[0.937908,49.736784],[0.938902,49.737259],[0.942971,49.738492],[0.942868,49.738729],[0.944696,49.738994],[0.945554,49.738478],[0.94713,49.737846],[0.947532,49.737912],[0.948036,49.737743],[0.948982,49.736871],[0.94958,49.736895],[0.950059,49.73528],[0.950609,49.73475],[0.950351,49.734508],[0.950608,49.733177],[0.952379,49.73172],[0.953135,49.731429],[0.954235,49.731606],[0.954691,49.731504],[0.955538,49.730981],[0.956068,49.730111],[0.956119,49.72863],[0.956596,49.727519],[0.957682,49.727143],[0.95957,49.725818],[0.961028,49.725069],[0.963701,49.724017],[0.964165,49.723576],[0.964734,49.722397],[0.966651,49.72133],[0.96719,49.721381],[0.967382,49.721929],[0.971983,49.723848],[0.975918,49.724832],[0.976297,49.72447],[0.981058,49.726679],[0.981907,49.724058],[0.985108,49.726001],[0.986487,49.725165],[0.9924,49.728391],[0.99486,49.726482],[0.998284,49.723025],[1.000097,49.720359],[1.004545,49.71796],[1.002663,49.717575],[0.996273,49.714358],[0.995119,49.714212],[0.987854,49.711928],[0.987813,49.711787],[0.986432,49.711196],[0.986161,49.711227],[0.980016,49.70831],[0.97952,49.708676],[0.977824,49.707773],[0.977459,49.708064],[0.975798,49.70728],[0.973632,49.709262],[0.968987,49.708068],[0.968302,49.707709],[0.968891,49.707026],[0.967265,49.706107],[0.967006,49.70573],[0.967905,49.703966],[0.967357,49.703971],[0.966431,49.704497],[0.965688,49.7044],[0.965348,49.703939],[0.966665,49.703006],[0.967634,49.702473],[0.96873,49.702163],[0.970553,49.700961],[0.970539,49.700618],[0.969681,49.700443],[0.969592,49.700256],[0.970431,49.697929],[0.970811,49.697461],[0.972106,49.697118],[0.973309,49.696982],[0.974657,49.697592],[0.975684,49.698293],[0.976842,49.698248],[0.978864,49.697731],[0.980404,49.697119],[0.981039,49.696678],[0.98227,49.694711],[0.984109,49.692905],[0.985071,49.692268],[0.985697,49.692297],[0.986072,49.692055],[0.985367,49.691774],[0.98428,49.691901],[0.983613,49.691448],[0.983587,49.6913],[0.985102,49.689947],[0.985495,49.689651],[0.986069,49.689561],[0.987164,49.690011],[0.988574,49.690308],[0.989704,49.689375],[0.989581,49.68886],[0.98864,49.687817],[0.990279,49.68654],[0.989186,49.684788],[0.98766,49.683241],[0.988074,49.682996],[0.982542,49.67894],[0.98305,49.678562],[0.976964,49.67536],[0.977085,49.675097],[0.974393,49.673503],[0.974723,49.6734],[0.976231,49.673462],[0.97726,49.673044],[0.977432,49.672683],[0.977085,49.671354],[0.97725,49.670994],[0.980026,49.671009],[0.984201,49.669377],[0.984081,49.669124],[0.988193,49.6671],[0.987594,49.666603],[0.987856,49.666259],[0.98866,49.666286],[0.989865,49.665716],[0.991064,49.665638],[0.993525,49.66377],[0.995431,49.662729],[0.998224,49.660824],[0.999835,49.660095],[1.001686,49.659431],[1.003589,49.658502],[1.008535,49.657288],[1.009282,49.656805],[1.012116,49.655975],[1.015093,49.655358],[1.015307,49.655712],[1.015992,49.655583],[1.015831,49.65533],[1.018818,49.653929],[1.018513,49.65351],[1.019045,49.652673],[1.018946,49.650966],[1.019375,49.650283],[1.020323,49.649389],[1.024156,49.646875],[1.022483,49.64637],[1.022732,49.646321],[1.021009,49.643904],[1.028435,49.641835],[1.026104,49.639873],[1.03066,49.638673],[1.033843,49.63802],[1.033876,49.63739],[1.03276,49.636645],[1.034156,49.636269],[1.034314,49.636002],[1.034033,49.636033],[1.033291,49.634597],[1.032878,49.634219],[1.043088,49.631521],[1.04421,49.630997],[1.043901,49.630439],[1.047291,49.629548],[1.048185,49.619602],[1.049209,49.615729],[1.049304,49.614581],[1.045841,49.613781],[1.045573,49.614172],[1.03393,49.610998],[1.034835,49.610608],[1.031644,49.610016],[1.030509,49.608916],[1.029223,49.608299],[1.025464,49.606687],[1.023359,49.606117],[1.023226,49.603875],[1.020068,49.603106],[1.020051,49.602497],[1.018327,49.601919],[1.016846,49.600984],[1.016362,49.601411],[1.013914,49.600549],[1.014607,49.599279],[1.012764,49.598588],[1.010615,49.597505],[1.008567,49.596868],[1.00802,49.596746],[1.006533,49.598685],[1.004887,49.598009],[1.003594,49.599364],[1.003145,49.600296],[1.000837,49.600038],[0.998683,49.602075],[0.996069,49.601383],[0.995152,49.600898],[0.994372,49.600027],[0.992097,49.598501],[0.990918,49.598508],[0.989608,49.597829],[0.985437,49.597924],[0.982421,49.598967],[0.981395,49.600017],[0.980841,49.600269],[0.981294,49.601344],[0.981315,49.602811],[0.98219,49.605624],[0.984856,49.608954],[0.985169,49.609574],[0.985083,49.610351],[0.983744,49.613769],[0.9846,49.615398],[0.985862,49.616735],[0.986012,49.617318],[0.984571,49.620168],[0.984322,49.620174],[0.983688,49.621164],[0.982495,49.621331],[0.981852,49.620991],[0.981233,49.620867],[0.980192,49.621026],[0.97876,49.621724],[0.976248,49.62224],[0.976365,49.622493],[0.975931,49.623359],[0.97553,49.623687],[0.974972,49.623914],[0.972906,49.624269],[0.971568,49.62559],[0.97048,49.626207],[0.970282,49.626565],[0.97051,49.6276],[0.970861,49.628506],[0.971811,49.629941],[0.971732,49.6303],[0.970539,49.631005],[0.97,49.63165],[0.969581,49.634251],[0.969214,49.634718],[0.968117,49.635433],[0.967857,49.635233],[0.967294,49.635568],[0.966053,49.635138],[0.965263,49.635992],[0.964023,49.636596],[0.963379,49.635934],[0.962663,49.6358],[0.962619,49.635423],[0.96,49.635815],[0.95964,49.63519],[0.957801,49.635434],[0.95775,49.635284],[0.955911,49.635693],[0.955164,49.63505],[0.953358,49.636372],[0.952113,49.636851],[0.951538,49.636081],[0.95047,49.636678],[0.950017,49.635578],[0.95107,49.635061],[0.950493,49.63288],[0.949484,49.632179],[0.947919,49.63045],[0.948999,49.630041],[0.946777,49.627722],[0.945134,49.628523],[0.943989,49.627981],[0.944218,49.627765],[0.942463,49.62695],[0.941052,49.627651],[0.941175,49.627313],[0.939007,49.627365],[0.939299,49.628257],[0.937949,49.62854],[0.93799,49.62964],[0.937552,49.629602],[0.93738,49.628876],[0.937169,49.628758],[0.934772,49.629646],[0.932244,49.63012],[0.930575,49.628274],[0.929406,49.629212],[0.929537,49.629379],[0.92795,49.630175],[0.925741,49.630634],[0.923581,49.63066],[0.92359,49.631598],[0.920254,49.631611],[0.9161,49.631233],[0.916105,49.631111],[0.915572,49.631008],[0.913282,49.630795],[0.909035,49.629965],[0.906479,49.629319],[0.903379,49.629478],[0.901028,49.628713],[0.896843,49.627651],[0.894875,49.627072],[0.892858,49.626187],[0.889482,49.625154],[0.886292,49.62393],[0.883105,49.622575],[0.881786,49.621413],[0.880438,49.622073],[0.87889,49.621365],[0.877861,49.620664],[0.875681,49.619728],[0.865998,49.61693],[0.865545,49.617809],[0.865498,49.618742],[0.866449,49.621135],[0.866332,49.623606],[0.866578,49.625948],[0.866406,49.626991],[0.86836,49.62877],[0.86869,49.628896],[0.868602,49.629426],[0.868901,49.62998],[0.869064,49.631686],[0.869794,49.632593],[0.869993,49.633855],[0.868636,49.637998],[0.868335,49.640011],[0.866747,49.642061],[0.866395,49.644042],[0.867105,49.647797],[0.867922,49.648836],[0.867835,49.651086]]]}},{"type":"Feature","properties":{"uai_primary":"0761952J","uai_all":"0761952J","is_merged":false},"geometry":{"type":"Polygon","coordinates":[[[1.282141,49.590632],[1.28249,49.591323],[1.27642,49.591533],[1.275128,49.595383],[1.273311,49.598743],[1.272343,49.599472],[1.269139,49.600985],[1.269048,49.601235],[1.270718,49.601974],[1.270163,49.603105],[1.270416,49.603264],[1.26808,49.607567],[1.265722,49.608092],[1.267191,49.609927],[1.266728,49.610674],[1.264919,49.611343],[1.264958,49.611582],[1.265694,49.612151],[1.265261,49.612879],[1.26912,49.614928],[1.267022,49.616896],[1.27082,49.61821],[1.274549,49.620228],[1.27648,49.618352],[1.278384,49.618746],[1.279151,49.618438],[1.282128,49.618746],[1.282394,49.618154],[1.284783,49.619389],[1.287843,49.619996],[1.289653,49.619968],[1.290222,49.620139],[1.291454,49.621114],[1.292591,49.621034],[1.293265,49.622136],[1.29712,49.621273],[1.298263,49.622205],[1.305503,49.619649],[1.306831,49.620075],[1.306708,49.617732],[1.308788,49.617721],[1.309248,49.620178],[1.307362,49.626245],[1.308249,49.626836],[1.30921,49.627203],[1.311758,49.627674],[1.31265,49.627996],[1.312995,49.627999],[1.313156,49.62728],[1.31357,49.62676],[1.314942,49.627075],[1.317942,49.626837],[1.319122,49.627013],[1.320315,49.626749],[1.319816,49.626248],[1.320173,49.625409],[1.320779,49.624726],[1.323513,49.623425],[1.325808,49.622919],[1.326084,49.621328],[1.325083,49.621193],[1.324644,49.620435],[1.323307,49.619729],[1.324899,49.618354],[1.324925,49.616997],[1.32662,49.615171],[1.326314,49.613911],[1.326394,49.613373],[1.327438,49.612977],[1.326916,49.611446],[1.326755,49.609831],[1.324164,49.606938],[1.323573,49.605915],[1.331519,49.604462],[1.332908,49.602717],[1.333884,49.602012],[1.335377,49.602672],[1.335034,49.60342],[1.337923,49.604118],[1.338201,49.604076],[1.338606,49.603393],[1.338976,49.603689],[1.342224,49.604906],[1.343106,49.60388],[1.34395,49.603705],[1.344692,49.60379],[1.346076,49.604618],[1.345804,49.605012],[1.346991,49.605908],[1.350037,49.60333],[1.350774,49.603205],[1.351929,49.604855],[1.353115,49.605419],[1.355565,49.607229],[1.356804,49.607912],[1.357261,49.607715],[1.361858,49.607879],[1.362459,49.608119],[1.36891,49.60956],[1.370493,49.610892],[1.372211,49.610829],[1.373226,49.613728],[1.372362,49.613748],[1.372479,49.614233],[1.370308,49.614384],[1.370388,49.614737],[1.367779,49.615066],[1.36782,49.615761],[1.364354,49.615691],[1.364795,49.616375],[1.365844,49.616258],[1.366111,49.616386],[1.366163,49.6184],[1.367989,49.619545],[1.366852,49.620637],[1.365583,49.620192],[1.36463,49.621764],[1.365255,49.621846],[1.365459,49.622148],[1.36525,49.623108],[1.368815,49.623122],[1.369334,49.624771],[1.369442,49.625899],[1.370225,49.626734],[1.369725,49.626835],[1.371008,49.628278],[1.371116,49.629941],[1.3703,49.630768],[1.372355,49.63176],[1.372168,49.631899],[1.372887,49.634275],[1.375644,49.633163],[1.375913,49.633444],[1.377738,49.633059],[1.379245,49.63322],[1.38153,49.6331],[1.382159,49.632946],[1.382637,49.633052],[1.38307,49.632611],[1.38368,49.632715],[1.384288,49.632481],[1.386494,49.632821],[1.387287,49.632694],[1.387816,49.632373],[1.388091,49.632419],[1.388838,49.633144],[1.389322,49.633148],[1.390576,49.632664],[1.39201,49.633225],[1.396492,49.633322],[1.403549,49.631907],[1.405098,49.631109],[1.407414,49.627982],[1.407708,49.628075],[1.408495,49.627026],[1.409382,49.625228],[1.409924,49.625276],[1.41507,49.61973],[1.417749,49.623435],[1.421298,49.622708],[1.42163,49.623228],[1.422055,49.623355],[1.423911,49.623669],[1.427127,49.623822],[1.427949,49.62344],[1.428436,49.620642],[1.428877,49.620338],[1.429893,49.620444],[1.430729,49.620944],[1.432399,49.620953],[1.433759,49.618361],[1.433543,49.617498],[1.432482,49.617278],[1.429748,49.617327],[1.428377,49.617508],[1.426701,49.617378],[1.421226,49.615331],[1.417112,49.61345],[1.418097,49.612246],[1.417593,49.610939],[1.418792,49.608388],[1.420764,49.606382],[1.42085,49.605431],[1.421275,49.604895],[1.42381,49.602938],[1.42498,49.603261],[1.427008,49.601885],[1.427834,49.60207],[1.429226,49.601541],[1.430613,49.601282],[1.432431,49.601505],[1.433547,49.600429],[1.433448,49.600264],[1.433901,49.600214],[1.435606,49.599465],[1.435977,49.599024],[1.43646,49.597351],[1.438298,49.593046],[1.442186,49.590409],[1.443218,49.589109],[1.444967,49.587822],[1.450632,49.585943],[1.447983,49.582217],[1.446456,49.58261],[1.444856,49.583272],[1.444236,49.583267],[1.442883,49.583049],[1.441591,49.582494],[1.44281,49.581736],[1.442466,49.581542],[1.44067,49.582458],[1.439924,49.581807],[1.440659,49.581496],[1.444021,49.579318],[1.444539,49.576922],[1.445132,49.57613],[1.447563,49.575314],[1.446965,49.574714],[1.445087,49.575143],[1.445082,49.574263],[1.442398,49.574891],[1.442331,49.575847],[1.441059,49.575746],[1.440847,49.574911],[1.440592,49.574683],[1.440913,49.573945],[1.442795,49.57346],[1.443365,49.572898],[1.443985,49.572706],[1.44216,49.571855],[1.442209,49.571756],[1.442705,49.571892],[1.443204,49.571604],[1.443415,49.571253],[1.44334,49.570689],[1.442184,49.570255],[1.440886,49.570109],[1.439735,49.569551],[1.43907,49.569016],[1.437901,49.566326],[1.437547,49.565971],[1.437513,49.565495],[1.438776,49.56174],[1.439117,49.559648],[1.432437,49.558504],[1.434927,49.557411],[1.433331,49.555396],[1.433781,49.553333],[1.435006,49.550271],[1.439743,49.541539],[1.441375,49.538011],[1.437439,49.537866],[1.435619,49.537177],[1.433533,49.536786],[1.43213,49.536727],[1.430864,49.536338],[1.428958,49.535129],[1.42428,49.535479],[1.422058,49.53479],[1.420465,49.53397],[1.417683,49.533703],[1.412766,49.532795],[1.412754,49.525789],[1.413453,49.52457],[1.414156,49.523902],[1.416306,49.522554],[1.414047,49.521674],[1.412362,49.519616],[1.409518,49.51712],[1.408512,49.515541],[1.407227,49.514094],[1.405475,49.512984],[1.404001,49.512314],[1.402392,49.511243],[1.399531,49.507979],[1.398948,49.507177],[1.400692,49.506929],[1.401154,49.506716],[1.401261,49.506484],[1.400278,49.505586],[1.40008,49.505136],[1.400783,49.504414],[1.400932,49.503832],[1.400865,49.503407],[1.399952,49.503609],[1.399604,49.501785],[1.398014,49.50207],[1.398303,49.50323],[1.397206,49.504316],[1.397064,49.504716],[1.393454,49.505345],[1.392245,49.503629],[1.390851,49.503708],[1.390316,49.502806],[1.389892,49.502991],[1.389721,49.503887],[1.389441,49.503911],[1.389318,49.501712],[1.388936,49.499929],[1.388387,49.499661],[1.384474,49.498735],[1.382874,49.49993],[1.382494,49.500624],[1.382764,49.50094],[1.380822,49.504982],[1.378571,49.503152],[1.375833,49.502098],[1.375983,49.499573],[1.373069,49.495848],[1.371665,49.494978],[1.369541,49.494507],[1.365789,49.491747],[1.357542,49.486788],[1.357853,49.486348],[1.353218,49.485185],[1.347434,49.485291],[1.347205,49.484949],[1.345877,49.485255],[1.345431,49.485026],[1.344352,49.484858],[1.344673,49.484018],[1.34178,49.483419],[1.342543,49.482447],[1.339501,49.481494],[1.335843,49.484109],[1.331399,49.481081],[1.329195,49.481653],[1.328534,49.481446],[1.328083,49.481685],[1.327623,49.481323],[1.326294,49.482056],[1.326001,49.482534],[1.326221,49.483223],[1.325372,49.483812],[1.325406,49.484114],[1.324997,49.484399],[1.325199,49.485062],[1.326085,49.48555],[1.326105,49.485691],[1.325656,49.485805],[1.32603,49.486619],[1.325194,49.487157],[1.324648,49.488023],[1.325173,49.488504],[1.323334,49.489263],[1.323301,49.490102],[1.323664,49.490317],[1.323556,49.492108],[1.323016,49.492963],[1.322385,49.493264],[1.321532,49.494113],[1.321073,49.493819],[1.320598,49.49407],[1.31856,49.494517],[1.316518,49.495719],[1.315835,49.497021],[1.314281,49.498161],[1.313808,49.499044],[1.312981,49.498858],[1.31235,49.499056],[1.311271,49.499929],[1.311358,49.500373],[1.31037,49.500948],[1.310149,49.501634],[1.310797,49.501608],[1.310796,49.501973],[1.311457,49.502154],[1.310917,49.502978],[1.310426,49.503347],[1.311989,49.506888],[1.312986,49.507558],[1.312768,49.507815],[1.312371,49.507876],[1.313412,49.509345],[1.314292,49.510206],[1.313784,49.51146],[1.313841,49.514828],[1.314035,49.515423],[1.311472,49.515941],[1.305854,49.51751],[1.300695,49.519442],[1.299859,49.519884],[1.29854,49.520276],[1.297986,49.520362],[1.297652,49.519856],[1.296822,49.519938],[1.293222,49.523285],[1.292263,49.524457],[1.292445,49.524714],[1.288812,49.531717],[1.289005,49.531803],[1.287214,49.534092],[1.283028,49.533042],[1.282154,49.533533],[1.281538,49.532907],[1.282759,49.532242],[1.28342,49.532786],[1.284278,49.532124],[1.285575,49.530394],[1.287296,49.528855],[1.285552,49.528335],[1.284,49.529528],[1.283353,49.528644],[1.283174,49.528708],[1.283728,49.529657],[1.283042,49.528734],[1.282363,49.528934],[1.282087,49.528546],[1.27927,49.526648],[1.278666,49.526481],[1.275131,49.526989],[1.271887,49.52447],[1.267448,49.521684],[1.266448,49.519668],[1.266419,49.519431],[1.266787,49.519039],[1.265039,49.516956],[1.264642,49.516144],[1.266499,49.513727],[1.266599,49.51229],[1.266248,49.509323],[1.26605,49.508871],[1.259987,49.507866],[1.260917,49.503651],[1.260512,49.503152],[1.261202,49.502449],[1.260052,49.502019],[1.256566,49.503298],[1.253121,49.504175],[1.251183,49.506698],[1.247334,49.50865],[1.236458,49.513179],[1.235459,49.517223],[1.230636,49.516898],[1.226958,49.516807],[1.226508,49.516959],[1.226828,49.517304],[1.227732,49.517544],[1.228892,49.518139],[1.229212,49.519319],[1.228995,49.519766],[1.227589,49.520965],[1.227231,49.521546],[1.226878,49.523966],[1.225766,49.524514],[1.226204,49.524851],[1.226467,49.526032],[1.226701,49.526257],[1.226677,49.526785],[1.223169,49.526999],[1.218469,49.530359],[1.21918,49.530722],[1.218226,49.531786],[1.218968,49.532852],[1.217348,49.533736],[1.216664,49.533905],[1.215217,49.533861],[1.213156,49.534378],[1.212023,49.535137],[1.209717,49.536256],[1.206325,49.537337],[1.20421,49.538249],[1.203044,49.536385],[1.19994,49.537214],[1.196273,49.537216],[1.194736,49.53736],[1.195314,49.539732],[1.196597,49.54261],[1.198645,49.545403],[1.201656,49.548847],[1.202361,49.550119],[1.202255,49.551488],[1.202109,49.551748],[1.199985,49.551593],[1.197631,49.552204],[1.196187,49.553856],[1.193147,49.555237],[1.193057,49.555603],[1.194731,49.556703],[1.195077,49.556745],[1.195687,49.557139],[1.196787,49.556995],[1.19752,49.557066],[1.199037,49.558101],[1.199669,49.559382],[1.200456,49.559578],[1.199742,49.560132],[1.199723,49.560985],[1.201031,49.562312],[1.202019,49.562166],[1.204874,49.563196],[1.204025,49.564882],[1.207992,49.56578],[1.207881,49.567255],[1.220001,49.568418],[1.221263,49.569456],[1.222761,49.570054],[1.225158,49.568885],[1.225969,49.572521],[1.226367,49.572675],[1.226314,49.574598],[1.229057,49.575671],[1.232174,49.571417],[1.236207,49.569321],[1.229684,49.566747],[1.232654,49.565827],[1.235026,49.56199],[1.235619,49.562068],[1.239292,49.555649],[1.244223,49.550986],[1.246362,49.552069],[1.247094,49.551205],[1.248736,49.55169],[1.249171,49.551997],[1.249931,49.550705],[1.250251,49.550582],[1.250931,49.550698],[1.250634,49.549134],[1.25122,49.549643],[1.253689,49.548123],[1.258694,49.551026],[1.257322,49.551813],[1.263402,49.555774],[1.264462,49.555554],[1.268069,49.559644],[1.267655,49.559809],[1.27313,49.566181],[1.275285,49.570561],[1.270976,49.571089],[1.271211,49.57143],[1.272034,49.571817],[1.274842,49.572769],[1.275386,49.575661],[1.274595,49.576595],[1.275056,49.577096],[1.273446,49.578454],[1.271955,49.580416],[1.270905,49.581458],[1.274754,49.581932],[1.277442,49.582899],[1.278943,49.585805],[1.282141,49.590632]]]}},{"type":"Feature","properties":{"uai_primary":"0761953K","uai_all":"0761953K","is_merged":false},"geometry":{"type":"Polygon","coordinates":[[[1.240224,49.594634],[1.239627,49.593789],[1.238576,49.594539],[1.234425,49.596485],[1.229537,49.598457],[1.228305,49.599815],[1.232223,49.60479],[1.234625,49.606982],[1.232333,49.607521],[1.229246,49.607447],[1.23472,49.615239],[1.231338,49.616308],[1.23229,49.61798],[1.219789,49.619753],[1.220952,49.620961],[1.220471,49.621396],[1.22053,49.621845],[1.219326,49.622508],[1.219849,49.62324],[1.215091,49.624118],[1.213597,49.620736],[1.20639,49.622307],[1.207167,49.626517],[1.21233,49.628183],[1.209043,49.631718],[1.207833,49.634536],[1.205943,49.637473],[1.204945,49.639449],[1.20384,49.640631],[1.200267,49.64319],[1.200445,49.643403],[1.200307,49.645191],[1.202209,49.646741],[1.20678,49.649851],[1.202322,49.652861],[1.204183,49.653821],[1.201036,49.655868],[1.20143,49.656111],[1.202089,49.659977],[1.202639,49.659981],[1.202851,49.66314],[1.204015,49.662837],[1.204594,49.665231],[1.212293,49.664962],[1.211585,49.668137],[1.210656,49.670605],[1.210665,49.672567],[1.210109,49.673602],[1.20779,49.676052],[1.206244,49.678389],[1.203618,49.675497],[1.198453,49.677791],[1.195806,49.674054],[1.186981,49.67923],[1.186368,49.678775],[1.181537,49.684494],[1.183139,49.684758],[1.182545,49.686116],[1.183327,49.686347],[1.181868,49.689801],[1.18093,49.689532],[1.176875,49.693944],[1.174528,49.696076],[1.177353,49.697235],[1.179544,49.698334],[1.180343,49.699247],[1.180959,49.699378],[1.182434,49.70053],[1.183467,49.702422],[1.184013,49.702742],[1.186228,49.702807],[1.186777,49.703037],[1.188169,49.704346],[1.18886,49.705842],[1.190325,49.706102],[1.191236,49.706491],[1.192038,49.706461],[1.194907,49.706796],[1.199516,49.70785],[1.200708,49.708394],[1.200243,49.709796],[1.203269,49.713333],[1.202368,49.71384],[1.202173,49.713796],[1.201204,49.714587],[1.201763,49.715007],[1.201213,49.715529],[1.202141,49.715538],[1.203012,49.716304],[1.203115,49.716544],[1.20277,49.71748],[1.206044,49.718349],[1.205634,49.718687],[1.205116,49.71971],[1.204193,49.719625],[1.203963,49.71999],[1.204096,49.720331],[1.203632,49.720484],[1.203434,49.720904],[1.201921,49.721278],[1.202299,49.722139],[1.201551,49.722989],[1.200458,49.722553],[1.199931,49.722963],[1.195246,49.723759],[1.193919,49.724713],[1.193482,49.724502],[1.19195,49.726104],[1.191569,49.726206],[1.190026,49.725069],[1.188755,49.725269],[1.18774,49.724134],[1.188308,49.723473],[1.189103,49.723257],[1.18964,49.722933],[1.189823,49.721993],[1.187138,49.720236],[1.183528,49.722971],[1.185003,49.724131],[1.185993,49.725316],[1.186012,49.72618],[1.185608,49.725854],[1.185109,49.72596],[1.184401,49.725359],[1.18341,49.725754],[1.183468,49.726231],[1.181495,49.726334],[1.180871,49.727854],[1.178038,49.727187],[1.176016,49.729186],[1.170504,49.72846],[1.167013,49.728392],[1.166728,49.73023],[1.166215,49.731776],[1.164448,49.732128],[1.162622,49.735622],[1.16312,49.735671],[1.163204,49.737423],[1.164557,49.74193],[1.164675,49.745799],[1.164375,49.746784],[1.163424,49.748309],[1.165752,49.748838],[1.16768,49.748787],[1.168881,49.749247],[1.171536,49.749845],[1.171694,49.749608],[1.172728,49.749874],[1.173018,49.749466],[1.174714,49.748387],[1.175209,49.749367],[1.175127,49.74995],[1.173259,49.75219],[1.173264,49.752906],[1.174717,49.753187],[1.174701,49.753523],[1.175218,49.753626],[1.174945,49.754269],[1.175081,49.75436],[1.176408,49.754507],[1.177872,49.754206],[1.177863,49.754521],[1.180672,49.754717],[1.180851,49.754435],[1.181665,49.75457],[1.182323,49.753936],[1.183389,49.754312],[1.183973,49.754085],[1.185146,49.754275],[1.188198,49.75427],[1.188204,49.754463],[1.193987,49.754468],[1.194146,49.753649],[1.198481,49.753949],[1.19908,49.754292],[1.199878,49.754475],[1.201562,49.754429],[1.20191,49.754503],[1.201928,49.754747],[1.202847,49.754801],[1.202896,49.755029],[1.203384,49.755041],[1.203434,49.754775],[1.205119,49.755012],[1.208187,49.754771],[1.210907,49.754033],[1.2116,49.754039],[1.212422,49.75446],[1.212802,49.75547],[1.214478,49.755445],[1.242189,49.737112],[1.245587,49.738913],[1.252033,49.739905],[1.256243,49.740439],[1.261415,49.740047],[1.265226,49.742854],[1.256767,49.743818],[1.252239,49.744093],[1.252084,49.744285],[1.248659,49.744794],[1.251098,49.748399],[1.252177,49.750978],[1.252291,49.752556],[1.248456,49.754099],[1.249549,49.756081],[1.249769,49.756266],[1.250181,49.756262],[1.251328,49.756623],[1.251169,49.757237],[1.253491,49.756462],[1.255059,49.756414],[1.256048,49.756169],[1.260099,49.754311],[1.262941,49.753334],[1.264941,49.755313],[1.265746,49.756533],[1.265795,49.75752],[1.267692,49.759612],[1.27752,49.757633],[1.279741,49.757518],[1.281705,49.75704],[1.284646,49.755584],[1.288581,49.754549],[1.290001,49.753888],[1.290538,49.752852],[1.291391,49.751908],[1.291683,49.751101],[1.292222,49.75099],[1.293401,49.75029],[1.295179,49.749604],[1.297327,49.748962],[1.300123,49.749108],[1.30078,49.749525],[1.301611,49.749652],[1.301673,49.747864],[1.301425,49.746425],[1.303425,49.741416],[1.303893,49.742992],[1.303665,49.745685],[1.306775,49.753477],[1.30742,49.754794],[1.310221,49.757723],[1.310993,49.758152],[1.318801,49.754118],[1.322167,49.75352],[1.323301,49.753648],[1.324051,49.751642],[1.324469,49.751035],[1.324416,49.750361],[1.326594,49.745452],[1.327021,49.743731],[1.324677,49.743705],[1.322847,49.741067],[1.320872,49.74042],[1.318045,49.73906],[1.317959,49.738042],[1.318281,49.737208],[1.31676,49.736985],[1.314207,49.736023],[1.313053,49.735904],[1.313044,49.736011],[1.310843,49.73624],[1.310481,49.735808],[1.311452,49.735476],[1.311729,49.734806],[1.311554,49.733974],[1.318645,49.732841],[1.317909,49.731648],[1.31918,49.73152],[1.318479,49.730492],[1.317537,49.729837],[1.31774,49.729662],[1.31857,49.729759],[1.320701,49.73054],[1.320911,49.730497],[1.321552,49.729343],[1.322188,49.728981],[1.322474,49.728534],[1.323996,49.728592],[1.325514,49.729601],[1.325861,49.729604],[1.326352,49.72924],[1.32828,49.729848],[1.329305,49.730621],[1.330344,49.730539],[1.331552,49.730193],[1.331014,49.729677],[1.32883,49.72848],[1.327491,49.728244],[1.325923,49.72767],[1.323045,49.727229],[1.319965,49.727079],[1.317834,49.726487],[1.315885,49.725597],[1.314328,49.725586],[1.310811,49.726015],[1.309659,49.725997],[1.305659,49.724144],[1.309621,49.721919],[1.316369,49.720141],[1.321477,49.718255],[1.323388,49.715157],[1.325083,49.714024],[1.323916,49.712903],[1.322691,49.710802],[1.322537,49.710362],[1.322652,49.709027],[1.320181,49.7081],[1.318961,49.706914],[1.322155,49.706944],[1.326822,49.704185],[1.337401,49.692993],[1.341715,49.695392],[1.342862,49.696317],[1.343476,49.696038],[1.347577,49.69833],[1.350009,49.697418],[1.352547,49.694845],[1.348531,49.69433],[1.349919,49.692083],[1.349853,49.691902],[1.348547,49.691443],[1.348761,49.69113],[1.353163,49.692558],[1.355928,49.689094],[1.354824,49.688246],[1.353584,49.686798],[1.354479,49.686048],[1.354892,49.686187],[1.3552,49.684527],[1.358501,49.684917],[1.359143,49.683166],[1.35911,49.681749],[1.359893,49.679713],[1.359501,49.678728],[1.360978,49.677727],[1.362034,49.677963],[1.36493,49.677805],[1.365737,49.677631],[1.366016,49.677062],[1.366568,49.677066],[1.368234,49.677537],[1.369953,49.678596],[1.370184,49.678552],[1.371216,49.677247],[1.371294,49.676798],[1.370902,49.675529],[1.371049,49.675036],[1.371479,49.674321],[1.371962,49.674325],[1.372915,49.671549],[1.375101,49.670084],[1.375666,49.66946],[1.375303,49.668551],[1.378448,49.668979],[1.390254,49.673112],[1.40362,49.662114],[1.402042,49.661701],[1.402096,49.661386],[1.40294,49.66048],[1.399538,49.659624],[1.398441,49.659121],[1.398507,49.658636],[1.398137,49.657727],[1.396988,49.657271],[1.396591,49.655686],[1.396249,49.655335],[1.394746,49.655053],[1.394474,49.654308],[1.390755,49.653173],[1.388814,49.652219],[1.386283,49.651311],[1.381043,49.647553],[1.379228,49.645247],[1.380179,49.644311],[1.382277,49.643116],[1.381578,49.641758],[1.380932,49.64103],[1.37639,49.637755],[1.374664,49.636041],[1.373666,49.635588],[1.373253,49.635634],[1.372312,49.634677],[1.372887,49.634275],[1.372168,49.631899],[1.372355,49.63176],[1.3703,49.630768],[1.371116,49.629941],[1.371008,49.628278],[1.369725,49.626835],[1.370225,49.626734],[1.369442,49.625899],[1.369334,49.624771],[1.368815,49.623122],[1.36525,49.623108],[1.365459,49.622148],[1.365255,49.621846],[1.36463,49.621764],[1.365583,49.620192],[1.366852,49.620637],[1.367989,49.619545],[1.366163,49.6184],[1.366111,49.616386],[1.365844,49.616258],[1.364795,49.616375],[1.364354,49.615691],[1.36782,49.615761],[1.367779,49.615066],[1.370388,49.614737],[1.370308,49.614384],[1.372479,49.614233],[1.372362,49.613748],[1.373226,49.613728],[1.372211,49.610829],[1.370493,49.610892],[1.36891,49.60956],[1.362459,49.608119],[1.361858,49.607879],[1.357261,49.607715],[1.356804,49.607912],[1.355565,49.607229],[1.353115,49.605419],[1.351929,49.604855],[1.350774,49.603205],[1.350037,49.60333],[1.346991,49.605908],[1.345804,49.605012],[1.346076,49.604618],[1.344692,49.60379],[1.34395,49.603705],[1.343106,49.60388],[1.342224,49.604906],[1.338976,49.603689],[1.338606,49.603393],[1.338201,49.604076],[1.337923,49.604118],[1.335034,49.60342],[1.335377,49.602672],[1.333884,49.602012],[1.332908,49.602717],[1.331519,49.604462],[1.323573,49.605915],[1.324164,49.606938],[1.326755,49.609831],[1.326916,49.611446],[1.327438,49.612977],[1.326394,49.613373],[1.326314,49.613911],[1.32662,49.615171],[1.324925,49.616997],[1.324899,49.618354],[1.323307,49.619729],[1.324644,49.620435],[1.325083,49.621193],[1.326084,49.621328],[1.325808,49.622919],[1.323513,49.623425],[1.320779,49.624726],[1.320173,49.625409],[1.319816,49.626248],[1.320315,49.626749],[1.319122,49.627013],[1.317942,49.626837],[1.314942,49.627075],[1.31357,49.62676],[1.313156,49.62728],[1.312995,49.627999],[1.31265,49.627996],[1.311758,49.627674],[1.30921,49.627203],[1.308249,49.626836],[1.307362,49.626245],[1.309248,49.620178],[1.308788,49.617721],[1.306708,49.617732],[1.306831,49.620075],[1.305503,49.619649],[1.298263,49.622205],[1.29712,49.621273],[1.293265,49.622136],[1.292591,49.621034],[1.291454,49.621114],[1.290222,49.620139],[1.289653,49.619968],[1.287843,49.619996],[1.284783,49.619389],[1.282394,49.618154],[1.282128,49.618746],[1.279151,49.618438],[1.278384,49.618746],[1.27648,49.618352],[1.274549,49.620228],[1.27082,49.61821],[1.267022,49.616896],[1.26912,49.614928],[1.265261,49.612879],[1.265694,49.612151],[1.264958,49.611582],[1.264919,49.611343],[1.266728,49.610674],[1.267191,49.609927],[1.265722,49.608092],[1.263593,49.608466],[1.260187,49.605709],[1.25275,49.606336],[1.251686,49.605475],[1.247391,49.60692],[1.245831,49.605525],[1.24965,49.604227],[1.246832,49.603848],[1.244408,49.604683],[1.243713,49.601749],[1.240035,49.60329],[1.237054,49.598008],[1.241146,49.5963],[1.240224,49.594634]]]}},{"type":"Feature","properties":{"uai_primary":"0761954L","uai_all":"0761954L","is_merged":false},"geometry":{"type":"Polygon","coordinates":[[[0.21173,49.52236],[0.211561,49.522554],[0.212424,49.522996],[0.214816,49.522893],[0.217336,49.523296],[0.218649,49.523862],[0.219057,49.524357],[0.220914,49.524611],[0.221527,49.524846],[0.22528,49.524923],[0.225795,49.524648],[0.226333,49.523929],[0.227117,49.523748],[0.229068,49.524592],[0.229979,49.524689],[0.230386,49.524355],[0.230942,49.524192],[0.232851,49.524501],[0.23366,49.525047],[0.234454,49.524292],[0.232964,49.522843],[0.232873,49.521606],[0.234316,49.518298],[0.235868,49.515413],[0.241772,49.516726],[0.243443,49.513711],[0.248374,49.509018],[0.250036,49.507795],[0.250101,49.507184],[0.24965,49.506449],[0.247793,49.505975],[0.247454,49.505581],[0.247153,49.504446],[0.247303,49.503337],[0.247742,49.502731],[0.248433,49.50248],[0.249842,49.501483],[0.24938,49.500541],[0.249869,49.499409],[0.249926,49.498675],[0.252377,49.498033],[0.253499,49.496952],[0.253527,49.49658],[0.248318,49.482806],[0.247928,49.481175],[0.239112,49.455624],[0.237883,49.4517],[0.238163,49.451652],[0.238277,49.45143],[0.237809,49.451606],[0.237875,49.451388],[0.237607,49.451239],[0.237245,49.451441],[0.236639,49.451402],[0.236815,49.451554],[0.236504,49.451749],[0.237131,49.452249],[0.237097,49.452707],[0.237422,49.452646],[0.237599,49.452921],[0.238011,49.452917],[0.237746,49.453283],[0.236736,49.453724],[0.23529,49.453392],[0.235034,49.45267],[0.235246,49.45258],[0.235442,49.452778],[0.236361,49.452816],[0.235153,49.452247],[0.234125,49.452377],[0.231738,49.452137],[0.231497,49.451158],[0.230839,49.450942],[0.230865,49.450084],[0.231966,49.449939],[0.231751,49.449836],[0.231575,49.449928],[0.231395,49.449735],[0.23165,49.449667],[0.233716,49.449743],[0.233496,49.449405],[0.233094,49.449245],[0.230908,49.449359],[0.227869,49.449979],[0.227154,49.449927],[0.224288,49.450328],[0.225873,49.449842],[0.226653,49.449756],[0.227233,49.449491],[0.227325,49.449566],[0.227373,49.449443],[0.228327,49.449416],[0.228737,49.449223],[0.228869,49.449336],[0.229656,49.449324],[0.229842,49.449204],[0.229933,49.449302],[0.230558,49.449059],[0.229885,49.44916],[0.229551,49.44896],[0.227508,49.449249],[0.223757,49.45025],[0.219578,49.451777],[0.215833,49.452831],[0.207213,49.452435],[0.207462,49.452665],[0.208471,49.452603],[0.213483,49.45302],[0.218773,49.453156],[0.218868,49.452943],[0.217852,49.452788],[0.218719,49.452374],[0.219314,49.452345],[0.219434,49.451914],[0.219584,49.452195],[0.219926,49.45223],[0.220192,49.451969],[0.220114,49.451734],[0.222026,49.451139],[0.225296,49.45062],[0.226027,49.45093],[0.225959,49.45176],[0.225564,49.451868],[0.225248,49.452278],[0.224598,49.452493],[0.224382,49.453316],[0.224831,49.453973],[0.224384,49.454229],[0.220488,49.453829],[0.220245,49.453474],[0.219996,49.453584],[0.220025,49.453962],[0.219535,49.454095],[0.219852,49.454107],[0.2199,49.454242],[0.218388,49.454423],[0.216693,49.454376],[0.215136,49.454606],[0.214939,49.454424],[0.214819,49.454589],[0.214764,49.454346],[0.214044,49.454122],[0.207201,49.453657],[0.206491,49.453272],[0.205589,49.453355],[0.20517,49.453053],[0.204853,49.453037],[0.204796,49.452766],[0.204522,49.452687],[0.204294,49.452952],[0.203919,49.45289],[0.204005,49.452649],[0.204429,49.452443],[0.206507,49.452446],[0.205992,49.452289],[0.194903,49.451716],[0.19558,49.48723],[0.193748,49.487489],[0.191532,49.487497],[0.19141,49.487616],[0.192363,49.496775],[0.192555,49.497189],[0.191942,49.497784],[0.191034,49.498286],[0.191711,49.499064],[0.192095,49.499969],[0.195262,49.501038],[0.196491,49.50107],[0.197324,49.501304],[0.198724,49.501125],[0.1985,49.50211],[0.200008,49.502254],[0.203219,49.502072],[0.203458,49.503788],[0.206527,49.503471],[0.207063,49.504621],[0.209392,49.504312],[0.207805,49.50485],[0.208824,49.505899],[0.208451,49.506389],[0.209083,49.507567],[0.213273,49.509146],[0.211309,49.51169],[0.211175,49.513358],[0.212285,49.513564],[0.212593,49.514684],[0.212089,49.514956],[0.211161,49.515932],[0.210673,49.517025],[0.21078,49.517795],[0.211332,49.519004],[0.211172,49.5199],[0.211387,49.521542],[0.21166,49.521789],[0.21173,49.52236]]]}},{"type":"Feature","properties":{"uai_primary":"0761956N","uai_all":"0761956N","is_merged":false},"geometry":{"type":"Polygon","coordinates":[[[1.022622,49.646338],[1.022483,49.64637],[1.024156,49.646875],[1.019663,49.649921],[1.018956,49.650897],[1.019045,49.652673],[1.018513,49.65351],[1.018818,49.653929],[1.015831,49.65533],[1.015992,49.655583],[1.015307,49.655712],[1.015093,49.655358],[1.012116,49.655975],[1.009282,49.656805],[1.008535,49.657288],[1.003589,49.658502],[1.001686,49.659431],[0.999835,49.660095],[0.998224,49.660824],[0.995431,49.662729],[0.993525,49.66377],[0.991064,49.665638],[0.989865,49.665716],[0.98866,49.666286],[0.987856,49.666259],[0.987594,49.666603],[0.988193,49.6671],[0.984081,49.669124],[0.984201,49.669377],[0.980026,49.671009],[0.97725,49.670994],[0.977085,49.671354],[0.977432,49.672683],[0.97726,49.673044],[0.976231,49.673462],[0.974723,49.6734],[0.974393,49.673503],[0.977085,49.675097],[0.976964,49.67536],[0.98305,49.678562],[0.982542,49.67894],[0.988074,49.682996],[0.98766,49.683241],[0.989186,49.684788],[0.990279,49.68654],[0.98864,49.687817],[0.989581,49.68886],[0.989704,49.689375],[0.988574,49.690308],[0.987164,49.690011],[0.986069,49.689561],[0.985495,49.689651],[0.985102,49.689947],[0.983587,49.6913],[0.983613,49.691448],[0.98428,49.691901],[0.985367,49.691774],[0.986072,49.692055],[0.985697,49.692297],[0.985071,49.692268],[0.984109,49.692905],[0.98227,49.694711],[0.981039,49.696678],[0.980404,49.697119],[0.978864,49.697731],[0.976842,49.698248],[0.975684,49.698293],[0.974657,49.697592],[0.973309,49.696982],[0.972106,49.697118],[0.970811,49.697461],[0.970431,49.697929],[0.969592,49.700256],[0.969681,49.700443],[0.970539,49.700618],[0.970553,49.700961],[0.96873,49.702163],[0.967634,49.702473],[0.966665,49.703006],[0.965348,49.703939],[0.965688,49.7044],[0.966431,49.704497],[0.967357,49.703971],[0.967905,49.703966],[0.967006,49.70573],[0.967265,49.706107],[0.968891,49.707026],[0.968302,49.707709],[0.968987,49.708068],[0.973632,49.709262],[0.975798,49.70728],[0.977459,49.708064],[0.977824,49.707773],[0.97952,49.708676],[0.980016,49.70831],[0.986161,49.711227],[0.986432,49.711196],[0.987813,49.711787],[0.987854,49.711928],[0.995119,49.714212],[0.996273,49.714358],[1.002663,49.717575],[1.004545,49.71796],[1.000097,49.720359],[0.998523,49.722752],[0.995087,49.726266],[0.989792,49.730238],[0.994059,49.733331],[0.992797,49.733997],[0.997376,49.737128],[0.996285,49.740366],[0.99252,49.743262],[0.997173,49.745985],[0.998313,49.745982],[1.002818,49.749718],[1.003485,49.749436],[1.008079,49.750666],[1.010204,49.751384],[1.011551,49.752038],[1.013559,49.752065],[1.014227,49.753014],[1.013993,49.753774],[1.01709,49.754842],[1.029684,49.755973],[1.040853,49.757211],[1.041386,49.758069],[1.042985,49.757862],[1.044141,49.758727],[1.043786,49.759361],[1.044756,49.759811],[1.045492,49.760143],[1.048336,49.760623],[1.048683,49.760581],[1.055153,49.756923],[1.056145,49.756574],[1.057595,49.755745],[1.060065,49.760082],[1.062125,49.764251],[1.06729,49.76551],[1.073818,49.765623],[1.074678,49.767294],[1.076457,49.767115],[1.079605,49.767075],[1.083651,49.766632],[1.085143,49.768917],[1.085602,49.768773],[1.089989,49.771296],[1.092859,49.773353],[1.094909,49.774327],[1.097834,49.771907],[1.102555,49.768679],[1.10189,49.767796],[1.100958,49.767075],[1.103196,49.765127],[1.105579,49.766344],[1.105692,49.765732],[1.106225,49.765009],[1.106525,49.763551],[1.106504,49.760882],[1.107225,49.760161],[1.107209,49.759119],[1.108104,49.758259],[1.108282,49.757573],[1.110891,49.758076],[1.113942,49.758246],[1.117027,49.757349],[1.118408,49.757153],[1.120179,49.757234],[1.121636,49.756807],[1.12229,49.756858],[1.123002,49.757162],[1.123674,49.757042],[1.121662,49.755612],[1.120529,49.75402],[1.120034,49.753854],[1.118807,49.752585],[1.119023,49.752083],[1.118659,49.751677],[1.118017,49.751477],[1.116469,49.750141],[1.115541,49.750544],[1.114686,49.750154],[1.113951,49.749424],[1.113431,49.748418],[1.113489,49.74763],[1.113919,49.746827],[1.115437,49.746486],[1.117714,49.746534],[1.118269,49.746175],[1.118607,49.745617],[1.118351,49.74483],[1.118436,49.744158],[1.118792,49.743802],[1.120186,49.743457],[1.122365,49.742176],[1.125593,49.741041],[1.126968,49.741027],[1.129622,49.739552],[1.134716,49.739308],[1.13972,49.740871],[1.140527,49.742663],[1.140573,49.742973],[1.139576,49.744436],[1.139989,49.745002],[1.139757,49.745952],[1.138373,49.748606],[1.138769,49.749705],[1.138689,49.752775],[1.14944,49.752373],[1.148883,49.749555],[1.15671,49.752104],[1.15642,49.748761],[1.158095,49.748973],[1.161262,49.750072],[1.161567,49.749176],[1.161076,49.748345],[1.162215,49.748186],[1.163424,49.748309],[1.164375,49.746784],[1.164675,49.745799],[1.164557,49.74193],[1.163204,49.737423],[1.16312,49.735671],[1.162622,49.735622],[1.164448,49.732128],[1.166215,49.731776],[1.166728,49.73023],[1.167013,49.728392],[1.170504,49.72846],[1.176016,49.729186],[1.178038,49.727187],[1.180871,49.727854],[1.181495,49.726334],[1.183468,49.726231],[1.18341,49.725754],[1.184401,49.725359],[1.185109,49.72596],[1.185608,49.725854],[1.186012,49.72618],[1.185993,49.725316],[1.185003,49.724131],[1.183528,49.722971],[1.187138,49.720236],[1.189823,49.721993],[1.18964,49.722933],[1.189103,49.723257],[1.188308,49.723473],[1.18774,49.724134],[1.188755,49.725269],[1.190026,49.725069],[1.191569,49.726206],[1.19195,49.726104],[1.193482,49.724502],[1.193919,49.724713],[1.195246,49.723759],[1.199931,49.722963],[1.200458,49.722553],[1.201551,49.722989],[1.202299,49.722139],[1.201921,49.721278],[1.203434,49.720904],[1.203632,49.720484],[1.204096,49.720331],[1.203963,49.71999],[1.204193,49.719625],[1.205024,49.71974],[1.205226,49.719607],[1.205178,49.719361],[1.206044,49.718349],[1.20277,49.71748],[1.203115,49.716544],[1.203012,49.716304],[1.202141,49.715538],[1.201213,49.715529],[1.201763,49.715007],[1.201204,49.714587],[1.202173,49.713796],[1.202368,49.71384],[1.203269,49.713333],[1.200243,49.709796],[1.200708,49.708394],[1.199516,49.70785],[1.194907,49.706796],[1.192038,49.706461],[1.191236,49.706491],[1.190325,49.706102],[1.18886,49.705842],[1.188169,49.704346],[1.186777,49.703037],[1.186228,49.702807],[1.184013,49.702742],[1.183467,49.702422],[1.182434,49.70053],[1.180959,49.699378],[1.180343,49.699247],[1.179544,49.698334],[1.177353,49.697235],[1.174528,49.696076],[1.176875,49.693944],[1.18093,49.689532],[1.181868,49.689801],[1.183327,49.686347],[1.182545,49.686116],[1.183139,49.684758],[1.181537,49.684494],[1.186368,49.678775],[1.186981,49.67923],[1.195806,49.674054],[1.198453,49.677791],[1.203618,49.675497],[1.206244,49.678389],[1.20779,49.676052],[1.209831,49.674011],[1.210489,49.672965],[1.210684,49.672456],[1.210656,49.670605],[1.211585,49.668137],[1.212293,49.664962],[1.204594,49.665231],[1.204015,49.662837],[1.202851,49.66314],[1.202639,49.659981],[1.202089,49.659977],[1.20143,49.656111],[1.201036,49.655868],[1.204183,49.653821],[1.202322,49.652861],[1.20678,49.649851],[1.202209,49.646741],[1.200307,49.645191],[1.200445,49.643403],[1.200267,49.64319],[1.20384,49.640631],[1.200709,49.640567],[1.201423,49.639536],[1.195889,49.638666],[1.195882,49.639027],[1.195398,49.639354],[1.193981,49.638952],[1.191073,49.637592],[1.186065,49.634877],[1.183887,49.63427],[1.182378,49.633397],[1.174477,49.635729],[1.173925,49.636446],[1.17406,49.637623],[1.173545,49.637975],[1.166764,49.636794],[1.166217,49.635335],[1.1637,49.630496],[1.162865,49.62777],[1.162131,49.626618],[1.161879,49.625538],[1.161968,49.624641],[1.162654,49.624025],[1.162883,49.622783],[1.164234,49.621023],[1.165033,49.618914],[1.161531,49.617855],[1.159944,49.620121],[1.158424,49.621875],[1.155619,49.619971],[1.151199,49.622217],[1.148185,49.622153],[1.149991,49.624784],[1.144756,49.626262],[1.145557,49.627265],[1.14069,49.629327],[1.140069,49.629869],[1.136505,49.6303],[1.134074,49.630876],[1.13251,49.630595],[1.132059,49.631029],[1.12867,49.630894],[1.125904,49.632988],[1.124789,49.633381],[1.121454,49.634057],[1.120221,49.634081],[1.118969,49.634297],[1.108042,49.636845],[1.10906,49.640275],[1.100487,49.640454],[1.099912,49.640497],[1.099322,49.640808],[1.096202,49.64086],[1.095634,49.641429],[1.094642,49.64186],[1.088326,49.643905],[1.082911,49.646427],[1.078316,49.645919],[1.072271,49.643903],[1.067595,49.64266],[1.06166,49.640748],[1.060793,49.640976],[1.061181,49.639246],[1.059527,49.63914],[1.057541,49.638073],[1.061368,49.636067],[1.063033,49.634857],[1.063674,49.634103],[1.063752,49.632334],[1.063981,49.631702],[1.064577,49.630753],[1.06528,49.630155],[1.066942,49.629679],[1.069188,49.629545],[1.073139,49.629014],[1.074459,49.628501],[1.074457,49.627525],[1.074088,49.627326],[1.075038,49.62654],[1.074823,49.626188],[1.070896,49.624318],[1.068991,49.623881],[1.06785,49.622956],[1.067984,49.622274],[1.066339,49.622775],[1.062785,49.625303],[1.057276,49.627934],[1.05643,49.628639],[1.056735,49.628834],[1.056244,49.629172],[1.058496,49.630941],[1.057482,49.634252],[1.057404,49.635222],[1.056876,49.635495],[1.05691,49.635813],[1.053802,49.635194],[1.047556,49.634301],[1.047151,49.632984],[1.046953,49.632788],[1.046501,49.632892],[1.046229,49.632698],[1.046982,49.632478],[1.047291,49.629548],[1.043901,49.630439],[1.04421,49.630997],[1.043088,49.631521],[1.032878,49.634219],[1.033291,49.634597],[1.034033,49.636033],[1.034314,49.636002],[1.034156,49.636269],[1.03276,49.636645],[1.033876,49.63739],[1.033843,49.63802],[1.03066,49.638673],[1.026104,49.639873],[1.028435,49.641835],[1.021009,49.643904],[1.022622,49.646338]]]}},{"type":"Feature","properties":{"uai_primary":"0762080Y","uai_all":"0762080Y","is_merged":false},"geometry":{"type":"Polygon","coordinates":[[[0.932022,49.344752],[0.930774,49.343744],[0.932092,49.345071],[0.926846,49.348874],[0.923431,49.349905],[0.923594,49.350433],[0.923439,49.351064],[0.921883,49.352195],[0.920917,49.353214],[0.921439,49.353076],[0.922441,49.352158],[0.922818,49.35237],[0.923028,49.352204],[0.924346,49.353025],[0.924073,49.353375],[0.923259,49.353696],[0.923068,49.3542],[0.922538,49.354502],[0.922893,49.355702],[0.921284,49.356075],[0.921329,49.356419],[0.921946,49.357054],[0.921538,49.357517],[0.92455,49.358936],[0.927237,49.356356],[0.929596,49.354631],[0.931082,49.353787],[0.934706,49.352245],[0.936273,49.35177],[0.938368,49.351405],[0.940089,49.351202],[0.942553,49.351145],[0.964864,49.351846],[0.968299,49.352071],[0.971516,49.352487],[0.974292,49.353012],[0.981257,49.355277],[0.983939,49.356618],[0.986473,49.358116],[0.992812,49.362672],[1.002407,49.37221],[1.004865,49.375001],[1.012001,49.371884],[1.011143,49.370999],[1.005814,49.368357],[1.003578,49.367496],[1.004121,49.365308],[1.003906,49.364916],[1.000851,49.36248],[0.999388,49.360177],[1.000989,49.360122],[1.004356,49.359301],[1.005483,49.358942],[1.006208,49.358283],[1.006862,49.358322],[1.007129,49.357931],[1.007846,49.358003],[1.007895,49.357603],[1.008219,49.357526],[1.008072,49.357354],[1.00744,49.357327],[1.007774,49.356941],[1.007314,49.35706],[1.007357,49.356684],[1.007049,49.356793],[1.006868,49.3567],[1.0066,49.356904],[1.006701,49.356561],[1.006511,49.35621],[1.008489,49.356081],[1.009083,49.355542],[1.009585,49.355472],[1.009623,49.354611],[1.009106,49.354173],[1.008932,49.353684],[1.007889,49.35376],[1.006513,49.353036],[1.006282,49.352848],[1.006202,49.352244],[1.007082,49.352214],[1.007256,49.35171],[1.007063,49.350285],[1.007634,49.348499],[1.008989,49.346164],[1.006642,49.343758],[1.005636,49.341748],[1.003341,49.340073],[1.000305,49.337519],[0.995585,49.331889],[0.982537,49.327541],[0.979973,49.326563],[0.979111,49.32702],[0.977938,49.326778],[0.958269,49.336146],[0.961599,49.339174],[0.961119,49.33921],[0.960303,49.338958],[0.959586,49.339113],[0.958977,49.33896],[0.957988,49.339291],[0.956945,49.339254],[0.951418,49.339712],[0.949081,49.340477],[0.943955,49.340218],[0.941956,49.340361],[0.940882,49.340654],[0.939112,49.341602],[0.932022,49.344752]],[[0.993082,49.349286],[0.993572,49.350482],[0.993077,49.352151],[0.992604,49.352735],[0.992061,49.351472],[0.991725,49.349691],[0.991963,49.349328],[0.993082,49.349286]],[[1.007419,49.356968],[1.007707,49.35682],[1.00748,49.356747],[1.007419,49.356968]]]}},{"type":"Feature","properties":{"uai_primary":"0762084C","uai_all":"0762084C","is_merged":false},"geometry":{"type":"Polygon","coordinates":[[[0.71478,49.410271],[0.714521,49.409979],[0.713954,49.410173],[0.711382,49.4101],[0.709734,49.410367],[0.708196,49.411057],[0.70797,49.411027],[0.707722,49.410115],[0.706858,49.409639],[0.708007,49.408748],[0.709995,49.407933],[0.708545,49.406081],[0.706708,49.404571],[0.705922,49.403129],[0.705166,49.402328],[0.702175,49.402344],[0.698472,49.402913],[0.698008,49.402693],[0.696521,49.404597],[0.695865,49.404518],[0.695358,49.405339],[0.694092,49.405553],[0.69407,49.406218],[0.693301,49.406195],[0.693377,49.405577],[0.690487,49.40651],[0.684922,49.406101],[0.678538,49.405349],[0.668739,49.403258],[0.665614,49.402214],[0.664555,49.401623],[0.661115,49.402512],[0.658799,49.404897],[0.656886,49.406151],[0.654818,49.405477],[0.652571,49.406823],[0.649411,49.409033],[0.656976,49.412451],[0.658691,49.414563],[0.660038,49.41576],[0.652373,49.421988],[0.648569,49.418828],[0.646175,49.415806],[0.644503,49.41493],[0.644442,49.415272],[0.64418,49.415093],[0.643804,49.416046],[0.643874,49.416484],[0.642867,49.417067],[0.641705,49.417424],[0.641001,49.418054],[0.640561,49.41784],[0.640265,49.417881],[0.639765,49.418044],[0.639359,49.418396],[0.639603,49.418956],[0.63985,49.418813],[0.641773,49.419619],[0.645036,49.421743],[0.64354,49.423469],[0.641914,49.422595],[0.641399,49.422957],[0.640833,49.423894],[0.645461,49.426211],[0.641003,49.427851],[0.639727,49.426664],[0.6376,49.425975],[0.637532,49.425793],[0.634497,49.423832],[0.631938,49.422465],[0.631462,49.422844],[0.630225,49.422343],[0.629869,49.422767],[0.629535,49.424779],[0.629751,49.425578],[0.630362,49.426455],[0.630348,49.427099],[0.63134,49.427679],[0.631797,49.428501],[0.633376,49.430222],[0.633468,49.431401],[0.6338,49.43213],[0.634505,49.432898],[0.634009,49.43325],[0.634222,49.433514],[0.633796,49.433867],[0.636339,49.436311],[0.636354,49.436748],[0.637649,49.437301],[0.639896,49.438763],[0.642715,49.439967],[0.643504,49.439646],[0.643812,49.44007],[0.645983,49.439452],[0.647097,49.43976],[0.648288,49.439764],[0.648701,49.438882],[0.648445,49.438085],[0.649476,49.438016],[0.649466,49.439295],[0.649085,49.439973],[0.648045,49.440456],[0.646838,49.440769],[0.646101,49.441183],[0.645535,49.441645],[0.645034,49.442589],[0.642581,49.444477],[0.65445,49.451068],[0.662379,49.457012],[0.663549,49.45861],[0.66463,49.461249],[0.665076,49.463572],[0.666419,49.475362],[0.667344,49.485854],[0.663866,49.487909],[0.658374,49.491725],[0.660495,49.494055],[0.660084,49.494654],[0.658497,49.49555],[0.659179,49.496606],[0.657641,49.497278],[0.655592,49.497565],[0.654717,49.497045],[0.653924,49.497426],[0.654067,49.497588],[0.653076,49.498117],[0.653142,49.499921],[0.654651,49.500211],[0.654532,49.501291],[0.653719,49.501969],[0.651879,49.5025],[0.650308,49.50158],[0.644468,49.501007],[0.641147,49.501321],[0.638546,49.500754],[0.635951,49.499426],[0.634524,49.499648],[0.634034,49.499483],[0.631057,49.499298],[0.62897,49.498989],[0.628856,49.4991],[0.628611,49.501704],[0.629174,49.501689],[0.63,49.503],[0.630594,49.502938],[0.630955,49.503512],[0.630845,49.505595],[0.630166,49.507132],[0.629578,49.507037],[0.629502,49.50721],[0.631168,49.5075],[0.631107,49.507796],[0.632085,49.507937],[0.63194,49.509312],[0.630848,49.509456],[0.630968,49.510654],[0.631301,49.511375],[0.627292,49.511766],[0.626981,49.51318],[0.628348,49.513268],[0.62824,49.514624],[0.627592,49.516796],[0.628956,49.517022],[0.632073,49.516089],[0.633847,49.515281],[0.634359,49.516671],[0.634161,49.517877],[0.633802,49.517852],[0.633392,49.519256],[0.633172,49.519182],[0.632347,49.520233],[0.632188,49.520181],[0.630163,49.522848],[0.628973,49.522891],[0.629094,49.523214],[0.630595,49.524717],[0.630061,49.52486],[0.630082,49.525813],[0.629377,49.525815],[0.629531,49.526977],[0.626726,49.527112],[0.626757,49.529846],[0.625804,49.529887],[0.625959,49.531378],[0.622614,49.532924],[0.620119,49.534497],[0.617585,49.535528],[0.618244,49.535965],[0.616156,49.537638],[0.613984,49.54005],[0.613255,49.541137],[0.612849,49.5422],[0.612657,49.543479],[0.615383,49.546817],[0.616346,49.547676],[0.613999,49.548384],[0.614477,49.548977],[0.617272,49.548393],[0.619253,49.548322],[0.618748,49.549374],[0.614989,49.549788],[0.615371,49.550458],[0.616697,49.550253],[0.617007,49.550878],[0.617252,49.550845],[0.617375,49.551451],[0.618776,49.551446],[0.621983,49.5511],[0.622957,49.550447],[0.623396,49.549566],[0.624169,49.549347],[0.626446,49.549348],[0.628473,49.548848],[0.629667,49.549216],[0.62964,49.549373],[0.629422,49.549205],[0.628777,49.549215],[0.627334,49.549873],[0.628372,49.550194],[0.629247,49.55258],[0.62958,49.552559],[0.629967,49.552196],[0.630368,49.552203],[0.630643,49.552593],[0.630985,49.55154],[0.631684,49.554016],[0.63143,49.554309],[0.630354,49.554769],[0.630138,49.555715],[0.631345,49.556389],[0.631635,49.556717],[0.631865,49.557997],[0.633797,49.558695],[0.636108,49.560738],[0.639322,49.562217],[0.641578,49.563511],[0.642608,49.565016],[0.64325,49.56714],[0.645143,49.569543],[0.645177,49.569859],[0.641472,49.569953],[0.641042,49.57048],[0.642166,49.572108],[0.645859,49.57178],[0.647733,49.571415],[0.649227,49.571427],[0.65238,49.571835],[0.655045,49.572715],[0.660437,49.573374],[0.660752,49.573033],[0.661078,49.571971],[0.660818,49.570615],[0.660906,49.56955],[0.661917,49.569004],[0.664711,49.568412],[0.666793,49.566903],[0.667174,49.5659],[0.666689,49.564881],[0.669698,49.565257],[0.670285,49.56892],[0.673744,49.568797],[0.673861,49.56892],[0.67453,49.570522],[0.674254,49.57136],[0.673487,49.572281],[0.674497,49.572773],[0.674644,49.573642],[0.674392,49.57458],[0.674661,49.574866],[0.677049,49.573874],[0.678121,49.573916],[0.679576,49.573187],[0.681199,49.573129],[0.680929,49.573762],[0.680804,49.575474],[0.681877,49.574973],[0.684357,49.572895],[0.686476,49.571853],[0.686471,49.569336],[0.689104,49.568522],[0.689394,49.56892],[0.690219,49.568686],[0.690041,49.568184],[0.691902,49.568366],[0.692428,49.56858],[0.695096,49.56806],[0.694882,49.567002],[0.696096,49.567077],[0.697851,49.567471],[0.698791,49.567915],[0.699867,49.567454],[0.69937,49.566394],[0.697879,49.564549],[0.698738,49.564348],[0.698938,49.563203],[0.700698,49.564691],[0.701618,49.565214],[0.702987,49.565619],[0.70315,49.565265],[0.707926,49.563351],[0.722681,49.562885],[0.727604,49.562319],[0.727808,49.562908],[0.728318,49.563114],[0.728719,49.563847],[0.72818,49.564707],[0.731508,49.564011],[0.734117,49.564552],[0.736582,49.563905],[0.739419,49.562323],[0.739792,49.561504],[0.740357,49.562084],[0.740351,49.562372],[0.741619,49.562996],[0.74323,49.562358],[0.745495,49.561724],[0.747296,49.565445],[0.74774,49.56537],[0.749173,49.56664],[0.749635,49.567268],[0.75114,49.566988],[0.752719,49.566411],[0.755179,49.567531],[0.755486,49.567184],[0.755606,49.565389],[0.756673,49.563541],[0.758821,49.56197],[0.763433,49.562894],[0.763957,49.563293],[0.764541,49.562519],[0.764322,49.561961],[0.764827,49.561696],[0.765898,49.558459],[0.76581,49.558126],[0.763586,49.558457],[0.763426,49.55779],[0.762586,49.557168],[0.762515,49.556772],[0.763676,49.555905],[0.764913,49.553882],[0.765168,49.552806],[0.764298,49.551031],[0.761497,49.549139],[0.761309,49.548481],[0.761869,49.547814],[0.762803,49.547557],[0.764372,49.547855],[0.766321,49.54886],[0.76745,49.548595],[0.767096,49.547935],[0.768378,49.547591],[0.770965,49.547624],[0.771366,49.548096],[0.771108,49.545225],[0.772093,49.544464],[0.772847,49.543025],[0.773554,49.542495],[0.774518,49.543283],[0.774896,49.543982],[0.775989,49.543959],[0.776137,49.543539],[0.776706,49.543448],[0.776679,49.543879],[0.778226,49.543565],[0.777985,49.541896],[0.778617,49.542098],[0.781124,49.541773],[0.781668,49.541488],[0.781812,49.541228],[0.781517,49.540428],[0.782495,49.539054],[0.782946,49.538788],[0.783755,49.538704],[0.784123,49.538441],[0.7853,49.534672],[0.785724,49.534953],[0.787058,49.534485],[0.787597,49.534515],[0.787674,49.535258],[0.788936,49.535779],[0.789565,49.535041],[0.791721,49.535328],[0.793311,49.534947],[0.798246,49.534834],[0.800232,49.534101],[0.801101,49.534169],[0.801106,49.533783],[0.80226,49.53382],[0.80378,49.53418],[0.804527,49.534162],[0.803344,49.532553],[0.803374,49.531934],[0.803101,49.531484],[0.804178,49.530315],[0.806169,49.529541],[0.806136,49.529242],[0.805676,49.52858],[0.804665,49.527771],[0.803752,49.526148],[0.802054,49.524517],[0.800912,49.522853],[0.800053,49.520982],[0.800644,49.520762],[0.798383,49.518621],[0.797933,49.516747],[0.798133,49.516622],[0.798067,49.514454],[0.802823,49.511722],[0.806195,49.510003],[0.806285,49.509484],[0.807655,49.507696],[0.808495,49.507169],[0.80973,49.505184],[0.808162,49.503094],[0.806008,49.502787],[0.804475,49.503256],[0.802557,49.503297],[0.799195,49.501947],[0.798044,49.500746],[0.796549,49.499609],[0.794704,49.499061],[0.793039,49.498981],[0.791016,49.497848],[0.789685,49.498796],[0.788692,49.49932],[0.78842,49.499314],[0.787543,49.499922],[0.787094,49.500767],[0.774322,49.486754],[0.77577,49.484519],[0.776969,49.483126],[0.778964,49.481346],[0.781412,49.480014],[0.784307,49.479175],[0.7978,49.47755],[0.799998,49.477176],[0.802471,49.476318],[0.804388,49.475434],[0.801924,49.471187],[0.801754,49.471255],[0.801188,49.470989],[0.791429,49.465414],[0.786617,49.462978],[0.785624,49.462227],[0.784073,49.461394],[0.788259,49.452258],[0.791376,49.444154],[0.793562,49.440181],[0.795702,49.436851],[0.794503,49.436464],[0.794733,49.436229],[0.79437,49.43609],[0.796328,49.434107],[0.797615,49.432501],[0.799691,49.427703],[0.799708,49.42731],[0.799305,49.426961],[0.79973,49.42612],[0.800323,49.426],[0.800599,49.426321],[0.800899,49.425828],[0.800767,49.423846],[0.801674,49.423858],[0.802014,49.422772],[0.80175,49.422594],[0.802071,49.422166],[0.802397,49.420829],[0.802317,49.419818],[0.803126,49.418666],[0.803112,49.417693],[0.803888,49.415784],[0.804033,49.414212],[0.804968,49.411543],[0.80285,49.412106],[0.80212,49.412889],[0.800512,49.412939],[0.800088,49.414609],[0.798383,49.416771],[0.798116,49.417528],[0.796818,49.41724],[0.789439,49.414314],[0.788107,49.413491],[0.787896,49.412892],[0.786367,49.411455],[0.785132,49.410818],[0.784568,49.410695],[0.783341,49.410745],[0.781976,49.411407],[0.779856,49.411787],[0.777684,49.413283],[0.777607,49.413627],[0.778232,49.414369],[0.774936,49.416174],[0.774952,49.416637],[0.775854,49.417542],[0.767185,49.420057],[0.764895,49.419773],[0.763458,49.419388],[0.762251,49.418208],[0.760896,49.416268],[0.759462,49.414792],[0.758144,49.414763],[0.758033,49.414283],[0.7546,49.413556],[0.753836,49.414003],[0.753319,49.414644],[0.752646,49.41463],[0.748609,49.413705],[0.748119,49.414571],[0.746736,49.414575],[0.745797,49.414378],[0.743377,49.413304],[0.742312,49.413015],[0.7436,49.409754],[0.738664,49.408165],[0.737984,49.408638],[0.736427,49.409033],[0.734656,49.409762],[0.731148,49.40957],[0.728691,49.409933],[0.725614,49.410862],[0.724115,49.41058],[0.723137,49.410629],[0.71937,49.411169],[0.718327,49.411477],[0.71682,49.411518],[0.715324,49.410775],[0.71478,49.410271]]]}},{"type":"Feature","properties":{"uai_primary":"0762085D","uai_all":"0762085D","is_merged":false},"geometry":{"type":"Polygon","coordinates":[[[0.818315,49.446403],[0.816544,49.446604],[0.815072,49.4443],[0.812526,49.441709],[0.80331,49.434865],[0.80199,49.432565],[0.80192,49.430297],[0.802671,49.427593],[0.800782,49.427149],[0.799734,49.427378],[0.797615,49.432501],[0.796328,49.434107],[0.79437,49.43609],[0.794733,49.436229],[0.794503,49.436464],[0.795702,49.436851],[0.793562,49.440181],[0.791376,49.444154],[0.788259,49.452258],[0.784073,49.461394],[0.785624,49.462227],[0.786617,49.462978],[0.791429,49.465414],[0.801188,49.470989],[0.801754,49.471255],[0.801924,49.471187],[0.804388,49.475434],[0.802471,49.476318],[0.799998,49.477176],[0.7978,49.47755],[0.784307,49.479175],[0.781412,49.480014],[0.778964,49.481346],[0.776969,49.483126],[0.77577,49.484519],[0.774322,49.486754],[0.787094,49.500767],[0.787543,49.499922],[0.78842,49.499314],[0.788692,49.49932],[0.789685,49.498796],[0.791016,49.497848],[0.793039,49.498981],[0.794704,49.499061],[0.796549,49.499609],[0.798044,49.500746],[0.799195,49.501947],[0.802557,49.503297],[0.804475,49.503256],[0.806008,49.502787],[0.808162,49.503094],[0.80973,49.505184],[0.808495,49.507169],[0.807655,49.507696],[0.806285,49.509484],[0.806195,49.510003],[0.802823,49.511722],[0.798067,49.514454],[0.798133,49.516622],[0.797933,49.516747],[0.798383,49.518621],[0.800644,49.520762],[0.800053,49.520982],[0.800912,49.522853],[0.802054,49.524517],[0.803752,49.526148],[0.804665,49.527771],[0.805676,49.52858],[0.806136,49.529242],[0.806169,49.529541],[0.804178,49.530315],[0.803101,49.531484],[0.803374,49.531934],[0.803344,49.532553],[0.804527,49.534162],[0.803302,49.534098],[0.803319,49.53482],[0.802525,49.534968],[0.802781,49.535818],[0.803949,49.535991],[0.807565,49.535582],[0.808367,49.533025],[0.810091,49.530469],[0.811623,49.529194],[0.812981,49.528439],[0.813748,49.527723],[0.81446,49.527313],[0.81512,49.527614],[0.817623,49.526253],[0.822787,49.524326],[0.817938,49.520988],[0.820632,49.519029],[0.823319,49.516757],[0.828556,49.513351],[0.832071,49.512833],[0.833921,49.512836],[0.852418,49.510587],[0.852623,49.50956],[0.853604,49.508322],[0.855642,49.506892],[0.85375,49.506402],[0.85203,49.506291],[0.851008,49.506005],[0.852194,49.504517],[0.85048,49.503786],[0.850226,49.503617],[0.850484,49.503407],[0.849852,49.50299],[0.851828,49.501772],[0.850857,49.501107],[0.851309,49.500779],[0.851478,49.500299],[0.851525,49.498618],[0.850788,49.497828],[0.850462,49.496244],[0.849283,49.495139],[0.849197,49.494613],[0.848754,49.494238],[0.848783,49.494081],[0.850162,49.493849],[0.850872,49.49348],[0.850959,49.493285],[0.849548,49.492293],[0.849222,49.491585],[0.846355,49.489508],[0.846188,49.489147],[0.846308,49.48871],[0.846932,49.48804],[0.845863,49.487088],[0.846847,49.485904],[0.845719,49.484942],[0.844488,49.48238],[0.847894,49.481875],[0.849217,49.481204],[0.852903,49.478255],[0.854987,49.47794],[0.855506,49.478218],[0.856068,49.477712],[0.856859,49.477529],[0.857351,49.477482],[0.858113,49.478332],[0.86053,49.479775],[0.861944,49.478786],[0.864217,49.480775],[0.866943,49.479643],[0.86617,49.478185],[0.865169,49.476969],[0.864273,49.476137],[0.862712,49.475415],[0.862516,49.475188],[0.861465,49.475903],[0.860764,49.47604],[0.858659,49.475517],[0.857181,49.474459],[0.858459,49.473552],[0.856543,49.472361],[0.856192,49.47243],[0.854536,49.470468],[0.854816,49.469967],[0.8546,49.469828],[0.853503,49.469539],[0.850646,49.469682],[0.850985,49.469263],[0.848351,49.468521],[0.846284,49.467598],[0.844435,49.466167],[0.849942,49.461746],[0.845898,49.458698],[0.845726,49.45875],[0.844288,49.458109],[0.841503,49.457364],[0.839688,49.457132],[0.835659,49.45601],[0.837896,49.456225],[0.838723,49.45645],[0.839074,49.456075],[0.839697,49.456204],[0.840697,49.456033],[0.841587,49.455224],[0.838929,49.454416],[0.839179,49.454071],[0.837668,49.453209],[0.837978,49.452816],[0.835432,49.4519],[0.834898,49.452734],[0.834305,49.453156],[0.83302,49.452919],[0.832836,49.451165],[0.832187,49.450759],[0.831907,49.449374],[0.832271,49.448673],[0.833363,49.447451],[0.833628,49.446829],[0.830728,49.446043],[0.824689,49.445841],[0.824667,49.446003],[0.822475,49.445985],[0.818315,49.446403]]]}},{"type":"Feature","properties":{"uai_primary":"0762086E","uai_all":"0762086E","is_merged":false},"geometry":{"type":"Polygon","coordinates":[[[1.062533,49.764419],[1.062125,49.764251],[1.060065,49.760082],[1.057595,49.755745],[1.051005,49.759214],[1.045503,49.762566],[1.044387,49.763342],[1.043096,49.765256],[1.04146,49.766803],[1.034531,49.764612],[1.03216,49.765366],[1.035052,49.766632],[1.034755,49.767393],[1.035373,49.767669],[1.034516,49.768648],[1.035191,49.769337],[1.034812,49.772791],[1.038681,49.773715],[1.038451,49.775522],[1.045638,49.777175],[1.04707,49.777289],[1.049244,49.777925],[1.051886,49.778281],[1.054714,49.778388],[1.054526,49.778497],[1.054645,49.779832],[1.055216,49.782498],[1.056565,49.782502],[1.056811,49.785638],[1.055507,49.785881],[1.055947,49.788651],[1.057129,49.789534],[1.058168,49.791179],[1.060701,49.796227],[1.058406,49.796523],[1.055785,49.796527],[1.05454,49.796776],[1.055596,49.798795],[1.053916,49.799784],[1.052829,49.800683],[1.051741,49.801062],[1.05155,49.801594],[1.045485,49.799757],[1.045057,49.800201],[1.044366,49.80006],[1.043509,49.801092],[1.039312,49.79936],[1.039059,49.79978],[1.038948,49.800809],[1.036274,49.800569],[1.031892,49.807453],[1.027648,49.805889],[1.025262,49.808848],[1.024359,49.809712],[1.025343,49.8125],[1.019094,49.813494],[1.016157,49.813378],[1.015757,49.813476],[1.015319,49.816531],[1.01541,49.817196],[1.014811,49.818904],[1.032415,49.823159],[1.031902,49.824225],[1.033639,49.824636],[1.035595,49.821378],[1.038306,49.821865],[1.036543,49.825679],[1.041408,49.826764],[1.04473,49.820607],[1.054119,49.821257],[1.054492,49.821563],[1.054667,49.825831],[1.055076,49.828836],[1.056459,49.833313],[1.056456,49.834688],[1.056244,49.834724],[1.055498,49.836286],[1.055503,49.838243],[1.055899,49.840233],[1.057932,49.844359],[1.059446,49.845456],[1.060325,49.845465],[1.061231,49.845213],[1.062822,49.844473],[1.068181,49.841708],[1.068514,49.842824],[1.069014,49.843602],[1.070886,49.844938],[1.071889,49.846],[1.073586,49.846912],[1.074206,49.846225],[1.074484,49.846142],[1.074325,49.846915],[1.074638,49.847461],[1.074539,49.847886],[1.073812,49.848213],[1.073529,49.848757],[1.076449,49.84954],[1.079185,49.850795],[1.078405,49.85147],[1.077533,49.853032],[1.079541,49.853277],[1.079683,49.853144],[1.082057,49.853477],[1.082776,49.853372],[1.084896,49.853604],[1.085431,49.853497],[1.08686,49.854324],[1.08873,49.852342],[1.089997,49.851625],[1.094805,49.852105],[1.095474,49.849751],[1.098063,49.850026],[1.099689,49.847501],[1.100939,49.846228],[1.102231,49.844367],[1.103616,49.844196],[1.107238,49.838824],[1.107753,49.838651],[1.108494,49.838775],[1.110328,49.838415],[1.111901,49.838378],[1.112656,49.836562],[1.1164,49.836604],[1.116485,49.836824],[1.124849,49.835085],[1.127187,49.836203],[1.128443,49.83496],[1.135252,49.838219],[1.130015,49.843404],[1.133555,49.844238],[1.134917,49.843967],[1.135104,49.843801],[1.138464,49.846246],[1.140645,49.847075],[1.143549,49.847736],[1.145353,49.848422],[1.147765,49.850313],[1.149034,49.85063],[1.149403,49.850895],[1.149842,49.850464],[1.151095,49.850342],[1.158952,49.853525],[1.160029,49.851279],[1.163362,49.851793],[1.164346,49.852051],[1.164961,49.852506],[1.165666,49.851856],[1.170262,49.852136],[1.170481,49.851764],[1.17126,49.851824],[1.17104,49.851156],[1.171171,49.850963],[1.170715,49.850676],[1.17072,49.850214],[1.170207,49.849948],[1.170925,49.849421],[1.170929,49.848951],[1.171374,49.848884],[1.171926,49.848108],[1.172792,49.847768],[1.172758,49.848449],[1.174331,49.848437],[1.177098,49.847719],[1.179399,49.847302],[1.180914,49.847719],[1.181651,49.848267],[1.182496,49.848302],[1.183204,49.848515],[1.183992,49.848186],[1.185423,49.848199],[1.190524,49.846037],[1.198934,49.842948],[1.201831,49.841258],[1.2022,49.840656],[1.203164,49.840342],[1.20559,49.837424],[1.20559,49.836673],[1.206924,49.83516],[1.207746,49.833231],[1.209513,49.832624],[1.210641,49.831773],[1.2128,49.831579],[1.210069,49.829432],[1.209232,49.829604],[1.20801,49.82838],[1.207945,49.8282],[1.208436,49.82798],[1.206554,49.82517],[1.206347,49.825123],[1.204936,49.825884],[1.204599,49.825769],[1.203092,49.826332],[1.202106,49.825793],[1.200408,49.826452],[1.198786,49.827432],[1.197884,49.827424],[1.196662,49.8262],[1.195284,49.825738],[1.194909,49.826408],[1.193601,49.827203],[1.195564,49.827845],[1.195859,49.828067],[1.195807,49.828698],[1.194639,49.828809],[1.193806,49.829141],[1.191508,49.829474],[1.190947,49.829739],[1.190023,49.830672],[1.188792,49.831304],[1.188799,49.831972],[1.186152,49.832432],[1.184667,49.830576],[1.184138,49.829405],[1.184018,49.82855],[1.184246,49.827744],[1.185406,49.82613],[1.185628,49.825504],[1.185255,49.823614],[1.185335,49.823121],[1.185823,49.823036],[1.185592,49.820969],[1.185871,49.820926],[1.185328,49.819997],[1.184788,49.819486],[1.185105,49.817991],[1.185671,49.817503],[1.186372,49.817195],[1.186454,49.816612],[1.187506,49.816128],[1.187321,49.815094],[1.187905,49.814426],[1.188255,49.814294],[1.18867,49.814343],[1.190324,49.814853],[1.192725,49.813034],[1.190333,49.811431],[1.190404,49.811297],[1.191385,49.810902],[1.19929,49.808642],[1.199293,49.808507],[1.193544,49.805032],[1.193689,49.804719],[1.194396,49.804142],[1.196003,49.803618],[1.195874,49.803168],[1.198038,49.802605],[1.198872,49.802523],[1.198531,49.802245],[1.198554,49.801915],[1.201478,49.802307],[1.202303,49.802258],[1.203186,49.802007],[1.203421,49.801727],[1.206422,49.800324],[1.207798,49.801088],[1.210083,49.801873],[1.211497,49.800674],[1.21417,49.798983],[1.21554,49.799813],[1.216103,49.800744],[1.216363,49.80167],[1.216822,49.802107],[1.217557,49.801963],[1.219025,49.802316],[1.222113,49.805522],[1.223664,49.805149],[1.225522,49.805075],[1.222927,49.802081],[1.220544,49.800454],[1.225327,49.797058],[1.226132,49.795771],[1.227607,49.794886],[1.22961,49.795272],[1.230228,49.795592],[1.230218,49.796041],[1.228593,49.797374],[1.229885,49.798598],[1.230865,49.80131],[1.22847,49.802366],[1.22894,49.803088],[1.229218,49.803091],[1.231331,49.802257],[1.231921,49.803834],[1.232198,49.803836],[1.233674,49.802952],[1.234029,49.802458],[1.23573,49.801362],[1.235989,49.801508],[1.237379,49.800795],[1.240325,49.798805],[1.241601,49.797694],[1.240889,49.797216],[1.241173,49.796859],[1.23809,49.795125],[1.236096,49.794299],[1.234801,49.793201],[1.234429,49.794418],[1.233937,49.794346],[1.232765,49.793721],[1.231498,49.794572],[1.231221,49.79456],[1.229718,49.793513],[1.232464,49.791694],[1.233836,49.790559],[1.23689,49.789627],[1.242792,49.786762],[1.24584,49.786925],[1.247705,49.788075],[1.248665,49.787803],[1.250112,49.786967],[1.250611,49.786999],[1.2516,49.78738],[1.252548,49.788175],[1.252934,49.787779],[1.251765,49.786124],[1.251112,49.784277],[1.251013,49.781308],[1.259093,49.78085],[1.260117,49.778871],[1.2606,49.776725],[1.261615,49.776608],[1.264109,49.775333],[1.263939,49.775851],[1.264061,49.776616],[1.264601,49.777339],[1.265013,49.777567],[1.265842,49.777664],[1.267353,49.77836],[1.26825,49.778548],[1.271576,49.778667],[1.27375,49.778954],[1.273259,49.778141],[1.277536,49.776159],[1.277825,49.775623],[1.278946,49.775041],[1.279129,49.774559],[1.283126,49.771327],[1.282112,49.76899],[1.281621,49.766272],[1.278783,49.762329],[1.2781,49.760948],[1.277715,49.760845],[1.277324,49.760415],[1.277241,49.757721],[1.267692,49.759612],[1.265795,49.75752],[1.265746,49.756533],[1.264941,49.755313],[1.262941,49.753334],[1.260099,49.754311],[1.256048,49.756169],[1.255059,49.756414],[1.253491,49.756462],[1.251169,49.757237],[1.251328,49.756623],[1.250181,49.756262],[1.249769,49.756266],[1.249405,49.755869],[1.248456,49.754099],[1.252097,49.752707],[1.252291,49.752556],[1.252226,49.751293],[1.251098,49.748399],[1.248659,49.744794],[1.252084,49.744285],[1.252239,49.744093],[1.256767,49.743818],[1.265226,49.742854],[1.264943,49.742568],[1.261415,49.740047],[1.256243,49.740439],[1.252033,49.739905],[1.245587,49.738913],[1.242189,49.737112],[1.214478,49.755445],[1.212802,49.75547],[1.212422,49.75446],[1.2116,49.754039],[1.210907,49.754033],[1.208187,49.754771],[1.205119,49.755012],[1.203434,49.754775],[1.203384,49.755041],[1.202896,49.755029],[1.202847,49.754801],[1.201928,49.754747],[1.20191,49.754503],[1.201562,49.754429],[1.199878,49.754475],[1.19908,49.754292],[1.198481,49.753949],[1.194146,49.753649],[1.193987,49.754468],[1.188204,49.754463],[1.188198,49.75427],[1.185146,49.754275],[1.183973,49.754085],[1.183389,49.754312],[1.182323,49.753936],[1.181665,49.75457],[1.180851,49.754435],[1.180672,49.754717],[1.177863,49.754521],[1.177872,49.754206],[1.176408,49.754507],[1.175081,49.75436],[1.174945,49.754269],[1.175218,49.753626],[1.174701,49.753523],[1.174717,49.753187],[1.173264,49.752906],[1.173259,49.75219],[1.175127,49.74995],[1.175209,49.749367],[1.174714,49.748387],[1.173018,49.749466],[1.172728,49.749874],[1.171694,49.749608],[1.171536,49.749845],[1.168881,49.749247],[1.16768,49.748787],[1.165752,49.748838],[1.163424,49.748309],[1.162215,49.748186],[1.161076,49.748345],[1.161567,49.749176],[1.161262,49.750072],[1.158095,49.748973],[1.15642,49.748761],[1.15671,49.752104],[1.148883,49.749555],[1.14944,49.752373],[1.138689,49.752775],[1.138769,49.749705],[1.138373,49.748606],[1.139757,49.745952],[1.139989,49.745002],[1.139576,49.744436],[1.140573,49.742973],[1.139774,49.740903],[1.134716,49.739308],[1.129622,49.739552],[1.126968,49.741027],[1.125593,49.741041],[1.122365,49.742176],[1.120186,49.743457],[1.118792,49.743802],[1.118436,49.744158],[1.118351,49.74483],[1.118607,49.745617],[1.118269,49.746175],[1.117714,49.746534],[1.115437,49.746486],[1.113919,49.746827],[1.113489,49.74763],[1.113406,49.748325],[1.113637,49.748918],[1.114624,49.750099],[1.115458,49.750545],[1.116469,49.750141],[1.118017,49.751477],[1.118659,49.751677],[1.119023,49.752083],[1.118807,49.752585],[1.120034,49.753854],[1.120529,49.75402],[1.121662,49.755612],[1.123674,49.757042],[1.123002,49.757162],[1.12229,49.756858],[1.121636,49.756807],[1.120179,49.757234],[1.118408,49.757153],[1.117027,49.757349],[1.113942,49.758246],[1.110891,49.758076],[1.108282,49.757573],[1.108104,49.758259],[1.107209,49.759119],[1.107225,49.760161],[1.106504,49.760882],[1.106525,49.763551],[1.106225,49.765009],[1.105692,49.765732],[1.105579,49.766344],[1.103196,49.765127],[1.100958,49.767075],[1.10189,49.767796],[1.102555,49.768679],[1.097834,49.771907],[1.094909,49.774327],[1.092859,49.773353],[1.089989,49.771296],[1.085602,49.768773],[1.085143,49.768917],[1.083651,49.766632],[1.079605,49.767075],[1.076457,49.767115],[1.074678,49.767294],[1.073818,49.765623],[1.06729,49.76551],[1.062533,49.764419]]]}},{"type":"Feature","properties":{"uai_primary":"0762087F","uai_all":"0762087F","is_merged":false},"geometry":{"type":"Polygon","coordinates":[[[1.184352,49.940982],[1.181881,49.941566],[1.177151,49.943228],[1.179678,49.946179],[1.185328,49.945067],[1.187118,49.941901],[1.186473,49.941245],[1.185172,49.940984],[1.184352,49.940982]],[[1.392766,50.045632],[1.392293,50.045557],[1.392299,50.045243],[1.393138,50.045025],[1.394701,50.044229],[1.395991,50.042354],[1.396551,50.042223],[1.397049,50.041643],[1.398097,50.041517],[1.402484,50.038723],[1.402558,50.038544],[1.401646,50.037554],[1.400038,50.036246],[1.400175,50.0358],[1.399062,50.035548],[1.396865,50.034488],[1.39718,50.034391],[1.399349,50.032588],[1.399921,50.032397],[1.400791,50.031703],[1.40602,50.028794],[1.403492,50.026359],[1.401855,50.024461],[1.39805,50.022223],[1.397915,50.022043],[1.398477,50.021733],[1.398982,50.020795],[1.403149,50.022317],[1.404674,50.022688],[1.404885,50.022644],[1.406329,50.019908],[1.407029,50.019734],[1.410463,50.019356],[1.410808,50.019538],[1.411345,50.020628],[1.412173,50.021084],[1.41294,50.021089],[1.41471,50.019487],[1.415124,50.019714],[1.415403,50.019717],[1.415615,50.019494],[1.417367,50.019687],[1.417568,50.020137],[1.418202,50.019783],[1.420206,50.019102],[1.419751,50.017412],[1.418772,50.015561],[1.418395,50.013499],[1.416088,50.008214],[1.416031,50.007363],[1.416868,50.003925],[1.414989,49.9996],[1.402253,49.999084],[1.403096,49.997986],[1.401583,49.997757],[1.400117,50.000723],[1.388617,49.999647],[1.388096,49.998626],[1.387585,49.996026],[1.386638,49.995045],[1.376538,49.999864],[1.378667,50.001186],[1.372212,50.004058],[1.372313,50.005395],[1.371851,50.005368],[1.371154,50.00498],[1.37081,50.005008],[1.370826,50.005111],[1.370599,50.005042],[1.367997,50.003797],[1.364501,50.007375],[1.361198,50.00607],[1.355734,50.009439],[1.350892,50.007527],[1.356863,50.004351],[1.355309,50.00373],[1.354029,50.002876],[1.351197,50.004442],[1.348149,50.002886],[1.347544,50.002435],[1.346851,50.001722],[1.346403,50.000484],[1.345137,49.999725],[1.344482,49.99965],[1.342764,49.999845],[1.34151,50.000294],[1.340089,50.000254],[1.339175,49.999758],[1.340035,49.999295],[1.339738,49.998188],[1.339862,49.997472],[1.341276,49.996309],[1.341703,49.995586],[1.342492,49.995497],[1.342556,49.994685],[1.341821,49.994699],[1.341256,49.994426],[1.341121,49.9942],[1.341421,49.993789],[1.338558,49.991545],[1.337498,49.991189],[1.336764,49.990754],[1.335879,49.989389],[1.335717,49.98864],[1.335862,49.988561],[1.335291,49.986523],[1.333624,49.985927],[1.332868,49.986481],[1.33232,49.985619],[1.329374,49.985565],[1.328582,49.985706],[1.326372,49.985587],[1.323781,49.983122],[1.32408,49.982137],[1.324866,49.981066],[1.323468,49.97981],[1.32313,49.979926],[1.32056,49.978375],[1.319573,49.977304],[1.320471,49.976949],[1.319777,49.975837],[1.318607,49.976094],[1.318951,49.976558],[1.314532,49.97882],[1.313567,49.977511],[1.308731,49.978971],[1.305583,49.979638],[1.306023,49.981977],[1.308059,49.985156],[1.306571,49.985451],[1.303039,49.985286],[1.303074,49.985425],[1.307949,49.989809],[1.308987,49.990193],[1.310424,49.990994],[1.310766,49.990846],[1.312094,49.991943],[1.311402,49.992409],[1.310506,49.991913],[1.309835,49.992532],[1.310141,49.992762],[1.30919,49.993102],[1.307105,49.991464],[1.305874,49.990859],[1.304128,49.989588],[1.30043,49.992012],[1.29933,49.992565],[1.300829,49.994236],[1.296038,49.997659],[1.295715,49.997537],[1.294845,49.996354],[1.293959,49.996872],[1.289693,49.995254],[1.285405,49.992197],[1.281925,49.990653],[1.28163,49.989627],[1.274741,49.982665],[1.273209,49.98194],[1.272085,49.979508],[1.27203,49.978769],[1.269148,49.975943],[1.267873,49.973963],[1.264145,49.971926],[1.258633,49.971082],[1.256902,49.970357],[1.254635,49.968203],[1.246483,49.961173],[1.242347,49.962442],[1.240845,49.970196],[1.245558,49.974676],[1.245988,49.975333],[1.244957,49.976575],[1.242874,49.978048],[1.24214,49.978391],[1.242215,49.979241],[1.241959,49.980383],[1.241356,49.981726],[1.241405,49.982844],[1.237705,49.984211],[1.235322,49.987259],[1.233862,49.988677],[1.235302,49.989619],[1.237065,49.99036],[1.239181,49.991612],[1.240717,49.992328],[1.241534,49.992481],[1.242857,49.99332],[1.243564,49.993438],[1.244252,49.994087],[1.247308,49.99561],[1.248859,49.996703],[1.249577,49.996906],[1.25087,49.997722],[1.25145,49.997874],[1.253691,49.99965],[1.254334,50.000429],[1.256643,50.00182],[1.259524,50.003936],[1.26271,50.00576],[1.263453,50.006443],[1.264985,50.007175],[1.265421,50.007611],[1.269787,50.010394],[1.272639,50.012099],[1.273068,50.012213],[1.274403,50.013233],[1.276054,50.013908],[1.279482,50.015978],[1.279858,50.015999],[1.280618,50.01662],[1.284499,50.018941],[1.287005,50.020727],[1.288183,50.02184],[1.290237,50.022887],[1.292723,50.024805],[1.294362,50.025466],[1.298448,50.028254],[1.299972,50.029056],[1.301982,50.029605],[1.306648,50.031695],[1.311164,50.033029],[1.31206,50.033326],[1.312522,50.033711],[1.31265,50.03364],[1.313256,50.033868],[1.314676,50.034749],[1.316869,50.036727],[1.317728,50.03639],[1.318518,50.036702],[1.322922,50.03978],[1.325079,50.042052],[1.327587,50.04433],[1.329094,50.046022],[1.330352,50.045599],[1.330951,50.04589],[1.331574,50.046475],[1.333896,50.047535],[1.335043,50.04831],[1.335627,50.048402],[1.337875,50.049411],[1.342343,50.051502],[1.344609,50.052741],[1.346076,50.053107],[1.350132,50.054527],[1.356505,50.057478],[1.358271,50.057843],[1.35904,50.057786],[1.362179,50.058874],[1.364299,50.06044],[1.368211,50.063768],[1.368444,50.063719],[1.369299,50.064225],[1.368964,50.064729],[1.371762,50.062127],[1.371549,50.062017],[1.371525,50.061688],[1.372349,50.061007],[1.37466,50.060261],[1.37505,50.060403],[1.375316,50.06031],[1.375197,50.060171],[1.376947,50.06],[1.377012,50.060154],[1.37663,50.060188],[1.376644,50.060435],[1.375434,50.060402],[1.375094,50.060519],[1.375974,50.061488],[1.377205,50.061669],[1.377124,50.062189],[1.375957,50.06187],[1.373941,50.062552],[1.372962,50.062318],[1.370301,50.064443],[1.37151,50.064289],[1.37301,50.063105],[1.373327,50.063072],[1.377351,50.064035],[1.38052,50.065721],[1.380962,50.065736],[1.381622,50.065722],[1.380218,50.064917],[1.380641,50.064372],[1.383011,50.064059],[1.385229,50.064002],[1.38655,50.061372],[1.388514,50.061166],[1.392487,50.060828],[1.393194,50.061669],[1.392232,50.062708],[1.392036,50.063171],[1.392224,50.063526],[1.393887,50.064173],[1.396316,50.06427],[1.396721,50.064177],[1.397544,50.063349],[1.396304,50.062169],[1.395871,50.061223],[1.395838,50.060572],[1.396111,50.059856],[1.397318,50.058289],[1.398371,50.057871],[1.398833,50.057864],[1.399634,50.058145],[1.40036,50.058697],[1.400787,50.058709],[1.401694,50.058401],[1.402663,50.057533],[1.403406,50.057198],[1.405981,50.05711],[1.408163,50.057269],[1.409162,50.056903],[1.40938,50.056092],[1.409047,50.054421],[1.405479,50.056063],[1.403867,50.054578],[1.404838,50.053976],[1.406241,50.053448],[1.407664,50.05216],[1.406503,50.051343],[1.405019,50.052259],[1.39874,50.053424],[1.395821,50.053663],[1.389251,50.055496],[1.38729,50.053253],[1.389632,50.052403],[1.389268,50.052262],[1.392557,50.051326],[1.392818,50.051629],[1.397323,50.050671],[1.399767,50.05058],[1.399663,50.050343],[1.399979,50.050272],[1.399305,50.049918],[1.399417,50.049822],[1.398223,50.048963],[1.396,50.049338],[1.395806,50.049251],[1.393357,50.04673],[1.392766,50.045632]]]}},{"type":"Feature","properties":{"uai_primary":"0762089H","uai_all":"0762089H","is_merged":false},"geometry":{"type":"Polygon","coordinates":[[[0.974662,49.38843],[0.982524,49.414192],[0.98274,49.414378],[0.991881,49.408687],[0.994991,49.401495],[0.996761,49.401209],[1.00101,49.399327],[1.002938,49.399567],[1.005286,49.40049],[1.006687,49.400612],[1.006734,49.400227],[1.007538,49.400278],[1.005992,49.39638],[1.005147,49.395731],[1.004774,49.394929],[1.006035,49.39525],[1.007944,49.39604],[1.011443,49.39702],[1.009905,49.385727],[1.008634,49.380842],[1.007068,49.377876],[1.005419,49.375613],[1.002407,49.37221],[0.992812,49.362672],[0.990501,49.360935],[0.986473,49.358116],[0.983939,49.356618],[0.981257,49.355277],[0.974292,49.353012],[0.97333,49.352766],[0.968299,49.352071],[0.964864,49.351846],[0.941956,49.351142],[0.940089,49.351202],[0.936273,49.35177],[0.932878,49.352943],[0.931082,49.353787],[0.929596,49.354631],[0.927237,49.356356],[0.923358,49.36002],[0.921235,49.36265],[0.920356,49.364087],[0.919614,49.365484],[0.918335,49.369719],[0.917253,49.376438],[0.917128,49.378361],[0.917883,49.385376],[0.921258,49.395815],[0.924426,49.404507],[0.928159,49.408891],[0.930725,49.412821],[0.934401,49.411337],[0.941893,49.409405],[0.941722,49.409115],[0.94132,49.409223],[0.940992,49.408783],[0.942847,49.408328],[0.94351,49.409045],[0.94775,49.408057],[0.947872,49.408312],[0.948235,49.408214],[0.948372,49.408382],[0.948773,49.408306],[0.948031,49.406662],[0.948818,49.406664],[0.949587,49.406354],[0.950227,49.406407],[0.952564,49.405735],[0.95564,49.405299],[0.95586,49.403301],[0.95504,49.402753],[0.955269,49.40255],[0.96138,49.3983],[0.974662,49.38843]],[[1.02635,49.439479],[1.026147,49.43908],[1.025793,49.43915],[1.026032,49.439453],[1.025587,49.439773],[1.025673,49.439847],[1.02635,49.439479]],[[1.021779,49.448982],[1.021581,49.449017],[1.022017,49.449479],[1.022042,49.449192],[1.021779,49.448982]],[[1.021562,49.450411],[1.021254,49.450795],[1.020843,49.450769],[1.020288,49.451146],[1.020673,49.451561],[1.02162,49.451782],[1.022001,49.451602],[1.022214,49.451282],[1.022037,49.450917],[1.022558,49.450478],[1.022291,49.450155],[1.022541,49.449677],[1.0221,49.449486],[1.021562,49.450411]],[[1.036754,49.462173],[1.040098,49.459456],[1.040212,49.45671],[1.041648,49.455282],[1.041989,49.454393],[1.041889,49.453287],[1.04289,49.451825],[1.042992,49.451221],[1.042674,49.450889],[1.040622,49.450297],[1.039601,49.44943],[1.039997,49.449016],[1.039898,49.448003],[1.042075,49.446835],[1.041629,49.446035],[1.038973,49.446916],[1.038312,49.446949],[1.037226,49.448096],[1.036685,49.448254],[1.036755,49.448379],[1.036168,49.449074],[1.034878,49.44861],[1.034922,49.448357],[1.034596,49.448117],[1.033766,49.447696],[1.033433,49.447708],[1.033712,49.448298],[1.033262,49.4495],[1.031673,49.449487],[1.031411,49.449584],[1.031219,49.450032],[1.031425,49.450657],[1.032332,49.451331],[1.03262,49.451952],[1.032219,49.45223],[1.031465,49.452265],[1.030241,49.451657],[1.030277,49.45145],[1.029375,49.450986],[1.029169,49.450544],[1.028534,49.450403],[1.028537,49.450135],[1.027771,49.449588],[1.027156,49.449788],[1.026295,49.449794],[1.026294,49.450382],[1.02596,49.450562],[1.025535,49.450448],[1.025623,49.450257],[1.025197,49.449977],[1.025009,49.450382],[1.025435,49.450661],[1.024716,49.451323],[1.024471,49.451401],[1.024086,49.451157],[1.023447,49.451342],[1.022415,49.451245],[1.022463,49.45184],[1.021671,49.451854],[1.021619,49.452162],[1.021303,49.452026],[1.020704,49.452183],[1.020418,49.451832],[1.019731,49.45177],[1.019846,49.447673],[1.020635,49.4476],[1.021096,49.447232],[1.021672,49.447085],[1.020955,49.446597],[1.014591,49.445225],[1.012524,49.444963],[1.009591,49.445088],[0.99158,49.44503],[0.978528,49.456737],[0.977444,49.45793],[0.971171,49.462681],[0.970196,49.463241],[0.972964,49.463672],[0.974654,49.464809],[0.975536,49.466202],[0.978962,49.467287],[0.980488,49.468935],[0.983193,49.470402],[0.983302,49.470596],[0.98294,49.471246],[0.982868,49.471877],[0.983796,49.473087],[0.984813,49.473706],[0.988183,49.474985],[0.995221,49.471181],[1.002413,49.470054],[1.008698,49.469243],[1.011328,49.467318],[1.012617,49.468305],[1.013565,49.467603],[1.012483,49.466646],[1.019506,49.461709],[1.01929,49.465207],[1.030989,49.465465],[1.033033,49.465688],[1.037553,49.465693],[1.038074,49.464172],[1.036754,49.462173]],[[1.035254,49.452455],[1.034953,49.452211],[1.035893,49.451941],[1.036295,49.451978],[1.035861,49.452305],[1.035254,49.452455]],[[1.039856,49.46709],[1.039908,49.467224],[1.03823,49.468377],[1.038083,49.469342],[1.040231,49.469472],[1.04059,49.469693],[1.040435,49.4687],[1.040645,49.467443],[1.040305,49.466282],[1.039856,49.46709]]]}},{"type":"Feature","properties":{"uai_primary":"0762090J","uai_all":"0762090J","is_merged":false},"geometry":{"type":"Polygon","coordinates":[[[1.095542,49.524841],[1.094089,49.52519],[1.095313,49.52634],[1.096065,49.528257],[1.095359,49.528039],[1.094776,49.528047],[1.09179,49.528494],[1.090307,49.528212],[1.089737,49.52777],[1.089244,49.527611],[1.088382,49.527617],[1.08671,49.528104],[1.084165,49.529903],[1.082694,49.530056],[1.080545,49.530637],[1.076456,49.529524],[1.075597,49.529722],[1.073977,49.530511],[1.071,49.531591],[1.070293,49.531621],[1.069089,49.531321],[1.067732,49.531185],[1.066822,49.531251],[1.066194,49.531468],[1.064792,49.530842],[1.063498,49.532132],[1.062682,49.532658],[1.061488,49.535058],[1.061453,49.535849],[1.060408,49.537353],[1.060024,49.537059],[1.059082,49.537283],[1.059014,49.538401],[1.059407,49.538749],[1.058973,49.538848],[1.059334,49.540227],[1.05667,49.539582],[1.055041,49.538125],[1.054396,49.538159],[1.054285,49.537934],[1.054545,49.537663],[1.052968,49.536746],[1.052357,49.536136],[1.052189,49.535097],[1.051959,49.534839],[1.0507,49.535461],[1.04797,49.535154],[1.047793,49.534575],[1.047984,49.534464],[1.047135,49.534321],[1.045831,49.534563],[1.04468,49.535665],[1.043998,49.535978],[1.041222,49.536651],[1.03972,49.536717],[1.037021,49.537637],[1.033163,49.540196],[1.032366,49.540447],[1.027775,49.536303],[1.027527,49.534707],[1.026869,49.533658],[1.026034,49.53309],[1.025432,49.53301],[1.025296,49.534442],[1.02569,49.53666],[1.025483,49.537462],[1.027346,49.539102],[1.036422,49.545257],[1.036118,49.545469],[1.034164,49.545102],[1.033051,49.544874],[1.030984,49.544168],[1.028711,49.545116],[1.029748,49.54614],[1.033632,49.549223],[1.036155,49.55012],[1.035553,49.551156],[1.034844,49.551798],[1.031647,49.553643],[1.029947,49.556143],[1.029777,49.556725],[1.029905,49.557414],[1.030258,49.557296],[1.030366,49.557432],[1.033808,49.556223],[1.03546,49.558578],[1.035804,49.560148],[1.041745,49.558524],[1.046007,49.556317],[1.047426,49.560868],[1.051658,49.559567],[1.054183,49.56485],[1.052704,49.565209],[1.051063,49.56591],[1.052544,49.568089],[1.053453,49.567356],[1.05561,49.566105],[1.056442,49.565222],[1.056801,49.564534],[1.058492,49.563056],[1.060172,49.561988],[1.062276,49.559719],[1.067234,49.55622],[1.068113,49.555853],[1.068877,49.555817],[1.071275,49.556205],[1.072333,49.556224],[1.076288,49.555921],[1.078473,49.555496],[1.079162,49.555548],[1.078997,49.556633],[1.078215,49.557569],[1.077242,49.560074],[1.07737,49.560479],[1.079088,49.563596],[1.079692,49.564286],[1.082493,49.565527],[1.083172,49.565983],[1.084174,49.565509],[1.087065,49.563474],[1.086251,49.562568],[1.083198,49.561302],[1.087366,49.557634],[1.092949,49.558221],[1.093815,49.556961],[1.095016,49.557159],[1.09517,49.556487],[1.096686,49.556637],[1.097143,49.556058],[1.099013,49.556723],[1.101034,49.556814],[1.102499,49.557043],[1.105161,49.557007],[1.110376,49.558848],[1.112122,49.559231],[1.117687,49.558996],[1.120243,49.559385],[1.122809,49.560517],[1.125263,49.561284],[1.126347,49.561961],[1.126003,49.562817],[1.126042,49.563305],[1.1254,49.564726],[1.1255,49.565123],[1.126374,49.564856],[1.129059,49.564978],[1.130328,49.565423],[1.131197,49.565996],[1.132992,49.566271],[1.132905,49.56543],[1.134076,49.565576],[1.136125,49.566963],[1.13889,49.568352],[1.141324,49.57],[1.146205,49.572542],[1.146608,49.572918],[1.144765,49.574197],[1.141898,49.575801],[1.140478,49.57709],[1.139755,49.579108],[1.138731,49.580685],[1.139799,49.581191],[1.139222,49.581741],[1.137229,49.580799],[1.135348,49.582702],[1.14246,49.5851],[1.14808,49.585308],[1.148885,49.585444],[1.152763,49.588947],[1.154811,49.587806],[1.15609,49.587311],[1.161929,49.593329],[1.167564,49.592559],[1.167495,49.592871],[1.174156,49.593212],[1.170872,49.586457],[1.173101,49.586953],[1.177396,49.586128],[1.17733,49.585743],[1.177799,49.584508],[1.177226,49.582391],[1.177236,49.579464],[1.177663,49.578929],[1.179488,49.578519],[1.180237,49.578145],[1.181399,49.577014],[1.181815,49.575789],[1.181803,49.575411],[1.181306,49.574859],[1.181358,49.57295],[1.182928,49.572076],[1.183266,49.572196],[1.183602,49.572131],[1.185405,49.570148],[1.18684,49.569401],[1.189212,49.568597],[1.190726,49.568586],[1.190247,49.567227],[1.190261,49.566644],[1.18819,49.56357],[1.185431,49.560346],[1.18513,49.559365],[1.184801,49.559116],[1.184576,49.55848],[1.185031,49.55769],[1.18491,49.557419],[1.183084,49.557544],[1.181886,49.557824],[1.179675,49.557767],[1.176897,49.558457],[1.175354,49.55847],[1.173776,49.559557],[1.172865,49.559723],[1.171786,49.558589],[1.171408,49.556969],[1.170578,49.557096],[1.170171,49.556793],[1.16712,49.557604],[1.166214,49.557356],[1.164649,49.558243],[1.164595,49.558008],[1.16378,49.557883],[1.159999,49.558141],[1.15992,49.558375],[1.159341,49.558476],[1.159313,49.558892],[1.157394,49.558495],[1.15711,49.558867],[1.155486,49.558498],[1.154961,49.559363],[1.153826,49.558269],[1.153366,49.558074],[1.152159,49.557059],[1.151763,49.556393],[1.151552,49.555403],[1.151559,49.55469],[1.152491,49.553931],[1.152623,49.553487],[1.151619,49.551737],[1.150267,49.54804],[1.151339,49.546515],[1.152184,49.545804],[1.152255,49.544525],[1.151388,49.543316],[1.149567,49.541355],[1.149474,49.539565],[1.149015,49.538422],[1.147312,49.536316],[1.146932,49.534589],[1.145294,49.533457],[1.144414,49.532986],[1.142938,49.5328],[1.142715,49.532625],[1.141683,49.532612],[1.139031,49.532085],[1.137123,49.532066],[1.133597,49.531299],[1.131058,49.53127],[1.130263,49.530842],[1.128868,49.529297],[1.125276,49.526725],[1.122921,49.526084],[1.119797,49.525814],[1.115266,49.523922],[1.111077,49.523116],[1.107974,49.523015],[1.105669,49.523173],[1.102982,49.522877],[1.099936,49.522987],[1.096947,49.523878],[1.095542,49.524841]]]}},{"type":"Feature","properties":{"uai_primary":"0762091K","uai_all":"0762091K","is_merged":false},"geometry":{"type":"Polygon","coordinates":[[[1.095924,49.437904],[1.095852,49.437755],[1.095793,49.438013],[1.095924,49.437904]],[[1.096072,49.434435],[1.094555,49.435169],[1.09406,49.436322],[1.095853,49.436563],[1.096078,49.437127],[1.095647,49.437557],[1.096077,49.437737],[1.096209,49.437485],[1.096832,49.438694],[1.096253,49.438881],[1.096889,49.438954],[1.09699,49.439078],[1.096848,49.439831],[1.097377,49.44],[1.098348,49.44199],[1.097787,49.442772],[1.097474,49.44267],[1.097186,49.442891],[1.098351,49.443573],[1.098154,49.444022],[1.098747,49.444082],[1.099038,49.444273],[1.099206,49.443897],[1.099606,49.445206],[1.099857,49.44522],[1.099763,49.445366],[1.099213,49.445467],[1.09938,49.44563],[1.099813,49.445562],[1.100193,49.446122],[1.100787,49.445836],[1.10019,49.446212],[1.100329,49.446517],[1.100168,49.446805],[1.100894,49.44715],[1.100164,49.447392],[1.100314,49.447648],[1.099929,49.448087],[1.099532,49.448182],[1.099642,49.448316],[1.099349,49.448664],[1.099612,49.448693],[1.099412,49.449182],[1.09964,49.449352],[1.098961,49.449911],[1.098533,49.451113],[1.098317,49.451224],[1.098532,49.451526],[1.09817,49.451636],[1.097881,49.451972],[1.09805,49.45209],[1.097454,49.452888],[1.09782,49.453167],[1.098334,49.453261],[1.098459,49.452995],[1.098953,49.453112],[1.099273,49.452824],[1.101597,49.452217],[1.102189,49.452217],[1.104596,49.453668],[1.106031,49.454984],[1.106246,49.45484],[1.106513,49.454966],[1.107709,49.455765],[1.10995,49.456841],[1.110259,49.456842],[1.109725,49.456164],[1.110696,49.456383],[1.111728,49.456334],[1.112928,49.45677],[1.114307,49.45627],[1.11387,49.45596],[1.110956,49.454957],[1.110009,49.454228],[1.108622,49.452463],[1.108789,49.45236],[1.109171,49.452449],[1.109939,49.45291],[1.109987,49.451863],[1.110533,49.451223],[1.112832,49.449785],[1.113535,49.449523],[1.115863,49.450908],[1.11621,49.450073],[1.116644,49.449677],[1.118636,49.449275],[1.118924,49.449298],[1.119244,49.449558],[1.119985,49.450855],[1.122062,49.449662],[1.122057,49.449103],[1.123135,49.448268],[1.122474,49.447347],[1.121545,49.447249],[1.121248,49.446453],[1.121608,49.445998],[1.123229,49.446509],[1.123794,49.446314],[1.125428,49.447211],[1.125971,49.447011],[1.126014,49.446609],[1.126513,49.446652],[1.126645,49.447236],[1.127104,49.447039],[1.1265,49.446068],[1.126575,49.445949],[1.127128,49.445929],[1.127233,49.44552],[1.127644,49.445359],[1.127693,49.445027],[1.128148,49.444972],[1.128125,49.444593],[1.128643,49.444451],[1.128591,49.444207],[1.128091,49.443909],[1.129084,49.442926],[1.129045,49.441946],[1.129568,49.441493],[1.12895,49.441338],[1.129099,49.441133],[1.128374,49.440891],[1.128207,49.440691],[1.12855,49.440403],[1.128995,49.440445],[1.129266,49.44099],[1.129719,49.441012],[1.129904,49.441193],[1.130071,49.442419],[1.130403,49.442853],[1.130824,49.443029],[1.132414,49.443002],[1.13166,49.441602],[1.130459,49.440683],[1.130334,49.440308],[1.129933,49.439994],[1.133917,49.439388],[1.135832,49.439239],[1.137044,49.438927],[1.136434,49.437728],[1.137392,49.437531],[1.138228,49.437033],[1.139402,49.436902],[1.138674,49.436793],[1.137898,49.436896],[1.137675,49.435977],[1.138452,49.435904],[1.138728,49.436654],[1.140656,49.436484],[1.140498,49.436101],[1.142699,49.435764],[1.144124,49.435389],[1.144092,49.435013],[1.144653,49.434867],[1.141535,49.434173],[1.138594,49.434007],[1.138573,49.433697],[1.138329,49.433654],[1.138202,49.433061],[1.142225,49.433384],[1.142179,49.432882],[1.141657,49.432741],[1.142816,49.43257],[1.144028,49.431716],[1.143338,49.431201],[1.1422,49.432015],[1.141476,49.432221],[1.140037,49.432327],[1.139925,49.43271],[1.135379,49.432451],[1.135405,49.432092],[1.133082,49.431818],[1.129902,49.431768],[1.130052,49.432184],[1.129912,49.432336],[1.129381,49.432516],[1.129249,49.432735],[1.128539,49.43278],[1.128363,49.432961],[1.125818,49.432675],[1.121444,49.43296],[1.121418,49.432807],[1.120258,49.433089],[1.118209,49.433035],[1.117585,49.433345],[1.117279,49.433098],[1.116689,49.433165],[1.116742,49.433572],[1.116039,49.433633],[1.114912,49.433312],[1.11421,49.433899],[1.114157,49.433525],[1.11396,49.433518],[1.113736,49.433966],[1.113543,49.43399],[1.112175,49.433947],[1.110729,49.433679],[1.10927,49.434143],[1.109046,49.434035],[1.109564,49.433299],[1.110864,49.432384],[1.114175,49.430737],[1.112609,49.428767],[1.112051,49.428534],[1.111,49.428388],[1.110512,49.427404],[1.110086,49.425472],[1.10746,49.425543],[1.106553,49.42536],[1.105335,49.427563],[1.104739,49.428016],[1.103667,49.428469],[1.103747,49.42971],[1.102276,49.430253],[1.10064,49.430391],[1.100555,49.43114],[1.097926,49.43291],[1.097797,49.433569],[1.097029,49.434115],[1.096072,49.434435]],[[1.098194,49.440736],[1.097995,49.440868],[1.098194,49.440736]],[[1.100399,49.448157],[1.099989,49.448093],[1.100446,49.44794],[1.100703,49.448258],[1.100541,49.448327],[1.100399,49.448157]],[[1.099291,49.444717],[1.099391,49.444603],[1.09922,49.444545],[1.099097,49.44474],[1.099291,49.444717]],[[1.12238,49.389224],[1.122322,49.387649],[1.118453,49.387547],[1.117887,49.399498],[1.117324,49.405307],[1.115964,49.407138],[1.115693,49.408862],[1.114519,49.411225],[1.113115,49.413328],[1.110566,49.420565],[1.11055,49.422199],[1.113915,49.422822],[1.11484,49.423137],[1.115871,49.421429],[1.117201,49.421589],[1.117953,49.421394],[1.118053,49.4206],[1.118893,49.419657],[1.120466,49.419411],[1.120506,49.418844],[1.120052,49.418582],[1.11998,49.418284],[1.120309,49.417567],[1.12097,49.416862],[1.122105,49.416247],[1.125878,49.416402],[1.126366,49.416846],[1.127003,49.416986],[1.127623,49.416626],[1.128432,49.416448],[1.128407,49.415978],[1.126716,49.415812],[1.127366,49.41514],[1.127215,49.415071],[1.127807,49.414282],[1.127088,49.413888],[1.127579,49.413539],[1.128333,49.413648],[1.128898,49.412026],[1.125781,49.410467],[1.126813,49.409546],[1.126846,49.408311],[1.127373,49.406628],[1.127167,49.405837],[1.131227,49.407103],[1.13264,49.40721],[1.133521,49.407068],[1.133377,49.406796],[1.134191,49.406495],[1.134259,49.406637],[1.134722,49.406402],[1.135171,49.40611],[1.135108,49.405861],[1.136101,49.405756],[1.135491,49.405334],[1.135051,49.404689],[1.13494,49.404935],[1.133906,49.404097],[1.135185,49.403706],[1.140927,49.404728],[1.141211,49.404538],[1.141668,49.404519],[1.141798,49.404285],[1.144067,49.405112],[1.144054,49.404792],[1.143046,49.404281],[1.142383,49.403417],[1.141949,49.403346],[1.142203,49.402896],[1.142502,49.402875],[1.142263,49.402353],[1.141994,49.402659],[1.140418,49.400667],[1.140316,49.400152],[1.139891,49.399702],[1.138989,49.399349],[1.139894,49.398101],[1.141568,49.397792],[1.141691,49.397388],[1.144367,49.397123],[1.144473,49.396485],[1.14138,49.395273],[1.139979,49.394932],[1.138564,49.395014],[1.137736,49.394196],[1.135698,49.395991],[1.13415,49.39701],[1.133051,49.397117],[1.130985,49.396649],[1.129296,49.395851],[1.129007,49.395366],[1.129021,49.394522],[1.131497,49.393468],[1.132093,49.392688],[1.128826,49.392143],[1.12879,49.391541],[1.126931,49.391454],[1.126912,49.391175],[1.126344,49.39074],[1.122441,49.3908],[1.12238,49.389224]]]}},{"type":"Feature","properties":{"uai_primary":"0762093M","uai_all":"0762093M","is_merged":false},"geometry":{"type":"Polygon","coordinates":[[[1.044839,49.407062],[1.045073,49.407015],[1.045189,49.406504],[1.044976,49.406315],[1.04446,49.406298],[1.044839,49.407062]],[[1.02512,49.414225],[1.024181,49.415087],[1.024157,49.416613],[1.02382,49.416981],[1.026977,49.419572],[1.028017,49.421329],[1.025388,49.421971],[1.024376,49.421413],[1.020593,49.418361],[1.019144,49.418607],[1.021623,49.422975],[1.023852,49.426085],[1.026527,49.428984],[1.028944,49.431253],[1.030543,49.429833],[1.033179,49.428563],[1.034841,49.429723],[1.037991,49.427404],[1.039454,49.426042],[1.043431,49.428674],[1.046225,49.4257],[1.047557,49.423988],[1.046638,49.423571],[1.048237,49.422086],[1.051022,49.423365],[1.051581,49.422522],[1.051855,49.419881],[1.052228,49.4186],[1.054612,49.41628],[1.061487,49.410539],[1.061719,49.410536],[1.061571,49.410298],[1.061086,49.410324],[1.059878,49.409829],[1.059132,49.409836],[1.058876,49.409437],[1.058389,49.409177],[1.058254,49.408781],[1.057716,49.408588],[1.057555,49.40904],[1.056248,49.409627],[1.055589,49.4101],[1.054627,49.410449],[1.053722,49.41045],[1.054341,49.40918],[1.054301,49.408914],[1.053816,49.408675],[1.053888,49.408361],[1.054458,49.408344],[1.054926,49.408117],[1.055419,49.40726],[1.055478,49.406604],[1.054239,49.40603],[1.052508,49.406339],[1.051771,49.40666],[1.050972,49.406653],[1.050422,49.406803],[1.049489,49.406683],[1.048844,49.407165],[1.047824,49.407],[1.047684,49.40737],[1.04735,49.407512],[1.046823,49.407515],[1.046122,49.407862],[1.045517,49.407779],[1.044182,49.408453],[1.043317,49.408448],[1.042302,49.409009],[1.040265,49.409547],[1.0384,49.409725],[1.038072,49.409329],[1.035283,49.409278],[1.034838,49.409467],[1.03242,49.40953],[1.032148,49.409936],[1.031327,49.410472],[1.02999,49.410761],[1.029843,49.411625],[1.02944,49.412153],[1.027875,49.41245],[1.026738,49.413421],[1.02512,49.414225]]]}},{"type":"Feature","properties":{"uai_primary":"0762107C","uai_all":"0762107C","is_merged":false},"geometry":{"type":"Polygon","coordinates":[[[1.603384,49.707796],[1.602995,49.707882],[1.608393,49.710384],[1.603764,49.712636],[1.601511,49.714061],[1.599839,49.715416],[1.600541,49.715816],[1.603953,49.717012],[1.605478,49.717723],[1.606578,49.717805],[1.604303,49.719098],[1.592596,49.726848],[1.594511,49.728565],[1.594858,49.728478],[1.597128,49.729774],[1.596226,49.730287],[1.595183,49.730533],[1.594996,49.730792],[1.595413,49.731096],[1.596318,49.731395],[1.59624,49.732287],[1.597065,49.733001],[1.596399,49.733257],[1.597091,49.734102],[1.596829,49.734149],[1.5973,49.736152],[1.599131,49.736746],[1.600636,49.736699],[1.601338,49.736893],[1.60325,49.73862],[1.604219,49.738984],[1.604697,49.739677],[1.606225,49.739624],[1.607507,49.73928],[1.610189,49.739099],[1.609207,49.740852],[1.607075,49.743242],[1.606259,49.744479],[1.608424,49.744822],[1.608696,49.744774],[1.609081,49.744313],[1.610851,49.744717],[1.610094,49.746122],[1.610581,49.74623],[1.610655,49.746378],[1.610065,49.74749],[1.611038,49.747651],[1.610467,49.74987],[1.599013,49.749693],[1.598907,49.748693],[1.592439,49.748615],[1.591877,49.749776],[1.590241,49.749802],[1.589757,49.749518],[1.590698,49.747356],[1.58828,49.746892],[1.583338,49.74435],[1.583096,49.74458],[1.58042,49.744668],[1.578047,49.744191],[1.578049,49.743614],[1.578537,49.742421],[1.575759,49.741828],[1.574829,49.741213],[1.572953,49.743103],[1.574569,49.744383],[1.573745,49.745936],[1.574395,49.746253],[1.573452,49.747003],[1.571618,49.746832],[1.571708,49.746961],[1.570293,49.746874],[1.570403,49.747315],[1.57239,49.747484],[1.572539,49.747586],[1.572232,49.747934],[1.571642,49.748223],[1.570611,49.748448],[1.56817,49.748693],[1.567499,49.748007],[1.566012,49.74823],[1.565863,49.748109],[1.56499,49.748505],[1.562925,49.749038],[1.561802,49.748786],[1.561534,49.749415],[1.563115,49.750085],[1.563304,49.750507],[1.562575,49.75145],[1.563367,49.752781],[1.56443,49.75259],[1.564623,49.752711],[1.565502,49.754029],[1.5663,49.754336],[1.565956,49.754805],[1.566584,49.755565],[1.567925,49.756465],[1.56807,49.756838],[1.567142,49.75808],[1.56804,49.758802],[1.570347,49.759547],[1.568546,49.761956],[1.564899,49.765391],[1.562242,49.766244],[1.558808,49.767043],[1.555621,49.768005],[1.552379,49.768624],[1.553989,49.770452],[1.553815,49.770639],[1.554247,49.770804],[1.555081,49.771631],[1.554867,49.7718],[1.554524,49.771808],[1.554794,49.77228],[1.555799,49.773053],[1.555564,49.77395],[1.554108,49.77394],[1.55278,49.77465],[1.552139,49.775724],[1.551012,49.776839],[1.552456,49.777621],[1.552523,49.7778],[1.549378,49.779441],[1.550605,49.780796],[1.550882,49.780798],[1.553464,49.779737],[1.554871,49.78011],[1.554868,49.791886],[1.567219,49.789297],[1.621367,49.802014],[1.612932,49.818435],[1.613745,49.818261],[1.615088,49.818411],[1.616019,49.817054],[1.61789,49.815502],[1.619757,49.815756],[1.620951,49.81543],[1.621735,49.815427],[1.62517,49.816669],[1.626791,49.81929],[1.627945,49.820225],[1.628272,49.820752],[1.629838,49.824716],[1.630477,49.825826],[1.632419,49.827355],[1.634626,49.828275],[1.635315,49.828773],[1.635656,49.829134],[1.634818,49.829488],[1.636682,49.830262],[1.637168,49.830265],[1.639153,49.827134],[1.63973,49.826644],[1.640497,49.826378],[1.642371,49.826299],[1.644239,49.826803],[1.645707,49.826004],[1.64663,49.826488],[1.648747,49.828067],[1.648171,49.828467],[1.648053,49.829974],[1.650737,49.830781],[1.656748,49.819228],[1.659287,49.821704],[1.662351,49.82285],[1.664891,49.823384],[1.665391,49.823337],[1.665747,49.822635],[1.667398,49.822745],[1.668176,49.821244],[1.668603,49.820904],[1.670254,49.820923],[1.670259,49.820585],[1.671977,49.820296],[1.673928,49.820636],[1.676009,49.820548],[1.68076,49.821198],[1.683155,49.821105],[1.684219,49.821534],[1.684265,49.821817],[1.689873,49.823868],[1.691902,49.824345],[1.694722,49.825251],[1.694711,49.827938],[1.684673,49.8278],[1.683796,49.829517],[1.684661,49.829785],[1.687766,49.830315],[1.695033,49.830918],[1.694917,49.834112],[1.694603,49.834084],[1.694567,49.835185],[1.694772,49.835297],[1.694478,49.836585],[1.695571,49.837036],[1.70028,49.838194],[1.699964,49.840959],[1.692835,49.838706],[1.691939,49.840006],[1.690506,49.843203],[1.689802,49.843208],[1.686401,49.842598],[1.682901,49.841044],[1.681537,49.840064],[1.680049,49.839472],[1.677239,49.838752],[1.675294,49.838541],[1.67272,49.838043],[1.669111,49.837781],[1.668738,49.83944],[1.670884,49.839901],[1.670808,49.840359],[1.671499,49.840586],[1.672124,49.840546],[1.672266,49.840322],[1.674152,49.840557],[1.676917,49.841469],[1.676984,49.841605],[1.674855,49.842346],[1.675097,49.842916],[1.674752,49.8445],[1.67385,49.845421],[1.674983,49.845883],[1.676902,49.846023],[1.678673,49.845974],[1.678723,49.846697],[1.67664,49.846685],[1.676684,49.847628],[1.680428,49.847725],[1.682005,49.84767],[1.682944,49.847453],[1.682372,49.852839],[1.68436,49.852503],[1.684601,49.853965],[1.689543,49.854171],[1.689615,49.853902],[1.690428,49.853931],[1.69107,49.854179],[1.691903,49.854184],[1.694338,49.853793],[1.69739,49.854078],[1.698627,49.855171],[1.703024,49.854445],[1.703498,49.855023],[1.706404,49.856745],[1.707175,49.858495],[1.715443,49.858442],[1.715245,49.859627],[1.716776,49.860976],[1.717568,49.861103],[1.717318,49.861497],[1.720043,49.861855],[1.720176,49.859709],[1.719964,49.85785],[1.720139,49.857201],[1.719799,49.856786],[1.719164,49.854897],[1.71883,49.853182],[1.719653,49.851745],[1.720037,49.851444],[1.720369,49.850067],[1.71913,49.849668],[1.718193,49.849654],[1.717356,49.848896],[1.717151,49.848235],[1.717569,49.847474],[1.719434,49.847725],[1.719556,49.847239],[1.721327,49.846356],[1.721996,49.846472],[1.723316,49.846241],[1.724035,49.845928],[1.724636,49.846],[1.725041,49.845534],[1.725792,49.845235],[1.725488,49.844711],[1.725556,49.844352],[1.724438,49.842705],[1.724775,49.842288],[1.72489,49.841242],[1.725871,49.841124],[1.726229,49.840381],[1.725911,49.839589],[1.726282,49.838797],[1.725729,49.838391],[1.726315,49.837908],[1.725547,49.837447],[1.725495,49.836355],[1.725904,49.835783],[1.726716,49.835638],[1.727164,49.835221],[1.726955,49.834809],[1.726113,49.834192],[1.72531,49.833061],[1.725273,49.832593],[1.726108,49.831528],[1.726394,49.831423],[1.7267,49.830556],[1.72746,49.830085],[1.7274,49.82949],[1.727022,49.829273],[1.727205,49.829019],[1.727064,49.828218],[1.727348,49.828113],[1.728047,49.826814],[1.7284,49.826866],[1.72873,49.825998],[1.728472,49.82555],[1.729015,49.824984],[1.729449,49.824856],[1.729852,49.824011],[1.72909,49.823821],[1.729281,49.823629],[1.729692,49.823564],[1.73012,49.822957],[1.729691,49.822759],[1.729603,49.822477],[1.729778,49.821609],[1.729896,49.821465],[1.730648,49.821426],[1.730576,49.82107],[1.731292,49.819844],[1.732548,49.818667],[1.733815,49.817048],[1.73225,49.816242],[1.732598,49.815496],[1.733624,49.815155],[1.733826,49.814914],[1.733576,49.813895],[1.73406,49.812413],[1.734496,49.81226],[1.734887,49.811761],[1.73521,49.811726],[1.735457,49.811],[1.735243,49.810611],[1.737557,49.807677],[1.738115,49.807841],[1.738822,49.807089],[1.740538,49.807613],[1.740704,49.807315],[1.741318,49.807063],[1.741919,49.80708],[1.742136,49.806377],[1.742605,49.806216],[1.742782,49.805803],[1.74374,49.805298],[1.743757,49.804756],[1.74306,49.804422],[1.743427,49.803861],[1.743816,49.803552],[1.746406,49.80329],[1.746243,49.801049],[1.746517,49.800644],[1.746196,49.800424],[1.746259,49.80013],[1.745485,49.799967],[1.745205,49.799521],[1.744887,49.799462],[1.744965,49.798974],[1.744673,49.799025],[1.744549,49.798864],[1.744867,49.798645],[1.745843,49.798506],[1.745766,49.797949],[1.746398,49.798016],[1.745982,49.797604],[1.746693,49.797296],[1.746575,49.797097],[1.746817,49.79667],[1.746621,49.796319],[1.747477,49.796244],[1.74822,49.796002],[1.749952,49.794891],[1.750546,49.794083],[1.750917,49.793885],[1.751945,49.793873],[1.752426,49.793389],[1.752658,49.79269],[1.75224,49.792258],[1.753569,49.791655],[1.753731,49.791194],[1.753958,49.791156],[1.754109,49.790551],[1.754453,49.790398],[1.754524,49.789541],[1.754907,49.789198],[1.754993,49.788281],[1.755582,49.787903],[1.755666,49.787611],[1.75653,49.787103],[1.757494,49.78612],[1.75754,49.785303],[1.758369,49.783274],[1.757688,49.781087],[1.758195,49.780439],[1.758327,49.780328],[1.759176,49.780461],[1.759216,49.780289],[1.761193,49.779793],[1.762326,49.780122],[1.765406,49.77897],[1.767447,49.778014],[1.768569,49.77769],[1.77109,49.778034],[1.771824,49.777881],[1.772831,49.777425],[1.773558,49.77739],[1.772253,49.776954],[1.772584,49.77604],[1.7731,49.775627],[1.774634,49.775117],[1.776161,49.77352],[1.776526,49.773253],[1.776695,49.773369],[1.777257,49.772469],[1.778048,49.771765],[1.779129,49.770857],[1.779657,49.77072],[1.780502,49.770143],[1.779493,49.76829],[1.781167,49.767574],[1.782066,49.765647],[1.783385,49.764784],[1.784419,49.763663],[1.784775,49.762095],[1.785892,49.762124],[1.78672,49.761959],[1.78542,49.761343],[1.785552,49.761072],[1.78442,49.760704],[1.784689,49.758475],[1.783776,49.758299],[1.785108,49.757813],[1.790886,49.757607],[1.791529,49.755932],[1.793471,49.755193],[1.794015,49.754724],[1.793545,49.754371],[1.792918,49.754205],[1.789767,49.754119],[1.790015,49.753482],[1.789489,49.753323],[1.789851,49.751798],[1.786678,49.751594],[1.785116,49.751221],[1.787002,49.747275],[1.78825,49.743992],[1.78918,49.744262],[1.789664,49.743294],[1.789169,49.74314],[1.789889,49.742224],[1.789624,49.742126],[1.790222,49.741458],[1.791319,49.740827],[1.795247,49.735977],[1.796231,49.736542],[1.796373,49.736288],[1.796179,49.733256],[1.797155,49.729954],[1.797097,49.729538],[1.798497,49.728423],[1.796034,49.727055],[1.790908,49.730549],[1.789785,49.73067],[1.789026,49.731478],[1.787132,49.732604],[1.786953,49.732854],[1.78568,49.733312],[1.785743,49.733874],[1.785027,49.733969],[1.782185,49.735172],[1.781029,49.735067],[1.780717,49.733842],[1.778653,49.73387],[1.773553,49.733516],[1.772856,49.730876],[1.766443,49.731798],[1.764036,49.732501],[1.765221,49.735294],[1.764134,49.735159],[1.764379,49.736338],[1.761111,49.736893],[1.759413,49.736953],[1.758716,49.73728],[1.757818,49.737322],[1.757609,49.737589],[1.75435,49.737314],[1.75058,49.736548],[1.74885,49.737472],[1.745885,49.738736],[1.740685,49.738282],[1.739405,49.736651],[1.736556,49.73596],[1.735725,49.737794],[1.734821,49.73771],[1.735665,49.734972],[1.731052,49.733876],[1.729489,49.733341],[1.72571,49.731727],[1.72324,49.730173],[1.719576,49.730583],[1.714864,49.733238],[1.713516,49.734166],[1.713095,49.734176],[1.712139,49.732715],[1.711932,49.731121],[1.712706,49.728166],[1.713345,49.722139],[1.714305,49.720646],[1.714672,49.717754],[1.714259,49.715139],[1.714807,49.714023],[1.715176,49.711242],[1.715555,49.71104],[1.715625,49.710629],[1.715282,49.708796],[1.71371,49.705769],[1.71271,49.704989],[1.705515,49.707252],[1.701756,49.702751],[1.692531,49.696738],[1.688852,49.695311],[1.689192,49.694955],[1.688934,49.693944],[1.690382,49.693982],[1.691454,49.693326],[1.691248,49.693156],[1.691902,49.693154],[1.69177,49.692737],[1.695456,49.690625],[1.697858,49.688487],[1.697682,49.688399],[1.698547,49.687651],[1.701986,49.685383],[1.70263,49.684333],[1.704841,49.682375],[1.7052,49.681303],[1.713532,49.682424],[1.715516,49.683095],[1.717408,49.684313],[1.717802,49.684738],[1.720102,49.689549],[1.721902,49.691581],[1.72361,49.692807],[1.723654,49.69342],[1.724246,49.694069],[1.72724,49.695299],[1.729323,49.696856],[1.730783,49.697755],[1.732688,49.698459],[1.733374,49.699095],[1.736993,49.699994],[1.73722,49.700331],[1.738061,49.70085],[1.739825,49.70144],[1.741011,49.701528],[1.743476,49.702391],[1.743216,49.700288],[1.743648,49.698915],[1.744283,49.698988],[1.745159,49.698118],[1.751011,49.695237],[1.751139,49.69443],[1.750824,49.693885],[1.750326,49.693575],[1.749612,49.693474],[1.748912,49.692696],[1.74957,49.691063],[1.750126,49.690704],[1.750111,49.689777],[1.750609,49.689328],[1.750876,49.688098],[1.750226,49.686914],[1.750292,49.685916],[1.751166,49.683714],[1.752182,49.682622],[1.752366,49.680692],[1.749697,49.68017],[1.747075,49.680084],[1.74574,49.679729],[1.7401,49.677219],[1.733799,49.673901],[1.730958,49.673331],[1.72288,49.672346],[1.722653,49.671207],[1.723296,49.66954],[1.722876,49.668063],[1.722006,49.666453],[1.722642,49.66207],[1.721917,49.659581],[1.721136,49.658219],[1.719603,49.65663],[1.71547,49.655955],[1.714496,49.655349],[1.712786,49.654818],[1.712382,49.653777],[1.712532,49.653304],[1.712311,49.651469],[1.711697,49.650233],[1.70965,49.648244],[1.70849,49.646356],[1.705778,49.645475],[1.700548,49.644928],[1.698452,49.644507],[1.697262,49.644731],[1.694298,49.646297],[1.689607,49.649649],[1.687587,49.650806],[1.685458,49.653035],[1.673845,49.663543],[1.665843,49.669259],[1.660598,49.67248],[1.656495,49.67586],[1.652685,49.680187],[1.647518,49.684532],[1.646409,49.684038],[1.637995,49.681688],[1.633909,49.679657],[1.630232,49.678372],[1.627916,49.678016],[1.624702,49.677287],[1.627657,49.681896],[1.620922,49.687074],[1.618031,49.686727],[1.616326,49.686352],[1.614837,49.6863],[1.612393,49.687812],[1.611632,49.687808],[1.61039,49.687531],[1.609877,49.688605],[1.611335,49.689288],[1.610884,49.690722],[1.610052,49.690807],[1.608312,49.691515],[1.607581,49.69234],[1.608975,49.693549],[1.610006,49.694093],[1.612419,49.694782],[1.614078,49.695707],[1.613933,49.695963],[1.61529,49.696425],[1.614793,49.69721],[1.612501,49.696431],[1.611646,49.700443],[1.610651,49.70151],[1.610077,49.701394],[1.609216,49.702731],[1.608656,49.702685],[1.608348,49.7032],[1.607447,49.703205],[1.607415,49.703598],[1.606173,49.703409],[1.605692,49.704314],[1.605624,49.70717],[1.603384,49.707796]]]}},{"type":"Feature","properties":{"uai_primary":"0762123V","uai_all":"0762123V","is_merged":false},"geometry":{"type":"Polygon","coordinates":[[[0.892258,49.716084],[0.886804,49.713853],[0.887174,49.711965],[0.878231,49.710096],[0.874219,49.709641],[0.867244,49.709241],[0.867169,49.707488],[0.860652,49.707613],[0.859055,49.707785],[0.85388,49.707676],[0.854514,49.706779],[0.852522,49.704986],[0.853995,49.704269],[0.8505,49.701636],[0.848564,49.70051],[0.849979,49.699536],[0.847788,49.6968],[0.84736,49.695358],[0.847708,49.695273],[0.846894,49.692334],[0.844221,49.690487],[0.843617,49.690785],[0.842869,49.688908],[0.842035,49.688987],[0.841597,49.68838],[0.84051,49.688637],[0.840608,49.689024],[0.837509,49.689648],[0.836007,49.68739],[0.832669,49.688755],[0.830482,49.68734],[0.832825,49.685625],[0.82759,49.681659],[0.82538,49.68216],[0.823785,49.679799],[0.823465,49.679889],[0.823189,49.679507],[0.821411,49.679924],[0.821576,49.6789],[0.821183,49.678082],[0.820013,49.677216],[0.819077,49.676213],[0.818683,49.676374],[0.818246,49.675908],[0.817516,49.676172],[0.817373,49.67595],[0.815873,49.676365],[0.815443,49.675763],[0.813879,49.676217],[0.812789,49.675784],[0.81294,49.675721],[0.812485,49.674809],[0.808451,49.667939],[0.807841,49.667994],[0.806396,49.671627],[0.803391,49.676885],[0.800073,49.676974],[0.797231,49.6768],[0.798822,49.67922],[0.800948,49.681128],[0.798322,49.685713],[0.797481,49.685845],[0.79759,49.686211],[0.79353,49.687423],[0.79058,49.688808],[0.788625,49.689443],[0.788605,49.689745],[0.787688,49.690062],[0.787813,49.690563],[0.785594,49.691664],[0.782011,49.694139],[0.781358,49.693972],[0.776556,49.691224],[0.772982,49.693028],[0.770942,49.691479],[0.770697,49.691427],[0.770061,49.691706],[0.769585,49.691679],[0.768402,49.690939],[0.767867,49.690349],[0.767616,49.689537],[0.767278,49.689263],[0.766177,49.689024],[0.765049,49.689236],[0.764792,49.688833],[0.764875,49.688589],[0.765812,49.688341],[0.765594,49.688086],[0.766306,49.687772],[0.765497,49.687032],[0.764912,49.685986],[0.764931,49.685361],[0.764286,49.683824],[0.764016,49.68382],[0.762933,49.682157],[0.762489,49.682179],[0.761578,49.67994],[0.759536,49.680327],[0.758285,49.679282],[0.757245,49.679875],[0.756181,49.679465],[0.755999,49.67963],[0.754257,49.677176],[0.753858,49.677288],[0.752625,49.675349],[0.755694,49.674414],[0.754992,49.673406],[0.755096,49.673205],[0.75314,49.673],[0.748187,49.669998],[0.748574,49.669731],[0.744315,49.667457],[0.743853,49.667758],[0.742613,49.666207],[0.742296,49.663704],[0.740701,49.661607],[0.739544,49.659407],[0.727924,49.665701],[0.728359,49.666078],[0.723004,49.669077],[0.722653,49.668773],[0.72028,49.671708],[0.719455,49.671493],[0.716436,49.674794],[0.713488,49.67816],[0.712585,49.679922],[0.713037,49.680024],[0.714658,49.681955],[0.713745,49.682649],[0.712725,49.683925],[0.712216,49.684248],[0.713493,49.685644],[0.714232,49.685501],[0.714477,49.686827],[0.716066,49.689747],[0.717764,49.690045],[0.717704,49.688846],[0.719812,49.689201],[0.720252,49.689065],[0.720579,49.688352],[0.719839,49.687125],[0.720739,49.686367],[0.723862,49.685736],[0.724378,49.68624],[0.722355,49.686891],[0.724193,49.689215],[0.724911,49.689288],[0.725003,49.690183],[0.726025,49.690475],[0.728512,49.689142],[0.730376,49.689687],[0.730672,49.690548],[0.732259,49.691571],[0.732741,49.691667],[0.733749,49.692668],[0.734721,49.692613],[0.735077,49.693629],[0.733529,49.693994],[0.733492,49.694142],[0.732512,49.694599],[0.73222,49.694998],[0.7318,49.696005],[0.731852,49.698785],[0.729782,49.701652],[0.72977,49.70202],[0.730436,49.702882],[0.729868,49.703323],[0.731523,49.705726],[0.731171,49.705901],[0.731417,49.706892],[0.728963,49.707398],[0.726391,49.707435],[0.725088,49.707249],[0.721924,49.707733],[0.717619,49.709409],[0.714764,49.709516],[0.71062,49.710559],[0.706419,49.710386],[0.705956,49.709995],[0.705302,49.710196],[0.701449,49.708763],[0.703052,49.708498],[0.704462,49.708011],[0.703813,49.707386],[0.699954,49.70748],[0.698242,49.706463],[0.697075,49.706429],[0.696627,49.706251],[0.695444,49.707204],[0.691822,49.707193],[0.691382,49.708266],[0.691226,49.707562],[0.689402,49.706007],[0.688863,49.706973],[0.688133,49.707368],[0.68979,49.708221],[0.689196,49.70943],[0.689312,49.709898],[0.688116,49.709951],[0.687309,49.710224],[0.687152,49.710485],[0.683667,49.712918],[0.683005,49.714327],[0.683699,49.714417],[0.68398,49.716809],[0.683606,49.717577],[0.683652,49.718019],[0.684424,49.71858],[0.685528,49.719881],[0.686792,49.720258],[0.687803,49.720231],[0.688662,49.719751],[0.689104,49.719052],[0.68986,49.718424],[0.690237,49.718433],[0.69242,49.719704],[0.693316,49.720742],[0.692627,49.720928],[0.693737,49.721339],[0.693517,49.721482],[0.694443,49.72235],[0.699136,49.725562],[0.699834,49.72514],[0.700559,49.724941],[0.702594,49.725286],[0.70449,49.72401],[0.705978,49.723782],[0.70667,49.723534],[0.707105,49.723817],[0.708123,49.722948],[0.708573,49.722186],[0.710612,49.722386],[0.71129,49.722937],[0.710893,49.723255],[0.71239,49.724609],[0.713321,49.725997],[0.714018,49.725889],[0.714783,49.728245],[0.715832,49.728044],[0.716239,49.729591],[0.713263,49.730539],[0.713437,49.731032],[0.706144,49.732265],[0.705962,49.731959],[0.704217,49.73219],[0.703491,49.732213],[0.703335,49.732093],[0.703107,49.732417],[0.704634,49.734575],[0.702822,49.734885],[0.700332,49.73496],[0.69901,49.735218],[0.694835,49.73649],[0.693438,49.737146],[0.695655,49.740119],[0.697623,49.742],[0.697991,49.743149],[0.697976,49.743859],[0.698609,49.745348],[0.698218,49.746031],[0.69598,49.747778],[0.695879,49.74889],[0.699437,49.749778],[0.705382,49.746978],[0.705743,49.747248],[0.707984,49.746669],[0.707338,49.745536],[0.711111,49.743782],[0.711914,49.744933],[0.71028,49.745272],[0.710711,49.74586],[0.708883,49.746291],[0.709242,49.746922],[0.708751,49.7475],[0.709132,49.748147],[0.709399,49.748281],[0.714684,49.747975],[0.713937,49.747118],[0.713597,49.743885],[0.713735,49.743701],[0.715464,49.743544],[0.716202,49.743609],[0.715528,49.741963],[0.715546,49.741138],[0.718077,49.740553],[0.721485,49.740532],[0.724022,49.739668],[0.725275,49.739505],[0.725286,49.739146],[0.72626,49.738979],[0.726339,49.738711],[0.730211,49.737874],[0.730381,49.738254],[0.733445,49.73731],[0.733723,49.737805],[0.736094,49.736404],[0.73737,49.738204],[0.737938,49.738014],[0.739703,49.739436],[0.74005,49.73944],[0.74097,49.738824],[0.742236,49.739475],[0.743683,49.738224],[0.744487,49.73916],[0.747119,49.738444],[0.7475,49.73873],[0.747823,49.739497],[0.745883,49.739517],[0.745805,49.740021],[0.749694,49.739868],[0.749754,49.739412],[0.751503,49.739856],[0.752367,49.739545],[0.753756,49.738586],[0.75396,49.738679],[0.754293,49.738926],[0.753728,49.739066],[0.753393,49.739489],[0.7541,49.740383],[0.754907,49.74219],[0.75617,49.743854],[0.756335,49.7459],[0.755989,49.746195],[0.754848,49.746953],[0.752223,49.748225],[0.750895,49.749676],[0.749837,49.750466],[0.748138,49.750962],[0.745766,49.751222],[0.744559,49.751989],[0.743761,49.752826],[0.741588,49.754022],[0.740631,49.754108],[0.740106,49.753933],[0.738447,49.752505],[0.737684,49.75254],[0.733807,49.754658],[0.733033,49.756226],[0.733063,49.756648],[0.733371,49.756822],[0.733859,49.756841],[0.734276,49.758011],[0.734623,49.75836],[0.735534,49.758302],[0.735443,49.759171],[0.737353,49.763532],[0.739742,49.767823],[0.740012,49.767862],[0.740422,49.768671],[0.741125,49.7718],[0.742689,49.771638],[0.743124,49.773657],[0.743775,49.7736],[0.743528,49.774354],[0.743402,49.776833],[0.751497,49.778618],[0.753081,49.778393],[0.753091,49.778196],[0.754853,49.778412],[0.755839,49.778809],[0.757653,49.779241],[0.761265,49.779882],[0.761462,49.78346],[0.767146,49.781883],[0.766861,49.782556],[0.769596,49.783143],[0.770588,49.781477],[0.771599,49.781728],[0.774571,49.776108],[0.773175,49.774513],[0.774137,49.766416],[0.784597,49.766568],[0.785242,49.769083],[0.788622,49.76918],[0.788846,49.76956],[0.795803,49.769558],[0.79575,49.770803],[0.794452,49.773201],[0.793313,49.777237],[0.792757,49.778414],[0.793077,49.783457],[0.792846,49.788027],[0.788808,49.793018],[0.791109,49.794946],[0.79826,49.799158],[0.803279,49.795586],[0.804799,49.79404],[0.806204,49.792198],[0.806824,49.790795],[0.806249,49.79015],[0.811239,49.786174],[0.812844,49.785223],[0.812609,49.784756],[0.817779,49.783738],[0.817785,49.783515],[0.821846,49.78368],[0.825765,49.784121],[0.82589,49.782415],[0.833001,49.783084],[0.838738,49.784564],[0.838723,49.784066],[0.841263,49.784728],[0.843171,49.782149],[0.847343,49.783069],[0.847845,49.783568],[0.852366,49.784669],[0.854956,49.785112],[0.855313,49.78328],[0.855509,49.783239],[0.854202,49.778199],[0.85463,49.776164],[0.856064,49.772587],[0.85747,49.772589],[0.858766,49.772296],[0.859537,49.77152],[0.858887,49.771146],[0.860176,49.770047],[0.864354,49.769605],[0.865624,49.771201],[0.867155,49.772366],[0.871305,49.77625],[0.870864,49.776546],[0.872603,49.778975],[0.873525,49.778101],[0.877645,49.780021],[0.881482,49.781442],[0.882959,49.78141],[0.882688,49.780493],[0.88293,49.778858],[0.882826,49.778189],[0.881511,49.774577],[0.880362,49.772418],[0.882096,49.771657],[0.881626,49.770637],[0.883771,49.770109],[0.883175,49.768757],[0.882626,49.76669],[0.880968,49.764057],[0.881362,49.763124],[0.881236,49.757284],[0.887036,49.756628],[0.887853,49.75744],[0.89346,49.755993],[0.894032,49.757164],[0.903249,49.755287],[0.903497,49.754756],[0.90683,49.755418],[0.910732,49.746432],[0.908632,49.746358],[0.906458,49.745533],[0.906629,49.744026],[0.908971,49.740819],[0.908575,49.740568],[0.911184,49.736922],[0.911886,49.738846],[0.914586,49.738079],[0.915091,49.737637],[0.914558,49.736104],[0.913914,49.736283],[0.913024,49.733334],[0.913741,49.733253],[0.912743,49.731712],[0.915076,49.730546],[0.916795,49.731823],[0.918911,49.730891],[0.922199,49.729856],[0.922085,49.729665],[0.922717,49.729423],[0.921787,49.728906],[0.917927,49.727688],[0.920409,49.726172],[0.927022,49.721218],[0.926268,49.72094],[0.921773,49.718285],[0.920149,49.71772],[0.919572,49.718927],[0.918058,49.718323],[0.914137,49.716494],[0.914636,49.716058],[0.913936,49.715614],[0.914224,49.715275],[0.910627,49.713584],[0.908714,49.714221],[0.904904,49.714981],[0.906063,49.713568],[0.896167,49.714048],[0.896191,49.710724],[0.890153,49.710688],[0.889804,49.712038],[0.894157,49.714114],[0.892258,49.716084]]]}},{"type":"Feature","properties":{"uai_primary":"0762125X","uai_all":"0762125X","is_merged":false},"geometry":{"type":"Polygon","coordinates":[[[0.972696,49.919043],[0.975858,49.91862],[0.979852,49.918631],[0.983373,49.917942],[0.985579,49.917759],[0.986311,49.917557],[0.986459,49.917664],[0.987706,49.917463],[0.989618,49.917327],[0.990742,49.917393],[0.991424,49.917232],[0.99355,49.917141],[0.99844,49.917361],[0.999797,49.917177],[1.004151,49.917225],[1.006189,49.916703],[1.007647,49.916745],[1.007784,49.916484],[1.0081,49.91639],[1.011951,49.916334],[1.014692,49.915983],[1.015968,49.916092],[1.01677,49.91583],[1.019769,49.915698],[1.022254,49.915856],[1.025184,49.916368],[1.034851,49.918627],[1.034989,49.918801],[1.035137,49.918652],[1.035655,49.918707],[1.039975,49.92001],[1.041633,49.918912],[1.04223,49.91881],[1.043179,49.918947],[1.045689,49.920064],[1.046282,49.92013],[1.046552,49.919552],[1.046351,49.91919],[1.048636,49.917379],[1.049186,49.917225],[1.057369,49.90984],[1.059528,49.910655],[1.060959,49.909592],[1.059604,49.909358],[1.062187,49.907296],[1.061177,49.906781],[1.063214,49.905512],[1.063582,49.905406],[1.063542,49.905588],[1.066762,49.906896],[1.066436,49.907304],[1.070911,49.907817],[1.072412,49.908601],[1.073931,49.905629],[1.074945,49.904496],[1.074932,49.901398],[1.077149,49.902231],[1.076875,49.900924],[1.077345,49.898844],[1.079927,49.899994],[1.080927,49.898882],[1.083631,49.896889],[1.085133,49.895198],[1.086071,49.893771],[1.085733,49.893408],[1.088144,49.893156],[1.088771,49.891949],[1.086953,49.890505],[1.087864,49.889996],[1.090056,49.889539],[1.090692,49.888652],[1.092501,49.887534],[1.094736,49.885731],[1.095789,49.885271],[1.096521,49.884578],[1.098339,49.883651],[1.101294,49.878821],[1.098175,49.877938],[1.098994,49.875693],[1.100305,49.873237],[1.100033,49.872965],[1.113774,49.859519],[1.11882,49.861552],[1.120817,49.859591],[1.124005,49.860909],[1.124665,49.863654],[1.131244,49.859209],[1.131804,49.858681],[1.132096,49.858192],[1.131813,49.856413],[1.133015,49.85606],[1.132496,49.853513],[1.138614,49.851586],[1.138472,49.851162],[1.136578,49.850572],[1.137795,49.849203],[1.139853,49.84999],[1.141864,49.849006],[1.141675,49.848625],[1.137754,49.847194],[1.137,49.846782],[1.136193,49.845688],[1.136892,49.845205],[1.135104,49.843801],[1.134917,49.843967],[1.133555,49.844238],[1.130015,49.843404],[1.135252,49.838219],[1.128443,49.83496],[1.127187,49.836203],[1.124849,49.835085],[1.116485,49.836824],[1.1164,49.836604],[1.112656,49.836562],[1.111901,49.838378],[1.110328,49.838415],[1.108494,49.838775],[1.107753,49.838651],[1.107238,49.838824],[1.103616,49.844196],[1.102231,49.844367],[1.100939,49.846228],[1.099689,49.847501],[1.098063,49.850026],[1.095474,49.849751],[1.094805,49.852105],[1.089997,49.851625],[1.08873,49.852342],[1.08686,49.854324],[1.085431,49.853497],[1.084896,49.853604],[1.082776,49.853372],[1.082057,49.853477],[1.079683,49.853144],[1.079541,49.853277],[1.077533,49.853032],[1.078405,49.85147],[1.079185,49.850795],[1.076449,49.84954],[1.073529,49.848757],[1.073812,49.848213],[1.074539,49.847886],[1.074638,49.847461],[1.074325,49.846915],[1.074484,49.846142],[1.074206,49.846225],[1.073586,49.846912],[1.071889,49.846],[1.070886,49.844938],[1.069014,49.843602],[1.068514,49.842824],[1.068181,49.841708],[1.066107,49.842882],[1.061231,49.845213],[1.060325,49.845465],[1.059446,49.845456],[1.057932,49.844359],[1.055899,49.840233],[1.055386,49.836895],[1.056244,49.834724],[1.05314,49.83506],[1.05248,49.835404],[1.051424,49.835391],[1.050499,49.837831],[1.050014,49.837748],[1.048161,49.840295],[1.047812,49.840426],[1.047055,49.84018],[1.046702,49.84037],[1.045913,49.841349],[1.045264,49.842727],[1.045747,49.843029],[1.045679,49.843527],[1.043682,49.846724],[1.03746,49.843925],[1.036663,49.843765],[1.035096,49.84397],[1.035314,49.84365],[1.029468,49.843278],[1.025251,49.842181],[1.026079,49.84094],[1.0211,49.839621],[1.018332,49.843897],[1.01802,49.843804],[1.01587,49.847995],[1.014168,49.850484],[1.014158,49.850792],[1.013521,49.851408],[1.012401,49.851766],[1.01179,49.852211],[1.011552,49.852988],[1.005093,49.849863],[1.003753,49.849955],[1.003593,49.850314],[0.995855,49.851175],[0.995648,49.850808],[0.99379,49.850884],[0.993522,49.851128],[0.992468,49.851074],[0.991009,49.850664],[0.986784,49.850064],[0.985101,49.853689],[0.97366,49.853462],[0.968459,49.853652],[0.968411,49.853427],[0.962085,49.853454],[0.961913,49.853368],[0.961717,49.852173],[0.961514,49.852122],[0.96132,49.852457],[0.957917,49.852623],[0.957435,49.852528],[0.957305,49.852167],[0.954529,49.85231],[0.954986,49.852944],[0.955725,49.853492],[0.956094,49.854141],[0.956116,49.854685],[0.956597,49.855129],[0.957419,49.855551],[0.958394,49.855816],[0.959208,49.855832],[0.959479,49.85599],[0.959601,49.856933],[0.960038,49.857316],[0.959506,49.859091],[0.959351,49.860665],[0.950636,49.859365],[0.928862,49.855125],[0.926281,49.854985],[0.924684,49.861008],[0.922584,49.864106],[0.921932,49.865798],[0.922332,49.869732],[0.92413,49.873758],[0.920758,49.875144],[0.922124,49.876116],[0.922119,49.876295],[0.921539,49.876648],[0.921604,49.876829],[0.922962,49.877967],[0.920569,49.879061],[0.921173,49.879832],[0.917391,49.885364],[0.915555,49.88642],[0.919168,49.888932],[0.929126,49.891167],[0.928698,49.891643],[0.929955,49.892332],[0.931041,49.89232],[0.930963,49.892589],[0.931445,49.892774],[0.931076,49.896048],[0.932538,49.895974],[0.933425,49.895718],[0.937689,49.899044],[0.937684,49.899204],[0.93724,49.899311],[0.937063,49.899661],[0.937252,49.900163],[0.938184,49.900747],[0.938211,49.901314],[0.937614,49.902409],[0.935663,49.904758],[0.93409,49.905825],[0.933472,49.905998],[0.932717,49.905977],[0.931407,49.905538],[0.930728,49.905477],[0.930588,49.905969],[0.929862,49.906696],[0.932442,49.907546],[0.934324,49.908488],[0.934732,49.908382],[0.935268,49.908528],[0.937191,49.909503],[0.937441,49.909576],[0.937739,49.909364],[0.941253,49.910628],[0.945238,49.91278],[0.949735,49.915659],[0.952473,49.916998],[0.958545,49.918983],[0.963054,49.919686],[0.963876,49.919656],[0.963759,49.91956],[0.964178,49.919417],[0.96813,49.919068],[0.970074,49.919195],[0.972696,49.919043]]]}},{"type":"Feature","properties":{"uai_primary":"0762126Y","uai_all":"0762126Y","is_merged":false},"geometry":{"type":"Polygon","coordinates":[[[0.650164,49.712149],[0.648727,49.711384],[0.647603,49.711925],[0.644847,49.71276],[0.640503,49.713675],[0.637632,49.71411],[0.636731,49.714573],[0.635604,49.714824],[0.630294,49.718938],[0.623891,49.725926],[0.625414,49.726813],[0.62765,49.731813],[0.627031,49.732078],[0.625723,49.732306],[0.625603,49.732752],[0.62388,49.733974],[0.62398,49.734136],[0.623188,49.734676],[0.622816,49.735174],[0.622822,49.735527],[0.622489,49.73566],[0.623071,49.73623],[0.624044,49.737956],[0.6248,49.741702],[0.624441,49.742356],[0.622277,49.744838],[0.620832,49.746206],[0.620347,49.745275],[0.619865,49.7449],[0.6172,49.744217],[0.614731,49.743176],[0.612685,49.742753],[0.611852,49.742298],[0.610693,49.742168],[0.604892,49.742352],[0.600221,49.742299],[0.599202,49.744543],[0.598821,49.747279],[0.598895,49.748027],[0.597536,49.748082],[0.597118,49.750712],[0.594854,49.748552],[0.591905,49.747218],[0.592456,49.746604],[0.591382,49.746316],[0.59036,49.746601],[0.589431,49.745491],[0.587924,49.744464],[0.584977,49.745994],[0.583752,49.747016],[0.583557,49.747389],[0.583695,49.7477],[0.58527,49.748539],[0.581528,49.749134],[0.58043,49.749533],[0.580872,49.749982],[0.579094,49.751708],[0.578736,49.751644],[0.577343,49.752816],[0.578574,49.753097],[0.576774,49.755347],[0.576444,49.755192],[0.575115,49.756357],[0.575375,49.756472],[0.575067,49.756923],[0.573351,49.756336],[0.575987,49.761585],[0.569361,49.762628],[0.566091,49.763302],[0.568052,49.767289],[0.567044,49.76744],[0.565929,49.767401],[0.561929,49.771368],[0.559394,49.770737],[0.557637,49.772572],[0.557,49.772535],[0.554608,49.774062],[0.556296,49.775112],[0.556057,49.777415],[0.552222,49.777249],[0.551852,49.780219],[0.553008,49.781701],[0.551935,49.782677],[0.551039,49.784934],[0.551709,49.786741],[0.551835,49.789275],[0.551426,49.789826],[0.5496,49.79131],[0.54959,49.792194],[0.549199,49.792843],[0.54659,49.793716],[0.546396,49.794168],[0.546618,49.795692],[0.546442,49.796042],[0.545877,49.796244],[0.546324,49.796829],[0.547472,49.796249],[0.555019,49.797793],[0.554698,49.79623],[0.558785,49.796635],[0.556986,49.800679],[0.572367,49.803137],[0.570531,49.808047],[0.569234,49.807579],[0.569845,49.809206],[0.569418,49.810826],[0.570965,49.812654],[0.57434,49.815584],[0.569288,49.817003],[0.566985,49.819392],[0.567151,49.819521],[0.566857,49.819804],[0.557661,49.816191],[0.557067,49.817509],[0.547814,49.814465],[0.547995,49.814208],[0.545255,49.813603],[0.544433,49.813165],[0.542859,49.812876],[0.538944,49.810654],[0.537828,49.81073],[0.535723,49.81129],[0.53338,49.812507],[0.531313,49.815198],[0.52895,49.81637],[0.528134,49.817012],[0.527418,49.817818],[0.526279,49.82327],[0.525388,49.824507],[0.524132,49.825577],[0.524604,49.826153],[0.525342,49.826205],[0.528634,49.829501],[0.530055,49.830742],[0.531226,49.83135],[0.53207,49.83215],[0.532616,49.832394],[0.534088,49.83385],[0.535037,49.833836],[0.538853,49.834919],[0.542241,49.8374],[0.543945,49.83788],[0.545284,49.838567],[0.547146,49.83923],[0.550696,49.840838],[0.553063,49.842109],[0.554004,49.842196],[0.555902,49.842915],[0.55677,49.84307],[0.562107,49.845396],[0.563638,49.84578],[0.566024,49.846673],[0.571948,49.849161],[0.574723,49.850141],[0.580426,49.851816],[0.585477,49.852889],[0.588654,49.85332],[0.590401,49.853411],[0.594133,49.853268],[0.59768,49.852938],[0.599095,49.853112],[0.599207,49.852971],[0.599864,49.853058],[0.602583,49.853905],[0.607301,49.85628],[0.609776,49.857036],[0.61148,49.857764],[0.613993,49.858141],[0.617235,49.85804],[0.618789,49.858433],[0.627725,49.861768],[0.628336,49.862599],[0.628998,49.862898],[0.629938,49.863091],[0.630256,49.862935],[0.629213,49.862699],[0.628649,49.86241],[0.628295,49.861801],[0.628484,49.861167],[0.62916,49.860724],[0.629493,49.860639],[0.62956,49.860737],[0.629542,49.860629],[0.63081,49.860315],[0.633166,49.861033],[0.633254,49.860935],[0.633445,49.861284],[0.633013,49.861459],[0.631584,49.86119],[0.630272,49.861377],[0.63018,49.861278],[0.63023,49.861391],[0.629856,49.861581],[0.629936,49.861739],[0.631211,49.861351],[0.633188,49.861642],[0.634707,49.861648],[0.639803,49.86331],[0.640798,49.8638],[0.643379,49.864213],[0.645277,49.863967],[0.646208,49.861932],[0.647575,49.859744],[0.646791,49.859481],[0.647222,49.858986],[0.646046,49.858563],[0.646951,49.858047],[0.647881,49.856587],[0.648531,49.856043],[0.649041,49.854684],[0.650944,49.852246],[0.654853,49.846275],[0.653528,49.844456],[0.654782,49.84413],[0.655984,49.843258],[0.652918,49.842502],[0.655636,49.838517],[0.652373,49.837772],[0.65414,49.836064],[0.652806,49.835609],[0.655301,49.830873],[0.656068,49.83094],[0.653919,49.830477],[0.655202,49.828031],[0.65435,49.82788],[0.656162,49.824772],[0.655873,49.824646],[0.656018,49.824507],[0.654292,49.823792],[0.65546,49.821663],[0.649425,49.820675],[0.649947,49.819347],[0.649206,49.819259],[0.650258,49.81797],[0.648375,49.81741],[0.647285,49.818078],[0.646091,49.817317],[0.647378,49.815434],[0.647956,49.815067],[0.648704,49.814906],[0.650796,49.814036],[0.650308,49.812797],[0.651341,49.812261],[0.651364,49.81056],[0.651902,49.808826],[0.652988,49.807981],[0.654967,49.806971],[0.657121,49.80659],[0.658327,49.80585],[0.659561,49.806045],[0.659804,49.805885],[0.662546,49.806243],[0.662498,49.80587],[0.663483,49.805048],[0.666101,49.806652],[0.667328,49.80646],[0.667732,49.807617],[0.67225,49.805873],[0.676813,49.810095],[0.677168,49.809779],[0.683553,49.814501],[0.692946,49.811406],[0.692388,49.811022],[0.695374,49.810099],[0.697048,49.809418],[0.697064,49.809841],[0.697939,49.809241],[0.699,49.809444],[0.698895,49.809974],[0.70134,49.810456],[0.702956,49.811466],[0.707426,49.812747],[0.707536,49.812285],[0.717862,49.812307],[0.718007,49.811818],[0.718355,49.811816],[0.720878,49.809835],[0.722011,49.81072],[0.723044,49.810601],[0.723041,49.809632],[0.72434,49.809748],[0.726246,49.810489],[0.726341,49.810217],[0.726993,49.810343],[0.728328,49.810108],[0.729026,49.810597],[0.732151,49.811621],[0.732419,49.810905],[0.732719,49.807994],[0.733445,49.806243],[0.734991,49.803492],[0.732035,49.803767],[0.730195,49.802568],[0.729781,49.802626],[0.72761,49.801719],[0.727367,49.801836],[0.722663,49.797454],[0.720889,49.795318],[0.720129,49.794161],[0.718783,49.790676],[0.720782,49.790564],[0.722235,49.790211],[0.723657,49.790098],[0.723468,49.788895],[0.725816,49.788007],[0.725072,49.787169],[0.726385,49.786808],[0.725198,49.785687],[0.72837,49.784328],[0.727897,49.78386],[0.729839,49.782638],[0.728025,49.780918],[0.731776,49.780774],[0.731342,49.778664],[0.728206,49.778757],[0.72797,49.775647],[0.733533,49.77519],[0.73354,49.774966],[0.736119,49.775],[0.737679,49.775171],[0.743402,49.776833],[0.743528,49.774354],[0.743775,49.7736],[0.743124,49.773657],[0.742689,49.771638],[0.741125,49.7718],[0.740422,49.768671],[0.740012,49.767862],[0.739742,49.767823],[0.737353,49.763532],[0.735443,49.759171],[0.735534,49.758302],[0.734623,49.75836],[0.734276,49.758011],[0.733859,49.756841],[0.733371,49.756822],[0.733063,49.756648],[0.733033,49.756226],[0.733807,49.754658],[0.737684,49.75254],[0.738242,49.752457],[0.740106,49.753933],[0.740631,49.754108],[0.741588,49.754022],[0.743761,49.752826],[0.744559,49.751989],[0.745766,49.751222],[0.748138,49.750962],[0.749837,49.750466],[0.750895,49.749676],[0.752223,49.748225],[0.754848,49.746953],[0.756335,49.7459],[0.75617,49.743854],[0.754907,49.74219],[0.7541,49.740383],[0.753393,49.739489],[0.753728,49.739066],[0.754293,49.738926],[0.75396,49.738679],[0.753756,49.738586],[0.752367,49.739545],[0.751503,49.739856],[0.749754,49.739412],[0.749694,49.739868],[0.745805,49.740021],[0.745883,49.739517],[0.747823,49.739497],[0.7475,49.73873],[0.747119,49.738444],[0.744487,49.73916],[0.743683,49.738224],[0.742236,49.739475],[0.74097,49.738824],[0.74005,49.73944],[0.739703,49.739436],[0.737938,49.738014],[0.73737,49.738204],[0.736094,49.736404],[0.733723,49.737805],[0.733445,49.73731],[0.730381,49.738254],[0.730211,49.737874],[0.726339,49.738711],[0.72626,49.738979],[0.725286,49.739146],[0.725275,49.739505],[0.724022,49.739668],[0.721485,49.740532],[0.718077,49.740553],[0.715546,49.741138],[0.715528,49.741963],[0.716202,49.743609],[0.715464,49.743544],[0.713735,49.743701],[0.713597,49.743885],[0.713937,49.747118],[0.714684,49.747975],[0.709399,49.748281],[0.709132,49.748147],[0.708751,49.7475],[0.709242,49.746922],[0.708883,49.746291],[0.710711,49.74586],[0.71028,49.745272],[0.711914,49.744933],[0.711111,49.743782],[0.707338,49.745536],[0.707984,49.746669],[0.705743,49.747248],[0.705382,49.746978],[0.699437,49.749778],[0.695879,49.74889],[0.69598,49.747778],[0.698218,49.746031],[0.698609,49.745348],[0.697976,49.743859],[0.697991,49.743149],[0.697623,49.742],[0.695655,49.740119],[0.693438,49.737146],[0.694835,49.73649],[0.69901,49.735218],[0.700332,49.73496],[0.702822,49.734885],[0.704634,49.734575],[0.703107,49.732417],[0.703335,49.732093],[0.703491,49.732213],[0.704217,49.73219],[0.705962,49.731959],[0.706144,49.732265],[0.713437,49.731032],[0.713263,49.730539],[0.716239,49.729591],[0.715832,49.728044],[0.714783,49.728245],[0.714018,49.725889],[0.713321,49.725997],[0.71239,49.724609],[0.710893,49.723255],[0.71129,49.722937],[0.710883,49.722537],[0.710612,49.722386],[0.708573,49.722186],[0.708123,49.722948],[0.707105,49.723817],[0.70667,49.723534],[0.705978,49.723782],[0.70449,49.72401],[0.702594,49.725286],[0.700559,49.724941],[0.699834,49.72514],[0.699136,49.725562],[0.694443,49.72235],[0.693517,49.721482],[0.693737,49.721339],[0.692627,49.720928],[0.693316,49.720742],[0.69242,49.719704],[0.690237,49.718433],[0.68986,49.718424],[0.689104,49.719052],[0.688662,49.719751],[0.687803,49.720231],[0.686792,49.720258],[0.685528,49.719881],[0.684424,49.71858],[0.683652,49.718019],[0.683606,49.717577],[0.68398,49.716809],[0.683699,49.714417],[0.683005,49.714327],[0.683558,49.713042],[0.684803,49.712157],[0.68561,49.711459],[0.685489,49.711391],[0.682427,49.712991],[0.681217,49.713359],[0.680849,49.714336],[0.679552,49.714899],[0.678626,49.715585],[0.678236,49.71653],[0.677656,49.717163],[0.677885,49.717389],[0.67775,49.717613],[0.676103,49.718541],[0.67431,49.71909],[0.673697,49.71957],[0.673015,49.720496],[0.672663,49.72065],[0.672483,49.721065],[0.672207,49.720581],[0.672521,49.720229],[0.669672,49.718767],[0.667658,49.716883],[0.666136,49.71659],[0.664062,49.715928],[0.661047,49.715315],[0.657838,49.71321],[0.652603,49.712282],[0.652509,49.712546],[0.650164,49.712149]]]}},{"type":"Feature","properties":{"uai_primary":"0762127Z","uai_all":"0762127Z","is_merged":false},"geometry":{"type":"Polygon","coordinates":[[[0.115443,49.517404],[0.115438,49.518079],[0.116154,49.517769],[0.116154,49.517628],[0.115443,49.517404]],[[0.117354,49.518308],[0.116884,49.51799],[0.116264,49.517884],[0.116249,49.518106],[0.116716,49.518599],[0.117216,49.518555],[0.117354,49.518308]],[[0.111848,49.526015],[0.111923,49.526438],[0.111531,49.527013],[0.11208,49.527447],[0.113014,49.527802],[0.112157,49.528734],[0.111222,49.529068],[0.110954,49.529742],[0.110063,49.52991],[0.110249,49.530569],[0.110581,49.530598],[0.111134,49.531142],[0.11152,49.530952],[0.112367,49.530963],[0.11242,49.531511],[0.113195,49.531768],[0.113289,49.531413],[0.113877,49.53143],[0.11405,49.531747],[0.114304,49.531809],[0.114937,49.53172],[0.115377,49.53147],[0.11582,49.531467],[0.116785,49.530868],[0.117923,49.531145],[0.118982,49.531636],[0.119192,49.531567],[0.119945,49.531201],[0.118042,49.530689],[0.118766,49.529784],[0.119631,49.52958],[0.119221,49.529084],[0.120463,49.528592],[0.120588,49.528702],[0.122688,49.527771],[0.123143,49.52823],[0.125164,49.527192],[0.124535,49.526774],[0.124344,49.526416],[0.125072,49.526154],[0.125181,49.525457],[0.124763,49.525216],[0.124455,49.524748],[0.123674,49.52488],[0.123511,49.524669],[0.123911,49.524381],[0.123926,49.524071],[0.123484,49.523733],[0.12328,49.52421],[0.122847,49.524003],[0.123397,49.523612],[0.123139,49.523205],[0.122679,49.522981],[0.123075,49.522586],[0.122628,49.522244],[0.122707,49.521813],[0.122503,49.521661],[0.122545,49.521326],[0.12356,49.521146],[0.124175,49.521265],[0.124498,49.521113],[0.12444,49.52093],[0.124059,49.520784],[0.123743,49.520893],[0.123463,49.520117],[0.122804,49.520255],[0.122615,49.520461],[0.121756,49.520398],[0.121349,49.520263],[0.121239,49.519692],[0.120715,49.519571],[0.119475,49.519632],[0.117802,49.518791],[0.117996,49.519258],[0.11826,49.519287],[0.118531,49.519595],[0.118297,49.519829],[0.118592,49.519993],[0.118356,49.520217],[0.117768,49.520339],[0.1173,49.520759],[0.117334,49.520948],[0.116802,49.521174],[0.116344,49.520973],[0.115389,49.521149],[0.115592,49.520397],[0.115287,49.520409],[0.114329,49.520984],[0.113872,49.521043],[0.112882,49.521506],[0.113751,49.522238],[0.113702,49.523189],[0.113449,49.523303],[0.1126,49.523188],[0.111874,49.521569],[0.110902,49.522338],[0.110708,49.522675],[0.111941,49.523486],[0.112419,49.523407],[0.112475,49.523602],[0.112584,49.52404],[0.112271,49.524402],[0.112423,49.524636],[0.11169,49.525261],[0.111995,49.525774],[0.111848,49.526015]],[[0.122652,49.524108],[0.122981,49.524363],[0.122949,49.524566],[0.122514,49.524774],[0.122037,49.524613],[0.122652,49.524108]],[[0.126062,49.526643],[0.125806,49.526387],[0.125315,49.52635],[0.125946,49.526837],[0.126062,49.526643]],[[0.126518,49.527102],[0.127213,49.527302],[0.126846,49.526939],[0.126518,49.527102]],[[0.128034,49.527153],[0.127267,49.527313],[0.128879,49.527294],[0.128034,49.527153]]]}},{"type":"Feature","properties":{"uai_primary":"0762128A","uai_all":"0762128A","is_merged":false},"geometry":{"type":"Polygon","coordinates":[[[0.150436,49.49912],[0.150083,49.500402],[0.15023,49.500749],[0.150084,49.500785],[0.150346,49.501057],[0.150025,49.501294],[0.150497,49.501731],[0.150828,49.50177],[0.150818,49.502155],[0.151461,49.502187],[0.152722,49.502744],[0.15302,49.502647],[0.154072,49.50314],[0.155281,49.502974],[0.1555,49.503143],[0.155898,49.503133],[0.156066,49.503318],[0.156565,49.503142],[0.157482,49.503335],[0.157626,49.503539],[0.160344,49.503499],[0.160767,49.503651],[0.160463,49.503869],[0.160681,49.504066],[0.16131,49.503997],[0.161698,49.503731],[0.1628,49.503707],[0.163772,49.504068],[0.164794,49.504123],[0.164998,49.504367],[0.165384,49.504453],[0.167281,49.504321],[0.168597,49.504666],[0.170012,49.503924],[0.171708,49.503867],[0.172743,49.504583],[0.174186,49.504689],[0.176148,49.504075],[0.178154,49.50514],[0.17874,49.505095],[0.179303,49.504822],[0.181186,49.503488],[0.182747,49.503138],[0.184524,49.503395],[0.186263,49.50326],[0.188515,49.503539],[0.189327,49.504705],[0.189766,49.504902],[0.189804,49.504044],[0.188752,49.503459],[0.188572,49.503098],[0.188905,49.503212],[0.189181,49.503049],[0.190361,49.503527],[0.190818,49.503045],[0.193368,49.504029],[0.19446,49.502511],[0.190565,49.501618],[0.189108,49.501557],[0.18812,49.501053],[0.186415,49.500672],[0.185208,49.500064],[0.18374,49.499749],[0.182079,49.499143],[0.18028,49.499012],[0.179596,49.498764],[0.177299,49.498636],[0.176088,49.498378],[0.175705,49.498852],[0.173978,49.499953],[0.172887,49.500192],[0.171201,49.500108],[0.170504,49.501032],[0.169913,49.501302],[0.170131,49.501606],[0.17094,49.501878],[0.170076,49.502331],[0.169713,49.502203],[0.168207,49.502343],[0.1678,49.50222],[0.167786,49.501825],[0.169403,49.501721],[0.169853,49.501302],[0.169586,49.50107],[0.169735,49.500956],[0.169456,49.499369],[0.169623,49.498456],[0.166243,49.499553],[0.164283,49.499668],[0.162301,49.499569],[0.160618,49.498996],[0.160144,49.49945],[0.159073,49.499667],[0.15767,49.499325],[0.15443,49.498954],[0.15182,49.498422],[0.1508,49.498612],[0.149159,49.49778],[0.149211,49.498578],[0.149938,49.498945],[0.150548,49.498808],[0.150436,49.49912]]]}},{"type":"Feature","properties":{"uai_primary":"0762129B","uai_all":"0762129B","is_merged":false},"geometry":{"type":"Polygon","coordinates":[[[0.193622,49.50367],[0.193368,49.504029],[0.190818,49.503045],[0.190361,49.503527],[0.189181,49.503049],[0.188905,49.503212],[0.188572,49.503098],[0.188752,49.503459],[0.189804,49.504044],[0.189835,49.50509],[0.188552,49.505316],[0.184658,49.50967],[0.184622,49.510226],[0.183706,49.512169],[0.183413,49.514953],[0.183581,49.515505],[0.183398,49.515452],[0.179515,49.519086],[0.180174,49.519],[0.180316,49.519379],[0.180507,49.519348],[0.18087,49.520201],[0.180361,49.520357],[0.180418,49.521086],[0.182048,49.521347],[0.181706,49.521956],[0.181437,49.522091],[0.18129,49.524426],[0.181994,49.524385],[0.182709,49.524674],[0.183309,49.525341],[0.187138,49.526432],[0.187295,49.525882],[0.187736,49.526001],[0.188659,49.525889],[0.18877,49.526407],[0.188929,49.526427],[0.189597,49.524865],[0.189349,49.52302],[0.19062,49.523223],[0.191485,49.522057],[0.192784,49.522142],[0.193147,49.521363],[0.19419,49.521579],[0.194405,49.520832],[0.19483,49.520372],[0.194525,49.519571],[0.194954,49.518899],[0.199467,49.519664],[0.200083,49.52011],[0.199915,49.520382],[0.201026,49.520564],[0.201433,49.520826],[0.202375,49.520839],[0.202332,49.521088],[0.206796,49.522389],[0.206863,49.522219],[0.208301,49.522654],[0.211376,49.522861],[0.211377,49.52249],[0.211561,49.522554],[0.21173,49.52236],[0.21166,49.521789],[0.211387,49.521542],[0.211172,49.5199],[0.211332,49.519004],[0.21078,49.517795],[0.210673,49.517025],[0.211161,49.515932],[0.212089,49.514956],[0.212593,49.514684],[0.212285,49.513564],[0.211175,49.513358],[0.211309,49.51169],[0.213273,49.509146],[0.209083,49.507567],[0.208451,49.506389],[0.208824,49.505899],[0.207805,49.50485],[0.209392,49.504312],[0.207063,49.504621],[0.206527,49.503471],[0.203458,49.503788],[0.203219,49.502072],[0.200008,49.502254],[0.1985,49.50211],[0.198724,49.501125],[0.197324,49.501304],[0.196491,49.50107],[0.195262,49.501038],[0.194634,49.501919],[0.19473,49.502138],[0.193622,49.50367]],[[0.250101,49.507184],[0.250099,49.507649],[0.249852,49.507981],[0.248374,49.509018],[0.243443,49.513711],[0.241772,49.516726],[0.235868,49.515413],[0.234316,49.518298],[0.232873,49.521606],[0.232964,49.522843],[0.234454,49.524292],[0.23366,49.525047],[0.234579,49.525557],[0.235263,49.526189],[0.235752,49.527195],[0.236345,49.527522],[0.237039,49.527404],[0.238482,49.527512],[0.238835,49.527012],[0.241516,49.526285],[0.242311,49.526375],[0.24276,49.526606],[0.244785,49.526601],[0.246989,49.527376],[0.247388,49.527186],[0.248081,49.527211],[0.24812,49.52711],[0.2497,49.527171],[0.251418,49.527975],[0.251728,49.527555],[0.251935,49.526604],[0.25229,49.526146],[0.253347,49.525405],[0.253763,49.524343],[0.254391,49.523676],[0.260523,49.521105],[0.262332,49.521164],[0.262978,49.521765],[0.262759,49.522637],[0.262019,49.523615],[0.260852,49.523575],[0.260417,49.524016],[0.260983,49.524414],[0.262546,49.524824],[0.263401,49.523685],[0.26589,49.523315],[0.268167,49.523228],[0.269281,49.523329],[0.271573,49.524002],[0.272647,49.522115],[0.272892,49.522152],[0.273763,49.52014],[0.275769,49.520571],[0.276267,49.519435],[0.276479,49.519476],[0.276651,49.519089],[0.28103,49.519344],[0.281381,49.517339],[0.28166,49.517356],[0.282019,49.515581],[0.282683,49.515902],[0.284574,49.513418],[0.287016,49.514534],[0.288698,49.512513],[0.288429,49.512391],[0.290468,49.51166],[0.289254,49.50914],[0.287443,49.508388],[0.283839,49.507538],[0.282364,49.506603],[0.281284,49.505495],[0.28059,49.50337],[0.278987,49.501692],[0.279073,49.501495],[0.278585,49.501192],[0.278163,49.500411],[0.277667,49.500153],[0.277227,49.500165],[0.276687,49.499597],[0.27394,49.498593],[0.27249,49.497879],[0.272233,49.497431],[0.27159,49.497013],[0.27127,49.496282],[0.270371,49.496146],[0.255501,49.454538],[0.250294,49.45492],[0.250078,49.454827],[0.248972,49.455006],[0.248447,49.454874],[0.247985,49.455015],[0.247118,49.454968],[0.247024,49.454822],[0.246607,49.454767],[0.246296,49.45435],[0.247078,49.454162],[0.247043,49.454047],[0.247257,49.454178],[0.248685,49.454221],[0.248714,49.454009],[0.249074,49.454131],[0.248968,49.453751],[0.248315,49.45374],[0.248296,49.453584],[0.247391,49.453475],[0.245534,49.453883],[0.244676,49.452902],[0.244424,49.452727],[0.244244,49.452789],[0.24437,49.452696],[0.242818,49.452837],[0.2428,49.452653],[0.241919,49.45241],[0.242194,49.452123],[0.241653,49.452208],[0.240738,49.452018],[0.240935,49.452318],[0.240677,49.452386],[0.240656,49.452268],[0.240329,49.452446],[0.240217,49.452284],[0.240512,49.452056],[0.239804,49.452217],[0.239822,49.451864],[0.239592,49.451865],[0.239839,49.451806],[0.239848,49.451619],[0.239453,49.45152],[0.239745,49.451428],[0.239677,49.45124],[0.239457,49.45122],[0.239523,49.451359],[0.239046,49.451432],[0.23886,49.451623],[0.23862,49.451389],[0.238585,49.451581],[0.238022,49.451738],[0.23894,49.45508],[0.247928,49.481175],[0.248318,49.482806],[0.253527,49.49658],[0.253352,49.497208],[0.252377,49.498033],[0.249926,49.498675],[0.249869,49.499409],[0.24938,49.500541],[0.249842,49.501483],[0.248433,49.50248],[0.247742,49.502731],[0.247303,49.503337],[0.247177,49.504636],[0.247656,49.505873],[0.24965,49.506449],[0.250101,49.507184]]]}},{"type":"Feature","properties":{"uai_primary":"0762132E","uai_all":"0762132E","is_merged":false},"geometry":{"type":"Polygon","coordinates":[[[1.072708,49.368804],[1.066311,49.36462],[1.057941,49.367128],[1.06359,49.375007],[1.058448,49.392453],[1.065498,49.402398],[1.065986,49.402271],[1.066306,49.402445],[1.06666,49.402433],[1.067709,49.401917],[1.073887,49.400211],[1.074127,49.400089],[1.073976,49.399806],[1.074442,49.399676],[1.074467,49.399535],[1.074083,49.399386],[1.074424,49.399012],[1.074026,49.398809],[1.073906,49.398305],[1.073617,49.398127],[1.073024,49.398183],[1.072844,49.39795],[1.073249,49.397689],[1.07393,49.39779],[1.074159,49.397501],[1.073344,49.397095],[1.072961,49.39711],[1.072067,49.396318],[1.069711,49.396738],[1.069275,49.395823],[1.068735,49.39538],[1.068206,49.393993],[1.068564,49.39361],[1.069604,49.393407],[1.070055,49.392327],[1.070554,49.391984],[1.071422,49.39192],[1.072006,49.392055],[1.072972,49.391515],[1.073267,49.390984],[1.075165,49.39113],[1.075805,49.390921],[1.076844,49.390266],[1.076736,49.39004],[1.080062,49.388746],[1.080259,49.388915],[1.079749,49.390319],[1.0818,49.390387],[1.081826,49.389255],[1.081382,49.38886],[1.08184,49.388162],[1.082723,49.388251],[1.083374,49.387406],[1.084316,49.387105],[1.084457,49.386781],[1.084202,49.385882],[1.084421,49.38528],[1.084696,49.38508],[1.086426,49.385164],[1.088177,49.384276],[1.089399,49.383899],[1.091115,49.382792],[1.091248,49.382308],[1.085913,49.378594],[1.084076,49.378172],[1.081435,49.375634],[1.077264,49.372227],[1.072708,49.368804]],[[1.070795,49.393537],[1.071334,49.394077],[1.07244,49.394207],[1.072756,49.39379],[1.072711,49.393392],[1.072568,49.3928],[1.072242,49.392474],[1.070795,49.393537]]]}},{"type":"Feature","properties":{"uai_primary":"0762133F","uai_all":"0762133F","is_merged":false},"geometry":{"type":"Polygon","coordinates":[[[1.081435,49.375634],[1.084076,49.378172],[1.085913,49.378594],[1.091124,49.377857],[1.09441,49.378483],[1.095037,49.378753],[1.096041,49.378839],[1.095997,49.377364],[1.096328,49.377208],[1.095834,49.377193],[1.095641,49.377444],[1.095063,49.377671],[1.095292,49.37698],[1.095611,49.37687],[1.095849,49.375767],[1.096176,49.375821],[1.096581,49.37625],[1.096539,49.377111],[1.096974,49.377297],[1.096702,49.378688],[1.097413,49.37863],[1.098408,49.379804],[1.098466,49.380214],[1.100925,49.379381],[1.101155,49.379034],[1.100947,49.378617],[1.100496,49.37835],[1.101816,49.377886],[1.10233,49.378122],[1.10216,49.378931],[1.101387,49.380062],[1.100719,49.379949],[1.100694,49.380547],[1.101253,49.380873],[1.101854,49.381055],[1.102509,49.381023],[1.104845,49.381362],[1.10498,49.381863],[1.10444,49.381919],[1.104825,49.382221],[1.104679,49.382523],[1.105333,49.382748],[1.105952,49.382717],[1.106149,49.382534],[1.107515,49.382741],[1.107555,49.382543],[1.108435,49.382062],[1.10971,49.38219],[1.110239,49.380853],[1.112284,49.380436],[1.113707,49.379815],[1.115147,49.379761],[1.119212,49.378848],[1.119468,49.377417],[1.120591,49.374259],[1.122849,49.370567],[1.122869,49.367793],[1.123813,49.364966],[1.122599,49.364657],[1.121102,49.364651],[1.121097,49.364436],[1.113564,49.364653],[1.113553,49.36454],[1.110662,49.364759],[1.110264,49.364053],[1.098665,49.364763],[1.095363,49.365279],[1.093756,49.365249],[1.09379,49.364922],[1.094015,49.364855],[1.094422,49.362641],[1.094346,49.361866],[1.093058,49.358649],[1.092147,49.357489],[1.091226,49.356775],[1.066311,49.36462],[1.072708,49.368804],[1.077264,49.372227],[1.081435,49.375634]],[[1.09715,49.377355],[1.097227,49.377727],[1.096988,49.377302],[1.09715,49.377355]],[[1.10642,49.382176],[1.106659,49.381895],[1.106912,49.381871],[1.10714,49.382212],[1.106863,49.382479],[1.10642,49.382176]],[[1.100667,49.380556],[1.10006,49.38011],[1.099886,49.3808],[1.100667,49.380556]]]}},{"type":"Feature","properties":{"uai_primary":"0762170W","uai_all":"0762170W","is_merged":false},"geometry":{"type":"Polygon","coordinates":[[[1.233821,49.936682],[1.235187,49.935362],[1.235664,49.935346],[1.235501,49.935001],[1.236208,49.931692],[1.233937,49.928899],[1.231893,49.927001],[1.231139,49.92716],[1.230638,49.927557],[1.229114,49.927277],[1.227568,49.926862],[1.226419,49.926121],[1.226042,49.925612],[1.223849,49.925516],[1.223556,49.926678],[1.222281,49.927744],[1.223326,49.928929],[1.224011,49.928128],[1.224771,49.928359],[1.224766,49.928584],[1.221812,49.932597],[1.222642,49.932829],[1.222576,49.93379],[1.233821,49.936682]],[[1.237381,49.93609],[1.237353,49.935736],[1.237005,49.935837],[1.2367,49.935682],[1.235618,49.936691],[1.236212,49.935618],[1.236145,49.935462],[1.235776,49.935472],[1.234684,49.936733],[1.236291,49.936713],[1.237093,49.936474],[1.237381,49.93609]],[[1.241265,49.935606],[1.240557,49.935875],[1.240493,49.935622],[1.240346,49.935643],[1.240079,49.935858],[1.239754,49.935612],[1.238956,49.93538],[1.238745,49.936269],[1.238667,49.935942],[1.238284,49.936316],[1.238215,49.935948],[1.237816,49.936099],[1.237693,49.936415],[1.238129,49.936483],[1.238613,49.936249],[1.239073,49.937074],[1.239634,49.93757],[1.239805,49.937169],[1.2391,49.935627],[1.240075,49.936464],[1.240238,49.935863],[1.240488,49.936122],[1.240817,49.935979],[1.241179,49.936165],[1.241265,49.935606]],[[1.242627,49.937037],[1.242345,49.93693],[1.242522,49.936583],[1.241898,49.936741],[1.241803,49.936559],[1.24216,49.936206],[1.241619,49.936401],[1.24108,49.937055],[1.242205,49.937293],[1.242627,49.937037]],[[1.24309,49.937383],[1.243041,49.937137],[1.24294,49.937451],[1.24309,49.937383]],[[1.421851,50.069404],[1.423232,50.071085],[1.425316,50.070132],[1.426495,50.071381],[1.428107,50.070829],[1.42878,50.070376],[1.431808,50.072204],[1.432604,50.071776],[1.431622,50.070227],[1.434916,50.070611],[1.435619,50.070376],[1.437717,50.070614],[1.441555,50.070444],[1.441527,50.070153],[1.445289,50.069831],[1.449601,50.070063],[1.449783,50.069835],[1.449288,50.069266],[1.449653,50.068832],[1.451816,50.068202],[1.449838,50.068209],[1.450226,50.067303],[1.451037,50.067352],[1.453324,50.06452],[1.455189,50.065343],[1.45654,50.06361],[1.456359,50.063528],[1.457099,50.06286],[1.457139,50.062584],[1.459171,50.062736],[1.457827,50.059989],[1.454878,50.05582],[1.454986,50.054611],[1.455437,50.053664],[1.455395,50.052436],[1.456541,50.049604],[1.456357,50.049199],[1.455636,50.048669],[1.4561,50.047043],[1.455915,50.0444],[1.454633,50.044783],[1.449353,50.046991],[1.448365,50.046839],[1.449113,50.045898],[1.448854,50.045504],[1.449845,50.044666],[1.451094,50.044469],[1.451596,50.043596],[1.452473,50.04288],[1.453138,50.042661],[1.45323,50.042326],[1.452482,50.041628],[1.452274,50.040815],[1.452284,50.040234],[1.453143,50.039716],[1.452888,50.039045],[1.453536,50.038741],[1.454344,50.0392],[1.454907,50.039023],[1.455094,50.038706],[1.454597,50.038205],[1.455036,50.037639],[1.456887,50.037807],[1.458619,50.036951],[1.46006,50.036739],[1.46005,50.03571],[1.460377,50.035709],[1.460955,50.036302],[1.461375,50.036354],[1.461532,50.036146],[1.461411,50.035211],[1.461695,50.035034],[1.462411,50.034975],[1.462821,50.035107],[1.463093,50.035284],[1.463404,50.036092],[1.464232,50.036357],[1.46478,50.035766],[1.467002,50.035134],[1.468012,50.035753],[1.469161,50.035363],[1.470833,50.035052],[1.472381,50.033884],[1.473545,50.033525],[1.473887,50.032688],[1.474607,50.03258],[1.474877,50.032403],[1.475233,50.031706],[1.474451,50.031168],[1.47456,50.030938],[1.476384,50.0307],[1.477712,50.030127],[1.47767,50.02992],[1.476996,50.029593],[1.476924,50.029251],[1.477884,50.028727],[1.477876,50.027885],[1.478444,50.027284],[1.480341,50.026347],[1.481851,50.025922],[1.483539,50.024912],[1.484514,50.02464],[1.484588,50.023875],[1.485334,50.023427],[1.485878,50.023312],[1.486183,50.02291],[1.487396,50.023054],[1.488231,50.022832],[1.488304,50.022333],[1.488647,50.022106],[1.488491,50.021765],[1.490341,50.021681],[1.490994,50.019687],[1.490933,50.018852],[1.491257,50.018335],[1.491734,50.018047],[1.493052,50.017631],[1.49403,50.018155],[1.494549,50.018188],[1.495477,50.018596],[1.49609,50.019127],[1.497867,50.019247],[1.498066,50.019685],[1.498463,50.019785],[1.498424,50.019318],[1.498989,50.01906],[1.499998,50.019289],[1.500689,50.018874],[1.501263,50.018756],[1.501713,50.018346],[1.501503,50.01766],[1.501784,50.017349],[1.502795,50.017049],[1.503709,50.017051],[1.503793,50.016629],[1.504618,50.016579],[1.504672,50.016048],[1.505216,50.01571],[1.505541,50.015649],[1.506317,50.015835],[1.506979,50.014997],[1.509222,50.0142],[1.510034,50.01353],[1.510554,50.013691],[1.511012,50.013625],[1.511112,50.013839],[1.511701,50.01397],[1.513237,50.013255],[1.513513,50.012821],[1.51465,50.012221],[1.514916,50.012171],[1.515059,50.012343],[1.515645,50.012097],[1.516305,50.012104],[1.516907,50.010925],[1.517553,50.010749],[1.518203,50.01028],[1.518223,50.009116],[1.517971,50.009054],[1.516679,50.009311],[1.516204,50.009114],[1.515997,50.0088],[1.516025,50.007931],[1.517101,50.007457],[1.517012,50.006831],[1.51662,50.006523],[1.516634,50.006338],[1.517222,50.005917],[1.517524,50.005044],[1.518394,50.004488],[1.520024,50.004558],[1.520577,50.004176],[1.521087,50.004414],[1.522208,50.004065],[1.523079,50.003554],[1.523451,50.001975],[1.524952,49.998857],[1.525864,49.997584],[1.526797,49.997077],[1.526776,49.996523],[1.527315,49.996052],[1.527278,49.995735],[1.525661,49.995614],[1.525352,49.995443],[1.523911,49.991733],[1.523062,49.991512],[1.522178,49.990204],[1.517843,49.98731],[1.516647,49.986837],[1.519543,49.978439],[1.520617,49.977934],[1.521826,49.975775],[1.521249,49.975125],[1.518379,49.974398],[1.517611,49.974133],[1.517549,49.973915],[1.519263,49.972846],[1.520808,49.972212],[1.519394,49.969502],[1.519968,49.969001],[1.524184,49.97017],[1.528308,49.97046],[1.528001,49.970824],[1.52781,49.971662],[1.530639,49.972188],[1.531732,49.969053],[1.533364,49.967035],[1.534903,49.966035],[1.536535,49.968995],[1.536927,49.970613],[1.538018,49.972058],[1.539122,49.973028],[1.540279,49.973723],[1.541562,49.972989],[1.542374,49.973901],[1.542285,49.974494],[1.54258,49.974803],[1.54336,49.975183],[1.545061,49.975476],[1.546717,49.975392],[1.546554,49.974546],[1.546972,49.974548],[1.548355,49.975097],[1.551011,49.975383],[1.551369,49.974667],[1.552067,49.974582],[1.552071,49.974357],[1.550642,49.972238],[1.55099,49.972196],[1.551403,49.972467],[1.551959,49.972561],[1.552933,49.972567],[1.553846,49.972079],[1.55447,49.972218],[1.555102,49.971863],[1.556283,49.972005],[1.556771,49.971919],[1.557633,49.971116],[1.558543,49.970808],[1.558717,49.970252],[1.557758,49.968993],[1.557844,49.968636],[1.557029,49.96781],[1.556004,49.967158],[1.557598,49.965177],[1.549765,49.961441],[1.549633,49.961086],[1.547351,49.960034],[1.540065,49.95845],[1.538995,49.958367],[1.537593,49.957962],[1.53777,49.957763],[1.535668,49.956904],[1.532842,49.956983],[1.53166,49.956106],[1.52981,49.955216],[1.530572,49.954519],[1.529047,49.954061],[1.525709,49.953993],[1.525226,49.954145],[1.525262,49.952897],[1.524924,49.95284],[1.524744,49.952379],[1.5238,49.951601],[1.523803,49.951412],[1.524506,49.950923],[1.524792,49.950476],[1.524671,49.949308],[1.52494,49.94877],[1.523296,49.947661],[1.522507,49.946786],[1.523858,49.946093],[1.524451,49.945568],[1.529095,49.943158],[1.547559,49.932944],[1.55132,49.931207],[1.555273,49.929095],[1.54919,49.919889],[1.529622,49.9302],[1.500804,49.945815],[1.49853,49.944387],[1.498156,49.943957],[1.498328,49.943744],[1.496803,49.943159],[1.497597,49.942696],[1.497601,49.942475],[1.499067,49.941821],[1.496741,49.939815],[1.494983,49.938457],[1.494274,49.938097],[1.491464,49.937682],[1.489649,49.936778],[1.48916,49.937744],[1.48468,49.936247],[1.484114,49.935675],[1.483387,49.935564],[1.482077,49.935781],[1.480691,49.935581],[1.479709,49.935334],[1.478037,49.934554],[1.477367,49.935058],[1.474058,49.933843],[1.473036,49.934594],[1.476174,49.935416],[1.475534,49.935986],[1.474242,49.936566],[1.471656,49.936534],[1.471225,49.936265],[1.469632,49.933916],[1.469134,49.933984],[1.468088,49.933837],[1.467063,49.933938],[1.466533,49.933821],[1.466437,49.934343],[1.465204,49.934534],[1.464482,49.935395],[1.464098,49.935441],[1.461399,49.934997],[1.461041,49.93478],[1.459319,49.932226],[1.458178,49.932308],[1.457317,49.932122],[1.455468,49.931274],[1.452971,49.929307],[1.450365,49.928057],[1.447393,49.92695],[1.445817,49.92887],[1.444809,49.929326],[1.443221,49.928149],[1.436356,49.932661],[1.4356,49.932775],[1.433674,49.931966],[1.432411,49.932675],[1.430338,49.933387],[1.428217,49.934565],[1.426466,49.936034],[1.418203,49.930674],[1.416882,49.93061],[1.416561,49.929171],[1.414752,49.929353],[1.414615,49.929479],[1.41404,49.929504],[1.413644,49.929824],[1.411647,49.930133],[1.410823,49.929341],[1.410166,49.929214],[1.409941,49.928423],[1.410249,49.927659],[1.40975,49.926873],[1.409119,49.926986],[1.409026,49.926512],[1.405881,49.926747],[1.405601,49.926834],[1.405521,49.927426],[1.40413,49.927461],[1.404658,49.928991],[1.402568,49.929155],[1.402699,49.929604],[1.404262,49.931637],[1.403697,49.932081],[1.403207,49.932257],[1.402094,49.932248],[1.399169,49.931687],[1.39784,49.932126],[1.397464,49.932394],[1.397326,49.93292],[1.396787,49.933343],[1.397363,49.933886],[1.395134,49.935526],[1.390896,49.937841],[1.390743,49.937406],[1.388716,49.935826],[1.387888,49.935416],[1.384896,49.935526],[1.383293,49.93493],[1.382529,49.93488],[1.381562,49.934558],[1.380182,49.933919],[1.375786,49.931002],[1.372003,49.928817],[1.369149,49.926827],[1.368856,49.926945],[1.362912,49.923474],[1.360095,49.925301],[1.359006,49.926954],[1.358497,49.928117],[1.358491,49.928386],[1.359244,49.929021],[1.356802,49.92945],[1.357926,49.932476],[1.357442,49.932685],[1.354231,49.933242],[1.351709,49.933269],[1.348011,49.933735],[1.343616,49.933549],[1.342644,49.930098],[1.340018,49.929214],[1.339678,49.928808],[1.339129,49.928632],[1.323312,49.939334],[1.321281,49.940545],[1.316768,49.943878],[1.317144,49.945763],[1.31888,49.948418],[1.320363,49.950093],[1.320968,49.952271],[1.320846,49.958471],[1.320583,49.959038],[1.320433,49.96116],[1.320506,49.962215],[1.32113,49.963972],[1.322436,49.966341],[1.329263,49.970387],[1.328339,49.971649],[1.327974,49.9725],[1.328104,49.9764],[1.32861,49.977642],[1.328765,49.978969],[1.328617,49.979846],[1.328351,49.980156],[1.328721,49.980469],[1.328156,49.980824],[1.3276,49.98082],[1.327139,49.979459],[1.326389,49.97869],[1.324604,49.977463],[1.324257,49.977371],[1.324044,49.977593],[1.323403,49.977633],[1.322504,49.977356],[1.32125,49.976467],[1.320318,49.976725],[1.320471,49.976949],[1.319573,49.977304],[1.32056,49.978375],[1.32313,49.979926],[1.323468,49.97981],[1.324866,49.981066],[1.32408,49.982137],[1.323781,49.983122],[1.326372,49.985587],[1.328582,49.985706],[1.329374,49.985565],[1.33232,49.985619],[1.332868,49.986481],[1.333624,49.985927],[1.335291,49.986523],[1.335862,49.988561],[1.335717,49.98864],[1.335879,49.989389],[1.336764,49.990754],[1.337498,49.991189],[1.338558,49.991545],[1.341421,49.993789],[1.341121,49.9942],[1.341256,49.994426],[1.341821,49.994699],[1.342556,49.994685],[1.342492,49.995497],[1.341703,49.995586],[1.341276,49.996309],[1.339862,49.997472],[1.339738,49.998188],[1.340035,49.999295],[1.339175,49.999758],[1.340089,50.000254],[1.34151,50.000294],[1.342764,49.999845],[1.344482,49.99965],[1.345137,49.999725],[1.346403,50.000484],[1.346851,50.001722],[1.347544,50.002435],[1.348149,50.002886],[1.351197,50.004442],[1.354029,50.002876],[1.355309,50.00373],[1.356863,50.004351],[1.350892,50.007527],[1.355734,50.009439],[1.361198,50.00607],[1.364501,50.007375],[1.367997,50.003797],[1.370599,50.005042],[1.370826,50.005111],[1.37081,50.005008],[1.371154,50.00498],[1.371851,50.005368],[1.372313,50.005395],[1.372212,50.004058],[1.378667,50.001186],[1.376538,49.999864],[1.386638,49.995045],[1.387585,49.996026],[1.388096,49.998626],[1.388617,49.999647],[1.400117,50.000723],[1.401583,49.997757],[1.403096,49.997986],[1.402253,49.999084],[1.414989,49.9996],[1.416868,50.003925],[1.416031,50.007363],[1.416088,50.008214],[1.418395,50.013499],[1.418772,50.015561],[1.419751,50.017412],[1.420206,50.019102],[1.418202,50.019783],[1.417568,50.020137],[1.417367,50.019687],[1.415615,50.019494],[1.415403,50.019717],[1.415124,50.019714],[1.41471,50.019487],[1.41294,50.021089],[1.412173,50.021084],[1.411345,50.020628],[1.410808,50.019538],[1.410463,50.019356],[1.407029,50.019734],[1.406329,50.019908],[1.404885,50.022644],[1.404674,50.022688],[1.403149,50.022317],[1.398982,50.020795],[1.398477,50.021733],[1.397915,50.022043],[1.39805,50.022223],[1.401855,50.024461],[1.403492,50.026359],[1.40602,50.028794],[1.400791,50.031703],[1.399921,50.032397],[1.399349,50.032588],[1.39718,50.034391],[1.396865,50.034488],[1.399062,50.035548],[1.400175,50.0358],[1.400038,50.036246],[1.401646,50.037554],[1.402558,50.038544],[1.402484,50.038723],[1.398097,50.041517],[1.397049,50.041643],[1.396551,50.042223],[1.395707,50.042576],[1.395126,50.043828],[1.394701,50.044229],[1.393138,50.045025],[1.392299,50.045243],[1.392293,50.045557],[1.392766,50.045632],[1.393357,50.04673],[1.395806,50.049251],[1.396,50.049338],[1.398223,50.048963],[1.399417,50.049822],[1.399305,50.049918],[1.399979,50.050272],[1.399663,50.050343],[1.399767,50.05058],[1.397323,50.050671],[1.392818,50.051629],[1.392557,50.051326],[1.389268,50.052262],[1.389632,50.052403],[1.38729,50.053253],[1.389251,50.055496],[1.395821,50.053663],[1.39874,50.053424],[1.405019,50.052259],[1.406503,50.051343],[1.407664,50.05216],[1.406241,50.053448],[1.404838,50.053976],[1.403867,50.054578],[1.405479,50.056063],[1.409047,50.054421],[1.40938,50.056092],[1.409162,50.056903],[1.408728,50.057093],[1.410403,50.05871],[1.4115,50.060281],[1.411573,50.061041],[1.412874,50.06307],[1.41527,50.063163],[1.417014,50.063945],[1.420168,50.066206],[1.41981,50.066495],[1.421673,50.067859],[1.42218,50.068563],[1.421925,50.068731],[1.421739,50.06852],[1.421222,50.068723],[1.421851,50.069404]]]}},{"type":"Feature","properties":{"uai_primary":"0762173Z","uai_all":"0762173Z","is_merged":false},"geometry":{"type":"Polygon","coordinates":[[[0.10863,49.475638],[0.105716,49.475252],[0.103566,49.476604],[0.096548,49.479686],[0.098918,49.478706],[0.099462,49.479085],[0.103622,49.479141],[0.103913,49.479457],[0.103151,49.478626],[0.103236,49.478245],[0.104807,49.477382],[0.105312,49.477915],[0.105635,49.47774],[0.104877,49.477351],[0.106483,49.476472],[0.109016,49.475657],[0.10863,49.475638]],[[0.128511,49.473479],[0.125712,49.474422],[0.125758,49.474744],[0.126146,49.474804],[0.134053,49.473766],[0.13467,49.475518],[0.134488,49.475683],[0.133981,49.475679],[0.13415,49.476359],[0.133945,49.476431],[0.13428,49.476461],[0.134284,49.476849],[0.128273,49.477586],[0.128203,49.477467],[0.128213,49.477593],[0.125312,49.477962],[0.125329,49.477478],[0.125164,49.477444],[0.125271,49.477967],[0.113535,49.479422],[0.10571,49.481105],[0.105432,49.480804],[0.105996,49.481433],[0.105903,49.481993],[0.112776,49.482461],[0.112794,49.48281],[0.11347,49.482821],[0.113495,49.483087],[0.112821,49.483086],[0.112771,49.48336],[0.111065,49.483599],[0.111319,49.483994],[0.111858,49.484039],[0.114354,49.483707],[0.116089,49.483786],[0.11633,49.484347],[0.114947,49.485463],[0.115198,49.48551],[0.115415,49.486995],[0.115703,49.487529],[0.117158,49.488791],[0.118451,49.489058],[0.120266,49.489],[0.120866,49.489835],[0.121866,49.489742],[0.123398,49.48988],[0.124777,49.490646],[0.125521,49.490561],[0.126725,49.49113],[0.128661,49.491327],[0.130083,49.491706],[0.130345,49.492469],[0.131173,49.492639],[0.131387,49.493132],[0.133017,49.493483],[0.133312,49.493728],[0.133291,49.494282],[0.134405,49.49472],[0.137042,49.495251],[0.138332,49.495246],[0.139341,49.495815],[0.141549,49.496117],[0.142039,49.496553],[0.1426,49.496688],[0.145017,49.49703],[0.146434,49.496943],[0.14713,49.495982],[0.147298,49.495322],[0.146733,49.49503],[0.148389,49.49451],[0.147473,49.494222],[0.147673,49.493686],[0.148978,49.493563],[0.148894,49.493247],[0.148165,49.49278],[0.148602,49.492097],[0.148135,49.491651],[0.148899,49.491547],[0.148972,49.491312],[0.148443,49.490871],[0.149919,49.490624],[0.149465,49.490167],[0.149895,49.489994],[0.149693,49.48968],[0.149924,49.489553],[0.149849,49.489337],[0.150172,49.489172],[0.14995,49.489027],[0.149965,49.488757],[0.150232,49.488433],[0.150053,49.487769],[0.149548,49.487293],[0.152124,49.487129],[0.150137,49.486471],[0.150768,49.486006],[0.150861,49.484835],[0.151793,49.484875],[0.152091,49.484037],[0.152436,49.483725],[0.152156,49.483412],[0.153258,49.482883],[0.152972,49.482615],[0.15297,49.482194],[0.152363,49.481608],[0.153408,49.48137],[0.153813,49.481057],[0.153588,49.480729],[0.153987,49.480574],[0.153353,49.480088],[0.152634,49.479794],[0.154194,49.479627],[0.154634,49.479125],[0.154226,49.478917],[0.15462,49.478411],[0.15552,49.478287],[0.155499,49.477657],[0.155192,49.477453],[0.156532,49.474561],[0.151821,49.472376],[0.150665,49.472412],[0.149532,49.472687],[0.14797,49.472683],[0.146406,49.472099],[0.144285,49.471619],[0.139421,49.471879],[0.138369,49.472145],[0.134469,49.472649],[0.130122,49.473569],[0.128511,49.473479]],[[0.105369,49.506476],[0.105293,49.506693],[0.10569,49.506931],[0.105488,49.506943],[0.105294,49.506696],[0.105258,49.507082],[0.105616,49.507232],[0.106202,49.506948],[0.106332,49.506332],[0.105758,49.506203],[0.105369,49.506476]],[[0.105653,49.506625],[0.105972,49.506572],[0.106181,49.506694],[0.106007,49.506714],[0.105925,49.507026],[0.105653,49.506625]]]}},{"type":"Feature","properties":{"uai_primary":"0762176C","uai_all":"0762176C","is_merged":false},"geometry":{"type":"Polygon","coordinates":[[[0.597679,49.507247],[0.600829,49.505937],[0.605313,49.502863],[0.609902,49.5005],[0.611096,49.49511],[0.616813,49.48969],[0.617317,49.489542],[0.617968,49.489859],[0.618145,49.489647],[0.619316,49.490062],[0.618921,49.491785],[0.617759,49.492878],[0.618675,49.493284],[0.618502,49.493433],[0.619476,49.49386],[0.618622,49.494606],[0.620803,49.495499],[0.623112,49.49599],[0.624639,49.496815],[0.626064,49.497881],[0.62897,49.498989],[0.631057,49.499298],[0.634034,49.499483],[0.634524,49.499648],[0.635951,49.499426],[0.638546,49.500754],[0.641147,49.501321],[0.644468,49.501007],[0.650308,49.50158],[0.651879,49.5025],[0.653719,49.501969],[0.654532,49.501291],[0.654651,49.500211],[0.653142,49.499921],[0.653076,49.498117],[0.654067,49.497588],[0.653924,49.497426],[0.654717,49.497045],[0.655592,49.497565],[0.657641,49.497278],[0.659179,49.496606],[0.658497,49.49555],[0.660084,49.494654],[0.660495,49.494055],[0.658374,49.491725],[0.663866,49.487909],[0.667344,49.485854],[0.666419,49.475362],[0.664799,49.461857],[0.663549,49.45861],[0.662379,49.457012],[0.656757,49.452669],[0.652971,49.450157],[0.640452,49.443323],[0.622989,49.433309],[0.619014,49.431485],[0.614448,49.429932],[0.610051,49.429014],[0.60704,49.42872],[0.604498,49.42869],[0.600671,49.428932],[0.595533,49.429541],[0.590466,49.430552],[0.584501,49.432445],[0.58113,49.433815],[0.577983,49.435418],[0.572794,49.438668],[0.565676,49.444288],[0.537592,49.467557],[0.541933,49.469679],[0.537539,49.473482],[0.53836,49.473905],[0.532473,49.478888],[0.533049,49.482418],[0.542317,49.48721],[0.545131,49.495317],[0.546641,49.497234],[0.546657,49.497589],[0.547052,49.497695],[0.547637,49.497499],[0.549917,49.499255],[0.550467,49.499877],[0.551448,49.501633],[0.551238,49.501829],[0.5484,49.502903],[0.547709,49.503769],[0.547331,49.503828],[0.555953,49.506423],[0.55541,49.506435],[0.552296,49.507942],[0.551783,49.507824],[0.55169,49.508955],[0.551964,49.510108],[0.550508,49.511168],[0.550849,49.511433],[0.552743,49.511297],[0.557652,49.510573],[0.5639,49.510095],[0.566469,49.51113],[0.567814,49.51141],[0.568926,49.51137],[0.570896,49.512009],[0.571994,49.512532],[0.574796,49.510969],[0.575631,49.510755],[0.583094,49.5076],[0.584323,49.508674],[0.584697,49.508726],[0.585484,49.509257],[0.586742,49.510571],[0.588216,49.511161],[0.588941,49.511068],[0.590483,49.512811],[0.591738,49.513922],[0.597679,49.507247]],[[0.580751,49.500146],[0.579401,49.498117],[0.581119,49.498414],[0.582124,49.498749],[0.583543,49.499618],[0.58364,49.499859],[0.58495,49.499596],[0.584541,49.500499],[0.583057,49.502622],[0.5828,49.50255],[0.580751,49.500146]]]}},{"type":"Feature","properties":{"uai_primary":"0762177D","uai_all":"0762177D","is_merged":false},"geometry":{"type":"Polygon","coordinates":[[[1.400865,49.503407],[1.400783,49.504414],[1.40008,49.505136],[1.400278,49.505586],[1.401261,49.506484],[1.401154,49.506716],[1.400692,49.506929],[1.398948,49.507177],[1.399531,49.507979],[1.402392,49.511243],[1.404001,49.512314],[1.405475,49.512984],[1.407227,49.514094],[1.408512,49.515541],[1.409518,49.51712],[1.412362,49.519616],[1.414047,49.521674],[1.416306,49.522554],[1.414156,49.523902],[1.413453,49.52457],[1.412754,49.525789],[1.412766,49.532795],[1.417683,49.533703],[1.420465,49.53397],[1.422058,49.53479],[1.42428,49.535479],[1.428958,49.535129],[1.430864,49.536338],[1.43213,49.536727],[1.433533,49.536786],[1.435619,49.537177],[1.437439,49.537866],[1.441375,49.538011],[1.441539,49.537687],[1.443348,49.537674],[1.443598,49.536682],[1.447277,49.533909],[1.449574,49.532582],[1.450509,49.532302],[1.451654,49.532204],[1.453769,49.531441],[1.457352,49.530687],[1.457926,49.529466],[1.458324,49.529126],[1.460524,49.530934],[1.463301,49.532602],[1.465128,49.530806],[1.467393,49.530883],[1.467607,49.530515],[1.468055,49.530359],[1.468353,49.530017],[1.469052,49.530098],[1.468931,49.529387],[1.470063,49.529521],[1.470505,49.529062],[1.47066,49.528094],[1.474352,49.528289],[1.476037,49.528193],[1.47803,49.528451],[1.481134,49.529195],[1.483193,49.529854],[1.483872,49.529925],[1.483634,49.529003],[1.485693,49.528542],[1.485639,49.528224],[1.486611,49.528143],[1.486875,49.527362],[1.487296,49.527332],[1.487285,49.525985],[1.48699,49.525895],[1.486921,49.525442],[1.491164,49.526537],[1.490845,49.525485],[1.490853,49.52439],[1.493611,49.524302],[1.493332,49.524583],[1.493195,49.52527],[1.493606,49.525361],[1.494109,49.525842],[1.495433,49.525941],[1.495918,49.526183],[1.496498,49.526039],[1.496972,49.526119],[1.498096,49.527236],[1.499737,49.528412],[1.499995,49.529208],[1.501431,49.528808],[1.501665,49.529071],[1.503089,49.528733],[1.504653,49.529521],[1.505182,49.530084],[1.509337,49.531706],[1.510224,49.531926],[1.511915,49.532817],[1.511622,49.532065],[1.511716,49.531575],[1.513621,49.528599],[1.514921,49.52718],[1.516478,49.526641],[1.51896,49.523255],[1.520026,49.52105],[1.521357,49.521288],[1.52149,49.520428],[1.520929,49.520425],[1.520934,49.519347],[1.519655,49.519217],[1.519312,49.518009],[1.524635,49.514965],[1.527885,49.507173],[1.529984,49.506319],[1.530999,49.509172],[1.528682,49.510872],[1.528679,49.511141],[1.530441,49.513052],[1.535058,49.510851],[1.537812,49.509351],[1.53892,49.509952],[1.53953,49.510629],[1.54028,49.511128],[1.540753,49.51176],[1.543433,49.513306],[1.54495,49.51336],[1.548837,49.512479],[1.55021,49.514482],[1.554007,49.514883],[1.554541,49.516601],[1.554454,49.517151],[1.553642,49.517782],[1.554254,49.51837],[1.554397,49.518783],[1.553923,49.518993],[1.550325,49.519356],[1.546051,49.518785],[1.544719,49.518985],[1.544511,49.518576],[1.542855,49.519355],[1.542553,49.520225],[1.542928,49.520735],[1.543929,49.521527],[1.545552,49.522465],[1.546864,49.522699],[1.548706,49.523538],[1.552493,49.524075],[1.556447,49.523483],[1.558929,49.522261],[1.5593,49.522229],[1.564472,49.531478],[1.564605,49.531883],[1.563636,49.532102],[1.564965,49.533799],[1.564616,49.533913],[1.564709,49.534094],[1.566456,49.535955],[1.565206,49.536643],[1.565547,49.536838],[1.564982,49.537115],[1.565282,49.537336],[1.56708,49.536567],[1.568833,49.536097],[1.572947,49.539966],[1.573499,49.539707],[1.574678,49.54043],[1.574876,49.540655],[1.573834,49.540991],[1.575392,49.543034],[1.577035,49.544632],[1.577259,49.544559],[1.577621,49.545286],[1.57825,49.545782],[1.577499,49.546764],[1.575647,49.54828],[1.577881,49.54951],[1.577871,49.550228],[1.577512,49.550635],[1.583599,49.554989],[1.583944,49.554991],[1.584847,49.554548],[1.588399,49.55713],[1.591864,49.5593],[1.591592,49.559568],[1.594294,49.559493],[1.596304,49.559239],[1.59722,49.558557],[1.597307,49.558147],[1.598884,49.558159],[1.600306,49.557845],[1.601555,49.557797],[1.603662,49.558056],[1.605181,49.555082],[1.605386,49.553201],[1.604602,49.553384],[1.603952,49.553349],[1.603948,49.553183],[1.603059,49.552549],[1.603132,49.55237],[1.607456,49.549471],[1.60766,49.549085],[1.608214,49.54897],[1.619119,49.541201],[1.617885,49.539809],[1.616747,49.539291],[1.616427,49.539564],[1.61575,49.539636],[1.614515,49.53918],[1.613894,49.539086],[1.612789,49.539215],[1.611205,49.538935],[1.609494,49.537973],[1.609086,49.537521],[1.608887,49.536981],[1.609033,49.536353],[1.609388,49.535772],[1.610153,49.535238],[1.610226,49.535013],[1.609608,49.53483],[1.608571,49.534913],[1.607885,49.53464],[1.607647,49.531899],[1.608164,49.529603],[1.606641,49.529953],[1.605951,49.529948],[1.605818,49.529588],[1.605902,49.528466],[1.606827,49.52654],[1.607176,49.526318],[1.608351,49.526145],[1.609474,49.524805],[1.605822,49.524468],[1.600648,49.524473],[1.594928,49.523135],[1.593554,49.522677],[1.591636,49.521723],[1.585274,49.522761],[1.578851,49.513003],[1.582067,49.511594],[1.581189,49.510763],[1.584509,49.509086],[1.585331,49.50945],[1.586021,49.509455],[1.588305,49.50893],[1.58929,49.508532],[1.589571,49.508219],[1.58944,49.507769],[1.587892,49.506181],[1.589264,49.505568],[1.590031,49.505033],[1.5913,49.503146],[1.590804,49.503017],[1.590893,49.502694],[1.592691,49.502346],[1.593385,49.501991],[1.594084,49.501367],[1.594091,49.500917],[1.593753,49.500421],[1.593091,49.499931],[1.592452,49.499747],[1.595413,49.497385],[1.601848,49.496236],[1.602389,49.496015],[1.603101,49.495275],[1.604019,49.494809],[1.607744,49.493275],[1.610019,49.493289],[1.61182,49.492671],[1.613003,49.491871],[1.613705,49.491021],[1.613927,49.48989],[1.61428,49.489399],[1.614975,49.488999],[1.616228,49.489051],[1.617684,49.488476],[1.62116,49.486475],[1.621162,49.486295],[1.61973,49.485209],[1.623687,49.483256],[1.624108,49.48272],[1.624414,49.481554],[1.62497,49.481198],[1.626217,49.480711],[1.627669,49.480451],[1.629738,49.480373],[1.630225,49.480061],[1.630856,49.479256],[1.631482,49.478901],[1.632518,49.478683],[1.634311,49.478648],[1.635368,49.478025],[1.635721,49.477353],[1.636761,49.476901],[1.638975,49.47633],[1.641944,49.475953],[1.641681,49.475043],[1.642925,49.474782],[1.64348,49.474514],[1.643552,49.47429],[1.64157,49.473022],[1.641316,49.472399],[1.639205,49.471539],[1.638701,49.470741],[1.640535,49.46979],[1.638361,49.468361],[1.635255,49.467052],[1.636531,49.465409],[1.633907,49.464566],[1.633297,49.464638],[1.632277,49.463797],[1.632119,49.463822],[1.632164,49.463367],[1.631474,49.46279],[1.631378,49.462493],[1.632837,49.461501],[1.633666,49.461289],[1.631842,49.459818],[1.632323,49.458975],[1.633982,49.458283],[1.631028,49.455533],[1.631216,49.455409],[1.630876,49.455162],[1.628525,49.456531],[1.625872,49.458609],[1.624581,49.458462],[1.623161,49.457448],[1.619167,49.456303],[1.618365,49.456212],[1.617402,49.45674],[1.617158,49.456735],[1.614645,49.455461],[1.614503,49.455145],[1.610938,49.453416],[1.609907,49.453417],[1.60798,49.454462],[1.607797,49.454432],[1.607763,49.454593],[1.605886,49.45577],[1.604174,49.454449],[1.604327,49.454309],[1.598989,49.451373],[1.598187,49.45176],[1.595339,49.45244],[1.594221,49.453037],[1.593611,49.452872],[1.591417,49.452703],[1.586123,49.444258],[1.585917,49.444212],[1.584671,49.444653],[1.584322,49.44492],[1.578984,49.446325],[1.578261,49.446875],[1.57766,49.443737],[1.576441,49.440491],[1.573147,49.440374],[1.568585,49.4399],[1.566342,49.439917],[1.563543,49.440747],[1.562036,49.440876],[1.560883,49.441386],[1.557416,49.441432],[1.55594,49.441947],[1.554554,49.441221],[1.552561,49.440994],[1.551091,49.44107],[1.550318,49.440562],[1.547396,49.441035],[1.546508,49.439861],[1.546458,49.439519],[1.54716,49.43768],[1.547273,49.436663],[1.545498,49.436543],[1.54421,49.43618],[1.544591,49.435727],[1.543998,49.435534],[1.541828,49.435354],[1.540157,49.43482],[1.53882,49.43393],[1.539322,49.432563],[1.53971,49.432274],[1.538082,49.431384],[1.536954,49.429768],[1.533804,49.428374],[1.531572,49.427662],[1.531536,49.425586],[1.53178,49.424772],[1.533455,49.422355],[1.534816,49.421619],[1.534046,49.421172],[1.531099,49.422124],[1.530343,49.4212],[1.529445,49.420506],[1.526769,49.418905],[1.521302,49.417378],[1.520213,49.41679],[1.520242,49.416639],[1.518679,49.416014],[1.516739,49.41564],[1.516793,49.415488],[1.516439,49.415393],[1.516706,49.414976],[1.520004,49.414375],[1.519718,49.414228],[1.516596,49.413551],[1.511662,49.412794],[1.508747,49.411935],[1.510121,49.410657],[1.50969,49.410142],[1.507335,49.40834],[1.50504,49.407235],[1.507065,49.401688],[1.507846,49.401841],[1.50819,49.401506],[1.506765,49.401123],[1.504925,49.400065],[1.505055,49.399328],[1.501175,49.398675],[1.498122,49.398956],[1.489758,49.398859],[1.485391,49.403128],[1.484372,49.403761],[1.484142,49.404623],[1.483752,49.405036],[1.483178,49.405202],[1.482845,49.406512],[1.482015,49.407129],[1.48075,49.407653],[1.478985,49.407631],[1.478517,49.408035],[1.477345,49.409698],[1.477342,49.411368],[1.476988,49.412204],[1.476568,49.412588],[1.475746,49.412797],[1.47606,49.413103],[1.474993,49.413835],[1.474744,49.415251],[1.474188,49.415257],[1.473663,49.41663],[1.472236,49.417877],[1.471493,49.418812],[1.46933,49.420652],[1.469503,49.421212],[1.470093,49.421807],[1.47542,49.424742],[1.476188,49.424968],[1.476802,49.424943],[1.479034,49.423125],[1.483451,49.423961],[1.484573,49.422732],[1.486646,49.422252],[1.48638,49.421757],[1.486658,49.421579],[1.487532,49.421476],[1.487776,49.421642],[1.488846,49.421684],[1.489732,49.422021],[1.489317,49.423162],[1.489921,49.423322],[1.488951,49.423818],[1.488292,49.424488],[1.486864,49.424833],[1.48708,49.425139],[1.487517,49.425203],[1.488867,49.426323],[1.489581,49.427696],[1.492949,49.426838],[1.493784,49.426328],[1.494797,49.426257],[1.494882,49.429506],[1.495211,49.430555],[1.496862,49.430749],[1.496854,49.433926],[1.496367,49.434717],[1.497271,49.435603],[1.497971,49.435732],[1.500011,49.43532],[1.500833,49.437242],[1.501904,49.437908],[1.500642,49.438836],[1.500761,49.439098],[1.502024,49.439647],[1.496313,49.443907],[1.496112,49.446333],[1.479862,49.450774],[1.47619,49.451622],[1.448771,49.450226],[1.442738,49.452595],[1.439741,49.45404],[1.43778,49.454802],[1.436511,49.455014],[1.436518,49.454742],[1.435765,49.454896],[1.435158,49.455245],[1.432952,49.455295],[1.430811,49.455909],[1.428821,49.455686],[1.426812,49.456017],[1.425815,49.455887],[1.424651,49.455096],[1.422935,49.456134],[1.422097,49.456273],[1.4203,49.456177],[1.420358,49.455941],[1.418467,49.456282],[1.411868,49.456538],[1.411475,49.455825],[1.408606,49.456466],[1.408582,49.456668],[1.407894,49.456658],[1.407382,49.4566],[1.407144,49.456345],[1.406134,49.456331],[1.406003,49.455868],[1.405542,49.455528],[1.405483,49.455261],[1.404473,49.455233],[1.403915,49.455046],[1.403618,49.454514],[1.402814,49.454735],[1.401555,49.455423],[1.401379,49.455632],[1.401549,49.455727],[1.400754,49.456821],[1.400099,49.456549],[1.399031,49.456405],[1.396689,49.454829],[1.396122,49.454963],[1.395881,49.454761],[1.395356,49.4547],[1.395379,49.454496],[1.396269,49.454127],[1.399878,49.453189],[1.399708,49.452867],[1.396472,49.453585],[1.395307,49.453622],[1.395069,49.453159],[1.395283,49.452335],[1.394917,49.45158],[1.394793,49.451456],[1.394204,49.451458],[1.393404,49.450353],[1.393797,49.450232],[1.393221,49.449543],[1.393771,49.449262],[1.385167,49.449107],[1.383805,49.448202],[1.383368,49.448806],[1.381882,49.449227],[1.38162,49.449495],[1.381807,49.449904],[1.381526,49.449927],[1.381271,49.449748],[1.380491,49.449879],[1.380822,49.450605],[1.382664,49.452214],[1.382392,49.453651],[1.383543,49.453939],[1.384034,49.454454],[1.38409,49.454828],[1.383533,49.455928],[1.384683,49.456668],[1.38463,49.457487],[1.384878,49.457541],[1.386388,49.457189],[1.386889,49.457364],[1.387005,49.458085],[1.388276,49.458141],[1.388499,49.458569],[1.387851,49.458689],[1.387781,49.458894],[1.389452,49.459781],[1.390444,49.460077],[1.391146,49.460579],[1.391243,49.461261],[1.390994,49.461352],[1.391247,49.461665],[1.390705,49.46189],[1.390822,49.462241],[1.390423,49.4623],[1.389907,49.462634],[1.389467,49.462545],[1.384475,49.463701],[1.381169,49.465306],[1.379675,49.46542],[1.377779,49.467681],[1.375445,49.469197],[1.372808,49.471978],[1.370594,49.473844],[1.367742,49.477343],[1.365538,49.478539],[1.36231,49.48079],[1.360606,49.481618],[1.360366,49.482073],[1.35956,49.482747],[1.359007,49.483034],[1.357961,49.482443],[1.35503,49.485639],[1.357853,49.486348],[1.357542,49.486788],[1.365789,49.491747],[1.369541,49.494507],[1.371665,49.494978],[1.373069,49.495848],[1.375983,49.499573],[1.375833,49.502098],[1.378571,49.503152],[1.380822,49.504982],[1.382764,49.50094],[1.382494,49.500624],[1.382874,49.49993],[1.384474,49.498735],[1.388387,49.499661],[1.388936,49.499929],[1.389318,49.501712],[1.389441,49.503911],[1.389721,49.503887],[1.389892,49.502991],[1.390316,49.502806],[1.390851,49.503708],[1.392245,49.503629],[1.393454,49.505345],[1.397064,49.504716],[1.397206,49.504316],[1.398303,49.50323],[1.398014,49.50207],[1.399604,49.501785],[1.399952,49.503609],[1.400865,49.503407]]]}},{"type":"Feature","properties":{"uai_primary":"0762178E","uai_all":"0762178E","is_merged":false},"geometry":{"type":"Polygon","coordinates":[[[1.058093,49.436788],[1.059549,49.436388],[1.059699,49.434908],[1.058101,49.434996],[1.056297,49.434827],[1.056258,49.434245],[1.054547,49.434187],[1.054582,49.435236],[1.05489,49.435477],[1.058093,49.436788]],[[1.052805,49.436811],[1.047596,49.435199],[1.04832,49.434385],[1.047431,49.434062],[1.04521,49.432775],[1.043594,49.432329],[1.04305,49.431991],[1.042368,49.431434],[1.041522,49.430251],[1.04002,49.429526],[1.039725,49.428479],[1.037991,49.427404],[1.034215,49.430199],[1.03362,49.430329],[1.033584,49.430725],[1.032621,49.430923],[1.030248,49.432337],[1.034022,49.43479],[1.038693,49.437113],[1.041672,49.438214],[1.040399,49.439635],[1.040029,49.43951],[1.039666,49.440345],[1.037587,49.439513],[1.038577,49.440775],[1.04297,49.443304],[1.045015,49.445062],[1.045903,49.447153],[1.047863,49.449222],[1.046853,49.450371],[1.04757,49.450501],[1.047171,49.451247],[1.04921,49.451712],[1.048731,49.452731],[1.050417,49.452824],[1.050018,49.453391],[1.050069,49.453658],[1.050507,49.453583],[1.050706,49.453346],[1.051708,49.453152],[1.051899,49.453884],[1.051545,49.453916],[1.051464,49.454348],[1.057393,49.454998],[1.061711,49.455878],[1.062872,49.45471],[1.063372,49.454628],[1.064751,49.45522],[1.064656,49.456194],[1.064938,49.456292],[1.065859,49.456358],[1.065933,49.456198],[1.066885,49.45622],[1.068645,49.456414],[1.068809,49.456175],[1.069755,49.456146],[1.070381,49.453496],[1.07022,49.45332],[1.069621,49.45321],[1.069583,49.452842],[1.070041,49.452619],[1.070193,49.452339],[1.073695,49.453349],[1.075808,49.454391],[1.07656,49.454547],[1.077213,49.453365],[1.078138,49.452827],[1.077573,49.452278],[1.078441,49.45188],[1.080568,49.451298],[1.080503,49.45112],[1.082172,49.450848],[1.082151,49.451031],[1.083461,49.451129],[1.083592,49.45086],[1.083799,49.450853],[1.083975,49.451192],[1.085093,49.452092],[1.084683,49.452987],[1.085032,49.45389],[1.08571,49.453996],[1.086841,49.453308],[1.087828,49.453106],[1.088202,49.453158],[1.088148,49.453507],[1.087611,49.45355],[1.086931,49.453998],[1.086047,49.454311],[1.086019,49.454457],[1.085712,49.454422],[1.085343,49.454598],[1.084589,49.455395],[1.083965,49.455561],[1.083861,49.456909],[1.08357,49.457224],[1.083766,49.457864],[1.083649,49.458234],[1.084407,49.459092],[1.085194,49.45942],[1.085113,49.459746],[1.085851,49.460305],[1.085529,49.460764],[1.086172,49.461033],[1.08621,49.461521],[1.086752,49.461774],[1.086749,49.462221],[1.086345,49.462434],[1.086483,49.462884],[1.087189,49.462887],[1.087153,49.463344],[1.086784,49.463535],[1.087481,49.464656],[1.088048,49.464836],[1.087523,49.465736],[1.088286,49.465742],[1.088203,49.466315],[1.088682,49.466258],[1.088897,49.467122],[1.089894,49.467347],[1.089657,49.468127],[1.090439,49.468979],[1.092177,49.469251],[1.093036,49.469747],[1.094575,49.469434],[1.0949,49.468745],[1.09533,49.468612],[1.096127,49.468593],[1.097789,49.468935],[1.097793,49.468423],[1.097389,49.468241],[1.097378,49.468072],[1.096413,49.467374],[1.094755,49.466657],[1.094159,49.465804],[1.093537,49.465517],[1.092964,49.464861],[1.090638,49.464159],[1.090252,49.463529],[1.090423,49.462812],[1.089932,49.462402],[1.08979,49.461705],[1.089919,49.4612],[1.090763,49.461151],[1.090924,49.460935],[1.090783,49.460763],[1.09113,49.460601],[1.09107,49.459936],[1.091589,49.459929],[1.091604,49.459702],[1.091329,49.459542],[1.091659,49.459494],[1.092036,49.45965],[1.091891,49.459786],[1.092341,49.460107],[1.092622,49.459562],[1.092797,49.459476],[1.093011,49.459644],[1.093108,49.459366],[1.093345,49.459381],[1.094973,49.457097],[1.096251,49.456013],[1.096301,49.455595],[1.098212,49.455637],[1.098293,49.455252],[1.099918,49.455546],[1.100941,49.454642],[1.099428,49.453429],[1.099392,49.45282],[1.098953,49.453112],[1.098459,49.452995],[1.098334,49.453261],[1.09782,49.453167],[1.097454,49.452888],[1.09805,49.45209],[1.097881,49.451972],[1.09817,49.451636],[1.098532,49.451526],[1.098317,49.451224],[1.098533,49.451113],[1.098961,49.449911],[1.09964,49.449352],[1.099412,49.449182],[1.099612,49.448693],[1.099349,49.448664],[1.099642,49.448316],[1.099532,49.448182],[1.099929,49.448087],[1.100314,49.447648],[1.100164,49.447392],[1.100894,49.44715],[1.100168,49.446805],[1.100329,49.446517],[1.10019,49.446212],[1.100787,49.445836],[1.100193,49.446122],[1.099813,49.445562],[1.09938,49.44563],[1.099213,49.445467],[1.099763,49.445366],[1.099857,49.44522],[1.099606,49.445206],[1.099206,49.443897],[1.099038,49.444273],[1.098747,49.444082],[1.098154,49.444022],[1.098248,49.44354],[1.096207,49.443922],[1.096363,49.443288],[1.095462,49.442995],[1.095388,49.443528],[1.096069,49.443917],[1.095328,49.444085],[1.094675,49.444503],[1.094468,49.444318],[1.093821,49.444368],[1.093736,49.444806],[1.093447,49.444906],[1.092993,49.444967],[1.092064,49.444691],[1.091625,49.44479],[1.091515,49.444978],[1.091327,49.444761],[1.091297,49.444896],[1.090739,49.444928],[1.090545,49.445078],[1.090301,49.444987],[1.090091,49.445115],[1.089847,49.444992],[1.089349,49.445291],[1.088901,49.445228],[1.087892,49.445427],[1.087846,49.445559],[1.086569,49.445584],[1.086344,49.445464],[1.086192,49.445575],[1.085566,49.444497],[1.085237,49.444259],[1.085057,49.443695],[1.085355,49.443243],[1.085135,49.442958],[1.084536,49.442785],[1.084076,49.442362],[1.082418,49.441917],[1.082162,49.44132],[1.081548,49.440741],[1.081453,49.43987],[1.080511,49.439951],[1.078734,49.440727],[1.077551,49.440546],[1.076001,49.441438],[1.074476,49.4416],[1.074144,49.441878],[1.072781,49.442195],[1.072023,49.442224],[1.070309,49.442919],[1.066791,49.442301],[1.064328,49.442356],[1.060997,49.442022],[1.05781,49.441341],[1.055116,49.442029],[1.05263,49.440812],[1.049599,49.439825],[1.052805,49.436811]],[[1.099114,49.444652],[1.099391,49.444603],[1.099288,49.444744],[1.099114,49.444652]],[[1.091355,49.444698],[1.09159,49.444546],[1.091487,49.444318],[1.090993,49.44424],[1.090795,49.444613],[1.091355,49.444698]],[[1.089192,49.445077],[1.089505,49.444917],[1.089511,49.444698],[1.08916,49.444589],[1.088774,49.444969],[1.089192,49.445077]],[[1.101604,49.447656],[1.100551,49.447833],[1.099989,49.448093],[1.100399,49.448157],[1.100541,49.448327],[1.102405,49.44794],[1.104598,49.447125],[1.104251,49.446686],[1.103963,49.446942],[1.103025,49.447004],[1.102841,49.447284],[1.102214,49.447436],[1.102255,49.44781],[1.101604,49.447656]]]}},{"type":"Feature","properties":{"uai_primary":"0762197A","uai_all":"0762197A","is_merged":false},"geometry":{"type":"Polygon","coordinates":[[[1.219326,49.622508],[1.22053,49.621845],[1.220471,49.621396],[1.220952,49.620961],[1.219789,49.619753],[1.23229,49.61798],[1.231338,49.616308],[1.23472,49.615239],[1.229246,49.607447],[1.232333,49.607521],[1.234625,49.606982],[1.232223,49.60479],[1.228305,49.599815],[1.229537,49.598457],[1.234425,49.596485],[1.238576,49.594539],[1.239627,49.593789],[1.241146,49.5963],[1.237054,49.598008],[1.240035,49.60329],[1.243713,49.601749],[1.244408,49.604683],[1.246832,49.603848],[1.24965,49.604227],[1.245831,49.605525],[1.247391,49.60692],[1.251686,49.605475],[1.25275,49.606336],[1.260187,49.605709],[1.263593,49.608466],[1.26808,49.607567],[1.270416,49.603264],[1.270163,49.603105],[1.270718,49.601974],[1.269048,49.601235],[1.269139,49.600985],[1.272343,49.599472],[1.273311,49.598743],[1.275128,49.595383],[1.27642,49.591533],[1.28249,49.591323],[1.278943,49.585805],[1.277442,49.582899],[1.274754,49.581932],[1.270905,49.581458],[1.271955,49.580416],[1.273446,49.578454],[1.275056,49.577096],[1.274595,49.576595],[1.275386,49.575661],[1.274842,49.572769],[1.272034,49.571817],[1.271211,49.57143],[1.270976,49.571089],[1.275285,49.570561],[1.27313,49.566181],[1.267655,49.559809],[1.268069,49.559644],[1.264462,49.555554],[1.263402,49.555774],[1.257322,49.551813],[1.258694,49.551026],[1.253689,49.548123],[1.25122,49.549643],[1.250634,49.549134],[1.250931,49.550698],[1.250251,49.550582],[1.249931,49.550705],[1.249171,49.551997],[1.248736,49.55169],[1.247094,49.551205],[1.246362,49.552069],[1.244223,49.550986],[1.239292,49.555649],[1.235619,49.562068],[1.235026,49.56199],[1.232654,49.565827],[1.229684,49.566747],[1.236207,49.569321],[1.232174,49.571417],[1.229057,49.575671],[1.226314,49.574598],[1.226367,49.572675],[1.225969,49.572521],[1.225158,49.568885],[1.222761,49.570054],[1.221263,49.569456],[1.220001,49.568418],[1.207881,49.567255],[1.207992,49.56578],[1.204025,49.564882],[1.204874,49.563196],[1.202019,49.562166],[1.201257,49.562336],[1.197151,49.561791],[1.192849,49.562177],[1.187051,49.562165],[1.190261,49.566644],[1.190247,49.567227],[1.190726,49.568586],[1.189212,49.568597],[1.18684,49.569401],[1.185405,49.570148],[1.183602,49.572131],[1.183266,49.572196],[1.182928,49.572076],[1.181358,49.57295],[1.181306,49.574859],[1.181803,49.575411],[1.181815,49.575789],[1.181399,49.577014],[1.180237,49.578145],[1.179488,49.578519],[1.177663,49.578929],[1.177236,49.579464],[1.177226,49.582391],[1.177799,49.584508],[1.17733,49.585743],[1.177396,49.586128],[1.173101,49.586953],[1.170872,49.586457],[1.174156,49.593212],[1.167495,49.592871],[1.167564,49.592559],[1.161929,49.593329],[1.15609,49.587311],[1.154811,49.587806],[1.152763,49.588947],[1.148885,49.585444],[1.14808,49.585308],[1.14246,49.5851],[1.135348,49.582702],[1.137229,49.580799],[1.139222,49.581741],[1.139799,49.581191],[1.138731,49.580685],[1.139755,49.579108],[1.140478,49.57709],[1.141898,49.575801],[1.144765,49.574197],[1.146608,49.572918],[1.146205,49.572542],[1.141324,49.57],[1.13889,49.568352],[1.136125,49.566963],[1.134076,49.565576],[1.132905,49.56543],[1.132992,49.566271],[1.131197,49.565996],[1.130328,49.565423],[1.129059,49.564978],[1.126374,49.564856],[1.1255,49.565123],[1.1254,49.564726],[1.126373,49.56204],[1.125263,49.561284],[1.122914,49.560557],[1.120029,49.559335],[1.117687,49.558996],[1.112122,49.559231],[1.110376,49.558848],[1.105161,49.557007],[1.102499,49.557043],[1.101034,49.556814],[1.099013,49.556723],[1.097143,49.556058],[1.096686,49.556637],[1.09517,49.556487],[1.095016,49.557159],[1.093815,49.556961],[1.092949,49.558221],[1.087366,49.557634],[1.083198,49.561302],[1.086251,49.562568],[1.087065,49.563474],[1.084174,49.565509],[1.083172,49.565983],[1.082493,49.565527],[1.079692,49.564286],[1.079088,49.563596],[1.07737,49.560479],[1.077242,49.560074],[1.078215,49.557569],[1.078997,49.556633],[1.079162,49.555548],[1.079026,49.555457],[1.076288,49.555921],[1.072333,49.556224],[1.071275,49.556205],[1.068877,49.555817],[1.0676,49.556009],[1.062276,49.559719],[1.060172,49.561988],[1.058492,49.563056],[1.056801,49.564534],[1.056442,49.565222],[1.05561,49.566105],[1.053453,49.567356],[1.051964,49.56864],[1.050828,49.568425],[1.048702,49.568715],[1.045843,49.568416],[1.04282,49.567901],[1.038685,49.566836],[1.040036,49.568281],[1.040594,49.568647],[1.040746,49.571105],[1.041041,49.572222],[1.038165,49.571404],[1.03484,49.571728],[1.03203,49.572909],[1.030529,49.572778],[1.027627,49.572845],[1.026269,49.573169],[1.02556,49.573593],[1.026079,49.574246],[1.025001,49.574664],[1.023408,49.574418],[1.022327,49.575217],[1.021087,49.575846],[1.019408,49.576382],[1.018097,49.576465],[1.016728,49.577046],[1.01751,49.577603],[1.01462,49.577853],[1.012212,49.578677],[1.01174,49.579157],[1.01046,49.579806],[1.011485,49.580251],[1.011066,49.581423],[1.009467,49.581403],[1.006458,49.582426],[1.007272,49.583183],[1.006922,49.583404],[1.004253,49.583081],[1.003947,49.583696],[1.003173,49.584333],[1.002208,49.584793],[1.000706,49.58606],[0.999716,49.587509],[0.997906,49.589411],[0.99831,49.589589],[0.998554,49.590626],[0.998886,49.590845],[0.998827,49.591302],[0.999344,49.591364],[1.000295,49.592016],[1.001078,49.592944],[1.001854,49.59351],[1.001739,49.593688],[1.003235,49.594755],[1.003359,49.595145],[1.006144,49.596449],[1.006449,49.59638],[1.008567,49.596868],[1.010615,49.597505],[1.012764,49.598588],[1.014607,49.599279],[1.013914,49.600549],[1.016362,49.601411],[1.016846,49.600984],[1.018327,49.601919],[1.020051,49.602497],[1.020068,49.603106],[1.023226,49.603875],[1.023359,49.606117],[1.025464,49.606687],[1.029223,49.608299],[1.030509,49.608916],[1.031644,49.610016],[1.034835,49.610608],[1.03393,49.610998],[1.045573,49.614172],[1.045841,49.613781],[1.049304,49.614581],[1.049209,49.615729],[1.048185,49.619602],[1.048085,49.622191],[1.046982,49.632478],[1.046229,49.632698],[1.046501,49.632892],[1.046953,49.632788],[1.047151,49.632984],[1.047556,49.634301],[1.053802,49.635194],[1.05691,49.635813],[1.056876,49.635495],[1.057404,49.635222],[1.057482,49.634252],[1.058496,49.630941],[1.056244,49.629172],[1.056735,49.628834],[1.05643,49.628639],[1.057276,49.627934],[1.062785,49.625303],[1.066339,49.622775],[1.067984,49.622274],[1.06785,49.622956],[1.068991,49.623881],[1.070896,49.624318],[1.074823,49.626188],[1.075038,49.62654],[1.074088,49.627326],[1.074457,49.627525],[1.074483,49.628097],[1.074459,49.628501],[1.074101,49.628726],[1.073139,49.629014],[1.07111,49.629321],[1.066369,49.629767],[1.065072,49.630274],[1.063893,49.631887],[1.063674,49.634103],[1.063033,49.634857],[1.061368,49.636067],[1.057541,49.638073],[1.059527,49.63914],[1.061181,49.639246],[1.060793,49.640976],[1.06166,49.640748],[1.067595,49.64266],[1.072271,49.643903],[1.078316,49.645919],[1.082911,49.646427],[1.083259,49.64634],[1.088326,49.643905],[1.094642,49.64186],[1.095634,49.641429],[1.096202,49.64086],[1.099322,49.640808],[1.099912,49.640497],[1.100487,49.640454],[1.10906,49.640275],[1.108042,49.636845],[1.118969,49.634297],[1.120221,49.634081],[1.121454,49.634057],[1.124789,49.633381],[1.125904,49.632988],[1.12867,49.630894],[1.132059,49.631029],[1.13251,49.630595],[1.134074,49.630876],[1.136505,49.6303],[1.140069,49.629869],[1.14069,49.629327],[1.145557,49.627265],[1.144756,49.626262],[1.149991,49.624784],[1.148185,49.622153],[1.151199,49.622217],[1.155619,49.619971],[1.158424,49.621875],[1.159944,49.620121],[1.161531,49.617855],[1.165033,49.618914],[1.164234,49.621023],[1.162883,49.622783],[1.162654,49.624025],[1.161968,49.624641],[1.161879,49.625538],[1.162131,49.626618],[1.162865,49.62777],[1.1637,49.630496],[1.166217,49.635335],[1.166764,49.636794],[1.173545,49.637975],[1.17406,49.637623],[1.173925,49.636446],[1.174477,49.635729],[1.182378,49.633397],[1.183887,49.63427],[1.186065,49.634877],[1.191073,49.637592],[1.193981,49.638952],[1.195398,49.639354],[1.195882,49.639027],[1.195889,49.638666],[1.201423,49.639536],[1.200709,49.640567],[1.20384,49.640631],[1.204945,49.639449],[1.205943,49.637473],[1.207833,49.634536],[1.209043,49.631718],[1.21233,49.628183],[1.207167,49.626517],[1.20639,49.622307],[1.213597,49.620736],[1.215091,49.624118],[1.219849,49.62324],[1.219326,49.622508]]]}},{"type":"Feature","properties":{"uai_primary":"0762199C","uai_all":"0762199C","is_merged":false},"geometry":{"type":"Polygon","coordinates":[[[0.923897,49.800414],[0.923916,49.80054],[0.921597,49.800568],[0.921582,49.800007],[0.918128,49.800157],[0.916593,49.80039],[0.91214,49.800331],[0.912883,49.79746],[0.909639,49.797206],[0.909385,49.796956],[0.908987,49.795739],[0.90805,49.793966],[0.908247,49.793892],[0.905609,49.789461],[0.906415,49.789323],[0.905201,49.786987],[0.908334,49.787174],[0.910657,49.786567],[0.911529,49.789485],[0.927599,49.788365],[0.932034,49.787841],[0.932025,49.789791],[0.934331,49.78979],[0.934268,49.788975],[0.937045,49.788481],[0.937963,49.788463],[0.937943,49.786451],[0.937681,49.785333],[0.937515,49.785298],[0.93796,49.784651],[0.938554,49.784595],[0.938082,49.783622],[0.936769,49.782519],[0.934285,49.782947],[0.934095,49.78236],[0.932362,49.78232],[0.932559,49.782732],[0.929976,49.782695],[0.928529,49.782891],[0.926794,49.782921],[0.924608,49.782418],[0.923207,49.781728],[0.92118,49.781219],[0.920949,49.782057],[0.917653,49.781811],[0.918362,49.779699],[0.913716,49.779138],[0.913052,49.779209],[0.912936,49.779679],[0.910727,49.778776],[0.907559,49.77828],[0.90199,49.777833],[0.897673,49.775859],[0.899146,49.779715],[0.888507,49.779708],[0.887467,49.778022],[0.882908,49.779055],[0.882688,49.780493],[0.882959,49.78141],[0.881482,49.781442],[0.877645,49.780021],[0.873525,49.778101],[0.872603,49.778975],[0.870864,49.776546],[0.871305,49.77625],[0.867155,49.772366],[0.865624,49.771201],[0.864354,49.769605],[0.860176,49.770047],[0.858887,49.771146],[0.859537,49.77152],[0.858766,49.772296],[0.85747,49.772589],[0.856064,49.772587],[0.85463,49.776164],[0.854202,49.778199],[0.855509,49.783239],[0.855313,49.78328],[0.854956,49.785112],[0.852366,49.784669],[0.847845,49.783568],[0.847343,49.783069],[0.843171,49.782149],[0.841263,49.784728],[0.838723,49.784066],[0.839015,49.785911],[0.845812,49.788812],[0.845626,49.789196],[0.846196,49.789364],[0.845116,49.790733],[0.844878,49.790667],[0.843949,49.791687],[0.842785,49.791062],[0.843316,49.798182],[0.843023,49.798179],[0.843677,49.801902],[0.841575,49.802014],[0.8389,49.80316],[0.837162,49.80418],[0.836841,49.804062],[0.835157,49.805333],[0.834487,49.806399],[0.832346,49.807483],[0.83055,49.80639],[0.8283,49.804562],[0.820182,49.808115],[0.818468,49.806906],[0.815496,49.808562],[0.819386,49.811234],[0.820562,49.812319],[0.825861,49.816317],[0.825879,49.817213],[0.825457,49.81776],[0.824621,49.818141],[0.821712,49.82026],[0.819854,49.822565],[0.819831,49.822841],[0.820771,49.823894],[0.820762,49.824163],[0.82057,49.824384],[0.819056,49.824639],[0.819448,49.826342],[0.820607,49.826047],[0.821255,49.828343],[0.823118,49.830847],[0.823534,49.831549],[0.823262,49.831616],[0.825162,49.834465],[0.826232,49.834282],[0.827134,49.835712],[0.826433,49.835907],[0.828547,49.839725],[0.82792,49.839939],[0.831295,49.84137],[0.828917,49.844824],[0.836717,49.845484],[0.836869,49.84585],[0.846678,49.845207],[0.846855,49.846001],[0.851492,49.84668],[0.853216,49.84706],[0.859887,49.849383],[0.857696,49.850187],[0.85508,49.853202],[0.853919,49.85517],[0.853091,49.855644],[0.855233,49.856728],[0.853288,49.857994],[0.855919,49.858138],[0.856977,49.857976],[0.858022,49.858263],[0.858724,49.858288],[0.861287,49.858218],[0.861356,49.859921],[0.860507,49.863296],[0.860516,49.865407],[0.859613,49.865395],[0.859545,49.868433],[0.854995,49.868409],[0.852678,49.868872],[0.853952,49.872238],[0.848765,49.871915],[0.848707,49.87365],[0.848254,49.875647],[0.848338,49.878037],[0.849792,49.882245],[0.85201,49.882063],[0.852837,49.881775],[0.852982,49.881368],[0.853577,49.88322],[0.853112,49.883693],[0.851959,49.883377],[0.849966,49.883392],[0.850051,49.884523],[0.849194,49.884793],[0.848191,49.884127],[0.848169,49.883802],[0.84459,49.88355],[0.841519,49.883512],[0.839633,49.889055],[0.842698,49.889084],[0.844231,49.889341],[0.849483,49.890796],[0.850587,49.8908],[0.853053,49.891567],[0.858031,49.892612],[0.865556,49.893291],[0.8687,49.89392],[0.873732,49.894381],[0.876544,49.895056],[0.87724,49.894955],[0.884861,49.896358],[0.897528,49.899551],[0.903107,49.901207],[0.907959,49.901969],[0.91295,49.903076],[0.916356,49.903477],[0.919571,49.904132],[0.922243,49.904806],[0.922454,49.904746],[0.927019,49.906077],[0.928405,49.906219],[0.929862,49.906696],[0.930588,49.905969],[0.930728,49.905477],[0.931407,49.905538],[0.932717,49.905977],[0.933472,49.905998],[0.93409,49.905825],[0.935663,49.904758],[0.937614,49.902409],[0.938211,49.901314],[0.938184,49.900747],[0.937252,49.900163],[0.937063,49.899661],[0.93724,49.899311],[0.937684,49.899204],[0.937689,49.899044],[0.933425,49.895718],[0.932538,49.895974],[0.931076,49.896048],[0.931445,49.892774],[0.930963,49.892589],[0.931041,49.89232],[0.929955,49.892332],[0.928698,49.891643],[0.929126,49.891167],[0.919168,49.888932],[0.915555,49.88642],[0.917391,49.885364],[0.921173,49.879832],[0.920569,49.879061],[0.922962,49.877967],[0.921604,49.876829],[0.921539,49.876648],[0.922119,49.876295],[0.922124,49.876116],[0.920758,49.875144],[0.92413,49.873758],[0.922332,49.869732],[0.921932,49.865798],[0.922584,49.864106],[0.924684,49.861008],[0.926281,49.854985],[0.928862,49.855125],[0.950636,49.859365],[0.959351,49.860665],[0.959506,49.859091],[0.960038,49.857316],[0.959601,49.856933],[0.959479,49.85599],[0.959208,49.855832],[0.958394,49.855816],[0.957419,49.855551],[0.956597,49.855129],[0.956116,49.854685],[0.956094,49.854141],[0.955725,49.853492],[0.954986,49.852944],[0.954529,49.85231],[0.957305,49.852167],[0.957435,49.852528],[0.957917,49.852623],[0.96132,49.852457],[0.961514,49.852122],[0.961717,49.852173],[0.961913,49.853368],[0.962085,49.853454],[0.968411,49.853427],[0.968459,49.853652],[0.97366,49.853462],[0.985101,49.853689],[0.986784,49.850064],[0.988503,49.850359],[0.988722,49.849487],[0.984312,49.848788],[0.985117,49.84516],[0.981973,49.844715],[0.982757,49.843235],[0.977002,49.841694],[0.976848,49.842275],[0.976295,49.84218],[0.97646,49.841193],[0.975652,49.840241],[0.973919,49.840123],[0.973165,49.8398],[0.970947,49.839641],[0.970759,49.838875],[0.970986,49.838249],[0.970298,49.837972],[0.970596,49.837212],[0.97117,49.8365],[0.972308,49.835525],[0.971144,49.834928],[0.972344,49.83417],[0.97375,49.830986],[0.971314,49.830604],[0.970567,49.827989],[0.966754,49.828445],[0.964848,49.82127],[0.971116,49.820982],[0.971033,49.820207],[0.972129,49.820162],[0.972137,49.817029],[0.973384,49.817145],[0.973708,49.815398],[0.973733,49.814491],[0.973468,49.814039],[0.973548,49.811031],[0.973488,49.810672],[0.973144,49.810578],[0.972696,49.807694],[0.967728,49.808128],[0.967148,49.804957],[0.962447,49.807079],[0.963025,49.803794],[0.960425,49.803881],[0.960358,49.80323],[0.958151,49.803387],[0.955126,49.803058],[0.953537,49.80327],[0.951837,49.803775],[0.951427,49.803742],[0.950809,49.802292],[0.950173,49.802151],[0.948945,49.802537],[0.947887,49.801233],[0.946606,49.800596],[0.945589,49.798892],[0.944702,49.799808],[0.944445,49.798711],[0.943635,49.797351],[0.943608,49.796209],[0.942316,49.795755],[0.942369,49.795189],[0.941222,49.795522],[0.940195,49.79537],[0.937631,49.795943],[0.937566,49.79562],[0.936882,49.795984],[0.936044,49.796136],[0.934049,49.796211],[0.933901,49.797598],[0.932218,49.797348],[0.93193,49.798113],[0.929095,49.797519],[0.928162,49.797515],[0.926318,49.797206],[0.925607,49.797415],[0.924229,49.797505],[0.923954,49.798785],[0.923707,49.798732],[0.923897,49.800414]]]}},{"type":"Feature","properties":{"uai_primary":"0762202F","uai_all":"0762202F","is_merged":false},"geometry":{"type":"Polygon","coordinates":[[[1.050268,49.479624],[1.051267,49.479152],[1.051322,49.479662],[1.050862,49.480208],[1.051041,49.480681],[1.050757,49.481154],[1.0498,49.481229],[1.049666,49.481662],[1.0489,49.482064],[1.04962,49.482737],[1.049023,49.483842],[1.049449,49.484285],[1.049904,49.484285],[1.050072,49.483943],[1.050701,49.483731],[1.051005,49.484425],[1.051995,49.484368],[1.052588,49.484137],[1.0537,49.484503],[1.055619,49.484601],[1.055726,49.484365],[1.056102,49.484384],[1.057473,49.484518],[1.058726,49.485022],[1.05939,49.485566],[1.060022,49.487299],[1.060933,49.487388],[1.060977,49.487884],[1.060799,49.487817],[1.06048,49.489189],[1.060798,49.490028],[1.060564,49.49049],[1.062628,49.491789],[1.063434,49.49142],[1.065486,49.493181],[1.06656,49.492456],[1.063543,49.490011],[1.065511,49.488813],[1.06733,49.487936],[1.066821,49.487896],[1.066759,49.487775],[1.068128,49.487432],[1.068602,49.487467],[1.071053,49.488604],[1.074177,49.48979],[1.078115,49.489191],[1.080247,49.488034],[1.080857,49.487886],[1.083855,49.48827],[1.089001,49.488159],[1.089726,49.487889],[1.090438,49.487263],[1.092418,49.484871],[1.093302,49.483338],[1.091771,49.482616],[1.089632,49.482669],[1.088372,49.482438],[1.086248,49.481723],[1.085117,49.481549],[1.083788,49.48031],[1.08159,49.479632],[1.080299,49.479599],[1.077069,49.479888],[1.074099,49.479702],[1.073161,49.479546],[1.07076,49.478454],[1.069233,49.478228],[1.068592,49.478348],[1.066248,49.479832],[1.066105,49.477894],[1.066356,49.47687],[1.066902,49.475734],[1.068106,49.474404],[1.067849,49.474233],[1.067817,49.473928],[1.069296,49.471169],[1.067905,49.471261],[1.065652,49.471867],[1.063736,49.472038],[1.061482,49.472686],[1.062936,49.471522],[1.061061,49.470979],[1.061066,49.470834],[1.060696,49.470749],[1.058876,49.470642],[1.060918,49.467766],[1.059752,49.467752],[1.058704,49.468144],[1.059767,49.467051],[1.060781,49.463027],[1.061212,49.461002],[1.060656,49.460115],[1.060756,49.458495],[1.061522,49.455834],[1.057393,49.454998],[1.051464,49.454348],[1.051545,49.453916],[1.050844,49.454158],[1.050098,49.45486],[1.05002,49.455108],[1.050806,49.45534],[1.049918,49.45599],[1.049738,49.456906],[1.048689,49.456885],[1.049042,49.457114],[1.049,49.45728],[1.048594,49.457302],[1.048546,49.457501],[1.044549,49.459727],[1.043821,49.461268],[1.043185,49.461722],[1.043878,49.462052],[1.043859,49.462561],[1.043205,49.462916],[1.041989,49.464552],[1.040303,49.466165],[1.040645,49.467443],[1.040435,49.4687],[1.04059,49.469693],[1.040231,49.469472],[1.038083,49.469342],[1.038487,49.467433],[1.039386,49.465553],[1.039861,49.464971],[1.038469,49.464899],[1.036144,49.468122],[1.036269,49.468822],[1.036674,49.469269],[1.036416,49.469893],[1.037007,49.471003],[1.036927,49.471697],[1.038178,49.472137],[1.039904,49.473252],[1.04149,49.473694],[1.041915,49.47398],[1.042569,49.474084],[1.043931,49.473499],[1.044609,49.472761],[1.045908,49.473135],[1.046956,49.473223],[1.048713,49.473277],[1.049127,49.472954],[1.047042,49.479223],[1.047807,49.480656],[1.049471,49.480068],[1.050268,49.479624]]]}},{"type":"Feature","properties":{"uai_primary":"0762225F","uai_all":"0762225F","is_merged":false},"geometry":{"type":"Polygon","coordinates":[[[1.10001,49.92659],[1.100348,49.926509],[1.100026,49.926396],[1.10001,49.92659]],[[1.098786,49.927857],[1.098968,49.927617],[1.098046,49.927359],[1.098594,49.927782],[1.098185,49.927845],[1.09829,49.927984],[1.098786,49.927857]],[[1.117033,49.935913],[1.117078,49.936028],[1.118356,49.935997],[1.118971,49.935707],[1.122401,49.932137],[1.117204,49.931535],[1.116152,49.934684],[1.116828,49.935489],[1.117865,49.935778],[1.117033,49.935913]],[[1.235322,49.987259],[1.237705,49.984211],[1.241405,49.982844],[1.241356,49.981726],[1.241959,49.980383],[1.242215,49.979241],[1.24214,49.978391],[1.242874,49.978048],[1.244957,49.976575],[1.245988,49.975333],[1.245558,49.974676],[1.240845,49.970196],[1.242347,49.962442],[1.246483,49.961173],[1.249671,49.958274],[1.25171,49.955385],[1.246854,49.949531],[1.243264,49.947203],[1.232375,49.948692],[1.225227,49.945983],[1.219721,49.944577],[1.212869,49.940328],[1.213715,49.937465],[1.213802,49.935967],[1.213349,49.935727],[1.211027,49.935326],[1.208544,49.93436],[1.207171,49.933584],[1.20508,49.933161],[1.203772,49.932511],[1.203376,49.932212],[1.203883,49.93192],[1.20465,49.931801],[1.205046,49.931535],[1.205338,49.930919],[1.201043,49.929523],[1.201907,49.928857],[1.200669,49.928217],[1.199786,49.928677],[1.197822,49.928047],[1.196842,49.928307],[1.195938,49.928299],[1.194972,49.927975],[1.194014,49.927293],[1.191726,49.926329],[1.192037,49.92617],[1.191198,49.925111],[1.190175,49.924204],[1.190999,49.924032],[1.190815,49.923626],[1.192863,49.923439],[1.191076,49.921869],[1.189876,49.919568],[1.189825,49.918759],[1.19109,49.91508],[1.191874,49.914235],[1.193138,49.913672],[1.192128,49.913483],[1.193801,49.912628],[1.193232,49.911393],[1.190342,49.911249],[1.190585,49.909665],[1.191821,49.90989],[1.192543,49.909851],[1.192834,49.909297],[1.192599,49.907364],[1.193168,49.906117],[1.191831,49.90568],[1.191817,49.905058],[1.19032,49.904864],[1.189933,49.904744],[1.190021,49.904592],[1.192046,49.904755],[1.192602,49.903512],[1.194639,49.903243],[1.195581,49.901863],[1.19593,49.902169],[1.196144,49.9021],[1.19589,49.900158],[1.195466,49.898822],[1.195716,49.898794],[1.196134,49.899233],[1.196786,49.900436],[1.197064,49.900272],[1.198785,49.901801],[1.200517,49.902132],[1.200921,49.902473],[1.202819,49.902226],[1.203301,49.901933],[1.205592,49.902098],[1.205298,49.900335],[1.207177,49.900218],[1.209279,49.89943],[1.211414,49.897205],[1.21078,49.891982],[1.209825,49.891165],[1.209642,49.889951],[1.209038,49.889002],[1.207474,49.887497],[1.205536,49.884655],[1.196726,49.887179],[1.187473,49.890188],[1.175091,49.891863],[1.171171,49.891912],[1.166953,49.892421],[1.1637,49.892575],[1.163227,49.893145],[1.163036,49.894286],[1.161618,49.896502],[1.160776,49.896985],[1.159772,49.896515],[1.159046,49.897199],[1.158276,49.898419],[1.15473,49.897454],[1.149709,49.897013],[1.146072,49.895586],[1.142378,49.894534],[1.14022,49.894246],[1.139298,49.893891],[1.13932,49.893782],[1.138695,49.893813],[1.138368,49.894111],[1.137689,49.893698],[1.13726,49.893153],[1.137142,49.892206],[1.136062,49.892342],[1.134922,49.89293],[1.134812,49.892043],[1.133272,49.891805],[1.13284,49.891255],[1.131502,49.891272],[1.131005,49.891414],[1.130881,49.891854],[1.130448,49.891825],[1.130557,49.892604],[1.129477,49.893301],[1.128906,49.894357],[1.128204,49.894421],[1.126601,49.893972],[1.126057,49.893971],[1.124227,49.895281],[1.124362,49.89564],[1.12491,49.896072],[1.124821,49.896387],[1.123442,49.896711],[1.122761,49.896652],[1.121919,49.896342],[1.121272,49.896438],[1.121239,49.896802],[1.122385,49.897489],[1.123702,49.898035],[1.125853,49.898093],[1.126659,49.898787],[1.12651,49.899155],[1.125494,49.899989],[1.124491,49.901879],[1.121553,49.903195],[1.119183,49.903372],[1.118464,49.903095],[1.11763,49.903006],[1.117352,49.903326],[1.117774,49.904214],[1.117547,49.904676],[1.114473,49.905864],[1.112023,49.90636],[1.111058,49.906366],[1.109081,49.906061],[1.105325,49.9046],[1.104953,49.904596],[1.104412,49.904855],[1.103962,49.905482],[1.10402,49.906354],[1.105664,49.907931],[1.105896,49.90836],[1.10576,49.90888],[1.10482,49.91033],[1.103854,49.911071],[1.102483,49.911502],[1.097855,49.913744],[1.095179,49.914825],[1.095106,49.915036],[1.095374,49.915377],[1.095899,49.915473],[1.097232,49.916272],[1.096505,49.917259],[1.096654,49.91799],[1.095549,49.918297],[1.095098,49.919095],[1.094504,49.919586],[1.092868,49.919856],[1.092981,49.921179],[1.09157,49.922032],[1.091814,49.922574],[1.091012,49.923244],[1.090228,49.923498],[1.090109,49.924123],[1.089863,49.924343],[1.089163,49.92458],[1.089063,49.925073],[1.088572,49.925486],[1.088694,49.925672],[1.088484,49.925971],[1.088991,49.92584],[1.089847,49.925983],[1.090824,49.925399],[1.091421,49.926186],[1.091807,49.926174],[1.092608,49.92582],[1.093132,49.925817],[1.093379,49.925646],[1.094067,49.925788],[1.094281,49.925508],[1.09477,49.925493],[1.095193,49.924786],[1.096481,49.924466],[1.096965,49.925078],[1.096751,49.925289],[1.095853,49.9255],[1.0956,49.926006],[1.094679,49.926261],[1.093966,49.926344],[1.093137,49.926131],[1.090226,49.92692],[1.089954,49.927274],[1.090791,49.927732],[1.090406,49.927839],[1.090422,49.928042],[1.089986,49.928238],[1.089651,49.927747],[1.089487,49.927958],[1.088715,49.928151],[1.087948,49.92803],[1.087065,49.92836],[1.086881,49.929456],[1.086197,49.929841],[1.086931,49.9327],[1.087345,49.93286],[1.087943,49.932422],[1.089349,49.931827],[1.089522,49.931918],[1.089286,49.932376],[1.089966,49.932178],[1.091304,49.931326],[1.091998,49.930695],[1.091112,49.929569],[1.092063,49.92922],[1.092343,49.928515],[1.092931,49.928602],[1.094681,49.928017],[1.095263,49.928327],[1.095448,49.928286],[1.095338,49.928093],[1.09565,49.928165],[1.097472,49.927581],[1.09835,49.927022],[1.099282,49.927533],[1.099591,49.927275],[1.098408,49.926953],[1.098747,49.92674],[1.099652,49.927245],[1.099863,49.927193],[1.09999,49.926605],[1.099517,49.926547],[1.099399,49.926779],[1.09897,49.926663],[1.099361,49.926214],[1.100738,49.925791],[1.101295,49.925839],[1.101583,49.926137],[1.101396,49.926389],[1.100703,49.926603],[1.10052,49.926854],[1.100666,49.927009],[1.100997,49.92716],[1.101924,49.926969],[1.102457,49.927359],[1.102764,49.926381],[1.103551,49.926647],[1.104212,49.926353],[1.103686,49.925978],[1.103915,49.925815],[1.104638,49.925954],[1.104675,49.925221],[1.104933,49.924999],[1.105929,49.925063],[1.106509,49.925391],[1.106566,49.925644],[1.107533,49.926082],[1.1078,49.928283],[1.108456,49.928616],[1.1106,49.929047],[1.111193,49.929527],[1.112185,49.929968],[1.116326,49.930958],[1.116319,49.928661],[1.118243,49.927597],[1.120038,49.927504],[1.120998,49.927006],[1.127176,49.92899],[1.122565,49.935411],[1.122103,49.935339],[1.121516,49.93641],[1.120905,49.936456],[1.120694,49.937782],[1.122066,49.940562],[1.117757,49.940123],[1.115833,49.940455],[1.122887,49.943563],[1.124866,49.944006],[1.12596,49.944428],[1.12743,49.94462],[1.12976,49.945456],[1.130666,49.945566],[1.131434,49.945885],[1.131735,49.94641],[1.132385,49.946144],[1.133539,49.946618],[1.134416,49.946803],[1.134502,49.946966],[1.136081,49.947277],[1.13791,49.948128],[1.143426,49.949644],[1.146839,49.951109],[1.155669,49.953873],[1.160223,49.955672],[1.161251,49.95576],[1.162104,49.956035],[1.168176,49.958877],[1.172108,49.96134],[1.173542,49.961756],[1.178178,49.96394],[1.179195,49.964134],[1.183018,49.966307],[1.184656,49.966066],[1.188865,49.966793],[1.190395,49.96683],[1.192683,49.967122],[1.19431,49.967612],[1.196825,49.968958],[1.196773,49.969068],[1.19701,49.968962],[1.198008,49.969373],[1.19947,49.970187],[1.199763,49.970173],[1.200032,49.970436],[1.201598,49.97107],[1.206016,49.974764],[1.20492,49.976608],[1.205171,49.978541],[1.203684,49.979595],[1.203748,49.979861],[1.204114,49.979922],[1.204449,49.979756],[1.20592,49.978644],[1.205952,49.978135],[1.206245,49.9778],[1.20615,49.977565],[1.205525,49.977229],[1.205485,49.976869],[1.205839,49.97633],[1.206459,49.976081],[1.207205,49.976051],[1.207876,49.976303],[1.208553,49.976717],[1.208334,49.97688],[1.208575,49.9771],[1.209133,49.977441],[1.209378,49.977296],[1.210003,49.977707],[1.209788,49.977872],[1.210631,49.978428],[1.210879,49.978265],[1.211214,49.978465],[1.210775,49.978846],[1.210473,49.978897],[1.207455,49.977068],[1.207143,49.977062],[1.207125,49.977314],[1.208115,49.978021],[1.208203,49.978543],[1.207704,49.979072],[1.205268,49.980504],[1.205157,49.980716],[1.205376,49.980921],[1.205808,49.980875],[1.207187,49.980028],[1.207916,49.97989],[1.208759,49.979977],[1.218959,49.984868],[1.221158,49.985348],[1.226416,49.985218],[1.22626,49.984996],[1.227393,49.985159],[1.229573,49.98623],[1.230321,49.987114],[1.231445,49.98725],[1.23386,49.988673],[1.235322,49.987259]],[[1.091024,49.924444],[1.090623,49.924565],[1.09016,49.924143],[1.091024,49.924444]],[[1.184338,49.936717],[1.184403,49.93648],[1.184751,49.93634],[1.184776,49.936854],[1.184338,49.936717]],[[1.177151,49.943228],[1.181881,49.941566],[1.184352,49.940982],[1.185172,49.940984],[1.186473,49.941245],[1.187118,49.941901],[1.185328,49.945067],[1.179678,49.946179],[1.177151,49.943228]],[[1.226396,49.953574],[1.227366,49.952975],[1.22707,49.953962],[1.226736,49.954216],[1.22566,49.954489],[1.226396,49.953574]]]}},{"type":"Feature","properties":{"uai_primary":"0762226G","uai_all":"0762226G","is_merged":false},"geometry":{"type":"Polygon","coordinates":[[[0.09631,49.50156],[0.095776,49.501487],[0.095584,49.501841],[0.096033,49.50214],[0.096561,49.501875],[0.09631,49.50156]],[[0.103418,49.510578],[0.103062,49.51018],[0.10297,49.510531],[0.103132,49.510643],[0.103418,49.510578]],[[0.104397,49.514274],[0.104597,49.514072],[0.103776,49.513682],[0.10359,49.513858],[0.10385,49.514242],[0.104397,49.514274]],[[0.076924,49.517444],[0.076666,49.517944],[0.076728,49.518371],[0.07647,49.518614],[0.076909,49.518965],[0.076476,49.519287],[0.077289,49.51968],[0.076683,49.520176],[0.076726,49.520347],[0.076844,49.520689],[0.077753,49.521086],[0.07801,49.521656],[0.077619,49.522065],[0.076744,49.521606],[0.076268,49.521538],[0.0751,49.521719],[0.074108,49.522356],[0.075418,49.521917],[0.075545,49.52204],[0.074235,49.522703],[0.07565,49.52533],[0.073652,49.528373],[0.072025,49.531681],[0.072337,49.532488],[0.073112,49.533245],[0.075843,49.537658],[0.081321,49.532809],[0.084322,49.530538],[0.086177,49.528829],[0.089796,49.527071],[0.088959,49.52625],[0.087758,49.525691],[0.086197,49.523676],[0.086884,49.52301],[0.087377,49.521716],[0.086967,49.520182],[0.088004,49.51993],[0.088635,49.519413],[0.087981,49.518786],[0.087452,49.517644],[0.086636,49.517151],[0.086982,49.516776],[0.087408,49.516543],[0.088272,49.516545],[0.088277,49.51615],[0.088903,49.515973],[0.089339,49.516049],[0.089716,49.515916],[0.090444,49.516377],[0.090691,49.516308],[0.091365,49.516512],[0.092314,49.516625],[0.093296,49.516421],[0.093679,49.516581],[0.094281,49.516239],[0.094974,49.516108],[0.095365,49.516255],[0.095817,49.515951],[0.097005,49.515698],[0.097212,49.515329],[0.098172,49.515344],[0.098544,49.515534],[0.098933,49.51533],[0.099226,49.51538],[0.099556,49.515072],[0.100186,49.5154],[0.100432,49.514697],[0.101544,49.514364],[0.10259,49.513191],[0.102923,49.51306],[0.103618,49.513274],[0.103806,49.513076],[0.103847,49.511844],[0.103473,49.511853],[0.103594,49.511595],[0.10331,49.511518],[0.103356,49.511328],[0.102723,49.51092],[0.10255,49.51037],[0.101983,49.510056],[0.102074,49.50995],[0.101581,49.50962],[0.101505,49.50936],[0.101142,49.509114],[0.100687,49.509111],[0.10093,49.508789],[0.100503,49.508677],[0.10058,49.508466],[0.100096,49.507892],[0.100011,49.506986],[0.099362,49.506754],[0.099958,49.506562],[0.100299,49.506083],[0.100789,49.506058],[0.101156,49.505484],[0.101047,49.5053],[0.100133,49.505231],[0.100184,49.504575],[0.099801,49.504026],[0.099849,49.503448],[0.099157,49.502613],[0.098367,49.502527],[0.097941,49.502275],[0.09756,49.502238],[0.097185,49.502394],[0.09601,49.502218],[0.095779,49.502577],[0.096146,49.502848],[0.09627,49.503382],[0.095757,49.503872],[0.09501,49.504281],[0.093296,49.504689],[0.0916,49.504481],[0.091173,49.50528],[0.09088,49.505257],[0.090465,49.505587],[0.090326,49.506135],[0.089612,49.506601],[0.089583,49.506852],[0.088592,49.507033],[0.08829,49.507606],[0.088566,49.507752],[0.088025,49.507975],[0.087399,49.510067],[0.087591,49.511019],[0.087989,49.511386],[0.088587,49.511283],[0.088858,49.511918],[0.088131,49.51198],[0.087694,49.512635],[0.087823,49.513113],[0.08755,49.513169],[0.087303,49.514076],[0.087556,49.514712],[0.086836,49.514702],[0.086421,49.515029],[0.085711,49.515903],[0.085742,49.516236],[0.085469,49.516243],[0.085542,49.516447],[0.083803,49.516678],[0.082404,49.517141],[0.081247,49.517343],[0.081062,49.51756],[0.08092,49.517173],[0.07872,49.517215],[0.078746,49.516981],[0.078341,49.516966],[0.077767,49.517219],[0.077024,49.517202],[0.076924,49.517444]]]}},{"type":"Feature","properties":{"uai_primary":"0762227H","uai_all":"0762227H","is_merged":false},"geometry":{"type":"Polygon","coordinates":[[[0.155611,49.573309],[0.156686,49.574693],[0.160522,49.577643],[0.162406,49.575603],[0.165137,49.576773],[0.16549,49.576375],[0.166818,49.576882],[0.164325,49.579745],[0.166688,49.581526],[0.168307,49.579684],[0.171592,49.58112],[0.169582,49.583485],[0.177601,49.585176],[0.178155,49.584149],[0.185182,49.585086],[0.185159,49.584521],[0.187516,49.584307],[0.18621,49.579681],[0.186017,49.569157],[0.187489,49.569218],[0.187315,49.569534],[0.189186,49.569608],[0.189222,49.568974],[0.188982,49.568535],[0.189651,49.568848],[0.19101,49.568864],[0.191748,49.568627],[0.19302,49.567862],[0.194997,49.567284],[0.195331,49.566336],[0.195343,49.565403],[0.194201,49.563338],[0.194321,49.562326],[0.19462,49.562057],[0.196252,49.561487],[0.196581,49.560891],[0.196241,49.560272],[0.193823,49.557954],[0.193372,49.556752],[0.193103,49.556667],[0.191896,49.556823],[0.191395,49.556681],[0.189682,49.555095],[0.189253,49.555423],[0.18795,49.554404],[0.188034,49.554168],[0.187203,49.554189],[0.187167,49.554419],[0.184482,49.554641],[0.183799,49.554582],[0.183577,49.55439],[0.184129,49.55414],[0.184253,49.553875],[0.184823,49.554105],[0.184724,49.553699],[0.185245,49.553071],[0.184871,49.552618],[0.18526,49.552457],[0.185902,49.552693],[0.18682,49.55187],[0.186532,49.551487],[0.186862,49.551262],[0.187139,49.550015],[0.187778,49.549673],[0.18778,49.54913],[0.18752,49.54887],[0.187658,49.548462],[0.186978,49.54834],[0.186497,49.547834],[0.186299,49.547839],[0.185793,49.548376],[0.185532,49.548369],[0.185046,49.548068],[0.184549,49.54812],[0.184299,49.5477],[0.182453,49.547685],[0.18195,49.547541],[0.182046,49.547124],[0.181778,49.546572],[0.180543,49.546257],[0.179697,49.545271],[0.179597,49.544871],[0.176906,49.545086],[0.176218,49.544517],[0.175085,49.543944],[0.172901,49.543556],[0.172222,49.543661],[0.170643,49.543448],[0.169888,49.543605],[0.169091,49.543185],[0.167554,49.5416],[0.167242,49.540309],[0.162017,49.540843],[0.161585,49.540627],[0.161817,49.539905],[0.160607,49.539708],[0.159316,49.539264],[0.156619,49.537611],[0.157606,49.536336],[0.156932,49.53606],[0.156617,49.534934],[0.157191,49.534688],[0.154783,49.530023],[0.155182,49.52926],[0.155379,49.525565],[0.155732,49.525379],[0.154071,49.524223],[0.153112,49.52474],[0.152045,49.523963],[0.148198,49.524855],[0.147826,49.524756],[0.146967,49.52561],[0.146787,49.526395],[0.146157,49.526588],[0.144957,49.527658],[0.1441,49.527141],[0.143851,49.527274],[0.136991,49.524951],[0.135034,49.527326],[0.133242,49.526952],[0.133236,49.52727],[0.131975,49.526803],[0.128711,49.527326],[0.127405,49.527339],[0.126019,49.526879],[0.12509,49.526148],[0.124344,49.526416],[0.124535,49.526774],[0.125164,49.527192],[0.124208,49.527758],[0.123143,49.52823],[0.122688,49.527771],[0.120588,49.528702],[0.120463,49.528592],[0.119221,49.529084],[0.119631,49.52958],[0.118766,49.529784],[0.118042,49.530689],[0.119945,49.531201],[0.118936,49.53165],[0.115426,49.532473],[0.113449,49.532442],[0.110904,49.531818],[0.110086,49.531458],[0.108941,49.530644],[0.108104,49.529563],[0.101614,49.530092],[0.102026,49.530711],[0.096237,49.53268],[0.097114,49.534361],[0.093799,49.535064],[0.0895,49.536624],[0.086145,49.538328],[0.082685,49.539485],[0.082245,49.538993],[0.080509,49.539484],[0.077612,49.540031],[0.079744,49.543558],[0.082093,49.546588],[0.082143,49.546934],[0.082376,49.547057],[0.082222,49.547377],[0.082979,49.548497],[0.085345,49.551472],[0.087885,49.555337],[0.089727,49.55735],[0.090937,49.559367],[0.092948,49.561942],[0.094784,49.564828],[0.098745,49.569698],[0.099614,49.571102],[0.099774,49.571845],[0.102104,49.575291],[0.103278,49.577558],[0.103474,49.578372],[0.104792,49.580237],[0.10617,49.58285],[0.107159,49.584169],[0.107289,49.584757],[0.110222,49.587911],[0.111078,49.58909],[0.116648,49.587818],[0.119841,49.586441],[0.121114,49.586188],[0.122541,49.585668],[0.134728,49.584015],[0.138918,49.580351],[0.143551,49.575224],[0.151865,49.576414],[0.152829,49.575341],[0.155611,49.573309]],[[0.182353,49.549223],[0.182479,49.548946],[0.183862,49.548649],[0.183805,49.548242],[0.184419,49.548249],[0.18465,49.548724],[0.183859,49.549249],[0.183168,49.549226],[0.182765,49.549603],[0.182609,49.549289],[0.182353,49.549223]],[[0.181184,49.54945],[0.180963,49.549266],[0.18129,49.549069],[0.182154,49.549289],[0.182019,49.549489],[0.181773,49.549381],[0.181184,49.54945]]]}},{"type":"Feature","properties":{"uai_primary":"0762229K","uai_all":"0762229K","is_merged":false},"geometry":{"type":"Polygon","coordinates":[[[1.123931,49.364339],[1.122869,49.367793],[1.122849,49.370567],[1.124857,49.37111],[1.125783,49.370689],[1.127521,49.36831],[1.128404,49.366603],[1.128956,49.364663],[1.129266,49.360703],[1.130002,49.360755],[1.130029,49.363145],[1.129419,49.367272],[1.132036,49.366859],[1.133554,49.367186],[1.137399,49.368399],[1.138732,49.369215],[1.138515,49.369363],[1.139124,49.369898],[1.139542,49.369922],[1.141052,49.370586],[1.141443,49.37046],[1.14195,49.370872],[1.143537,49.37151],[1.143595,49.372841],[1.144218,49.373362],[1.142692,49.374195],[1.143823,49.375073],[1.143305,49.376026],[1.142198,49.376208],[1.140296,49.377367],[1.14043,49.378195],[1.144063,49.381301],[1.14763,49.382895],[1.148848,49.383787],[1.148859,49.386015],[1.149811,49.387354],[1.150811,49.387892],[1.151914,49.388245],[1.153843,49.387998],[1.156062,49.388164],[1.157919,49.38854],[1.158681,49.388531],[1.159206,49.388337],[1.160558,49.388464],[1.161104,49.388651],[1.162984,49.389979],[1.16339,49.390625],[1.163267,49.391178],[1.163903,49.392275],[1.162733,49.392792],[1.162876,49.392891],[1.160149,49.395648],[1.158496,49.395115],[1.157381,49.396505],[1.157331,49.396738],[1.157876,49.39703],[1.161778,49.398714],[1.159956,49.40035],[1.16014,49.400451],[1.157773,49.401834],[1.156304,49.401058],[1.154077,49.403227],[1.1509,49.401844],[1.149797,49.402905],[1.146507,49.401936],[1.146747,49.40167],[1.145746,49.401378],[1.147441,49.399924],[1.146612,49.399324],[1.147481,49.398672],[1.147731,49.398739],[1.148616,49.397781],[1.148372,49.3977],[1.148779,49.397286],[1.148011,49.39706],[1.146891,49.396969],[1.141691,49.397388],[1.141568,49.397792],[1.139894,49.398101],[1.138989,49.399349],[1.139891,49.399702],[1.140316,49.400152],[1.140418,49.400667],[1.141994,49.402659],[1.142263,49.402353],[1.142502,49.402875],[1.142203,49.402896],[1.141949,49.403346],[1.142383,49.403417],[1.143046,49.404281],[1.144054,49.404792],[1.144067,49.405112],[1.141798,49.404285],[1.141668,49.404519],[1.141211,49.404538],[1.140927,49.404728],[1.135185,49.403706],[1.133906,49.404097],[1.13494,49.404935],[1.135051,49.404689],[1.135491,49.405334],[1.136101,49.405756],[1.135108,49.405861],[1.135171,49.40611],[1.134722,49.406402],[1.134259,49.406637],[1.134191,49.406495],[1.133377,49.406796],[1.133521,49.407068],[1.13264,49.40721],[1.131227,49.407103],[1.127167,49.405837],[1.127373,49.406628],[1.126846,49.408311],[1.126813,49.409546],[1.125781,49.410467],[1.128898,49.412026],[1.128333,49.413648],[1.127579,49.413539],[1.127088,49.413888],[1.127807,49.414282],[1.127215,49.415071],[1.127366,49.41514],[1.126716,49.415812],[1.128407,49.415978],[1.128432,49.416448],[1.129958,49.416309],[1.130119,49.415817],[1.130584,49.415862],[1.13116,49.416097],[1.131226,49.416339],[1.13372,49.416872],[1.133942,49.416351],[1.134403,49.416147],[1.134927,49.416214],[1.135276,49.416101],[1.135961,49.416336],[1.136654,49.416258],[1.137267,49.416502],[1.137521,49.416473],[1.137935,49.416102],[1.137619,49.415771],[1.137736,49.41561],[1.138482,49.415774],[1.139409,49.415689],[1.139782,49.416333],[1.139523,49.416779],[1.139707,49.416936],[1.140587,49.41654],[1.14126,49.416668],[1.141502,49.416163],[1.142553,49.415801],[1.142944,49.415938],[1.143553,49.41667],[1.14425,49.416857],[1.144671,49.417354],[1.145511,49.416829],[1.145876,49.416982],[1.148362,49.416512],[1.148566,49.416655],[1.145673,49.417475],[1.145398,49.417861],[1.146639,49.419391],[1.146153,49.420333],[1.146201,49.423436],[1.145565,49.425131],[1.145389,49.42701],[1.148121,49.427609],[1.14851,49.426719],[1.149286,49.426944],[1.152265,49.425241],[1.151945,49.424984],[1.153341,49.424111],[1.150919,49.422349],[1.151163,49.421929],[1.152217,49.421941],[1.154386,49.421616],[1.15644,49.42085],[1.157819,49.421396],[1.159418,49.421478],[1.160649,49.421779],[1.161968,49.421812],[1.164079,49.421017],[1.166155,49.420657],[1.166383,49.420483],[1.166612,49.418924],[1.165191,49.417693],[1.164715,49.416427],[1.164129,49.416022],[1.163144,49.414684],[1.165694,49.413553],[1.166282,49.414303],[1.169757,49.412911],[1.173487,49.412265],[1.174143,49.412024],[1.175922,49.414828],[1.177868,49.416966],[1.194991,49.412578],[1.205816,49.412499],[1.203848,49.409967],[1.218033,49.400948],[1.219024,49.399581],[1.218432,49.399513],[1.217639,49.399116],[1.21558,49.398503],[1.21313,49.39815],[1.211914,49.397304],[1.210006,49.397847],[1.210745,49.399],[1.209767,49.399964],[1.208914,49.400519],[1.208019,49.400539],[1.206831,49.397894],[1.206535,49.39595],[1.206196,49.395921],[1.205709,49.394565],[1.206249,49.394403],[1.20463,49.392706],[1.204351,49.392825],[1.201668,49.390592],[1.197978,49.39214],[1.195117,49.393126],[1.19523,49.393321],[1.192402,49.39404],[1.191825,49.393728],[1.190571,49.394387],[1.187731,49.393486],[1.183364,49.395323],[1.181977,49.393862],[1.180858,49.390732],[1.177502,49.390611],[1.177599,49.387876],[1.176809,49.387723],[1.17658,49.386021],[1.176112,49.385967],[1.175668,49.384991],[1.175239,49.38513],[1.173789,49.383768],[1.173407,49.383889],[1.172849,49.382308],[1.172395,49.382393],[1.17189,49.38119],[1.171539,49.381219],[1.171429,49.380743],[1.172931,49.380603],[1.172902,49.37936],[1.170302,49.378911],[1.170334,49.378785],[1.169084,49.378933],[1.169174,49.377664],[1.166984,49.377645],[1.167226,49.376496],[1.164525,49.375591],[1.166054,49.372869],[1.16522,49.372609],[1.167546,49.369361],[1.170114,49.370164],[1.170632,49.369525],[1.168127,49.368606],[1.169036,49.367079],[1.170618,49.366551],[1.170445,49.366814],[1.172097,49.366297],[1.172411,49.366815],[1.173025,49.366698],[1.174157,49.368362],[1.176925,49.368536],[1.181291,49.369352],[1.181127,49.369582],[1.182108,49.370143],[1.182789,49.369894],[1.183749,49.369825],[1.184337,49.370307],[1.184945,49.370125],[1.185611,49.370321],[1.18659,49.369123],[1.18682,49.369189],[1.187246,49.368738],[1.187597,49.367995],[1.187933,49.367794],[1.188896,49.367662],[1.193047,49.368081],[1.194123,49.368069],[1.194988,49.367854],[1.195596,49.367055],[1.196223,49.366648],[1.19737,49.366719],[1.197879,49.366617],[1.198386,49.36618],[1.198738,49.365525],[1.198608,49.364517],[1.198994,49.364085],[1.202526,49.362532],[1.203643,49.362244],[1.202032,49.35996],[1.201836,49.358865],[1.202164,49.358037],[1.202041,49.357235],[1.20142,49.356379],[1.199866,49.355042],[1.198581,49.353261],[1.19943,49.351086],[1.199045,49.35077],[1.200137,49.350211],[1.19982,49.350169],[1.198403,49.347886],[1.198243,49.347892],[1.198126,49.347281],[1.198634,49.346074],[1.199306,49.345217],[1.199655,49.343498],[1.201449,49.339537],[1.202154,49.339748],[1.202377,49.339323],[1.204355,49.337444],[1.203347,49.336555],[1.20217,49.337445],[1.20055,49.339267],[1.196173,49.338441],[1.194446,49.337742],[1.193866,49.337731],[1.193075,49.337873],[1.192817,49.338052],[1.190917,49.33832],[1.185927,49.337821],[1.185901,49.338101],[1.185019,49.337989],[1.184147,49.340599],[1.185387,49.340674],[1.185365,49.341004],[1.187607,49.341387],[1.186439,49.342278],[1.183125,49.341993],[1.182802,49.343812],[1.181555,49.343739],[1.181548,49.344062],[1.179822,49.343976],[1.179901,49.342582],[1.178585,49.342529],[1.178605,49.342331],[1.173809,49.342077],[1.172063,49.341584],[1.171761,49.340953],[1.172355,49.338799],[1.168635,49.336012],[1.167586,49.336333],[1.167207,49.336794],[1.166136,49.336914],[1.166716,49.338372],[1.167211,49.338428],[1.167176,49.338867],[1.167377,49.338977],[1.166959,49.339943],[1.166857,49.341109],[1.166259,49.341881],[1.165183,49.341777],[1.164603,49.342961],[1.163176,49.342756],[1.162446,49.342268],[1.162424,49.341886],[1.160364,49.34166],[1.160657,49.340077],[1.159207,49.340001],[1.159248,49.338845],[1.158095,49.338948],[1.157326,49.33794],[1.156668,49.337853],[1.156329,49.336971],[1.154558,49.335129],[1.154121,49.335268],[1.154171,49.335482],[1.151079,49.33585],[1.149673,49.335884],[1.147718,49.335747],[1.147092,49.33549],[1.145549,49.33529],[1.144308,49.330757],[1.145679,49.32951],[1.145425,49.3293],[1.143651,49.329819],[1.141671,49.330021],[1.140319,49.329783],[1.138974,49.329281],[1.138708,49.329007],[1.138559,49.327266],[1.13683,49.325665],[1.133298,49.328762],[1.132351,49.327939],[1.131218,49.327901],[1.129849,49.328137],[1.127091,49.327426],[1.125553,49.326751],[1.123507,49.32637],[1.119772,49.325138],[1.118972,49.325414],[1.116416,49.326907],[1.11589,49.327698],[1.116487,49.328797],[1.118123,49.330485],[1.118314,49.331243],[1.117838,49.331821],[1.119287,49.332718],[1.120737,49.332104],[1.122219,49.331005],[1.123119,49.33067],[1.123117,49.330911],[1.122124,49.33138],[1.121151,49.332486],[1.118786,49.33354],[1.118987,49.334118],[1.118117,49.334563],[1.118198,49.334846],[1.117715,49.334911],[1.11813,49.335539],[1.118634,49.335487],[1.119127,49.335669],[1.120212,49.337316],[1.120835,49.337962],[1.121082,49.337981],[1.12137,49.338417],[1.1224,49.338409],[1.12397,49.338672],[1.124311,49.338884],[1.124104,49.339256],[1.122133,49.338802],[1.121819,49.339122],[1.121217,49.339321],[1.119402,49.340398],[1.121001,49.341112],[1.122565,49.342258],[1.123525,49.343342],[1.124895,49.345577],[1.125337,49.345849],[1.126295,49.347015],[1.127271,49.351062],[1.127275,49.35151],[1.126634,49.353159],[1.128614,49.358339],[1.1289,49.363183],[1.128501,49.365738],[1.128048,49.366743],[1.125783,49.368032],[1.125352,49.367768],[1.126374,49.366797],[1.127319,49.363277],[1.126569,49.363195],[1.127459,49.359177],[1.127504,49.357918],[1.127209,49.357095],[1.126509,49.356473],[1.126408,49.359924],[1.125304,49.359917],[1.124833,49.362229],[1.123931,49.364339]]]}},{"type":"Feature","properties":{"uai_primary":"0762286X","uai_all":"0762286X","is_merged":false},"geometry":{"type":"Polygon","coordinates":[[[0.942089,49.539465],[0.942264,49.539074],[0.941949,49.538881],[0.94158,49.539226],[0.94188,49.53953],[0.942089,49.539465]],[[0.94869,49.54154],[0.94895,49.541746],[0.95015,49.541706],[0.949778,49.541423],[0.949754,49.540681],[0.94914,49.539929],[0.947964,49.539373],[0.948383,49.541235],[0.94869,49.54154]],[[0.948367,49.542751],[0.947496,49.542934],[0.947157,49.542575],[0.946891,49.54261],[0.946706,49.543051],[0.947616,49.543535],[0.948093,49.543507],[0.948667,49.543869],[0.948924,49.543845],[0.948971,49.544009],[0.948734,49.544072],[0.948377,49.544688],[0.948961,49.545079],[0.950029,49.5453],[0.950481,49.545626],[0.951359,49.545791],[0.951506,49.546011],[0.950997,49.546123],[0.950923,49.546594],[0.950203,49.54682],[0.949504,49.548248],[0.949499,49.550387],[0.950057,49.550534],[0.950846,49.550109],[0.951411,49.55024],[0.952002,49.551156],[0.951175,49.553073],[0.950378,49.553802],[0.949186,49.555839],[0.948476,49.555872],[0.944363,49.554575],[0.943328,49.555106],[0.943175,49.555822],[0.945066,49.558181],[0.943726,49.561728],[0.945272,49.561104],[0.946391,49.560926],[0.950609,49.561267],[0.950632,49.560969],[0.956452,49.561717],[0.956704,49.561788],[0.957002,49.56229],[0.95749,49.562521],[0.957331,49.562724],[0.95887,49.563624],[0.95948,49.56367],[0.95948,49.563843],[0.961155,49.563896],[0.962789,49.56453],[0.9629,49.564455],[0.967395,49.565684],[0.967444,49.565913],[0.973195,49.56439],[0.973311,49.564952],[0.973969,49.56482],[0.974202,49.565299],[0.97778,49.564663],[0.977998,49.564653],[0.978048,49.564919],[0.980676,49.5647],[0.979366,49.563799],[0.977722,49.562247],[0.977559,49.561785],[0.977828,49.560035],[0.976956,49.560527],[0.975953,49.560639],[0.975952,49.559638],[0.976437,49.557924],[0.97729,49.558059],[0.977893,49.55754],[0.98065,49.556736],[0.981122,49.55574],[0.981391,49.554384],[0.980986,49.553363],[0.981014,49.552483],[0.981931,49.550875],[0.979406,49.550278],[0.978327,49.549791],[0.977398,49.549095],[0.976371,49.548979],[0.975779,49.548682],[0.975435,49.547447],[0.977184,49.546581],[0.971459,49.546993],[0.967683,49.544846],[0.966657,49.544765],[0.962805,49.546162],[0.960605,49.545858],[0.958877,49.545246],[0.958168,49.545288],[0.956979,49.545767],[0.956655,49.545488],[0.956758,49.544314],[0.955902,49.544317],[0.954568,49.543535],[0.953549,49.543379],[0.952786,49.542742],[0.950804,49.542475],[0.950399,49.542267],[0.949664,49.542511],[0.948819,49.542036],[0.948851,49.542352],[0.949431,49.542665],[0.948741,49.542902],[0.948367,49.542751]],[[0.807528,49.535515],[0.803949,49.535991],[0.802781,49.535818],[0.802525,49.534968],[0.803319,49.53482],[0.803302,49.534098],[0.801565,49.533776],[0.801106,49.533783],[0.801101,49.534169],[0.800232,49.534101],[0.798246,49.534834],[0.793311,49.534947],[0.791721,49.535328],[0.789565,49.535041],[0.788936,49.535779],[0.787674,49.535258],[0.787597,49.534515],[0.787058,49.534485],[0.785724,49.534953],[0.7853,49.534672],[0.784123,49.538441],[0.783755,49.538704],[0.782946,49.538788],[0.782495,49.539054],[0.781517,49.540428],[0.781812,49.541228],[0.781668,49.541488],[0.781124,49.541773],[0.778617,49.542098],[0.777985,49.541896],[0.778226,49.543565],[0.776679,49.543879],[0.776706,49.543448],[0.776137,49.543539],[0.775989,49.543959],[0.774896,49.543982],[0.774518,49.543283],[0.773554,49.542495],[0.772847,49.543025],[0.772093,49.544464],[0.771108,49.545225],[0.771366,49.548096],[0.770965,49.547624],[0.768378,49.547591],[0.767096,49.547935],[0.76745,49.548595],[0.766321,49.54886],[0.764372,49.547855],[0.762803,49.547557],[0.761869,49.547814],[0.761309,49.548481],[0.761497,49.549139],[0.764298,49.551031],[0.765168,49.552806],[0.764913,49.553882],[0.763676,49.555905],[0.762515,49.556772],[0.762586,49.557168],[0.763426,49.55779],[0.763586,49.558457],[0.76581,49.558126],[0.765898,49.558459],[0.764827,49.561696],[0.764322,49.561961],[0.764541,49.562519],[0.763957,49.563293],[0.764085,49.564037],[0.765386,49.566122],[0.76671,49.567206],[0.767984,49.567737],[0.769101,49.56796],[0.769584,49.569139],[0.772188,49.571194],[0.773094,49.571726],[0.774742,49.572351],[0.775668,49.572979],[0.776342,49.573794],[0.776841,49.575127],[0.777311,49.575571],[0.779442,49.5764],[0.7808,49.577568],[0.78222,49.576929],[0.787464,49.575192],[0.788011,49.575855],[0.787928,49.575968],[0.790025,49.577613],[0.791741,49.578534],[0.791671,49.578728],[0.795152,49.57913],[0.802763,49.583169],[0.80301,49.583659],[0.801482,49.584265],[0.801047,49.584807],[0.801201,49.584863],[0.800449,49.585591],[0.800604,49.585655],[0.798854,49.587551],[0.79954,49.587742],[0.799208,49.588421],[0.799359,49.588484],[0.799027,49.589225],[0.798997,49.590083],[0.797242,49.591306],[0.796298,49.592543],[0.796406,49.593098],[0.797552,49.594969],[0.797569,49.59615],[0.798101,49.597183],[0.798938,49.599821],[0.798849,49.600234],[0.79776,49.601187],[0.798019,49.603082],[0.7993,49.604746],[0.802145,49.602696],[0.801562,49.60165],[0.802283,49.600774],[0.802671,49.59959],[0.800064,49.595233],[0.799581,49.594105],[0.799777,49.593789],[0.801511,49.592787],[0.802093,49.593549],[0.803581,49.594749],[0.804803,49.59505],[0.804951,49.595376],[0.811324,49.597094],[0.812385,49.597072],[0.813048,49.598109],[0.814428,49.599655],[0.816243,49.601027],[0.8202,49.601623],[0.820354,49.602134],[0.820772,49.602583],[0.820221,49.603475],[0.818716,49.603372],[0.817614,49.603796],[0.818536,49.604615],[0.820474,49.607445],[0.820421,49.610028],[0.822474,49.609573],[0.823378,49.610483],[0.824328,49.610639],[0.825228,49.610593],[0.824842,49.608535],[0.824967,49.608077],[0.82439,49.606275],[0.823909,49.606375],[0.82367,49.605085],[0.823776,49.604393],[0.824219,49.604344],[0.823911,49.60317],[0.825148,49.602926],[0.825317,49.603304],[0.826033,49.60317],[0.826362,49.604046],[0.826626,49.604023],[0.826942,49.604874],[0.826696,49.604914],[0.827556,49.60721],[0.826856,49.607435],[0.827334,49.608583],[0.828973,49.608017],[0.829421,49.60922],[0.829812,49.609075],[0.830041,49.609256],[0.832852,49.611779],[0.833727,49.613261],[0.834044,49.613221],[0.834851,49.615358],[0.835508,49.614956],[0.835975,49.615281],[0.840291,49.612994],[0.848607,49.608164],[0.84939,49.607865],[0.849525,49.607938],[0.855864,49.605102],[0.857863,49.606686],[0.857818,49.609243],[0.860584,49.610823],[0.860384,49.610953],[0.865711,49.613895],[0.865504,49.614137],[0.866672,49.614331],[0.865998,49.61693],[0.869202,49.617946],[0.870317,49.613889],[0.87178,49.611695],[0.874006,49.610089],[0.87662,49.606977],[0.877804,49.604875],[0.879128,49.603281],[0.879529,49.60218],[0.880337,49.601277],[0.880456,49.60064],[0.880085,49.599277],[0.88191,49.597639],[0.882593,49.597274],[0.884448,49.598118],[0.891211,49.598383],[0.891547,49.598224],[0.89315,49.598383],[0.89443,49.598679],[0.895958,49.598422],[0.897729,49.597558],[0.897659,49.597126],[0.899151,49.596542],[0.900205,49.596796],[0.901106,49.598311],[0.90363,49.597864],[0.904288,49.59745],[0.904629,49.596106],[0.904375,49.59557],[0.903317,49.594739],[0.903307,49.594343],[0.903742,49.593802],[0.904779,49.593279],[0.90684,49.592556],[0.907299,49.592516],[0.907735,49.592737],[0.909342,49.592685],[0.910688,49.592527],[0.911126,49.592344],[0.91064,49.591869],[0.910629,49.591458],[0.911868,49.590231],[0.912576,49.588817],[0.912371,49.588314],[0.912692,49.587811],[0.912641,49.587261],[0.913185,49.586624],[0.914639,49.585896],[0.915391,49.585726],[0.915467,49.585461],[0.917327,49.58548],[0.918475,49.585062],[0.91863,49.584992],[0.918087,49.584237],[0.921237,49.58309],[0.920968,49.582377],[0.920705,49.58245],[0.920009,49.581355],[0.919438,49.581522],[0.918232,49.57956],[0.91782,49.579717],[0.910405,49.575573],[0.911089,49.575091],[0.909019,49.573971],[0.910756,49.57339],[0.913984,49.57131],[0.919147,49.568727],[0.921025,49.567171],[0.919758,49.566637],[0.917527,49.567499],[0.911337,49.565292],[0.909404,49.564775],[0.908612,49.563388],[0.90728,49.562491],[0.905309,49.56068],[0.906821,49.559715],[0.906329,49.559426],[0.909635,49.557432],[0.912486,49.559169],[0.914862,49.559707],[0.918128,49.558875],[0.918411,49.559885],[0.919409,49.561274],[0.920101,49.561908],[0.920533,49.561817],[0.920991,49.563067],[0.923089,49.565139],[0.926046,49.562762],[0.927681,49.561748],[0.928627,49.559095],[0.925867,49.557232],[0.928457,49.556108],[0.92742,49.555269],[0.926651,49.55302],[0.925956,49.55175],[0.939023,49.549865],[0.938963,49.549097],[0.938281,49.548221],[0.938344,49.547387],[0.939363,49.546608],[0.939513,49.54668],[0.943202,49.543862],[0.943067,49.543812],[0.943278,49.543592],[0.940718,49.54196],[0.940171,49.541343],[0.941453,49.541483],[0.941822,49.540921],[0.940162,49.538624],[0.941804,49.537728],[0.940596,49.537136],[0.939802,49.535965],[0.938832,49.535076],[0.939306,49.53491],[0.940819,49.535344],[0.940755,49.534327],[0.942198,49.534403],[0.942545,49.534125],[0.942114,49.533827],[0.942178,49.533593],[0.942499,49.533651],[0.945554,49.532027],[0.945533,49.531853],[0.944898,49.531774],[0.944796,49.531642],[0.946075,49.531159],[0.945356,49.530412],[0.943872,49.527748],[0.94481,49.527078],[0.942239,49.524755],[0.941421,49.523531],[0.941818,49.523607],[0.942086,49.523431],[0.94307,49.523627],[0.944098,49.523192],[0.944336,49.522906],[0.944224,49.52233],[0.942782,49.520915],[0.941865,49.520535],[0.941223,49.520471],[0.941583,49.519862],[0.93929,49.519039],[0.937778,49.517249],[0.936798,49.517562],[0.936015,49.516244],[0.931158,49.51689],[0.929885,49.517594],[0.928898,49.517853],[0.927752,49.51786],[0.926671,49.517428],[0.927508,49.521764],[0.919196,49.523958],[0.91975,49.525363],[0.919644,49.525786],[0.919426,49.525817],[0.918432,49.525099],[0.917239,49.525338],[0.916861,49.525801],[0.916002,49.525117],[0.911993,49.526046],[0.91238,49.527235],[0.911624,49.528194],[0.910592,49.528929],[0.910896,49.530281],[0.9105,49.531898],[0.909722,49.532544],[0.908832,49.532775],[0.908318,49.53273],[0.908223,49.532843],[0.90912,49.533595],[0.90922,49.533985],[0.90994,49.534721],[0.908922,49.535266],[0.908931,49.535606],[0.908448,49.535989],[0.908229,49.537264],[0.907161,49.537404],[0.907524,49.537921],[0.908143,49.538362],[0.90763,49.538607],[0.908009,49.538966],[0.906721,49.539819],[0.905192,49.540225],[0.905289,49.541991],[0.904971,49.542001],[0.904333,49.542967],[0.90363,49.543005],[0.902923,49.543799],[0.901132,49.544866],[0.896614,49.54171],[0.892623,49.544486],[0.891574,49.543913],[0.891009,49.543277],[0.890397,49.543172],[0.887427,49.540819],[0.88922,49.539965],[0.888074,49.538959],[0.886131,49.539365],[0.885044,49.539836],[0.884039,49.540408],[0.883322,49.54112],[0.881703,49.541786],[0.88162,49.54158],[0.880165,49.542099],[0.879824,49.541889],[0.879134,49.542509],[0.877801,49.541861],[0.877317,49.542913],[0.8761,49.542447],[0.874357,49.543583],[0.871886,49.542068],[0.868561,49.539277],[0.86562,49.540805],[0.865024,49.540249],[0.863803,49.541156],[0.856054,49.544983],[0.855711,49.546599],[0.85367,49.546204],[0.85356,49.543644],[0.849173,49.541656],[0.848031,49.543165],[0.8467,49.542512],[0.846631,49.541991],[0.847218,49.539908],[0.846541,49.539735],[0.846791,49.539022],[0.845545,49.538821],[0.843716,49.540502],[0.839694,49.538957],[0.837266,49.538882],[0.836382,49.53796],[0.835672,49.537861],[0.8343,49.537343],[0.834451,49.537204],[0.831331,49.535712],[0.828552,49.534788],[0.824864,49.533866],[0.823922,49.534415],[0.823081,49.534632],[0.822442,49.534229],[0.821059,49.534524],[0.818679,49.53461],[0.818559,49.53488],[0.817963,49.534771],[0.816046,49.533786],[0.81578,49.533369],[0.814652,49.532739],[0.813599,49.531808],[0.81212,49.531453],[0.810409,49.532938],[0.808753,49.532398],[0.807528,49.535515]]]}},{"type":"Feature","properties":{"uai_primary":"0762287Y","uai_all":"0762287Y","is_merged":false},"geometry":{"type":"Polygon","coordinates":[[[0.332157,49.733393],[0.331669,49.733432],[0.330853,49.732944],[0.329774,49.732591],[0.32869,49.732611],[0.326434,49.733204],[0.32156,49.73491],[0.320937,49.735596],[0.320425,49.737407],[0.323051,49.738244],[0.324356,49.738909],[0.322553,49.739458],[0.322451,49.739761],[0.320477,49.740874],[0.319826,49.741415],[0.322192,49.741931],[0.324786,49.743001],[0.325899,49.743213],[0.329442,49.744599],[0.330206,49.744686],[0.335933,49.746587],[0.340107,49.7485],[0.341381,49.748813],[0.347301,49.751029],[0.357482,49.7566],[0.359309,49.758078],[0.3623,49.761465],[0.363286,49.761612],[0.363627,49.76234],[0.364252,49.761819],[0.364698,49.76187],[0.366852,49.760916],[0.367315,49.761357],[0.367957,49.761007],[0.370118,49.760668],[0.370768,49.760344],[0.371891,49.760217],[0.372261,49.759971],[0.373471,49.759706],[0.374128,49.759704],[0.375972,49.760819],[0.376749,49.760705],[0.376521,49.759957],[0.375714,49.759101],[0.375085,49.758982],[0.375217,49.758645],[0.375715,49.758576],[0.375993,49.758899],[0.376615,49.758829],[0.376867,49.758525],[0.377349,49.758349],[0.376876,49.758261],[0.37678,49.757907],[0.37646,49.757682],[0.376328,49.757768],[0.375559,49.757589],[0.375666,49.756994],[0.37537,49.756802],[0.375431,49.756369],[0.37387,49.755932],[0.373764,49.755538],[0.372972,49.754825],[0.373013,49.754371],[0.371961,49.753918],[0.371084,49.752956],[0.370796,49.752276],[0.371303,49.751937],[0.371398,49.751411],[0.370794,49.751165],[0.370694,49.750837],[0.370924,49.750629],[0.370932,49.750993],[0.371452,49.75103],[0.371559,49.750835],[0.370807,49.749461],[0.371379,49.749422],[0.37095,49.748954],[0.371639,49.747994],[0.372725,49.747308],[0.371874,49.747107],[0.372058,49.746933],[0.372098,49.746124],[0.372599,49.745837],[0.372001,49.745425],[0.371678,49.745456],[0.370798,49.745072],[0.370565,49.744525],[0.369532,49.744434],[0.369284,49.744083],[0.369553,49.744075],[0.369723,49.743616],[0.37018,49.743659],[0.37024,49.743882],[0.371013,49.743989],[0.371133,49.743699],[0.37247,49.743659],[0.374018,49.742803],[0.374186,49.742368],[0.375142,49.741467],[0.375682,49.741405],[0.376869,49.740545],[0.37719,49.739526],[0.377015,49.738916],[0.376651,49.73868],[0.377222,49.73745],[0.377838,49.737394],[0.378684,49.736203],[0.380169,49.731909],[0.380063,49.731007],[0.378817,49.729821],[0.378415,49.729199],[0.376571,49.728699],[0.371255,49.726423],[0.371039,49.726715],[0.369826,49.726279],[0.369995,49.724553],[0.367593,49.723855],[0.367094,49.721108],[0.364076,49.721302],[0.363559,49.718343],[0.358636,49.71865],[0.359307,49.716636],[0.359404,49.715584],[0.361197,49.71523],[0.361982,49.714695],[0.359903,49.713519],[0.359514,49.71294],[0.358262,49.71232],[0.358418,49.712177],[0.35661,49.711654],[0.356156,49.711983],[0.347869,49.707968],[0.349658,49.706758],[0.344089,49.704923],[0.342603,49.703881],[0.337537,49.704378],[0.337962,49.705468],[0.334578,49.705931],[0.332647,49.706544],[0.324893,49.708297],[0.319957,49.7063],[0.31888,49.706776],[0.312516,49.70555],[0.311989,49.706159],[0.311093,49.70669],[0.311435,49.706806],[0.309891,49.707812],[0.309432,49.707653],[0.30745,49.708982],[0.305498,49.70978],[0.303417,49.711114],[0.304799,49.712735],[0.304119,49.713375],[0.302224,49.714474],[0.305095,49.716614],[0.304511,49.718401],[0.303465,49.720173],[0.302786,49.720677],[0.302328,49.720965],[0.299523,49.721576],[0.296355,49.723674],[0.296988,49.724659],[0.297063,49.725209],[0.296105,49.727837],[0.296122,49.729947],[0.295059,49.730881],[0.293033,49.73163],[0.292346,49.732258],[0.293289,49.734578],[0.293846,49.735128],[0.294166,49.735228],[0.294037,49.735812],[0.294329,49.735894],[0.293846,49.738144],[0.294068,49.738144],[0.293856,49.739475],[0.295685,49.740067],[0.297728,49.739734],[0.29929,49.740098],[0.300311,49.737592],[0.299523,49.738046],[0.298975,49.738101],[0.299373,49.736971],[0.298965,49.735782],[0.301508,49.735966],[0.302861,49.735846],[0.302941,49.735236],[0.304104,49.73261],[0.307476,49.732789],[0.306693,49.730581],[0.306498,49.728865],[0.306618,49.728108],[0.306283,49.726966],[0.316465,49.727719],[0.316296,49.726638],[0.321234,49.727825],[0.321192,49.728682],[0.321611,49.729721],[0.323099,49.731285],[0.324177,49.731139],[0.324688,49.731481],[0.325781,49.731204],[0.326863,49.73159],[0.329592,49.731324],[0.330518,49.731595],[0.331518,49.732214],[0.332157,49.733393]],[[0.371825,49.74393],[0.371253,49.743836],[0.371062,49.743994],[0.371448,49.744324],[0.371865,49.744164],[0.371825,49.74393]],[[0.400521,49.752236],[0.400847,49.75216],[0.40052,49.751712],[0.399942,49.751756],[0.399594,49.751958],[0.399668,49.752311],[0.400521,49.752236]],[[0.400465,49.752142],[0.400287,49.752101],[0.400391,49.751998],[0.400465,49.752142]],[[0.377563,49.757745],[0.377265,49.757406],[0.376897,49.757653],[0.377306,49.757803],[0.377563,49.757745]]]}},{"type":"Feature","properties":{"uai_primary":"0762288Z","uai_all":"0762288Z","is_merged":false},"geometry":{"type":"Polygon","coordinates":[[[0.182966,49.548834],[0.182479,49.548946],[0.182353,49.549223],[0.182609,49.549289],[0.182765,49.549603],[0.183168,49.549226],[0.183859,49.549249],[0.184674,49.548594],[0.184419,49.548249],[0.183834,49.548234],[0.183862,49.548649],[0.182966,49.548834]],[[0.180968,49.549259],[0.181332,49.549521],[0.181773,49.549381],[0.182019,49.549489],[0.182154,49.549289],[0.18129,49.549069],[0.180968,49.549259]],[[0.146158,49.557711],[0.147483,49.557352],[0.147197,49.556161],[0.150022,49.555952],[0.149516,49.554454],[0.148715,49.553073],[0.151887,49.552229],[0.150977,49.550245],[0.151179,49.550216],[0.15076,49.549163],[0.14709,49.548254],[0.14744,49.546037],[0.147226,49.543764],[0.149232,49.543289],[0.150191,49.543636],[0.150871,49.543612],[0.154005,49.542501],[0.15857,49.542757],[0.160565,49.543103],[0.161585,49.540627],[0.162017,49.540843],[0.167242,49.540309],[0.167554,49.5416],[0.169091,49.543185],[0.169888,49.543605],[0.170643,49.543448],[0.172222,49.543661],[0.172901,49.543556],[0.175085,49.543944],[0.176218,49.544517],[0.176906,49.545086],[0.179597,49.544871],[0.179697,49.545271],[0.180543,49.546257],[0.181778,49.546572],[0.182046,49.547124],[0.18195,49.547541],[0.182453,49.547685],[0.184299,49.5477],[0.184549,49.54812],[0.185046,49.548068],[0.185532,49.548369],[0.185793,49.548376],[0.186299,49.547839],[0.186497,49.547834],[0.186978,49.54834],[0.187658,49.548462],[0.18752,49.54887],[0.18778,49.54913],[0.187778,49.549673],[0.187139,49.550015],[0.186862,49.551262],[0.186532,49.551487],[0.18682,49.55187],[0.185902,49.552693],[0.18526,49.552457],[0.184871,49.552618],[0.185245,49.553071],[0.184724,49.553699],[0.184823,49.554105],[0.184253,49.553875],[0.184129,49.55414],[0.183577,49.55439],[0.183799,49.554582],[0.184482,49.554641],[0.187167,49.554419],[0.187203,49.554189],[0.188034,49.554168],[0.18795,49.554404],[0.189253,49.555423],[0.189682,49.555095],[0.191395,49.556681],[0.191896,49.556823],[0.193103,49.556667],[0.193372,49.556752],[0.193823,49.557954],[0.196241,49.560272],[0.196581,49.560891],[0.196252,49.561487],[0.19462,49.562057],[0.194321,49.562326],[0.194201,49.563338],[0.195186,49.564867],[0.195346,49.565686],[0.196827,49.565672],[0.199518,49.565266],[0.201594,49.566021],[0.20213,49.566367],[0.204339,49.56615],[0.205121,49.565936],[0.205417,49.566333],[0.205773,49.566315],[0.207168,49.565917],[0.204704,49.564197],[0.206594,49.562995],[0.209234,49.56192],[0.210266,49.560037],[0.212296,49.558736],[0.213135,49.557991],[0.214175,49.558528],[0.213662,49.558042],[0.213643,49.557761],[0.214422,49.557323],[0.214537,49.556912],[0.216039,49.555729],[0.215581,49.554983],[0.216054,49.554376],[0.214832,49.553775],[0.216228,49.552951],[0.216771,49.553218],[0.217584,49.552671],[0.218946,49.55333],[0.224142,49.55253],[0.231146,49.553776],[0.230559,49.554457],[0.233723,49.555357],[0.235769,49.552948],[0.238976,49.553818],[0.238479,49.551533],[0.237649,49.549605],[0.233432,49.55069],[0.232465,49.550443],[0.229776,49.550323],[0.229877,49.550178],[0.22927,49.549337],[0.230311,49.548911],[0.230127,49.548566],[0.232536,49.547789],[0.233054,49.547126],[0.233967,49.547027],[0.234352,49.546514],[0.23238,49.545691],[0.230111,49.545013],[0.230603,49.544354],[0.223652,49.541042],[0.218548,49.53647],[0.2169,49.537009],[0.216052,49.536158],[0.216626,49.53574],[0.215907,49.535228],[0.216072,49.534874],[0.21513,49.534303],[0.216781,49.53302],[0.218131,49.53153],[0.21671,49.530037],[0.21525,49.52891],[0.214954,49.528378],[0.214999,49.527674],[0.215232,49.527057],[0.217031,49.526131],[0.217978,49.524603],[0.218936,49.524187],[0.218649,49.523862],[0.217336,49.523296],[0.214816,49.522893],[0.212588,49.523023],[0.211377,49.52249],[0.211376,49.522861],[0.208301,49.522654],[0.206863,49.522219],[0.206796,49.522389],[0.202332,49.521088],[0.202375,49.520839],[0.201433,49.520826],[0.201026,49.520564],[0.199915,49.520382],[0.200083,49.52011],[0.199467,49.519664],[0.194954,49.518899],[0.194525,49.519571],[0.19483,49.520372],[0.194405,49.520832],[0.19419,49.521579],[0.193147,49.521363],[0.192784,49.522142],[0.191485,49.522057],[0.19062,49.523223],[0.189349,49.52302],[0.189597,49.524865],[0.188929,49.526427],[0.18877,49.526407],[0.188659,49.525889],[0.187736,49.526001],[0.187295,49.525882],[0.187138,49.526432],[0.184934,49.525893],[0.183309,49.525341],[0.182709,49.524674],[0.182144,49.525041],[0.181569,49.525977],[0.180967,49.525446],[0.176338,49.526729],[0.17594,49.526203],[0.175219,49.526567],[0.174421,49.527639],[0.17518,49.527584],[0.175415,49.527828],[0.174333,49.528984],[0.172697,49.529851],[0.171716,49.530645],[0.171256,49.53057],[0.170492,49.533429],[0.170161,49.533747],[0.169197,49.533683],[0.168666,49.535522],[0.167558,49.535497],[0.167462,49.536037],[0.164561,49.535569],[0.164482,49.535409],[0.162352,49.535124],[0.158501,49.535441],[0.157606,49.536336],[0.156932,49.53606],[0.156617,49.534934],[0.157191,49.534688],[0.154783,49.530023],[0.155182,49.52926],[0.155379,49.525565],[0.155732,49.525379],[0.154071,49.524223],[0.153112,49.52474],[0.152045,49.523963],[0.148198,49.524855],[0.147826,49.524756],[0.146967,49.52561],[0.146787,49.526395],[0.146157,49.526588],[0.144957,49.527658],[0.1441,49.527141],[0.143851,49.527274],[0.136991,49.524951],[0.135034,49.527326],[0.133242,49.526952],[0.133236,49.52727],[0.131975,49.526803],[0.128711,49.527326],[0.127405,49.527339],[0.126019,49.526879],[0.12509,49.526148],[0.124344,49.526416],[0.124535,49.526774],[0.125164,49.527192],[0.124208,49.527758],[0.123143,49.52823],[0.122688,49.527771],[0.120588,49.528702],[0.120463,49.528592],[0.119221,49.529084],[0.119631,49.52958],[0.118766,49.529784],[0.118042,49.530689],[0.120407,49.531321],[0.121885,49.531243],[0.122162,49.531455],[0.121603,49.531693],[0.122297,49.53218],[0.122047,49.53231],[0.123476,49.534511],[0.124703,49.533991],[0.127034,49.533483],[0.126989,49.535024],[0.12608,49.537422],[0.125311,49.538761],[0.125864,49.539187],[0.124767,49.539865],[0.125696,49.5407],[0.125915,49.540617],[0.126818,49.541461],[0.127258,49.541338],[0.127346,49.541707],[0.12781,49.54214],[0.126731,49.542628],[0.127909,49.543885],[0.128775,49.545832],[0.13167,49.548529],[0.133059,49.55019],[0.135112,49.55203],[0.137664,49.555127],[0.138546,49.55572],[0.139609,49.5574],[0.141504,49.558956],[0.144551,49.558899],[0.144484,49.558172],[0.146158,49.557711]]]}},{"type":"Feature","properties":{"uai_primary":"0762289A","uai_all":"0762289A","is_merged":false},"geometry":{"type":"Polygon","coordinates":[[[0.584541,49.500499],[0.58495,49.499596],[0.58364,49.499859],[0.583543,49.499618],[0.582124,49.498749],[0.581119,49.498414],[0.579401,49.498117],[0.580751,49.500146],[0.5828,49.50255],[0.583057,49.502622],[0.584541,49.500499]],[[0.568926,49.51137],[0.567814,49.51141],[0.566469,49.51113],[0.5639,49.510095],[0.557652,49.510573],[0.552743,49.511297],[0.550849,49.511433],[0.553031,49.51313],[0.552554,49.513459],[0.553517,49.514175],[0.554332,49.514409],[0.555058,49.514942],[0.556653,49.516591],[0.556699,49.517386],[0.555653,49.519391],[0.555993,49.52014],[0.55583,49.520242],[0.555376,49.519607],[0.555331,49.518975],[0.553441,49.518872],[0.553471,49.517352],[0.553141,49.516558],[0.552326,49.515319],[0.550682,49.513846],[0.54944,49.513748],[0.546217,49.515501],[0.545729,49.515846],[0.544994,49.516864],[0.54486,49.517516],[0.54489,49.517613],[0.545229,49.517186],[0.545379,49.517209],[0.546367,49.51754],[0.547352,49.518148],[0.551046,49.51842],[0.551684,49.518803],[0.55212,49.520408],[0.553101,49.522097],[0.552736,49.522368],[0.553073,49.523007],[0.551845,49.523164],[0.551822,49.524071],[0.551285,49.524239],[0.552006,49.52499],[0.552114,49.525657],[0.553127,49.525073],[0.554514,49.524949],[0.554259,49.525716],[0.553955,49.525796],[0.553871,49.526176],[0.553574,49.52639],[0.553883,49.527028],[0.552471,49.530688],[0.551215,49.530744],[0.552363,49.532975],[0.552675,49.532929],[0.55388,49.53412],[0.553293,49.534601],[0.555005,49.534707],[0.5558,49.534909],[0.558396,49.534954],[0.558678,49.535399],[0.558571,49.53578],[0.561356,49.536748],[0.562118,49.536517],[0.565977,49.534574],[0.5679,49.53385],[0.56903,49.533843],[0.569545,49.533605],[0.569464,49.534425],[0.568429,49.534429],[0.567638,49.534641],[0.56316,49.53714],[0.561859,49.538726],[0.562773,49.539282],[0.563972,49.539216],[0.565171,49.539382],[0.567259,49.539403],[0.57167,49.539913],[0.571405,49.541615],[0.572272,49.541736],[0.573425,49.542281],[0.574067,49.54293],[0.575701,49.543601],[0.576282,49.543141],[0.583177,49.545137],[0.582566,49.54555],[0.58241,49.545512],[0.581956,49.546378],[0.583116,49.546962],[0.584844,49.547558],[0.584737,49.547815],[0.585701,49.547963],[0.58585,49.547513],[0.586613,49.54754],[0.587173,49.548009],[0.588125,49.546531],[0.587589,49.546406],[0.588169,49.544669],[0.589646,49.544355],[0.590284,49.547747],[0.589786,49.547749],[0.589784,49.548647],[0.590584,49.54972],[0.590355,49.550998],[0.589862,49.551702],[0.589224,49.551465],[0.588523,49.551752],[0.588108,49.551363],[0.58601,49.553147],[0.584461,49.552587],[0.583261,49.552508],[0.580657,49.555385],[0.578994,49.554735],[0.578328,49.555751],[0.577015,49.555086],[0.575739,49.556321],[0.586526,49.563788],[0.590028,49.564299],[0.592387,49.5643],[0.595134,49.56402],[0.600245,49.564349],[0.600928,49.567662],[0.602982,49.567379],[0.604882,49.568807],[0.605449,49.569548],[0.609172,49.568811],[0.610117,49.570211],[0.611689,49.569588],[0.610676,49.568264],[0.611899,49.567722],[0.612702,49.567099],[0.613611,49.567225],[0.613998,49.5669],[0.617227,49.568162],[0.618304,49.568225],[0.627491,49.566551],[0.628847,49.566945],[0.629611,49.565935],[0.627858,49.564371],[0.629003,49.563707],[0.627407,49.562028],[0.630842,49.560849],[0.63246,49.559876],[0.632148,49.559745],[0.633969,49.558803],[0.631865,49.557997],[0.631635,49.556717],[0.631345,49.556389],[0.630138,49.555715],[0.630354,49.554769],[0.63143,49.554309],[0.631684,49.554016],[0.630985,49.55154],[0.630643,49.552593],[0.630368,49.552203],[0.629967,49.552196],[0.62958,49.552559],[0.629247,49.55258],[0.628372,49.550194],[0.627334,49.549873],[0.628777,49.549215],[0.629733,49.549294],[0.629195,49.548984],[0.628473,49.548848],[0.626446,49.549348],[0.624169,49.549347],[0.623396,49.549566],[0.622957,49.550447],[0.621983,49.5511],[0.618776,49.551446],[0.617375,49.551451],[0.617252,49.550845],[0.617007,49.550878],[0.616697,49.550253],[0.615371,49.550458],[0.614989,49.549788],[0.618748,49.549374],[0.619253,49.548322],[0.617272,49.548393],[0.614477,49.548977],[0.613999,49.548384],[0.616346,49.547676],[0.615383,49.546817],[0.612595,49.543235],[0.613109,49.541455],[0.613786,49.540287],[0.616156,49.537638],[0.618244,49.535965],[0.617585,49.535528],[0.620119,49.534497],[0.622614,49.532924],[0.625959,49.531378],[0.625804,49.529887],[0.626757,49.529846],[0.626726,49.527112],[0.629531,49.526977],[0.629377,49.525815],[0.630082,49.525813],[0.630061,49.52486],[0.630595,49.524717],[0.629094,49.523214],[0.628973,49.522891],[0.630163,49.522848],[0.632188,49.520181],[0.632347,49.520233],[0.633172,49.519182],[0.633392,49.519256],[0.633802,49.517852],[0.634161,49.517877],[0.634359,49.516671],[0.633847,49.515281],[0.632073,49.516089],[0.628956,49.517022],[0.627592,49.516796],[0.62824,49.514624],[0.628348,49.513268],[0.626981,49.51318],[0.627292,49.511766],[0.631301,49.511375],[0.630968,49.510654],[0.630848,49.509456],[0.63194,49.509312],[0.632085,49.507937],[0.631107,49.507796],[0.631168,49.5075],[0.629502,49.50721],[0.629578,49.507037],[0.630166,49.507132],[0.630845,49.505595],[0.630955,49.503512],[0.630594,49.502938],[0.63,49.503],[0.629174,49.501689],[0.628611,49.501704],[0.628614,49.500337],[0.62897,49.498989],[0.626064,49.497881],[0.624639,49.496815],[0.623112,49.49599],[0.620803,49.495499],[0.618622,49.494606],[0.619476,49.49386],[0.618502,49.493433],[0.618675,49.493284],[0.617759,49.492878],[0.618921,49.491785],[0.619316,49.490062],[0.618145,49.489647],[0.617968,49.489859],[0.617317,49.489542],[0.616813,49.48969],[0.611096,49.49511],[0.609902,49.5005],[0.605313,49.502863],[0.600829,49.505937],[0.597723,49.507169],[0.591738,49.513922],[0.590483,49.512811],[0.588941,49.511068],[0.588216,49.511161],[0.586742,49.510571],[0.585484,49.509257],[0.584697,49.508726],[0.584323,49.508674],[0.583094,49.5076],[0.575631,49.510755],[0.574796,49.510969],[0.571994,49.512532],[0.570896,49.512009],[0.568926,49.51137]],[[0.567799,49.530031],[0.568359,49.529478],[0.569002,49.529856],[0.568824,49.530177],[0.568388,49.530224],[0.567799,49.530031]],[[0.56156,49.528619],[0.562903,49.528569],[0.56416,49.529237],[0.564696,49.529727],[0.565349,49.531074],[0.563651,49.532278],[0.560269,49.529463],[0.56156,49.528619]],[[0.551029,49.537657],[0.549967,49.537069],[0.549953,49.536649],[0.549119,49.536005],[0.546505,49.53435],[0.545361,49.533822],[0.545726,49.533245],[0.544896,49.531253],[0.544228,49.530843],[0.54486,49.529866],[0.544883,49.528782],[0.543933,49.527753],[0.542785,49.527691],[0.542991,49.527418],[0.543766,49.527363],[0.543603,49.527092],[0.542992,49.527267],[0.542978,49.526612],[0.542127,49.52613],[0.542145,49.525877],[0.54156,49.52569],[0.540751,49.524924],[0.539747,49.52463],[0.539195,49.524625],[0.538301,49.524865],[0.538286,49.524197],[0.539057,49.523597],[0.540136,49.523889],[0.540369,49.524078],[0.540877,49.52394],[0.541055,49.523542],[0.541472,49.523466],[0.541877,49.523141],[0.541535,49.522755],[0.54149,49.522374],[0.540586,49.522011],[0.540945,49.521709],[0.540638,49.521175],[0.541183,49.520626],[0.540679,49.520451],[0.539509,49.52053],[0.538275,49.52016],[0.538031,49.519893],[0.536956,49.51977],[0.536875,49.519533],[0.537285,49.519089],[0.538516,49.518727],[0.540125,49.519379],[0.540446,49.518975],[0.540008,49.519019],[0.540066,49.518646],[0.539821,49.518333],[0.540253,49.518232],[0.540539,49.518501],[0.541049,49.518315],[0.541185,49.518065],[0.542483,49.517636],[0.542166,49.517091],[0.542488,49.516776],[0.542011,49.516644],[0.540736,49.516875],[0.540159,49.516794],[0.5396,49.516987],[0.538698,49.516945],[0.537887,49.51656],[0.538167,49.516197],[0.537924,49.515974],[0.538801,49.515653],[0.538279,49.515367],[0.538173,49.515059],[0.53767,49.514947],[0.537722,49.514505],[0.538248,49.513862],[0.540188,49.51211],[0.543121,49.511523],[0.545685,49.508946],[0.548385,49.507187],[0.549143,49.506427],[0.552156,49.50523],[0.547331,49.503828],[0.547709,49.503769],[0.5484,49.502903],[0.551238,49.501829],[0.551448,49.501633],[0.549983,49.499319],[0.547637,49.497499],[0.547052,49.497695],[0.546657,49.497589],[0.546641,49.497234],[0.545131,49.495317],[0.542317,49.48721],[0.533049,49.482418],[0.532473,49.478888],[0.53836,49.473905],[0.537539,49.473482],[0.541933,49.469679],[0.537592,49.467557],[0.534124,49.470245],[0.526931,49.476513],[0.52289,49.479316],[0.520366,49.480583],[0.516357,49.482291],[0.511817,49.483711],[0.509064,49.484414],[0.506121,49.484922],[0.502826,49.485288],[0.498025,49.485114],[0.495439,49.48483],[0.49328,49.484485],[0.488566,49.483236],[0.479792,49.479939],[0.471222,49.483814],[0.465934,49.486507],[0.466423,49.486753],[0.465664,49.487885],[0.465013,49.488573],[0.463283,49.48976],[0.463006,49.490173],[0.462439,49.492848],[0.461281,49.494326],[0.461816,49.496701],[0.461519,49.498763],[0.462468,49.499963],[0.462056,49.501571],[0.462604,49.502371],[0.462609,49.503125],[0.461803,49.503801],[0.459536,49.504759],[0.458919,49.505203],[0.457792,49.507266],[0.454902,49.510271],[0.454696,49.51193],[0.453818,49.512286],[0.450439,49.512317],[0.449054,49.512449],[0.448702,49.512646],[0.448592,49.513706],[0.449593,49.514362],[0.44972,49.514672],[0.449528,49.515106],[0.448389,49.516042],[0.448204,49.516996],[0.448745,49.518441],[0.44989,49.519203],[0.449799,49.519689],[0.449064,49.520154],[0.447822,49.520599],[0.447322,49.521106],[0.446703,49.521301],[0.446027,49.521393],[0.443784,49.521213],[0.442139,49.52131],[0.440803,49.521234],[0.440445,49.520951],[0.438583,49.520996],[0.438797,49.519471],[0.436135,49.519217],[0.436439,49.519414],[0.436468,49.52106],[0.436082,49.525346],[0.435334,49.529331],[0.4311,49.529159],[0.43007,49.531566],[0.429135,49.535252],[0.428182,49.537904],[0.42626,49.538237],[0.422687,49.537814],[0.417566,49.537753],[0.416739,49.540555],[0.416146,49.540543],[0.415972,49.541435],[0.416374,49.544012],[0.415864,49.544043],[0.416067,49.546324],[0.417047,49.54622],[0.417174,49.546359],[0.418696,49.54635],[0.42081,49.54612],[0.420651,49.547648],[0.420435,49.547629],[0.417544,49.553699],[0.420887,49.555265],[0.422209,49.555116],[0.422935,49.555339],[0.422297,49.55594],[0.424165,49.557147],[0.424157,49.557983],[0.422405,49.559997],[0.423856,49.560639],[0.423622,49.561194],[0.42291,49.560993],[0.422517,49.561506],[0.423644,49.561967],[0.423875,49.561719],[0.428165,49.56263],[0.430135,49.562666],[0.430957,49.560723],[0.431025,49.559123],[0.430848,49.557758],[0.430392,49.556537],[0.430381,49.554921],[0.430227,49.554919],[0.430449,49.553866],[0.431722,49.551503],[0.433227,49.551971],[0.434668,49.546655],[0.435734,49.544849],[0.435698,49.543493],[0.438532,49.544519],[0.438474,49.544822],[0.440125,49.54498],[0.443961,49.545824],[0.446126,49.542895],[0.447446,49.541979],[0.451582,49.541878],[0.455784,49.541121],[0.460752,49.541166],[0.461169,49.541715],[0.461499,49.542731],[0.464071,49.543246],[0.465242,49.543725],[0.465307,49.544369],[0.467037,49.546697],[0.468053,49.550469],[0.469502,49.552957],[0.470268,49.553589],[0.474707,49.555862],[0.474863,49.556318],[0.475568,49.556517],[0.475449,49.557274],[0.475778,49.557617],[0.476145,49.557413],[0.476487,49.557413],[0.478202,49.558133],[0.480085,49.556878],[0.481414,49.554949],[0.483876,49.553302],[0.485799,49.552597],[0.487362,49.551455],[0.487184,49.551406],[0.488818,49.548789],[0.489962,49.547683],[0.490223,49.546794],[0.489878,49.545596],[0.491204,49.542887],[0.491378,49.541394],[0.491667,49.541246],[0.489779,49.539626],[0.487705,49.538216],[0.487163,49.537335],[0.493413,49.5356],[0.496999,49.53496],[0.497734,49.534449],[0.500546,49.531497],[0.504829,49.5295],[0.508778,49.528545],[0.510494,49.527876],[0.512649,49.52729],[0.514369,49.526314],[0.514913,49.527332],[0.514988,49.52974],[0.515431,49.530563],[0.516424,49.531403],[0.51583,49.531926],[0.515059,49.532052],[0.512998,49.532879],[0.510691,49.532887],[0.509097,49.533175],[0.512729,49.535723],[0.512993,49.535694],[0.513444,49.536343],[0.514629,49.536099],[0.515055,49.536774],[0.516329,49.537799],[0.516672,49.537684],[0.517037,49.537964],[0.517574,49.537733],[0.519427,49.539526],[0.520067,49.539931],[0.522066,49.538595],[0.52277,49.538985],[0.523496,49.538393],[0.524468,49.53878],[0.524581,49.537946],[0.524844,49.537818],[0.525471,49.537828],[0.5257,49.537296],[0.525481,49.536669],[0.525943,49.536004],[0.526527,49.535517],[0.526863,49.535584],[0.528019,49.534992],[0.527544,49.534537],[0.52774,49.534311],[0.528731,49.533988],[0.5308,49.534552],[0.532471,49.534443],[0.532506,49.534306],[0.531948,49.53407],[0.530522,49.53384],[0.530724,49.532936],[0.534358,49.53354],[0.533735,49.535811],[0.534856,49.536052],[0.535265,49.536897],[0.536205,49.537604],[0.540024,49.539256],[0.542898,49.539984],[0.543892,49.540801],[0.544874,49.541331],[0.543366,49.542074],[0.545184,49.542649],[0.54506,49.543148],[0.545713,49.543472],[0.545574,49.544363],[0.545786,49.544655],[0.545715,49.545084],[0.548516,49.545736],[0.549849,49.546556],[0.551528,49.548437],[0.551956,49.54917],[0.555095,49.552075],[0.555532,49.552728],[0.554702,49.553115],[0.555031,49.553358],[0.555524,49.553532],[0.557591,49.553578],[0.561109,49.554441],[0.562856,49.554465],[0.563435,49.553717],[0.563243,49.552681],[0.564499,49.552164],[0.564313,49.552008],[0.565119,49.551592],[0.56434,49.551028],[0.566353,49.549854],[0.56962,49.552125],[0.571541,49.550824],[0.572148,49.549447],[0.572262,49.548423],[0.573655,49.546899],[0.571297,49.545826],[0.567156,49.544847],[0.565177,49.543617],[0.563511,49.542802],[0.561705,49.541011],[0.560707,49.539296],[0.558387,49.537911],[0.557291,49.537597],[0.554773,49.537209],[0.552767,49.536426],[0.552401,49.536923],[0.552007,49.536822],[0.551155,49.537426],[0.551333,49.53775],[0.551029,49.537657]],[[0.53667,49.51663],[0.537075,49.516211],[0.537359,49.516651],[0.536839,49.516793],[0.53667,49.51663]],[[0.53742,49.517179],[0.537686,49.517034],[0.537936,49.517194],[0.53743,49.517285],[0.53742,49.517179]],[[0.541462,49.51772],[0.541315,49.51746],[0.541758,49.517502],[0.541889,49.517688],[0.541462,49.51772]],[[0.537172,49.517633],[0.537277,49.517475],[0.53785,49.517377],[0.537755,49.517609],[0.537951,49.517802],[0.537513,49.51788],[0.537172,49.517633]]]}},{"type":"Feature","properties":{"uai_primary":"0762290B","uai_all":"0762290B","is_merged":false},"geometry":{"type":"Polygon","coordinates":[[[1.096259,49.434354],[1.094555,49.435169],[1.09406,49.436322],[1.093128,49.436573],[1.091606,49.436024],[1.090827,49.435468],[1.088864,49.436099],[1.088938,49.437515],[1.087771,49.438001],[1.084521,49.43885],[1.081453,49.43987],[1.081548,49.440741],[1.082162,49.44132],[1.082418,49.441917],[1.084076,49.442362],[1.084536,49.442785],[1.085135,49.442958],[1.085355,49.443243],[1.085057,49.443695],[1.085237,49.444259],[1.085667,49.444645],[1.086074,49.445534],[1.087846,49.445559],[1.087892,49.445427],[1.088901,49.445228],[1.089349,49.445291],[1.089847,49.444992],[1.090091,49.445115],[1.090301,49.444987],[1.090545,49.445078],[1.090739,49.444928],[1.091297,49.444896],[1.091327,49.444761],[1.091515,49.444978],[1.091625,49.44479],[1.092064,49.444691],[1.092993,49.444967],[1.093447,49.444906],[1.093736,49.444806],[1.093821,49.444368],[1.094468,49.444318],[1.094675,49.444503],[1.095328,49.444085],[1.096069,49.443917],[1.095388,49.443528],[1.095462,49.442995],[1.096363,49.443288],[1.096207,49.443922],[1.098248,49.44354],[1.097183,49.442883],[1.097474,49.44267],[1.097787,49.442772],[1.098348,49.44199],[1.097377,49.44],[1.096848,49.439831],[1.097034,49.439155],[1.096537,49.438393],[1.09634,49.437637],[1.096209,49.437485],[1.096008,49.437739],[1.095647,49.437557],[1.096078,49.437127],[1.095853,49.436563],[1.097328,49.436332],[1.099414,49.435689],[1.100583,49.435504],[1.101959,49.435004],[1.1033,49.433819],[1.104019,49.433617],[1.105341,49.432074],[1.106706,49.431593],[1.106833,49.431048],[1.108593,49.430028],[1.108879,49.429085],[1.110624,49.427629],[1.110086,49.425472],[1.10746,49.425543],[1.106553,49.42536],[1.105335,49.427563],[1.104739,49.428016],[1.103667,49.428469],[1.103747,49.42971],[1.102276,49.430253],[1.10064,49.430391],[1.100555,49.43114],[1.099357,49.431872],[1.100456,49.432587],[1.100238,49.43269],[1.098843,49.432343],[1.097926,49.43291],[1.097797,49.433569],[1.097029,49.434115],[1.096259,49.434354]],[[1.09582,49.438014],[1.095852,49.437755],[1.09582,49.438014]],[[1.090755,49.444475],[1.091133,49.444236],[1.091487,49.444318],[1.09159,49.444546],[1.091327,49.444761],[1.090795,49.444613],[1.090755,49.444475]],[[1.088775,49.444968],[1.08916,49.444589],[1.089511,49.444698],[1.089438,49.444993],[1.089192,49.445077],[1.088775,49.444968]],[[1.098035,49.440869],[1.098194,49.440736],[1.098035,49.440869]]]}},{"type":"Feature","properties":{"uai_primary":"0762405B","uai_all":"0762405B","is_merged":false},"geometry":{"type":"Polygon","coordinates":[[[0.087125,49.52126],[0.087377,49.521716],[0.086884,49.52301],[0.088185,49.522703],[0.089376,49.521602],[0.089188,49.520849],[0.088004,49.51993],[0.086967,49.520182],[0.087125,49.52126]],[[0.096619,49.531272],[0.095869,49.531015],[0.095697,49.530495],[0.094252,49.530712],[0.095437,49.529909],[0.095222,49.529592],[0.094713,49.529327],[0.095245,49.52874],[0.095083,49.52785],[0.092388,49.527141],[0.091447,49.527372],[0.092032,49.529357],[0.093788,49.529712],[0.093943,49.530637],[0.092752,49.530567],[0.091763,49.529859],[0.089176,49.531028],[0.086934,49.533486],[0.08071,49.539429],[0.082245,49.538993],[0.082685,49.539485],[0.086145,49.538328],[0.0895,49.536624],[0.093799,49.535064],[0.097114,49.534361],[0.096237,49.53268],[0.09777,49.532159],[0.097553,49.531731],[0.096619,49.531272]],[[0.088131,49.51198],[0.088858,49.511918],[0.088587,49.511283],[0.087989,49.511386],[0.08747,49.510818],[0.087399,49.510067],[0.088025,49.507975],[0.088566,49.507752],[0.08829,49.507606],[0.088592,49.507033],[0.089583,49.506852],[0.089612,49.506601],[0.090326,49.506135],[0.090465,49.505587],[0.09088,49.505257],[0.091173,49.50528],[0.092011,49.503667],[0.091679,49.501123],[0.091406,49.501159],[0.091016,49.500935],[0.088431,49.50147],[0.088072,49.501773],[0.086823,49.502251],[0.086569,49.502008],[0.085683,49.502184],[0.085403,49.501921],[0.084166,49.502206],[0.083985,49.502062],[0.083802,49.502242],[0.083412,49.502205],[0.0831,49.502441],[0.082895,49.502384],[0.082291,49.502742],[0.082045,49.502514],[0.082188,49.50275],[0.081343,49.503113],[0.081185,49.503031],[0.080631,49.503254],[0.080413,49.503146],[0.080046,49.503339],[0.07968,49.503306],[0.078196,49.503808],[0.07798,49.503634],[0.077747,49.50394],[0.077338,49.504078],[0.077083,49.504004],[0.075792,49.504565],[0.075641,49.504494],[0.075176,49.504708],[0.074446,49.504768],[0.069826,49.506208],[0.069649,49.50646],[0.069015,49.506729],[0.068172,49.507651],[0.06798,49.507647],[0.067863,49.507992],[0.067667,49.507987],[0.067031,49.509185],[0.066866,49.509193],[0.066234,49.510169],[0.066272,49.511002],[0.066059,49.511515],[0.06586,49.511558],[0.065648,49.512507],[0.066056,49.514144],[0.066043,49.516131],[0.066734,49.518792],[0.067233,49.519928],[0.067254,49.520541],[0.068612,49.523595],[0.068521,49.524626],[0.069777,49.52659],[0.070425,49.529034],[0.07177,49.53082],[0.072036,49.531634],[0.073652,49.528373],[0.07565,49.52533],[0.074235,49.522703],[0.075545,49.52204],[0.075418,49.521917],[0.074108,49.522356],[0.0751,49.521719],[0.076268,49.521538],[0.076744,49.521606],[0.077619,49.522065],[0.07801,49.521656],[0.077753,49.521086],[0.076826,49.52065],[0.076683,49.520176],[0.077289,49.51968],[0.076476,49.519287],[0.076909,49.518965],[0.07647,49.518614],[0.076728,49.518371],[0.076666,49.517944],[0.077024,49.517202],[0.077767,49.517219],[0.078341,49.516966],[0.078746,49.516981],[0.07872,49.517215],[0.08092,49.517173],[0.081062,49.51756],[0.081247,49.517343],[0.082404,49.517141],[0.083803,49.516678],[0.085542,49.516447],[0.085469,49.516243],[0.085742,49.516236],[0.085711,49.515903],[0.086421,49.515029],[0.086836,49.514702],[0.087556,49.514712],[0.087629,49.514591],[0.087324,49.513926],[0.08755,49.513169],[0.087823,49.513113],[0.087694,49.512635],[0.088131,49.51198]],[[0.073962,49.517971],[0.073915,49.517363],[0.074453,49.517076],[0.074993,49.517026],[0.075404,49.517556],[0.075109,49.518177],[0.074524,49.518222],[0.073962,49.517971]]]}},{"type":"Feature","properties":{"uai_primary":"0762459K","uai_all":"0762459K","is_merged":false},"geometry":{"type":"Polygon","coordinates":[[[0.999607,49.292373],[1.000202,49.292427],[1.000236,49.292188],[0.999844,49.292146],[0.999607,49.292373]],[[1.000701,49.293522],[1.000276,49.294227],[1.00066,49.294942],[1.002395,49.294465],[1.001923,49.293325],[1.001456,49.29276],[1.000908,49.29251],[1.000435,49.292789],[1.000701,49.293522]],[[1.03641,49.329329],[1.03698,49.328918],[1.036346,49.328425],[1.035317,49.328719],[1.033848,49.32829],[1.032985,49.328578],[1.032309,49.328586],[1.031192,49.328005],[1.030198,49.328036],[1.029439,49.32789],[1.028541,49.327287],[1.027266,49.327583],[1.023674,49.327093],[1.025956,49.324874],[1.026428,49.324005],[1.026223,49.324006],[1.026857,49.322369],[1.021437,49.320725],[1.018781,49.320148],[1.010773,49.317557],[1.006375,49.316516],[1.005508,49.316188],[1.00154,49.313095],[1.000919,49.31167],[1.000127,49.310723],[0.999169,49.310052],[0.99637,49.307152],[0.994526,49.303734],[0.992477,49.30388],[0.992246,49.3024],[0.993102,49.299544],[0.993704,49.298175],[0.994481,49.297053],[0.993235,49.296705],[0.993446,49.296157],[0.993245,49.296006],[0.99502,49.295078],[0.995412,49.294264],[0.995962,49.293724],[0.996779,49.293484],[0.996723,49.293202],[0.996019,49.292884],[0.996173,49.292573],[0.997289,49.292279],[0.997454,49.292364],[0.997322,49.292714],[0.997686,49.292978],[0.998218,49.292764],[0.997857,49.292157],[0.998744,49.292006],[0.998878,49.291589],[0.998938,49.291922],[0.999444,49.291571],[1.000109,49.291907],[1.000621,49.291902],[1.000991,49.29229],[1.001998,49.29192],[1.002643,49.291867],[1.003385,49.291129],[1.002778,49.290227],[1.003735,49.290402],[1.005201,49.2895],[1.005722,49.289475],[1.005722,49.28907],[1.006384,49.28914],[1.006397,49.288834],[1.007216,49.288477],[1.007038,49.288174],[1.006708,49.28812],[1.006647,49.287841],[1.006502,49.287958],[1.006286,49.287829],[1.006257,49.287622],[1.005968,49.287506],[1.006182,49.287431],[1.006819,49.287372],[1.007136,49.287746],[1.00706,49.288161],[1.007653,49.288188],[1.007794,49.288485],[1.007246,49.288501],[1.007003,49.288955],[1.007201,49.289215],[1.008005,49.289395],[1.008042,49.289113],[1.007611,49.288925],[1.007805,49.288504],[1.008247,49.2886],[1.008351,49.288875],[1.008649,49.288723],[1.008888,49.288888],[1.009126,49.288745],[1.009107,49.288558],[1.008562,49.288479],[1.008476,49.288193],[1.009004,49.28811],[1.009096,49.28769],[1.008757,49.28742],[1.008915,49.287038],[1.009389,49.286845],[1.011158,49.286427],[1.012195,49.287072],[1.012488,49.28678],[1.012985,49.287034],[1.01288,49.286906],[1.013696,49.286396],[1.014397,49.28664],[1.014485,49.286861],[1.014936,49.286826],[1.013527,49.284448],[1.013028,49.284714],[1.010207,49.280945],[1.011112,49.280589],[1.009383,49.279488],[1.007033,49.27767],[1.00891,49.278093],[1.010634,49.277264],[1.01128,49.277389],[1.01352,49.276311],[1.012702,49.275355],[1.015398,49.273929],[1.015281,49.273739],[1.01572,49.273457],[1.017854,49.272563],[1.019759,49.272075],[1.01985,49.272274],[1.020456,49.272229],[1.02111,49.271957],[1.021608,49.271918],[1.021673,49.272037],[1.023995,49.271615],[1.024705,49.27184],[1.025018,49.2715],[1.025639,49.271265],[1.026738,49.271155],[1.027429,49.271369],[1.030016,49.27048],[1.030288,49.270039],[1.03167,49.269359],[1.037991,49.267478],[1.04124,49.266817],[1.042573,49.266053],[1.043755,49.265874],[1.044652,49.265214],[1.045274,49.264406],[1.044629,49.263693],[1.043815,49.263997],[1.043378,49.263704],[1.042677,49.263088],[1.042927,49.262986],[1.042734,49.262678],[1.041864,49.261806],[1.038405,49.259695],[1.036742,49.260974],[1.033092,49.260742],[1.032135,49.26032],[1.030522,49.259926],[1.027557,49.259712],[1.027531,49.258773],[1.025884,49.258513],[1.023695,49.257838],[1.021307,49.256813],[1.018347,49.258069],[1.015697,49.258741],[1.015807,49.258413],[1.019085,49.256966],[1.019319,49.256562],[1.017922,49.255901],[1.017834,49.2553],[1.01688,49.25478],[1.01659,49.254245],[1.017053,49.253817],[1.016371,49.253469],[1.016222,49.253546],[1.015587,49.253316],[1.014551,49.253916],[1.012588,49.254575],[1.012263,49.254535],[1.011362,49.255036],[1.008983,49.255501],[1.007004,49.256217],[1.004946,49.256497],[1.003745,49.256403],[1.003753,49.256266],[1.006038,49.256039],[1.009303,49.254914],[1.010905,49.254675],[1.011702,49.254166],[1.0145,49.252989],[1.013572,49.252734],[1.013935,49.252368],[1.013524,49.252299],[1.013393,49.25253],[1.010889,49.252423],[1.008878,49.252688],[1.007788,49.252663],[1.007046,49.252385],[1.007495,49.251856],[1.007157,49.251177],[1.006375,49.250807],[1.005245,49.250649],[1.001435,49.250869],[1.001536,49.251221],[1.001311,49.251326],[0.997712,49.252062],[0.997765,49.252413],[0.995772,49.252618],[0.995569,49.253162],[0.993221,49.253332],[0.993424,49.255746],[0.993213,49.25605],[0.993996,49.256546],[0.994178,49.25725],[0.993476,49.257814],[0.992152,49.257934],[0.992517,49.258479],[0.993896,49.259545],[0.995495,49.26023],[0.996154,49.259955],[0.997067,49.259837],[0.999917,49.260608],[1.001106,49.260199],[1.002601,49.260579],[1.003731,49.261536],[1.005093,49.2618],[1.006184,49.262448],[1.006799,49.262493],[1.007443,49.262302],[1.008167,49.262589],[1.008609,49.26282],[1.006544,49.265189],[1.005721,49.264754],[1.004625,49.264575],[1.004253,49.264244],[1.003209,49.263806],[1.002686,49.263648],[1.002247,49.263715],[0.999561,49.262053],[0.997827,49.26156],[0.996325,49.261834],[0.99521,49.262593],[0.994547,49.262253],[0.991546,49.263024],[0.988938,49.264099],[0.987198,49.262275],[0.985048,49.26071],[0.986204,49.263294],[0.985857,49.264629],[0.986264,49.265],[0.986444,49.265892],[0.987416,49.268098],[0.9882,49.267962],[0.988676,49.268199],[0.988736,49.26844],[0.987137,49.268742],[0.987053,49.269233],[0.986171,49.269516],[0.986014,49.27026],[0.984675,49.269848],[0.982974,49.269596],[0.981594,49.269065],[0.980452,49.268977],[0.979531,49.270161],[0.980177,49.270962],[0.979842,49.271224],[0.979818,49.271834],[0.979431,49.271987],[0.977493,49.271791],[0.976925,49.27187],[0.975997,49.272188],[0.974612,49.273153],[0.974447,49.273442],[0.974868,49.273983],[0.974492,49.274582],[0.974581,49.275123],[0.974234,49.277291],[0.974797,49.278052],[0.975543,49.278665],[0.973388,49.279867],[0.974039,49.280303],[0.973337,49.280869],[0.971665,49.280896],[0.970755,49.280628],[0.968491,49.277843],[0.968866,49.277714],[0.967834,49.276909],[0.967396,49.277104],[0.966885,49.27692],[0.965855,49.276866],[0.965764,49.277383],[0.965075,49.277772],[0.964081,49.277244],[0.963817,49.277307],[0.962558,49.276856],[0.962387,49.276729],[0.962563,49.276546],[0.960758,49.275245],[0.960344,49.275519],[0.958671,49.272517],[0.956903,49.270759],[0.956164,49.27129],[0.956172,49.273246],[0.956702,49.274573],[0.953566,49.276584],[0.952227,49.277072],[0.95023,49.278431],[0.94972,49.278885],[0.949592,49.279741],[0.950164,49.279704],[0.951363,49.279938],[0.953063,49.279544],[0.955218,49.279782],[0.956304,49.280099],[0.956988,49.281086],[0.958021,49.282004],[0.956931,49.28303],[0.957322,49.283163],[0.956967,49.283875],[0.957407,49.283888],[0.957067,49.284381],[0.956623,49.284633],[0.956326,49.284502],[0.956169,49.285201],[0.958919,49.286683],[0.960072,49.285097],[0.960109,49.28481],[0.959759,49.284563],[0.959933,49.28441],[0.960692,49.284844],[0.963622,49.285991],[0.965599,49.286359],[0.966236,49.286233],[0.967261,49.285668],[0.967804,49.28558],[0.969303,49.284936],[0.970423,49.284843],[0.971363,49.285156],[0.969439,49.285498],[0.967099,49.286431],[0.964007,49.288406],[0.962914,49.288917],[0.961533,49.289065],[0.960284,49.28859],[0.958853,49.289175],[0.958523,49.288829],[0.959727,49.28843],[0.959049,49.287992],[0.957316,49.28853],[0.957674,49.288833],[0.95754,49.289219],[0.957796,49.289541],[0.958953,49.290454],[0.960674,49.290937],[0.962613,49.292397],[0.963481,49.294272],[0.963416,49.294527],[0.957446,49.294411],[0.954024,49.294236],[0.952505,49.293993],[0.950212,49.296432],[0.949866,49.296991],[0.949818,49.30137],[0.949442,49.301194],[0.949413,49.3013],[0.949466,49.30183],[0.950146,49.302642],[0.949393,49.303016],[0.950339,49.30495],[0.94887,49.305381],[0.946834,49.305534],[0.946601,49.306374],[0.946878,49.307266],[0.947135,49.307363],[0.943887,49.309279],[0.94336,49.311616],[0.941952,49.313211],[0.94128,49.313208],[0.941661,49.31416],[0.941623,49.3146],[0.941383,49.315561],[0.940784,49.316491],[0.940552,49.318217],[0.940103,49.319501],[0.939911,49.322803],[0.938534,49.323002],[0.937363,49.322864],[0.935898,49.320971],[0.92897,49.31389],[0.926074,49.313371],[0.925987,49.313522],[0.922637,49.312576],[0.912811,49.309374],[0.908715,49.308274],[0.907028,49.307656],[0.910259,49.298592],[0.903604,49.297993],[0.903237,49.297842],[0.901439,49.297845],[0.900664,49.297102],[0.899624,49.298068],[0.899558,49.298532],[0.897587,49.299052],[0.895252,49.300711],[0.893187,49.30171],[0.892612,49.302177],[0.892495,49.302769],[0.892632,49.30306],[0.894552,49.303121],[0.894584,49.30298],[0.896378,49.303112],[0.89609,49.304321],[0.895115,49.304247],[0.894856,49.30476],[0.893159,49.305164],[0.892861,49.305801],[0.892484,49.307146],[0.892956,49.309704],[0.892652,49.311125],[0.894042,49.312205],[0.896248,49.313577],[0.897852,49.314292],[0.897507,49.314634],[0.897702,49.314771],[0.899841,49.315622],[0.898632,49.316897],[0.896689,49.316054],[0.896552,49.316205],[0.898369,49.317563],[0.899223,49.318896],[0.896247,49.316586],[0.896051,49.316664],[0.894829,49.316059],[0.891878,49.314217],[0.8917,49.314236],[0.890733,49.315279],[0.890235,49.315372],[0.888833,49.317092],[0.887953,49.318645],[0.885779,49.319435],[0.886288,49.320153],[0.887652,49.320841],[0.887747,49.321122],[0.885659,49.320276],[0.881358,49.320585],[0.88112,49.32015],[0.879131,49.319821],[0.877132,49.320395],[0.874993,49.321283],[0.872736,49.322548],[0.871006,49.322836],[0.869906,49.32373],[0.869072,49.32373],[0.86791,49.323191],[0.866227,49.32316],[0.864702,49.322644],[0.864515,49.323067],[0.86279,49.323663],[0.862184,49.32415],[0.862242,49.324923],[0.863223,49.326946],[0.862938,49.327946],[0.862635,49.327942],[0.862387,49.32772],[0.862475,49.326717],[0.861853,49.325696],[0.86072,49.325188],[0.859333,49.32575],[0.858305,49.325893],[0.856049,49.326563],[0.854949,49.326659],[0.852263,49.326573],[0.851059,49.324163],[0.847418,49.324708],[0.84664,49.324668],[0.845719,49.324286],[0.844394,49.324828],[0.843858,49.326298],[0.842566,49.328033],[0.841902,49.329469],[0.844522,49.329557],[0.847388,49.330328],[0.848344,49.331702],[0.850829,49.331458],[0.852779,49.331466],[0.852502,49.331651],[0.852452,49.332776],[0.852055,49.333569],[0.849962,49.334724],[0.847974,49.336085],[0.850565,49.33759],[0.851467,49.337806],[0.852973,49.337713],[0.854284,49.337867],[0.857517,49.338913],[0.859479,49.339777],[0.85874,49.340681],[0.856538,49.342701],[0.856374,49.343006],[0.856951,49.343229],[0.856401,49.343688],[0.857371,49.344216],[0.858493,49.345331],[0.858674,49.345286],[0.85952,49.34589],[0.860263,49.346767],[0.863513,49.345494],[0.863884,49.345488],[0.864014,49.345953],[0.865374,49.345142],[0.865481,49.344751],[0.864851,49.343361],[0.8659,49.342688],[0.86636,49.342544],[0.867418,49.342868],[0.86896,49.342963],[0.871154,49.341833],[0.872963,49.342773],[0.876961,49.343229],[0.877594,49.343542],[0.87868,49.344468],[0.879622,49.344758],[0.880963,49.344814],[0.881157,49.345577],[0.879777,49.346409],[0.879789,49.347083],[0.880067,49.347393],[0.880557,49.347572],[0.881791,49.347739],[0.882072,49.347909],[0.882932,49.347036],[0.885967,49.346558],[0.888077,49.345814],[0.889135,49.345936],[0.889296,49.345866],[0.889065,49.345328],[0.889732,49.345103],[0.892152,49.345015],[0.895123,49.345188],[0.89516,49.344772],[0.89618,49.343875],[0.896371,49.343919],[0.896532,49.344523],[0.897432,49.344537],[0.898728,49.344841],[0.899709,49.344208],[0.901168,49.343657],[0.901823,49.342046],[0.902764,49.341927],[0.903321,49.342121],[0.904876,49.34111],[0.906977,49.34076],[0.907873,49.339757],[0.909709,49.33997],[0.911753,49.339822],[0.913402,49.339388],[0.914087,49.339415],[0.914488,49.339741],[0.915215,49.339075],[0.915649,49.339326],[0.91616,49.338853],[0.916624,49.338681],[0.916931,49.338779],[0.920716,49.338205],[0.921356,49.33882],[0.923329,49.339568],[0.924882,49.340593],[0.925691,49.340832],[0.927273,49.340978],[0.927698,49.341745],[0.930774,49.343744],[0.932022,49.344752],[0.939112,49.341602],[0.940882,49.340654],[0.941956,49.340361],[0.943955,49.340218],[0.949081,49.340477],[0.951418,49.339712],[0.956945,49.339254],[0.957988,49.339291],[0.958977,49.33896],[0.959586,49.339113],[0.960303,49.338958],[0.961119,49.33921],[0.961599,49.339174],[0.958269,49.336146],[0.977938,49.326778],[0.979111,49.32702],[0.979973,49.326563],[0.997267,49.33252],[1.013842,49.337856],[1.012019,49.334946],[1.013624,49.334553],[1.013003,49.333957],[1.013739,49.332845],[1.016016,49.331462],[1.018204,49.332289],[1.019675,49.333087],[1.031619,49.330556],[1.03641,49.329329]],[[0.970298,49.293788],[0.970525,49.293847],[0.970597,49.294192],[0.970412,49.294705],[0.969751,49.295466],[0.969294,49.295307],[0.970298,49.293788]],[[1.00169,49.291541],[1.001994,49.291329],[1.002274,49.291461],[1.002011,49.291799],[1.00169,49.291541]]]}},{"type":"Feature","properties":{"uai_primary":"0762461M","uai_all":"0762461M","is_merged":false},"geometry":{"type":"Polygon","coordinates":[[[1.005636,49.341748],[1.006642,49.343758],[1.008989,49.346164],[1.007634,49.348499],[1.007063,49.350285],[1.007256,49.35171],[1.007082,49.352214],[1.006202,49.352244],[1.006198,49.35259],[1.006513,49.353036],[1.007889,49.35376],[1.008932,49.353684],[1.009106,49.354173],[1.009623,49.354611],[1.009628,49.355378],[1.008769,49.355779],[1.00843,49.355637],[1.008049,49.356114],[1.006511,49.35621],[1.006701,49.356561],[1.0066,49.356904],[1.006868,49.3567],[1.007049,49.356793],[1.007357,49.356684],[1.007314,49.35706],[1.007774,49.356941],[1.00744,49.357327],[1.008072,49.357354],[1.008208,49.357477],[1.007895,49.357603],[1.007846,49.358003],[1.007129,49.357931],[1.006862,49.358322],[1.006208,49.358283],[1.005483,49.358942],[1.004356,49.359301],[1.000989,49.360122],[0.999388,49.360177],[1.000851,49.36248],[1.003906,49.364916],[1.004121,49.365308],[1.003578,49.367496],[1.005814,49.368357],[1.011143,49.370999],[1.012001,49.371884],[1.019583,49.368497],[1.024726,49.365603],[1.028283,49.3646],[1.032488,49.364427],[1.034599,49.363909],[1.036917,49.363121],[1.03814,49.362511],[1.041066,49.360662],[1.034047,49.358582],[1.031587,49.355443],[1.030965,49.354267],[1.02617,49.351396],[1.029232,49.350047],[1.02843,49.348639],[1.026256,49.345875],[1.025768,49.344801],[1.025618,49.344823],[1.02421,49.342778],[1.02684,49.341879],[1.027531,49.34177],[1.027906,49.341],[1.029914,49.338378],[1.033926,49.336774],[1.0342,49.336475],[1.033801,49.335642],[1.034,49.33527],[1.035292,49.333967],[1.036476,49.333304],[1.036989,49.333303],[1.038148,49.334086],[1.040528,49.334976],[1.042054,49.335284],[1.045418,49.335557],[1.046196,49.335804],[1.047113,49.336379],[1.047714,49.335097],[1.048121,49.335097],[1.049086,49.334763],[1.050464,49.332876],[1.052249,49.331703],[1.053127,49.331325],[1.053924,49.330263],[1.054674,49.330009],[1.054219,49.329862],[1.053462,49.329899],[1.049698,49.3289],[1.045518,49.328489],[1.042917,49.328395],[1.042176,49.328086],[1.04131,49.32804],[1.039574,49.329088],[1.038627,49.329194],[1.03698,49.328918],[1.03641,49.329329],[1.031619,49.330556],[1.019675,49.333087],[1.018204,49.332289],[1.016016,49.331462],[1.013739,49.332845],[1.013003,49.333957],[1.013624,49.334553],[1.012019,49.334946],[1.013842,49.337856],[0.995585,49.331889],[1.000305,49.337519],[1.003341,49.340073],[1.005636,49.341748]],[[1.007419,49.356968],[1.00748,49.356747],[1.007707,49.35682],[1.007419,49.356968]],[[0.993165,49.349322],[0.991963,49.349328],[0.991725,49.349691],[0.992061,49.351472],[0.992604,49.352735],[0.993077,49.352151],[0.993572,49.350482],[0.993165,49.349322]]]}},{"type":"Feature","properties":{"uai_primary":"0762598L","uai_all":"0762598L","is_merged":false},"geometry":{"type":"Polygon","coordinates":[[[0.24812,49.52711],[0.248081,49.527211],[0.247388,49.527186],[0.246989,49.527376],[0.244785,49.526601],[0.24276,49.526606],[0.242311,49.526375],[0.241323,49.526282],[0.238835,49.527012],[0.238482,49.527512],[0.237039,49.527404],[0.236441,49.52754],[0.235752,49.527195],[0.235263,49.526189],[0.234579,49.525557],[0.232851,49.524501],[0.230942,49.524192],[0.229723,49.524707],[0.229068,49.524592],[0.227117,49.523748],[0.226333,49.523929],[0.225795,49.524648],[0.225127,49.524945],[0.221527,49.524846],[0.220914,49.524611],[0.219057,49.524357],[0.218774,49.524169],[0.217687,49.524902],[0.217031,49.526131],[0.215232,49.527057],[0.214957,49.528003],[0.215043,49.528648],[0.21671,49.530037],[0.218131,49.53153],[0.216781,49.53302],[0.21513,49.534303],[0.216072,49.534874],[0.215907,49.535228],[0.216626,49.53574],[0.216052,49.536158],[0.2169,49.537009],[0.218548,49.53647],[0.223652,49.541042],[0.230603,49.544354],[0.230111,49.545013],[0.23238,49.545691],[0.234352,49.546514],[0.233967,49.547027],[0.233054,49.547126],[0.232536,49.547789],[0.230127,49.548566],[0.230311,49.548911],[0.22927,49.549337],[0.229877,49.550178],[0.229776,49.550323],[0.232465,49.550443],[0.233432,49.55069],[0.237649,49.549605],[0.238479,49.551533],[0.238976,49.553818],[0.235769,49.552948],[0.233723,49.555357],[0.230559,49.554457],[0.231146,49.553776],[0.224142,49.55253],[0.218946,49.55333],[0.217584,49.552671],[0.216771,49.553218],[0.216228,49.552951],[0.214832,49.553775],[0.216054,49.554376],[0.215581,49.554983],[0.216039,49.555729],[0.214537,49.556912],[0.214422,49.557323],[0.213643,49.557761],[0.213662,49.558042],[0.214175,49.558528],[0.213135,49.557991],[0.212296,49.558736],[0.210266,49.560037],[0.209234,49.56192],[0.206594,49.562995],[0.204704,49.564197],[0.207168,49.565917],[0.205773,49.566315],[0.205417,49.566333],[0.205121,49.565936],[0.204339,49.56615],[0.20213,49.566367],[0.201594,49.566021],[0.199518,49.565266],[0.196827,49.565672],[0.195346,49.565686],[0.195331,49.566336],[0.194935,49.567325],[0.19302,49.567862],[0.191748,49.568627],[0.19101,49.568864],[0.189651,49.568848],[0.188982,49.568535],[0.189222,49.568974],[0.189186,49.569608],[0.187315,49.569534],[0.187489,49.569218],[0.186017,49.569157],[0.18621,49.579681],[0.187516,49.584307],[0.185159,49.584521],[0.185182,49.585086],[0.178155,49.584149],[0.177601,49.585176],[0.169582,49.583485],[0.171592,49.58112],[0.168307,49.579684],[0.166688,49.581526],[0.164325,49.579745],[0.166818,49.576882],[0.16549,49.576375],[0.165137,49.576773],[0.162406,49.575603],[0.160522,49.577643],[0.156686,49.574693],[0.155611,49.573309],[0.152829,49.575341],[0.151865,49.576414],[0.143551,49.575224],[0.138918,49.580351],[0.134728,49.584015],[0.122541,49.585668],[0.121114,49.586188],[0.119841,49.586441],[0.116648,49.587818],[0.111078,49.58909],[0.116579,49.595715],[0.123702,49.603398],[0.128728,49.609914],[0.144594,49.605893],[0.145521,49.60707],[0.149657,49.610297],[0.149837,49.610205],[0.151161,49.611161],[0.153553,49.610891],[0.154531,49.61099],[0.161059,49.61262],[0.162117,49.613703],[0.164657,49.614585],[0.165592,49.614595],[0.167071,49.614278],[0.167242,49.614346],[0.170362,49.611874],[0.171257,49.610041],[0.173108,49.608547],[0.175895,49.607156],[0.178835,49.604934],[0.180141,49.604584],[0.181949,49.604734],[0.187397,49.604648],[0.187697,49.603823],[0.187363,49.603133],[0.189112,49.602738],[0.188778,49.600943],[0.188106,49.600974],[0.187844,49.599555],[0.188415,49.599529],[0.188414,49.598292],[0.188958,49.598258],[0.188422,49.596426],[0.188123,49.596458],[0.187928,49.595766],[0.187658,49.595798],[0.186907,49.594362],[0.188348,49.594008],[0.187812,49.592085],[0.187129,49.591926],[0.187806,49.590545],[0.185308,49.590116],[0.185535,49.589431],[0.189437,49.590242],[0.190062,49.589121],[0.187992,49.588831],[0.188593,49.587707],[0.18786,49.587544],[0.187877,49.587266],[0.190942,49.586348],[0.1928,49.586016],[0.19588,49.585826],[0.195802,49.586515],[0.19883,49.587036],[0.198436,49.587384],[0.198055,49.590663],[0.19592,49.590581],[0.19585,49.59122],[0.195703,49.591214],[0.195827,49.591936],[0.195682,49.591952],[0.195946,49.592589],[0.196031,49.593842],[0.198127,49.594449],[0.200102,49.595566],[0.200535,49.595288],[0.201578,49.595743],[0.202059,49.595337],[0.203444,49.593259],[0.209093,49.595021],[0.21044,49.596046],[0.211705,49.596674],[0.211729,49.599253],[0.212494,49.599358],[0.21381,49.600803],[0.216606,49.601858],[0.218221,49.602895],[0.219411,49.604337],[0.221863,49.603234],[0.223585,49.604562],[0.227313,49.602465],[0.2274,49.602194],[0.232034,49.599869],[0.231842,49.599744],[0.23232,49.599464],[0.232844,49.599843],[0.235271,49.598755],[0.236029,49.599321],[0.236795,49.599001],[0.238321,49.597528],[0.238464,49.596789],[0.239565,49.596997],[0.240827,49.596458],[0.24338,49.598474],[0.245525,49.598104],[0.245807,49.598364],[0.246915,49.598363],[0.248244,49.59801],[0.249438,49.598059],[0.249971,49.59829],[0.250317,49.598257],[0.250101,49.597696],[0.251339,49.597881],[0.250854,49.597739],[0.250491,49.597237],[0.250039,49.59707],[0.248877,49.597054],[0.246651,49.596746],[0.246169,49.596884],[0.245117,49.596665],[0.24431,49.596293],[0.243882,49.595633],[0.242983,49.595155],[0.237809,49.593757],[0.238494,49.590408],[0.239267,49.588165],[0.246019,49.589468],[0.246642,49.587247],[0.246673,49.586075],[0.251861,49.588113],[0.253026,49.586414],[0.256339,49.587807],[0.261678,49.591644],[0.262334,49.590825],[0.262057,49.59003],[0.263168,49.58812],[0.261855,49.587785],[0.259465,49.585769],[0.262642,49.584511],[0.260769,49.58216],[0.263963,49.580941],[0.261378,49.578582],[0.265271,49.577037],[0.2671,49.578012],[0.269755,49.576024],[0.268995,49.574518],[0.267274,49.573269],[0.267937,49.572837],[0.267288,49.571983],[0.266266,49.572436],[0.265205,49.571518],[0.263879,49.572164],[0.260684,49.57311],[0.259464,49.570765],[0.258672,49.569725],[0.258837,49.568389],[0.260064,49.566821],[0.262412,49.566766],[0.264251,49.566036],[0.265784,49.565852],[0.266913,49.565901],[0.266664,49.562964],[0.268313,49.561385],[0.272782,49.562971],[0.273978,49.560455],[0.27493,49.560697],[0.275829,49.559032],[0.273776,49.558533],[0.274966,49.555772],[0.272328,49.554663],[0.274152,49.550926],[0.272336,49.550666],[0.274447,49.550237],[0.276275,49.550162],[0.275839,49.549699],[0.274519,49.549239],[0.278245,49.547734],[0.277561,49.547488],[0.280278,49.544728],[0.278354,49.544048],[0.278201,49.543363],[0.276421,49.542098],[0.276315,49.542163],[0.275465,49.541641],[0.275093,49.541214],[0.273657,49.540607],[0.276011,49.539639],[0.276784,49.539154],[0.277337,49.537749],[0.277354,49.537028],[0.277159,49.536665],[0.276462,49.536863],[0.278042,49.536076],[0.279292,49.535864],[0.279841,49.53601],[0.280452,49.53658],[0.281044,49.536829],[0.283895,49.53706],[0.286255,49.537031],[0.286601,49.538158],[0.286523,49.538992],[0.287621,49.538639],[0.289239,49.537831],[0.289785,49.537376],[0.291847,49.537225],[0.292877,49.536922],[0.293907,49.535543],[0.294295,49.535331],[0.29676,49.534991],[0.294887,49.530993],[0.29477,49.529569],[0.294539,49.529191],[0.293504,49.528382],[0.293095,49.526625],[0.294398,49.523276],[0.295123,49.520115],[0.276651,49.519089],[0.276479,49.519476],[0.276267,49.519435],[0.275769,49.520571],[0.273763,49.52014],[0.272892,49.522152],[0.272647,49.522115],[0.271573,49.524002],[0.269281,49.523329],[0.268167,49.523228],[0.265296,49.523363],[0.263401,49.523685],[0.262546,49.524824],[0.260983,49.524414],[0.260417,49.524016],[0.260852,49.523575],[0.262019,49.523615],[0.262759,49.522637],[0.262948,49.521656],[0.262332,49.521164],[0.260523,49.521105],[0.254391,49.523676],[0.253763,49.524343],[0.253347,49.525405],[0.25229,49.526146],[0.251935,49.526604],[0.251728,49.527555],[0.251418,49.527975],[0.249906,49.527207],[0.24812,49.52711]]]}},{"type":"Feature","properties":{"uai_primary":"0762679Z","uai_all":"0762679Z","is_merged":false},"geometry":{"type":"Polygon","coordinates":[[[1.132351,49.327939],[1.133298,49.328762],[1.13692,49.325584],[1.134597,49.324889],[1.134937,49.315505],[1.134634,49.315515],[1.134705,49.315264],[1.134488,49.315232],[1.13401,49.312553],[1.134313,49.311952],[1.134201,49.310917],[1.133926,49.310924],[1.13362,49.309867],[1.123765,49.309461],[1.115742,49.309527],[1.111895,49.309383],[1.095093,49.309905],[1.090578,49.309825],[1.086098,49.309542],[1.078269,49.308308],[1.076459,49.307819],[1.071735,49.306368],[1.06962,49.304919],[1.065781,49.303691],[1.065443,49.303418],[1.063157,49.302842],[1.058132,49.300994],[1.055209,49.300322],[1.048143,49.297932],[1.045191,49.29747],[1.042888,49.29684],[1.041259,49.299918],[1.041492,49.30004],[1.041039,49.300817],[1.047894,49.302663],[1.046282,49.30415],[1.046117,49.304081],[1.044223,49.306022],[1.043005,49.305756],[1.041778,49.308083],[1.035491,49.305881],[1.034944,49.30582],[1.034321,49.306084],[1.034158,49.306691],[1.02895,49.305413],[1.028366,49.306209],[1.026368,49.305608],[1.027177,49.303269],[1.02585,49.303202],[1.02365,49.302631],[1.020885,49.306517],[1.016262,49.311481],[1.017113,49.311886],[1.013328,49.318457],[1.018781,49.320148],[1.021437,49.320725],[1.026857,49.322369],[1.026223,49.324006],[1.026428,49.324005],[1.026319,49.324209],[1.028963,49.324773],[1.032409,49.324928],[1.034053,49.324841],[1.039777,49.324972],[1.043349,49.32526],[1.044091,49.324605],[1.046347,49.325494],[1.048205,49.325972],[1.0559,49.32733],[1.060875,49.328434],[1.063539,49.329256],[1.067243,49.3309],[1.068814,49.331373],[1.077371,49.333047],[1.080728,49.333474],[1.085533,49.333778],[1.087473,49.33409],[1.092829,49.33565],[1.096552,49.336288],[1.100192,49.335839],[1.101178,49.33529],[1.102053,49.335143],[1.103372,49.335016],[1.10449,49.335143],[1.104099,49.336],[1.10486,49.337797],[1.106025,49.337637],[1.110519,49.338517],[1.111302,49.338778],[1.111092,49.339122],[1.112032,49.339417],[1.113324,49.340098],[1.115167,49.340681],[1.117443,49.341913],[1.118351,49.342593],[1.11923,49.343609],[1.119667,49.344437],[1.12012,49.346126],[1.122,49.348519],[1.122268,49.34874],[1.124469,49.349183],[1.125232,49.349927],[1.125755,49.350998],[1.126295,49.353016],[1.126509,49.356473],[1.127209,49.357095],[1.127523,49.35846],[1.126569,49.363195],[1.127319,49.363277],[1.127177,49.364293],[1.126374,49.366797],[1.125352,49.367768],[1.125783,49.368032],[1.128048,49.366743],[1.128718,49.364936],[1.1289,49.363183],[1.128886,49.360749],[1.12854,49.357926],[1.126634,49.353159],[1.127275,49.35151],[1.126705,49.348149],[1.126295,49.347015],[1.125337,49.345849],[1.124895,49.345577],[1.12302,49.342736],[1.121556,49.341464],[1.119402,49.340398],[1.121217,49.339321],[1.121819,49.339122],[1.122133,49.338802],[1.124104,49.339256],[1.124311,49.338884],[1.12397,49.338672],[1.1224,49.338409],[1.12137,49.338417],[1.121082,49.337981],[1.120835,49.337962],[1.120212,49.337316],[1.119127,49.335669],[1.118634,49.335487],[1.11813,49.335539],[1.117715,49.334911],[1.118198,49.334846],[1.118117,49.334563],[1.118987,49.334118],[1.118786,49.33354],[1.121151,49.332486],[1.122124,49.33138],[1.123117,49.330911],[1.123119,49.33067],[1.122219,49.331005],[1.120643,49.332157],[1.119287,49.332718],[1.117838,49.331821],[1.118314,49.331243],[1.118123,49.330485],[1.116487,49.328797],[1.11589,49.327698],[1.116313,49.326991],[1.117217,49.326362],[1.119772,49.325138],[1.123507,49.32637],[1.125553,49.326751],[1.127091,49.327426],[1.128803,49.327919],[1.129849,49.328137],[1.131218,49.327901],[1.132351,49.327939]]]}},{"type":"Feature","properties":{"uai_primary":"0762738N","uai_all":"0762738N","is_merged":false},"geometry":{"type":"Polygon","coordinates":[[[0.475891,49.481703],[0.479792,49.479939],[0.47342,49.47704],[0.464352,49.472502],[0.446607,49.464763],[0.43525,49.460045],[0.436439,49.472129],[0.43645,49.474692],[0.437412,49.486269],[0.438693,49.486932],[0.438918,49.487196],[0.439524,49.488513],[0.439822,49.490411],[0.440257,49.490437],[0.440623,49.490742],[0.441128,49.490816],[0.442598,49.491772],[0.440459,49.493256],[0.439725,49.497291],[0.438057,49.499963],[0.43575,49.503059],[0.441809,49.505109],[0.442771,49.505361],[0.444643,49.505457],[0.44444,49.504285],[0.450097,49.492979],[0.450717,49.49248],[0.451605,49.492136],[0.454405,49.491766],[0.457233,49.490176],[0.457734,49.490155],[0.459174,49.490802],[0.4607,49.493158],[0.460126,49.494302],[0.460961,49.49643],[0.460847,49.497618],[0.460532,49.498373],[0.46082,49.499032],[0.461692,49.499964],[0.461862,49.500481],[0.46223,49.500698],[0.462468,49.499963],[0.461519,49.498763],[0.461816,49.496701],[0.461281,49.494326],[0.462439,49.492848],[0.462756,49.490798],[0.463283,49.48976],[0.465013,49.488573],[0.465664,49.487885],[0.466423,49.486753],[0.465934,49.486507],[0.471222,49.483814],[0.475891,49.481703]],[[0.568526,49.53015],[0.568964,49.53012],[0.569002,49.529856],[0.568359,49.529478],[0.567799,49.530031],[0.568388,49.530224],[0.568526,49.53015]],[[0.565349,49.531074],[0.564591,49.52959],[0.562903,49.528569],[0.56156,49.528619],[0.560269,49.529463],[0.563651,49.532278],[0.565349,49.531074]],[[0.536964,49.516272],[0.53667,49.51663],[0.536839,49.516793],[0.537359,49.516651],[0.537075,49.516211],[0.536964,49.516272]],[[0.537936,49.517194],[0.537686,49.517034],[0.53743,49.517285],[0.537936,49.517194]],[[0.541297,49.517509],[0.541299,49.517677],[0.541889,49.517688],[0.541758,49.517502],[0.541297,49.517509]],[[0.537172,49.517633],[0.537513,49.51788],[0.537951,49.517802],[0.537755,49.517609],[0.53785,49.517377],[0.537277,49.517475],[0.537172,49.517633]],[[0.537682,49.514667],[0.53767,49.514947],[0.538173,49.515059],[0.538279,49.515367],[0.538805,49.515619],[0.537924,49.515974],[0.538167,49.516197],[0.537887,49.51656],[0.538287,49.516788],[0.538698,49.516945],[0.5396,49.516987],[0.540159,49.516794],[0.541365,49.516812],[0.54176,49.516638],[0.542488,49.516776],[0.542166,49.517091],[0.542483,49.517636],[0.541185,49.518065],[0.541049,49.518315],[0.540539,49.518501],[0.540253,49.518232],[0.539821,49.518333],[0.540066,49.518646],[0.540008,49.519019],[0.540446,49.518975],[0.540125,49.519379],[0.538516,49.518727],[0.537285,49.519089],[0.536875,49.519533],[0.536956,49.51977],[0.538031,49.519893],[0.538275,49.52016],[0.539509,49.52053],[0.540679,49.520451],[0.541183,49.520626],[0.540638,49.521175],[0.540945,49.521709],[0.540586,49.522011],[0.54149,49.522374],[0.541535,49.522755],[0.541877,49.523141],[0.541472,49.523466],[0.541055,49.523542],[0.540877,49.52394],[0.540369,49.524078],[0.540136,49.523889],[0.539057,49.523597],[0.538286,49.524197],[0.538301,49.524865],[0.539195,49.524625],[0.539747,49.52463],[0.540751,49.524924],[0.54156,49.52569],[0.542145,49.525877],[0.542127,49.52613],[0.542978,49.526612],[0.542992,49.527267],[0.543603,49.527092],[0.543766,49.527363],[0.542991,49.527418],[0.542785,49.527691],[0.543933,49.527753],[0.544883,49.528782],[0.54486,49.529866],[0.544228,49.530843],[0.544896,49.531253],[0.545726,49.533245],[0.545361,49.533822],[0.546505,49.53435],[0.549119,49.536005],[0.549953,49.536649],[0.549967,49.537069],[0.551029,49.537657],[0.551333,49.53775],[0.551155,49.537426],[0.552007,49.536822],[0.552401,49.536923],[0.552767,49.536426],[0.554773,49.537209],[0.558051,49.537792],[0.559057,49.538234],[0.560814,49.539431],[0.561075,49.539352],[0.561859,49.538726],[0.563397,49.53697],[0.567638,49.534641],[0.568429,49.534429],[0.569464,49.534425],[0.569545,49.533605],[0.56903,49.533843],[0.5679,49.53385],[0.565977,49.534574],[0.562118,49.536517],[0.561356,49.536748],[0.558571,49.53578],[0.558678,49.535399],[0.558396,49.534954],[0.5558,49.534909],[0.555005,49.534707],[0.553293,49.534601],[0.55388,49.53412],[0.552675,49.532929],[0.552363,49.532975],[0.551215,49.530744],[0.552471,49.530688],[0.553883,49.527028],[0.553574,49.52639],[0.553871,49.526176],[0.553955,49.525796],[0.554259,49.525716],[0.554514,49.524949],[0.553127,49.525073],[0.552114,49.525657],[0.552006,49.52499],[0.551285,49.524239],[0.551822,49.524071],[0.551845,49.523164],[0.553073,49.523007],[0.552736,49.522368],[0.553101,49.522097],[0.55212,49.520408],[0.551684,49.518803],[0.551046,49.51842],[0.547352,49.518148],[0.546367,49.51754],[0.545379,49.517209],[0.545229,49.517186],[0.54489,49.517613],[0.54486,49.517516],[0.544994,49.516864],[0.545729,49.515846],[0.546217,49.515501],[0.54944,49.513748],[0.550682,49.513846],[0.552326,49.515319],[0.553141,49.516558],[0.553471,49.517352],[0.553441,49.518872],[0.555331,49.518975],[0.555376,49.519607],[0.55583,49.520242],[0.555993,49.52014],[0.555653,49.519391],[0.556699,49.517386],[0.556653,49.516591],[0.555058,49.514942],[0.554332,49.514409],[0.553517,49.514175],[0.552554,49.513459],[0.553031,49.51313],[0.550508,49.511168],[0.551964,49.510108],[0.55169,49.508955],[0.551783,49.507824],[0.552296,49.507942],[0.55541,49.506435],[0.555953,49.506423],[0.552156,49.50523],[0.549143,49.506427],[0.548385,49.507187],[0.545685,49.508946],[0.543121,49.511523],[0.540188,49.51211],[0.538021,49.514076],[0.537682,49.514667]]]}},{"type":"Feature","properties":{"uai_primary":"0762764S","uai_all":"0762764S","is_merged":false},"geometry":{"type":"Polygon","coordinates":[[[0.955974,49.490827],[0.955122,49.489926],[0.954454,49.489548],[0.951667,49.489067],[0.950041,49.488621],[0.948598,49.488513],[0.946768,49.488651],[0.946066,49.488571],[0.941515,49.486363],[0.938792,49.486364],[0.936445,49.486931],[0.931543,49.486654],[0.929831,49.486286],[0.929519,49.486367],[0.929755,49.487921],[0.930626,49.489232],[0.932849,49.491267],[0.935229,49.491858],[0.937573,49.493],[0.938047,49.493513],[0.938169,49.494324],[0.938563,49.494764],[0.941216,49.493913],[0.941735,49.494439],[0.944885,49.493647],[0.951428,49.493974],[0.950852,49.495671],[0.949754,49.497121],[0.948621,49.498076],[0.945159,49.500107],[0.957727,49.499924],[0.956125,49.504935],[0.957076,49.505509],[0.955491,49.50613],[0.953918,49.507104],[0.953371,49.50839],[0.953546,49.509703],[0.953437,49.511006],[0.951962,49.514615],[0.952259,49.515482],[0.95317,49.51692],[0.952534,49.517596],[0.951594,49.518104],[0.952907,49.518982],[0.952407,49.520415],[0.950761,49.520499],[0.950546,49.520368],[0.947816,49.520261],[0.945532,49.520764],[0.943417,49.521621],[0.944224,49.52233],[0.944336,49.522906],[0.944177,49.523148],[0.94307,49.523627],[0.942086,49.523431],[0.941818,49.523607],[0.941421,49.523531],[0.942239,49.524755],[0.94481,49.527078],[0.943872,49.527748],[0.945356,49.530412],[0.946075,49.531159],[0.944796,49.531642],[0.944898,49.531774],[0.945533,49.531853],[0.945554,49.532027],[0.942499,49.533651],[0.942178,49.533593],[0.942114,49.533827],[0.942545,49.534125],[0.942198,49.534403],[0.940755,49.534327],[0.940819,49.535344],[0.939306,49.53491],[0.938832,49.535076],[0.939802,49.535965],[0.940596,49.537136],[0.941804,49.537728],[0.940162,49.538624],[0.941822,49.540921],[0.941453,49.541483],[0.940171,49.541343],[0.940718,49.54196],[0.943278,49.543592],[0.943067,49.543812],[0.943202,49.543862],[0.939513,49.54668],[0.939363,49.546608],[0.938344,49.547387],[0.938281,49.548221],[0.938963,49.549097],[0.939023,49.549865],[0.925956,49.55175],[0.926651,49.55302],[0.92742,49.555269],[0.928457,49.556108],[0.925867,49.557232],[0.928627,49.559095],[0.931093,49.560098],[0.932229,49.561331],[0.934093,49.562576],[0.935671,49.562527],[0.937063,49.56301],[0.936827,49.563262],[0.938692,49.56412],[0.940264,49.562691],[0.943726,49.561728],[0.945066,49.558181],[0.943175,49.555822],[0.943328,49.555106],[0.944363,49.554575],[0.948476,49.555872],[0.949186,49.555839],[0.950378,49.553802],[0.951175,49.553073],[0.952002,49.551156],[0.951411,49.55024],[0.950846,49.550109],[0.950057,49.550534],[0.949499,49.550387],[0.949504,49.548248],[0.950203,49.54682],[0.950923,49.546594],[0.950969,49.54616],[0.951506,49.546011],[0.951448,49.545861],[0.950481,49.545626],[0.949826,49.545228],[0.948961,49.545079],[0.948377,49.544688],[0.948734,49.544072],[0.948971,49.544009],[0.948924,49.543845],[0.948667,49.543869],[0.948093,49.543507],[0.947616,49.543535],[0.946706,49.543051],[0.946891,49.54261],[0.947157,49.542575],[0.947496,49.542934],[0.947989,49.542753],[0.948741,49.542902],[0.949384,49.542718],[0.948851,49.542352],[0.94871,49.54204],[0.949664,49.542511],[0.950399,49.542267],[0.950804,49.542475],[0.952786,49.542742],[0.953549,49.543379],[0.954568,49.543535],[0.955902,49.544317],[0.956758,49.544314],[0.956655,49.545488],[0.956979,49.545767],[0.958168,49.545288],[0.958877,49.545246],[0.960605,49.545858],[0.962805,49.546162],[0.966657,49.544765],[0.967683,49.544846],[0.971459,49.546993],[0.977184,49.546581],[0.975435,49.547447],[0.975779,49.548682],[0.976371,49.548979],[0.977398,49.549095],[0.978327,49.549791],[0.979406,49.550278],[0.981821,49.550845],[0.982441,49.550308],[0.979674,49.54961],[0.978912,49.54862],[0.981212,49.547007],[0.982628,49.546778],[0.984677,49.546955],[0.986592,49.546921],[0.987376,49.547148],[0.987678,49.547407],[0.988491,49.547572],[0.990432,49.547356],[0.992141,49.548095],[0.994261,49.548597],[0.994651,49.548888],[0.995446,49.550072],[0.996605,49.55037],[0.997851,49.550361],[1.000394,49.549771],[1.001913,49.548604],[1.003366,49.548203],[1.004534,49.548129],[1.00572,49.547391],[1.00765,49.5475],[1.008305,49.548348],[1.010021,49.548956],[1.010584,49.54901],[1.010677,49.548544],[1.010367,49.548418],[1.013179,49.545731],[1.015641,49.545839],[1.016173,49.544967],[1.017153,49.545461],[1.018621,49.545932],[1.018695,49.545825],[1.021591,49.546669],[1.026116,49.548498],[1.026418,49.548145],[1.02707,49.548378],[1.028288,49.547394],[1.027808,49.546886],[1.029748,49.54614],[1.028711,49.545116],[1.030984,49.544168],[1.033051,49.544874],[1.036118,49.545469],[1.036422,49.545257],[1.027346,49.539102],[1.025483,49.537462],[1.02569,49.53666],[1.025296,49.534442],[1.025348,49.532329],[1.025908,49.530759],[1.026504,49.53024],[1.026645,49.52909],[1.024986,49.528944],[1.02546,49.527813],[1.025645,49.526634],[1.025564,49.525799],[1.025199,49.525247],[1.021236,49.523938],[1.015698,49.519118],[1.014112,49.518277],[1.012206,49.5179],[1.010846,49.517337],[1.010079,49.51726],[1.004992,49.517517],[1.002156,49.518316],[0.999951,49.516676],[0.99847,49.51747],[0.995098,49.514885],[0.995558,49.514561],[0.99472,49.513467],[0.994112,49.514131],[0.992057,49.512748],[0.991259,49.511187],[0.99148,49.510837],[0.990744,49.50831],[0.992773,49.507895],[0.994188,49.505825],[0.995426,49.503288],[0.993378,49.502231],[0.993059,49.50271],[0.992377,49.502816],[0.992019,49.503272],[0.990272,49.502916],[0.991195,49.50157],[0.988901,49.499399],[0.986519,49.500398],[0.985931,49.500072],[0.985279,49.500362],[0.983465,49.498034],[0.981225,49.499085],[0.97591,49.496688],[0.969985,49.494843],[0.969377,49.494864],[0.968056,49.495362],[0.966964,49.49525],[0.963799,49.493415],[0.963405,49.492661],[0.962117,49.492207],[0.960948,49.491514],[0.960218,49.491406],[0.957471,49.491465],[0.956527,49.491187],[0.955974,49.490827]],[[0.94158,49.539226],[0.941742,49.538961],[0.942096,49.538883],[0.942264,49.539074],[0.942089,49.539465],[0.94188,49.53953],[0.94158,49.539226]],[[0.948416,49.541306],[0.947964,49.539373],[0.94914,49.539929],[0.949754,49.540681],[0.949778,49.541423],[0.95015,49.541706],[0.94895,49.541746],[0.948416,49.541306]]]}},{"type":"Feature","properties":{"uai_primary":"0762816Y","uai_all":"0762816Y","is_merged":false},"geometry":{"type":"Polygon","coordinates":[[[1.315727,49.411564],[1.31566,49.408667],[1.315456,49.408653],[1.315428,49.407735],[1.315229,49.407875],[1.314323,49.412348],[1.313357,49.414647],[1.313086,49.414058],[1.311663,49.41302],[1.31034,49.410558],[1.312313,49.406762],[1.31205,49.406723],[1.311719,49.407167],[1.310436,49.406818],[1.310711,49.405577],[1.310326,49.405529],[1.31052,49.404545],[1.311155,49.404566],[1.311104,49.40347],[1.310253,49.403454],[1.310291,49.402064],[1.309004,49.402015],[1.308995,49.401717],[1.307719,49.401562],[1.307959,49.395368],[1.303708,49.394246],[1.300323,49.393971],[1.296038,49.394939],[1.293115,49.394989],[1.292453,49.389977],[1.291624,49.388338],[1.288783,49.388449],[1.285137,49.38811],[1.286161,49.386965],[1.287562,49.386175],[1.287778,49.385251],[1.287661,49.385008],[1.285724,49.383823],[1.285307,49.383207],[1.285384,49.382547],[1.286116,49.381103],[1.289023,49.378442],[1.289092,49.376942],[1.289935,49.375833],[1.288185,49.375198],[1.286831,49.375003],[1.286245,49.37471],[1.285872,49.374253],[1.285723,49.372257],[1.286523,49.3713],[1.286671,49.370676],[1.28645,49.368603],[1.286742,49.366548],[1.286395,49.365935],[1.285121,49.364651],[1.284907,49.363985],[1.285253,49.363571],[1.28651,49.362932],[1.282788,49.363144],[1.281779,49.356945],[1.272174,49.356883],[1.272224,49.34628],[1.238147,49.347868],[1.236067,49.348107],[1.217891,49.348754],[1.217538,49.348989],[1.21753,49.349485],[1.212423,49.349657],[1.209181,49.349936],[1.209554,49.352642],[1.202113,49.351619],[1.19943,49.351086],[1.198581,49.353261],[1.199866,49.355042],[1.20142,49.356379],[1.202041,49.357235],[1.202164,49.358037],[1.201836,49.358865],[1.202032,49.35996],[1.203643,49.362244],[1.202526,49.362532],[1.198994,49.364085],[1.198608,49.364517],[1.198738,49.365525],[1.198386,49.36618],[1.197879,49.366617],[1.19737,49.366719],[1.196223,49.366648],[1.195596,49.367055],[1.194988,49.367854],[1.194123,49.368069],[1.193047,49.368081],[1.188896,49.367662],[1.187933,49.367794],[1.187597,49.367995],[1.187246,49.368738],[1.18682,49.369189],[1.18659,49.369123],[1.185611,49.370321],[1.184945,49.370125],[1.184337,49.370307],[1.183749,49.369825],[1.182789,49.369894],[1.182108,49.370143],[1.181127,49.369582],[1.181291,49.369352],[1.176925,49.368536],[1.174157,49.368362],[1.173025,49.366698],[1.172411,49.366815],[1.172097,49.366297],[1.170445,49.366814],[1.170618,49.366551],[1.169036,49.367079],[1.168127,49.368606],[1.170632,49.369525],[1.170114,49.370164],[1.167546,49.369361],[1.16522,49.372609],[1.166054,49.372869],[1.164525,49.375591],[1.167226,49.376496],[1.166984,49.377645],[1.169174,49.377664],[1.169084,49.378933],[1.170334,49.378785],[1.170302,49.378911],[1.172902,49.37936],[1.172931,49.380603],[1.171429,49.380743],[1.171539,49.381219],[1.17189,49.38119],[1.172395,49.382393],[1.172849,49.382308],[1.173407,49.383889],[1.173789,49.383768],[1.175239,49.38513],[1.175668,49.384991],[1.176112,49.385967],[1.17658,49.386021],[1.176809,49.387723],[1.177599,49.387876],[1.177502,49.390611],[1.180858,49.390732],[1.181977,49.393862],[1.183364,49.395323],[1.187731,49.393486],[1.190571,49.394387],[1.191825,49.393728],[1.192402,49.39404],[1.19523,49.393321],[1.195117,49.393126],[1.197978,49.39214],[1.201668,49.390592],[1.204351,49.392825],[1.20463,49.392706],[1.206249,49.394403],[1.205709,49.394565],[1.206196,49.395921],[1.206535,49.39595],[1.206831,49.397894],[1.208019,49.400539],[1.208914,49.400519],[1.209767,49.399964],[1.210745,49.399],[1.210006,49.397847],[1.211914,49.397304],[1.21313,49.39815],[1.21558,49.398503],[1.217639,49.399116],[1.218432,49.399513],[1.219024,49.399581],[1.218511,49.400343],[1.227244,49.405352],[1.227634,49.41471],[1.228865,49.4149],[1.231756,49.417351],[1.234537,49.420968],[1.234587,49.421221],[1.234267,49.421489],[1.235739,49.422729],[1.240726,49.4231],[1.242162,49.422955],[1.243496,49.422144],[1.244678,49.419343],[1.246549,49.418527],[1.250242,49.417571],[1.251505,49.417419],[1.254086,49.417433],[1.259019,49.417969],[1.25913,49.418567],[1.259964,49.419773],[1.260939,49.420289],[1.26252,49.42055],[1.263565,49.419178],[1.262321,49.418061],[1.262954,49.417693],[1.264087,49.418564],[1.267118,49.416403],[1.265338,49.41561],[1.264273,49.414766],[1.264012,49.41342],[1.264455,49.413372],[1.26515,49.412613],[1.267661,49.411996],[1.270398,49.41108],[1.272519,49.412244],[1.273547,49.412586],[1.273471,49.413492],[1.27459,49.414104],[1.275337,49.414908],[1.278047,49.415429],[1.28142,49.416968],[1.280918,49.418158],[1.279569,49.420039],[1.278969,49.424563],[1.279213,49.424653],[1.279128,49.424878],[1.283195,49.425142],[1.29372,49.428073],[1.295896,49.428421],[1.30227,49.427519],[1.308374,49.429103],[1.308328,49.428635],[1.309262,49.428578],[1.308629,49.426869],[1.309255,49.427087],[1.310852,49.426421],[1.313213,49.423217],[1.312126,49.423246],[1.313318,49.421006],[1.313654,49.419354],[1.313507,49.418101],[1.313735,49.416449],[1.315727,49.411564]]]}},{"type":"Feature","properties":{"uai_primary":"0762861X","uai_all":"0762861X","is_merged":false},"geometry":{"type":"Polygon","coordinates":[[[0.575433,49.585183],[0.57683,49.585158],[0.576866,49.584911],[0.578853,49.584925],[0.583728,49.585831],[0.583563,49.586398],[0.58416,49.586421],[0.584362,49.587284],[0.585602,49.586769],[0.586069,49.58682],[0.586252,49.587561],[0.584864,49.588134],[0.584069,49.591979],[0.585704,49.595509],[0.587347,49.596719],[0.588546,49.597885],[0.5891,49.598786],[0.589272,49.600156],[0.591091,49.601674],[0.591812,49.602544],[0.59394,49.602679],[0.59405,49.601982],[0.600298,49.603773],[0.600744,49.603196],[0.602031,49.603247],[0.60607,49.604787],[0.607017,49.60148],[0.61079,49.601879],[0.610617,49.601198],[0.613753,49.60054],[0.617184,49.600032],[0.617881,49.599792],[0.61774,49.599426],[0.620725,49.598446],[0.622409,49.597507],[0.623753,49.596258],[0.626179,49.592558],[0.626882,49.592143],[0.626142,49.590964],[0.6243,49.590996],[0.624943,49.590269],[0.623748,49.58984],[0.624851,49.588712],[0.62461,49.588545],[0.62549,49.587475],[0.626141,49.587733],[0.626912,49.586946],[0.627149,49.587013],[0.627732,49.586442],[0.628473,49.585026],[0.628644,49.584076],[0.628198,49.582876],[0.626987,49.582883],[0.624281,49.58227],[0.618815,49.581729],[0.617214,49.581429],[0.61605,49.581379],[0.615597,49.581203],[0.61378,49.579155],[0.611458,49.577229],[0.608607,49.572539],[0.606743,49.570677],[0.607871,49.570384],[0.608159,49.570054],[0.60765,49.569097],[0.605449,49.569548],[0.604882,49.568807],[0.602982,49.567379],[0.600928,49.567662],[0.600245,49.564349],[0.595134,49.56402],[0.592387,49.5643],[0.590028,49.564299],[0.586526,49.563788],[0.575739,49.556321],[0.577015,49.555086],[0.578328,49.555751],[0.578994,49.554735],[0.580657,49.555385],[0.583261,49.552508],[0.584461,49.552587],[0.58601,49.553147],[0.588108,49.551363],[0.588523,49.551752],[0.589224,49.551465],[0.589862,49.551702],[0.590355,49.550998],[0.590584,49.54972],[0.589784,49.548647],[0.589786,49.547749],[0.590284,49.547747],[0.589646,49.544355],[0.588169,49.544669],[0.587589,49.546406],[0.588125,49.546531],[0.587173,49.548009],[0.586613,49.54754],[0.58585,49.547513],[0.585701,49.547963],[0.584737,49.547815],[0.584844,49.547558],[0.583116,49.546962],[0.581956,49.546378],[0.58241,49.545512],[0.582566,49.54555],[0.583177,49.545137],[0.576282,49.543141],[0.575701,49.543601],[0.574067,49.54293],[0.573425,49.542281],[0.572272,49.541736],[0.571405,49.541615],[0.57167,49.539913],[0.567259,49.539403],[0.565171,49.539382],[0.563972,49.539216],[0.562773,49.539282],[0.561859,49.538726],[0.561266,49.539261],[0.560814,49.539431],[0.561705,49.541011],[0.563384,49.542719],[0.567156,49.544847],[0.571297,49.545826],[0.573655,49.546899],[0.572262,49.548423],[0.572148,49.549447],[0.571541,49.550824],[0.56962,49.552125],[0.566353,49.549854],[0.56434,49.551028],[0.565119,49.551592],[0.564313,49.552008],[0.564499,49.552164],[0.563243,49.552681],[0.563435,49.553717],[0.562856,49.554465],[0.561109,49.554441],[0.557134,49.553513],[0.555401,49.55351],[0.554702,49.553115],[0.555532,49.552728],[0.555095,49.552075],[0.551956,49.54917],[0.551528,49.548437],[0.549849,49.546556],[0.548516,49.545736],[0.545715,49.545084],[0.545786,49.544655],[0.545574,49.544363],[0.545713,49.543472],[0.54506,49.543148],[0.545184,49.542649],[0.543366,49.542074],[0.544874,49.541331],[0.543892,49.540801],[0.542898,49.539984],[0.540024,49.539256],[0.536205,49.537604],[0.535265,49.536897],[0.534856,49.536052],[0.533735,49.535811],[0.534358,49.53354],[0.530724,49.532936],[0.530522,49.53384],[0.531948,49.53407],[0.532506,49.534306],[0.532471,49.534443],[0.5308,49.534552],[0.528731,49.533988],[0.52774,49.534311],[0.527544,49.534537],[0.528019,49.534992],[0.526863,49.535584],[0.526527,49.535517],[0.525943,49.536004],[0.525481,49.536669],[0.5257,49.537296],[0.525471,49.537828],[0.524844,49.537818],[0.524581,49.537946],[0.524468,49.53878],[0.523496,49.538393],[0.52277,49.538985],[0.522066,49.538595],[0.520067,49.539931],[0.519427,49.539526],[0.517574,49.537733],[0.517037,49.537964],[0.516672,49.537684],[0.516329,49.537799],[0.515055,49.536774],[0.514629,49.536099],[0.513444,49.536343],[0.512993,49.535694],[0.512729,49.535723],[0.509097,49.533175],[0.510691,49.532887],[0.512998,49.532879],[0.515059,49.532052],[0.51583,49.531926],[0.516424,49.531403],[0.515431,49.530563],[0.514988,49.52974],[0.514913,49.527332],[0.514369,49.526314],[0.512649,49.52729],[0.510494,49.527876],[0.508778,49.528545],[0.504829,49.5295],[0.500546,49.531497],[0.497734,49.534449],[0.496999,49.53496],[0.493413,49.5356],[0.487163,49.537335],[0.487705,49.538216],[0.489779,49.539626],[0.491667,49.541246],[0.491378,49.541394],[0.491204,49.542887],[0.489878,49.545596],[0.490223,49.546794],[0.489962,49.547683],[0.488818,49.548789],[0.487184,49.551406],[0.487362,49.551455],[0.485799,49.552597],[0.483876,49.553302],[0.481414,49.554949],[0.480085,49.556878],[0.478202,49.558133],[0.476487,49.557413],[0.476145,49.557413],[0.475778,49.557617],[0.475449,49.557274],[0.475568,49.556517],[0.474863,49.556318],[0.474707,49.555862],[0.470268,49.553589],[0.469502,49.552957],[0.468053,49.550469],[0.467037,49.546697],[0.465307,49.544369],[0.465242,49.543725],[0.464071,49.543246],[0.461499,49.542731],[0.461169,49.541715],[0.460752,49.541166],[0.455784,49.541121],[0.451582,49.541878],[0.447446,49.541979],[0.446126,49.542895],[0.443961,49.545824],[0.440125,49.54498],[0.438474,49.544822],[0.438532,49.544519],[0.435698,49.543493],[0.435734,49.544849],[0.434668,49.546655],[0.433227,49.551971],[0.431722,49.551503],[0.430449,49.553866],[0.430227,49.554919],[0.430381,49.554921],[0.430392,49.556537],[0.430848,49.557758],[0.431025,49.559123],[0.430957,49.560723],[0.430135,49.562666],[0.428165,49.56263],[0.423875,49.561719],[0.42302,49.562762],[0.425202,49.563384],[0.425059,49.563824],[0.426116,49.564193],[0.428522,49.564223],[0.428946,49.563751],[0.429474,49.563488],[0.431191,49.563372],[0.435567,49.565063],[0.43544,49.56556],[0.438178,49.56573],[0.439026,49.565676],[0.441153,49.565183],[0.441791,49.565302],[0.442891,49.565792],[0.443716,49.565851],[0.444407,49.56557],[0.445829,49.56417],[0.446898,49.563609],[0.449127,49.563539],[0.450594,49.563643],[0.449635,49.564098],[0.448981,49.564854],[0.448897,49.565476],[0.449277,49.566101],[0.449268,49.566647],[0.447703,49.567409],[0.447245,49.568309],[0.445823,49.569845],[0.446872,49.57069],[0.448143,49.570738],[0.446081,49.572834],[0.447979,49.573836],[0.446204,49.575519],[0.453301,49.578991],[0.458414,49.581771],[0.462405,49.582907],[0.462717,49.583979],[0.463663,49.584017],[0.463637,49.583072],[0.464181,49.58219],[0.468169,49.579208],[0.471534,49.580502],[0.469701,49.581813],[0.468856,49.582885],[0.47003,49.584436],[0.470314,49.584202],[0.472905,49.585835],[0.474433,49.586458],[0.47698,49.586989],[0.47799,49.587474],[0.479205,49.588353],[0.479619,49.588051],[0.482127,49.589683],[0.481133,49.590321],[0.481922,49.590938],[0.482267,49.591618],[0.483125,49.592263],[0.486466,49.593653],[0.486965,49.594281],[0.487333,49.594164],[0.487588,49.594585],[0.490079,49.594225],[0.495556,49.592918],[0.495301,49.591095],[0.495896,49.591065],[0.495857,49.590056],[0.493034,49.588557],[0.49104,49.586304],[0.489035,49.584914],[0.482583,49.585609],[0.481964,49.584338],[0.480508,49.583361],[0.480732,49.582507],[0.481627,49.582332],[0.481313,49.581935],[0.481392,49.581627],[0.481013,49.581328],[0.481274,49.580733],[0.481001,49.58047],[0.480931,49.579999],[0.480454,49.579797],[0.480024,49.579835],[0.480114,49.579437],[0.479768,49.579015],[0.479003,49.578955],[0.478759,49.578728],[0.478827,49.578505],[0.478418,49.578475],[0.478002,49.577911],[0.476269,49.576874],[0.47601,49.576408],[0.475384,49.575903],[0.475885,49.575613],[0.475431,49.574768],[0.475158,49.574665],[0.47438,49.57481],[0.47364,49.574754],[0.472601,49.575001],[0.472987,49.574347],[0.472352,49.573792],[0.472081,49.573846],[0.47233,49.573781],[0.471956,49.5735],[0.471892,49.573013],[0.471375,49.572954],[0.471577,49.572345],[0.470886,49.572158],[0.471299,49.571955],[0.470854,49.571602],[0.471363,49.571386],[0.471295,49.57114],[0.471911,49.570678],[0.471444,49.57018],[0.471763,49.569836],[0.471776,49.568849],[0.472044,49.568681],[0.472515,49.568678],[0.472678,49.568322],[0.472356,49.567621],[0.472678,49.567006],[0.472501,49.566786],[0.473372,49.566293],[0.473309,49.566017],[0.472715,49.56556],[0.473299,49.565463],[0.473754,49.564878],[0.473997,49.564514],[0.473659,49.564401],[0.474361,49.563846],[0.474505,49.563413],[0.474315,49.563148],[0.474504,49.563017],[0.474421,49.563139],[0.474944,49.563257],[0.474256,49.564009],[0.474276,49.564558],[0.477671,49.565368],[0.47829,49.564388],[0.481315,49.56511],[0.481008,49.565649],[0.482871,49.566115],[0.482958,49.565943],[0.484653,49.566485],[0.485631,49.567036],[0.487508,49.565937],[0.488999,49.567635],[0.490158,49.567439],[0.494448,49.565646],[0.497251,49.565886],[0.497236,49.565714],[0.498392,49.565607],[0.498336,49.566914],[0.499991,49.566244],[0.502635,49.566706],[0.503386,49.56659],[0.504041,49.566438],[0.504779,49.565983],[0.503695,49.565098],[0.502645,49.562985],[0.508536,49.55903],[0.511887,49.561474],[0.511999,49.561284],[0.512202,49.561341],[0.514135,49.562432],[0.515577,49.561623],[0.519712,49.56439],[0.52069,49.565562],[0.522194,49.566529],[0.523853,49.568293],[0.524204,49.56744],[0.525566,49.567062],[0.526604,49.568495],[0.526305,49.568789],[0.526739,49.569831],[0.527909,49.570718],[0.52536,49.571515],[0.524907,49.571914],[0.526188,49.575124],[0.525648,49.577249],[0.526195,49.577767],[0.527868,49.578207],[0.529168,49.57954],[0.530311,49.580139],[0.535761,49.581925],[0.535959,49.58132],[0.537735,49.581232],[0.538458,49.580718],[0.546292,49.582836],[0.546093,49.583209],[0.55737,49.586225],[0.557916,49.585445],[0.565061,49.587354],[0.570894,49.587047],[0.572624,49.58548],[0.575441,49.585555],[0.575433,49.585183]],[[0.464392,49.563185],[0.465241,49.564302],[0.465188,49.564666],[0.465877,49.565242],[0.465703,49.565323],[0.4642,49.564984],[0.463918,49.56507],[0.463389,49.564786],[0.463347,49.564225],[0.464662,49.564173],[0.463224,49.563815],[0.463193,49.563489],[0.463835,49.563211],[0.464392,49.563185]],[[0.471688,49.568767],[0.471561,49.568412],[0.471979,49.567986],[0.472077,49.568368],[0.471688,49.568767]]]}},{"type":"Feature","properties":{"uai_primary":"0762919K","uai_all":"0762919K","is_merged":false},"geometry":{"type":"Polygon","coordinates":[[[1.015199,49.286425],[1.015881,49.286206],[1.016493,49.286255],[1.016774,49.286098],[1.017288,49.286562],[1.017693,49.286436],[1.018228,49.286695],[1.018879,49.286689],[1.018604,49.286569],[1.018251,49.286655],[1.018245,49.286156],[1.017795,49.286014],[1.018425,49.285826],[1.018563,49.286086],[1.019038,49.286054],[1.019352,49.286796],[1.019719,49.286554],[1.019713,49.286056],[1.019398,49.285997],[1.019649,49.285741],[1.018966,49.285691],[1.018821,49.285401],[1.019115,49.284914],[1.018652,49.284715],[1.018438,49.283891],[1.018254,49.283799],[1.018405,49.283376],[1.019004,49.283609],[1.019321,49.283242],[1.019813,49.282994],[1.020259,49.282963],[1.020615,49.282591],[1.020449,49.282108],[1.020726,49.281891],[1.020485,49.281471],[1.02101,49.281067],[1.021642,49.282172],[1.021623,49.282592],[1.022499,49.282756],[1.022838,49.282441],[1.022608,49.282076],[1.023356,49.281973],[1.023478,49.28181],[1.022866,49.280787],[1.023495,49.280479],[1.023493,49.279656],[1.023953,49.279915],[1.024602,49.279931],[1.024837,49.280096],[1.025149,49.280736],[1.024599,49.280898],[1.024875,49.28104],[1.025283,49.280928],[1.025351,49.281019],[1.025911,49.280856],[1.025755,49.280259],[1.026026,49.279821],[1.026907,49.27935],[1.02737,49.279493],[1.027876,49.279352],[1.027832,49.278962],[1.02857,49.278865],[1.029639,49.278382],[1.030098,49.278324],[1.030189,49.27816],[1.030362,49.278148],[1.030453,49.278396],[1.030319,49.278713],[1.0297,49.278695],[1.029244,49.278869],[1.02892,49.279261],[1.028612,49.279254],[1.0287,49.279467],[1.029044,49.279583],[1.02997,49.279535],[1.030364,49.279343],[1.031603,49.279288],[1.030627,49.278078],[1.030774,49.277968],[1.030579,49.277841],[1.030986,49.277349],[1.031526,49.277452],[1.036115,49.27462],[1.035216,49.274247],[1.03444,49.273615],[1.033417,49.27181],[1.03167,49.269359],[1.030288,49.270039],[1.030016,49.27048],[1.027429,49.271369],[1.026738,49.271155],[1.025639,49.271265],[1.025018,49.2715],[1.024705,49.27184],[1.023995,49.271615],[1.021673,49.272037],[1.021608,49.271918],[1.02111,49.271957],[1.020456,49.272229],[1.01985,49.272274],[1.019759,49.272075],[1.018239,49.272431],[1.01572,49.273457],[1.015281,49.273739],[1.015398,49.273929],[1.012702,49.275355],[1.01352,49.276311],[1.01128,49.277389],[1.010634,49.277264],[1.00891,49.278093],[1.007033,49.27767],[1.009383,49.279488],[1.011112,49.280589],[1.010207,49.280945],[1.013028,49.284714],[1.013527,49.284448],[1.014787,49.286792],[1.015199,49.286425]],[[1.017049,49.283157],[1.017019,49.282924],[1.01739,49.282802],[1.017969,49.283254],[1.017442,49.283464],[1.016996,49.283262],[1.017049,49.283157]],[[1.028015,49.27975],[1.028362,49.280002],[1.028398,49.27957],[1.028015,49.27975]],[[1.026002,49.281517],[1.025793,49.281003],[1.025521,49.281212],[1.026002,49.281517]],[[1.036799,49.290849],[1.03702,49.290406],[1.036849,49.289975],[1.036215,49.289395],[1.035423,49.289537],[1.035051,49.290615],[1.036799,49.290849]],[[1.030596,49.289078],[1.029877,49.289593],[1.029827,49.291542],[1.0323,49.292986],[1.032966,49.29123],[1.034619,49.290634],[1.034832,49.289387],[1.032628,49.289044],[1.030596,49.289078]],[[1.002011,49.291799],[1.002274,49.291461],[1.001994,49.291329],[1.00169,49.291541],[1.002011,49.291799]],[[0.997289,49.292279],[0.996173,49.292573],[0.995983,49.292815],[0.996723,49.293202],[0.996779,49.293484],[0.995962,49.293724],[0.995412,49.294264],[0.99502,49.295078],[0.993245,49.296006],[0.993446,49.296157],[0.993235,49.296705],[0.994481,49.297053],[0.993704,49.298175],[0.992594,49.300785],[0.99224,49.302521],[0.992477,49.30388],[0.994526,49.303734],[0.994395,49.302976],[0.997702,49.299251],[0.999986,49.297838],[1.005391,49.295209],[1.007488,49.294622],[1.007333,49.293627],[1.022156,49.29321],[1.021242,49.290676],[1.02273,49.290184],[1.023325,49.290124],[1.023851,49.289754],[1.023287,49.288277],[1.023695,49.288548],[1.024458,49.288672],[1.024476,49.288479],[1.02414,49.287921],[1.023918,49.28789],[1.022207,49.288404],[1.020341,49.2881],[1.019995,49.287125],[1.019469,49.287116],[1.017706,49.286636],[1.016716,49.286576],[1.014485,49.286861],[1.014397,49.28664],[1.013696,49.286396],[1.01288,49.286906],[1.012985,49.287034],[1.012488,49.28678],[1.012195,49.287072],[1.011158,49.286427],[1.008915,49.287038],[1.008757,49.28742],[1.009096,49.28769],[1.009004,49.28811],[1.008476,49.288193],[1.008562,49.288479],[1.009107,49.288558],[1.009126,49.288745],[1.008888,49.288888],[1.008649,49.288723],[1.008351,49.288875],[1.008247,49.2886],[1.007805,49.288504],[1.007611,49.288925],[1.008042,49.289113],[1.008005,49.289395],[1.00713,49.289176],[1.007024,49.288826],[1.007246,49.288501],[1.007826,49.288402],[1.007653,49.288188],[1.00706,49.288161],[1.007136,49.287746],[1.006819,49.287372],[1.005968,49.287506],[1.006502,49.287958],[1.006647,49.287841],[1.006708,49.28812],[1.007038,49.288174],[1.007216,49.288477],[1.006397,49.288834],[1.006384,49.28914],[1.005722,49.28907],[1.005722,49.289475],[1.005201,49.2895],[1.003735,49.290402],[1.002778,49.290227],[1.003385,49.291129],[1.002643,49.291867],[1.001998,49.29192],[1.000991,49.29229],[1.000621,49.291902],[1.000109,49.291907],[0.999444,49.291571],[0.998938,49.291922],[0.998878,49.291589],[0.998744,49.292006],[0.997857,49.292157],[0.998218,49.292764],[0.997686,49.292978],[0.997322,49.292714],[0.997454,49.292364],[0.997289,49.292279]],[[1.000236,49.292237],[1.000202,49.292427],[0.999607,49.292373],[0.999844,49.292146],[1.000236,49.292237]],[[1.000952,49.29311],[1.000908,49.29251],[1.001565,49.292885],[1.001876,49.29331],[1.001486,49.293505],[1.002086,49.293814],[1.002395,49.294465],[1.00066,49.294942],[1.000276,49.294227],[1.000952,49.29311]],[[0.970412,49.294455],[0.970592,49.293995],[0.970298,49.293788],[0.969294,49.295307],[0.969877,49.295413],[0.970412,49.294455]]]}},{"type":"Feature","properties":{"uai_primary":"0763368Y","uai_all":"0763368Y","is_merged":false},"geometry":{"type":"Polygon","coordinates":[[[1.252287,49.47454],[1.254689,49.470406],[1.248894,49.469607],[1.249211,49.468865],[1.248973,49.468785],[1.248858,49.463424],[1.246417,49.463642],[1.228077,49.461838],[1.22729,49.461626],[1.22633,49.461608],[1.225537,49.461343],[1.22495,49.463963],[1.222584,49.46381],[1.22254,49.464197],[1.220488,49.464288],[1.220195,49.466125],[1.220537,49.466442],[1.219997,49.467969],[1.213664,49.468141],[1.213612,49.468294],[1.207831,49.468736],[1.208183,49.469988],[1.206725,49.469476],[1.206654,49.470708],[1.204772,49.470631],[1.203776,49.471866],[1.199997,49.474437],[1.198754,49.474685],[1.197075,49.476533],[1.193263,49.476209],[1.189934,49.477336],[1.186601,49.476899],[1.184552,49.476982],[1.182754,49.476452],[1.182252,49.476614],[1.180586,49.476543],[1.180529,49.475192],[1.180222,49.475143],[1.180147,49.474881],[1.179804,49.474878],[1.179226,49.475719],[1.177402,49.476153],[1.176402,49.475756],[1.176064,49.47638],[1.175029,49.476738],[1.174186,49.47686],[1.173913,49.476529],[1.172031,49.476151],[1.171699,49.476228],[1.171639,49.475856],[1.169317,49.476693],[1.168993,49.476619],[1.1673,49.477032],[1.167519,49.477521],[1.166935,49.477658],[1.166945,49.477881],[1.16201,49.478934],[1.161732,49.478768],[1.161416,49.478843],[1.16087,49.477141],[1.159966,49.475865],[1.158625,49.474697],[1.161847,49.473287],[1.162211,49.472957],[1.162635,49.471865],[1.162584,49.471392],[1.161619,49.47112],[1.160613,49.469551],[1.160114,49.469403],[1.159526,49.469812],[1.157019,49.474051],[1.148316,49.474159],[1.147685,49.47471],[1.146905,49.475065],[1.146042,49.475932],[1.14547,49.477239],[1.140278,49.479367],[1.139906,49.479883],[1.140515,49.481847],[1.141148,49.482571],[1.13918,49.48381],[1.137802,49.483619],[1.137074,49.483373],[1.136908,49.483957],[1.137394,49.4857],[1.137948,49.485972],[1.138308,49.48651],[1.137712,49.48704],[1.137471,49.48692],[1.136634,49.487545],[1.136485,49.488338],[1.133178,49.49008],[1.134808,49.492352],[1.131732,49.492789],[1.131733,49.493386],[1.132743,49.493422],[1.135789,49.497767],[1.136623,49.498132],[1.134788,49.498976],[1.134576,49.500486],[1.130951,49.501257],[1.130094,49.5006],[1.129327,49.500371],[1.126848,49.500171],[1.126069,49.500263],[1.125652,49.500577],[1.124961,49.502117],[1.12377,49.502363],[1.121397,49.503442],[1.120667,49.503617],[1.121004,49.504334],[1.120651,49.504645],[1.120494,49.506525],[1.121105,49.508174],[1.121926,49.508908],[1.122392,49.509792],[1.12167,49.511132],[1.120757,49.514132],[1.120886,49.514493],[1.121566,49.514949],[1.122906,49.516624],[1.123025,49.517398],[1.12369,49.518482],[1.125511,49.519934],[1.125698,49.520365],[1.125265,49.520979],[1.124252,49.521278],[1.120757,49.524442],[1.118426,49.525246],[1.119797,49.525814],[1.122921,49.526084],[1.125455,49.5268],[1.128868,49.529297],[1.130665,49.531145],[1.131609,49.531345],[1.134155,49.531371],[1.137123,49.532066],[1.139031,49.532085],[1.141683,49.532612],[1.142715,49.532625],[1.142938,49.5328],[1.143899,49.532843],[1.145294,49.533457],[1.146932,49.534589],[1.147312,49.536316],[1.149015,49.538422],[1.149474,49.539565],[1.149567,49.541355],[1.151388,49.543316],[1.152255,49.544525],[1.152184,49.545804],[1.151339,49.546515],[1.150267,49.54804],[1.151619,49.551737],[1.152623,49.553487],[1.152491,49.553931],[1.151496,49.554832],[1.151763,49.556393],[1.152159,49.557059],[1.153366,49.558074],[1.153826,49.558269],[1.154961,49.559363],[1.155486,49.558498],[1.15711,49.558867],[1.157394,49.558495],[1.159313,49.558892],[1.159341,49.558476],[1.15992,49.558375],[1.159999,49.558141],[1.16378,49.557883],[1.164595,49.558008],[1.164649,49.558243],[1.166214,49.557356],[1.16712,49.557604],[1.170171,49.556793],[1.170578,49.557096],[1.171408,49.556969],[1.171786,49.558589],[1.172865,49.559723],[1.173776,49.559557],[1.175354,49.55847],[1.176897,49.558457],[1.179675,49.557767],[1.181886,49.557824],[1.183084,49.557544],[1.18491,49.557419],[1.185031,49.55769],[1.184576,49.55848],[1.184801,49.559116],[1.18513,49.559365],[1.185431,49.560346],[1.187051,49.562165],[1.192849,49.562177],[1.197151,49.561791],[1.201031,49.562312],[1.199723,49.560985],[1.199742,49.560132],[1.200456,49.559578],[1.199669,49.559382],[1.199037,49.558101],[1.19752,49.557066],[1.196787,49.556995],[1.195687,49.557139],[1.195077,49.556745],[1.194731,49.556703],[1.193057,49.555603],[1.193147,49.555237],[1.196187,49.553856],[1.197631,49.552204],[1.199985,49.551593],[1.202109,49.551748],[1.202255,49.551488],[1.202361,49.550119],[1.201656,49.548847],[1.198645,49.545403],[1.196597,49.54261],[1.195314,49.539732],[1.194736,49.53736],[1.196273,49.537216],[1.19994,49.537214],[1.203044,49.536385],[1.20421,49.538249],[1.206325,49.537337],[1.209717,49.536256],[1.212023,49.535137],[1.213156,49.534378],[1.215217,49.533861],[1.216664,49.533905],[1.217348,49.533736],[1.218968,49.532852],[1.218226,49.531786],[1.21918,49.530722],[1.218469,49.530359],[1.223169,49.526999],[1.226677,49.526785],[1.226701,49.526257],[1.226467,49.526032],[1.226204,49.524851],[1.225766,49.524514],[1.226878,49.523966],[1.227231,49.521546],[1.227589,49.520965],[1.228995,49.519766],[1.229212,49.519319],[1.228892,49.518139],[1.227732,49.517544],[1.226828,49.517304],[1.226508,49.516959],[1.226958,49.516807],[1.230636,49.516898],[1.235459,49.517223],[1.236458,49.513179],[1.247334,49.50865],[1.251183,49.506698],[1.253121,49.504175],[1.256566,49.503298],[1.260052,49.502019],[1.261202,49.502449],[1.261971,49.50167],[1.262535,49.499929],[1.262397,49.498994],[1.261604,49.498968],[1.261111,49.498745],[1.260908,49.499235],[1.260471,49.499177],[1.260341,49.499464],[1.257111,49.499061],[1.257875,49.495452],[1.256964,49.49535],[1.257173,49.494151],[1.258437,49.490985],[1.258765,49.491021],[1.258879,49.489837],[1.259373,49.489832],[1.258827,49.487901],[1.262768,49.487238],[1.263077,49.486415],[1.261801,49.486538],[1.261643,49.486181],[1.261014,49.486319],[1.260574,49.484889],[1.260108,49.484894],[1.260065,49.484665],[1.258861,49.484756],[1.258902,49.484985],[1.258411,49.485011],[1.258199,49.484546],[1.257527,49.484565],[1.257636,49.48345],[1.257005,49.483415],[1.256978,49.482501],[1.254697,49.482448],[1.255286,49.481423],[1.256314,49.480618],[1.254247,49.480038],[1.254412,49.479331],[1.25133,49.47915],[1.25147,49.478746],[1.250468,49.478584],[1.252287,49.47454]],[[1.15108,49.46158],[1.151181,49.461012],[1.150503,49.460957],[1.150043,49.46112],[1.14988,49.461402],[1.150168,49.461587],[1.150891,49.461726],[1.15108,49.46158]],[[1.153105,49.46116],[1.152844,49.46189],[1.154051,49.461989],[1.154215,49.461471],[1.153999,49.461249],[1.153569,49.461024],[1.153175,49.461036],[1.153105,49.46116]]]}}]}