{"type":"FeatureCollection","features":[{"type":"Feature","properties":{"uai_primary":"0790003Z","uai_all":"0790003Z","is_merged":false},"geometry":{"type":"Polygon","coordinates":[[[-0.439088,46.943737],[-0.439605,46.942704],[-0.439213,46.940368],[-0.439363,46.939953],[-0.438208,46.937548],[-0.439759,46.935381],[-0.439955,46.934543],[-0.439923,46.93314],[-0.438678,46.93122],[-0.439221,46.929808],[-0.441772,46.928315],[-0.443514,46.927767],[-0.44526,46.926827],[-0.445818,46.926681],[-0.446056,46.925704],[-0.446811,46.924864],[-0.447549,46.924755],[-0.449541,46.923629],[-0.451288,46.921875],[-0.452496,46.921254],[-0.454141,46.918838],[-0.454915,46.918056],[-0.454834,46.917327],[-0.453603,46.915359],[-0.453575,46.914572],[-0.454144,46.913485],[-0.454354,46.911243],[-0.455248,46.91063],[-0.455628,46.909381],[-0.455221,46.909081],[-0.455346,46.90797],[-0.456346,46.907653],[-0.466613,46.906791],[-0.468174,46.906215],[-0.470077,46.906001],[-0.470524,46.905593],[-0.473907,46.904887],[-0.474151,46.904479],[-0.475158,46.90386],[-0.476883,46.904194],[-0.477466,46.904057],[-0.479213,46.90403],[-0.479757,46.903893],[-0.480938,46.903163],[-0.481718,46.903044],[-0.481864,46.902783],[-0.483202,46.902683],[-0.484404,46.902912],[-0.486235,46.902311],[-0.48649,46.901902],[-0.487385,46.901717],[-0.487666,46.901356],[-0.488308,46.901608],[-0.488752,46.901316],[-0.489234,46.901235],[-0.48931,46.900658],[-0.489868,46.900636],[-0.490037,46.901369],[-0.490379,46.901104],[-0.491079,46.90141],[-0.491822,46.901269],[-0.492632,46.900838],[-0.493597,46.899968],[-0.493973,46.899193],[-0.495461,46.898478],[-0.496498,46.898667],[-0.497436,46.898577],[-0.49815,46.898683],[-0.498814,46.898534],[-0.499484,46.899081],[-0.500572,46.89907],[-0.501066,46.898825],[-0.502144,46.898628],[-0.503,46.898789],[-0.505015,46.898736],[-0.505342,46.898701],[-0.505419,46.898438],[-0.505897,46.898254],[-0.50711,46.898138],[-0.508149,46.897646],[-0.509773,46.897405],[-0.510715,46.896946],[-0.512446,46.897136],[-0.513147,46.896896],[-0.513569,46.897076],[-0.514455,46.896916],[-0.518223,46.896946],[-0.518897,46.896843],[-0.519595,46.89652],[-0.520882,46.896384],[-0.522392,46.895897],[-0.524691,46.894329],[-0.526502,46.89347],[-0.526839,46.893073],[-0.529648,46.892661],[-0.53141,46.891996],[-0.533804,46.889874],[-0.535429,46.888906],[-0.536529,46.889301],[-0.539154,46.889281],[-0.540949,46.889425],[-0.541385,46.88986],[-0.542134,46.889746],[-0.544146,46.89055],[-0.547119,46.891415],[-0.549005,46.891215],[-0.549665,46.890747],[-0.55002,46.890863],[-0.55056,46.890645],[-0.551072,46.891373],[-0.550944,46.893181],[-0.551582,46.894062],[-0.552129,46.894364],[-0.554849,46.894613],[-0.555705,46.895093],[-0.555643,46.89477],[-0.556191,46.893644],[-0.556091,46.892357],[-0.556457,46.89174],[-0.556676,46.889961],[-0.556794,46.88982],[-0.560804,46.890176],[-0.562065,46.886768],[-0.561778,46.886325],[-0.562342,46.8846],[-0.566001,46.885231],[-0.567408,46.883985],[-0.569772,46.882389],[-0.570463,46.882999],[-0.571737,46.883507],[-0.572915,46.882216],[-0.574503,46.882157],[-0.576031,46.880309],[-0.576862,46.879607],[-0.578484,46.878826],[-0.579066,46.878014],[-0.580656,46.878502],[-0.579029,46.879945],[-0.57775,46.880564],[-0.57769,46.8807],[-0.578669,46.881907],[-0.579081,46.883577],[-0.578683,46.884342],[-0.576775,46.885902],[-0.577355,46.886396],[-0.579121,46.88718],[-0.583218,46.888211],[-0.584363,46.888723],[-0.585191,46.889467],[-0.586473,46.890109],[-0.5871,46.890768],[-0.587902,46.891018],[-0.588108,46.891326],[-0.588009,46.89178],[-0.588208,46.891821],[-0.589439,46.890303],[-0.592753,46.888186],[-0.595885,46.888113],[-0.595609,46.88785],[-0.593748,46.887448],[-0.59305,46.886914],[-0.593799,46.885776],[-0.594388,46.885441],[-0.594837,46.885254],[-0.598044,46.886876],[-0.598265,46.886738],[-0.598417,46.886563],[-0.596735,46.885409],[-0.596623,46.885097],[-0.597596,46.883986],[-0.598892,46.883258],[-0.600737,46.881467],[-0.601216,46.881276],[-0.601771,46.88166],[-0.602271,46.882413],[-0.603309,46.883377],[-0.606097,46.885151],[-0.606571,46.885408],[-0.607872,46.885195],[-0.610161,46.886217],[-0.612518,46.888497],[-0.613621,46.888243],[-0.61571,46.888054],[-0.622819,46.88598],[-0.627181,46.881726],[-0.627954,46.881387],[-0.629432,46.882037],[-0.629875,46.88267],[-0.630431,46.884297],[-0.629469,46.884868],[-0.628751,46.885886],[-0.629523,46.886799],[-0.630972,46.887169],[-0.631838,46.887692],[-0.632315,46.888423],[-0.632749,46.888629],[-0.63493,46.890683],[-0.635097,46.891199],[-0.635493,46.891391],[-0.635801,46.891333],[-0.636378,46.891756],[-0.63748,46.892016],[-0.637948,46.893138],[-0.638471,46.893435],[-0.63901,46.894319],[-0.63914,46.894909],[-0.639311,46.895183],[-0.639616,46.895278],[-0.6396,46.895733],[-0.640295,46.896144],[-0.64136,46.896394],[-0.642701,46.89815],[-0.64318,46.898445],[-0.643188,46.898696],[-0.643926,46.898848],[-0.644283,46.899325],[-0.644236,46.899753],[-0.643006,46.901308],[-0.64417,46.901787],[-0.645262,46.901802],[-0.647108,46.902197],[-0.649042,46.901814],[-0.650943,46.901867],[-0.652092,46.902111],[-0.65369,46.901925],[-0.654394,46.902209],[-0.654794,46.901919],[-0.654891,46.902577],[-0.655558,46.902482],[-0.655807,46.902848],[-0.656762,46.902749],[-0.656854,46.903195],[-0.657287,46.903387],[-0.657385,46.903704],[-0.657795,46.903785],[-0.657974,46.904062],[-0.658274,46.903963],[-0.65851,46.904089],[-0.658223,46.905127],[-0.657901,46.905372],[-0.657452,46.905458],[-0.657267,46.905809],[-0.656461,46.906302],[-0.655486,46.907234],[-0.65391,46.907988],[-0.653821,46.909076],[-0.654298,46.909378],[-0.654417,46.910055],[-0.655015,46.910823],[-0.654756,46.911349],[-0.654457,46.911431],[-0.654215,46.911781],[-0.654465,46.912579],[-0.654199,46.913034],[-0.654227,46.91351],[-0.65349,46.913833],[-0.653302,46.914085],[-0.653362,46.914313],[-0.653825,46.91445],[-0.65365,46.914984],[-0.65326,46.915098],[-0.653379,46.915322],[-0.65402,46.915387],[-0.654153,46.914845],[-0.655063,46.914416],[-0.654906,46.914161],[-0.655396,46.914105],[-0.657124,46.91253],[-0.657517,46.912404],[-0.658394,46.912537],[-0.659671,46.91244],[-0.660254,46.912528],[-0.660733,46.91225],[-0.661538,46.912248],[-0.661625,46.912026],[-0.661444,46.911857],[-0.662087,46.911718],[-0.662199,46.911563],[-0.662621,46.91162],[-0.662866,46.911411],[-0.663407,46.911384],[-0.664048,46.910855],[-0.664878,46.910454],[-0.665402,46.910586],[-0.666164,46.910216],[-0.666647,46.910326],[-0.666991,46.910134],[-0.667406,46.909339],[-0.667969,46.909177],[-0.668742,46.908552],[-0.669393,46.908456],[-0.669329,46.908261],[-0.669969,46.908179],[-0.672468,46.908887],[-0.673351,46.908988],[-0.674211,46.909644],[-0.674269,46.909852],[-0.675086,46.910126],[-0.675381,46.910867],[-0.675709,46.911029],[-0.675586,46.911201],[-0.676115,46.911317],[-0.676757,46.911275],[-0.677254,46.910954],[-0.67825,46.911348],[-0.679293,46.91092],[-0.679993,46.910827],[-0.680062,46.910615],[-0.680819,46.910629],[-0.68164,46.90986],[-0.68162,46.909703],[-0.682157,46.909686],[-0.682893,46.909171],[-0.68353,46.909451],[-0.683926,46.909367],[-0.684531,46.909473],[-0.685504,46.910188],[-0.685955,46.90997],[-0.685927,46.910232],[-0.686461,46.910253],[-0.687045,46.909999],[-0.687303,46.910164],[-0.687552,46.909856],[-0.688084,46.910022],[-0.689168,46.909994],[-0.690344,46.910203],[-0.693602,46.912033],[-0.693804,46.91258],[-0.694854,46.913393],[-0.695596,46.913644],[-0.696832,46.91378],[-0.697779,46.914278],[-0.699571,46.91573],[-0.700271,46.916549],[-0.69935,46.916871],[-0.69776,46.917935],[-0.696335,46.918065],[-0.693096,46.91877],[-0.69015,46.919897],[-0.688561,46.92019],[-0.688421,46.922153],[-0.688135,46.922671],[-0.689044,46.923664],[-0.689092,46.924295],[-0.690479,46.926073],[-0.690462,46.92656],[-0.685724,46.927368],[-0.680829,46.927162],[-0.677959,46.927224],[-0.677345,46.92735],[-0.674418,46.92823],[-0.670358,46.929884],[-0.664771,46.931092],[-0.662758,46.932031],[-0.659605,46.932907],[-0.650828,46.934437],[-0.648964,46.935312],[-0.64426,46.937117],[-0.639718,46.938133],[-0.635213,46.93889],[-0.633925,46.938732],[-0.631606,46.939049],[-0.626026,46.940292],[-0.62311,46.940225],[-0.615816,46.940727],[-0.613086,46.940704],[-0.612982,46.94133],[-0.611794,46.942441],[-0.610852,46.943231],[-0.610254,46.943328],[-0.610045,46.943916],[-0.610173,46.944403],[-0.609558,46.9452],[-0.609824,46.945457],[-0.610518,46.945499],[-0.610989,46.946245],[-0.611826,46.946643],[-0.612298,46.947181],[-0.612661,46.947318],[-0.614908,46.946895],[-0.616105,46.946866],[-0.616741,46.947264],[-0.617093,46.947937],[-0.619379,46.948492],[-0.621625,46.948697],[-0.622487,46.949147],[-0.623692,46.949029],[-0.624335,46.94912],[-0.625236,46.948624],[-0.626533,46.948857],[-0.626412,46.949208],[-0.626564,46.949835],[-0.627932,46.950676],[-0.627987,46.951083],[-0.628878,46.951584],[-0.629137,46.95233],[-0.628545,46.952768],[-0.628649,46.953553],[-0.630112,46.953971],[-0.630814,46.954385],[-0.631148,46.955343],[-0.631797,46.955826],[-0.631912,46.956725],[-0.630452,46.957671],[-0.630997,46.957893],[-0.631003,46.958315],[-0.631355,46.958479],[-0.631396,46.958845],[-0.631686,46.95894],[-0.632659,46.958468],[-0.634213,46.958023],[-0.636167,46.957703],[-0.638198,46.95756],[-0.640179,46.957734],[-0.641778,46.958097],[-0.644862,46.959187],[-0.647229,46.960386],[-0.65214,46.962375],[-0.654475,46.962988],[-0.656533,46.96334],[-0.661064,46.963255],[-0.661077,46.963533],[-0.661285,46.963614],[-0.662983,46.963789],[-0.668967,46.964847],[-0.668189,46.965114],[-0.667951,46.965962],[-0.668205,46.966483],[-0.667976,46.966912],[-0.668188,46.967176],[-0.668847,46.967204],[-0.668986,46.967336],[-0.668946,46.967787],[-0.668403,46.968657],[-0.666368,46.970689],[-0.665779,46.970738],[-0.664175,46.971431],[-0.663562,46.971416],[-0.66166,46.972749],[-0.65827,46.974458],[-0.65766,46.975329],[-0.654669,46.975125],[-0.654501,46.974597],[-0.654859,46.973926],[-0.654491,46.973363],[-0.65448,46.97295],[-0.653912,46.97265],[-0.65126,46.971885],[-0.650446,46.97308],[-0.646692,46.975042],[-0.639882,46.977322],[-0.639638,46.977669],[-0.63618,46.980357],[-0.634214,46.982837],[-0.633801,46.983635],[-0.632298,46.983878],[-0.631204,46.984824],[-0.630269,46.984685],[-0.628936,46.984723],[-0.628232,46.985168],[-0.627525,46.985175],[-0.626954,46.985519],[-0.625238,46.985835],[-0.623325,46.98641],[-0.620905,46.986006],[-0.620611,46.987275],[-0.622257,46.990146],[-0.620094,46.993307],[-0.618781,46.992342],[-0.61796,46.992751],[-0.61564,46.992889],[-0.61453,46.993537],[-0.611508,46.994124],[-0.6111,46.994423],[-0.608828,46.995234],[-0.608484,46.995579],[-0.606965,46.995884],[-0.605809,46.996664],[-0.601162,46.997821],[-0.599647,46.997558],[-0.595493,46.99791],[-0.593961,46.998759],[-0.595348,46.999885],[-0.595709,46.999711],[-0.597171,47.000769],[-0.59541,47.001981],[-0.594749,47.002794],[-0.594036,47.002879],[-0.593892,47.003157],[-0.593318,47.003226],[-0.5927,47.003709],[-0.591247,47.00394],[-0.590324,47.004531],[-0.589206,47.004511],[-0.588722,47.005002],[-0.58775,47.005337],[-0.586932,47.006709],[-0.587434,47.007369],[-0.587243,47.007508],[-0.587447,47.007797],[-0.587378,47.008318],[-0.587014,47.009192],[-0.586249,47.010152],[-0.585568,47.010758],[-0.584826,47.011134],[-0.583869,47.01211],[-0.583145,47.012508],[-0.58294,47.012836],[-0.582254,47.012979],[-0.581934,47.013436],[-0.580939,47.014187],[-0.581101,47.014372],[-0.580904,47.014612],[-0.580122,47.014723],[-0.579401,47.015456],[-0.578631,47.015686],[-0.577633,47.016305],[-0.576286,47.016714],[-0.57568,47.017235],[-0.575062,47.017361],[-0.574987,47.017828],[-0.574527,47.017832],[-0.574041,47.018048],[-0.573466,47.017812],[-0.572355,47.017868],[-0.571807,47.018187],[-0.570446,47.018078],[-0.569053,47.018291],[-0.568872,47.018621],[-0.567816,47.01872],[-0.566584,47.019064],[-0.565494,47.019589],[-0.564869,47.020141],[-0.564613,47.021082],[-0.564574,47.023068],[-0.563775,47.02414],[-0.564024,47.024412],[-0.563685,47.025009],[-0.5637,47.025452],[-0.564087,47.026005],[-0.562791,47.028289],[-0.562792,47.028962],[-0.563143,47.029181],[-0.562563,47.029396],[-0.562667,47.030025],[-0.562342,47.030496],[-0.561697,47.030171],[-0.561541,47.030549],[-0.561308,47.030647],[-0.55876,47.030552],[-0.55722,47.030844],[-0.555679,47.030902],[-0.555032,47.030743],[-0.552909,47.029424],[-0.551732,47.029048],[-0.550863,47.029069],[-0.547965,47.029652],[-0.547134,47.029381],[-0.547006,47.028834],[-0.54581,47.029103],[-0.54533,47.030668],[-0.544415,47.031412],[-0.5438,47.031794],[-0.542953,47.032003],[-0.542336,47.032532],[-0.542222,47.033037],[-0.542997,47.033623],[-0.542862,47.033877],[-0.542108,47.034356],[-0.542162,47.035162],[-0.54428,47.037313],[-0.547052,47.038878],[-0.548737,47.040569],[-0.551036,47.041561],[-0.553767,47.041893],[-0.556265,47.042695],[-0.556006,47.044378],[-0.558275,47.053228],[-0.557988,47.055261],[-0.558239,47.056069],[-0.556825,47.056237],[-0.554392,47.057144],[-0.554371,47.05726],[-0.55487,47.058237],[-0.555508,47.05876],[-0.555519,47.059148],[-0.55648,47.060086],[-0.5567,47.060691],[-0.557877,47.061316],[-0.559461,47.061813],[-0.557896,47.063393],[-0.557552,47.06409],[-0.554534,47.064658],[-0.550979,47.064957],[-0.547768,47.065743],[-0.546184,47.066345],[-0.545235,47.067681],[-0.544634,47.068135],[-0.543423,47.068667],[-0.538552,47.070292],[-0.537367,47.070852],[-0.535926,47.071927],[-0.535082,47.072271],[-0.530173,47.073549],[-0.525741,47.073919],[-0.521718,47.075327],[-0.519108,47.076035],[-0.51637,47.077243],[-0.51525,47.078035],[-0.514264,47.077513],[-0.513504,47.077391],[-0.511784,47.077466],[-0.509612,47.077977],[-0.50826,47.078934],[-0.507444,47.079082],[-0.507317,47.079241],[-0.506422,47.079086],[-0.505357,47.079204],[-0.504807,47.079429],[-0.504174,47.079332],[-0.502752,47.079825],[-0.500472,47.080999],[-0.499337,47.080958],[-0.498023,47.081627],[-0.496106,47.081798],[-0.492999,47.083365],[-0.492289,47.083362],[-0.49124,47.082934],[-0.490791,47.082896],[-0.490683,47.082485],[-0.489668,47.081784],[-0.488551,47.081363],[-0.488178,47.08094],[-0.487739,47.080881],[-0.487306,47.081146],[-0.485545,47.081292],[-0.485319,47.081561],[-0.484783,47.081687],[-0.483761,47.081331],[-0.482805,47.081644],[-0.482109,47.081529],[-0.48134,47.081842],[-0.480784,47.081789],[-0.479842,47.082053],[-0.479514,47.081961],[-0.479553,47.081812],[-0.478752,47.081727],[-0.477094,47.082304],[-0.476073,47.083041],[-0.475228,47.082932],[-0.473848,47.081879],[-0.473271,47.081778],[-0.472363,47.081978],[-0.471206,47.082482],[-0.470318,47.08326],[-0.468364,47.083816],[-0.467712,47.083685],[-0.465938,47.082372],[-0.464942,47.082228],[-0.464456,47.081975],[-0.463569,47.082021],[-0.463163,47.081846],[-0.462704,47.082135],[-0.461179,47.082183],[-0.461022,47.081803],[-0.460772,47.081737],[-0.460289,47.081959],[-0.459801,47.081965],[-0.459656,47.082135],[-0.459496,47.081991],[-0.4595,47.081142],[-0.458991,47.079943],[-0.460983,47.078141],[-0.463973,47.076088],[-0.464185,47.074359],[-0.467719,47.073563],[-0.468249,47.073194],[-0.469085,47.073617],[-0.469805,47.073652],[-0.471629,47.072765],[-0.471778,47.072428],[-0.472027,47.072332],[-0.477054,47.072075],[-0.478094,47.071911],[-0.480083,47.070581],[-0.482624,47.068017],[-0.484256,47.06678],[-0.484992,47.065973],[-0.485443,47.064779],[-0.485332,47.063885],[-0.483789,47.061171],[-0.482659,47.057738],[-0.482219,47.057217],[-0.482267,47.056752],[-0.481594,47.055937],[-0.481295,47.055828],[-0.481107,47.05499],[-0.480575,47.054591],[-0.48032,47.053338],[-0.476341,47.054362],[-0.472563,47.057695],[-0.472096,47.057572],[-0.471237,47.059795],[-0.467394,47.06437],[-0.466049,47.065426],[-0.465024,47.066888],[-0.461078,47.068813],[-0.460867,47.068804],[-0.460955,47.068395],[-0.460605,47.06816],[-0.459828,47.068554],[-0.458225,47.068988],[-0.457035,47.06811],[-0.455689,47.067558],[-0.45469,47.067357],[-0.453105,47.067311],[-0.451534,47.067478],[-0.450235,47.067825],[-0.446138,47.067565],[-0.441123,47.067721],[-0.440427,47.068599],[-0.439206,47.068855],[-0.438973,47.069898],[-0.437186,47.069987],[-0.435912,47.070818],[-0.435219,47.070438],[-0.434829,47.070538],[-0.42855,47.072715],[-0.426981,47.072989],[-0.425819,47.072494],[-0.4257,47.07217],[-0.426051,47.071741],[-0.425663,47.07098],[-0.424254,47.071464],[-0.423197,47.069714],[-0.419581,47.071221],[-0.419867,47.071592],[-0.419131,47.072093],[-0.418782,47.0717],[-0.418326,47.071955],[-0.417558,47.070664],[-0.413268,47.068386],[-0.410642,47.067264],[-0.409291,47.066201],[-0.407124,47.066498],[-0.40615,47.06719],[-0.404642,47.067859],[-0.402737,47.069057],[-0.401197,47.070748],[-0.400801,47.070294],[-0.400369,47.06914],[-0.400116,47.068987],[-0.399706,47.067733],[-0.398821,47.066753],[-0.397845,47.066149],[-0.397658,47.065195],[-0.399049,47.064788],[-0.400454,47.064036],[-0.402366,47.063353],[-0.4039,47.062175],[-0.40369,47.059312],[-0.403066,47.057437],[-0.40364,47.057063],[-0.402467,47.056011],[-0.401067,47.054379],[-0.403716,47.053371],[-0.401648,47.051574],[-0.40066,47.050293],[-0.399268,47.050101],[-0.398649,47.049575],[-0.401597,47.047975],[-0.402024,47.047335],[-0.401951,47.045896],[-0.405276,47.042666],[-0.40438,47.041877],[-0.406048,47.041028],[-0.407106,47.039832],[-0.409703,47.037834],[-0.412409,47.035384],[-0.409456,47.03298],[-0.407771,47.032054],[-0.406228,47.033589],[-0.405791,47.034493],[-0.402468,47.034893],[-0.399909,47.036482],[-0.39801,47.035824],[-0.396537,47.035813],[-0.393834,47.035445],[-0.39229,47.035583],[-0.391074,47.035116],[-0.389354,47.03405],[-0.384804,47.032445],[-0.381725,47.031036],[-0.379615,47.030404],[-0.382908,47.028963],[-0.383464,47.02846],[-0.380152,47.024965],[-0.379143,47.023188],[-0.377334,47.021714],[-0.37619,47.020247],[-0.373766,47.018677],[-0.371958,47.017802],[-0.374416,47.017657],[-0.376799,47.017192],[-0.377853,47.017167],[-0.378763,47.016858],[-0.380695,47.015685],[-0.381843,47.015248],[-0.382468,47.014612],[-0.383361,47.013091],[-0.384392,47.012197],[-0.385059,47.011342],[-0.389705,47.012057],[-0.393502,47.013275],[-0.397851,47.015038],[-0.401128,47.016098],[-0.403547,47.015308],[-0.407551,47.011151],[-0.407591,47.010655],[-0.409257,47.008495],[-0.40902,47.007224],[-0.409402,47.006602],[-0.408003,47.006071],[-0.406857,47.005281],[-0.401452,47.00834],[-0.372559,47.012777],[-0.367269,47.018491],[-0.361125,47.026617],[-0.354173,47.02355],[-0.349193,47.022064],[-0.339685,47.016374],[-0.336499,47.015947],[-0.332182,47.01407],[-0.326967,47.011437],[-0.32564,47.011026],[-0.313858,47.000731],[-0.313798,47.000069],[-0.314208,46.999751],[-0.316919,47.000417],[-0.319209,46.999771],[-0.32069,46.999106],[-0.328429,46.997307],[-0.330048,46.995469],[-0.332637,46.993294],[-0.334987,46.990566],[-0.336635,46.988435],[-0.337111,46.98693],[-0.338601,46.986503],[-0.351269,46.987216],[-0.356292,46.984033],[-0.360105,46.981231],[-0.358867,46.9806],[-0.357411,46.980372],[-0.356964,46.979943],[-0.357142,46.979534],[-0.360237,46.976975],[-0.357929,46.975989],[-0.356543,46.974738],[-0.35515,46.975852],[-0.354249,46.975641],[-0.353659,46.975655],[-0.352691,46.976037],[-0.352505,46.976267],[-0.35211,46.976231],[-0.351505,46.97728],[-0.353339,46.978006],[-0.352885,46.978607],[-0.351164,46.978369],[-0.350677,46.979145],[-0.350482,46.979195],[-0.350258,46.97866],[-0.348491,46.978837],[-0.346175,46.980267],[-0.342486,46.979742],[-0.339592,46.979618],[-0.335821,46.978197],[-0.33353,46.977003],[-0.330877,46.976164],[-0.330859,46.976007],[-0.33465,46.972904],[-0.333038,46.97222],[-0.331148,46.967269],[-0.33076,46.967413],[-0.330719,46.967972],[-0.330421,46.968213],[-0.329301,46.968162],[-0.32891,46.968011],[-0.328568,46.968275],[-0.328927,46.968896],[-0.328748,46.96926],[-0.326825,46.97025],[-0.325719,46.970501],[-0.322758,46.970434],[-0.321951,46.970093],[-0.321405,46.969655],[-0.320886,46.967845],[-0.319981,46.967504],[-0.318909,46.966486],[-0.318605,46.964931],[-0.319685,46.962264],[-0.319537,46.960884],[-0.320789,46.960538],[-0.32089,46.960318],[-0.320624,46.959799],[-0.322805,46.958698],[-0.323944,46.958317],[-0.324998,46.957701],[-0.326383,46.957568],[-0.328207,46.954126],[-0.328016,46.953019],[-0.327388,46.952334],[-0.32935,46.951795],[-0.329548,46.951114],[-0.330382,46.950825],[-0.331223,46.950039],[-0.331033,46.949825],[-0.331436,46.949214],[-0.33224,46.946855],[-0.334643,46.945707],[-0.335308,46.945169],[-0.335171,46.942433],[-0.334199,46.9408],[-0.334094,46.939835],[-0.333533,46.939217],[-0.334589,46.939274],[-0.334829,46.938981],[-0.336985,46.9381],[-0.337614,46.938159],[-0.338917,46.937439],[-0.340436,46.936983],[-0.342067,46.93728],[-0.343871,46.936855],[-0.346364,46.935029],[-0.346755,46.934964],[-0.346994,46.934685],[-0.347551,46.934604],[-0.347785,46.934037],[-0.348201,46.933711],[-0.348395,46.933111],[-0.348902,46.933008],[-0.348852,46.93178],[-0.346964,46.929563],[-0.34705,46.928897],[-0.346461,46.928141],[-0.347676,46.926086],[-0.349217,46.925169],[-0.349266,46.924514],[-0.34786,46.923318],[-0.347357,46.921944],[-0.350588,46.919605],[-0.351138,46.919548],[-0.351377,46.919162],[-0.35392,46.918276],[-0.355066,46.917066],[-0.358027,46.914521],[-0.359703,46.912592],[-0.361343,46.912553],[-0.361409,46.911994],[-0.366157,46.910933],[-0.369324,46.909996],[-0.371929,46.909509],[-0.374319,46.908821],[-0.376088,46.908044],[-0.376647,46.908636],[-0.377297,46.908486],[-0.378451,46.909269],[-0.378947,46.908672],[-0.386869,46.909474],[-0.387853,46.90945],[-0.391065,46.908024],[-0.391842,46.907825],[-0.392191,46.908222],[-0.392782,46.908208],[-0.394729,46.907757],[-0.395137,46.908017],[-0.400179,46.909022],[-0.400968,46.909048],[-0.401072,46.90839],[-0.402059,46.907929],[-0.405779,46.908078],[-0.411337,46.909095],[-0.414249,46.911953],[-0.415981,46.912644],[-0.417138,46.913596],[-0.418334,46.913403],[-0.419023,46.914061],[-0.420394,46.913894],[-0.421603,46.914405],[-0.424065,46.914161],[-0.42391,46.914488],[-0.424512,46.915091],[-0.424986,46.916241],[-0.424335,46.917198],[-0.424115,46.918014],[-0.423355,46.918827],[-0.423284,46.919269],[-0.422669,46.919749],[-0.422051,46.919732],[-0.421656,46.920232],[-0.419854,46.921701],[-0.419192,46.922055],[-0.418951,46.922409],[-0.418905,46.922716],[-0.420017,46.923155],[-0.420406,46.924498],[-0.42078,46.925093],[-0.420646,46.925259],[-0.420189,46.925344],[-0.42037,46.925534],[-0.420155,46.925942],[-0.417615,46.928123],[-0.417306,46.928654],[-0.417302,46.929129],[-0.415851,46.929822],[-0.415573,46.930356],[-0.415444,46.932046],[-0.416387,46.933971],[-0.416451,46.934922],[-0.417619,46.935199],[-0.417554,46.935946],[-0.417035,46.937076],[-0.416734,46.937123],[-0.416874,46.93751],[-0.41609,46.93749],[-0.415813,46.938545],[-0.415164,46.938725],[-0.413838,46.940354],[-0.413741,46.941822],[-0.414569,46.942049],[-0.415638,46.942725],[-0.417397,46.943114],[-0.419228,46.943774],[-0.419975,46.944223],[-0.420288,46.944977],[-0.419845,46.946501],[-0.420102,46.946668],[-0.41978,46.946824],[-0.419704,46.947083],[-0.42025,46.948135],[-0.419996,46.948717],[-0.420588,46.949088],[-0.420534,46.949376],[-0.421163,46.949858],[-0.422338,46.950273],[-0.422398,46.950565],[-0.423613,46.950723],[-0.423891,46.950978],[-0.424526,46.951043],[-0.424646,46.951384],[-0.42525,46.951957],[-0.425681,46.951684],[-0.42622,46.951644],[-0.426924,46.950557],[-0.427717,46.950293],[-0.428025,46.950383],[-0.428134,46.950626],[-0.428581,46.950682],[-0.429238,46.951307],[-0.430565,46.951083],[-0.431072,46.950694],[-0.431539,46.95066],[-0.43274,46.94979],[-0.433634,46.949461],[-0.434066,46.949042],[-0.434979,46.948678],[-0.436276,46.94734],[-0.437107,46.946766],[-0.43722,46.946039],[-0.43796,46.944644],[-0.438469,46.944705],[-0.438944,46.944191],[-0.439088,46.943737]],[[-0.352982,47.004512],[-0.353095,47.004925],[-0.354915,47.007196],[-0.35828,47.009832],[-0.368279,47.01114],[-0.360807,46.997373],[-0.356294,47.000189],[-0.355657,47.000739],[-0.352982,47.004512]],[[-0.345555,47.007554],[-0.345772,47.007419],[-0.345558,47.00616],[-0.344638,47.006528],[-0.344543,47.006791],[-0.345555,47.007554]],[[-0.343742,47.006819],[-0.344019,47.006657],[-0.344094,47.006328],[-0.343803,47.00602],[-0.341175,47.006203],[-0.340066,47.006465],[-0.336371,47.007755],[-0.330918,47.010133],[-0.340238,47.008045],[-0.341458,47.007718],[-0.342791,47.006926],[-0.343742,47.006819]]]}},{"type":"Feature","properties":{"uai_primary":"0790004A","uai_all":"0790004A","is_merged":false},"geometry":{"type":"Polygon","coordinates":[[[-0.354408,46.985288],[-0.351269,46.987216],[-0.338601,46.986503],[-0.340138,46.986185],[-0.341481,46.983321],[-0.34243,46.982578],[-0.348491,46.978837],[-0.350258,46.97866],[-0.350482,46.979195],[-0.350677,46.979145],[-0.351164,46.978369],[-0.352885,46.978607],[-0.353339,46.978006],[-0.351505,46.97728],[-0.35211,46.976231],[-0.352505,46.976267],[-0.352691,46.976037],[-0.353659,46.975655],[-0.354249,46.975641],[-0.35515,46.975852],[-0.356543,46.974738],[-0.357929,46.975989],[-0.360237,46.976975],[-0.357142,46.979534],[-0.356964,46.979943],[-0.357411,46.980372],[-0.358867,46.9806],[-0.360105,46.981231],[-0.354408,46.985288]],[[-0.362289,47.010413],[-0.35828,47.009832],[-0.354915,47.007196],[-0.353095,47.004925],[-0.352982,47.004512],[-0.355657,47.000739],[-0.356294,47.000189],[-0.360807,46.997373],[-0.368279,47.01114],[-0.362289,47.010413]],[[-0.345028,47.007093],[-0.344543,47.006791],[-0.344638,47.006528],[-0.345558,47.00616],[-0.345772,47.007419],[-0.345555,47.007554],[-0.345028,47.007093]],[[-0.343908,47.006065],[-0.344094,47.006328],[-0.343913,47.006756],[-0.342791,47.006926],[-0.341458,47.007718],[-0.330918,47.010133],[-0.336371,47.007755],[-0.340066,47.006465],[-0.342005,47.006114],[-0.343908,47.006065]],[[-0.313193,47.091998],[-0.310079,47.093451],[-0.309317,47.094074],[-0.308313,47.095514],[-0.306852,47.096023],[-0.305764,47.097225],[-0.302244,47.098432],[-0.301312,47.099119],[-0.295218,47.100025],[-0.29261,47.100696],[-0.287504,47.101693],[-0.287383,47.101596],[-0.28482,47.102409],[-0.282829,47.103491],[-0.282256,47.102336],[-0.282283,47.101329],[-0.281389,47.099541],[-0.280982,47.09955],[-0.280848,47.099902],[-0.280443,47.10012],[-0.277887,47.100704],[-0.275044,47.100437],[-0.269407,47.101117],[-0.26739,47.10181],[-0.267333,47.103495],[-0.2675,47.10368],[-0.266314,47.103413],[-0.265281,47.103452],[-0.26573,47.105492],[-0.26262,47.105698],[-0.263215,47.103505],[-0.263086,47.102992],[-0.261877,47.103049],[-0.2621,47.101503],[-0.26305,47.10158],[-0.262905,47.09901],[-0.26173,47.099161],[-0.259662,47.100153],[-0.257663,47.100175],[-0.257419,47.100541],[-0.256935,47.100503],[-0.256212,47.100085],[-0.255681,47.100002],[-0.254786,47.100888],[-0.252153,47.102359],[-0.251377,47.102711],[-0.250564,47.102502],[-0.250011,47.103737],[-0.247415,47.105076],[-0.24644,47.105166],[-0.24614,47.10543],[-0.244254,47.10573],[-0.241083,47.105563],[-0.238995,47.105044],[-0.237969,47.105172],[-0.237567,47.104673],[-0.235662,47.104204],[-0.23407,47.103604],[-0.233307,47.102819],[-0.232262,47.102103],[-0.230237,47.101208],[-0.229313,47.099792],[-0.226764,47.099666],[-0.222973,47.100018],[-0.221621,47.099738],[-0.218593,47.098367],[-0.216716,47.098666],[-0.215688,47.098639],[-0.21491,47.097444],[-0.210535,47.096704],[-0.207452,47.095249],[-0.207168,47.094957],[-0.207059,47.093726],[-0.206142,47.093167],[-0.203638,47.09424],[-0.202973,47.094875],[-0.202228,47.096026],[-0.199384,47.097372],[-0.196953,47.097538],[-0.192807,47.098596],[-0.190313,47.099475],[-0.186649,47.1014],[-0.186276,47.101922],[-0.186498,47.103284],[-0.187631,47.104961],[-0.187712,47.105705],[-0.187493,47.106068],[-0.186773,47.1065],[-0.185301,47.106406],[-0.184846,47.106547],[-0.184722,47.107217],[-0.185265,47.108408],[-0.184553,47.108549],[-0.184087,47.108391],[-0.181675,47.108153],[-0.180843,47.108122],[-0.180394,47.108254],[-0.179679,47.108125],[-0.17629,47.107022],[-0.174564,47.105914],[-0.171617,47.104945],[-0.167332,47.104008],[-0.164015,47.103781],[-0.161357,47.103311],[-0.158362,47.102338],[-0.156746,47.10163],[-0.153114,47.101079],[-0.151973,47.101021],[-0.149142,47.101647],[-0.148504,47.101821],[-0.148069,47.102297],[-0.145311,47.103423],[-0.141401,47.104127],[-0.140789,47.098971],[-0.140143,47.097817],[-0.143912,47.093871],[-0.14573,47.09164],[-0.152825,47.087932],[-0.157457,47.08632],[-0.157833,47.086637],[-0.15839,47.086406],[-0.158581,47.086561],[-0.160968,47.085632],[-0.160531,47.085106],[-0.163316,47.083851],[-0.164912,47.082746],[-0.168004,47.080146],[-0.169166,47.079019],[-0.170341,47.077373],[-0.173189,47.075175],[-0.174402,47.073803],[-0.175285,47.073331],[-0.178085,47.070859],[-0.179203,47.070157],[-0.174575,47.067643],[-0.177092,47.06539],[-0.178196,47.065009],[-0.179665,47.064107],[-0.180796,47.062513],[-0.180949,47.062153],[-0.18083,47.06178],[-0.187496,47.064196],[-0.188498,47.064729],[-0.190522,47.062801],[-0.191845,47.062354],[-0.194388,47.060501],[-0.195658,47.060769],[-0.197147,47.061397],[-0.197908,47.06115],[-0.199305,47.061312],[-0.19919,47.061022],[-0.199658,47.060249],[-0.199535,47.058954],[-0.200539,47.056613],[-0.205342,47.0528],[-0.207559,47.050289],[-0.209868,47.048644],[-0.211399,47.046876],[-0.2133,47.043],[-0.213115,47.042683],[-0.213326,47.042398],[-0.214114,47.041982],[-0.214658,47.040936],[-0.214758,47.040258],[-0.214587,47.039452],[-0.214023,47.038654],[-0.214119,47.037932],[-0.213908,47.036525],[-0.213686,47.036334],[-0.216605,47.032028],[-0.216639,47.029808],[-0.217375,47.028759],[-0.21856,47.029757],[-0.21971,47.030461],[-0.221431,47.031029],[-0.226047,47.031784],[-0.22738,47.031672],[-0.227867,47.031764],[-0.234027,47.03428],[-0.235959,47.033887],[-0.235233,47.033201],[-0.234935,47.032369],[-0.235683,47.030641],[-0.235685,47.030076],[-0.238712,47.02852],[-0.240414,47.027285],[-0.242432,47.026195],[-0.245833,47.024719],[-0.246922,47.024428],[-0.252377,47.022146],[-0.254101,47.021637],[-0.254561,47.021342],[-0.25632,47.018368],[-0.257862,47.014708],[-0.258801,47.013418],[-0.25878,47.012867],[-0.258511,47.012407],[-0.25745,47.011515],[-0.257799,47.010647],[-0.258502,47.010057],[-0.259211,47.009883],[-0.259766,47.0107],[-0.260813,47.011649],[-0.262866,47.013058],[-0.263954,47.013529],[-0.26569,47.015219],[-0.271877,47.019343],[-0.274394,47.021716],[-0.276946,47.022809],[-0.280072,47.023313],[-0.281966,47.023967],[-0.285058,47.026999],[-0.285636,47.02735],[-0.28784,47.025212],[-0.288948,47.024468],[-0.289958,47.023177],[-0.290436,47.022839],[-0.291387,47.020994],[-0.292569,47.019867],[-0.293879,47.017835],[-0.294336,47.017486],[-0.296562,47.016621],[-0.297475,47.016536],[-0.300106,47.016807],[-0.30561,47.017703],[-0.305808,47.017515],[-0.306852,47.017516],[-0.307742,47.016746],[-0.307755,47.01608],[-0.307406,47.015736],[-0.306402,47.01548],[-0.304931,47.015452],[-0.304465,47.015193],[-0.304031,47.014466],[-0.304042,47.013072],[-0.304449,47.012635],[-0.305397,47.012265],[-0.308625,47.012262],[-0.308696,47.012075],[-0.30947,47.011721],[-0.309608,47.010845],[-0.309389,47.010409],[-0.309557,47.009584],[-0.310657,47.008335],[-0.31147,47.006754],[-0.31192,47.005721],[-0.311669,47.004439],[-0.313094,47.002835],[-0.313542,47.001754],[-0.314063,47.001186],[-0.313858,47.000731],[-0.32564,47.011026],[-0.326967,47.011437],[-0.332182,47.01407],[-0.336499,47.015947],[-0.339685,47.016374],[-0.349193,47.022064],[-0.354173,47.02355],[-0.361125,47.026617],[-0.367269,47.018491],[-0.372559,47.012777],[-0.401452,47.00834],[-0.406857,47.005281],[-0.408003,47.006071],[-0.409402,47.006602],[-0.40902,47.007224],[-0.409257,47.008495],[-0.407591,47.010655],[-0.407551,47.011151],[-0.403547,47.015308],[-0.401128,47.016098],[-0.397851,47.015038],[-0.393502,47.013275],[-0.389705,47.012057],[-0.385059,47.011342],[-0.384392,47.012197],[-0.383361,47.013091],[-0.382468,47.014612],[-0.381843,47.015248],[-0.380695,47.015685],[-0.378763,47.016858],[-0.377853,47.017167],[-0.376799,47.017192],[-0.374416,47.017657],[-0.371958,47.017802],[-0.373766,47.018677],[-0.37619,47.020247],[-0.377334,47.021714],[-0.379143,47.023188],[-0.380152,47.024965],[-0.383464,47.02846],[-0.382908,47.028963],[-0.379615,47.030404],[-0.381725,47.031036],[-0.384804,47.032445],[-0.389354,47.03405],[-0.391074,47.035116],[-0.39229,47.035583],[-0.393834,47.035445],[-0.396537,47.035813],[-0.39801,47.035824],[-0.399909,47.036482],[-0.402468,47.034893],[-0.405791,47.034493],[-0.406228,47.033589],[-0.407771,47.032054],[-0.409456,47.03298],[-0.412409,47.035384],[-0.409703,47.037834],[-0.407106,47.039832],[-0.406048,47.041028],[-0.40438,47.041877],[-0.405276,47.042666],[-0.401951,47.045896],[-0.402024,47.047335],[-0.401597,47.047975],[-0.398649,47.049575],[-0.399268,47.050101],[-0.40066,47.050293],[-0.401648,47.051574],[-0.403716,47.053371],[-0.401067,47.054379],[-0.402467,47.056011],[-0.40364,47.057063],[-0.403066,47.057437],[-0.40369,47.059312],[-0.4039,47.062175],[-0.402366,47.063353],[-0.400454,47.064036],[-0.399049,47.064788],[-0.397658,47.065195],[-0.397845,47.066149],[-0.398821,47.066753],[-0.399706,47.067733],[-0.400116,47.068987],[-0.400369,47.06914],[-0.400801,47.070294],[-0.401197,47.070748],[-0.400268,47.074938],[-0.398723,47.078888],[-0.397487,47.08079],[-0.396735,47.08308],[-0.396656,47.088392],[-0.396159,47.091638],[-0.390121,47.09194],[-0.388279,47.092271],[-0.387114,47.092276],[-0.386961,47.09112],[-0.387129,47.089575],[-0.386349,47.087343],[-0.384549,47.087401],[-0.383695,47.087519],[-0.38227,47.08844],[-0.381368,47.08822],[-0.380666,47.089793],[-0.380012,47.089535],[-0.379578,47.08915],[-0.376532,47.088641],[-0.376022,47.089114],[-0.375421,47.08925],[-0.374921,47.089146],[-0.372603,47.089925],[-0.370858,47.090184],[-0.370208,47.090979],[-0.368791,47.091703],[-0.367044,47.09165],[-0.366364,47.092389],[-0.365347,47.092584],[-0.36371,47.092698],[-0.36328,47.09244],[-0.360883,47.093512],[-0.359845,47.093259],[-0.359044,47.093679],[-0.358283,47.093668],[-0.357055,47.094317],[-0.356586,47.094825],[-0.355501,47.094883],[-0.353789,47.095386],[-0.351837,47.093765],[-0.350595,47.093069],[-0.350164,47.09192],[-0.349764,47.091708],[-0.34892,47.091647],[-0.346198,47.091871],[-0.345537,47.091819],[-0.345409,47.091648],[-0.344448,47.091859],[-0.342223,47.091881],[-0.340916,47.092061],[-0.341058,47.090578],[-0.341728,47.09023],[-0.342071,47.089257],[-0.34211,47.088667],[-0.341763,47.087377],[-0.337941,47.087969],[-0.335462,47.088016],[-0.320436,47.091209],[-0.317926,47.091389],[-0.316819,47.091673],[-0.314144,47.091639],[-0.313193,47.091998]]]}},{"type":"Feature","properties":{"uai_primary":"0790010G","uai_all":"0790010G","is_merged":false},"geometry":{"type":"Polygon","coordinates":[[[-0.293247,46.086692],[-0.294838,46.085477],[-0.303651,46.077532],[-0.307758,46.078368],[-0.317604,46.078891],[-0.318753,46.07922],[-0.321683,46.080735],[-0.327168,46.081418],[-0.32849,46.08178],[-0.329762,46.082361],[-0.330988,46.082576],[-0.335248,46.082022],[-0.362891,46.075552],[-0.363074,46.076266],[-0.363574,46.076936],[-0.364487,46.077273],[-0.364691,46.0781],[-0.365199,46.078886],[-0.362673,46.080422],[-0.361683,46.080812],[-0.358703,46.081413],[-0.358223,46.082602],[-0.358488,46.082934],[-0.360025,46.08382],[-0.36028,46.083686],[-0.360209,46.083543],[-0.360693,46.083456],[-0.361297,46.083585],[-0.364815,46.085038],[-0.363958,46.086003],[-0.364701,46.086661],[-0.36493,46.087375],[-0.365272,46.087727],[-0.366731,46.088457],[-0.367184,46.088447],[-0.367624,46.088211],[-0.370705,46.090002],[-0.371225,46.090693],[-0.371665,46.090966],[-0.371295,46.091303],[-0.37202,46.092067],[-0.371463,46.092575],[-0.372088,46.093532],[-0.373627,46.09412],[-0.374327,46.093517],[-0.37516,46.093599],[-0.376875,46.093444],[-0.378792,46.093608],[-0.38112,46.093165],[-0.381671,46.093307],[-0.382034,46.093815],[-0.381642,46.094135],[-0.381727,46.094714],[-0.382015,46.09514],[-0.382631,46.095348],[-0.382678,46.095744],[-0.382245,46.096199],[-0.382609,46.096665],[-0.382711,46.097814],[-0.383093,46.098155],[-0.386813,46.097984],[-0.387135,46.097176],[-0.388,46.096395],[-0.390155,46.09601],[-0.390171,46.09582],[-0.391634,46.094466],[-0.392877,46.092932],[-0.393004,46.091736],[-0.393384,46.091147],[-0.393408,46.090673],[-0.394346,46.090152],[-0.394791,46.089517],[-0.396436,46.089077],[-0.396798,46.088503],[-0.397891,46.087931],[-0.398024,46.087396],[-0.399037,46.087064],[-0.400149,46.085038],[-0.400723,46.084465],[-0.401317,46.084179],[-0.403758,46.085672],[-0.403878,46.085914],[-0.405869,46.086757],[-0.406874,46.087615],[-0.407613,46.088595],[-0.408959,46.089032],[-0.413018,46.089696],[-0.416112,46.090467],[-0.416335,46.09041],[-0.417529,46.091326],[-0.422304,46.093797],[-0.422495,46.095574],[-0.422463,46.099353],[-0.423177,46.105113],[-0.423268,46.107932],[-0.423027,46.108424],[-0.42324,46.109371],[-0.423064,46.111267],[-0.422703,46.111816],[-0.422182,46.112097],[-0.421602,46.112136],[-0.417936,46.121912],[-0.429489,46.1219],[-0.433286,46.122674],[-0.435175,46.122898],[-0.435324,46.123299],[-0.438356,46.12309],[-0.43895,46.123301],[-0.444438,46.126857],[-0.446727,46.128448],[-0.446634,46.128557],[-0.448249,46.129387],[-0.447997,46.129727],[-0.448229,46.130094],[-0.449377,46.131011],[-0.448024,46.132219],[-0.449211,46.133155],[-0.437249,46.136037],[-0.436849,46.136339],[-0.435749,46.136508],[-0.435973,46.137373],[-0.435786,46.137512],[-0.433323,46.138743],[-0.43243,46.13899],[-0.429851,46.139189],[-0.425272,46.142056],[-0.425785,46.143461],[-0.426757,46.143315],[-0.427021,46.144704],[-0.429345,46.144557],[-0.430844,46.144745],[-0.433267,46.145272],[-0.433534,46.145445],[-0.434114,46.146646],[-0.434479,46.148753],[-0.433827,46.1512],[-0.43404,46.15286],[-0.43314,46.154277],[-0.432927,46.155183],[-0.432939,46.156668],[-0.430632,46.157175],[-0.430063,46.157459],[-0.428133,46.157731],[-0.426007,46.159224],[-0.424606,46.159957],[-0.417422,46.161098],[-0.415744,46.161768],[-0.415093,46.161649],[-0.409684,46.163456],[-0.409426,46.164399],[-0.408586,46.165627],[-0.407497,46.165638],[-0.406181,46.166026],[-0.405624,46.166422],[-0.405235,46.167073],[-0.404326,46.167649],[-0.404275,46.168144],[-0.405485,46.168501],[-0.405743,46.168449],[-0.405794,46.168178],[-0.406184,46.168213],[-0.406999,46.168959],[-0.406856,46.169997],[-0.405025,46.170942],[-0.403925,46.170968],[-0.403974,46.170652],[-0.404858,46.170181],[-0.404788,46.170093],[-0.399957,46.168043],[-0.398554,46.166798],[-0.397793,46.166827],[-0.397515,46.166004],[-0.396354,46.164842],[-0.395257,46.164804],[-0.394649,46.165567],[-0.393965,46.167429],[-0.393734,46.16928],[-0.392883,46.171491],[-0.392505,46.17192],[-0.390307,46.173323],[-0.38913,46.174387],[-0.386847,46.177273],[-0.383536,46.179227],[-0.382241,46.180356],[-0.379704,46.181915],[-0.378157,46.1832],[-0.374246,46.184962],[-0.371568,46.187184],[-0.368624,46.188792],[-0.366908,46.189483],[-0.363941,46.190346],[-0.357738,46.191769],[-0.357118,46.191784],[-0.356075,46.191561],[-0.356234,46.190714],[-0.355841,46.189105],[-0.356784,46.187773],[-0.353903,46.186618],[-0.353896,46.186484],[-0.351515,46.185646],[-0.352517,46.184727],[-0.351136,46.183858],[-0.350769,46.183443],[-0.350866,46.182897],[-0.351258,46.182313],[-0.347635,46.18111],[-0.345162,46.179719],[-0.34307,46.17882],[-0.343267,46.178683],[-0.342968,46.178379],[-0.341142,46.1772],[-0.340965,46.176371],[-0.34118,46.175054],[-0.341015,46.174391],[-0.33964,46.174624],[-0.338957,46.173921],[-0.338721,46.17307],[-0.337604,46.172737],[-0.337833,46.172146],[-0.337697,46.172014],[-0.336022,46.170884],[-0.333526,46.170177],[-0.331396,46.169012],[-0.330673,46.168805],[-0.326447,46.168499],[-0.324681,46.168136],[-0.323081,46.169883],[-0.323031,46.1702],[-0.323365,46.170373],[-0.319154,46.174387],[-0.317504,46.176529],[-0.317036,46.177452],[-0.31656,46.179385],[-0.315643,46.18167],[-0.315154,46.182236],[-0.314054,46.183072],[-0.313386,46.183126],[-0.310688,46.184515],[-0.308602,46.185259],[-0.307442,46.186738],[-0.305486,46.1865],[-0.305151,46.187049],[-0.302866,46.186231],[-0.302456,46.186841],[-0.302077,46.18703],[-0.300787,46.18715],[-0.300759,46.187915],[-0.298971,46.191153],[-0.296716,46.190877],[-0.297035,46.191468],[-0.297559,46.191549],[-0.297342,46.192316],[-0.296635,46.192422],[-0.2958,46.193927],[-0.292793,46.193412],[-0.291025,46.192816],[-0.288477,46.197018],[-0.288331,46.197672],[-0.287228,46.198973],[-0.286488,46.199277],[-0.285591,46.200617],[-0.282019,46.199828],[-0.278274,46.20014],[-0.277496,46.199721],[-0.27659,46.20018],[-0.275905,46.200079],[-0.274856,46.200755],[-0.273256,46.200673],[-0.272361,46.202108],[-0.271373,46.203124],[-0.272553,46.203873],[-0.272698,46.204185],[-0.271121,46.205076],[-0.268651,46.206303],[-0.263642,46.207319],[-0.262377,46.207978],[-0.257334,46.209624],[-0.25412,46.209145],[-0.251492,46.208387],[-0.246894,46.205914],[-0.245214,46.204635],[-0.243681,46.204282],[-0.243009,46.20284],[-0.24374,46.201833],[-0.243275,46.201619],[-0.243388,46.201256],[-0.242799,46.201134],[-0.242878,46.200021],[-0.241544,46.200178],[-0.239789,46.200169],[-0.236853,46.200499],[-0.234565,46.200463],[-0.2302,46.200956],[-0.226161,46.202842],[-0.22471,46.203797],[-0.223076,46.203041],[-0.221005,46.202482],[-0.219018,46.200948],[-0.215625,46.194267],[-0.215092,46.193675],[-0.214313,46.193815],[-0.21392,46.193684],[-0.213793,46.192239],[-0.213521,46.191651],[-0.211112,46.189897],[-0.208377,46.18871],[-0.208137,46.18847],[-0.207951,46.187384],[-0.207636,46.187337],[-0.207207,46.186854],[-0.205934,46.18486],[-0.20491,46.184145],[-0.205012,46.183888],[-0.205448,46.183659],[-0.20589,46.183761],[-0.207789,46.183263],[-0.207769,46.182637],[-0.208016,46.182477],[-0.208741,46.182553],[-0.208764,46.181855],[-0.209519,46.181368],[-0.209375,46.181046],[-0.209641,46.180725],[-0.209599,46.180217],[-0.208571,46.179447],[-0.20733,46.178912],[-0.206698,46.178069],[-0.207246,46.178011],[-0.207461,46.177728],[-0.208866,46.177604],[-0.209623,46.177771],[-0.210743,46.17832],[-0.211461,46.178309],[-0.211721,46.178012],[-0.2126,46.178063],[-0.213043,46.17776],[-0.213458,46.177921],[-0.213154,46.17714],[-0.213639,46.176626],[-0.214205,46.176628],[-0.213355,46.175891],[-0.214158,46.175604],[-0.215001,46.17503],[-0.214225,46.173228],[-0.214596,46.169819],[-0.211153,46.169746],[-0.211809,46.166961],[-0.212141,46.166641],[-0.210081,46.165443],[-0.208642,46.164397],[-0.207976,46.164701],[-0.206644,46.163921],[-0.206014,46.164295],[-0.205158,46.165394],[-0.204534,46.165904],[-0.201695,46.164752],[-0.198547,46.163922],[-0.194118,46.164787],[-0.191136,46.164763],[-0.189139,46.164988],[-0.18906,46.164675],[-0.18777,46.164794],[-0.187601,46.163943],[-0.185153,46.164355],[-0.185784,46.163012],[-0.186158,46.162672],[-0.192855,46.161381],[-0.197206,46.159454],[-0.198766,46.158535],[-0.199655,46.158292],[-0.202738,46.156588],[-0.20873,46.152309],[-0.207216,46.151766],[-0.205525,46.150621],[-0.202751,46.149867],[-0.19944,46.148459],[-0.192633,46.14518],[-0.190941,46.144211],[-0.188784,46.143361],[-0.18547,46.142478],[-0.184043,46.14524],[-0.180777,46.150453],[-0.177873,46.154657],[-0.175619,46.158542],[-0.173999,46.158285],[-0.171867,46.158318],[-0.171228,46.158683],[-0.170399,46.158502],[-0.169738,46.158898],[-0.168531,46.15909],[-0.161052,46.159501],[-0.157792,46.159962],[-0.154007,46.160168],[-0.152343,46.16044],[-0.151497,46.160774],[-0.146752,46.161485],[-0.146262,46.161713],[-0.145754,46.161043],[-0.144206,46.156892],[-0.14445,46.156571],[-0.144348,46.154323],[-0.144068,46.153879],[-0.143964,46.152982],[-0.144474,46.152835],[-0.144468,46.149433],[-0.144745,46.147383],[-0.143643,46.147363],[-0.142123,46.147827],[-0.141929,46.14668],[-0.141455,46.14624],[-0.135988,46.142729],[-0.137061,46.141888],[-0.13551,46.14079],[-0.135884,46.140466],[-0.135813,46.140333],[-0.134354,46.139555],[-0.133808,46.138936],[-0.130649,46.138666],[-0.131741,46.137513],[-0.132102,46.136212],[-0.134027,46.133656],[-0.135329,46.132844],[-0.137458,46.131016],[-0.137578,46.130779],[-0.137208,46.128844],[-0.138444,46.127056],[-0.139263,46.125249],[-0.140408,46.125513],[-0.145062,46.127403],[-0.145812,46.125748],[-0.146957,46.125532],[-0.147685,46.125175],[-0.148526,46.125361],[-0.14919,46.124097],[-0.149545,46.124052],[-0.149915,46.123729],[-0.150236,46.123115],[-0.15139,46.123115],[-0.151988,46.123418],[-0.153413,46.122239],[-0.155229,46.12119],[-0.155676,46.120713],[-0.154333,46.120528],[-0.154028,46.119361],[-0.154602,46.116471],[-0.155589,46.115414],[-0.156369,46.114047],[-0.156879,46.112333],[-0.155781,46.11194],[-0.154183,46.11172],[-0.152368,46.111917],[-0.151746,46.111854],[-0.150474,46.111429],[-0.148545,46.110512],[-0.14943,46.109357],[-0.154366,46.104609],[-0.157062,46.101659],[-0.157727,46.10128],[-0.15922,46.099986],[-0.158816,46.099635],[-0.158392,46.098834],[-0.15726,46.098139],[-0.156564,46.097075],[-0.155956,46.096503],[-0.15594,46.096143],[-0.156664,46.095002],[-0.155148,46.094655],[-0.155132,46.093829],[-0.15573,46.092138],[-0.155629,46.091579],[-0.154898,46.089821],[-0.154392,46.087933],[-0.151841,46.083601],[-0.151561,46.082377],[-0.150994,46.08131],[-0.150254,46.081062],[-0.148869,46.079146],[-0.148576,46.077123],[-0.148765,46.075188],[-0.149409,46.074937],[-0.149711,46.074492],[-0.149926,46.07345],[-0.149875,46.071641],[-0.150449,46.070745],[-0.152432,46.068559],[-0.153177,46.068854],[-0.153838,46.066561],[-0.154141,46.066521],[-0.15612,46.067361],[-0.156985,46.065813],[-0.15757,46.06533],[-0.156722,46.064454],[-0.155548,46.064089],[-0.154586,46.064064],[-0.155303,46.061816],[-0.156801,46.059729],[-0.160559,46.060285],[-0.162785,46.060893],[-0.162918,46.059808],[-0.162508,46.05626],[-0.164258,46.056259],[-0.166222,46.05686],[-0.166641,46.057155],[-0.168907,46.057712],[-0.169243,46.056126],[-0.171114,46.053384],[-0.172117,46.054008],[-0.17468,46.054876],[-0.17581,46.055747],[-0.177204,46.05627],[-0.177481,46.05664],[-0.179286,46.056603],[-0.183324,46.056822],[-0.183609,46.056349],[-0.187478,46.055747],[-0.188452,46.054123],[-0.189086,46.050914],[-0.189852,46.048695],[-0.189374,46.048277],[-0.190986,46.043645],[-0.19367,46.044174],[-0.196709,46.04433],[-0.196068,46.045082],[-0.193899,46.048633],[-0.192507,46.048882],[-0.191873,46.052259],[-0.192287,46.054527],[-0.192988,46.054162],[-0.195065,46.053719],[-0.195848,46.053394],[-0.197328,46.051036],[-0.198377,46.04982],[-0.199893,46.048605],[-0.203916,46.047502],[-0.212621,46.044121],[-0.219851,46.046207],[-0.220251,46.046473],[-0.248846,46.050904],[-0.249021,46.051102],[-0.2536,46.052235],[-0.258573,46.054047],[-0.261679,46.054925],[-0.26145,46.055012],[-0.267979,46.05642],[-0.272991,46.057305],[-0.273068,46.058794],[-0.273537,46.060066],[-0.273427,46.061622],[-0.273051,46.063109],[-0.273885,46.064299],[-0.273898,46.067307],[-0.273523,46.067543],[-0.273608,46.068644],[-0.274322,46.068754],[-0.274252,46.068995],[-0.275512,46.06936],[-0.276776,46.06874],[-0.277596,46.070849],[-0.278495,46.070241],[-0.278867,46.070833],[-0.279317,46.071833],[-0.279595,46.073494],[-0.27968,46.078837],[-0.280511,46.079562],[-0.281441,46.079936],[-0.281917,46.080032],[-0.282702,46.079913],[-0.284916,46.080511],[-0.286046,46.081723],[-0.287025,46.083682],[-0.288024,46.08496],[-0.290382,46.086743],[-0.290404,46.08695],[-0.291283,46.087489],[-0.291652,46.087682],[-0.293247,46.086692]]]}},{"type":"Feature","properties":{"uai_primary":"0790011H","uai_all":"0790011H","is_merged":false},"geometry":{"type":"Polygon","coordinates":[[[-0.268162,46.225293],[-0.268657,46.226133],[-0.269752,46.227189],[-0.270433,46.228758],[-0.272704,46.228799],[-0.274252,46.229026],[-0.28073,46.231412],[-0.284733,46.23216],[-0.287461,46.23331],[-0.293154,46.23489],[-0.294629,46.235156],[-0.299405,46.23547],[-0.304041,46.235286],[-0.307239,46.236086],[-0.308662,46.236202],[-0.309702,46.236067],[-0.312256,46.240202],[-0.313603,46.241502],[-0.310944,46.243907],[-0.306433,46.246377],[-0.305126,46.247513],[-0.303556,46.248526],[-0.306074,46.249337],[-0.309524,46.250045],[-0.308753,46.251545],[-0.308361,46.254651],[-0.306549,46.25531],[-0.304457,46.255279],[-0.303021,46.255426],[-0.301503,46.256088],[-0.307256,46.258908],[-0.308236,46.259293],[-0.308843,46.259197],[-0.309239,46.259742],[-0.310018,46.260143],[-0.317696,46.262655],[-0.319742,46.263712],[-0.322179,46.264716],[-0.323817,46.265961],[-0.324784,46.266486],[-0.327739,46.267579],[-0.329714,46.268805],[-0.330881,46.269266],[-0.329539,46.269913],[-0.327562,46.270183],[-0.326108,46.270811],[-0.323679,46.272196],[-0.321454,46.274148],[-0.322289,46.274642],[-0.322177,46.275005],[-0.322572,46.275131],[-0.32135,46.27669],[-0.322216,46.27712],[-0.321443,46.27812],[-0.322211,46.278463],[-0.321445,46.278624],[-0.321196,46.278854],[-0.320952,46.279175],[-0.321434,46.279749],[-0.319349,46.282228],[-0.319419,46.282362],[-0.31764,46.284236],[-0.318351,46.285398],[-0.321301,46.289137],[-0.323222,46.290736],[-0.324235,46.291858],[-0.325487,46.292775],[-0.320232,46.300347],[-0.321223,46.307776],[-0.325255,46.308595],[-0.327782,46.308517],[-0.32956,46.308762],[-0.331497,46.308823],[-0.331454,46.309162],[-0.330005,46.309648],[-0.329432,46.310299],[-0.328738,46.312662],[-0.328658,46.314613],[-0.326433,46.317439],[-0.325951,46.319909],[-0.325536,46.320873],[-0.322879,46.322127],[-0.321969,46.322387],[-0.32169,46.323081],[-0.319364,46.324689],[-0.318095,46.324591],[-0.316464,46.32494],[-0.315963,46.325548],[-0.315108,46.325086],[-0.314911,46.324797],[-0.313015,46.324274],[-0.311565,46.32489],[-0.310427,46.325918],[-0.30991,46.326132],[-0.309803,46.326729],[-0.308817,46.327956],[-0.308339,46.329407],[-0.309455,46.333608],[-0.310948,46.334274],[-0.310065,46.335552],[-0.310419,46.337566],[-0.309322,46.340449],[-0.303587,46.340498],[-0.299568,46.340863],[-0.294952,46.340986],[-0.290721,46.340417],[-0.285804,46.341291],[-0.282897,46.341481],[-0.27614,46.340696],[-0.273482,46.34014],[-0.273999,46.338815],[-0.274627,46.335941],[-0.274539,46.335197],[-0.273637,46.334256],[-0.273287,46.33425],[-0.268511,46.335355],[-0.265149,46.338485],[-0.264147,46.340361],[-0.261448,46.339696],[-0.259903,46.342569],[-0.259108,46.343622],[-0.256426,46.344629],[-0.255987,46.344954],[-0.253563,46.348655],[-0.252942,46.349255],[-0.251555,46.34879],[-0.250498,46.347972],[-0.249063,46.348818],[-0.247335,46.346877],[-0.246022,46.347793],[-0.24559,46.347842],[-0.242113,46.347323],[-0.240007,46.346612],[-0.236973,46.346825],[-0.23527,46.34672],[-0.234069,46.347069],[-0.23383,46.346952],[-0.233217,46.345941],[-0.233538,46.344297],[-0.231169,46.34156],[-0.230711,46.340138],[-0.229325,46.340945],[-0.227426,46.34151],[-0.225862,46.342259],[-0.224282,46.341039],[-0.223551,46.341064],[-0.223051,46.340888],[-0.221595,46.339791],[-0.222104,46.339332],[-0.222207,46.338622],[-0.220845,46.33846],[-0.220249,46.338203],[-0.220039,46.337894],[-0.21998,46.336981],[-0.218918,46.336903],[-0.217893,46.336612],[-0.217201,46.336792],[-0.212519,46.337219],[-0.209972,46.337099],[-0.210718,46.338969],[-0.210182,46.340646],[-0.210776,46.341389],[-0.210917,46.342044],[-0.210318,46.342613],[-0.210091,46.343338],[-0.209404,46.343939],[-0.199802,46.342893],[-0.198643,46.342906],[-0.197913,46.34345],[-0.194927,46.343947],[-0.194044,46.343427],[-0.193252,46.343175],[-0.192868,46.341924],[-0.188478,46.342159],[-0.187381,46.342485],[-0.186235,46.342386],[-0.184876,46.342632],[-0.183438,46.342609],[-0.18317,46.342748],[-0.183057,46.343128],[-0.182542,46.34343],[-0.181237,46.343352],[-0.180898,46.343045],[-0.180248,46.343059],[-0.179939,46.343381],[-0.178576,46.343411],[-0.176421,46.341794],[-0.175891,46.340185],[-0.175263,46.339254],[-0.175433,46.338903],[-0.175056,46.337543],[-0.173793,46.336299],[-0.171952,46.334899],[-0.171236,46.334095],[-0.169219,46.333016],[-0.1682,46.331456],[-0.168273,46.330193],[-0.167344,46.330145],[-0.166716,46.330412],[-0.166076,46.330472],[-0.164498,46.329508],[-0.162827,46.300612],[-0.159372,46.297387],[-0.159363,46.297207],[-0.159619,46.297112],[-0.158372,46.295372],[-0.156155,46.296021],[-0.148371,46.29656],[-0.142168,46.298169],[-0.136508,46.298931],[-0.13114,46.301137],[-0.131313,46.300685],[-0.131171,46.299955],[-0.132311,46.298316],[-0.133748,46.294791],[-0.127204,46.29306],[-0.127169,46.292318],[-0.126722,46.291998],[-0.125594,46.291824],[-0.124894,46.29152],[-0.122287,46.291317],[-0.121148,46.290822],[-0.120944,46.289868],[-0.120131,46.28884],[-0.120119,46.288221],[-0.121381,46.286198],[-0.121501,46.285341],[-0.122089,46.28437],[-0.123303,46.283128],[-0.124575,46.28228],[-0.125538,46.281354],[-0.125746,46.280477],[-0.128367,46.27537],[-0.127979,46.274995],[-0.128819,46.274657],[-0.129665,46.273243],[-0.130533,46.273888],[-0.133639,46.272612],[-0.134307,46.273048],[-0.134632,46.273041],[-0.135434,46.272123],[-0.136538,46.272272],[-0.137449,46.270774],[-0.139302,46.268524],[-0.138735,46.267539],[-0.138013,46.267063],[-0.137808,46.266508],[-0.13815,46.266061],[-0.138796,46.263992],[-0.13931,46.263165],[-0.14408,46.263811],[-0.1463,46.264501],[-0.147443,46.264679],[-0.148249,46.26266],[-0.147943,46.259519],[-0.148765,46.25697],[-0.150716,46.257674],[-0.151342,46.258496],[-0.152545,46.258831],[-0.153585,46.258853],[-0.153787,46.259029],[-0.1543,46.258882],[-0.154951,46.258958],[-0.155308,46.25823],[-0.156344,46.257472],[-0.156483,46.257617],[-0.158904,46.258062],[-0.16099,46.257928],[-0.161113,46.258542],[-0.162404,46.258749],[-0.162485,46.259107],[-0.163339,46.259313],[-0.163458,46.259086],[-0.164763,46.259295],[-0.168296,46.261101],[-0.172739,46.259935],[-0.17329,46.258021],[-0.171041,46.255525],[-0.169574,46.254819],[-0.16794,46.254436],[-0.167599,46.254164],[-0.167203,46.253091],[-0.166471,46.252113],[-0.165739,46.250574],[-0.164991,46.249794],[-0.164914,46.249029],[-0.167422,46.247927],[-0.169346,46.247433],[-0.171254,46.246626],[-0.172898,46.245689],[-0.173362,46.245904],[-0.174613,46.244886],[-0.175541,46.244412],[-0.178856,46.240945],[-0.180489,46.238444],[-0.181795,46.237135],[-0.185405,46.234336],[-0.187711,46.232896],[-0.18951,46.231433],[-0.193087,46.228927],[-0.194377,46.228565],[-0.195932,46.227395],[-0.196986,46.226209],[-0.197356,46.225423],[-0.197675,46.224393],[-0.197043,46.224445],[-0.201786,46.216526],[-0.202694,46.214039],[-0.202335,46.213816],[-0.204102,46.212783],[-0.207875,46.211413],[-0.213843,46.208392],[-0.216351,46.207355],[-0.220038,46.205531],[-0.22471,46.203797],[-0.226161,46.202842],[-0.229927,46.201034],[-0.232622,46.200613],[-0.237874,46.200443],[-0.239789,46.200169],[-0.241544,46.200178],[-0.242878,46.200021],[-0.242799,46.201134],[-0.243388,46.201256],[-0.243275,46.201619],[-0.24374,46.201833],[-0.243009,46.20284],[-0.243681,46.204282],[-0.245214,46.204635],[-0.246894,46.205914],[-0.251492,46.208387],[-0.25412,46.209145],[-0.257334,46.209624],[-0.262377,46.207978],[-0.263642,46.207319],[-0.268651,46.206303],[-0.271121,46.205076],[-0.272698,46.204185],[-0.272553,46.203873],[-0.271373,46.203124],[-0.272361,46.202108],[-0.273256,46.200673],[-0.274856,46.200755],[-0.275905,46.200079],[-0.27659,46.20018],[-0.277496,46.199721],[-0.278274,46.20014],[-0.282019,46.199828],[-0.285591,46.200617],[-0.287798,46.201405],[-0.288795,46.201922],[-0.290546,46.203277],[-0.289716,46.204871],[-0.291669,46.205052],[-0.292176,46.204814],[-0.293577,46.205637],[-0.293331,46.205913],[-0.292254,46.206432],[-0.290482,46.207038],[-0.290151,46.207559],[-0.289848,46.209212],[-0.289725,46.21197],[-0.289393,46.211949],[-0.288269,46.213223],[-0.287441,46.213559],[-0.285821,46.214613],[-0.27979,46.216894],[-0.276808,46.217625],[-0.274701,46.218835],[-0.271436,46.221255],[-0.269717,46.223889],[-0.268975,46.224718],[-0.268162,46.225293]]]}},{"type":"Feature","properties":{"uai_primary":"0790013K","uai_all":"0790013K","is_merged":false},"geometry":{"type":"Polygon","coordinates":[[[-0.468169,46.472949],[-0.470065,46.472802],[-0.473309,46.47348],[-0.47915,46.47409],[-0.476686,46.477922],[-0.480543,46.47731],[-0.485232,46.479143],[-0.485917,46.478513],[-0.488685,46.479542],[-0.48975,46.478603],[-0.491304,46.477735],[-0.491352,46.480833],[-0.491881,46.481046],[-0.492009,46.481434],[-0.493142,46.481555],[-0.496287,46.481002],[-0.496516,46.481216],[-0.497111,46.48113],[-0.497505,46.482106],[-0.49835,46.483157],[-0.498266,46.483447],[-0.499183,46.483971],[-0.499309,46.484368],[-0.500025,46.484607],[-0.501332,46.486092],[-0.502095,46.486299],[-0.502237,46.486467],[-0.502294,46.487021],[-0.501742,46.487722],[-0.502194,46.487949],[-0.502413,46.487738],[-0.503694,46.487835],[-0.504178,46.48818],[-0.504818,46.487935],[-0.506773,46.488477],[-0.507717,46.489115],[-0.508424,46.489408],[-0.50881,46.489418],[-0.508789,46.489667],[-0.509242,46.489802],[-0.510177,46.490503],[-0.511474,46.490903],[-0.511738,46.491471],[-0.5124,46.491815],[-0.512621,46.492714],[-0.512246,46.493306],[-0.511358,46.493406],[-0.509138,46.492336],[-0.507331,46.492522],[-0.507124,46.492743],[-0.507374,46.493122],[-0.506812,46.493364],[-0.506816,46.493829],[-0.50632,46.493967],[-0.506035,46.494224],[-0.506166,46.495053],[-0.505277,46.49605],[-0.5039,46.496297],[-0.502955,46.496038],[-0.501733,46.496658],[-0.501597,46.496997],[-0.500978,46.497377],[-0.500842,46.498042],[-0.501001,46.49842],[-0.501839,46.498967],[-0.501941,46.499357],[-0.50137,46.49974],[-0.500249,46.499769],[-0.49934,46.500259],[-0.499379,46.500688],[-0.499124,46.500986],[-0.499759,46.501995],[-0.499745,46.502265],[-0.499178,46.502733],[-0.498908,46.503228],[-0.498433,46.502965],[-0.49697,46.50344],[-0.49678,46.503689],[-0.496835,46.504368],[-0.496196,46.504592],[-0.495986,46.505028],[-0.494564,46.505287],[-0.494153,46.50567],[-0.493526,46.505756],[-0.492971,46.506382],[-0.492582,46.506381],[-0.491522,46.507132],[-0.491398,46.507609],[-0.492063,46.507734],[-0.491521,46.508214],[-0.491832,46.509257],[-0.491239,46.510378],[-0.490648,46.510501],[-0.490322,46.510413],[-0.489868,46.509724],[-0.489188,46.509404],[-0.488057,46.509451],[-0.48727,46.510512],[-0.487263,46.510956],[-0.486644,46.511459],[-0.486403,46.51202],[-0.486148,46.512116],[-0.484269,46.511832],[-0.48355,46.511475],[-0.482528,46.511448],[-0.480528,46.511647],[-0.480125,46.511812],[-0.479844,46.512203],[-0.478847,46.512225],[-0.47792,46.511804],[-0.476306,46.51135],[-0.475316,46.51139],[-0.474467,46.511773],[-0.47445,46.512193],[-0.473812,46.512693],[-0.473311,46.512779],[-0.47288,46.513124],[-0.4726,46.513556],[-0.472694,46.514012],[-0.472493,46.514277],[-0.469592,46.514764],[-0.468708,46.515293],[-0.468735,46.515859],[-0.469443,46.517063],[-0.469155,46.517769],[-0.468383,46.517777],[-0.468093,46.517937],[-0.468089,46.518153],[-0.467616,46.51816],[-0.467353,46.518424],[-0.46687,46.518409],[-0.466166,46.518682],[-0.46545,46.519393],[-0.464821,46.519457],[-0.464701,46.519238],[-0.463328,46.519232],[-0.461475,46.519528],[-0.461087,46.519911],[-0.460365,46.520075],[-0.458929,46.520985],[-0.459056,46.52122],[-0.462309,46.522355],[-0.462516,46.522575],[-0.462225,46.523257],[-0.463367,46.525165],[-0.462235,46.525958],[-0.462255,46.526362],[-0.462947,46.52711],[-0.464005,46.527559],[-0.462908,46.529043],[-0.461899,46.529651],[-0.460577,46.531072],[-0.459781,46.532597],[-0.458455,46.533522],[-0.457417,46.53524],[-0.456729,46.537332],[-0.455548,46.538682],[-0.455353,46.540226],[-0.452969,46.54353],[-0.449868,46.541656],[-0.445172,46.54042],[-0.44482,46.541193],[-0.444235,46.541208],[-0.444013,46.541978],[-0.443522,46.542575],[-0.442768,46.543134],[-0.441997,46.543378],[-0.440246,46.54361],[-0.439556,46.544539],[-0.438291,46.545545],[-0.438173,46.546091],[-0.437243,46.546104],[-0.437239,46.545626],[-0.43622,46.545666],[-0.435427,46.545948],[-0.433898,46.545982],[-0.432443,46.546214],[-0.427966,46.546206],[-0.426943,46.546413],[-0.425864,46.546353],[-0.423466,46.546848],[-0.420823,46.545198],[-0.420802,46.544794],[-0.421884,46.542967],[-0.422169,46.541063],[-0.421531,46.540941],[-0.420896,46.54094],[-0.414853,46.542803],[-0.411241,46.544277],[-0.409444,46.545452],[-0.409248,46.544255],[-0.409448,46.543243],[-0.410875,46.540874],[-0.410973,46.540529],[-0.410681,46.539564],[-0.411303,46.537986],[-0.411652,46.537688],[-0.411626,46.537428],[-0.412451,46.536615],[-0.412884,46.535875],[-0.41399,46.535234],[-0.414493,46.534534],[-0.415701,46.533867],[-0.416106,46.533249],[-0.416953,46.530875],[-0.417281,46.52905],[-0.41714,46.527963],[-0.418142,46.524237],[-0.418778,46.523522],[-0.420695,46.52254],[-0.422848,46.520982],[-0.424078,46.520455],[-0.423333,46.519138],[-0.423425,46.517577],[-0.422595,46.517023],[-0.422322,46.515789],[-0.420218,46.516003],[-0.419494,46.515658],[-0.418339,46.515754],[-0.417679,46.515639],[-0.417404,46.515804],[-0.416674,46.515792],[-0.416552,46.515983],[-0.416028,46.515973],[-0.414406,46.516598],[-0.414081,46.516494],[-0.41312,46.516763],[-0.412227,46.516715],[-0.411554,46.517389],[-0.410965,46.517392],[-0.409924,46.518121],[-0.40887,46.5183],[-0.408345,46.519296],[-0.407862,46.51946],[-0.407528,46.519323],[-0.407392,46.519596],[-0.407031,46.519628],[-0.406767,46.519906],[-0.406474,46.519884],[-0.405966,46.52013],[-0.405698,46.520319],[-0.405576,46.520965],[-0.404776,46.520725],[-0.404227,46.521025],[-0.40446,46.521496],[-0.404119,46.521866],[-0.404181,46.522154],[-0.403179,46.522664],[-0.40297,46.523165],[-0.402021,46.523626],[-0.401664,46.524153],[-0.401128,46.524178],[-0.401068,46.524559],[-0.40053,46.524507],[-0.399285,46.524944],[-0.398228,46.524864],[-0.398086,46.525044],[-0.397822,46.524876],[-0.397507,46.524943],[-0.396408,46.52678],[-0.396329,46.527333],[-0.396038,46.527576],[-0.394228,46.528593],[-0.39275,46.528573],[-0.391861,46.52881],[-0.389865,46.527624],[-0.389382,46.527095],[-0.38935,46.523855],[-0.388944,46.52229],[-0.388598,46.521893],[-0.386505,46.521763],[-0.386468,46.520999],[-0.385614,46.520989],[-0.383854,46.522107],[-0.383044,46.52139],[-0.383533,46.520898],[-0.384255,46.520943],[-0.385051,46.520451],[-0.385966,46.519496],[-0.388034,46.518054],[-0.385326,46.515175],[-0.384564,46.51458],[-0.382827,46.515605],[-0.379837,46.516206],[-0.378501,46.515563],[-0.377375,46.515229],[-0.376834,46.514837],[-0.376158,46.513053],[-0.375195,46.51204],[-0.373385,46.511048],[-0.372195,46.510717],[-0.370621,46.510529],[-0.366539,46.511031],[-0.366366,46.51018],[-0.366986,46.509535],[-0.367078,46.508915],[-0.365707,46.50665],[-0.364511,46.505678],[-0.362168,46.504428],[-0.359587,46.503918],[-0.357684,46.504105],[-0.357541,46.503833],[-0.356986,46.503645],[-0.357075,46.50299],[-0.357453,46.502506],[-0.357905,46.501233],[-0.357522,46.500492],[-0.356792,46.499896],[-0.356173,46.49974],[-0.355993,46.499557],[-0.356071,46.499015],[-0.356475,46.498676],[-0.354001,46.497465],[-0.352638,46.494976],[-0.352011,46.494421],[-0.351165,46.492901],[-0.349696,46.491275],[-0.347394,46.487764],[-0.346723,46.487375],[-0.347219,46.486868],[-0.34622,46.486441],[-0.346099,46.486726],[-0.343948,46.486629],[-0.343798,46.486924],[-0.34249,46.486511],[-0.341587,46.485938],[-0.338504,46.485764],[-0.3377,46.48535],[-0.337176,46.485424],[-0.337123,46.485796],[-0.334592,46.48625],[-0.331578,46.487622],[-0.329993,46.488802],[-0.329032,46.489271],[-0.328316,46.49014],[-0.326398,46.490969],[-0.323815,46.493314],[-0.322908,46.493425],[-0.317385,46.495084],[-0.316142,46.495024],[-0.312522,46.496953],[-0.31199,46.49674],[-0.310718,46.4974],[-0.309108,46.497769],[-0.308421,46.498201],[-0.307554,46.498486],[-0.306778,46.498122],[-0.305903,46.494856],[-0.305798,46.491986],[-0.30624,46.491193],[-0.306223,46.489403],[-0.30576,46.487928],[-0.305154,46.487372],[-0.305598,46.486438],[-0.30405,46.483557],[-0.303916,46.482165],[-0.302861,46.480569],[-0.300795,46.478346],[-0.299244,46.476155],[-0.297241,46.472649],[-0.29747,46.470925],[-0.297378,46.470169],[-0.29603,46.466198],[-0.296175,46.464996],[-0.295954,46.464036],[-0.297413,46.4643],[-0.297589,46.463228],[-0.301969,46.462797],[-0.302927,46.461775],[-0.304023,46.460112],[-0.303758,46.459345],[-0.303895,46.458582],[-0.304147,46.458193],[-0.30499,46.457663],[-0.305641,46.456849],[-0.306304,46.454923],[-0.307529,46.45467],[-0.309064,46.454094],[-0.310136,46.453394],[-0.310757,46.452749],[-0.315806,46.453487],[-0.318336,46.451942],[-0.318686,46.451832],[-0.319332,46.452324],[-0.320457,46.451353],[-0.321122,46.451652],[-0.321874,46.451049],[-0.321463,46.450609],[-0.322155,46.450142],[-0.321999,46.449606],[-0.323089,46.448618],[-0.321656,46.447571],[-0.323213,46.446472],[-0.324333,46.445411],[-0.325014,46.443369],[-0.324994,46.441614],[-0.32791,46.44009],[-0.328451,46.440594],[-0.331066,46.439311],[-0.331875,46.438527],[-0.332268,46.438608],[-0.333287,46.438134],[-0.333596,46.436461],[-0.33406,46.436631],[-0.337835,46.434201],[-0.338872,46.43424],[-0.339344,46.433984],[-0.339671,46.434001],[-0.346446,46.436968],[-0.347563,46.436888],[-0.34792,46.436687],[-0.348021,46.436366],[-0.347842,46.435446],[-0.348221,46.434124],[-0.348627,46.433332],[-0.349064,46.433096],[-0.348794,46.432848],[-0.349239,46.432805],[-0.349708,46.433426],[-0.35012,46.433396],[-0.350375,46.433542],[-0.35185,46.432945],[-0.35342,46.432778],[-0.353552,46.434263],[-0.353775,46.434434],[-0.354702,46.434232],[-0.35522,46.434957],[-0.356721,46.435008],[-0.357456,46.435236],[-0.358803,46.43614],[-0.358837,46.436965],[-0.359416,46.437389],[-0.360292,46.43732],[-0.360471,46.437585],[-0.36127,46.437647],[-0.362343,46.437473],[-0.362542,46.437602],[-0.36286,46.437531],[-0.362721,46.437376],[-0.363011,46.437124],[-0.364024,46.437031],[-0.364186,46.437137],[-0.364064,46.437314],[-0.364235,46.437823],[-0.364778,46.438252],[-0.365369,46.439132],[-0.365911,46.438742],[-0.366552,46.438808],[-0.366684,46.438527],[-0.372652,46.439685],[-0.374098,46.439003],[-0.374617,46.439448],[-0.377254,46.438506],[-0.377629,46.438706],[-0.377626,46.438986],[-0.378489,46.439828],[-0.377493,46.440049],[-0.377428,46.44029],[-0.377412,46.440392],[-0.378339,46.440712],[-0.378165,46.441122],[-0.380812,46.441958],[-0.380467,46.442867],[-0.382179,46.443276],[-0.384411,46.444247],[-0.383605,46.445664],[-0.383059,46.4457],[-0.382362,46.448223],[-0.383634,46.448913],[-0.384628,46.447943],[-0.384823,46.447939],[-0.386464,46.44867],[-0.388997,46.44564],[-0.390105,46.443488],[-0.390471,46.443429],[-0.391048,46.44222],[-0.391226,46.440167],[-0.390527,46.438781],[-0.390405,46.434561],[-0.390679,46.432909],[-0.391382,46.430847],[-0.392765,46.428192],[-0.39318,46.427888],[-0.393777,46.427924],[-0.395773,46.426106],[-0.395992,46.425691],[-0.396138,46.424332],[-0.397138,46.422398],[-0.398634,46.422652],[-0.403153,46.422691],[-0.405122,46.422864],[-0.409872,46.424214],[-0.415991,46.427027],[-0.418446,46.427657],[-0.419557,46.427454],[-0.42162,46.426209],[-0.422542,46.425871],[-0.425121,46.425597],[-0.428747,46.424659],[-0.429859,46.424592],[-0.430843,46.424632],[-0.433286,46.425403],[-0.436936,46.427461],[-0.43788,46.427698],[-0.442186,46.425073],[-0.443627,46.423598],[-0.447473,46.418559],[-0.449326,46.415398],[-0.450394,46.412802],[-0.452944,46.413231],[-0.453106,46.4135],[-0.454865,46.414071],[-0.45516,46.414369],[-0.455597,46.413909],[-0.456875,46.414535],[-0.456467,46.415588],[-0.456452,46.416153],[-0.459333,46.417028],[-0.460314,46.41538],[-0.4607,46.414134],[-0.461836,46.414242],[-0.466373,46.415275],[-0.468009,46.41596],[-0.472668,46.417382],[-0.474158,46.417496],[-0.481369,46.419119],[-0.483665,46.419841],[-0.481342,46.420724],[-0.478273,46.421442],[-0.476686,46.422872],[-0.475914,46.423879],[-0.475288,46.424285],[-0.474688,46.425509],[-0.475259,46.425504],[-0.475539,46.426796],[-0.475934,46.42708],[-0.476641,46.427188],[-0.477912,46.427103],[-0.479243,46.427394],[-0.480137,46.42827],[-0.48124,46.428866],[-0.48505,46.429275],[-0.485067,46.430366],[-0.484876,46.431472],[-0.483818,46.433862],[-0.482501,46.435865],[-0.481496,46.439208],[-0.480396,46.441551],[-0.479518,46.444526],[-0.479124,46.445223],[-0.478092,46.449205],[-0.477691,46.44997],[-0.476926,46.450567],[-0.475698,46.452003],[-0.477395,46.452831],[-0.475066,46.453137],[-0.473834,46.456048],[-0.473439,46.457856],[-0.473401,46.459127],[-0.472098,46.463215],[-0.471281,46.465458],[-0.469512,46.468474],[-0.469031,46.47079],[-0.468169,46.472949]]]}},{"type":"Feature","properties":{"uai_primary":"0790014L","uai_all":"0790014L","is_merged":false},"geometry":{"type":"Polygon","coordinates":[[[-0.149934,46.072922],[-0.149673,46.074582],[-0.149409,46.074937],[-0.148765,46.075188],[-0.148576,46.077123],[-0.148869,46.079146],[-0.150254,46.081062],[-0.150994,46.08131],[-0.151561,46.082377],[-0.151841,46.083601],[-0.154421,46.087999],[-0.155738,46.092076],[-0.155132,46.093829],[-0.155148,46.094655],[-0.156664,46.095002],[-0.15594,46.096143],[-0.155956,46.096503],[-0.156564,46.097075],[-0.15726,46.098139],[-0.158392,46.098834],[-0.158816,46.099635],[-0.15922,46.099986],[-0.157727,46.10128],[-0.157062,46.101659],[-0.154366,46.104609],[-0.14943,46.109357],[-0.148545,46.110512],[-0.150474,46.111429],[-0.151746,46.111854],[-0.152368,46.111917],[-0.154183,46.11172],[-0.155781,46.11194],[-0.156879,46.112333],[-0.156369,46.114047],[-0.155589,46.115414],[-0.154602,46.116471],[-0.154028,46.119361],[-0.154333,46.120528],[-0.155676,46.120713],[-0.155229,46.12119],[-0.153413,46.122239],[-0.151988,46.123418],[-0.15139,46.123115],[-0.150236,46.123115],[-0.149915,46.123729],[-0.149545,46.124052],[-0.14919,46.124097],[-0.148526,46.125361],[-0.147685,46.125175],[-0.146957,46.125532],[-0.145812,46.125748],[-0.145062,46.127403],[-0.140408,46.125513],[-0.139263,46.125249],[-0.138444,46.127056],[-0.137208,46.128844],[-0.137578,46.130779],[-0.137458,46.131016],[-0.135329,46.132844],[-0.134027,46.133656],[-0.132102,46.136212],[-0.131741,46.137513],[-0.130649,46.138666],[-0.133808,46.138936],[-0.134354,46.139555],[-0.135813,46.140333],[-0.135884,46.140466],[-0.13551,46.14079],[-0.137061,46.141888],[-0.135988,46.142729],[-0.141455,46.14624],[-0.141929,46.14668],[-0.142123,46.147827],[-0.143643,46.147363],[-0.144745,46.147383],[-0.144468,46.149433],[-0.144474,46.152835],[-0.143964,46.152982],[-0.144068,46.153879],[-0.144348,46.154323],[-0.14445,46.156571],[-0.144206,46.156892],[-0.145754,46.161043],[-0.146262,46.161713],[-0.145528,46.162616],[-0.144479,46.163086],[-0.142644,46.164503],[-0.140902,46.165359],[-0.141532,46.166381],[-0.142711,46.167214],[-0.143176,46.167844],[-0.134931,46.168641],[-0.133294,46.168681],[-0.130131,46.169378],[-0.128591,46.169575],[-0.126759,46.170118],[-0.123197,46.171499],[-0.118431,46.173845],[-0.117931,46.173636],[-0.116684,46.17267],[-0.114568,46.171404],[-0.114586,46.170087],[-0.115612,46.170213],[-0.117343,46.170103],[-0.12163,46.169615],[-0.123439,46.169192],[-0.123676,46.168109],[-0.122828,46.165564],[-0.122307,46.162636],[-0.122473,46.160659],[-0.122137,46.158704],[-0.122125,46.157208],[-0.120733,46.157719],[-0.117666,46.159665],[-0.115228,46.161828],[-0.113872,46.163543],[-0.111306,46.162695],[-0.111168,46.162517],[-0.112728,46.159739],[-0.113912,46.158722],[-0.114335,46.158038],[-0.114517,46.156745],[-0.115352,46.155067],[-0.115546,46.153675],[-0.115956,46.152779],[-0.116379,46.152511],[-0.116101,46.151652],[-0.112032,46.152934],[-0.110478,46.153621],[-0.109904,46.153093],[-0.110141,46.152593],[-0.107815,46.151075],[-0.106611,46.151342],[-0.104706,46.151344],[-0.10466,46.150237],[-0.102774,46.150052],[-0.102786,46.149487],[-0.100028,46.149681],[-0.096163,46.150416],[-0.094231,46.150235],[-0.093363,46.14958],[-0.093728,46.149032],[-0.09338,46.148499],[-0.09137,46.146968],[-0.091592,46.144712],[-0.091651,46.144575],[-0.092493,46.144558],[-0.092496,46.143459],[-0.091355,46.143355],[-0.08919,46.143489],[-0.087756,46.142859],[-0.087996,46.142054],[-0.079717,46.140904],[-0.078131,46.141105],[-0.077972,46.140979],[-0.077529,46.141009],[-0.077113,46.140783],[-0.076929,46.140394],[-0.075333,46.139377],[-0.06243,46.133525],[-0.061336,46.135789],[-0.071048,46.143644],[-0.075758,46.14157],[-0.077101,46.141217],[-0.07733,46.141382],[-0.0776,46.141312],[-0.083704,46.150874],[-0.084387,46.1511],[-0.084253,46.151486],[-0.084821,46.152249],[-0.082562,46.152663],[-0.082521,46.153323],[-0.082098,46.154007],[-0.082093,46.155357],[-0.081671,46.156086],[-0.081591,46.156671],[-0.079962,46.15723],[-0.076889,46.158924],[-0.078759,46.160295],[-0.076142,46.161496],[-0.076517,46.162542],[-0.07569,46.164361],[-0.07538,46.164682],[-0.074755,46.168221],[-0.073923,46.169016],[-0.07184,46.169917],[-0.064385,46.172258],[-0.063211,46.172978],[-0.062172,46.173393],[-0.057665,46.174377],[-0.05591,46.174495],[-0.055307,46.175044],[-0.054803,46.175186],[-0.054089,46.17592],[-0.052141,46.176016],[-0.050965,46.176356],[-0.050568,46.176588],[-0.049833,46.177597],[-0.048456,46.178456],[-0.047081,46.179647],[-0.044986,46.179036],[-0.043517,46.178785],[-0.043128,46.178446],[-0.041414,46.180389],[-0.04098,46.182125],[-0.040731,46.182503],[-0.040483,46.182568],[-0.03931,46.181242],[-0.038858,46.181252],[-0.038866,46.179947],[-0.038581,46.179368],[-0.035765,46.181677],[-0.035132,46.182006],[-0.033461,46.182311],[-0.032697,46.182641],[-0.032244,46.183078],[-0.030158,46.182369],[-0.029415,46.183414],[-0.025675,46.182198],[-0.02383,46.181342],[-0.02369,46.181119],[-0.025304,46.18022],[-0.026928,46.178914],[-0.024753,46.177227],[-0.023893,46.176795],[-0.02245,46.17642],[-0.021648,46.175904],[-0.018793,46.16881],[-0.016829,46.167996],[-0.017751,46.16235],[-0.021084,46.158622],[-0.02378,46.157971],[-0.030567,46.157164],[-0.031623,46.157823],[-0.03393,46.157975],[-0.0377,46.158596],[-0.046284,46.159251],[-0.04888,46.153575],[-0.04676,46.148327],[-0.049263,46.142644],[-0.044564,46.141402],[-0.035776,46.141253],[-0.031471,46.142806],[-0.026397,46.144207],[-0.020747,46.142502],[-0.025833,46.139183],[-0.024103,46.137489],[-0.023339,46.13688],[-0.022232,46.136519],[-0.020982,46.136736],[-0.018378,46.136384],[-0.019204,46.134127],[-0.019358,46.132985],[-0.020173,46.131428],[-0.020052,46.13114],[-0.022006,46.128659],[-0.022828,46.128022],[-0.022603,46.127934],[-0.023377,46.127092],[-0.022822,46.126696],[-0.023333,46.126154],[-0.025282,46.125191],[-0.029627,46.121905],[-0.029578,46.121082],[-0.028758,46.118094],[-0.031096,46.117632],[-0.032575,46.117139],[-0.03547,46.115699],[-0.038579,46.113746],[-0.037533,46.114106],[-0.034816,46.114665],[-0.027,46.115074],[-0.03014,46.112848],[-0.0313,46.111224],[-0.028619,46.110579],[-0.027246,46.110511],[-0.025665,46.110027],[-0.024514,46.110107],[-0.022988,46.109524],[-0.021212,46.109249],[-0.019874,46.109236],[-0.018963,46.108382],[-0.018547,46.108208],[-0.016064,46.107818],[-0.014992,46.107868],[-0.011756,46.106922],[-0.010544,46.106885],[-0.008608,46.106566],[-0.007438,46.1061],[-0.006784,46.107257],[-0.006276,46.109997],[-0.005177,46.109875],[-0.00095,46.110545],[0.001063,46.111565],[0.003023,46.112181],[0.004703,46.112991],[0.005735,46.113643],[0.00581,46.114357],[0.008357,46.114825],[0.012047,46.116259],[0.014483,46.11692],[0.022094,46.117929],[0.027031,46.117551],[0.029938,46.116923],[0.031089,46.116816],[0.03349,46.117393],[0.036258,46.117465],[0.040099,46.1178],[0.046335,46.119157],[0.045894,46.117834],[0.045248,46.116724],[0.047062,46.116266],[0.045703,46.11315],[0.047203,46.112865],[0.046974,46.11214],[0.046111,46.111133],[0.047497,46.110486],[0.046373,46.109518],[0.045822,46.108742],[0.042503,46.107703],[0.040841,46.108532],[0.040061,46.108687],[0.038358,46.108112],[0.036434,46.107848],[0.036978,46.107484],[0.035665,46.10651],[0.036405,46.105755],[0.037912,46.104479],[0.039879,46.103788],[0.04086,46.102709],[0.041377,46.101727],[0.044183,46.099426],[0.047545,46.098084],[0.048925,46.096972],[0.050671,46.096079],[0.051115,46.095644],[0.052083,46.095281],[0.05409,46.094797],[0.057956,46.095493],[0.062059,46.095317],[0.063403,46.095499],[0.067112,46.093816],[0.0689,46.093831],[0.071319,46.094242],[0.073428,46.094145],[0.073471,46.094047],[0.071858,46.093257],[0.067886,46.091932],[0.066465,46.091301],[0.065102,46.090319],[0.062887,46.088338],[0.059836,46.087248],[0.05668,46.085479],[0.05473,46.083483],[0.055846,46.082724],[0.056784,46.082426],[0.056894,46.082248],[0.05087,46.079458],[0.052689,46.078091],[0.055298,46.077033],[0.058316,46.07513],[0.060471,46.074346],[0.06266,46.072692],[0.060632,46.071715],[0.05848,46.071028],[0.052164,46.069788],[0.050408,46.069213],[0.048256,46.069419],[0.046064,46.069831],[0.045774,46.069767],[0.04242,46.068034],[0.039833,46.068939],[0.0381,46.069926],[0.037472,46.067054],[0.036266,46.066783],[0.034805,46.066169],[0.032707,46.066846],[0.031074,46.063764],[0.029596,46.061555],[0.028707,46.059612],[0.028359,46.058289],[0.027709,46.057533],[0.025572,46.055912],[0.02334,46.055108],[0.020756,46.054405],[0.019299,46.052874],[0.017491,46.053821],[0.013232,46.056839],[0.010383,46.058098],[0.005001,46.059574],[0.004111,46.059491],[0.003823,46.059263],[0.001085,46.056376],[-8e-05,46.055731],[-0.001048,46.055505],[-0.005933,46.055237],[-0.008582,46.055712],[-0.011793,46.055759],[-0.012335,46.055893],[-0.012746,46.056569],[-0.012953,46.056612],[-0.013826,46.056363],[-0.014361,46.055972],[-0.015826,46.05586],[-0.01876,46.054848],[-0.019001,46.055968],[-0.020898,46.056468],[-0.023559,46.056727],[-0.023743,46.056498],[-0.024909,46.056564],[-0.025988,46.056091],[-0.026964,46.056251],[-0.029092,46.056117],[-0.029779,46.055562],[-0.030186,46.056003],[-0.030889,46.055809],[-0.031157,46.056028],[-0.031993,46.055921],[-0.033074,46.055538],[-0.034273,46.054838],[-0.034982,46.054778],[-0.038476,46.053399],[-0.039542,46.053125],[-0.039291,46.051958],[-0.039072,46.051763],[-0.038359,46.05158],[-0.038181,46.051364],[-0.038344,46.050508],[-0.037851,46.048992],[-0.038029,46.047364],[-0.038334,46.047059],[-0.038003,46.046617],[-0.038027,46.046189],[-0.037604,46.045735],[-0.037766,46.045092],[-0.038176,46.045033],[-0.037949,46.044753],[-0.037886,46.044149],[-0.037392,46.043697],[-0.036369,46.043344],[-0.035927,46.042645],[-0.035479,46.042563],[-0.034429,46.041929],[-0.034076,46.041376],[-0.032708,46.040265],[-0.032155,46.037423],[-0.029755,46.036091],[-0.029432,46.035752],[-0.027883,46.035347],[-0.026663,46.034832],[-0.022627,46.031593],[-0.021566,46.029991],[-0.021393,46.028951],[-0.025509,46.028777],[-0.026163,46.028047],[-0.025918,46.02626],[-0.026276,46.025455],[-0.026603,46.02533],[-0.026788,46.02464],[-0.027629,46.024648],[-0.030534,46.022572],[-0.030782,46.021893],[-0.034168,46.021603],[-0.03879,46.020729],[-0.041255,46.020947],[-0.044634,46.020867],[-0.045648,46.020702],[-0.045774,46.016273],[-0.045475,46.014587],[-0.045762,46.013352],[-0.048949,46.010225],[-0.049677,46.008825],[-0.049489,46.007819],[-0.048496,46.005977],[-0.047909,46.004369],[-0.048886,46.003044],[-0.051924,46.001629],[-0.053116,46.001463],[-0.054773,46.000859],[-0.057628,45.998599],[-0.055922,45.998509],[-0.054739,45.998058],[-0.05338,45.997998],[-0.051959,45.998319],[-0.047741,45.998173],[-0.047235,45.999253],[-0.046977,45.999258],[-0.045605,45.998882],[-0.044567,45.998769],[-0.043998,45.999051],[-0.042363,45.998591],[-0.040877,45.998576],[-0.040978,45.994974],[-0.03875,45.994212],[-0.038344,45.99377],[-0.038156,45.992423],[-0.038348,45.992374],[-0.044058,45.994504],[-0.045025,45.994484],[-0.045049,45.993539],[-0.044479,45.992291],[-0.043172,45.990296],[-0.043657,45.99032],[-0.044283,45.990046],[-0.048123,45.98927],[-0.049929,45.989164],[-0.052078,45.988724],[-0.058521,45.98692],[-0.061787,45.983165],[-0.061007,45.982604],[-0.060297,45.981503],[-0.061939,45.979753],[-0.062794,45.98002],[-0.062486,45.981256],[-0.063035,45.981854],[-0.064185,45.981663],[-0.066356,45.980973],[-0.072068,45.980377],[-0.072621,45.979632],[-0.072636,45.978739],[-0.072944,45.978474],[-0.075263,45.980455],[-0.076914,45.97949],[-0.080995,45.978439],[-0.082062,45.978039],[-0.085548,45.975885],[-0.087293,45.975122],[-0.094544,45.972575],[-0.095846,45.971879],[-0.097399,45.971313],[-0.099814,45.970494],[-0.103119,45.969661],[-0.106204,45.969835],[-0.109746,45.971636],[-0.112262,45.973114],[-0.113904,45.974196],[-0.113812,45.974403],[-0.115183,45.975951],[-0.114569,45.976128],[-0.116233,45.977495],[-0.116591,45.977389],[-0.117346,45.977577],[-0.117363,45.977289],[-0.122828,45.977531],[-0.125271,45.978374],[-0.126312,45.979136],[-0.129533,45.978341],[-0.131433,45.978045],[-0.134194,45.978328],[-0.13714,45.979049],[-0.133571,45.982484],[-0.132538,45.983969],[-0.132344,45.984375],[-0.133856,45.984335],[-0.135077,45.984638],[-0.133834,45.986489],[-0.132489,45.987716],[-0.136782,45.987228],[-0.136844,45.988681],[-0.137354,45.990493],[-0.137192,45.991144],[-0.137007,45.991085],[-0.136796,45.991582],[-0.137112,45.992908],[-0.137513,45.99361],[-0.13948,45.995134],[-0.13907,45.997099],[-0.139307,45.998368],[-0.139191,45.999402],[-0.141286,46.000289],[-0.141056,46.001242],[-0.14245,46.001929],[-0.142944,46.001925],[-0.144028,46.002218],[-0.144821,46.002819],[-0.145724,46.002587],[-0.144819,46.00468],[-0.152633,46.003491],[-0.153427,46.003482],[-0.156266,46.004559],[-0.158686,46.005134],[-0.158935,46.006014],[-0.159255,46.006372],[-0.157927,46.008385],[-0.158887,46.008617],[-0.161699,46.009837],[-0.163391,46.010202],[-0.164717,46.010707],[-0.164361,46.013664],[-0.163522,46.015985],[-0.16264,46.022244],[-0.164881,46.023342],[-0.166035,46.023626],[-0.169152,46.023338],[-0.171932,46.022601],[-0.160037,46.036535],[-0.160554,46.036648],[-0.161366,46.036336],[-0.162584,46.036603],[-0.163419,46.037126],[-0.163368,46.037837],[-0.164614,46.037745],[-0.165575,46.037331],[-0.16742,46.035779],[-0.169445,46.034748],[-0.171419,46.033123],[-0.172393,46.032581],[-0.173332,46.032261],[-0.175252,46.032248],[-0.178111,46.031283],[-0.180509,46.029685],[-0.183846,46.028279],[-0.185208,46.027282],[-0.187361,46.026189],[-0.189009,46.026078],[-0.189883,46.028079],[-0.189822,46.029101],[-0.190449,46.03081],[-0.190084,46.031648],[-0.190822,46.035176],[-0.190459,46.036929],[-0.191623,46.03897],[-0.191723,46.039819],[-0.192275,46.040854],[-0.192136,46.042652],[-0.191035,46.043445],[-0.190639,46.043558],[-0.190986,46.043645],[-0.189374,46.048277],[-0.189852,46.048695],[-0.189086,46.050914],[-0.188452,46.054123],[-0.187778,46.055437],[-0.187478,46.055747],[-0.183609,46.056349],[-0.183324,46.056822],[-0.179286,46.056603],[-0.177481,46.05664],[-0.177204,46.05627],[-0.17581,46.055747],[-0.17468,46.054876],[-0.172117,46.054008],[-0.171114,46.053384],[-0.169243,46.056126],[-0.168907,46.057712],[-0.166641,46.057155],[-0.166222,46.05686],[-0.164258,46.056259],[-0.162508,46.05626],[-0.162918,46.059808],[-0.162785,46.060893],[-0.160559,46.060285],[-0.156801,46.059729],[-0.155303,46.061816],[-0.154586,46.064064],[-0.155548,46.064089],[-0.156722,46.064454],[-0.15757,46.06533],[-0.156985,46.065813],[-0.15612,46.067361],[-0.154141,46.066521],[-0.153838,46.066561],[-0.153177,46.068854],[-0.152432,46.068559],[-0.150449,46.070745],[-0.149875,46.071641],[-0.149934,46.072922]],[[-0.012794,46.15715],[-0.011455,46.157136],[-0.011188,46.15737],[-0.01064,46.157493],[-0.010701,46.157997],[-0.009943,46.158959],[-0.009957,46.160621],[-0.007615,46.161296],[-0.005833,46.160915],[-0.005117,46.160596],[-0.002037,46.157718],[-0.008378,46.157737],[-0.009937,46.157058],[-0.010912,46.15688],[-0.010826,46.155656],[-0.009691,46.154363],[-0.01219,46.154593],[-0.016172,46.155413],[-0.017489,46.15694],[-0.012794,46.15715]]]}},{"type":"Feature","properties":{"uai_primary":"0790016N","uai_all":"0790016N","is_merged":false},"geometry":{"type":"Polygon","coordinates":[[[-0.642051,46.524861],[-0.641176,46.524798],[-0.640325,46.525355],[-0.639743,46.525218],[-0.639378,46.525406],[-0.638382,46.525524],[-0.637927,46.525776],[-0.637155,46.525632],[-0.635699,46.526494],[-0.634925,46.526657],[-0.633999,46.526433],[-0.633407,46.526636],[-0.631876,46.526763],[-0.629546,46.527724],[-0.628557,46.528817],[-0.627599,46.529344],[-0.627507,46.529648],[-0.627057,46.529614],[-0.625672,46.528995],[-0.625234,46.529333],[-0.624825,46.529411],[-0.624032,46.529248],[-0.623718,46.529312],[-0.621773,46.530325],[-0.620923,46.529344],[-0.619716,46.529972],[-0.619996,46.52852],[-0.619867,46.527307],[-0.619584,46.527105],[-0.619089,46.526885],[-0.618673,46.527241],[-0.617379,46.5265],[-0.615966,46.526319],[-0.614971,46.52712],[-0.614605,46.527062],[-0.612661,46.528814],[-0.61347,46.529274],[-0.612438,46.530192],[-0.609784,46.527121],[-0.609083,46.526015],[-0.608465,46.526228],[-0.607574,46.527783],[-0.606777,46.528642],[-0.606099,46.529749],[-0.604632,46.530808],[-0.603422,46.532523],[-0.602234,46.533355],[-0.602551,46.534395],[-0.602257,46.535737],[-0.602832,46.538641],[-0.602304,46.541974],[-0.603235,46.542763],[-0.603147,46.542973],[-0.602592,46.543407],[-0.599334,46.54463],[-0.59862,46.544698],[-0.598045,46.545035],[-0.597596,46.544699],[-0.59781,46.544366],[-0.596998,46.543447],[-0.59689,46.542105],[-0.595711,46.540495],[-0.591845,46.539668],[-0.590016,46.539624],[-0.589305,46.539733],[-0.58798,46.540577],[-0.587213,46.540424],[-0.586238,46.540886],[-0.585712,46.541377],[-0.585101,46.541397],[-0.583953,46.541778],[-0.582832,46.541732],[-0.58213,46.542021],[-0.581842,46.54168],[-0.580083,46.541808],[-0.57883,46.540271],[-0.577749,46.539579],[-0.577037,46.539687],[-0.576159,46.539124],[-0.576135,46.538674],[-0.57447,46.538042],[-0.57413,46.537781],[-0.574055,46.536387],[-0.571669,46.535007],[-0.570552,46.535024],[-0.568555,46.535412],[-0.566595,46.536715],[-0.565732,46.535654],[-0.565944,46.534748],[-0.56578,46.534122],[-0.564692,46.53208],[-0.564065,46.53144],[-0.563656,46.531405],[-0.561663,46.53188],[-0.558906,46.533224],[-0.557246,46.534447],[-0.555787,46.534704],[-0.554068,46.534597],[-0.553935,46.533141],[-0.553131,46.533004],[-0.552834,46.531746],[-0.55074,46.531419],[-0.549833,46.531107],[-0.548674,46.530146],[-0.546781,46.529384],[-0.544792,46.529506],[-0.543415,46.527893],[-0.540646,46.527155],[-0.540581,46.525829],[-0.540246,46.525629],[-0.539752,46.525678],[-0.539193,46.525517],[-0.537601,46.524685],[-0.535638,46.524951],[-0.535066,46.525244],[-0.534344,46.525256],[-0.532203,46.524087],[-0.531496,46.524026],[-0.530689,46.524825],[-0.531065,46.525533],[-0.530889,46.526303],[-0.530378,46.526906],[-0.53018,46.527694],[-0.529815,46.527832],[-0.529573,46.528246],[-0.530501,46.529661],[-0.530385,46.529883],[-0.529518,46.530283],[-0.529269,46.531323],[-0.529655,46.534347],[-0.529237,46.534887],[-0.528508,46.535105],[-0.528678,46.535591],[-0.529046,46.535707],[-0.529077,46.536045],[-0.528898,46.536401],[-0.528509,46.536531],[-0.528124,46.53797],[-0.527389,46.538701],[-0.526963,46.539665],[-0.527021,46.540271],[-0.526639,46.540594],[-0.526749,46.540996],[-0.527059,46.541153],[-0.529273,46.541169],[-0.530122,46.541351],[-0.530362,46.542262],[-0.531323,46.542543],[-0.531259,46.542944],[-0.53157,46.54297],[-0.531787,46.5435],[-0.532215,46.543266],[-0.53255,46.543529],[-0.532524,46.544585],[-0.53205,46.545843],[-0.5323,46.546185],[-0.532409,46.547196],[-0.532955,46.547388],[-0.533016,46.547777],[-0.532954,46.548066],[-0.532597,46.548285],[-0.532489,46.549658],[-0.532896,46.550454],[-0.534063,46.550848],[-0.534006,46.551686],[-0.533346,46.552385],[-0.533903,46.552823],[-0.534046,46.553203],[-0.534844,46.553498],[-0.535635,46.554424],[-0.535426,46.554668],[-0.535316,46.555751],[-0.535866,46.55611],[-0.536438,46.555909],[-0.536783,46.556118],[-0.53649,46.556483],[-0.536718,46.55703],[-0.536556,46.557146],[-0.536082,46.55706],[-0.535709,46.557721],[-0.536735,46.558053],[-0.536792,46.558259],[-0.536637,46.558519],[-0.536051,46.558559],[-0.535689,46.559147],[-0.535293,46.562747],[-0.534601,46.563341],[-0.534305,46.56428],[-0.532789,46.564045],[-0.531876,46.565232],[-0.530752,46.564945],[-0.53037,46.565135],[-0.529846,46.565102],[-0.528447,46.564645],[-0.528744,46.56421],[-0.528548,46.564026],[-0.529071,46.562945],[-0.527842,46.562528],[-0.52719,46.563008],[-0.52689,46.563922],[-0.527384,46.564671],[-0.528062,46.565233],[-0.52819,46.565865],[-0.527121,46.566603],[-0.527715,46.566992],[-0.52663,46.56847],[-0.525909,46.568397],[-0.525109,46.569318],[-0.524698,46.570458],[-0.524203,46.570364],[-0.522997,46.569717],[-0.522414,46.569662],[-0.523154,46.568152],[-0.52208,46.567593],[-0.522688,46.566723],[-0.522338,46.566282],[-0.519431,46.565634],[-0.51774,46.565722],[-0.518291,46.565033],[-0.518276,46.564763],[-0.517336,46.564247],[-0.517573,46.56379],[-0.516038,46.563153],[-0.515528,46.563392],[-0.513851,46.563299],[-0.513762,46.563503],[-0.512775,46.563963],[-0.510602,46.562795],[-0.509446,46.561878],[-0.508169,46.561189],[-0.506168,46.560752],[-0.506789,46.559965],[-0.50388,46.559046],[-0.504343,46.558447],[-0.502343,46.557674],[-0.500734,46.557378],[-0.499001,46.557555],[-0.497635,46.558166],[-0.497206,46.558718],[-0.497122,46.559575],[-0.496751,46.559989],[-0.497098,46.560386],[-0.496978,46.560569],[-0.494236,46.561807],[-0.490878,46.562476],[-0.487457,46.562609],[-0.487535,46.563459],[-0.486052,46.565217],[-0.486581,46.565735],[-0.486788,46.567073],[-0.48725,46.567812],[-0.486865,46.568802],[-0.486612,46.568972],[-0.486472,46.569764],[-0.48689,46.569867],[-0.487553,46.568815],[-0.487887,46.568942],[-0.488533,46.568836],[-0.488941,46.56914],[-0.488948,46.569275],[-0.488564,46.56942],[-0.488935,46.570266],[-0.48829,46.570418],[-0.488951,46.571841],[-0.488369,46.571946],[-0.486501,46.571181],[-0.48626,46.571209],[-0.485897,46.571565],[-0.485682,46.572213],[-0.485419,46.572211],[-0.485555,46.572633],[-0.485053,46.573105],[-0.484754,46.574038],[-0.484277,46.574672],[-0.483728,46.57501],[-0.482417,46.575366],[-0.481175,46.575985],[-0.480858,46.576318],[-0.48055,46.577226],[-0.480352,46.577186],[-0.479996,46.57661],[-0.479216,46.576164],[-0.478085,46.576114],[-0.476418,46.575757],[-0.4766,46.576314],[-0.477223,46.576479],[-0.475693,46.577976],[-0.475169,46.577944],[-0.474422,46.577378],[-0.474097,46.57743],[-0.473731,46.57789],[-0.472544,46.577693],[-0.472819,46.576696],[-0.472205,46.576171],[-0.470663,46.5754],[-0.470644,46.573809],[-0.469769,46.573449],[-0.46772,46.573101],[-0.46655,46.573084],[-0.465265,46.572732],[-0.464102,46.57262],[-0.46383,46.572461],[-0.463437,46.572501],[-0.463242,46.572713],[-0.462108,46.572774],[-0.461516,46.572699],[-0.460716,46.572358],[-0.459756,46.572951],[-0.459147,46.572892],[-0.45884,46.572751],[-0.458647,46.5724],[-0.458938,46.571344],[-0.458728,46.570801],[-0.457168,46.569896],[-0.454417,46.568747],[-0.454212,46.568394],[-0.454183,46.567126],[-0.453257,46.565689],[-0.455824,46.563566],[-0.456325,46.562207],[-0.457508,46.560343],[-0.458501,46.558837],[-0.459552,46.557862],[-0.460076,46.556339],[-0.460906,46.555541],[-0.461826,46.553509],[-0.462411,46.552656],[-0.462392,46.551933],[-0.462691,46.551188],[-0.46187,46.549356],[-0.461916,46.549],[-0.460644,46.548233],[-0.460212,46.547433],[-0.455873,46.544816],[-0.456771,46.543341],[-0.453832,46.54229],[-0.455353,46.540226],[-0.455548,46.538682],[-0.456729,46.537332],[-0.457417,46.53524],[-0.458455,46.533522],[-0.459781,46.532597],[-0.460577,46.531072],[-0.461899,46.529651],[-0.462908,46.529043],[-0.464005,46.527559],[-0.462947,46.52711],[-0.462255,46.526362],[-0.462235,46.525958],[-0.463367,46.525165],[-0.462225,46.523257],[-0.462516,46.522575],[-0.462309,46.522355],[-0.459056,46.52122],[-0.458929,46.520985],[-0.460365,46.520075],[-0.461087,46.519911],[-0.461475,46.519528],[-0.463328,46.519232],[-0.464701,46.519238],[-0.464821,46.519457],[-0.46545,46.519393],[-0.466166,46.518682],[-0.46687,46.518409],[-0.467353,46.518424],[-0.467616,46.51816],[-0.468089,46.518153],[-0.468093,46.517937],[-0.468383,46.517777],[-0.469155,46.517769],[-0.469443,46.517063],[-0.468735,46.515859],[-0.468708,46.515293],[-0.469592,46.514764],[-0.472493,46.514277],[-0.472694,46.514012],[-0.4726,46.513556],[-0.47288,46.513124],[-0.473311,46.512779],[-0.473812,46.512693],[-0.47445,46.512193],[-0.474467,46.511773],[-0.475316,46.51139],[-0.476306,46.51135],[-0.47792,46.511804],[-0.478847,46.512225],[-0.479844,46.512203],[-0.480125,46.511812],[-0.480528,46.511647],[-0.482528,46.511448],[-0.48355,46.511475],[-0.484269,46.511832],[-0.486148,46.512116],[-0.486403,46.51202],[-0.486644,46.511459],[-0.487263,46.510956],[-0.48727,46.510512],[-0.488057,46.509451],[-0.489188,46.509404],[-0.489868,46.509724],[-0.490322,46.510413],[-0.490648,46.510501],[-0.491239,46.510378],[-0.491832,46.509257],[-0.491521,46.508214],[-0.492063,46.507734],[-0.491398,46.507609],[-0.491522,46.507132],[-0.492582,46.506381],[-0.492971,46.506382],[-0.493526,46.505756],[-0.494153,46.50567],[-0.494564,46.505287],[-0.495986,46.505028],[-0.496196,46.504592],[-0.496835,46.504368],[-0.49678,46.503689],[-0.49697,46.50344],[-0.498433,46.502965],[-0.498908,46.503228],[-0.499178,46.502733],[-0.499745,46.502265],[-0.499759,46.501995],[-0.499124,46.500986],[-0.499379,46.500688],[-0.49934,46.500259],[-0.500249,46.499769],[-0.50137,46.49974],[-0.501941,46.499357],[-0.501839,46.498967],[-0.501001,46.49842],[-0.500842,46.498042],[-0.500978,46.497377],[-0.501597,46.496997],[-0.501733,46.496658],[-0.502955,46.496038],[-0.5039,46.496297],[-0.505277,46.49605],[-0.506166,46.495053],[-0.506035,46.494224],[-0.50632,46.493967],[-0.506816,46.493829],[-0.506812,46.493364],[-0.507374,46.493122],[-0.507124,46.492743],[-0.507331,46.492522],[-0.509138,46.492336],[-0.511358,46.493406],[-0.512246,46.493306],[-0.512621,46.492714],[-0.5124,46.491815],[-0.511738,46.491471],[-0.511474,46.490903],[-0.510177,46.490503],[-0.509242,46.489802],[-0.508789,46.489667],[-0.50881,46.489418],[-0.508424,46.489408],[-0.507717,46.489115],[-0.506773,46.488477],[-0.504818,46.487935],[-0.504178,46.48818],[-0.503694,46.487835],[-0.502413,46.487738],[-0.502194,46.487949],[-0.501742,46.487722],[-0.502294,46.487021],[-0.502237,46.486467],[-0.502095,46.486299],[-0.501332,46.486092],[-0.500025,46.484607],[-0.499309,46.484368],[-0.499183,46.483971],[-0.498266,46.483447],[-0.49835,46.483157],[-0.497505,46.482106],[-0.497111,46.48113],[-0.496516,46.481216],[-0.496287,46.481002],[-0.493142,46.481555],[-0.492009,46.481434],[-0.491881,46.481046],[-0.491352,46.480833],[-0.491304,46.477735],[-0.48975,46.478603],[-0.488685,46.479542],[-0.485917,46.478513],[-0.485232,46.479143],[-0.480543,46.47731],[-0.476686,46.477922],[-0.47915,46.47409],[-0.473309,46.47348],[-0.470065,46.472802],[-0.468169,46.472949],[-0.469031,46.47079],[-0.469512,46.468474],[-0.471281,46.465458],[-0.472098,46.463215],[-0.473401,46.459127],[-0.473439,46.457856],[-0.473834,46.456048],[-0.475066,46.453137],[-0.477395,46.452831],[-0.475698,46.452003],[-0.476926,46.450567],[-0.477691,46.44997],[-0.478092,46.449205],[-0.479124,46.445223],[-0.479518,46.444526],[-0.480396,46.441551],[-0.481496,46.439208],[-0.482501,46.435865],[-0.483818,46.433862],[-0.484876,46.431472],[-0.485012,46.430761],[-0.48505,46.429275],[-0.48124,46.428866],[-0.480137,46.42827],[-0.479243,46.427394],[-0.477912,46.427103],[-0.476325,46.427181],[-0.475649,46.426928],[-0.475259,46.425504],[-0.474688,46.425509],[-0.475075,46.424661],[-0.476686,46.422872],[-0.478273,46.421442],[-0.481658,46.420625],[-0.487425,46.418524],[-0.491906,46.417412],[-0.493665,46.417124],[-0.494978,46.417189],[-0.49639,46.416753],[-0.498501,46.416827],[-0.498934,46.41367],[-0.49838,46.413688],[-0.497846,46.412351],[-0.49721,46.411564],[-0.496691,46.411342],[-0.497103,46.410614],[-0.496644,46.41039],[-0.497403,46.409125],[-0.498836,46.407639],[-0.498838,46.406177],[-0.499259,46.405274],[-0.49952,46.405362],[-0.500087,46.405179],[-0.499011,46.404219],[-0.499139,46.40408],[-0.498926,46.403861],[-0.499881,46.401445],[-0.50029,46.399229],[-0.501098,46.398081],[-0.503548,46.39744],[-0.504196,46.397132],[-0.504728,46.396598],[-0.505977,46.396416],[-0.507988,46.395574],[-0.508458,46.395076],[-0.508646,46.393865],[-0.510197,46.39418],[-0.51083,46.394076],[-0.511309,46.393768],[-0.511182,46.393555],[-0.512121,46.393092],[-0.513028,46.392981],[-0.515196,46.392076],[-0.515878,46.39162],[-0.517255,46.391074],[-0.517906,46.390565],[-0.51851,46.390406],[-0.520065,46.390541],[-0.524615,46.388591],[-0.525608,46.387893],[-0.52756,46.387074],[-0.528221,46.387023],[-0.528273,46.387301],[-0.529967,46.387314],[-0.529797,46.387058],[-0.531187,46.386737],[-0.533203,46.386527],[-0.533303,46.386625],[-0.538148,46.386354],[-0.539203,46.386766],[-0.540125,46.388389],[-0.543283,46.389821],[-0.545711,46.390459],[-0.547651,46.39123],[-0.550024,46.392803],[-0.550603,46.393379],[-0.552957,46.393207],[-0.554556,46.393505],[-0.557174,46.39348],[-0.560869,46.393044],[-0.566153,46.393082],[-0.571848,46.396105],[-0.572314,46.396863],[-0.572395,46.400811],[-0.574129,46.401306],[-0.577956,46.401711],[-0.582412,46.402461],[-0.588429,46.40556],[-0.589629,46.406822],[-0.593092,46.40964],[-0.594242,46.410188],[-0.596276,46.410678],[-0.600551,46.412362],[-0.601854,46.412705],[-0.609965,46.41376],[-0.611917,46.412377],[-0.612787,46.411421],[-0.613768,46.409033],[-0.613877,46.405428],[-0.614232,46.403466],[-0.6155,46.400325],[-0.61576,46.398952],[-0.616124,46.398075],[-0.618144,46.394812],[-0.619215,46.393468],[-0.619865,46.391836],[-0.620773,46.39074],[-0.620911,46.390673],[-0.623131,46.391347],[-0.623341,46.391294],[-0.626596,46.392672],[-0.628759,46.393862],[-0.634229,46.395733],[-0.636715,46.395718],[-0.640667,46.397191],[-0.63985,46.398302],[-0.637386,46.40035],[-0.637069,46.400222],[-0.636344,46.400583],[-0.632885,46.401222],[-0.632026,46.401738],[-0.631575,46.40237],[-0.631203,46.402198],[-0.62896,46.404071],[-0.634125,46.407537],[-0.639655,46.410753],[-0.639407,46.411182],[-0.63957,46.411964],[-0.639149,46.412861],[-0.639396,46.413457],[-0.639286,46.415893],[-0.639327,46.416257],[-0.640627,46.416298],[-0.640185,46.418096],[-0.638562,46.421587],[-0.635821,46.425196],[-0.634638,46.428924],[-0.635709,46.42995],[-0.636192,46.430704],[-0.636559,46.432291],[-0.634889,46.432994],[-0.631534,46.433946],[-0.62633,46.435962],[-0.623941,46.437127],[-0.61851,46.438964],[-0.618566,46.439324],[-0.618138,46.439929],[-0.61633,46.444729],[-0.617463,46.444931],[-0.616644,46.446879],[-0.617531,46.447391],[-0.617589,46.448083],[-0.620327,46.453408],[-0.620214,46.453978],[-0.619261,46.455297],[-0.618364,46.455102],[-0.617618,46.454682],[-0.616869,46.453964],[-0.615876,46.452297],[-0.614708,46.451565],[-0.614618,46.451117],[-0.615102,46.450428],[-0.615138,46.449887],[-0.614586,46.449317],[-0.613779,46.449054],[-0.612397,46.449196],[-0.610775,46.449798],[-0.610478,46.450413],[-0.610464,46.45143],[-0.609806,46.453561],[-0.6092,46.454164],[-0.608713,46.454288],[-0.608208,46.454209],[-0.607806,46.454576],[-0.610401,46.457932],[-0.612719,46.4589],[-0.615889,46.460887],[-0.616847,46.465734],[-0.616555,46.468758],[-0.616959,46.471805],[-0.617645,46.472934],[-0.618537,46.473819],[-0.618516,46.4749],[-0.61914,46.475897],[-0.621721,46.476476],[-0.62415,46.476749],[-0.626374,46.477183],[-0.631291,46.478707],[-0.630605,46.479595],[-0.629973,46.479911],[-0.629878,46.481267],[-0.628277,46.481778],[-0.62733,46.482342],[-0.627499,46.483058],[-0.626303,46.48381],[-0.625538,46.485315],[-0.625269,46.48561],[-0.624564,46.485386],[-0.62422,46.487723],[-0.62497,46.490012],[-0.624947,46.492061],[-0.625343,46.494721],[-0.625264,46.495634],[-0.624938,46.49646],[-0.624978,46.49759],[-0.627971,46.498852],[-0.629875,46.499995],[-0.631092,46.500142],[-0.631968,46.500453],[-0.632506,46.501236],[-0.634322,46.502481],[-0.63394,46.503384],[-0.634041,46.504213],[-0.634428,46.504793],[-0.635157,46.504714],[-0.635737,46.504947],[-0.636633,46.505824],[-0.636726,46.506317],[-0.638057,46.506822],[-0.638976,46.506933],[-0.64034,46.506853],[-0.641142,46.507191],[-0.641208,46.507486],[-0.642273,46.507857],[-0.644598,46.508217],[-0.645372,46.508678],[-0.645192,46.509193],[-0.645464,46.509345],[-0.645633,46.509869],[-0.645991,46.509748],[-0.646316,46.509982],[-0.646081,46.510848],[-0.646772,46.511474],[-0.646061,46.511715],[-0.646112,46.512077],[-0.644408,46.512574],[-0.644953,46.512101],[-0.643772,46.512026],[-0.643744,46.512492],[-0.643187,46.512452],[-0.642507,46.513077],[-0.64202,46.512789],[-0.641487,46.512812],[-0.641392,46.513157],[-0.640789,46.513101],[-0.640442,46.512747],[-0.639165,46.512732],[-0.638141,46.512885],[-0.637641,46.513299],[-0.639617,46.513785],[-0.640144,46.515161],[-0.638547,46.517132],[-0.638705,46.517207],[-0.63735,46.519417],[-0.637719,46.519546],[-0.637358,46.520255],[-0.637382,46.52066],[-0.637473,46.520988],[-0.638215,46.521562],[-0.638082,46.522101],[-0.639374,46.522329],[-0.6405,46.522345],[-0.644132,46.521755],[-0.642051,46.524861]]]}},{"type":"Feature","properties":{"uai_primary":"0790017P","uai_all":"0790017P","is_merged":false},"geometry":{"type":"Polygon","coordinates":[[[0.129054,46.267477],[0.128805,46.267489],[0.129978,46.264959],[0.130253,46.26347],[0.130658,46.263641],[0.133553,46.255764],[0.134274,46.254351],[0.135234,46.253165],[0.135295,46.251207],[0.136277,46.248444],[0.143887,46.22915],[0.142346,46.228872],[0.140327,46.228816],[0.139535,46.228536],[0.137867,46.226478],[0.137663,46.224766],[0.135345,46.225391],[0.133908,46.22621],[0.132258,46.2269],[0.129969,46.227309],[0.129149,46.226002],[0.128388,46.224267],[0.12687,46.222201],[0.126259,46.220835],[0.124445,46.221513],[0.122376,46.220056],[0.120279,46.217912],[0.118599,46.215309],[0.118023,46.213293],[0.117885,46.212012],[0.117597,46.21159],[0.113516,46.212261],[0.111893,46.215055],[0.111526,46.216083],[0.111834,46.216494],[0.111169,46.216886],[0.110392,46.216871],[0.108434,46.217906],[0.105966,46.218665],[0.104679,46.218648],[0.099945,46.220795],[0.094859,46.222128],[0.091541,46.222799],[0.088585,46.22373],[0.084443,46.224028],[0.083503,46.223833],[0.082755,46.22399],[0.082615,46.224592],[0.080884,46.22559],[0.079988,46.226358],[0.079111,46.226678],[0.079371,46.227557],[0.078656,46.229399],[0.077896,46.230456],[0.077083,46.231126],[0.078731,46.233032],[0.078806,46.233762],[0.078323,46.234827],[0.078287,46.235429],[0.079465,46.238086],[0.079946,46.238737],[0.076586,46.239468],[0.073953,46.240406],[0.069099,46.241704],[0.066201,46.24277],[0.065812,46.242762],[0.065691,46.242535],[0.064123,46.242819],[0.060689,46.244051],[0.060834,46.242579],[0.061349,46.241173],[0.061356,46.240341],[0.060314,46.238331],[0.058813,46.234629],[0.059501,46.234413],[0.059199,46.233359],[0.058912,46.232498],[0.057511,46.231631],[0.055,46.22691],[0.054764,46.226089],[0.054737,46.223933],[0.055021,46.223759],[0.053676,46.222586],[0.052088,46.221761],[0.051174,46.220958],[0.046535,46.21954],[0.045234,46.219273],[0.040868,46.219017],[0.03916,46.217968],[0.035689,46.217267],[0.034735,46.216842],[0.033223,46.215776],[0.032829,46.215903],[0.032516,46.215627],[0.03138,46.215982],[0.030886,46.215685],[0.029186,46.213344],[0.02703,46.211921],[0.025079,46.211057],[0.024865,46.209508],[0.023571,46.208145],[0.023306,46.208104],[0.022315,46.208533],[0.021384,46.207569],[0.019562,46.206182],[0.018705,46.204994],[0.017828,46.204301],[0.015923,46.203362],[0.014009,46.202648],[0.013045,46.202448],[0.011618,46.202463],[0.010718,46.20231],[0.008674,46.201593],[0.004169,46.199339],[0.001493,46.19825],[-7.7e-05,46.197092],[-0.003351,46.195104],[-0.007396,46.194335],[-0.011443,46.193132],[-0.013145,46.192913],[-0.014805,46.19251],[-0.015769,46.192185],[-0.017526,46.190987],[-0.017291,46.189448],[-0.017753,46.188089],[-0.016251,46.185447],[-0.016031,46.184263],[-0.015055,46.183422],[-0.013812,46.18171],[-0.014674,46.180857],[-0.016907,46.177075],[-0.017724,46.17446],[-0.018417,46.174524],[-0.020545,46.175784],[-0.021139,46.175724],[-0.021835,46.175965],[-0.02245,46.17642],[-0.023893,46.176795],[-0.024753,46.177227],[-0.026928,46.178914],[-0.025304,46.18022],[-0.02369,46.181119],[-0.02383,46.181342],[-0.025129,46.181986],[-0.029415,46.183414],[-0.029054,46.184496],[-0.029276,46.186551],[-0.030205,46.189027],[-0.030667,46.191435],[-0.030276,46.192419],[-0.033839,46.193254],[-0.035975,46.193986],[-0.041506,46.194204],[-0.047305,46.194842],[-0.049365,46.195411],[-0.051579,46.196457],[-0.049721,46.197721],[-0.050635,46.198622],[-0.050964,46.199225],[-0.051146,46.201311],[-0.051876,46.203097],[-0.052193,46.205541],[-0.053016,46.207213],[-0.053063,46.207506],[-0.052385,46.207737],[-0.051817,46.208815],[-0.053796,46.2099],[-0.055102,46.210256],[-0.055466,46.211156],[-0.055413,46.211525],[-0.056375,46.211582],[-0.056488,46.212022],[-0.056917,46.211946],[-0.0587,46.214214],[-0.05952,46.215754],[-0.061002,46.217113],[-0.062125,46.218882],[-0.063286,46.219906],[-0.064722,46.220563],[-0.065606,46.221242],[-0.066469,46.221558],[-0.069586,46.22196],[-0.070853,46.222291],[-0.072414,46.222386],[-0.07447,46.222887],[-0.07473,46.223165],[-0.0759,46.223198],[-0.078641,46.223733],[-0.078789,46.224118],[-0.079792,46.224916],[-0.080134,46.225514],[-0.080968,46.225754],[-0.082309,46.225739],[-0.083415,46.226004],[-0.083546,46.226471],[-0.083173,46.226625],[-0.082173,46.227548],[-0.082442,46.229026],[-0.083399,46.23013],[-0.082464,46.232445],[-0.080159,46.234565],[-0.079488,46.235525],[-0.077367,46.236806],[-0.078145,46.23776],[-0.078919,46.239236],[-0.084728,46.238819],[-0.089162,46.239164],[-0.089494,46.239454],[-0.087141,46.241347],[-0.086847,46.242028],[-0.08719,46.24276],[-0.086396,46.243568],[-0.087208,46.243708],[-0.087264,46.244272],[-0.085627,46.24525],[-0.085974,46.245738],[-0.087048,46.246569],[-0.087626,46.246422],[-0.089147,46.245624],[-0.090276,46.244745],[-0.091483,46.24418],[-0.091996,46.244033],[-0.092386,46.244177],[-0.092244,46.245022],[-0.09247,46.248661],[-0.092206,46.249867],[-0.092227,46.25147],[-0.090628,46.252658],[-0.086634,46.254769],[-0.08338,46.256904],[-0.082684,46.2587],[-0.081513,46.259936],[-0.080022,46.261089],[-0.075313,46.264097],[-0.075478,46.264425],[-0.074323,46.264854],[-0.07292,46.266076],[-0.075088,46.26727],[-0.077089,46.268786],[-0.079456,46.269893],[-0.082567,46.267294],[-0.084672,46.267441],[-0.084473,46.266968],[-0.085125,46.266063],[-0.085389,46.2644],[-0.086571,46.264698],[-0.088003,46.264494],[-0.088482,46.264887],[-0.090786,46.265703],[-0.094855,46.258596],[-0.096346,46.25897],[-0.097046,46.25872],[-0.0972,46.258507],[-0.097893,46.258444],[-0.098038,46.258148],[-0.098659,46.257722],[-0.099575,46.258072],[-0.101012,46.258173],[-0.104041,46.258673],[-0.107238,46.259925],[-0.10795,46.260972],[-0.105103,46.262865],[-0.103116,46.266388],[-0.102617,46.266848],[-0.102402,46.267843],[-0.101339,46.270207],[-0.101225,46.272009],[-0.100679,46.273123],[-0.101488,46.273476],[-0.104809,46.273777],[-0.105956,46.273321],[-0.106356,46.273507],[-0.11062,46.272726],[-0.112448,46.272583],[-0.119372,46.270934],[-0.120007,46.270493],[-0.121431,46.268991],[-0.122464,46.269528],[-0.12623,46.270567],[-0.127776,46.271304],[-0.129665,46.273243],[-0.128819,46.274657],[-0.127979,46.274995],[-0.128367,46.27537],[-0.125746,46.280477],[-0.125538,46.281354],[-0.122737,46.283665],[-0.121618,46.28508],[-0.121381,46.286198],[-0.120119,46.288221],[-0.12012,46.288807],[-0.119584,46.289299],[-0.119198,46.290419],[-0.118902,46.291911],[-0.118935,46.293963],[-0.118419,46.294816],[-0.117556,46.29452],[-0.117604,46.294159],[-0.116622,46.293955],[-0.116611,46.29373],[-0.115629,46.293526],[-0.115436,46.293576],[-0.115789,46.294198],[-0.11555,46.294653],[-0.112431,46.294166],[-0.111744,46.295894],[-0.108978,46.296432],[-0.10922,46.296833],[-0.107969,46.297369],[-0.107269,46.298209],[-0.106967,46.299325],[-0.107388,46.301939],[-0.111067,46.301535],[-0.112589,46.301459],[-0.112812,46.301586],[-0.112197,46.303436],[-0.111385,46.304555],[-0.110632,46.305156],[-0.110778,46.305513],[-0.109459,46.306657],[-0.108764,46.306214],[-0.106627,46.305573],[-0.106017,46.305565],[-0.104842,46.306055],[-0.103749,46.305647],[-0.102922,46.305146],[-0.101877,46.305379],[-0.100834,46.305333],[-0.099592,46.305565],[-0.098577,46.306556],[-0.097779,46.308179],[-0.09559,46.311511],[-0.093404,46.313448],[-0.092556,46.314861],[-0.091518,46.315548],[-0.09116,46.316783],[-0.089177,46.316248],[-0.088249,46.315397],[-0.086307,46.314503],[-0.085598,46.313184],[-0.084897,46.312977],[-0.083304,46.312148],[-0.081292,46.311971],[-0.080575,46.312424],[-0.080301,46.312893],[-0.079387,46.313214],[-0.080951,46.31429],[-0.081702,46.315392],[-0.08287,46.316599],[-0.084096,46.318659],[-0.084465,46.321174],[-0.075068,46.320617],[-0.0744,46.320689],[-0.072511,46.320345],[-0.065489,46.31993],[-0.065133,46.319804],[-0.065284,46.321],[-0.06672,46.323368],[-0.066875,46.323997],[-0.066451,46.324284],[-0.066635,46.324935],[-0.06753,46.326285],[-0.063974,46.327106],[-0.059548,46.326905],[-0.057985,46.327342],[-0.056365,46.328097],[-0.054263,46.328058],[-0.052948,46.327101],[-0.051093,46.326997],[-0.049816,46.328202],[-0.048777,46.328905],[-0.047545,46.330593],[-0.04642,46.332596],[-0.041885,46.336132],[-0.040493,46.337777],[-0.04007,46.338771],[-0.03866,46.340012],[-0.037534,46.341365],[-0.035209,46.343054],[-0.028808,46.340246],[-0.026801,46.339795],[-0.02644,46.340635],[-0.026049,46.342564],[-0.026568,46.34377],[-0.026534,46.344301],[-0.025664,46.345324],[-0.023572,46.346434],[-0.023085,46.346882],[-0.023006,46.348198],[-0.022351,46.349423],[-0.02309,46.352359],[-0.02211,46.352923],[-0.021544,46.352994],[-0.020607,46.352185],[-0.019173,46.351599],[-0.017794,46.350671],[-0.01477,46.349095],[-0.01224,46.348548],[-0.011885,46.349638],[-0.010475,46.352127],[-0.00968,46.352695],[-0.008777,46.352836],[-0.007502,46.352476],[-0.005065,46.352667],[-0.000456,46.35203],[0.002568,46.352091],[0.003475,46.351829],[0.004126,46.351357],[0.011545,46.355203],[0.013887,46.357032],[0.014959,46.357028],[0.015582,46.357013],[0.014659,46.355213],[0.014765,46.355034],[0.013945,46.353108],[0.018969,46.351558],[0.021333,46.350606],[0.024714,46.349856],[0.026815,46.349791],[0.029768,46.349211],[0.033224,46.347411],[0.037506,46.345476],[0.037435,46.345102],[0.037119,46.345001],[0.035054,46.345371],[0.022974,46.345646],[0.02401,46.344141],[0.020876,46.34144],[0.020411,46.339518],[0.020101,46.33956],[0.019784,46.337762],[0.01982,46.337294],[0.021264,46.335048],[0.019855,46.332746],[0.017807,46.330003],[0.01808,46.329843],[0.016573,46.328327],[0.016349,46.328427],[0.015668,46.32761],[0.015218,46.326791],[0.015402,46.326377],[0.017484,46.326083],[0.02176,46.326121],[0.021882,46.326848],[0.022271,46.326952],[0.023072,46.327823],[0.023549,46.327804],[0.024197,46.32845],[0.026706,46.3286],[0.027289,46.328447],[0.02918,46.32891],[0.030331,46.328878],[0.031326,46.329711],[0.032024,46.328787],[0.032566,46.328443],[0.032698,46.328277],[0.032512,46.328037],[0.033861,46.326526],[0.035667,46.325098],[0.036661,46.324778],[0.038184,46.323835],[0.039222,46.323677],[0.040227,46.323963],[0.04238,46.323345],[0.04336,46.323739],[0.044978,46.323118],[0.045066,46.323191],[0.048358,46.322179],[0.049367,46.322054],[0.0515,46.321433],[0.051942,46.319631],[0.053222,46.317772],[0.053487,46.316852],[0.056451,46.315357],[0.059361,46.314365],[0.06027,46.31389],[0.059992,46.313678],[0.06019,46.313529],[0.062932,46.31228],[0.066872,46.310201],[0.067383,46.310547],[0.068188,46.310711],[0.068412,46.310907],[0.069202,46.310628],[0.078278,46.305081],[0.08035,46.306325],[0.08262,46.307239],[0.084869,46.309119],[0.084831,46.309387],[0.084125,46.309776],[0.084707,46.310548],[0.083386,46.311159],[0.084306,46.312755],[0.084654,46.313765],[0.085966,46.31492],[0.088654,46.314614],[0.092568,46.317383],[0.095414,46.319149],[0.098207,46.321602],[0.0982,46.321874],[0.097702,46.321832],[0.09813,46.323221],[0.096696,46.323356],[0.093396,46.324687],[0.09452,46.325808],[0.096004,46.328504],[0.096836,46.329711],[0.09764,46.330515],[0.098467,46.331206],[0.100574,46.332454],[0.10261,46.334207],[0.10401,46.335108],[0.105982,46.335711],[0.107805,46.33654],[0.110735,46.337141],[0.11086,46.337471],[0.111146,46.337564],[0.113513,46.337932],[0.115876,46.339509],[0.11677,46.340455],[0.119212,46.341688],[0.120146,46.341833],[0.120561,46.342063],[0.121009,46.342776],[0.12177,46.34533],[0.123755,46.347253],[0.124629,46.348626],[0.126563,46.348975],[0.127443,46.34897],[0.13166,46.348408],[0.132799,46.348904],[0.134592,46.349387],[0.137213,46.349489],[0.154099,46.344753],[0.155185,46.344226],[0.156764,46.343133],[0.158538,46.341067],[0.160808,46.339335],[0.163091,46.338061],[0.164605,46.337531],[0.166082,46.337234],[0.169681,46.334367],[0.170626,46.33412],[0.172166,46.334002],[0.174191,46.333111],[0.173688,46.332592],[0.172525,46.331862],[0.173281,46.331203],[0.174464,46.331547],[0.176649,46.330551],[0.176474,46.33031],[0.176887,46.329466],[0.177057,46.328083],[0.173765,46.324607],[0.172395,46.323553],[0.171702,46.322676],[0.16927,46.320333],[0.167353,46.31961],[0.164875,46.317871],[0.169465,46.311467],[0.169514,46.308056],[0.169113,46.306671],[0.169755,46.305409],[0.167482,46.306729],[0.167087,46.306135],[0.166241,46.305678],[0.165116,46.305708],[0.163178,46.304852],[0.162351,46.305684],[0.160357,46.306544],[0.158162,46.307777],[0.156556,46.307514],[0.154729,46.306809],[0.154274,46.305689],[0.152998,46.304701],[0.152066,46.303123],[0.152907,46.30308],[0.15466,46.302648],[0.155641,46.303175],[0.156481,46.302473],[0.156803,46.30199],[0.156751,46.30139],[0.156165,46.298769],[0.155414,46.297211],[0.156498,46.297079],[0.157731,46.296562],[0.160548,46.293972],[0.16133,46.292655],[0.162037,46.292168],[0.162902,46.292071],[0.162787,46.290627],[0.163674,46.289448],[0.165979,46.287878],[0.168365,46.286759],[0.16929,46.285703],[0.170427,46.285016],[0.17096,46.284426],[0.170626,46.283805],[0.168329,46.281382],[0.170374,46.280255],[0.172313,46.278697],[0.171931,46.277705],[0.171487,46.277128],[0.168367,46.274203],[0.167887,46.272807],[0.167901,46.27149],[0.167628,46.270465],[0.166267,46.270853],[0.165737,46.269493],[0.165265,46.268891],[0.15967,46.26654],[0.15948,46.266798],[0.158786,46.266913],[0.158495,46.267192],[0.157666,46.267005],[0.15714,46.26735],[0.155892,46.267239],[0.155408,46.26738],[0.154159,46.266914],[0.152275,46.267022],[0.145694,46.26815],[0.14356,46.267953],[0.14186,46.26756],[0.142367,46.26625],[0.142299,46.26613],[0.14148,46.265988],[0.139671,46.266163],[0.137959,46.266512],[0.135586,46.266619],[0.132802,46.266964],[0.132679,46.267764],[0.131244,46.267757],[0.130442,46.267515],[0.129054,46.267477]]]}},{"type":"Feature","properties":{"uai_primary":"0790020T","uai_all":"0790020T","is_merged":false},"geometry":{"type":"Polygon","coordinates":[[[-0.076942,46.463419],[-0.085032,46.462553],[-0.086708,46.462158],[-0.096971,46.457213],[-0.097685,46.457152],[-0.099789,46.456162],[-0.100804,46.456995],[-0.101792,46.457244],[-0.102641,46.457316],[-0.103544,46.457116],[-0.105785,46.456258],[-0.106591,46.456781],[-0.107016,46.456096],[-0.107469,46.456042],[-0.108479,46.453905],[-0.109415,46.452984],[-0.10971,46.452303],[-0.11003,46.452206],[-0.110623,46.452329],[-0.113078,46.453356],[-0.118207,46.453201],[-0.120088,46.451596],[-0.121355,46.450908],[-0.121981,46.450884],[-0.122056,46.449848],[-0.127027,46.450428],[-0.127399,46.450931],[-0.127325,46.452356],[-0.128185,46.452731],[-0.130456,46.45422],[-0.132669,46.455319],[-0.134024,46.4573],[-0.134914,46.457013],[-0.135106,46.456592],[-0.135921,46.456582],[-0.136572,46.45626],[-0.137018,46.455557],[-0.138303,46.455567],[-0.138805,46.455135],[-0.140284,46.455134],[-0.140725,46.454624],[-0.142665,46.453711],[-0.143737,46.453768],[-0.144661,46.453488],[-0.145031,46.452896],[-0.145573,46.452673],[-0.145557,46.452272],[-0.146153,46.451818],[-0.146653,46.451694],[-0.147594,46.451038],[-0.148317,46.45106],[-0.148598,46.450395],[-0.149759,46.449334],[-0.150892,46.449003],[-0.151049,46.448665],[-0.151647,46.4485],[-0.151569,46.449651],[-0.151984,46.450665],[-0.151334,46.45104],[-0.151094,46.451411],[-0.151384,46.453667],[-0.15215,46.454382],[-0.153618,46.45701],[-0.153263,46.457258],[-0.153109,46.458458],[-0.152389,46.459421],[-0.152336,46.459748],[-0.152856,46.460233],[-0.153011,46.46077],[-0.152776,46.462755],[-0.153361,46.464137],[-0.153387,46.464722],[-0.152552,46.464965],[-0.151321,46.467963],[-0.152934,46.469053],[-0.153931,46.46948],[-0.154006,46.469704],[-0.153519,46.470434],[-0.153489,46.4712],[-0.1538,46.472319],[-0.15427,46.472623],[-0.154434,46.473341],[-0.154546,46.474373],[-0.154434,46.474781],[-0.154055,46.475014],[-0.155436,46.477644],[-0.156325,46.478263],[-0.155222,46.480569],[-0.155189,46.48129],[-0.155654,46.482522],[-0.156021,46.482365],[-0.157512,46.482231],[-0.160394,46.482863],[-0.16396,46.482847],[-0.164935,46.482584],[-0.165363,46.482677],[-0.166053,46.482331],[-0.16774,46.482116],[-0.167909,46.481902],[-0.168306,46.481865],[-0.169253,46.482026],[-0.169624,46.482384],[-0.169974,46.482124],[-0.172391,46.483196],[-0.175276,46.483135],[-0.175447,46.483607],[-0.176365,46.484011],[-0.176692,46.484602],[-0.177324,46.484938],[-0.177867,46.484933],[-0.178216,46.48514],[-0.178259,46.485423],[-0.17874,46.485789],[-0.178878,46.486275],[-0.179412,46.486255],[-0.179641,46.486402],[-0.179625,46.486974],[-0.179893,46.487091],[-0.179925,46.487423],[-0.180528,46.487528],[-0.180515,46.488069],[-0.181539,46.489124],[-0.181785,46.491008],[-0.182375,46.491019],[-0.182691,46.491639],[-0.182396,46.492024],[-0.17974,46.494008],[-0.179751,46.494354],[-0.179174,46.494616],[-0.177555,46.496067],[-0.176427,46.496711],[-0.17612,46.497122],[-0.175474,46.500062],[-0.171825,46.502888],[-0.171833,46.503068],[-0.172435,46.503415],[-0.172003,46.50392],[-0.173185,46.504118],[-0.17335,46.504628],[-0.173711,46.504699],[-0.174002,46.505083],[-0.174957,46.505302],[-0.17582,46.505782],[-0.174519,46.5076],[-0.174463,46.50778],[-0.175273,46.508393],[-0.174521,46.50904],[-0.174413,46.509358],[-0.174939,46.509702],[-0.175392,46.510789],[-0.176106,46.511775],[-0.174894,46.512782],[-0.172408,46.51386],[-0.17286,46.515422],[-0.171805,46.51582],[-0.172477,46.516792],[-0.172985,46.51812],[-0.172943,46.518616],[-0.17195,46.518278],[-0.170016,46.51877],[-0.169659,46.518103],[-0.168426,46.51822],[-0.16747,46.52045],[-0.168618,46.520435],[-0.170673,46.519986],[-0.171399,46.519632],[-0.172292,46.518867],[-0.176675,46.52074],[-0.177182,46.520293],[-0.177313,46.519243],[-0.178406,46.519127],[-0.179737,46.520312],[-0.183922,46.523369],[-0.184944,46.524437],[-0.18767,46.5258],[-0.188641,46.527127],[-0.18883,46.527823],[-0.190877,46.527886],[-0.193013,46.528169],[-0.196048,46.528242],[-0.200658,46.528724],[-0.205148,46.528459],[-0.206929,46.528735],[-0.207626,46.53022],[-0.207578,46.533514],[-0.208198,46.535705],[-0.207724,46.535937],[-0.206404,46.541187],[-0.206193,46.543623],[-0.20544,46.545925],[-0.204753,46.54766],[-0.202526,46.551216],[-0.200613,46.552813],[-0.200385,46.55279],[-0.199667,46.553847],[-0.198752,46.554669],[-0.192903,46.554238],[-0.192299,46.554655],[-0.191694,46.554437],[-0.190689,46.554812],[-0.190186,46.554736],[-0.189343,46.554882],[-0.188226,46.554571],[-0.187549,46.554662],[-0.187172,46.55424],[-0.186166,46.554487],[-0.186085,46.55409],[-0.185407,46.554149],[-0.185073,46.553781],[-0.184548,46.553734],[-0.184321,46.553912],[-0.183575,46.553717],[-0.182849,46.554006],[-0.182204,46.553841],[-0.182181,46.55346],[-0.181722,46.55343],[-0.181405,46.553621],[-0.180909,46.553273],[-0.180046,46.553257],[-0.178986,46.552982],[-0.178225,46.552901],[-0.177191,46.553219],[-0.176397,46.55275],[-0.176221,46.552917],[-0.176061,46.553603],[-0.176316,46.554013],[-0.175864,46.554408],[-0.176573,46.555095],[-0.17483,46.556948],[-0.174989,46.557402],[-0.174591,46.557665],[-0.17455,46.557929],[-0.174932,46.559152],[-0.174523,46.559257],[-0.174224,46.559826],[-0.174988,46.560826],[-0.175095,46.56125],[-0.174015,46.561122],[-0.173782,46.561224],[-0.173144,46.562178],[-0.171146,46.564102],[-0.17117,46.564794],[-0.170551,46.56545],[-0.170206,46.566839],[-0.169783,46.567334],[-0.169305,46.567536],[-0.168923,46.568201],[-0.168389,46.568482],[-0.168023,46.569133],[-0.167612,46.569366],[-0.167126,46.570604],[-0.167334,46.57089],[-0.167255,46.571633],[-0.167616,46.572691],[-0.171995,46.574266],[-0.172259,46.574305],[-0.172899,46.574021],[-0.174213,46.574217],[-0.17616,46.576785],[-0.17487,46.577128],[-0.173976,46.577553],[-0.173037,46.578429],[-0.172679,46.579157],[-0.172588,46.580014],[-0.17275,46.580685],[-0.173305,46.581393],[-0.173818,46.582597],[-0.173851,46.583317],[-0.173681,46.584339],[-0.17152,46.586563],[-0.171921,46.587422],[-0.17008,46.58877],[-0.167261,46.591643],[-0.166365,46.592294],[-0.167592,46.593356],[-0.169604,46.595922],[-0.170445,46.595768],[-0.17099,46.596252],[-0.171135,46.596563],[-0.170629,46.596935],[-0.171529,46.598077],[-0.170128,46.59832],[-0.168052,46.599011],[-0.167317,46.598717],[-0.162399,46.599487],[-0.16173,46.600029],[-0.162456,46.601508],[-0.160401,46.602581],[-0.159,46.605118],[-0.15738,46.605966],[-0.155444,46.607824],[-0.154544,46.607774],[-0.152928,46.608907],[-0.151579,46.606799],[-0.150728,46.606305],[-0.149864,46.606066],[-0.149684,46.605843],[-0.149198,46.604756],[-0.149103,46.603851],[-0.148613,46.60336],[-0.147797,46.603483],[-0.144406,46.60309],[-0.142576,46.60303],[-0.141139,46.604328],[-0.140701,46.604452],[-0.138204,46.604422],[-0.137723,46.60553],[-0.136973,46.606266],[-0.133893,46.607458],[-0.132432,46.608345],[-0.131714,46.608894],[-0.131803,46.609007],[-0.130133,46.610128],[-0.128322,46.610099],[-0.128198,46.610162],[-0.128713,46.610719],[-0.12775,46.611265],[-0.125972,46.611746],[-0.12599,46.611957],[-0.124976,46.612516],[-0.12435,46.61265],[-0.123739,46.612589],[-0.121816,46.614351],[-0.119319,46.615676],[-0.118979,46.616069],[-0.118727,46.616855],[-0.117791,46.616771],[-0.115191,46.618013],[-0.112349,46.618867],[-0.11083,46.619165],[-0.110827,46.618712],[-0.11178,46.618107],[-0.113562,46.615638],[-0.110899,46.615965],[-0.109201,46.615956],[-0.1071,46.615731],[-0.105384,46.615318],[-0.103911,46.61454],[-0.102654,46.612721],[-0.101908,46.612107],[-0.100831,46.61157],[-0.100262,46.611847],[-0.098358,46.612259],[-0.097353,46.612838],[-0.094091,46.612637],[-0.090812,46.613466],[-0.084772,46.614476],[-0.08154,46.614306],[-0.080389,46.614686],[-0.080056,46.615198],[-0.079287,46.615617],[-0.077543,46.617158],[-0.076449,46.617864],[-0.073735,46.618966],[-0.072011,46.619243],[-0.070863,46.619895],[-0.069476,46.620446],[-0.068897,46.620533],[-0.069146,46.621444],[-0.068719,46.622129],[-0.068556,46.622852],[-0.067631,46.622646],[-0.066457,46.622671],[-0.062966,46.623018],[-0.059621,46.6227],[-0.058879,46.622755],[-0.054278,46.623533],[-0.053947,46.623251],[-0.051488,46.624205],[-0.050936,46.624288],[-0.046934,46.623815],[-0.045905,46.624755],[-0.045053,46.625068],[-0.043592,46.625291],[-0.043017,46.625545],[-0.041731,46.62542],[-0.039729,46.625609],[-0.039348,46.625801],[-0.03842,46.627336],[-0.035656,46.628496],[-0.029822,46.627095],[-0.029378,46.627534],[-0.028144,46.628189],[-0.027286,46.629355],[-0.026115,46.629357],[-0.024985,46.629171],[-0.02489,46.630056],[-0.024494,46.630789],[-0.024291,46.631795],[-0.022403,46.634017],[-0.022133,46.634775],[-0.022376,46.634865],[-0.021127,46.637042],[-0.019709,46.638411],[-0.017721,46.639404],[-0.016556,46.639744],[-0.014156,46.640088],[-0.009748,46.641738],[-0.00738,46.643587],[-0.005179,46.644884],[-0.002018,46.644198],[0.000721,46.643334],[0.000931,46.642984],[0.001076,46.640787],[0.000938,46.640011],[0.000391,46.638976],[-0.000167,46.638942],[-0.001224,46.63599],[-0.001072,46.633903],[8.1e-05,46.633161],[-0.001658,46.631189],[-0.002432,46.630886],[-0.002347,46.629982],[-0.00127,46.629857],[-0.001264,46.629703],[-0.002277,46.629438],[-0.002335,46.628922],[-0.003313,46.628607],[-0.004106,46.627781],[-0.005034,46.627652],[-0.005927,46.627773],[-0.007555,46.625932],[-0.006998,46.623528],[-0.00741,46.621868],[-0.008944,46.621086],[-0.010017,46.62079],[-0.011593,46.619237],[-0.010353,46.618595],[-0.011531,46.618262],[-0.012325,46.617539],[-0.012704,46.616144],[-0.013637,46.61503],[-0.012873,46.614916],[-0.012481,46.614593],[-0.012204,46.614803],[-0.011491,46.614583],[-0.009444,46.615219],[-0.008989,46.614987],[-0.008247,46.615248],[-0.007681,46.615037],[-0.006808,46.615503],[-0.006244,46.615144],[-0.005595,46.61515],[-0.005801,46.614837],[-0.005302,46.614777],[-0.005083,46.614577],[-0.004253,46.614494],[-0.003668,46.614907],[-0.003383,46.614642],[-0.003459,46.614323],[-0.002808,46.614273],[-0.002495,46.613654],[-0.001795,46.613236],[-0.001602,46.612923],[-0.002034,46.612698],[-0.001751,46.612001],[-0.001116,46.611878],[-0.000709,46.612083],[-0.000656,46.611653],[-0.000193,46.611975],[0.000482,46.611094],[0.000772,46.611345],[0.001388,46.611364],[0.002166,46.61075],[0.003187,46.610984],[0.003744,46.610521],[0.00407,46.610627],[0.004619,46.611336],[0.005125,46.611308],[0.005532,46.611477],[0.006763,46.611126],[0.007379,46.611221],[0.008259,46.611063],[0.008548,46.610893],[0.010028,46.611299],[0.010366,46.611063],[0.011319,46.611361],[0.012385,46.61206],[0.013156,46.612079],[0.013297,46.612514],[0.014122,46.613009],[0.014778,46.612894],[0.015188,46.613291],[0.016038,46.613149],[0.016387,46.612772],[0.016818,46.612703],[0.017144,46.613102],[0.017999,46.613518],[0.018117,46.613847],[0.018574,46.614062],[0.019254,46.613973],[0.020269,46.614133],[0.020613,46.614582],[0.020957,46.614473],[0.022359,46.614527],[0.022726,46.614319],[0.022705,46.614115],[0.022052,46.613096],[0.022166,46.612175],[0.021281,46.610441],[0.022232,46.609933],[0.022989,46.608494],[0.025376,46.605984],[0.025555,46.604742],[0.026024,46.603912],[0.023792,46.602799],[0.0241,46.602457],[0.024017,46.601023],[0.02452,46.598953],[0.023164,46.595198],[0.026803,46.594572],[0.029149,46.594486],[0.031482,46.59376],[0.034801,46.593251],[0.036976,46.592727],[0.040788,46.592249],[0.043085,46.591127],[0.036877,46.588976],[0.036224,46.588484],[0.035203,46.58708],[0.034116,46.586114],[0.03083,46.584735],[0.030692,46.58535],[0.027704,46.584796],[0.019899,46.58506],[0.018077,46.583621],[0.016766,46.582901],[0.016544,46.582323],[0.013484,46.581339],[0.013546,46.579895],[0.011388,46.579663],[0.010266,46.578898],[0.008574,46.578224],[0.005508,46.575885],[0.000103,46.573801],[0.000151,46.573661],[-0.004092,46.571491],[-0.007886,46.567807],[-0.008618,46.566601],[-0.008336,46.565878],[-0.008504,46.565113],[-0.009241,46.563624],[-0.01014,46.562373],[-0.009327,46.562122],[-0.010676,46.558322],[-0.010085,46.555099],[-0.010387,46.554171],[-0.011292,46.553061],[-0.011415,46.552646],[-0.008153,46.553462],[-0.004835,46.550451],[-0.002536,46.549988],[0.002879,46.54975],[0.004013,46.549578],[0.004943,46.549224],[0.007734,46.547681],[0.007844,46.547101],[0.007569,46.54574],[0.006658,46.543403],[0.006715,46.542204],[0.006418,46.541671],[0.003338,46.53885],[0.001075,46.535744],[-0.003231,46.532494],[-0.003966,46.53071],[-0.005138,46.525693],[-0.005626,46.524672],[-0.006465,46.523686],[-0.007221,46.523123],[-0.0083,46.523466],[-0.010725,46.523792],[-0.014375,46.525729],[-0.015434,46.526739],[-0.017372,46.526979],[-0.01747,46.526547],[-0.018033,46.52661],[-0.017462,46.525966],[-0.017099,46.525036],[-0.01842,46.524698],[-0.019633,46.525437],[-0.020596,46.525051],[-0.020858,46.525304],[-0.021693,46.525007],[-0.022483,46.525604],[-0.02323,46.524448],[-0.022435,46.523711],[-0.024718,46.522232],[-0.025381,46.524211],[-0.026346,46.525307],[-0.027854,46.525434],[-0.028555,46.525268],[-0.031485,46.525123],[-0.031413,46.522986],[-0.029835,46.519803],[-0.029139,46.519033],[-0.030151,46.518957],[-0.029762,46.518211],[-0.029169,46.517944],[-0.030596,46.517506],[-0.030448,46.517175],[-0.031144,46.516751],[-0.030797,46.516436],[-0.031461,46.515991],[-0.032078,46.51529],[-0.032811,46.515329],[-0.033072,46.516002],[-0.034105,46.515668],[-0.03283,46.514009],[-0.033086,46.514011],[-0.032823,46.5135],[-0.032081,46.512848],[-0.030723,46.51221],[-0.030167,46.511651],[-0.029795,46.510378],[-0.029904,46.509828],[-0.030703,46.508703],[-0.031288,46.507442],[-0.032218,46.506637],[-0.033035,46.505211],[-0.03524,46.502597],[-0.035549,46.501287],[-0.036026,46.501018],[-0.037063,46.501361],[-0.038541,46.500568],[-0.038657,46.499384],[-0.038006,46.498649],[-0.037446,46.498418],[-0.037543,46.498071],[-0.037787,46.498041],[-0.037956,46.497505],[-0.039004,46.496738],[-0.03936,46.496258],[-0.039804,46.496145],[-0.039991,46.495334],[-0.040648,46.49404],[-0.041149,46.493824],[-0.041388,46.493498],[-0.040072,46.492935],[-0.040332,46.492617],[-0.039824,46.491917],[-0.03934,46.491757],[-0.039238,46.491873],[-0.03784,46.491234],[-0.034086,46.490149],[-0.031312,46.48972],[-0.03058,46.489036],[-0.029909,46.487924],[-0.029679,46.486326],[-0.029088,46.485636],[-0.03234,46.485777],[-0.03454,46.485646],[-0.03573,46.48757],[-0.042221,46.484239],[-0.047077,46.483011],[-0.046151,46.482564],[-0.044241,46.482009],[-0.04282,46.481929],[-0.041183,46.482075],[-0.038084,46.481523],[-0.04326,46.480554],[-0.042973,46.47941],[-0.043255,46.477919],[-0.042896,46.476909],[-0.043245,46.474684],[-0.042931,46.473588],[-0.043105,46.473078],[-0.043698,46.472413],[-0.042204,46.472053],[-0.043488,46.470707],[-0.042858,46.470094],[-0.042092,46.469865],[-0.040032,46.469684],[-0.039835,46.469326],[-0.039362,46.469551],[-0.038874,46.469435],[-0.037714,46.469487],[-0.033045,46.472089],[-0.03128,46.472879],[-0.030404,46.472705],[-0.028017,46.473609],[-0.026871,46.473625],[-0.022041,46.474678],[-0.021114,46.474637],[-0.020241,46.474844],[-0.019418,46.474845],[-0.018482,46.475135],[-0.016564,46.47548],[-0.016195,46.475425],[-0.01577,46.47581],[-0.015357,46.475938],[-0.01511,46.474486],[-0.013759,46.474853],[-0.013585,46.474625],[-0.013046,46.473167],[-0.013126,46.472534],[-0.012778,46.471634],[-0.012037,46.470673],[-0.011118,46.468871],[-0.009588,46.467713],[-0.012517,46.465538],[-0.012788,46.465225],[-0.012892,46.464076],[-0.01376,46.462983],[-0.014044,46.462659],[-0.016126,46.461354],[-0.017173,46.460182],[-0.018469,46.454714],[-0.019426,46.453265],[-0.019154,46.453093],[-0.019671,46.452026],[-0.020558,46.451579],[-0.021094,46.45098],[-0.022244,46.448976],[-0.023019,46.448825],[-0.023065,46.448374],[-0.024372,46.448482],[-0.025624,46.448816],[-0.028426,46.450379],[-0.030584,46.452195],[-0.031331,46.453196],[-0.033512,46.454877],[-0.036385,46.455208],[-0.037265,46.454469],[-0.038917,46.453535],[-0.041539,46.452445],[-0.042236,46.45198],[-0.044265,46.449283],[-0.047991,46.446639],[-0.056112,46.441788],[-0.059629,46.440421],[-0.061784,46.442373],[-0.062805,46.443546],[-0.063758,46.444219],[-0.065187,46.446243],[-0.067033,46.447842],[-0.06773,46.447941],[-0.06806,46.447369],[-0.069101,46.446618],[-0.070192,46.446529],[-0.070997,46.447144],[-0.072428,46.447113],[-0.074395,46.447432],[-0.075462,46.447994],[-0.07758,46.44962],[-0.077211,46.4502],[-0.077002,46.451123],[-0.077447,46.452463],[-0.077262,46.453351],[-0.076282,46.454971],[-0.07487,46.45643],[-0.07423,46.457887],[-0.073276,46.458831],[-0.075494,46.460416],[-0.074817,46.46277],[-0.07623,46.463337],[-0.076942,46.463419]]]}},{"type":"Feature","properties":{"uai_primary":"0790021U","uai_all":"0790021U","is_merged":false},"geometry":{"type":"Polygon","coordinates":[[[-0.114896,46.325557],[-0.115962,46.325126],[-0.117241,46.324063],[-0.118517,46.323869],[-0.120272,46.323361],[-0.124502,46.322897],[-0.125706,46.32299],[-0.128993,46.322894],[-0.128513,46.324303],[-0.130075,46.324358],[-0.129185,46.326223],[-0.130482,46.326636],[-0.131865,46.32622],[-0.133116,46.326947],[-0.132552,46.32741],[-0.131224,46.329644],[-0.133707,46.32995],[-0.134251,46.329038],[-0.135404,46.328697],[-0.136702,46.32867],[-0.138219,46.327736],[-0.139341,46.328117],[-0.141101,46.328213],[-0.142026,46.328554],[-0.142808,46.328626],[-0.143974,46.328556],[-0.147683,46.327259],[-0.147754,46.327392],[-0.148014,46.327387],[-0.14904,46.327095],[-0.149657,46.327801],[-0.153863,46.327439],[-0.1545,46.327155],[-0.15638,46.327068],[-0.157604,46.327312],[-0.158186,46.327143],[-0.15862,46.327324],[-0.159417,46.327311],[-0.160481,46.327528],[-0.161591,46.328151],[-0.162428,46.328319],[-0.162487,46.328653],[-0.16327,46.329106],[-0.164085,46.32925],[-0.165944,46.330438],[-0.166564,46.330451],[-0.167344,46.330145],[-0.168273,46.330193],[-0.1682,46.331456],[-0.169219,46.333016],[-0.171236,46.334095],[-0.171952,46.334899],[-0.173793,46.336299],[-0.175056,46.337543],[-0.175433,46.338903],[-0.175263,46.339254],[-0.175891,46.340185],[-0.176421,46.341794],[-0.178576,46.343411],[-0.179939,46.343381],[-0.180248,46.343059],[-0.180898,46.343045],[-0.181237,46.343352],[-0.182542,46.34343],[-0.183057,46.343128],[-0.183359,46.342621],[-0.184876,46.342632],[-0.186235,46.342386],[-0.187381,46.342485],[-0.188478,46.342159],[-0.189436,46.34218],[-0.191504,46.341908],[-0.192868,46.341924],[-0.193252,46.343175],[-0.194044,46.343427],[-0.194927,46.343947],[-0.197913,46.34345],[-0.198643,46.342906],[-0.199312,46.343541],[-0.201259,46.344347],[-0.20178,46.344692],[-0.202016,46.345102],[-0.203417,46.345297],[-0.20492,46.34606],[-0.203966,46.346984],[-0.203844,46.348055],[-0.205064,46.348522],[-0.204709,46.348735],[-0.204569,46.349226],[-0.204032,46.349738],[-0.204119,46.350792],[-0.202969,46.352184],[-0.203025,46.35312],[-0.20353,46.354439],[-0.202984,46.355431],[-0.203078,46.356145],[-0.202871,46.356511],[-0.203211,46.357365],[-0.204962,46.358562],[-0.204952,46.358869],[-0.205271,46.358905],[-0.205582,46.359165],[-0.205552,46.360237],[-0.206028,46.360889],[-0.205706,46.361246],[-0.205719,46.361881],[-0.206049,46.362122],[-0.206043,46.362679],[-0.206436,46.363373],[-0.207342,46.363715],[-0.207696,46.363469],[-0.207992,46.363723],[-0.208887,46.363607],[-0.210144,46.363954],[-0.210665,46.363911],[-0.211432,46.364421],[-0.211337,46.365275],[-0.211779,46.36564],[-0.212246,46.365811],[-0.212837,46.365735],[-0.213568,46.365931],[-0.214052,46.366272],[-0.214984,46.36648],[-0.215665,46.36743],[-0.215461,46.368254],[-0.215069,46.368647],[-0.21509,46.369387],[-0.215418,46.369665],[-0.215713,46.369683],[-0.215136,46.370243],[-0.214234,46.370627],[-0.213162,46.370781],[-0.212498,46.371039],[-0.210001,46.372414],[-0.208834,46.373812],[-0.207296,46.374692],[-0.206822,46.375147],[-0.205019,46.374851],[-0.204156,46.374137],[-0.202411,46.375845],[-0.20173,46.37703],[-0.200964,46.377842],[-0.201544,46.378533],[-0.198786,46.380365],[-0.198577,46.380457],[-0.198017,46.380352],[-0.198034,46.380725],[-0.199031,46.382017],[-0.193976,46.38479],[-0.193011,46.383903],[-0.192202,46.383618],[-0.19106,46.382743],[-0.188097,46.382754],[-0.186154,46.381507],[-0.185409,46.380692],[-0.185279,46.380039],[-0.185074,46.379886],[-0.183627,46.379505],[-0.182993,46.379554],[-0.182191,46.380254],[-0.181203,46.380318],[-0.180639,46.380602],[-0.181646,46.38202],[-0.182367,46.382494],[-0.182575,46.383291],[-0.184148,46.384637],[-0.184454,46.38523],[-0.185458,46.386001],[-0.186192,46.386841],[-0.186181,46.387651],[-0.185647,46.387966],[-0.185009,46.387703],[-0.18476,46.387175],[-0.184047,46.386616],[-0.183571,46.386674],[-0.183151,46.386266],[-0.182126,46.38675],[-0.181589,46.386476],[-0.179973,46.386394],[-0.177568,46.385813],[-0.173632,46.385919],[-0.172938,46.385783],[-0.17165,46.3861],[-0.171218,46.386559],[-0.170312,46.386579],[-0.169886,46.386443],[-0.167489,46.386693],[-0.166673,46.386188],[-0.16495,46.386278],[-0.162995,46.385248],[-0.162064,46.385469],[-0.160661,46.386115],[-0.160027,46.386455],[-0.160098,46.386626],[-0.160854,46.386964],[-0.161539,46.388551],[-0.162497,46.389131],[-0.162466,46.389514],[-0.163636,46.389971],[-0.164366,46.389777],[-0.165738,46.39062],[-0.166153,46.39144],[-0.168507,46.392193],[-0.168749,46.392456],[-0.168756,46.392824],[-0.168386,46.393356],[-0.165427,46.394674],[-0.164026,46.394907],[-0.163873,46.395405],[-0.158572,46.397547],[-0.157532,46.397744],[-0.156247,46.398793],[-0.156283,46.399033],[-0.155027,46.398752],[-0.153589,46.399833],[-0.151836,46.401742],[-0.150809,46.402387],[-0.149106,46.403254],[-0.147499,46.40336],[-0.147091,46.403965],[-0.145593,46.405036],[-0.145088,46.40508],[-0.143695,46.405634],[-0.142632,46.40531],[-0.142173,46.405988],[-0.14153,46.406363],[-0.140576,46.406628],[-0.139846,46.406597],[-0.137624,46.408648],[-0.136463,46.409276],[-0.134961,46.409616],[-0.132683,46.409892],[-0.130264,46.410452],[-0.130002,46.410637],[-0.129265,46.412504],[-0.127654,46.41306],[-0.127859,46.414127],[-0.126744,46.416097],[-0.127257,46.416003],[-0.128017,46.414919],[-0.130806,46.41437],[-0.131644,46.41406],[-0.132059,46.414152],[-0.13238,46.414599],[-0.132128,46.415132],[-0.132501,46.415257],[-0.132444,46.415695],[-0.132745,46.41657],[-0.132573,46.416803],[-0.131875,46.417034],[-0.129801,46.418654],[-0.128665,46.418665],[-0.127825,46.419454],[-0.128626,46.420097],[-0.129115,46.422238],[-0.128539,46.423096],[-0.128112,46.423126],[-0.127754,46.423639],[-0.12669,46.42769],[-0.127187,46.428675],[-0.127795,46.428959],[-0.127938,46.429226],[-0.125324,46.431374],[-0.124329,46.434102],[-0.12444,46.436517],[-0.124052,46.437079],[-0.123854,46.438617],[-0.123512,46.438745],[-0.123707,46.439045],[-0.122582,46.441647],[-0.121981,46.450884],[-0.121355,46.450908],[-0.120088,46.451596],[-0.118207,46.453201],[-0.113078,46.453356],[-0.11003,46.452206],[-0.10971,46.452303],[-0.109415,46.452984],[-0.108479,46.453905],[-0.107469,46.456042],[-0.107016,46.456096],[-0.106591,46.456781],[-0.105785,46.456258],[-0.103544,46.457116],[-0.102641,46.457316],[-0.101792,46.457244],[-0.100804,46.456995],[-0.099789,46.456162],[-0.097685,46.457152],[-0.096971,46.457213],[-0.086708,46.462158],[-0.085032,46.462553],[-0.076942,46.463419],[-0.07623,46.463337],[-0.074817,46.46277],[-0.075494,46.460416],[-0.073276,46.458831],[-0.07423,46.457887],[-0.07487,46.45643],[-0.076282,46.454971],[-0.077262,46.453351],[-0.077447,46.452463],[-0.077002,46.451123],[-0.077211,46.4502],[-0.07758,46.44962],[-0.075462,46.447994],[-0.074395,46.447432],[-0.072428,46.447113],[-0.070997,46.447144],[-0.070192,46.446529],[-0.069101,46.446618],[-0.06806,46.447369],[-0.06773,46.447941],[-0.067033,46.447842],[-0.065187,46.446243],[-0.063758,46.444219],[-0.062805,46.443546],[-0.061784,46.442373],[-0.059629,46.440421],[-0.056112,46.441788],[-0.047991,46.446639],[-0.044265,46.449283],[-0.042236,46.45198],[-0.041539,46.452445],[-0.038917,46.453535],[-0.037265,46.454469],[-0.036385,46.455208],[-0.033512,46.454877],[-0.031331,46.453196],[-0.030584,46.452195],[-0.028426,46.450379],[-0.025624,46.448816],[-0.024372,46.448482],[-0.023065,46.448374],[-0.023019,46.448825],[-0.022244,46.448976],[-0.021094,46.45098],[-0.020558,46.451579],[-0.019671,46.452026],[-0.019361,46.452879],[-0.018807,46.453581],[-0.016219,46.453059],[-0.013289,46.451481],[-0.009904,46.450057],[-0.010831,46.448685],[-0.011148,46.446818],[-0.0117,46.445984],[-0.01185,46.444945],[-0.011341,46.443562],[-0.012125,46.44248],[-0.013421,46.438219],[-0.014991,46.436245],[-0.014132,46.435157],[-0.013681,46.432132],[-0.013751,46.430599],[-0.013106,46.430275],[-0.011092,46.428627],[-0.012045,46.426965],[-0.011012,46.426399],[-0.0108,46.423246],[-0.014635,46.424417],[-0.014828,46.423621],[-0.016472,46.42084],[-0.017559,46.421219],[-0.018133,46.420199],[-0.017658,46.420014],[-0.017984,46.419363],[-0.019543,46.419567],[-0.019759,46.418256],[-0.019985,46.4183],[-0.019786,46.417327],[-0.017335,46.416277],[-0.017478,46.415139],[-0.016948,46.413629],[-0.016433,46.412891],[-0.017134,46.411261],[-0.021352,46.405957],[-0.022646,46.403949],[-0.023721,46.401181],[-0.023672,46.400836],[-0.022383,46.400873],[-0.021216,46.400638],[-0.018312,46.400645],[-0.01676,46.404215],[-0.01223,46.405072],[-0.012332,46.404026],[-0.009125,46.404303],[-0.008854,46.40359],[-0.009371,46.40184],[-0.011322,46.402008],[-0.01157,46.401045],[-0.011972,46.401089],[-0.012474,46.398599],[-0.012026,46.398608],[-0.012117,46.397377],[-0.011699,46.397355],[-0.011852,46.396425],[-0.011564,46.396441],[-0.011616,46.39544],[-0.010356,46.395612],[-0.010011,46.396202],[-0.008988,46.396317],[-0.005518,46.395738],[-0.006809,46.393881],[-0.006874,46.393517],[-0.007947,46.392317],[-0.00913,46.391448],[-0.007943,46.38899],[-0.006768,46.389256],[-0.006767,46.389769],[-0.003596,46.39092],[0.000323,46.391974],[0.000372,46.392836],[0.001669,46.392197],[0.004535,46.391349],[0.005677,46.39068],[0.006285,46.390502],[0.007241,46.391451],[0.008164,46.391165],[0.009138,46.391954],[0.010116,46.39152],[0.010226,46.391618],[0.012063,46.391233],[0.012666,46.391974],[0.014351,46.391723],[0.015534,46.391853],[0.015874,46.391502],[0.016084,46.390746],[0.020692,46.388],[0.0187,46.387041],[0.020383,46.385691],[0.019583,46.385089],[0.023245,46.382324],[0.023942,46.380734],[0.023216,46.379843],[0.02419,46.379507],[0.022995,46.377522],[0.022366,46.377717],[0.022278,46.377479],[0.023387,46.377138],[0.02512,46.378189],[0.028207,46.376299],[0.027967,46.375996],[0.028403,46.375959],[0.031251,46.374612],[0.032887,46.374239],[0.034299,46.373725],[0.031311,46.371213],[0.025843,46.365984],[0.025504,46.366181],[0.021748,46.362844],[0.020136,46.362413],[0.012287,46.355671],[0.004126,46.351357],[0.003475,46.351829],[0.002568,46.352091],[-0.000456,46.35203],[-0.005065,46.352667],[-0.007502,46.352476],[-0.008777,46.352836],[-0.009569,46.352715],[-0.010475,46.352127],[-0.011885,46.349638],[-0.01224,46.348548],[-0.01477,46.349095],[-0.017794,46.350671],[-0.019173,46.351599],[-0.020607,46.352185],[-0.021544,46.352994],[-0.02211,46.352923],[-0.02309,46.352359],[-0.022351,46.349423],[-0.023006,46.348198],[-0.023085,46.346882],[-0.023572,46.346434],[-0.025664,46.345324],[-0.026534,46.344301],[-0.026568,46.34377],[-0.026049,46.342564],[-0.02644,46.340635],[-0.026801,46.339795],[-0.028808,46.340246],[-0.035209,46.343054],[-0.037534,46.341365],[-0.03866,46.340012],[-0.04007,46.338771],[-0.040493,46.337777],[-0.041885,46.336132],[-0.04642,46.332596],[-0.047545,46.330593],[-0.048777,46.328905],[-0.049816,46.328202],[-0.051093,46.326997],[-0.052948,46.327101],[-0.054263,46.328058],[-0.056365,46.328097],[-0.057985,46.327342],[-0.059548,46.326905],[-0.063974,46.327106],[-0.06753,46.326285],[-0.066635,46.324935],[-0.066451,46.324284],[-0.066875,46.323997],[-0.06672,46.323368],[-0.065284,46.321],[-0.065133,46.319804],[-0.065489,46.31993],[-0.072511,46.320345],[-0.0744,46.320689],[-0.075068,46.320617],[-0.084465,46.321174],[-0.084096,46.318659],[-0.08287,46.316599],[-0.081702,46.315392],[-0.080951,46.31429],[-0.079387,46.313214],[-0.080301,46.312893],[-0.080575,46.312424],[-0.081292,46.311971],[-0.083304,46.312148],[-0.084897,46.312977],[-0.085598,46.313184],[-0.086307,46.314503],[-0.088249,46.315397],[-0.089177,46.316248],[-0.09116,46.316783],[-0.091518,46.315548],[-0.092556,46.314861],[-0.093404,46.313448],[-0.09559,46.311511],[-0.097779,46.308179],[-0.098577,46.306556],[-0.099681,46.305522],[-0.100834,46.305333],[-0.101877,46.305379],[-0.102847,46.305141],[-0.104842,46.306055],[-0.106166,46.305539],[-0.108186,46.306017],[-0.108903,46.306275],[-0.110661,46.307423],[-0.113535,46.308252],[-0.114745,46.309214],[-0.116168,46.309901],[-0.117757,46.311011],[-0.11686,46.313011],[-0.116429,46.315012],[-0.115739,46.315981],[-0.114812,46.318912],[-0.114881,46.321367],[-0.114679,46.323615],[-0.114928,46.324907],[-0.114516,46.325699],[-0.114896,46.325557]]]}},{"type":"Feature","properties":{"uai_primary":"0790027A","uai_all":"0790027A","is_merged":false},"geometry":{"type":"Polygon","coordinates":[[[-0.490796,46.339499],[-0.490241,46.339229],[-0.490276,46.338906],[-0.490882,46.339043],[-0.491055,46.338927],[-0.491206,46.339126],[-0.491575,46.339135],[-0.491565,46.339307],[-0.490796,46.339499]],[[-0.505599,46.346143],[-0.504453,46.34825],[-0.502775,46.348545],[-0.501204,46.348446],[-0.502874,46.345885],[-0.503134,46.344559],[-0.502625,46.344091],[-0.500683,46.343532],[-0.498736,46.343494],[-0.498582,46.343222],[-0.496804,46.342063],[-0.495821,46.341951],[-0.495041,46.34155],[-0.492957,46.340858],[-0.492505,46.340031],[-0.49212,46.339758],[-0.492127,46.339504],[-0.492681,46.338917],[-0.497716,46.337858],[-0.499847,46.337211],[-0.503462,46.338714],[-0.505235,46.340447],[-0.508271,46.34271],[-0.509,46.343572],[-0.507605,46.344514],[-0.507074,46.345066],[-0.50598,46.345615],[-0.505599,46.346143]],[[-0.462468,46.350487],[-0.462828,46.350461],[-0.463318,46.350818],[-0.463741,46.350863],[-0.463941,46.35107],[-0.463842,46.351603],[-0.463517,46.351259],[-0.463709,46.351108],[-0.463576,46.350866],[-0.463454,46.351066],[-0.46322,46.350939],[-0.462336,46.351049],[-0.462258,46.351247],[-0.462078,46.351177],[-0.462096,46.351394],[-0.46156,46.351437],[-0.461786,46.35036],[-0.462468,46.350487]],[[-0.463195,46.351122],[-0.463214,46.3513],[-0.462904,46.351285],[-0.463195,46.351122]],[[-0.462658,46.351368],[-0.462236,46.351563],[-0.462111,46.351487],[-0.462658,46.351368]],[[-0.522216,46.281302],[-0.521672,46.282302],[-0.521608,46.283526],[-0.52285,46.283375],[-0.522851,46.282891],[-0.524933,46.282895],[-0.525327,46.282634],[-0.525274,46.282482],[-0.52818,46.281207],[-0.530743,46.279758],[-0.53192,46.280428],[-0.533489,46.280983],[-0.535343,46.281129],[-0.537397,46.280981],[-0.542138,46.281931],[-0.543434,46.281929],[-0.543121,46.284864],[-0.545196,46.285819],[-0.54506,46.285877],[-0.54563,46.286909],[-0.545952,46.286922],[-0.546625,46.287287],[-0.546591,46.288295],[-0.5464,46.28827],[-0.546292,46.288927],[-0.549446,46.289934],[-0.547044,46.293123],[-0.54734,46.293387],[-0.54971,46.292981],[-0.550829,46.292584],[-0.551258,46.29265],[-0.551773,46.293051],[-0.552422,46.293295],[-0.553543,46.292923],[-0.556461,46.292585],[-0.556664,46.292598],[-0.556823,46.293171],[-0.557026,46.293174],[-0.557686,46.292671],[-0.558594,46.292411],[-0.560286,46.291615],[-0.560221,46.291317],[-0.561825,46.290761],[-0.562945,46.290678],[-0.564862,46.290223],[-0.566884,46.290044],[-0.569051,46.290075],[-0.570308,46.290416],[-0.570476,46.29124],[-0.571551,46.291188],[-0.572433,46.292008],[-0.57427,46.293123],[-0.57495,46.293873],[-0.575326,46.294915],[-0.576647,46.294895],[-0.577871,46.295762],[-0.578169,46.296464],[-0.577952,46.297337],[-0.580222,46.299595],[-0.57998,46.302128],[-0.581305,46.302612],[-0.582339,46.303364],[-0.584116,46.303795],[-0.584861,46.304833],[-0.586658,46.305646],[-0.586792,46.307429],[-0.587232,46.308462],[-0.587341,46.310047],[-0.587771,46.31157],[-0.588514,46.31649],[-0.588309,46.31802],[-0.587833,46.319411],[-0.588005,46.320111],[-0.587026,46.320569],[-0.585023,46.320883],[-0.58366,46.320572],[-0.582438,46.321204],[-0.58189,46.320816],[-0.581038,46.321045],[-0.580391,46.321592],[-0.581314,46.322586],[-0.578515,46.323759],[-0.576725,46.324696],[-0.573737,46.325842],[-0.572529,46.326493],[-0.571109,46.326904],[-0.567907,46.326943],[-0.56435,46.327695],[-0.562516,46.327873],[-0.561633,46.3278],[-0.560788,46.327474],[-0.55706,46.328982],[-0.555929,46.328653],[-0.555447,46.328303],[-0.555169,46.327623],[-0.554365,46.327365],[-0.551877,46.328536],[-0.548567,46.329479],[-0.547423,46.330348],[-0.546785,46.330498],[-0.546136,46.330346],[-0.544172,46.329263],[-0.542555,46.329327],[-0.542098,46.329195],[-0.54167,46.328706],[-0.541801,46.328059],[-0.542184,46.327501],[-0.541217,46.327352],[-0.54105,46.326327],[-0.540693,46.326058],[-0.538945,46.325766],[-0.539345,46.326459],[-0.539063,46.326435],[-0.538614,46.326887],[-0.539088,46.327969],[-0.532012,46.328464],[-0.530186,46.328725],[-0.529415,46.329211],[-0.5285,46.330861],[-0.527482,46.331281],[-0.524581,46.331571],[-0.52271,46.331372],[-0.521581,46.331484],[-0.519708,46.331221],[-0.518444,46.33191],[-0.517587,46.333646],[-0.513114,46.33296],[-0.51138,46.33444],[-0.509085,46.333618],[-0.508561,46.331901],[-0.507138,46.331097],[-0.505754,46.329118],[-0.503813,46.327831],[-0.501231,46.326413],[-0.500127,46.326925],[-0.496386,46.326618],[-0.49275,46.329358],[-0.491884,46.330354],[-0.491727,46.331762],[-0.492181,46.333103],[-0.490818,46.334334],[-0.488969,46.334458],[-0.488132,46.334348],[-0.486566,46.334885],[-0.483445,46.335443],[-0.482667,46.336581],[-0.482128,46.336728],[-0.479503,46.334601],[-0.479634,46.334088],[-0.47897,46.333174],[-0.479273,46.332682],[-0.47938,46.331911],[-0.479311,46.331655],[-0.478524,46.331106],[-0.479003,46.329709],[-0.47852,46.329049],[-0.479143,46.32861],[-0.479214,46.328211],[-0.479156,46.327444],[-0.478646,46.326826],[-0.478499,46.326291],[-0.476788,46.325835],[-0.47632,46.325459],[-0.475727,46.324463],[-0.47451,46.324301],[-0.473157,46.323822],[-0.471873,46.323621],[-0.470483,46.323639],[-0.470753,46.322956],[-0.470583,46.322815],[-0.470838,46.32245],[-0.471394,46.322149],[-0.470879,46.321693],[-0.470815,46.32135],[-0.471609,46.321539],[-0.471847,46.321808],[-0.472446,46.321574],[-0.471816,46.321296],[-0.471679,46.320928],[-0.471702,46.320814],[-0.472331,46.320658],[-0.472365,46.320413],[-0.471983,46.3202],[-0.471738,46.320322],[-0.471731,46.32015],[-0.471317,46.319988],[-0.471385,46.319765],[-0.470996,46.319942],[-0.470646,46.319917],[-0.470766,46.319641],[-0.470506,46.319365],[-0.470031,46.319629],[-0.470035,46.319479],[-0.469686,46.319615],[-0.469137,46.319591],[-0.469104,46.31931],[-0.468768,46.319393],[-0.468668,46.319268],[-0.470228,46.318165],[-0.470471,46.318142],[-0.470788,46.317771],[-0.471059,46.317783],[-0.470994,46.317553],[-0.471633,46.317262],[-0.471922,46.316921],[-0.47163,46.316616],[-0.471731,46.316378],[-0.471315,46.316258],[-0.471062,46.316407],[-0.47073,46.316038],[-0.469276,46.316166],[-0.468892,46.316065],[-0.468797,46.31618],[-0.468389,46.316012],[-0.468249,46.316205],[-0.468108,46.316003],[-0.467979,46.316105],[-0.467686,46.315972],[-0.467266,46.316127],[-0.466966,46.31589],[-0.466635,46.316035],[-0.466241,46.315911],[-0.466056,46.316022],[-0.465898,46.315798],[-0.465621,46.315892],[-0.46566,46.315388],[-0.465488,46.315282],[-0.465676,46.315153],[-0.465683,46.313809],[-0.465509,46.313577],[-0.465588,46.313034],[-0.465876,46.312919],[-0.465428,46.312088],[-0.465754,46.311838],[-0.465635,46.311121],[-0.46583,46.310827],[-0.465668,46.310686],[-0.465903,46.310452],[-0.465505,46.310318],[-0.465459,46.310097],[-0.465762,46.309914],[-0.465647,46.30809],[-0.465715,46.306896],[-0.465884,46.30674],[-0.465481,46.306377],[-0.464965,46.306677],[-0.46447,46.306184],[-0.464615,46.305916],[-0.46508,46.305826],[-0.464966,46.305549],[-0.46532,46.305313],[-0.465331,46.304899],[-0.465609,46.304753],[-0.46587,46.30417],[-0.46555,46.303824],[-0.463283,46.303459],[-0.465341,46.303138],[-0.465796,46.302815],[-0.465516,46.302378],[-0.462959,46.302091],[-0.462926,46.301222],[-0.464033,46.301023],[-0.465365,46.299864],[-0.466519,46.298612],[-0.465269,46.298054],[-0.466714,46.296184],[-0.468122,46.295727],[-0.467859,46.293802],[-0.468799,46.292959],[-0.468441,46.292441],[-0.466841,46.291967],[-0.465909,46.291259],[-0.466232,46.291251],[-0.46916,46.286192],[-0.472457,46.281787],[-0.472692,46.281732],[-0.47334,46.282031],[-0.47541,46.284839],[-0.476171,46.286162],[-0.476957,46.286308],[-0.479966,46.286154],[-0.480194,46.28636],[-0.481817,46.286588],[-0.482931,46.286934],[-0.482988,46.286798],[-0.484963,46.286926],[-0.485127,46.287213],[-0.486439,46.287435],[-0.487583,46.287516],[-0.488951,46.287323],[-0.48915,46.287256],[-0.488866,46.286767],[-0.488779,46.285975],[-0.489043,46.284172],[-0.491105,46.278438],[-0.492282,46.27834],[-0.496122,46.277397],[-0.496956,46.277455],[-0.498069,46.277217],[-0.499828,46.277117],[-0.500828,46.277187],[-0.501632,46.276994],[-0.502339,46.276465],[-0.505272,46.275801],[-0.506758,46.275258],[-0.507076,46.275428],[-0.507134,46.276143],[-0.507038,46.276963],[-0.506602,46.277567],[-0.506439,46.27839],[-0.506471,46.279514],[-0.506777,46.280113],[-0.507375,46.280034],[-0.509985,46.280384],[-0.515124,46.280671],[-0.518398,46.281129],[-0.51969,46.281504],[-0.520062,46.28151],[-0.520347,46.281334],[-0.522216,46.281302]],[[-0.473355,46.320691],[-0.472826,46.320489],[-0.47261,46.320566],[-0.473001,46.320958],[-0.473367,46.320934],[-0.473355,46.320691]]]}},{"type":"Feature","properties":{"uai_primary":"0790030D","uai_all":"0790030D","is_merged":false},"geometry":{"type":"Polygon","coordinates":[[[-0.257571,46.646613],[-0.256992,46.646732],[-0.256436,46.647092],[-0.255002,46.647111],[-0.254292,46.647607],[-0.25435,46.647903],[-0.254123,46.648175],[-0.253853,46.647963],[-0.25352,46.648038],[-0.253925,46.647601],[-0.253428,46.647422],[-0.253523,46.647195],[-0.253042,46.64729],[-0.252555,46.646921],[-0.253044,46.646549],[-0.252521,46.646201],[-0.25211,46.646192],[-0.25199,46.646446],[-0.251257,46.646874],[-0.251264,46.647136],[-0.250656,46.647409],[-0.250593,46.64763],[-0.249918,46.647565],[-0.249578,46.647207],[-0.24969,46.647698],[-0.249434,46.647864],[-0.249227,46.647203],[-0.249453,46.647073],[-0.249284,46.647025],[-0.249392,46.646704],[-0.249869,46.646775],[-0.249958,46.646414],[-0.249693,46.646428],[-0.249471,46.64624],[-0.249926,46.645559],[-0.249268,46.645821],[-0.249058,46.646209],[-0.249194,46.646609],[-0.248981,46.646765],[-0.248778,46.646574],[-0.248417,46.646617],[-0.248535,46.646113],[-0.248328,46.645868],[-0.248818,46.645835],[-0.248943,46.645561],[-0.249507,46.645356],[-0.249129,46.645134],[-0.248504,46.645474],[-0.248232,46.645018],[-0.248784,46.645134],[-0.248714,46.644902],[-0.248995,46.644622],[-0.249356,46.644647],[-0.249694,46.644432],[-0.249569,46.644327],[-0.248398,46.643958],[-0.247021,46.644362],[-0.246142,46.644378],[-0.246255,46.644679],[-0.246475,46.644611],[-0.247061,46.644953],[-0.24783,46.644408],[-0.247752,46.645364],[-0.24731,46.64552],[-0.245488,46.645007],[-0.24446,46.644189],[-0.244084,46.644539],[-0.242992,46.644553],[-0.243095,46.645167],[-0.242226,46.645784],[-0.242096,46.645554],[-0.242646,46.644781],[-0.24191,46.644596],[-0.24113,46.644869],[-0.240484,46.645721],[-0.242125,46.645833],[-0.242362,46.64613],[-0.242638,46.646054],[-0.24268,46.646243],[-0.243866,46.646778],[-0.244015,46.646997],[-0.244982,46.647409],[-0.245192,46.647371],[-0.246334,46.648126],[-0.244046,46.64763],[-0.243746,46.647207],[-0.242506,46.646697],[-0.242014,46.645953],[-0.240876,46.646441],[-0.239822,46.646045],[-0.239292,46.646022],[-0.239449,46.645851],[-0.24001,46.64576],[-0.23992,46.645536],[-0.238508,46.645541],[-0.238397,46.645854],[-0.23862,46.646481],[-0.23847,46.646949],[-0.238851,46.648006],[-0.239951,46.648646],[-0.240512,46.649279],[-0.240481,46.649575],[-0.241645,46.650298],[-0.242182,46.650343],[-0.242346,46.650843],[-0.242192,46.6514],[-0.243108,46.652022],[-0.243059,46.652441],[-0.241694,46.654105],[-0.241955,46.655139],[-0.242872,46.657097],[-0.238768,46.657336],[-0.236743,46.658039],[-0.234297,46.658062],[-0.233198,46.657824],[-0.232493,46.65724],[-0.230756,46.656757],[-0.229582,46.656185],[-0.227335,46.655832],[-0.226079,46.655374],[-0.224027,46.655536],[-0.221977,46.655217],[-0.218833,46.655406],[-0.217188,46.654878],[-0.21637,46.65424],[-0.215055,46.654395],[-0.21457,46.654576],[-0.214545,46.65482],[-0.216206,46.656509],[-0.217571,46.656808],[-0.218089,46.65796],[-0.218085,46.658636],[-0.217751,46.658821],[-0.216186,46.658648],[-0.214656,46.658117],[-0.214007,46.658186],[-0.213365,46.658552],[-0.212212,46.659503],[-0.211615,46.66034],[-0.211755,46.661842],[-0.211627,46.663314],[-0.211274,46.663655],[-0.210775,46.663692],[-0.210365,46.663553],[-0.209261,46.662725],[-0.208669,46.661848],[-0.207642,46.661102],[-0.206759,46.66119],[-0.204871,46.661768],[-0.202981,46.661943],[-0.203537,46.661018],[-0.204194,46.660389],[-0.204638,46.660234],[-0.205051,46.659549],[-0.204956,46.659159],[-0.205297,46.658784],[-0.205226,46.658588],[-0.205722,46.65839],[-0.205706,46.658161],[-0.206296,46.657559],[-0.206321,46.657289],[-0.205181,46.656805],[-0.20443,46.656071],[-0.203775,46.655876],[-0.203038,46.654839],[-0.201961,46.654122],[-0.201863,46.653598],[-0.200912,46.652532],[-0.200811,46.651622],[-0.200551,46.651519],[-0.200994,46.651292],[-0.200903,46.650911],[-0.20044,46.651079],[-0.199765,46.65055],[-0.200154,46.649668],[-0.200378,46.649585],[-0.199616,46.647995],[-0.198467,46.648058],[-0.197515,46.646597],[-0.197682,46.646201],[-0.19686,46.644659],[-0.193791,46.641864],[-0.186835,46.636499],[-0.185849,46.635967],[-0.181729,46.634622],[-0.179822,46.633207],[-0.179072,46.632898],[-0.174545,46.632223],[-0.171942,46.631057],[-0.170396,46.630936],[-0.170232,46.631079],[-0.166584,46.630683],[-0.162717,46.630021],[-0.162772,46.628972],[-0.163632,46.627783],[-0.164333,46.626012],[-0.165421,46.624098],[-0.165145,46.623789],[-0.165053,46.623206],[-0.161656,46.623946],[-0.161661,46.624218],[-0.161018,46.625217],[-0.160334,46.625695],[-0.15916,46.62716],[-0.158278,46.627855],[-0.155908,46.628897],[-0.154899,46.629685],[-0.154614,46.630591],[-0.154239,46.630959],[-0.154203,46.63159],[-0.153433,46.633317],[-0.153321,46.63512],[-0.152765,46.636232],[-0.152168,46.636134],[-0.150681,46.636371],[-0.149594,46.636032],[-0.147074,46.637146],[-0.144218,46.639357],[-0.142908,46.637698],[-0.141552,46.636569],[-0.140521,46.636703],[-0.139253,46.636146],[-0.138598,46.63607],[-0.137887,46.636265],[-0.137101,46.636237],[-0.1357,46.635592],[-0.135506,46.635642],[-0.135363,46.636444],[-0.134403,46.636686],[-0.133384,46.637769],[-0.130214,46.63972],[-0.129751,46.640434],[-0.127696,46.640193],[-0.127154,46.640188],[-0.126639,46.640379],[-0.126088,46.641157],[-0.126294,46.641377],[-0.127677,46.641827],[-0.12748,46.64255],[-0.127985,46.643258],[-0.127172,46.643559],[-0.126106,46.643711],[-0.124887,46.64362],[-0.124243,46.643716],[-0.123441,46.643329],[-0.12232,46.641939],[-0.120216,46.641373],[-0.118082,46.640429],[-0.117296,46.640401],[-0.116536,46.640912],[-0.116231,46.640848],[-0.116134,46.637999],[-0.115795,46.637356],[-0.115122,46.637024],[-0.115001,46.636554],[-0.115167,46.636003],[-0.117489,46.63311],[-0.115534,46.631797],[-0.114542,46.631504],[-0.112503,46.631188],[-0.104632,46.630501],[-0.102265,46.630425],[-0.101537,46.629721],[-0.098989,46.628958],[-0.097527,46.628287],[-0.097876,46.628188],[-0.099625,46.628336],[-0.104592,46.627655],[-0.108257,46.626055],[-0.109194,46.62516],[-0.109596,46.624237],[-0.109513,46.622858],[-0.108817,46.620693],[-0.108929,46.62016],[-0.109452,46.619639],[-0.110194,46.619285],[-0.112232,46.618897],[-0.115191,46.618013],[-0.117527,46.616848],[-0.117939,46.616753],[-0.118727,46.616855],[-0.118979,46.616069],[-0.119319,46.615676],[-0.121816,46.614351],[-0.123739,46.612589],[-0.12435,46.61265],[-0.124976,46.612516],[-0.12599,46.611957],[-0.125972,46.611746],[-0.12775,46.611265],[-0.128713,46.610719],[-0.128198,46.610162],[-0.128322,46.610099],[-0.130133,46.610128],[-0.131803,46.609007],[-0.131714,46.608894],[-0.132432,46.608345],[-0.133893,46.607458],[-0.136973,46.606266],[-0.137723,46.60553],[-0.138204,46.604422],[-0.140701,46.604452],[-0.141139,46.604328],[-0.142576,46.60303],[-0.144406,46.60309],[-0.147797,46.603483],[-0.148613,46.60336],[-0.149103,46.603851],[-0.149198,46.604756],[-0.149684,46.605843],[-0.149864,46.606066],[-0.150728,46.606305],[-0.151579,46.606799],[-0.152928,46.608907],[-0.154544,46.607774],[-0.155444,46.607824],[-0.15738,46.605966],[-0.159,46.605118],[-0.160401,46.602581],[-0.162456,46.601508],[-0.16173,46.600029],[-0.162399,46.599487],[-0.167317,46.598717],[-0.168052,46.599011],[-0.170286,46.598283],[-0.173362,46.597785],[-0.177505,46.597605],[-0.182894,46.597613],[-0.185744,46.596835],[-0.188237,46.598082],[-0.191274,46.598836],[-0.192478,46.599776],[-0.195373,46.600377],[-0.197017,46.60116],[-0.199463,46.601938],[-0.202185,46.602411],[-0.203086,46.601427],[-0.203657,46.601141],[-0.20657,46.600494],[-0.208403,46.599776],[-0.21165,46.598884],[-0.212595,46.59792],[-0.212571,46.597277],[-0.212912,46.596395],[-0.214358,46.594447],[-0.205232,46.594703],[-0.203009,46.556945],[-0.223223,46.556378],[-0.222464,46.556671],[-0.222288,46.557055],[-0.223158,46.55767],[-0.224584,46.55944],[-0.226477,46.558848],[-0.228948,46.558945],[-0.228922,46.559406],[-0.22764,46.56128],[-0.228423,46.561262],[-0.228888,46.561432],[-0.229106,46.561922],[-0.230931,46.563231],[-0.233085,46.564186],[-0.234581,46.56532],[-0.2358,46.565641],[-0.237165,46.567214],[-0.237175,46.567371],[-0.236324,46.567997],[-0.236089,46.568743],[-0.23651,46.56957],[-0.236982,46.570007],[-0.236934,46.570886],[-0.237756,46.571026],[-0.237544,46.571694],[-0.237613,46.572685],[-0.23833,46.573402],[-0.238804,46.573513],[-0.239351,46.573981],[-0.240529,46.573962],[-0.240791,46.574201],[-0.243168,46.57472],[-0.243384,46.574565],[-0.244358,46.57462],[-0.244694,46.575004],[-0.245189,46.575215],[-0.245922,46.575227],[-0.246652,46.575531],[-0.247612,46.575543],[-0.248787,46.57588],[-0.249157,46.57656],[-0.249788,46.576748],[-0.250547,46.577573],[-0.25173,46.577548],[-0.252231,46.577602],[-0.252443,46.577769],[-0.253599,46.577664],[-0.254345,46.578204],[-0.254575,46.578839],[-0.254914,46.578966],[-0.255126,46.57932],[-0.256337,46.579742],[-0.256254,46.580172],[-0.256845,46.580537],[-0.256993,46.580892],[-0.257385,46.580936],[-0.25809,46.58134],[-0.258526,46.587642],[-0.257679,46.587855],[-0.257328,46.588218],[-0.257313,46.588805],[-0.256945,46.589023],[-0.256886,46.58928],[-0.256168,46.589406],[-0.256026,46.589836],[-0.255453,46.590434],[-0.254545,46.590922],[-0.254688,46.591243],[-0.254207,46.591499],[-0.254264,46.59162],[-0.254951,46.591676],[-0.254762,46.592],[-0.254274,46.591927],[-0.253759,46.592036],[-0.253602,46.592412],[-0.253169,46.59219],[-0.252402,46.592365],[-0.25184,46.592675],[-0.251949,46.593076],[-0.251747,46.593391],[-0.23637,46.593826],[-0.237044,46.594445],[-0.237833,46.595904],[-0.238287,46.596136],[-0.238314,46.596565],[-0.23889,46.596974],[-0.23884,46.597588],[-0.239077,46.598023],[-0.240348,46.599063],[-0.240846,46.599156],[-0.243065,46.598476],[-0.245254,46.598364],[-0.248275,46.59944],[-0.248525,46.600207],[-0.249088,46.600439],[-0.24871,46.60149],[-0.24821,46.601457],[-0.248433,46.602011],[-0.248037,46.601874],[-0.247457,46.60258],[-0.248186,46.602633],[-0.247637,46.603088],[-0.24789,46.603656],[-0.247726,46.603973],[-0.248288,46.604105],[-0.248069,46.604423],[-0.248208,46.604598],[-0.249483,46.604442],[-0.249246,46.605158],[-0.249484,46.605589],[-0.250168,46.605915],[-0.249924,46.606113],[-0.250063,46.606239],[-0.251378,46.60583],[-0.251694,46.606045],[-0.25215,46.606077],[-0.251905,46.606316],[-0.25197,46.606506],[-0.253062,46.606611],[-0.252998,46.606975],[-0.253319,46.607329],[-0.253791,46.607159],[-0.254365,46.60759],[-0.254996,46.607313],[-0.255489,46.607694],[-0.256313,46.610132],[-0.255797,46.610523],[-0.255241,46.610516],[-0.25556,46.610868],[-0.255359,46.611386],[-0.25549,46.61168],[-0.257318,46.611233],[-0.25819,46.611825],[-0.258863,46.611016],[-0.261149,46.610209],[-0.261881,46.608496],[-0.262803,46.608069],[-0.263523,46.608017],[-0.264084,46.607764],[-0.264713,46.607699],[-0.26593,46.608571],[-0.266261,46.608653],[-0.266231,46.608024],[-0.268292,46.608655],[-0.271654,46.608729],[-0.272782,46.609018],[-0.275427,46.607262],[-0.2777,46.606788],[-0.279388,46.606216],[-0.281992,46.604332],[-0.285951,46.606355],[-0.288229,46.607789],[-0.288942,46.609033],[-0.289344,46.609024],[-0.290543,46.608084],[-0.291638,46.606693],[-0.293202,46.605593],[-0.294984,46.603362],[-0.296053,46.603803],[-0.296133,46.604864],[-0.297134,46.604392],[-0.299574,46.603704],[-0.299611,46.604151],[-0.297431,46.604967],[-0.297414,46.605957],[-0.298064,46.605897],[-0.299147,46.606682],[-0.302187,46.606072],[-0.303626,46.606128],[-0.306981,46.606636],[-0.307976,46.606928],[-0.308512,46.607431],[-0.310749,46.608585],[-0.31148,46.609391],[-0.3116,46.610265],[-0.312014,46.610705],[-0.313129,46.611117],[-0.31283,46.611435],[-0.31297,46.611725],[-0.312562,46.61215],[-0.312776,46.612722],[-0.314911,46.61349],[-0.315174,46.613802],[-0.3169,46.613112],[-0.321098,46.612159],[-0.322339,46.612175],[-0.323359,46.612401],[-0.323117,46.61366],[-0.322402,46.614784],[-0.32229,46.615293],[-0.321005,46.615594],[-0.320374,46.615903],[-0.31819,46.618809],[-0.315867,46.620131],[-0.314588,46.620386],[-0.31357,46.620882],[-0.314397,46.622453],[-0.315183,46.622405],[-0.316069,46.622711],[-0.316732,46.622193],[-0.317101,46.622559],[-0.317002,46.623191],[-0.317973,46.623844],[-0.318191,46.625182],[-0.318752,46.625158],[-0.318164,46.627147],[-0.317275,46.628846],[-0.317572,46.629464],[-0.318747,46.630153],[-0.319096,46.630557],[-0.319223,46.631489],[-0.318751,46.633093],[-0.318927,46.634086],[-0.322064,46.633954],[-0.325468,46.634447],[-0.32694,46.634405],[-0.328215,46.634944],[-0.328792,46.635033],[-0.336945,46.635022],[-0.33776,46.635137],[-0.338964,46.635562],[-0.337793,46.636144],[-0.337249,46.636077],[-0.336521,46.636812],[-0.335429,46.637508],[-0.333405,46.638575],[-0.33221,46.638926],[-0.330809,46.639603],[-0.330057,46.640413],[-0.327947,46.64015],[-0.325939,46.640774],[-0.325,46.640606],[-0.324546,46.640952],[-0.3235,46.641013],[-0.323179,46.640881],[-0.322059,46.64132],[-0.319594,46.641699],[-0.316413,46.641702],[-0.314537,46.64218],[-0.313988,46.642887],[-0.312508,46.643776],[-0.312395,46.643982],[-0.311115,46.644295],[-0.309754,46.643869],[-0.308318,46.643685],[-0.307697,46.644355],[-0.306934,46.644228],[-0.30618,46.644657],[-0.305466,46.644821],[-0.304739,46.645335],[-0.304356,46.646488],[-0.303514,46.647365],[-0.303225,46.647145],[-0.302833,46.647293],[-0.302183,46.647063],[-0.301887,46.647143],[-0.302108,46.647466],[-0.301905,46.647624],[-0.301376,46.647328],[-0.300432,46.647331],[-0.3003,46.647495],[-0.300695,46.647717],[-0.300384,46.647944],[-0.299402,46.648053],[-0.299143,46.648239],[-0.298417,46.64821],[-0.29746,46.6487],[-0.297077,46.648481],[-0.296287,46.648428],[-0.295254,46.648124],[-0.295252,46.647559],[-0.294737,46.646949],[-0.294893,46.646719],[-0.294215,46.646686],[-0.294046,46.645959],[-0.292573,46.64557],[-0.292165,46.645325],[-0.291242,46.64519],[-0.288563,46.646558],[-0.288464,46.647484],[-0.288721,46.648586],[-0.286957,46.649515],[-0.286155,46.649408],[-0.285273,46.649067],[-0.284956,46.649108],[-0.28461,46.648856],[-0.284094,46.6491],[-0.283361,46.6492],[-0.282634,46.648099],[-0.282034,46.64805],[-0.281978,46.647595],[-0.281697,46.647503],[-0.280651,46.647599],[-0.280163,46.64799],[-0.278367,46.64841],[-0.277537,46.648882],[-0.277146,46.649613],[-0.276342,46.650232],[-0.275911,46.649903],[-0.275437,46.650107],[-0.27525,46.64983],[-0.274678,46.649935],[-0.27432,46.649815],[-0.274143,46.649577],[-0.27446,46.649161],[-0.273855,46.649131],[-0.273522,46.64888],[-0.272723,46.649247],[-0.272574,46.649487],[-0.272241,46.649216],[-0.271771,46.649305],[-0.271345,46.649043],[-0.270949,46.649036],[-0.270455,46.648638],[-0.269662,46.648553],[-0.268363,46.648558],[-0.267352,46.649124],[-0.266684,46.649212],[-0.264245,46.648564],[-0.262597,46.6489],[-0.261579,46.648527],[-0.261172,46.648028],[-0.259016,46.64727],[-0.258875,46.646953],[-0.259069,46.646727],[-0.257571,46.646613]],[[-0.233485,46.593908],[-0.232218,46.593944],[-0.233121,46.59402],[-0.233485,46.593908]],[[-0.24562,46.643657],[-0.243873,46.643317],[-0.242829,46.644133],[-0.242275,46.643785],[-0.242192,46.644071],[-0.242863,46.644356],[-0.244633,46.644089],[-0.245331,46.644226],[-0.245876,46.644552],[-0.246084,46.644363],[-0.24562,46.643657]],[[-0.254836,46.646558],[-0.25523,46.646522],[-0.255211,46.646036],[-0.254738,46.646152],[-0.254836,46.646558]],[[-0.255189,46.648098],[-0.255625,46.648659],[-0.255939,46.64877],[-0.256038,46.64922],[-0.255568,46.648673],[-0.254249,46.648217],[-0.255189,46.648098]],[[-0.248314,46.646744],[-0.248825,46.647016],[-0.248376,46.647387],[-0.248177,46.647957],[-0.247633,46.648245],[-0.248001,46.64853],[-0.247827,46.648918],[-0.247843,46.650204],[-0.248239,46.650454],[-0.24845,46.650873],[-0.248093,46.651409],[-0.247486,46.651311],[-0.247596,46.650687],[-0.247013,46.650067],[-0.247506,46.649712],[-0.247011,46.649321],[-0.247284,46.64917],[-0.247284,46.648694],[-0.247532,46.648536],[-0.247195,46.648217],[-0.247771,46.64783],[-0.248314,46.646744]],[[-0.258267,46.650426],[-0.257904,46.650547],[-0.257063,46.650469],[-0.256554,46.650652],[-0.256483,46.65007],[-0.255575,46.649871],[-0.256382,46.649333],[-0.256909,46.64928],[-0.257745,46.649607],[-0.258564,46.649478],[-0.258947,46.650062],[-0.259555,46.650441],[-0.259348,46.650586],[-0.258945,46.650087],[-0.258609,46.650539],[-0.258267,46.650426]],[[-0.261545,46.650636],[-0.261018,46.65078],[-0.260848,46.65099],[-0.259944,46.650646],[-0.26034,46.650335],[-0.261587,46.650499],[-0.262713,46.650098],[-0.263933,46.650155],[-0.263166,46.650848],[-0.262432,46.651005],[-0.261551,46.650972],[-0.261545,46.650636]]]}},{"type":"Feature","properties":{"uai_primary":"0790032F","uai_all":"0790032F","is_merged":false},"geometry":{"type":"Polygon","coordinates":[[[-0.300045,46.842533],[-0.300453,46.84288],[-0.302607,46.84304],[-0.304923,46.842624],[-0.305935,46.842029],[-0.306252,46.842202],[-0.307707,46.842339],[-0.308125,46.84258],[-0.308216,46.842862],[-0.307914,46.843376],[-0.308045,46.843876],[-0.308798,46.844585],[-0.310299,46.845134],[-0.311765,46.845052],[-0.311981,46.844666],[-0.31333,46.844187],[-0.313954,46.843607],[-0.314642,46.843422],[-0.315122,46.843613],[-0.316163,46.84372],[-0.317079,46.844083],[-0.317948,46.843949],[-0.319786,46.845594],[-0.320657,46.845338],[-0.321341,46.84544],[-0.321546,46.845266],[-0.322716,46.845377],[-0.324158,46.845866],[-0.324616,46.846346],[-0.326009,46.846509],[-0.326336,46.846256],[-0.327073,46.846131],[-0.32743,46.846254],[-0.32765,46.846655],[-0.328164,46.846506],[-0.328923,46.846565],[-0.330502,46.847373],[-0.332266,46.84714],[-0.332902,46.846781],[-0.334003,46.84656],[-0.335643,46.847267],[-0.336328,46.847332],[-0.337541,46.846906],[-0.338809,46.846868],[-0.33925,46.846722],[-0.339775,46.847059],[-0.340376,46.848843],[-0.341167,46.849696],[-0.342148,46.849546],[-0.342402,46.849311],[-0.34455,46.849026],[-0.344948,46.848825],[-0.345817,46.848807],[-0.346326,46.848443],[-0.347757,46.847928],[-0.34884,46.848074],[-0.350409,46.848778],[-0.352017,46.850525],[-0.353342,46.85074],[-0.355635,46.850617],[-0.356386,46.85079],[-0.358621,46.850369],[-0.359565,46.850519],[-0.36081,46.850497],[-0.361522,46.850177],[-0.362203,46.850165],[-0.363321,46.849734],[-0.367442,46.848997],[-0.370649,46.848963],[-0.374778,46.84779],[-0.375673,46.847712],[-0.376077,46.84734],[-0.378431,46.846906],[-0.380372,46.846099],[-0.381993,46.845676],[-0.384048,46.84559],[-0.385132,46.846118],[-0.388038,46.846023],[-0.391146,46.846451],[-0.393133,46.84604],[-0.394725,46.844369],[-0.395272,46.844256],[-0.398564,46.843848],[-0.399946,46.843908],[-0.405205,46.843678],[-0.40342,46.845877],[-0.395077,46.85346],[-0.394262,46.853216],[-0.393048,46.853876],[-0.390342,46.85484],[-0.386267,46.856017],[-0.386226,46.856329],[-0.383156,46.856766],[-0.382905,46.856997],[-0.383411,46.85793],[-0.383749,46.859182],[-0.380795,46.861878],[-0.378992,46.864379],[-0.377369,46.86433],[-0.377206,46.86501],[-0.377664,46.865732],[-0.375083,46.866609],[-0.374227,46.867421],[-0.373497,46.867724],[-0.372955,46.868201],[-0.366518,46.875181],[-0.363964,46.879085],[-0.362032,46.881647],[-0.36125,46.883115],[-0.35721,46.885507],[-0.353797,46.886276],[-0.352257,46.887307],[-0.351981,46.886879],[-0.351016,46.886934],[-0.349742,46.887737],[-0.346215,46.889071],[-0.34339,46.889533],[-0.340905,46.891275],[-0.340058,46.891463],[-0.339721,46.891689],[-0.340207,46.892264],[-0.3411,46.892459],[-0.342543,46.892425],[-0.34269,46.892737],[-0.344123,46.892523],[-0.34501,46.893177],[-0.345417,46.893854],[-0.348839,46.893628],[-0.352782,46.893671],[-0.358367,46.892459],[-0.361065,46.891616],[-0.364114,46.890987],[-0.36506,46.890939],[-0.367405,46.891435],[-0.367873,46.892268],[-0.367838,46.893073],[-0.368658,46.894737],[-0.369828,46.894485],[-0.37098,46.89508],[-0.368207,46.896756],[-0.369057,46.896939],[-0.37083,46.897884],[-0.372223,46.899428],[-0.370659,46.900586],[-0.369888,46.90092],[-0.368969,46.900941],[-0.368083,46.901592],[-0.366708,46.902974],[-0.366735,46.903514],[-0.367756,46.90421],[-0.368088,46.905598],[-0.368755,46.905807],[-0.369682,46.906443],[-0.371224,46.908579],[-0.371953,46.909283],[-0.371929,46.909509],[-0.369324,46.909996],[-0.366157,46.910933],[-0.361409,46.911994],[-0.361343,46.912553],[-0.359703,46.912592],[-0.358027,46.914521],[-0.355066,46.917066],[-0.35392,46.918276],[-0.351377,46.919162],[-0.351138,46.919548],[-0.350588,46.919605],[-0.347357,46.921944],[-0.34786,46.923318],[-0.349242,46.924451],[-0.349253,46.925095],[-0.347676,46.926086],[-0.346464,46.928265],[-0.34705,46.928897],[-0.346964,46.929563],[-0.348852,46.93178],[-0.348877,46.933056],[-0.348395,46.933111],[-0.348201,46.933711],[-0.347785,46.934037],[-0.347551,46.934604],[-0.346994,46.934685],[-0.346755,46.934964],[-0.346364,46.935029],[-0.343951,46.936826],[-0.342067,46.93728],[-0.340436,46.936983],[-0.338917,46.937439],[-0.337614,46.938159],[-0.336985,46.9381],[-0.334829,46.938981],[-0.334589,46.939274],[-0.333533,46.939217],[-0.334094,46.939835],[-0.334199,46.9408],[-0.335171,46.942433],[-0.335357,46.945069],[-0.334643,46.945707],[-0.33224,46.946855],[-0.331436,46.949214],[-0.331033,46.949825],[-0.331223,46.950039],[-0.330382,46.950825],[-0.329548,46.951114],[-0.32935,46.951795],[-0.327402,46.952402],[-0.324478,46.952658],[-0.322166,46.953239],[-0.319734,46.947696],[-0.309478,46.949546],[-0.307734,46.945242],[-0.310099,46.94327],[-0.306659,46.942853],[-0.303329,46.942791],[-0.302293,46.942936],[-0.299941,46.940608],[-0.299493,46.940375],[-0.295265,46.939338],[-0.294528,46.93904],[-0.292963,46.93795],[-0.292411,46.937158],[-0.290228,46.936321],[-0.28884,46.936277],[-0.288309,46.934141],[-0.287719,46.932805],[-0.287755,46.932219],[-0.284601,46.932201],[-0.283212,46.932008],[-0.282492,46.932069],[-0.281393,46.932454],[-0.280804,46.932468],[-0.279475,46.932183],[-0.278885,46.932197],[-0.277856,46.93267],[-0.276726,46.933731],[-0.2752,46.934801],[-0.274301,46.933876],[-0.274216,46.932761],[-0.271624,46.931507],[-0.270224,46.931089],[-0.265481,46.928091],[-0.260616,46.925321],[-0.259568,46.925389],[-0.257196,46.924642],[-0.256189,46.925199],[-0.248489,46.931513],[-0.247834,46.932398],[-0.247383,46.934306],[-0.246608,46.935943],[-0.244717,46.938217],[-0.243377,46.939121],[-0.238682,46.938986],[-0.234482,46.939528],[-0.229716,46.940505],[-0.225622,46.940159],[-0.224401,46.940272],[-0.222235,46.94081],[-0.219454,46.94111],[-0.219801,46.943547],[-0.219767,46.944924],[-0.218502,46.944584],[-0.213192,46.947932],[-0.212769,46.947963],[-0.212953,46.949224],[-0.212466,46.949778],[-0.210216,46.950377],[-0.208549,46.950147],[-0.208299,46.951978],[-0.208589,46.953939],[-0.208471,46.955538],[-0.202119,46.948201],[-0.200785,46.946295],[-0.198912,46.94452],[-0.196435,46.943455],[-0.193732,46.942649],[-0.189303,46.941947],[-0.18796,46.941607],[-0.178218,46.936898],[-0.174246,46.935603],[-0.174197,46.934446],[-0.172567,46.930645],[-0.173103,46.929378],[-0.172735,46.928447],[-0.172267,46.928278],[-0.169122,46.927934],[-0.167994,46.926779],[-0.167199,46.926279],[-0.166486,46.925026],[-0.165447,46.924346],[-0.162094,46.921382],[-0.162529,46.916664],[-0.161971,46.914199],[-0.161759,46.911519],[-0.162199,46.909857],[-0.161525,46.909261],[-0.159598,46.906668],[-0.15833,46.906439],[-0.159754,46.905281],[-0.161258,46.902861],[-0.162338,46.901699],[-0.163342,46.900799],[-0.165547,46.899498],[-0.166852,46.897425],[-0.169769,46.894393],[-0.17345,46.891641],[-0.175566,46.889798],[-0.179571,46.886941],[-0.182439,46.885223],[-0.183286,46.882035],[-0.184224,46.876874],[-0.184389,46.874162],[-0.186259,46.866368],[-0.191194,46.868465],[-0.190441,46.865393],[-0.190884,46.859465],[-0.190719,46.858961],[-0.189993,46.858455],[-0.190684,46.858262],[-0.191911,46.857609],[-0.193125,46.856432],[-0.195064,46.855503],[-0.196589,46.85506],[-0.198196,46.85495],[-0.20128,46.854437],[-0.201998,46.854096],[-0.203024,46.852888],[-0.204063,46.852282],[-0.202069,46.850533],[-0.207842,46.849769],[-0.209922,46.849362],[-0.211007,46.848944],[-0.211087,46.848697],[-0.210772,46.847952],[-0.211331,46.846326],[-0.212399,46.845088],[-0.212792,46.844892],[-0.212844,46.844402],[-0.21317,46.844001],[-0.212948,46.842606],[-0.213099,46.842425],[-0.213491,46.842371],[-0.213577,46.84174],[-0.21424,46.841282],[-0.222118,46.840567],[-0.22346,46.839839],[-0.224741,46.839589],[-0.224641,46.839174],[-0.225218,46.838969],[-0.227616,46.840732],[-0.228455,46.840443],[-0.228806,46.84093],[-0.230816,46.840435],[-0.23495,46.840477],[-0.235339,46.840379],[-0.235553,46.840734],[-0.236025,46.840993],[-0.236548,46.840982],[-0.239306,46.839746],[-0.239725,46.840189],[-0.24102,46.839846],[-0.242686,46.840393],[-0.243654,46.841284],[-0.245168,46.842211],[-0.24804,46.842612],[-0.255955,46.844909],[-0.258894,46.846013],[-0.260856,46.847228],[-0.262081,46.847686],[-0.262778,46.847601],[-0.263896,46.847177],[-0.264393,46.846758],[-0.265464,46.846407],[-0.266414,46.845603],[-0.267883,46.845379],[-0.268297,46.845192],[-0.268889,46.844574],[-0.268927,46.84418],[-0.269356,46.844113],[-0.269286,46.84393],[-0.269663,46.843827],[-0.27022,46.843956],[-0.270855,46.843182],[-0.271831,46.843037],[-0.271989,46.842543],[-0.272544,46.84223],[-0.273118,46.842365],[-0.273555,46.842097],[-0.273513,46.841873],[-0.273996,46.841803],[-0.273813,46.841489],[-0.274461,46.840848],[-0.2759,46.840389],[-0.27608,46.840125],[-0.276494,46.840218],[-0.277183,46.840128],[-0.277505,46.840307],[-0.278297,46.84038],[-0.278871,46.840142],[-0.278929,46.839598],[-0.279606,46.839195],[-0.280108,46.839224],[-0.28124,46.838488],[-0.282272,46.838403],[-0.282664,46.838169],[-0.283555,46.838206],[-0.283665,46.838643],[-0.283899,46.838724],[-0.286101,46.838615],[-0.287863,46.839027],[-0.289021,46.839787],[-0.289393,46.840789],[-0.289991,46.841209],[-0.291952,46.84107],[-0.292981,46.841255],[-0.293996,46.841039],[-0.295479,46.841289],[-0.295379,46.841728],[-0.29559,46.842202],[-0.296389,46.842856],[-0.297358,46.84258],[-0.297464,46.842206],[-0.297852,46.842099],[-0.297754,46.841911],[-0.298647,46.841699],[-0.298704,46.842078],[-0.299107,46.842458],[-0.300045,46.842533]]]}},{"type":"Feature","properties":{"uai_primary":"0790033G","uai_all":"0790033G","is_merged":false},"geometry":{"type":"Polygon","coordinates":[[[-0.077972,46.140979],[-0.078131,46.141105],[-0.079717,46.140904],[-0.087996,46.142054],[-0.087756,46.142859],[-0.086261,46.142757],[-0.085531,46.143807],[-0.086053,46.143886],[-0.086141,46.145864],[-0.085411,46.14696],[-0.085191,46.14782],[-0.085205,46.148135],[-0.085725,46.148168],[-0.08568,46.148619],[-0.08486,46.150573],[-0.084387,46.1511],[-0.083704,46.150874],[-0.0776,46.141312],[-0.07733,46.141382],[-0.077101,46.141217],[-0.075758,46.14157],[-0.071048,46.143644],[-0.061336,46.135789],[-0.062324,46.133554],[-0.075333,46.139377],[-0.076929,46.140394],[-0.077113,46.140783],[-0.077529,46.141009],[-0.077972,46.140979]],[[0.045894,46.117834],[0.046335,46.119157],[0.040099,46.1178],[0.036258,46.117465],[0.03349,46.117393],[0.031089,46.116816],[0.029938,46.116923],[0.027031,46.117551],[0.022094,46.117929],[0.014781,46.116988],[0.012047,46.116259],[0.008357,46.114825],[0.00581,46.114357],[0.005735,46.113643],[0.004703,46.112991],[0.003023,46.112181],[0.001063,46.111565],[-0.00095,46.110545],[-0.005177,46.109875],[-0.006276,46.109997],[-0.006784,46.107257],[-0.007438,46.1061],[-0.008608,46.106566],[-0.010544,46.106885],[-0.011756,46.106922],[-0.014992,46.107868],[-0.016064,46.107818],[-0.018547,46.108208],[-0.018963,46.108382],[-0.019874,46.109236],[-0.021212,46.109249],[-0.022988,46.109524],[-0.024514,46.110107],[-0.025665,46.110027],[-0.027246,46.110511],[-0.028619,46.110579],[-0.0313,46.111224],[-0.03014,46.112848],[-0.027,46.115074],[-0.034816,46.114665],[-0.037533,46.114106],[-0.038579,46.113746],[-0.03547,46.115699],[-0.032575,46.117139],[-0.031096,46.117632],[-0.028758,46.118094],[-0.029578,46.121082],[-0.029627,46.121905],[-0.025282,46.125191],[-0.023333,46.126154],[-0.022822,46.126696],[-0.023377,46.127092],[-0.022603,46.127934],[-0.022828,46.128022],[-0.022006,46.128659],[-0.020052,46.13114],[-0.020173,46.131428],[-0.019358,46.132985],[-0.019204,46.134127],[-0.018378,46.136384],[-0.020982,46.136736],[-0.022232,46.136519],[-0.023339,46.13688],[-0.024103,46.137489],[-0.025833,46.139183],[-0.020747,46.142502],[-0.026397,46.144207],[-0.031471,46.142806],[-0.035776,46.141253],[-0.044564,46.141402],[-0.049263,46.142644],[-0.04676,46.148327],[-0.04888,46.153575],[-0.046284,46.159251],[-0.0377,46.158596],[-0.03393,46.157975],[-0.031623,46.157823],[-0.030567,46.157164],[-0.02378,46.157971],[-0.021084,46.158622],[-0.017751,46.16235],[-0.016829,46.167996],[-0.018793,46.16881],[-0.021648,46.175904],[-0.021139,46.175724],[-0.020545,46.175784],[-0.018417,46.174524],[-0.017724,46.17446],[-0.016907,46.177075],[-0.014674,46.180857],[-0.013812,46.18171],[-0.015055,46.183422],[-0.016031,46.184263],[-0.016251,46.185447],[-0.017753,46.188089],[-0.017291,46.189448],[-0.017526,46.190987],[-0.015769,46.192185],[-0.014805,46.19251],[-0.013145,46.192913],[-0.011443,46.193132],[-0.007396,46.194335],[-0.003351,46.195104],[-7.7e-05,46.197092],[0.001493,46.19825],[0.004169,46.199339],[0.008674,46.201593],[0.010718,46.20231],[0.011618,46.202463],[0.013045,46.202448],[0.014009,46.202648],[0.015923,46.203362],[0.017828,46.204301],[0.018705,46.204994],[0.019562,46.206182],[0.021384,46.207569],[0.022315,46.208533],[0.023306,46.208104],[0.023571,46.208145],[0.024865,46.209508],[0.025079,46.211057],[0.02703,46.211921],[0.029186,46.213344],[0.030886,46.215685],[0.03138,46.215982],[0.032516,46.215627],[0.032829,46.215903],[0.033223,46.215776],[0.034735,46.216842],[0.035689,46.217267],[0.03916,46.217968],[0.040868,46.219017],[0.045234,46.219273],[0.046535,46.21954],[0.051174,46.220958],[0.052088,46.221761],[0.053676,46.222586],[0.055021,46.223759],[0.054737,46.223933],[0.054764,46.226089],[0.055,46.22691],[0.057511,46.231631],[0.058912,46.232498],[0.059199,46.233359],[0.059501,46.234413],[0.058813,46.234629],[0.060314,46.238331],[0.061356,46.240341],[0.061349,46.241173],[0.060834,46.242579],[0.060689,46.244051],[0.064123,46.242819],[0.065691,46.242535],[0.065812,46.242762],[0.066201,46.24277],[0.069099,46.241704],[0.073953,46.240406],[0.076586,46.239468],[0.079946,46.238737],[0.079465,46.238086],[0.078287,46.235429],[0.078323,46.234827],[0.078806,46.233762],[0.078731,46.233032],[0.077083,46.231126],[0.077896,46.230456],[0.078656,46.229399],[0.079371,46.227557],[0.079111,46.226678],[0.079988,46.226358],[0.080884,46.22559],[0.082615,46.224592],[0.082755,46.22399],[0.083503,46.223833],[0.084443,46.224028],[0.088585,46.22373],[0.089633,46.223482],[0.091541,46.222799],[0.094859,46.222128],[0.099945,46.220795],[0.104679,46.218648],[0.10646,46.218561],[0.108526,46.217872],[0.110392,46.216871],[0.111169,46.216886],[0.111834,46.216494],[0.111526,46.216083],[0.111893,46.215055],[0.113516,46.212261],[0.112799,46.21064],[0.112751,46.210028],[0.111858,46.209184],[0.111251,46.207785],[0.110512,46.204931],[0.112142,46.202246],[0.112,46.202116],[0.112278,46.197885],[0.111933,46.197347],[0.112589,46.196082],[0.113057,46.196232],[0.11314,46.19537],[0.112726,46.195329],[0.11219,46.1937],[0.109808,46.189462],[0.107608,46.186039],[0.113235,46.18626],[0.116682,46.185697],[0.119009,46.183873],[0.122949,46.183876],[0.122783,46.18314],[0.130276,46.182688],[0.130611,46.18379],[0.131143,46.183472],[0.134681,46.182286],[0.136803,46.180585],[0.137461,46.180579],[0.138588,46.181207],[0.139621,46.180105],[0.142111,46.1783],[0.140665,46.177188],[0.143342,46.176577],[0.143011,46.175612],[0.142224,46.17575],[0.141704,46.174438],[0.142146,46.174341],[0.141722,46.173318],[0.143327,46.173102],[0.145257,46.172613],[0.146618,46.172481],[0.147572,46.172571],[0.148413,46.173511],[0.148993,46.173319],[0.149146,46.172547],[0.149588,46.172163],[0.149285,46.168806],[0.147483,46.16665],[0.151005,46.165247],[0.154006,46.164651],[0.153443,46.161635],[0.153775,46.159854],[0.155082,46.157316],[0.156416,46.15736],[0.159243,46.156958],[0.162785,46.156808],[0.168456,46.156028],[0.17195,46.155812],[0.173658,46.150982],[0.178487,46.149914],[0.180669,46.149211],[0.185175,46.149033],[0.185651,46.148609],[0.188,46.148616],[0.188054,46.149651],[0.189718,46.149726],[0.189808,46.150926],[0.191227,46.152105],[0.192949,46.152146],[0.192155,46.155998],[0.194494,46.15979],[0.194754,46.160553],[0.196601,46.160523],[0.197841,46.160151],[0.203283,46.160039],[0.205466,46.159462],[0.207847,46.160576],[0.209414,46.159847],[0.211713,46.159807],[0.211574,46.158946],[0.212689,46.159012],[0.214154,46.159332],[0.215718,46.159316],[0.218082,46.158971],[0.220339,46.158181],[0.22018,46.156164],[0.220394,46.155351],[0.21692,46.155394],[0.217072,46.153908],[0.217595,46.152963],[0.217982,46.153076],[0.218237,46.152505],[0.21848,46.150598],[0.216837,46.150512],[0.218265,46.14932],[0.218362,46.14903],[0.21763,46.147868],[0.217194,46.146671],[0.217173,46.144755],[0.21671,46.142207],[0.215976,46.141377],[0.215786,46.138921],[0.214553,46.13901],[0.213608,46.138897],[0.211086,46.137424],[0.208318,46.136518],[0.208013,46.135178],[0.205858,46.135663],[0.205443,46.134133],[0.205394,46.1327],[0.203954,46.129492],[0.2034,46.129724],[0.199972,46.13008],[0.198982,46.130311],[0.198682,46.129752],[0.197325,46.129247],[0.197316,46.127092],[0.201911,46.126435],[0.202537,46.126163],[0.203399,46.125435],[0.204936,46.124849],[0.205031,46.124714],[0.203999,46.122924],[0.204092,46.122165],[0.202333,46.119408],[0.199524,46.11697],[0.197543,46.115696],[0.195142,46.114535],[0.192513,46.112504],[0.191046,46.111979],[0.188233,46.111404],[0.193229,46.098183],[0.194217,46.096961],[0.196214,46.096454],[0.197054,46.095905],[0.197449,46.095408],[0.193886,46.094952],[0.191635,46.094965],[0.192165,46.093352],[0.192406,46.091795],[0.190632,46.092145],[0.189579,46.090955],[0.18781,46.091552],[0.186508,46.088467],[0.186545,46.087523],[0.1857,46.087641],[0.184443,46.088337],[0.183506,46.087509],[0.183248,46.08746],[0.18172,46.08809],[0.181137,46.087512],[0.181887,46.087095],[0.181608,46.086439],[0.177851,46.083307],[0.177532,46.08321],[0.176549,46.083507],[0.175977,46.08327],[0.174216,46.082021],[0.173353,46.08259],[0.1729,46.082582],[0.172142,46.082117],[0.171121,46.081782],[0.169921,46.081039],[0.167596,46.082615],[0.167452,46.082972],[0.167522,46.084839],[0.16691,46.085497],[0.166232,46.085778],[0.165398,46.086426],[0.164591,46.087827],[0.163229,46.08927],[0.161361,46.089785],[0.155634,46.092285],[0.153691,46.093957],[0.151853,46.094642],[0.150182,46.09596],[0.148998,46.097589],[0.14601,46.095951],[0.14232,46.098462],[0.139763,46.100888],[0.13582,46.104051],[0.131375,46.101985],[0.128992,46.101712],[0.127948,46.101267],[0.127419,46.100756],[0.121791,46.09885],[0.118077,46.097318],[0.117572,46.096905],[0.115182,46.096086],[0.114854,46.096215],[0.11324,46.097713],[0.112849,46.097751],[0.110943,46.096903],[0.109513,46.097182],[0.107118,46.097004],[0.106559,46.097336],[0.101955,46.101779],[0.10096,46.103451],[0.100382,46.104054],[0.099174,46.10495],[0.0973,46.105896],[0.096583,46.104982],[0.092903,46.103222],[0.093269,46.102094],[0.0932,46.101466],[0.096018,46.09974],[0.096565,46.099573],[0.097333,46.097534],[0.097743,46.097002],[0.097318,46.096318],[0.097282,46.095642],[0.098409,46.09337],[0.09907,46.093023],[0.100244,46.092821],[0.100313,46.092688],[0.100334,46.092193],[0.099018,46.091132],[0.098529,46.090447],[0.097091,46.089249],[0.097174,46.089131],[0.093546,46.089972],[0.092059,46.091209],[0.090968,46.09181],[0.087281,46.092999],[0.08579,46.093334],[0.081461,46.093881],[0.07895,46.094458],[0.077061,46.094513],[0.073471,46.094047],[0.073428,46.094145],[0.071319,46.094242],[0.067748,46.09374],[0.066709,46.093932],[0.065793,46.094476],[0.063403,46.095499],[0.062059,46.095317],[0.057956,46.095493],[0.05409,46.094797],[0.052287,46.095222],[0.051115,46.095644],[0.050671,46.096079],[0.048925,46.096972],[0.047545,46.098084],[0.044183,46.099426],[0.041377,46.101727],[0.04086,46.102709],[0.039879,46.103788],[0.037912,46.104479],[0.035672,46.106476],[0.036978,46.107484],[0.036434,46.107848],[0.038358,46.108112],[0.040061,46.108687],[0.040841,46.108532],[0.042503,46.107703],[0.045822,46.108742],[0.046373,46.109518],[0.047497,46.110486],[0.046111,46.111133],[0.046974,46.11214],[0.047203,46.112865],[0.045703,46.11315],[0.047062,46.116266],[0.045248,46.116724],[0.045894,46.117834]]]}},{"type":"Feature","properties":{"uai_primary":"0790034H","uai_all":"0790034H","is_merged":false},"geometry":{"type":"Polygon","coordinates":[[[-0.474382,46.704944],[-0.472448,46.705676],[-0.472029,46.70571],[-0.470636,46.705553],[-0.469468,46.705105],[-0.468692,46.704584],[-0.464935,46.704481],[-0.463243,46.704653],[-0.461382,46.70562],[-0.460085,46.70604],[-0.457375,46.707255],[-0.456245,46.707245],[-0.455069,46.707014],[-0.453052,46.707214],[-0.449206,46.707114],[-0.448623,46.707143],[-0.447682,46.70745],[-0.446517,46.707474],[-0.444929,46.70723],[-0.444066,46.707782],[-0.444048,46.708189],[-0.443366,46.709032],[-0.440947,46.711344],[-0.4395,46.712014],[-0.437199,46.71251],[-0.436508,46.71258],[-0.432948,46.711285],[-0.432699,46.711403],[-0.431925,46.711184],[-0.431391,46.710717],[-0.431421,46.709981],[-0.432341,46.709392],[-0.432629,46.70862],[-0.432383,46.707751],[-0.431194,46.707033],[-0.429921,46.706771],[-0.428691,46.705264],[-0.427705,46.705382],[-0.427059,46.704811],[-0.425941,46.70422],[-0.424757,46.701662],[-0.421565,46.699525],[-0.421245,46.699371],[-0.418176,46.700069],[-0.417167,46.700059],[-0.416613,46.699775],[-0.416496,46.699934],[-0.41545,46.699128],[-0.41428,46.698492],[-0.412449,46.697809],[-0.409456,46.697129],[-0.411032,46.691708],[-0.411269,46.690166],[-0.412207,46.688467],[-0.411985,46.687323],[-0.412085,46.68673],[-0.411917,46.686517],[-0.410578,46.687376],[-0.409297,46.687531],[-0.409027,46.687413],[-0.407693,46.688076],[-0.407071,46.688206],[-0.405662,46.68769],[-0.404778,46.686425],[-0.403716,46.685445],[-0.402614,46.685486],[-0.401712,46.685072],[-0.399532,46.685607],[-0.398813,46.685624],[-0.397883,46.685332],[-0.39646,46.684375],[-0.395326,46.683908],[-0.395758,46.682143],[-0.396685,46.682145],[-0.396791,46.681847],[-0.396589,46.681716],[-0.396906,46.681529],[-0.397201,46.680892],[-0.397295,46.680169],[-0.396427,46.67983],[-0.395669,46.680343],[-0.395406,46.680305],[-0.394459,46.679697],[-0.393154,46.678468],[-0.39114,46.677436],[-0.393693,46.676204],[-0.394262,46.675785],[-0.394378,46.675514],[-0.39402,46.674891],[-0.394071,46.67462],[-0.394517,46.674385],[-0.394268,46.674087],[-0.39247,46.674205],[-0.390191,46.673248],[-0.389712,46.675182],[-0.388501,46.675945],[-0.386561,46.67658],[-0.386181,46.676388],[-0.38548,46.675411],[-0.382849,46.675113],[-0.38238,46.674899],[-0.38203,46.674457],[-0.381779,46.673338],[-0.381283,46.672585],[-0.379499,46.672262],[-0.379042,46.671921],[-0.378312,46.671677],[-0.37713,46.671574],[-0.376901,46.671412],[-0.37679,46.670953],[-0.375787,46.67123],[-0.372741,46.67335],[-0.372527,46.67319],[-0.371282,46.673764],[-0.371216,46.674175],[-0.370584,46.674751],[-0.369586,46.675104],[-0.368398,46.675141],[-0.367605,46.67498],[-0.365976,46.675109],[-0.365112,46.674814],[-0.363786,46.674078],[-0.363351,46.673664],[-0.363274,46.672545],[-0.363515,46.671826],[-0.363037,46.671243],[-0.361389,46.670892],[-0.360649,46.671259],[-0.360761,46.670771],[-0.360589,46.670235],[-0.359944,46.669598],[-0.359775,46.669134],[-0.357752,46.668662],[-0.35644,46.668721],[-0.356345,46.668505],[-0.356655,46.667813],[-0.355973,46.667243],[-0.355881,46.666705],[-0.355221,46.666586],[-0.354412,46.667112],[-0.353853,46.669079],[-0.352891,46.670194],[-0.351268,46.671096],[-0.350167,46.671983],[-0.34968,46.67204],[-0.348197,46.67125],[-0.346757,46.672592],[-0.346431,46.672599],[-0.344966,46.672049],[-0.344057,46.672205],[-0.343806,46.672391],[-0.343707,46.673069],[-0.34334,46.673572],[-0.341013,46.674122],[-0.339536,46.674652],[-0.336663,46.676069],[-0.336147,46.676216],[-0.334764,46.676024],[-0.333373,46.676801],[-0.332348,46.677182],[-0.331094,46.677454],[-0.32936,46.677546],[-0.328212,46.677804],[-0.327775,46.678074],[-0.3247,46.678805],[-0.324397,46.678818],[-0.324214,46.678656],[-0.32314,46.678875],[-0.32083,46.680066],[-0.319499,46.681277],[-0.319111,46.681995],[-0.31822,46.683004],[-0.31764,46.683406],[-0.317237,46.6841],[-0.313804,46.686144],[-0.31119,46.688458],[-0.310977,46.688815],[-0.306748,46.689886],[-0.306674,46.690163],[-0.306087,46.690323],[-0.305997,46.690782],[-0.305632,46.69073],[-0.305235,46.690982],[-0.304482,46.691095],[-0.302245,46.692531],[-0.301144,46.692647],[-0.300752,46.693237],[-0.300117,46.692931],[-0.300095,46.693182],[-0.299745,46.693335],[-0.299052,46.692937],[-0.298461,46.692913],[-0.298315,46.692714],[-0.297934,46.692741],[-0.297802,46.692487],[-0.296811,46.692401],[-0.296407,46.692157],[-0.295627,46.692182],[-0.295486,46.692317],[-0.290021,46.686123],[-0.286626,46.68359],[-0.282701,46.68189],[-0.281558,46.681087],[-0.283415,46.678384],[-0.284139,46.676128],[-0.281601,46.674559],[-0.280709,46.673797],[-0.28065,46.673497],[-0.2815,46.672461],[-0.281421,46.670959],[-0.280126,46.669863],[-0.280116,46.669683],[-0.281086,46.669436],[-0.281244,46.670018],[-0.281832,46.670003],[-0.28232,46.669272],[-0.283144,46.668713],[-0.28381,46.668968],[-0.284202,46.66896],[-0.285227,46.668531],[-0.28685,46.667228],[-0.286331,46.666265],[-0.284248,46.665341],[-0.284309,46.665193],[-0.2833,46.663661],[-0.283682,46.662526],[-0.283575,46.661584],[-0.280442,46.660241],[-0.279067,46.658984],[-0.278404,46.658118],[-0.278228,46.657174],[-0.274352,46.654199],[-0.27283,46.651952],[-0.272595,46.651201],[-0.271915,46.650671],[-0.271876,46.649299],[-0.272241,46.649216],[-0.272426,46.649459],[-0.272681,46.649468],[-0.272723,46.649247],[-0.273522,46.64888],[-0.273855,46.649131],[-0.27446,46.649161],[-0.274143,46.649577],[-0.27432,46.649815],[-0.274678,46.649935],[-0.27525,46.64983],[-0.275437,46.650107],[-0.275911,46.649903],[-0.27639,46.650226],[-0.277146,46.649613],[-0.277537,46.648882],[-0.278367,46.64841],[-0.280163,46.64799],[-0.280651,46.647599],[-0.281824,46.647497],[-0.282076,46.647808],[-0.281991,46.64801],[-0.282634,46.648099],[-0.283361,46.6492],[-0.284094,46.6491],[-0.28461,46.648856],[-0.284956,46.649108],[-0.285273,46.649067],[-0.286155,46.649408],[-0.286957,46.649515],[-0.288721,46.648586],[-0.288464,46.647484],[-0.288563,46.646558],[-0.291242,46.64519],[-0.292165,46.645325],[-0.292573,46.64557],[-0.294046,46.645959],[-0.294215,46.646686],[-0.294893,46.646719],[-0.294737,46.646949],[-0.295252,46.647559],[-0.295254,46.648124],[-0.29758,46.648679],[-0.298417,46.64821],[-0.299143,46.648239],[-0.299402,46.648053],[-0.300384,46.647944],[-0.300695,46.647717],[-0.3003,46.647495],[-0.300432,46.647331],[-0.301376,46.647328],[-0.301905,46.647624],[-0.302108,46.647466],[-0.301887,46.647143],[-0.302183,46.647063],[-0.302833,46.647293],[-0.303225,46.647145],[-0.303514,46.647365],[-0.304356,46.646488],[-0.304739,46.645335],[-0.305466,46.644821],[-0.30618,46.644657],[-0.306934,46.644228],[-0.307697,46.644355],[-0.308318,46.643685],[-0.309754,46.643869],[-0.311115,46.644295],[-0.312395,46.643982],[-0.312508,46.643776],[-0.313988,46.642887],[-0.314537,46.64218],[-0.316413,46.641702],[-0.319594,46.641699],[-0.322059,46.64132],[-0.323179,46.640881],[-0.3235,46.641013],[-0.324546,46.640952],[-0.325,46.640606],[-0.325939,46.640774],[-0.327947,46.64015],[-0.330057,46.640413],[-0.330809,46.639603],[-0.33221,46.638926],[-0.333405,46.638575],[-0.335429,46.637508],[-0.336521,46.636812],[-0.337249,46.636077],[-0.337793,46.636144],[-0.338964,46.635562],[-0.33776,46.635137],[-0.336945,46.635022],[-0.328792,46.635033],[-0.328215,46.634944],[-0.32694,46.634405],[-0.325468,46.634447],[-0.322064,46.633954],[-0.318927,46.634086],[-0.318751,46.633093],[-0.319223,46.631489],[-0.319096,46.630557],[-0.318747,46.630153],[-0.317572,46.629464],[-0.317275,46.628846],[-0.318164,46.627147],[-0.318752,46.625158],[-0.318191,46.625182],[-0.317973,46.623844],[-0.317002,46.623191],[-0.317101,46.622559],[-0.316732,46.622193],[-0.316069,46.622711],[-0.315183,46.622405],[-0.314397,46.622453],[-0.31357,46.620882],[-0.314588,46.620386],[-0.315867,46.620131],[-0.31819,46.618809],[-0.320374,46.615903],[-0.321005,46.615594],[-0.32229,46.615293],[-0.322402,46.614784],[-0.32309,46.613733],[-0.323455,46.612117],[-0.324368,46.610068],[-0.326213,46.607678],[-0.327691,46.60667],[-0.328899,46.606339],[-0.329699,46.605901],[-0.330744,46.604519],[-0.333903,46.602445],[-0.335514,46.602437],[-0.337254,46.601636],[-0.338044,46.600896],[-0.339563,46.598906],[-0.340089,46.597311],[-0.3423,46.596324],[-0.345244,46.595561],[-0.345385,46.594624],[-0.344686,46.593873],[-0.344744,46.593736],[-0.345782,46.593577],[-0.346827,46.592292],[-0.347292,46.591111],[-0.348962,46.590576],[-0.34887,46.590038],[-0.346387,46.589593],[-0.342355,46.58814],[-0.341061,46.586078],[-0.340838,46.583777],[-0.339873,46.582192],[-0.340652,46.58096],[-0.340813,46.580236],[-0.341431,46.580119],[-0.3431,46.580397],[-0.343977,46.580066],[-0.346287,46.57702],[-0.347955,46.576117],[-0.350059,46.575457],[-0.351769,46.574089],[-0.352065,46.573523],[-0.351641,46.572723],[-0.35163,46.570742],[-0.351289,46.570212],[-0.350658,46.569741],[-0.350681,46.568765],[-0.350935,46.568133],[-0.350428,46.567753],[-0.352669,46.566637],[-0.354309,46.566382],[-0.356471,46.565699],[-0.357038,46.565691],[-0.359098,46.564109],[-0.359223,46.563613],[-0.358786,46.562768],[-0.358581,46.561528],[-0.358212,46.561152],[-0.357612,46.559807],[-0.35644,46.559127],[-0.358293,46.557608],[-0.358046,46.55705],[-0.358159,46.556815],[-0.360006,46.555553],[-0.357545,46.553637],[-0.35864,46.552853],[-0.359122,46.552727],[-0.360126,46.552872],[-0.36181,46.552059],[-0.363286,46.553104],[-0.364558,46.553749],[-0.365212,46.553778],[-0.3658,46.554397],[-0.366271,46.555061],[-0.366571,46.556791],[-0.367735,46.558327],[-0.366301,46.558963],[-0.365299,46.560527],[-0.3678,46.56291],[-0.368894,46.563285],[-0.371045,46.564761],[-0.372126,46.56575],[-0.37638,46.567053],[-0.380194,46.568775],[-0.382235,46.569402],[-0.383966,46.570298],[-0.385297,46.571339],[-0.388194,46.573057],[-0.390558,46.571149],[-0.390882,46.56962],[-0.392343,46.56781],[-0.3933,46.565116],[-0.394223,46.564339],[-0.394611,46.563548],[-0.39536,46.562949],[-0.396064,46.561439],[-0.398778,46.557795],[-0.400342,46.556479],[-0.401283,46.554978],[-0.402493,46.553789],[-0.402456,46.552603],[-0.402839,46.550799],[-0.406841,46.547052],[-0.408587,46.546125],[-0.410764,46.544529],[-0.414853,46.542803],[-0.4212,46.54091],[-0.422169,46.541063],[-0.421884,46.542967],[-0.420802,46.544794],[-0.420823,46.545198],[-0.423466,46.546848],[-0.425864,46.546353],[-0.426943,46.546413],[-0.427966,46.546206],[-0.432443,46.546214],[-0.433898,46.545982],[-0.435427,46.545948],[-0.43622,46.545666],[-0.437239,46.545626],[-0.437243,46.546104],[-0.438173,46.546091],[-0.438291,46.545545],[-0.439556,46.544539],[-0.440246,46.54361],[-0.441997,46.543378],[-0.442768,46.543134],[-0.443522,46.542575],[-0.444013,46.541978],[-0.444235,46.541208],[-0.44482,46.541193],[-0.445172,46.54042],[-0.449868,46.541656],[-0.452969,46.54353],[-0.453832,46.54229],[-0.456771,46.543341],[-0.455873,46.544816],[-0.460212,46.547433],[-0.460644,46.548233],[-0.461916,46.549],[-0.462013,46.549756],[-0.462694,46.551119],[-0.462392,46.551933],[-0.462411,46.552656],[-0.461826,46.553509],[-0.460906,46.555541],[-0.460076,46.556339],[-0.459552,46.557862],[-0.458501,46.558837],[-0.456419,46.562036],[-0.455824,46.563566],[-0.453257,46.565689],[-0.454183,46.567126],[-0.454212,46.568394],[-0.454417,46.568747],[-0.457168,46.569896],[-0.458728,46.570801],[-0.458938,46.571344],[-0.458647,46.5724],[-0.458979,46.572832],[-0.459756,46.572951],[-0.460716,46.572358],[-0.461516,46.572699],[-0.462108,46.572774],[-0.463242,46.572713],[-0.463437,46.572501],[-0.46383,46.572461],[-0.464102,46.57262],[-0.465265,46.572732],[-0.46655,46.573084],[-0.467913,46.573124],[-0.470182,46.573592],[-0.470712,46.573946],[-0.470663,46.5754],[-0.472205,46.576171],[-0.472819,46.576696],[-0.472544,46.577693],[-0.473731,46.57789],[-0.474097,46.57743],[-0.474422,46.577378],[-0.475169,46.577944],[-0.475693,46.577976],[-0.477223,46.576479],[-0.4766,46.576314],[-0.476418,46.575757],[-0.478085,46.576114],[-0.479216,46.576164],[-0.479996,46.57661],[-0.480352,46.577186],[-0.48055,46.577226],[-0.480858,46.576318],[-0.481175,46.575985],[-0.482417,46.575366],[-0.483728,46.57501],[-0.484277,46.574672],[-0.484754,46.574038],[-0.485053,46.573105],[-0.485555,46.572633],[-0.485419,46.572211],[-0.485682,46.572213],[-0.485897,46.571565],[-0.48626,46.571209],[-0.486501,46.571181],[-0.488369,46.571946],[-0.488951,46.571841],[-0.48829,46.570418],[-0.488935,46.570266],[-0.488564,46.56942],[-0.488948,46.569275],[-0.488941,46.56914],[-0.488533,46.568836],[-0.487887,46.568942],[-0.487553,46.568815],[-0.48689,46.569867],[-0.486472,46.569764],[-0.486612,46.568972],[-0.486865,46.568802],[-0.48725,46.567812],[-0.486788,46.567073],[-0.486581,46.565735],[-0.486052,46.565217],[-0.487535,46.563459],[-0.487457,46.562609],[-0.490878,46.562476],[-0.494236,46.561807],[-0.496978,46.560569],[-0.497098,46.560386],[-0.496751,46.559989],[-0.497122,46.559575],[-0.497206,46.558718],[-0.497635,46.558166],[-0.499001,46.557555],[-0.500734,46.557378],[-0.502343,46.557674],[-0.504343,46.558447],[-0.50388,46.559046],[-0.506789,46.559965],[-0.506168,46.560752],[-0.508169,46.561189],[-0.509446,46.561878],[-0.510602,46.562795],[-0.512775,46.563963],[-0.513762,46.563503],[-0.513851,46.563299],[-0.515528,46.563392],[-0.516038,46.563153],[-0.517573,46.56379],[-0.517336,46.564247],[-0.518276,46.564763],[-0.518291,46.565033],[-0.51774,46.565722],[-0.519431,46.565634],[-0.522338,46.566282],[-0.522688,46.566723],[-0.52208,46.567593],[-0.523154,46.568152],[-0.522414,46.569662],[-0.522997,46.569717],[-0.524203,46.570364],[-0.524698,46.570458],[-0.525109,46.569318],[-0.525909,46.568397],[-0.52663,46.56847],[-0.527715,46.566992],[-0.527121,46.566603],[-0.52819,46.565865],[-0.528062,46.565233],[-0.527384,46.564671],[-0.52689,46.563922],[-0.52719,46.563008],[-0.527842,46.562528],[-0.529071,46.562945],[-0.528548,46.564026],[-0.528744,46.56421],[-0.528447,46.564645],[-0.529846,46.565102],[-0.53037,46.565135],[-0.530752,46.564945],[-0.531876,46.565232],[-0.532789,46.564045],[-0.534305,46.56428],[-0.534601,46.563341],[-0.535293,46.562747],[-0.535689,46.559147],[-0.536051,46.558559],[-0.536556,46.558552],[-0.536773,46.558357],[-0.536735,46.558053],[-0.535709,46.557721],[-0.536082,46.55706],[-0.536556,46.557146],[-0.536718,46.55703],[-0.53649,46.556483],[-0.536783,46.556118],[-0.536438,46.555909],[-0.535866,46.55611],[-0.535316,46.555751],[-0.535426,46.554668],[-0.535635,46.554424],[-0.534844,46.553498],[-0.534046,46.553203],[-0.533903,46.552823],[-0.533346,46.552385],[-0.534006,46.551686],[-0.534063,46.550848],[-0.532896,46.550454],[-0.532489,46.549658],[-0.532597,46.548285],[-0.532954,46.548066],[-0.533016,46.547777],[-0.532955,46.547388],[-0.532409,46.547196],[-0.5323,46.546185],[-0.53205,46.545843],[-0.532524,46.544585],[-0.53255,46.543529],[-0.532215,46.543266],[-0.531787,46.5435],[-0.53157,46.54297],[-0.531259,46.542944],[-0.531323,46.542543],[-0.530362,46.542262],[-0.530122,46.541351],[-0.529273,46.541169],[-0.527059,46.541153],[-0.526749,46.540996],[-0.52664,46.540531],[-0.527021,46.540271],[-0.526963,46.539665],[-0.527389,46.538701],[-0.528124,46.53797],[-0.528509,46.536531],[-0.528898,46.536401],[-0.529077,46.536045],[-0.529046,46.535707],[-0.528678,46.535591],[-0.528508,46.535105],[-0.529237,46.534887],[-0.529655,46.534347],[-0.529269,46.531323],[-0.529518,46.530283],[-0.530385,46.529883],[-0.530501,46.529661],[-0.529573,46.528246],[-0.529815,46.527832],[-0.53018,46.527694],[-0.530378,46.526906],[-0.530889,46.526303],[-0.531065,46.525533],[-0.530689,46.524825],[-0.531361,46.5241],[-0.531714,46.524002],[-0.532488,46.52422],[-0.534344,46.525256],[-0.535066,46.525244],[-0.535638,46.524951],[-0.537756,46.524706],[-0.539193,46.525517],[-0.539752,46.525678],[-0.540246,46.525629],[-0.540581,46.525829],[-0.540646,46.527155],[-0.543415,46.527893],[-0.544792,46.529506],[-0.546781,46.529384],[-0.548674,46.530146],[-0.549833,46.531107],[-0.55074,46.531419],[-0.552834,46.531746],[-0.553131,46.533004],[-0.553935,46.533141],[-0.554068,46.534597],[-0.555787,46.534704],[-0.557246,46.534447],[-0.558906,46.533224],[-0.561663,46.53188],[-0.563656,46.531405],[-0.564065,46.53144],[-0.564692,46.53208],[-0.56578,46.534122],[-0.565944,46.534748],[-0.565732,46.535654],[-0.566595,46.536715],[-0.568555,46.535412],[-0.570552,46.535024],[-0.571669,46.535007],[-0.574055,46.536387],[-0.57413,46.537781],[-0.57447,46.538042],[-0.576135,46.538674],[-0.576159,46.539124],[-0.577037,46.539687],[-0.577749,46.539579],[-0.57883,46.540271],[-0.580083,46.541808],[-0.581842,46.54168],[-0.58213,46.542021],[-0.582832,46.541732],[-0.583953,46.541778],[-0.585101,46.541397],[-0.585712,46.541377],[-0.586238,46.540886],[-0.587213,46.540424],[-0.58798,46.540577],[-0.589305,46.539733],[-0.590016,46.539624],[-0.591845,46.539668],[-0.595711,46.540495],[-0.59689,46.542105],[-0.596998,46.543447],[-0.59781,46.544366],[-0.597596,46.544699],[-0.598045,46.545035],[-0.59862,46.544698],[-0.599334,46.54463],[-0.602592,46.543407],[-0.603235,46.542763],[-0.604202,46.54337],[-0.604478,46.54393],[-0.6041,46.545283],[-0.604522,46.545971],[-0.604414,46.5465],[-0.603592,46.546926],[-0.603094,46.547443],[-0.601773,46.548042],[-0.602316,46.548203],[-0.60346,46.549408],[-0.604034,46.548785],[-0.604655,46.549145],[-0.605224,46.549617],[-0.60531,46.550472],[-0.606482,46.550752],[-0.606735,46.550489],[-0.608286,46.551048],[-0.607693,46.552488],[-0.60647,46.554267],[-0.606271,46.555456],[-0.605518,46.556835],[-0.605673,46.557932],[-0.607233,46.560262],[-0.606336,46.562272],[-0.606201,46.563042],[-0.606417,46.563802],[-0.610728,46.564302],[-0.612096,46.563422],[-0.614863,46.56108],[-0.615078,46.56067],[-0.616302,46.561711],[-0.61794,46.561739],[-0.617736,46.562584],[-0.61699,46.563093],[-0.61698,46.563747],[-0.617144,46.563883],[-0.61754,46.563732],[-0.617923,46.563989],[-0.61754,46.56475],[-0.620155,46.564745],[-0.619937,46.569256],[-0.619222,46.570781],[-0.620239,46.570898],[-0.620148,46.571461],[-0.61894,46.572098],[-0.617839,46.572294],[-0.619826,46.573438],[-0.622871,46.574192],[-0.624315,46.57485],[-0.624638,46.575193],[-0.624407,46.576864],[-0.624697,46.577396],[-0.624657,46.577848],[-0.624282,46.578173],[-0.622677,46.578664],[-0.620286,46.579087],[-0.61973,46.579617],[-0.619421,46.580512],[-0.619023,46.580431],[-0.618401,46.580819],[-0.617803,46.581836],[-0.617532,46.581969],[-0.616754,46.582105],[-0.615123,46.581968],[-0.615939,46.582974],[-0.614423,46.584067],[-0.614522,46.584728],[-0.613939,46.5852],[-0.613934,46.585801],[-0.61277,46.586419],[-0.61162,46.58819],[-0.612309,46.588477],[-0.612057,46.588646],[-0.613882,46.58941],[-0.614209,46.589778],[-0.615829,46.590771],[-0.617082,46.590964],[-0.619541,46.59204],[-0.620985,46.593273],[-0.616111,46.594955],[-0.614338,46.595235],[-0.61489,46.596378],[-0.614354,46.597203],[-0.613891,46.597616],[-0.613594,46.597671],[-0.613868,46.598959],[-0.613981,46.599031],[-0.616426,46.598483],[-0.617972,46.598393],[-0.618102,46.598799],[-0.618405,46.598774],[-0.619017,46.599983],[-0.619144,46.600332],[-0.618931,46.600421],[-0.618943,46.600646],[-0.619136,46.601293],[-0.619763,46.600565],[-0.620118,46.600624],[-0.619578,46.60185],[-0.620097,46.601794],[-0.6219,46.602678],[-0.62128,46.603279],[-0.62317,46.604041],[-0.62398,46.603645],[-0.625314,46.605405],[-0.626601,46.605188],[-0.62694,46.605602],[-0.625602,46.605674],[-0.624293,46.606168],[-0.623093,46.607402],[-0.623006,46.608081],[-0.623507,46.608528],[-0.623615,46.608877],[-0.623365,46.609424],[-0.623574,46.610603],[-0.623085,46.611546],[-0.622008,46.612024],[-0.621088,46.613226],[-0.621235,46.614021],[-0.620874,46.614118],[-0.620214,46.614611],[-0.619908,46.615151],[-0.61939,46.615395],[-0.619308,46.616377],[-0.617628,46.618834],[-0.616686,46.619825],[-0.615831,46.620247],[-0.614109,46.620496],[-0.61405,46.621608],[-0.614914,46.622198],[-0.614996,46.622895],[-0.619061,46.625495],[-0.623054,46.628775],[-0.621984,46.629811],[-0.623854,46.629812],[-0.624595,46.630474],[-0.623162,46.632842],[-0.623749,46.633602],[-0.625918,46.633828],[-0.626405,46.634255],[-0.627656,46.634281],[-0.627747,46.634606],[-0.628735,46.634546],[-0.629678,46.634734],[-0.630418,46.635302],[-0.631858,46.635936],[-0.632539,46.636724],[-0.633784,46.637302],[-0.634934,46.637609],[-0.635556,46.637587],[-0.636958,46.637839],[-0.637742,46.637792],[-0.63882,46.638187],[-0.639667,46.638289],[-0.640848,46.637861],[-0.642947,46.638091],[-0.643552,46.638305],[-0.646959,46.637666],[-0.648576,46.63696],[-0.650042,46.636829],[-0.650433,46.63694],[-0.651634,46.636703],[-0.652633,46.636899],[-0.653432,46.636844],[-0.653654,46.636571],[-0.654738,46.636389],[-0.655189,46.636064],[-0.656126,46.635884],[-0.656459,46.635687],[-0.65682,46.634887],[-0.656788,46.634487],[-0.657065,46.634232],[-0.657368,46.634939],[-0.658181,46.635637],[-0.65893,46.63596],[-0.658494,46.636934],[-0.658877,46.63793],[-0.659662,46.638654],[-0.659522,46.639936],[-0.659136,46.640479],[-0.65728,46.641532],[-0.653435,46.643345],[-0.65321,46.642972],[-0.652975,46.642996],[-0.649001,46.645352],[-0.648896,46.646185],[-0.648635,46.64651],[-0.648256,46.647924],[-0.648919,46.649691],[-0.648413,46.651625],[-0.649356,46.654069],[-0.648868,46.65557],[-0.649119,46.65621],[-0.645308,46.658745],[-0.643859,46.659171],[-0.641534,46.660216],[-0.640451,46.66118],[-0.640245,46.661591],[-0.63915,46.662049],[-0.637518,46.662278],[-0.636971,46.663377],[-0.63317,46.661635],[-0.630052,46.660933],[-0.626462,46.659165],[-0.624022,46.658893],[-0.621922,46.658164],[-0.613791,46.655923],[-0.612291,46.655358],[-0.610214,46.654328],[-0.606585,46.652022],[-0.603761,46.648356],[-0.603402,46.64839],[-0.600319,46.647005],[-0.599868,46.64652],[-0.599652,46.645668],[-0.598063,46.64497],[-0.597802,46.644929],[-0.596418,46.646168],[-0.593962,46.648821],[-0.59147,46.647433],[-0.588337,46.650313],[-0.586096,46.649069],[-0.585381,46.64894],[-0.585253,46.64879],[-0.584019,46.649464],[-0.583788,46.650494],[-0.583428,46.650866],[-0.583265,46.650961],[-0.582231,46.650697],[-0.5814,46.651033],[-0.580525,46.651776],[-0.580348,46.65214],[-0.580591,46.652565],[-0.577586,46.654101],[-0.57623,46.654306],[-0.575285,46.65422],[-0.574512,46.653898],[-0.572933,46.652337],[-0.570179,46.651454],[-0.568467,46.651228],[-0.567056,46.650709],[-0.565825,46.651548],[-0.563533,46.652584],[-0.561559,46.654002],[-0.560024,46.654285],[-0.558411,46.65625],[-0.555477,46.657655],[-0.555003,46.658419],[-0.555428,46.658505],[-0.556322,46.659564],[-0.556419,46.661654],[-0.556152,46.662075],[-0.556227,46.662495],[-0.556891,46.662757],[-0.557253,46.663147],[-0.557401,46.664339],[-0.559795,46.665088],[-0.560203,46.665348],[-0.561051,46.666542],[-0.561856,46.668142],[-0.560114,46.668591],[-0.558717,46.669347],[-0.556467,46.670079],[-0.554109,46.671219],[-0.551742,46.67344],[-0.548892,46.677119],[-0.548048,46.677877],[-0.547944,46.678677],[-0.546278,46.677291],[-0.545996,46.676638],[-0.546118,46.67602],[-0.545978,46.675949],[-0.545757,46.676169],[-0.545124,46.675322],[-0.545122,46.675095],[-0.545866,46.674849],[-0.545656,46.674584],[-0.545053,46.674329],[-0.543989,46.672472],[-0.543736,46.672354],[-0.543334,46.672549],[-0.542696,46.672321],[-0.542486,46.671558],[-0.542933,46.671367],[-0.542908,46.670872],[-0.542377,46.67075],[-0.542494,46.670477],[-0.541887,46.670133],[-0.542647,46.669663],[-0.542574,46.66953],[-0.541744,46.669331],[-0.540145,46.668341],[-0.540024,46.668226],[-0.540261,46.667833],[-0.540126,46.667746],[-0.539062,46.667557],[-0.538391,46.667799],[-0.538053,46.667583],[-0.537802,46.667084],[-0.537845,46.666678],[-0.537366,46.666286],[-0.536546,46.666172],[-0.536513,46.665916],[-0.536254,46.66585],[-0.536287,46.665511],[-0.536617,46.665417],[-0.536511,46.664932],[-0.536059,46.66462],[-0.536363,46.664262],[-0.536104,46.663762],[-0.53618,46.663351],[-0.535101,46.662967],[-0.535178,46.662661],[-0.534589,46.661725],[-0.534175,46.661605],[-0.534032,46.661384],[-0.533164,46.661202],[-0.532784,46.661279],[-0.532789,46.660886],[-0.531979,46.66105],[-0.531632,46.66096],[-0.530952,46.660413],[-0.531227,46.660222],[-0.531176,46.659052],[-0.530549,46.658986],[-0.529801,46.658383],[-0.528871,46.658351],[-0.52823,46.657761],[-0.528432,46.657093],[-0.528836,46.656749],[-0.528848,46.65618],[-0.527715,46.655541],[-0.52773,46.655093],[-0.527264,46.655071],[-0.527335,46.654782],[-0.526874,46.654414],[-0.526969,46.65368],[-0.527356,46.653486],[-0.527306,46.653091],[-0.52697,46.652697],[-0.526262,46.652403],[-0.525904,46.652048],[-0.525079,46.65176],[-0.522809,46.651811],[-0.522397,46.651339],[-0.52139,46.651262],[-0.520425,46.650654],[-0.520603,46.649989],[-0.519812,46.649255],[-0.518602,46.648776],[-0.51818,46.648318],[-0.517477,46.647962],[-0.516125,46.647515],[-0.515264,46.647593],[-0.515072,46.647138],[-0.514214,46.646943],[-0.514109,46.646501],[-0.513869,46.646484],[-0.514167,46.646311],[-0.513972,46.64522],[-0.512603,46.643508],[-0.512248,46.643217],[-0.512148,46.643301],[-0.511674,46.643181],[-0.511042,46.642433],[-0.508798,46.641592],[-0.507194,46.641304],[-0.504674,46.64148],[-0.503567,46.641657],[-0.502868,46.641938],[-0.501881,46.641882],[-0.501035,46.641527],[-0.500009,46.641511],[-0.497785,46.642394],[-0.495568,46.642514],[-0.491997,46.643049],[-0.490926,46.643389],[-0.49032,46.64399],[-0.489464,46.644175],[-0.48925,46.64439],[-0.488744,46.644389],[-0.488787,46.64458],[-0.488358,46.644887],[-0.487222,46.645121],[-0.4867,46.645058],[-0.485593,46.64525],[-0.485075,46.64514],[-0.484507,46.645305],[-0.482534,46.646214],[-0.483054,46.646665],[-0.484031,46.64645],[-0.485259,46.648173],[-0.485975,46.648684],[-0.487745,46.649216],[-0.492333,46.650963],[-0.493317,46.650272],[-0.495357,46.649498],[-0.497781,46.648279],[-0.49828,46.648782],[-0.498561,46.650686],[-0.498912,46.650987],[-0.49777,46.651423],[-0.496903,46.652063],[-0.496295,46.652203],[-0.494497,46.653169],[-0.493481,46.653422],[-0.493086,46.653833],[-0.492768,46.6539],[-0.492567,46.654771],[-0.492946,46.65652],[-0.492581,46.657082],[-0.490655,46.658212],[-0.490122,46.658835],[-0.489341,46.659232],[-0.48913,46.659697],[-0.488956,46.660759],[-0.489886,46.662358],[-0.489597,46.663509],[-0.485381,46.665404],[-0.484615,46.666373],[-0.48391,46.666854],[-0.485919,46.667749],[-0.487071,46.668532],[-0.488376,46.669714],[-0.488679,46.668299],[-0.490218,46.667183],[-0.492884,46.668387],[-0.493629,46.668558],[-0.494674,46.668288],[-0.496957,46.669834],[-0.498394,46.67033],[-0.499891,46.671442],[-0.500724,46.671606],[-0.500789,46.671778],[-0.500547,46.671934],[-0.500152,46.671928],[-0.498982,46.672644],[-0.498049,46.673533],[-0.49635,46.674292],[-0.495386,46.674987],[-0.495032,46.675716],[-0.493854,46.6757],[-0.493162,46.676213],[-0.492959,46.676677],[-0.494244,46.677179],[-0.493931,46.678399],[-0.493525,46.679399],[-0.492686,46.679601],[-0.492056,46.680381],[-0.491679,46.680102],[-0.491486,46.680229],[-0.490449,46.681862],[-0.490351,46.682494],[-0.490729,46.683475],[-0.490261,46.684522],[-0.490711,46.685636],[-0.489886,46.686107],[-0.489734,46.686966],[-0.489229,46.687293],[-0.488434,46.689368],[-0.488506,46.689944],[-0.486663,46.690778],[-0.485719,46.691476],[-0.484685,46.692987],[-0.483678,46.693732],[-0.482573,46.693895],[-0.481027,46.695598],[-0.480934,46.696321],[-0.478439,46.698678],[-0.477579,46.698474],[-0.476265,46.698792],[-0.475938,46.699916],[-0.474452,46.702512],[-0.474235,46.703373],[-0.474382,46.704944]]]}},{"type":"Feature","properties":{"uai_primary":"0790035J","uai_all":"0790035J","is_merged":false},"geometry":{"type":"Polygon","coordinates":[[[-0.107019,46.752864],[-0.105935,46.753518],[-0.105879,46.753699],[-0.106708,46.754671],[-0.106836,46.756064],[-0.108112,46.758197],[-0.107478,46.75866],[-0.107425,46.758931],[-0.107977,46.75955],[-0.107588,46.759648],[-0.107054,46.759435],[-0.106681,46.759848],[-0.106688,46.760027],[-0.107952,46.760451],[-0.10784,46.760858],[-0.107064,46.7611],[-0.106564,46.761606],[-0.103911,46.762072],[-0.104341,46.762312],[-0.105561,46.762532],[-0.107247,46.763661],[-0.108182,46.764091],[-0.110702,46.764757],[-0.111977,46.76545],[-0.112505,46.766107],[-0.113039,46.76603],[-0.113762,46.765648],[-0.115242,46.765202],[-0.115879,46.764826],[-0.119891,46.765834],[-0.120156,46.765451],[-0.121938,46.765947],[-0.123011,46.765771],[-0.129361,46.762188],[-0.141392,46.756644],[-0.141696,46.756344],[-0.144103,46.755235],[-0.145232,46.754804],[-0.148076,46.754338],[-0.147273,46.759312],[-0.147603,46.760087],[-0.147498,46.760622],[-0.14792,46.761096],[-0.147916,46.761472],[-0.146648,46.762716],[-0.145114,46.763451],[-0.143917,46.765521],[-0.14285,46.766602],[-0.142804,46.768756],[-0.142489,46.76962],[-0.139993,46.769392],[-0.139354,46.769721],[-0.134562,46.76951],[-0.133196,46.769719],[-0.13186,46.769163],[-0.132092,46.770342],[-0.131708,46.771175],[-0.131612,46.772821],[-0.131075,46.774988],[-0.131276,46.775945],[-0.131861,46.776866],[-0.131893,46.777264],[-0.131433,46.778147],[-0.130994,46.778493],[-0.130751,46.779136],[-0.131293,46.780942],[-0.132053,46.78194],[-0.133394,46.782631],[-0.133554,46.782884],[-0.13432,46.782813],[-0.134766,46.782935],[-0.135186,46.783288],[-0.13709,46.783692],[-0.137503,46.784723],[-0.137418,46.785804],[-0.138158,46.78651],[-0.137697,46.786759],[-0.138252,46.786941],[-0.139935,46.787971],[-0.142468,46.788521],[-0.144405,46.789237],[-0.144828,46.78909],[-0.145465,46.790111],[-0.146151,46.790771],[-0.146324,46.791667],[-0.14541,46.793173],[-0.145254,46.794076],[-0.145172,46.795511],[-0.145565,46.796629],[-0.145302,46.797252],[-0.145536,46.799164],[-0.144224,46.798298],[-0.142656,46.798858],[-0.140631,46.799846],[-0.141149,46.801078],[-0.138728,46.801778],[-0.137076,46.802939],[-0.136815,46.802945],[-0.135931,46.802244],[-0.135672,46.802339],[-0.134822,46.803798],[-0.13312,46.803834],[-0.133834,46.806564],[-0.130517,46.805691],[-0.129275,46.805763],[-0.127206,46.806392],[-0.125374,46.806431],[-0.12473,46.806716],[-0.124225,46.807131],[-0.123496,46.808169],[-0.123652,46.808457],[-0.123474,46.809761],[-0.122808,46.80985],[-0.12215,46.809636],[-0.121646,46.809251],[-0.121702,46.809794],[-0.121951,46.810114],[-0.121244,46.810452],[-0.119529,46.810896],[-0.118907,46.811257],[-0.116315,46.813682],[-0.114952,46.814458],[-0.114262,46.815392],[-0.113254,46.816206],[-0.111862,46.817825],[-0.110501,46.818808],[-0.109177,46.820095],[-0.093203,46.816416],[-0.089792,46.816031],[-0.087873,46.815528],[-0.083921,46.815225],[-0.079106,46.81375],[-0.077143,46.814438],[-0.07271,46.815237],[-0.069313,46.816525],[-0.061785,46.818827],[-0.060142,46.81961],[-0.061052,46.820669],[-0.060333,46.822214],[-0.059857,46.822586],[-0.059117,46.823853],[-0.057282,46.82322],[-0.054209,46.822871],[-0.051769,46.822702],[-0.049011,46.823051],[-0.047871,46.821569],[-0.049757,46.820557],[-0.048871,46.819422],[-0.046521,46.821509],[-0.044851,46.82247],[-0.042532,46.82109],[-0.041365,46.820642],[-0.040178,46.819149],[-0.039555,46.818692],[-0.036835,46.820339],[-0.035876,46.819439],[-0.034728,46.820002],[-0.033027,46.819775],[-0.03286,46.820165],[-0.03114,46.820416],[-0.031064,46.820281],[-0.030042,46.820216],[-0.02972,46.819607],[-0.029411,46.819751],[-0.028271,46.818624],[-0.027831,46.818982],[-0.027025,46.818386],[-0.025524,46.815707],[-0.024337,46.814033],[-0.0227,46.813626],[-0.021517,46.813833],[-0.020327,46.81256],[-0.017594,46.814282],[-0.012165,46.816631],[-0.010595,46.818311],[-0.01003,46.819119],[-0.01002,46.819457],[-0.00912,46.820642],[-0.008227,46.821454],[-0.007018,46.822129],[-0.006476,46.82137],[-0.005111,46.820236],[-0.003183,46.819223],[-0.001447,46.818065],[-0.001185,46.817228],[-0.000731,46.816802],[0.00072,46.816061],[0.000705,46.815536],[0.000922,46.815337],[0.003956,46.814611],[0.005012,46.814582],[0.006326,46.814811],[0.007897,46.81444],[0.007592,46.813489],[0.007804,46.812643],[0.007058,46.811501],[0.00607,46.808566],[0.004383,46.80804],[0.00133,46.806389],[-0.001213,46.805265],[-0.003156,46.804131],[-0.006159,46.803019],[-0.007985,46.802713],[-0.007245,46.801899],[-0.008506,46.799255],[-0.008886,46.799575],[-0.009638,46.79901],[-0.014615,46.796206],[-0.017797,46.793615],[-0.017563,46.792468],[-0.018037,46.791385],[-0.01839,46.791411],[-0.018913,46.790639],[-0.026706,46.78873],[-0.025541,46.787202],[-0.021418,46.782946],[-0.019585,46.783821],[-0.017429,46.780363],[-0.017479,46.779209],[-0.017228,46.777886],[-0.017713,46.777954],[-0.022216,46.776423],[-0.017452,46.772112],[-0.023118,46.769031],[-0.020532,46.76556],[-0.019234,46.763477],[-0.017671,46.762366],[-0.01811,46.758389],[-0.016827,46.757992],[-0.0124,46.754341],[-0.010653,46.754928],[-0.00999,46.755311],[-0.007768,46.756795],[-0.003147,46.760795],[-0.001448,46.761778],[-0.001161,46.761791],[0.000846,46.760529],[0.001561,46.759607],[0.002197,46.758263],[0.00409,46.756752],[0.005025,46.755365],[0.006452,46.753922],[0.008985,46.752396],[0.009206,46.751918],[0.022066,46.742703],[0.026031,46.739625],[0.026864,46.738545],[0.030309,46.738902],[0.030793,46.738117],[0.033249,46.738744],[0.036412,46.734277],[0.03796,46.732568],[0.038243,46.731878],[0.037317,46.729023],[0.035865,46.728286],[0.032055,46.727278],[0.026446,46.728985],[0.025558,46.728169],[0.024937,46.728374],[0.024403,46.728367],[0.021246,46.727483],[0.017204,46.725838],[0.013929,46.724225],[0.008919,46.720725],[0.008696,46.720898],[0.006898,46.719877],[0.004507,46.717756],[0.001442,46.716737],[0.000423,46.71623],[-0.002343,46.71611],[-0.00124,46.715425],[-0.001154,46.715184],[0.003521,46.711148],[-0.000229,46.707997],[0.004069,46.706083],[0.003588,46.704577],[0.003608,46.701962],[0.00331,46.700997],[0.00263,46.700101],[3.5e-05,46.698185],[-0.00024,46.698337],[-0.002142,46.697931],[-0.005145,46.698094],[-0.008724,46.696673],[-0.009898,46.696386],[-0.013881,46.696621],[-0.016725,46.696293],[-0.017621,46.695658],[-0.018699,46.694486],[-0.02127,46.693353],[-0.01978,46.691762],[-0.019344,46.690653],[-0.018171,46.689223],[-0.014405,46.687217],[-0.008398,46.684535],[-0.006577,46.683424],[-0.007457,46.682742],[-0.009798,46.681574],[-0.011169,46.680641],[-0.014043,46.678098],[-0.016178,46.676949],[-0.01803,46.67631],[-0.018174,46.676425],[-0.019146,46.676088],[-0.020647,46.675218],[-0.022911,46.674298],[-0.024431,46.673385],[-0.025878,46.67295],[-0.02916,46.672413],[-0.029772,46.671715],[-0.030449,46.670486],[-0.031541,46.669451],[-0.040393,46.664054],[-0.038949,46.663545],[-0.038005,46.663455],[-0.036318,46.664022],[-0.035138,46.663968],[-0.03245,46.662787],[-0.032017,46.662306],[-0.031647,46.661588],[-0.035417,46.658819],[-0.036211,46.658739],[-0.035589,46.657678],[-0.034427,46.657685],[-0.033229,46.653691],[-0.032821,46.652944],[-0.031696,46.651776],[-0.031649,46.651237],[-0.032327,46.65074],[-0.032667,46.650858],[-0.033313,46.650708],[-0.033556,46.650214],[-0.03399,46.650002],[-0.034429,46.650292],[-0.035325,46.650191],[-0.035391,46.649959],[-0.03568,46.649843],[-0.036743,46.650006],[-0.037207,46.649772],[-0.038148,46.649775],[-0.038983,46.649985],[-0.040697,46.649574],[-0.041177,46.649039],[-0.041528,46.648982],[-0.041947,46.648612],[-0.042984,46.648256],[-0.043997,46.648216],[-0.044384,46.647892],[-0.044822,46.647841],[-0.046332,46.647174],[-0.047493,46.645915],[-0.047971,46.645826],[-0.047923,46.645207],[-0.048098,46.645025],[-0.048683,46.64463],[-0.049255,46.644605],[-0.049706,46.64424],[-0.04962,46.643906],[-0.053175,46.643119],[-0.05482,46.64245],[-0.059414,46.638354],[-0.05978,46.637705],[-0.061589,46.635731],[-0.066258,46.631559],[-0.067168,46.630451],[-0.067601,46.629567],[-0.067493,46.627988],[-0.067889,46.626255],[-0.066311,46.626621],[-0.065721,46.622816],[-0.067631,46.622646],[-0.068556,46.622852],[-0.068719,46.622129],[-0.069146,46.621444],[-0.068897,46.620533],[-0.069476,46.620446],[-0.070863,46.619895],[-0.072011,46.619243],[-0.073735,46.618966],[-0.076449,46.617864],[-0.077543,46.617158],[-0.079287,46.615617],[-0.080056,46.615198],[-0.080389,46.614686],[-0.081439,46.614334],[-0.084772,46.614476],[-0.090812,46.613466],[-0.094091,46.612637],[-0.097353,46.612838],[-0.098358,46.612259],[-0.100262,46.611847],[-0.100831,46.61157],[-0.101908,46.612107],[-0.102654,46.612721],[-0.103911,46.61454],[-0.105384,46.615318],[-0.1071,46.615731],[-0.109201,46.615956],[-0.110899,46.615965],[-0.113566,46.615728],[-0.11178,46.618107],[-0.110827,46.618712],[-0.11083,46.619165],[-0.109682,46.619496],[-0.108929,46.62016],[-0.108902,46.621151],[-0.109513,46.622858],[-0.10963,46.623925],[-0.109463,46.624742],[-0.108533,46.625891],[-0.104592,46.627655],[-0.099625,46.628336],[-0.097876,46.628188],[-0.097527,46.628287],[-0.098989,46.628958],[-0.101537,46.629721],[-0.102265,46.630425],[-0.104632,46.630501],[-0.112503,46.631188],[-0.114542,46.631504],[-0.115534,46.631797],[-0.11661,46.632449],[-0.117489,46.63311],[-0.115167,46.636003],[-0.115001,46.636554],[-0.115122,46.637024],[-0.115795,46.637356],[-0.116134,46.637999],[-0.116231,46.640848],[-0.116536,46.640912],[-0.117296,46.640401],[-0.117751,46.640346],[-0.120216,46.641373],[-0.121795,46.641738],[-0.12232,46.641939],[-0.123441,46.643329],[-0.124243,46.643716],[-0.124887,46.64362],[-0.126106,46.643711],[-0.12784,46.643392],[-0.127985,46.643258],[-0.127465,46.642466],[-0.127677,46.641827],[-0.126294,46.641377],[-0.126088,46.641157],[-0.126639,46.640379],[-0.127154,46.640188],[-0.127696,46.640193],[-0.129708,46.640457],[-0.130214,46.63972],[-0.133384,46.637769],[-0.134403,46.636686],[-0.135363,46.636444],[-0.135506,46.635642],[-0.1357,46.635592],[-0.137101,46.636237],[-0.137887,46.636265],[-0.138598,46.63607],[-0.139253,46.636146],[-0.140521,46.636703],[-0.141552,46.636569],[-0.142908,46.637698],[-0.144218,46.639357],[-0.147074,46.637146],[-0.149594,46.636032],[-0.150681,46.636371],[-0.152168,46.636134],[-0.152765,46.636232],[-0.153321,46.63512],[-0.153433,46.633317],[-0.154203,46.63159],[-0.154239,46.630959],[-0.154614,46.630591],[-0.154899,46.629685],[-0.155908,46.628897],[-0.158278,46.627855],[-0.15916,46.62716],[-0.160334,46.625695],[-0.161018,46.625217],[-0.161661,46.624218],[-0.161656,46.623946],[-0.165053,46.623206],[-0.165145,46.623789],[-0.165421,46.624098],[-0.164333,46.626012],[-0.163632,46.627783],[-0.162772,46.628972],[-0.162717,46.630021],[-0.166584,46.630683],[-0.170232,46.631079],[-0.170396,46.630936],[-0.171942,46.631057],[-0.174545,46.632223],[-0.178728,46.63282],[-0.179647,46.633101],[-0.181729,46.634622],[-0.186385,46.636187],[-0.193791,46.641864],[-0.19686,46.644659],[-0.197682,46.646201],[-0.197515,46.646597],[-0.198467,46.648058],[-0.199616,46.647995],[-0.200378,46.649585],[-0.200154,46.649668],[-0.199765,46.65055],[-0.20044,46.651079],[-0.200903,46.650911],[-0.200994,46.651292],[-0.200551,46.651519],[-0.200811,46.651622],[-0.200912,46.652532],[-0.201863,46.653598],[-0.201961,46.654122],[-0.203038,46.654839],[-0.203775,46.655876],[-0.20443,46.656071],[-0.205181,46.656805],[-0.206339,46.657329],[-0.205706,46.658161],[-0.205722,46.65839],[-0.205226,46.658588],[-0.205297,46.658784],[-0.204956,46.659159],[-0.205051,46.659549],[-0.204638,46.660234],[-0.204194,46.660389],[-0.203537,46.661018],[-0.202981,46.661943],[-0.204871,46.661768],[-0.206759,46.66119],[-0.207642,46.661102],[-0.208669,46.661848],[-0.20916,46.662627],[-0.210365,46.663553],[-0.210775,46.663692],[-0.211274,46.663655],[-0.211627,46.663314],[-0.211755,46.661842],[-0.211615,46.66034],[-0.212212,46.659503],[-0.213198,46.65867],[-0.213872,46.658233],[-0.214656,46.658117],[-0.215988,46.658612],[-0.217751,46.658821],[-0.218968,46.66003],[-0.218934,46.661003],[-0.219297,46.661777],[-0.221316,46.663552],[-0.221447,46.663764],[-0.221206,46.66391],[-0.223005,46.665643],[-0.22314,46.666295],[-0.224885,46.668104],[-0.223823,46.6689],[-0.224213,46.669646],[-0.223965,46.669921],[-0.22242,46.670452],[-0.222429,46.670631],[-0.224242,46.672413],[-0.223186,46.673173],[-0.223965,46.674581],[-0.22294,46.675264],[-0.222658,46.675895],[-0.221651,46.67632],[-0.220008,46.676132],[-0.219553,46.676187],[-0.218916,46.676561],[-0.216728,46.680294],[-0.219251,46.681711],[-0.213648,46.685236],[-0.213152,46.685936],[-0.214299,46.686133],[-0.217178,46.687168],[-0.218053,46.687323],[-0.218856,46.687724],[-0.218224,46.689583],[-0.217305,46.690815],[-0.21927,46.692599],[-0.219545,46.692601],[-0.219317,46.694857],[-0.22109,46.695376],[-0.22166,46.695755],[-0.222827,46.698392],[-0.223165,46.70009],[-0.224458,46.699887],[-0.225063,46.699444],[-0.226707,46.701591],[-0.227717,46.70243],[-0.228056,46.704026],[-0.230579,46.70491],[-0.232119,46.706084],[-0.232631,46.70626],[-0.232635,46.706412],[-0.23373,46.707186],[-0.234539,46.708339],[-0.234466,46.708627],[-0.233432,46.709527],[-0.231579,46.710269],[-0.23099,46.710357],[-0.230826,46.710177],[-0.23045,46.710292],[-0.229469,46.710959],[-0.229577,46.711669],[-0.229974,46.711933],[-0.229941,46.713263],[-0.230777,46.714614],[-0.2305,46.71624],[-0.230017,46.71649],[-0.229891,46.717436],[-0.22957,46.718032],[-0.228316,46.718051],[-0.227593,46.718372],[-0.22701,46.718351],[-0.226388,46.718595],[-0.224284,46.72008],[-0.223305,46.720391],[-0.220622,46.722865],[-0.219309,46.723334],[-0.218624,46.723773],[-0.218395,46.724218],[-0.218655,46.724763],[-0.219818,46.725054],[-0.220631,46.726038],[-0.220397,46.726564],[-0.219216,46.726948],[-0.218806,46.727892],[-0.219709,46.729314],[-0.21965,46.729811],[-0.218076,46.730431],[-0.217843,46.730842],[-0.218309,46.731436],[-0.218478,46.732445],[-0.219088,46.733565],[-0.218462,46.734496],[-0.219009,46.735949],[-0.220764,46.737296],[-0.221296,46.73786],[-0.222078,46.73942],[-0.223418,46.740459],[-0.223573,46.741],[-0.223339,46.741738],[-0.225578,46.742617],[-0.226816,46.743894],[-0.227766,46.744593],[-0.228635,46.744979],[-0.229163,46.745058],[-0.229603,46.744687],[-0.231395,46.745187],[-0.2318,46.745448],[-0.232195,46.745484],[-0.23232,46.745346],[-0.233187,46.745687],[-0.233198,46.745912],[-0.233597,46.746038],[-0.235283,46.745887],[-0.235662,46.747401],[-0.235642,46.748929],[-0.234843,46.749404],[-0.233204,46.749217],[-0.232706,46.74939],[-0.232985,46.752052],[-0.232753,46.752194],[-0.232377,46.752121],[-0.231149,46.752406],[-0.22992,46.753003],[-0.229078,46.753671],[-0.228696,46.75425],[-0.226373,46.755241],[-0.225949,46.756004],[-0.225378,46.756109],[-0.225009,46.755986],[-0.224984,46.755474],[-0.224279,46.755167],[-0.223044,46.755456],[-0.222447,46.756685],[-0.220131,46.765873],[-0.219082,46.765851],[-0.218046,46.7661],[-0.217406,46.766429],[-0.215522,46.768136],[-0.214034,46.768529],[-0.213247,46.768502],[-0.212622,46.767751],[-0.212019,46.767449],[-0.207484,46.767145],[-0.206638,46.767254],[-0.204725,46.768376],[-0.202571,46.768515],[-0.199284,46.769668],[-0.197465,46.769978],[-0.195526,46.770516],[-0.193377,46.769394],[-0.192965,46.768998],[-0.192667,46.768239],[-0.192479,46.767028],[-0.19272,46.766572],[-0.193229,46.766246],[-0.194202,46.766045],[-0.196065,46.766678],[-0.197187,46.766834],[-0.198297,46.766764],[-0.199575,46.766106],[-0.201,46.765759],[-0.201512,46.765478],[-0.201819,46.765066],[-0.201796,46.764571],[-0.198924,46.76198],[-0.198834,46.761487],[-0.199957,46.760291],[-0.200791,46.759913],[-0.204995,46.758784],[-0.205762,46.758407],[-0.20613,46.757859],[-0.206098,46.757185],[-0.205137,46.754866],[-0.205224,46.753918],[-0.201664,46.752017],[-0.200012,46.751457],[-0.197262,46.75227],[-0.193454,46.752509],[-0.191931,46.75383],[-0.189666,46.751698],[-0.190032,46.751105],[-0.189822,46.75084],[-0.188317,46.749916],[-0.187554,46.750486],[-0.18565,46.75133],[-0.184987,46.75106],[-0.184201,46.750329],[-0.183043,46.749664],[-0.181872,46.749659],[-0.180717,46.750219],[-0.178728,46.752023],[-0.178091,46.752871],[-0.17682,46.753249],[-0.176208,46.753737],[-0.176181,46.753983],[-0.176996,46.754436],[-0.177339,46.754835],[-0.17718,46.755749],[-0.176839,46.755947],[-0.17545,46.756187],[-0.174504,46.756677],[-0.174026,46.757172],[-0.175257,46.759765],[-0.17547,46.760959],[-0.175248,46.763846],[-0.174965,46.764643],[-0.174547,46.765023],[-0.173647,46.765055],[-0.17301,46.764096],[-0.171717,46.76371],[-0.170512,46.763642],[-0.169481,46.764024],[-0.168631,46.764042],[-0.165308,46.763641],[-0.163262,46.762968],[-0.162888,46.762644],[-0.16292,46.762399],[-0.162626,46.762065],[-0.162071,46.761829],[-0.161246,46.761671],[-0.158568,46.761697],[-0.157569,46.761359],[-0.154083,46.759634],[-0.152272,46.759514],[-0.15187,46.75861],[-0.150058,46.756973],[-0.148864,46.755057],[-0.147717,46.753795],[-0.144453,46.749068],[-0.143406,46.748675],[-0.140799,46.746672],[-0.139113,46.74471],[-0.137114,46.741697],[-0.132891,46.744709],[-0.131095,46.744538],[-0.129334,46.744839],[-0.127168,46.745795],[-0.126431,46.746619],[-0.125428,46.747274],[-0.123174,46.747424],[-0.123827,46.749095],[-0.121142,46.749618],[-0.114858,46.751192],[-0.112709,46.751781],[-0.111244,46.752502],[-0.107019,46.752864]]]}},{"type":"Feature","properties":{"uai_primary":"0790044U","uai_all":"0790044U","is_merged":false},"geometry":{"type":"Polygon","coordinates":[[[-0.222595,46.550075],[-0.220649,46.550054],[-0.219754,46.550352],[-0.218665,46.550245],[-0.218071,46.550374],[-0.216021,46.551154],[-0.215218,46.551233],[-0.214053,46.551811],[-0.213146,46.551784],[-0.212415,46.55216],[-0.211589,46.552121],[-0.209515,46.553399],[-0.208119,46.553805],[-0.205928,46.553654],[-0.203649,46.553888],[-0.20156,46.554575],[-0.198752,46.554669],[-0.199667,46.553847],[-0.200385,46.55279],[-0.200613,46.552813],[-0.202526,46.551216],[-0.204753,46.54766],[-0.206193,46.543623],[-0.206404,46.541187],[-0.207724,46.535937],[-0.208198,46.535705],[-0.207578,46.533514],[-0.207626,46.53022],[-0.206929,46.528735],[-0.205148,46.528459],[-0.200658,46.528724],[-0.196048,46.528242],[-0.193013,46.528169],[-0.190877,46.527886],[-0.18883,46.527823],[-0.188641,46.527127],[-0.18767,46.5258],[-0.184944,46.524437],[-0.183922,46.523369],[-0.179737,46.520312],[-0.178406,46.519127],[-0.177313,46.519243],[-0.177182,46.520293],[-0.176675,46.52074],[-0.172292,46.518867],[-0.171399,46.519632],[-0.170673,46.519986],[-0.168618,46.520435],[-0.16747,46.52045],[-0.168426,46.51822],[-0.169659,46.518103],[-0.170016,46.51877],[-0.17195,46.518278],[-0.172943,46.518616],[-0.172985,46.51812],[-0.172477,46.516792],[-0.171805,46.51582],[-0.17286,46.515422],[-0.172408,46.51386],[-0.174894,46.512782],[-0.176106,46.511775],[-0.175392,46.510789],[-0.174939,46.509702],[-0.174413,46.509358],[-0.174521,46.50904],[-0.175273,46.508393],[-0.174463,46.50778],[-0.174519,46.5076],[-0.17582,46.505782],[-0.174957,46.505302],[-0.174002,46.505083],[-0.173711,46.504699],[-0.17335,46.504628],[-0.173185,46.504118],[-0.172003,46.50392],[-0.172435,46.503415],[-0.171833,46.503068],[-0.171825,46.502888],[-0.175474,46.500062],[-0.17612,46.497122],[-0.176427,46.496711],[-0.177555,46.496067],[-0.179174,46.494616],[-0.179751,46.494354],[-0.179664,46.494103],[-0.180086,46.493691],[-0.182676,46.491742],[-0.182375,46.491019],[-0.181742,46.490919],[-0.181742,46.489943],[-0.181362,46.488991],[-0.183894,46.488583],[-0.186992,46.487682],[-0.18669,46.487424],[-0.187436,46.48699],[-0.188053,46.486056],[-0.18845,46.484787],[-0.188153,46.482588],[-0.188285,46.481235],[-0.188445,46.480467],[-0.18903,46.479343],[-0.188904,46.478343],[-0.188656,46.477953],[-0.188726,46.476163],[-0.189446,46.473088],[-0.191412,46.468432],[-0.192801,46.468351],[-0.195699,46.469256],[-0.198908,46.469182],[-0.199096,46.469027],[-0.200035,46.467854],[-0.200292,46.465217],[-0.20066,46.463856],[-0.200986,46.463431],[-0.202575,46.46231],[-0.203103,46.461501],[-0.203039,46.460917],[-0.202107,46.459603],[-0.202378,46.45872],[-0.202768,46.458258],[-0.203342,46.457995],[-0.204257,46.457978],[-0.205298,46.458304],[-0.205994,46.458305],[-0.208318,46.457041],[-0.208353,46.45678],[-0.208015,46.45652],[-0.206119,46.456083],[-0.205749,46.455774],[-0.205606,46.455349],[-0.206006,46.45473],[-0.208046,46.454023],[-0.208806,46.45344],[-0.209557,46.454204],[-0.210815,46.454778],[-0.212597,46.455083],[-0.213394,46.455425],[-0.21372,46.455418],[-0.213768,46.455057],[-0.216505,46.455705],[-0.217187,46.457051],[-0.21725,46.457589],[-0.218824,46.458845],[-0.219253,46.460017],[-0.220462,46.460653],[-0.220771,46.46097],[-0.2199,46.46261],[-0.220288,46.462702],[-0.22061,46.463008],[-0.223248,46.463226],[-0.223928,46.463741],[-0.22647,46.464858],[-0.226751,46.464795],[-0.227352,46.464982],[-0.227709,46.464856],[-0.22758,46.464528],[-0.227977,46.464152],[-0.228082,46.463597],[-0.229173,46.463717],[-0.229453,46.463445],[-0.22983,46.463453],[-0.229863,46.463081],[-0.232664,46.462088],[-0.233102,46.461472],[-0.234664,46.46035],[-0.23458,46.45991],[-0.235413,46.459556],[-0.23557,46.459276],[-0.235321,46.459074],[-0.235726,46.458989],[-0.235845,46.458621],[-0.236199,46.458573],[-0.236376,46.457758],[-0.236243,46.457452],[-0.237037,46.457161],[-0.237493,46.456661],[-0.23861,46.456095],[-0.238738,46.455752],[-0.239088,46.455542],[-0.240139,46.455171],[-0.240972,46.45513],[-0.241945,46.455433],[-0.242775,46.456028],[-0.243033,46.456045],[-0.243423,46.455829],[-0.244047,46.454832],[-0.244777,46.454515],[-0.24548,46.454422],[-0.2465,46.454862],[-0.247409,46.454862],[-0.247947,46.454603],[-0.24812,46.454323],[-0.251369,46.45285],[-0.252272,46.452829],[-0.253601,46.452311],[-0.255191,46.451934],[-0.25692,46.452035],[-0.258082,46.451717],[-0.259381,46.45168],[-0.259703,46.451866],[-0.260431,46.451764],[-0.260453,46.452153],[-0.261089,46.452067],[-0.262712,46.451109],[-0.262742,46.450855],[-0.26375,46.450694],[-0.264377,46.450225],[-0.265119,46.450277],[-0.265591,46.450659],[-0.265483,46.450931],[-0.265771,46.45099],[-0.265571,46.451762],[-0.264999,46.452064],[-0.264466,46.452115],[-0.263861,46.453836],[-0.262506,46.454789],[-0.262065,46.456619],[-0.261576,46.457832],[-0.261396,46.457904],[-0.261351,46.459258],[-0.260533,46.460386],[-0.259922,46.46082],[-0.259841,46.461818],[-0.259507,46.462312],[-0.25966,46.462469],[-0.259972,46.462458],[-0.260137,46.463243],[-0.260938,46.464008],[-0.260866,46.464367],[-0.261148,46.464344],[-0.261194,46.464987],[-0.261631,46.465144],[-0.261808,46.465984],[-0.262308,46.46648],[-0.262397,46.466983],[-0.26306,46.467838],[-0.263594,46.468004],[-0.263928,46.468659],[-0.26527,46.469156],[-0.265956,46.469952],[-0.266529,46.470147],[-0.267685,46.471112],[-0.26769,46.472151],[-0.268386,46.473198],[-0.268447,46.473589],[-0.270662,46.473525],[-0.270775,46.474513],[-0.271225,46.475762],[-0.272216,46.476055],[-0.272062,46.476914],[-0.27304,46.478287],[-0.276266,46.478978],[-0.276741,46.479372],[-0.277802,46.480595],[-0.277405,46.480977],[-0.279162,46.482287],[-0.279276,46.48467],[-0.280164,46.485504],[-0.280427,46.485562],[-0.281989,46.482453],[-0.28588,46.479747],[-0.286168,46.47893],[-0.289218,46.478235],[-0.290061,46.476713],[-0.290727,46.476526],[-0.291852,46.476471],[-0.292415,46.477539],[-0.29346,46.478271],[-0.294327,46.479522],[-0.294233,46.479782],[-0.294628,46.479954],[-0.29464,46.482071],[-0.295424,46.48372],[-0.295574,46.48478],[-0.296382,46.485735],[-0.297843,46.486722],[-0.298084,46.487243],[-0.298157,46.488268],[-0.299355,46.490103],[-0.300843,46.489928],[-0.302804,46.48897],[-0.304636,46.488383],[-0.305077,46.487994],[-0.305154,46.487372],[-0.30576,46.487928],[-0.306223,46.489403],[-0.30624,46.491193],[-0.305798,46.491986],[-0.305903,46.494856],[-0.306778,46.498122],[-0.307554,46.498486],[-0.308421,46.498201],[-0.309108,46.497769],[-0.310718,46.4974],[-0.31199,46.49674],[-0.312522,46.496953],[-0.316142,46.495024],[-0.317385,46.495084],[-0.322908,46.493425],[-0.323815,46.493314],[-0.326398,46.490969],[-0.328316,46.49014],[-0.329032,46.489271],[-0.329993,46.488802],[-0.331578,46.487622],[-0.334592,46.48625],[-0.337123,46.485796],[-0.337176,46.485424],[-0.3377,46.48535],[-0.338504,46.485764],[-0.341587,46.485938],[-0.34249,46.486511],[-0.343798,46.486924],[-0.343948,46.486629],[-0.346099,46.486726],[-0.34622,46.486441],[-0.347015,46.486693],[-0.347219,46.486868],[-0.346723,46.487375],[-0.347394,46.487764],[-0.349696,46.491275],[-0.351165,46.492901],[-0.352011,46.494421],[-0.352638,46.494976],[-0.354001,46.497465],[-0.356475,46.498676],[-0.356071,46.499015],[-0.355993,46.499557],[-0.356173,46.49974],[-0.356792,46.499896],[-0.357522,46.500492],[-0.357905,46.501233],[-0.356942,46.503367],[-0.357037,46.503706],[-0.357541,46.503833],[-0.357684,46.504105],[-0.359587,46.503918],[-0.362168,46.504428],[-0.364511,46.505678],[-0.365707,46.50665],[-0.367078,46.508915],[-0.366986,46.509535],[-0.366366,46.51018],[-0.366539,46.511031],[-0.370621,46.510529],[-0.372195,46.510717],[-0.373385,46.511048],[-0.375195,46.51204],[-0.376158,46.513053],[-0.376834,46.514837],[-0.377375,46.515229],[-0.380034,46.516246],[-0.381254,46.515857],[-0.382827,46.515605],[-0.384564,46.51458],[-0.385326,46.515175],[-0.388034,46.518054],[-0.385966,46.519496],[-0.385051,46.520451],[-0.384255,46.520943],[-0.383533,46.520898],[-0.383044,46.52139],[-0.383854,46.522107],[-0.385614,46.520989],[-0.386468,46.520999],[-0.386505,46.521763],[-0.388598,46.521893],[-0.388944,46.52229],[-0.38935,46.523855],[-0.389382,46.527095],[-0.389865,46.527624],[-0.391861,46.52881],[-0.39275,46.528573],[-0.394228,46.528593],[-0.396038,46.527576],[-0.396329,46.527333],[-0.396408,46.52678],[-0.397507,46.524943],[-0.397822,46.524876],[-0.398086,46.525044],[-0.398228,46.524864],[-0.399285,46.524944],[-0.40053,46.524507],[-0.401068,46.524559],[-0.401128,46.524178],[-0.401664,46.524153],[-0.402021,46.523626],[-0.40297,46.523165],[-0.403179,46.522664],[-0.404181,46.522154],[-0.404119,46.521866],[-0.40446,46.521496],[-0.404227,46.521025],[-0.404776,46.520725],[-0.405576,46.520965],[-0.405698,46.520319],[-0.405966,46.52013],[-0.406474,46.519884],[-0.406767,46.519906],[-0.407031,46.519628],[-0.407392,46.519596],[-0.407528,46.519323],[-0.407862,46.51946],[-0.408345,46.519296],[-0.40887,46.5183],[-0.409924,46.518121],[-0.410965,46.517392],[-0.411554,46.517389],[-0.412227,46.516715],[-0.41312,46.516763],[-0.414081,46.516494],[-0.414406,46.516598],[-0.416028,46.515973],[-0.416552,46.515983],[-0.416674,46.515792],[-0.417404,46.515804],[-0.417679,46.515639],[-0.418339,46.515754],[-0.419494,46.515658],[-0.420218,46.516003],[-0.422322,46.515789],[-0.422595,46.517023],[-0.423425,46.517577],[-0.423333,46.519138],[-0.424078,46.520455],[-0.422848,46.520982],[-0.420695,46.52254],[-0.418778,46.523522],[-0.418142,46.524237],[-0.41714,46.527963],[-0.417281,46.52905],[-0.416953,46.530875],[-0.416106,46.533249],[-0.415701,46.533867],[-0.414493,46.534534],[-0.41399,46.535234],[-0.412818,46.53594],[-0.411303,46.537986],[-0.410681,46.539564],[-0.410973,46.540529],[-0.410875,46.540874],[-0.409448,46.543243],[-0.409267,46.543914],[-0.409444,46.545452],[-0.40838,46.546254],[-0.406841,46.547052],[-0.402839,46.550799],[-0.402456,46.552603],[-0.402493,46.553789],[-0.401283,46.554978],[-0.400342,46.556479],[-0.398778,46.557795],[-0.396064,46.561439],[-0.39536,46.562949],[-0.394611,46.563548],[-0.394223,46.564339],[-0.3933,46.565116],[-0.392343,46.56781],[-0.390882,46.56962],[-0.390497,46.57121],[-0.388971,46.572292],[-0.388194,46.573057],[-0.385297,46.571339],[-0.383966,46.570298],[-0.382235,46.569402],[-0.380194,46.568775],[-0.37638,46.567053],[-0.371834,46.565588],[-0.371045,46.564761],[-0.368894,46.563285],[-0.367991,46.563018],[-0.367514,46.562692],[-0.365313,46.560572],[-0.366301,46.558963],[-0.367735,46.558327],[-0.366571,46.556791],[-0.366179,46.554883],[-0.365212,46.553778],[-0.364558,46.553749],[-0.363286,46.553104],[-0.36181,46.552059],[-0.360126,46.552872],[-0.359122,46.552727],[-0.35864,46.552853],[-0.357545,46.553637],[-0.360006,46.555553],[-0.358159,46.556815],[-0.358046,46.55705],[-0.358293,46.557608],[-0.35644,46.559127],[-0.357612,46.559807],[-0.358212,46.561152],[-0.358581,46.561528],[-0.358786,46.562768],[-0.359223,46.563613],[-0.359098,46.564109],[-0.357038,46.565691],[-0.356471,46.565699],[-0.354309,46.566382],[-0.352669,46.566637],[-0.350428,46.567753],[-0.350935,46.568133],[-0.350681,46.568765],[-0.350658,46.569741],[-0.351289,46.570212],[-0.35163,46.570742],[-0.351641,46.572723],[-0.352065,46.573523],[-0.351769,46.574089],[-0.350059,46.575457],[-0.347955,46.576117],[-0.346287,46.57702],[-0.343977,46.580066],[-0.3431,46.580397],[-0.341431,46.580119],[-0.340813,46.580236],[-0.340652,46.58096],[-0.339873,46.582192],[-0.340838,46.583777],[-0.341061,46.586078],[-0.342355,46.58814],[-0.346387,46.589593],[-0.34887,46.590038],[-0.348962,46.590576],[-0.347292,46.591111],[-0.346827,46.592292],[-0.345782,46.593577],[-0.344744,46.593736],[-0.344686,46.593873],[-0.345385,46.594624],[-0.345244,46.595561],[-0.3423,46.596324],[-0.340089,46.597311],[-0.339563,46.598906],[-0.338044,46.600896],[-0.337254,46.601636],[-0.335514,46.602437],[-0.333903,46.602445],[-0.330744,46.604519],[-0.329699,46.605901],[-0.328899,46.606339],[-0.327691,46.60667],[-0.326213,46.607678],[-0.324454,46.609914],[-0.323359,46.612401],[-0.322339,46.612175],[-0.321098,46.612159],[-0.3169,46.613112],[-0.315174,46.613802],[-0.314911,46.61349],[-0.312776,46.612722],[-0.312562,46.61215],[-0.31297,46.611725],[-0.31283,46.611435],[-0.313129,46.611117],[-0.312014,46.610705],[-0.3116,46.610265],[-0.31148,46.609391],[-0.310749,46.608585],[-0.308512,46.607431],[-0.307976,46.606928],[-0.306981,46.606636],[-0.303626,46.606128],[-0.302187,46.606072],[-0.299147,46.606682],[-0.298064,46.605897],[-0.297414,46.605957],[-0.297431,46.604967],[-0.299611,46.604151],[-0.299574,46.603704],[-0.297134,46.604392],[-0.296133,46.604864],[-0.296053,46.603803],[-0.294984,46.603362],[-0.293202,46.605593],[-0.291638,46.606693],[-0.290543,46.608084],[-0.289344,46.609024],[-0.288942,46.609033],[-0.288229,46.607789],[-0.285951,46.606355],[-0.281992,46.604332],[-0.279388,46.606216],[-0.2777,46.606788],[-0.275427,46.607262],[-0.272782,46.609018],[-0.271654,46.608729],[-0.268292,46.608655],[-0.266231,46.608024],[-0.266261,46.608653],[-0.26593,46.608571],[-0.264713,46.607699],[-0.264084,46.607764],[-0.263523,46.608017],[-0.262803,46.608069],[-0.261881,46.608496],[-0.261149,46.610209],[-0.258863,46.611016],[-0.25819,46.611825],[-0.257318,46.611233],[-0.25549,46.61168],[-0.255359,46.611386],[-0.25556,46.610868],[-0.255241,46.610516],[-0.255797,46.610523],[-0.256313,46.610132],[-0.255489,46.607694],[-0.254996,46.607313],[-0.254365,46.60759],[-0.253791,46.607159],[-0.253319,46.607329],[-0.252998,46.606975],[-0.253062,46.606611],[-0.25197,46.606506],[-0.251905,46.606316],[-0.25215,46.606077],[-0.251694,46.606045],[-0.251378,46.60583],[-0.250726,46.605968],[-0.250281,46.606256],[-0.24999,46.6062],[-0.249948,46.606079],[-0.250212,46.605977],[-0.249484,46.605589],[-0.249246,46.605158],[-0.249483,46.604442],[-0.249191,46.604399],[-0.248429,46.604626],[-0.248124,46.604551],[-0.248288,46.604105],[-0.247726,46.603973],[-0.24789,46.603656],[-0.247637,46.603088],[-0.248186,46.602633],[-0.247457,46.60258],[-0.248037,46.601874],[-0.248433,46.602011],[-0.24821,46.601457],[-0.248655,46.601529],[-0.249018,46.600918],[-0.249094,46.600347],[-0.248879,46.600028],[-0.249293,46.599358],[-0.249343,46.598828],[-0.249057,46.598471],[-0.250027,46.597533],[-0.249637,46.597026],[-0.249787,46.596038],[-0.249911,46.595829],[-0.250906,46.595434],[-0.2506,46.595001],[-0.250833,46.594724],[-0.251271,46.594677],[-0.251358,46.594033],[-0.251876,46.59377],[-0.25184,46.592675],[-0.252723,46.592243],[-0.253272,46.5922],[-0.253602,46.592412],[-0.253759,46.592036],[-0.254823,46.591953],[-0.254951,46.591676],[-0.254224,46.591573],[-0.254688,46.591243],[-0.254533,46.590939],[-0.255453,46.590434],[-0.256026,46.589836],[-0.256168,46.589406],[-0.256886,46.58928],[-0.256945,46.589023],[-0.257313,46.588805],[-0.257328,46.588218],[-0.257679,46.587855],[-0.258491,46.587731],[-0.258677,46.586983],[-0.25966,46.585577],[-0.259731,46.584563],[-0.260004,46.584256],[-0.260868,46.583823],[-0.260873,46.58357],[-0.26049,46.583393],[-0.260443,46.582926],[-0.259702,46.582677],[-0.259767,46.582146],[-0.259213,46.58211],[-0.258937,46.581802],[-0.258122,46.581608],[-0.258063,46.581306],[-0.257385,46.580936],[-0.256993,46.580892],[-0.256845,46.580537],[-0.256254,46.580172],[-0.256337,46.579742],[-0.255126,46.57932],[-0.254914,46.578966],[-0.254575,46.578839],[-0.254345,46.578204],[-0.253756,46.577735],[-0.253393,46.577646],[-0.252443,46.577769],[-0.252231,46.577602],[-0.25173,46.577548],[-0.250547,46.577573],[-0.249788,46.576748],[-0.249157,46.57656],[-0.248787,46.57588],[-0.247612,46.575543],[-0.246652,46.575531],[-0.245922,46.575227],[-0.245189,46.575215],[-0.244694,46.575004],[-0.244358,46.57462],[-0.243384,46.574565],[-0.243168,46.57472],[-0.240791,46.574201],[-0.240529,46.573962],[-0.239351,46.573981],[-0.238866,46.573551],[-0.23833,46.573402],[-0.237835,46.573032],[-0.237613,46.572685],[-0.237544,46.571694],[-0.237756,46.571026],[-0.236934,46.570886],[-0.236982,46.570007],[-0.23651,46.56957],[-0.236089,46.568743],[-0.236324,46.567997],[-0.237175,46.567371],[-0.237165,46.567214],[-0.2358,46.565641],[-0.234581,46.56532],[-0.233085,46.564186],[-0.230931,46.563231],[-0.229106,46.561922],[-0.228888,46.561432],[-0.228423,46.561262],[-0.22764,46.56128],[-0.228922,46.559406],[-0.228948,46.558945],[-0.226477,46.558848],[-0.224584,46.55944],[-0.223158,46.55767],[-0.222288,46.557055],[-0.222464,46.556671],[-0.224322,46.555953],[-0.225611,46.55561],[-0.227312,46.555546],[-0.22878,46.554262],[-0.228868,46.553806],[-0.227174,46.5525],[-0.227205,46.551766],[-0.226987,46.551518],[-0.223144,46.550153],[-0.222595,46.550075]]]}},{"type":"Feature","properties":{"uai_primary":"0790052C","uai_all":"0790052C","is_merged":false},"geometry":{"type":"Polygon","coordinates":[[[-0.380138,46.409115],[-0.378083,46.410752],[-0.373147,46.408605],[-0.373078,46.408766],[-0.371769,46.408002],[-0.369942,46.407303],[-0.360428,46.402564],[-0.357417,46.40088],[-0.358652,46.399545],[-0.358106,46.399123],[-0.358892,46.398703],[-0.361681,46.395379],[-0.364139,46.394534],[-0.365276,46.393348],[-0.364701,46.392597],[-0.368141,46.390182],[-0.368259,46.389954],[-0.367654,46.389564],[-0.367708,46.389338],[-0.366037,46.388432],[-0.365298,46.386649],[-0.364361,46.385669],[-0.362389,46.384894],[-0.36165,46.384378],[-0.361188,46.384508],[-0.360791,46.38372],[-0.359501,46.382713],[-0.357417,46.381876],[-0.353284,46.382222],[-0.35213,46.382122],[-0.352701,46.379668],[-0.353317,46.379757],[-0.354224,46.376981],[-0.355248,46.377615],[-0.355633,46.377031],[-0.356718,46.376675],[-0.358615,46.376929],[-0.360493,46.376572],[-0.362079,46.374851],[-0.362214,46.374025],[-0.362039,46.372889],[-0.361486,46.371101],[-0.360753,46.370054],[-0.363581,46.369728],[-0.365297,46.370022],[-0.365819,46.369767],[-0.366324,46.368918],[-0.366475,46.36882],[-0.366944,46.368892],[-0.367534,46.368069],[-0.368796,46.36781],[-0.369614,46.368357],[-0.371034,46.368202],[-0.372486,46.3685],[-0.372941,46.368945],[-0.373734,46.369195],[-0.374019,46.36992],[-0.375276,46.370175],[-0.375522,46.370382],[-0.375556,46.371012],[-0.376298,46.371464],[-0.376162,46.373018],[-0.376905,46.375143],[-0.377112,46.375118],[-0.378412,46.374363],[-0.37974,46.372625],[-0.38147,46.370888],[-0.381282,46.370737],[-0.383865,46.367658],[-0.384589,46.365722],[-0.386685,46.362368],[-0.388308,46.362422],[-0.390829,46.363135],[-0.391963,46.363288],[-0.395448,46.36291],[-0.398679,46.358031],[-0.400249,46.354133],[-0.402392,46.354252],[-0.402349,46.354459],[-0.405019,46.354863],[-0.404958,46.355126],[-0.40757,46.355588],[-0.407677,46.355394],[-0.410481,46.355966],[-0.410055,46.354421],[-0.41009,46.352897],[-0.410444,46.350983],[-0.410756,46.351014],[-0.412121,46.349267],[-0.412511,46.349422],[-0.413103,46.34861],[-0.415973,46.349009],[-0.417837,46.347112],[-0.426339,46.342136],[-0.426853,46.341584],[-0.427285,46.340714],[-0.425335,46.339542],[-0.42536,46.338739],[-0.426114,46.337816],[-0.427827,46.338345],[-0.427884,46.338083],[-0.427366,46.3375],[-0.428368,46.337909],[-0.428651,46.337713],[-0.429026,46.337754],[-0.428947,46.337591],[-0.42916,46.337403],[-0.429459,46.337356],[-0.42953,46.337155],[-0.429784,46.337199],[-0.429992,46.336268],[-0.430486,46.336111],[-0.431224,46.335225],[-0.429764,46.335711],[-0.429554,46.336117],[-0.428897,46.335823],[-0.429067,46.335289],[-0.430085,46.335035],[-0.429895,46.334417],[-0.430522,46.334364],[-0.431424,46.334558],[-0.432443,46.334069],[-0.432571,46.333236],[-0.433249,46.332568],[-0.434403,46.333255],[-0.435331,46.332795],[-0.435681,46.332255],[-0.436224,46.33231],[-0.436955,46.331842],[-0.437295,46.331861],[-0.438227,46.331444],[-0.438612,46.331485],[-0.43886,46.331156],[-0.440804,46.33039],[-0.441732,46.330074],[-0.442119,46.330095],[-0.442047,46.329697],[-0.442247,46.32945],[-0.442652,46.329617],[-0.443481,46.329448],[-0.444208,46.329218],[-0.44411,46.328756],[-0.444525,46.328917],[-0.444993,46.328885],[-0.447964,46.327736],[-0.448507,46.327901],[-0.448862,46.327785],[-0.448955,46.327944],[-0.449418,46.32766],[-0.449499,46.328014],[-0.45057,46.328293],[-0.450661,46.328737],[-0.45111,46.328385],[-0.451291,46.328631],[-0.451535,46.328423],[-0.454408,46.328596],[-0.454501,46.328704],[-0.455128,46.328636],[-0.456875,46.328962],[-0.457435,46.328926],[-0.457648,46.329048],[-0.457853,46.328954],[-0.458208,46.329282],[-0.458712,46.329315],[-0.459576,46.329656],[-0.459911,46.329585],[-0.4597,46.329395],[-0.459951,46.329085],[-0.460645,46.329235],[-0.461584,46.32917],[-0.462033,46.329406],[-0.462161,46.329922],[-0.462561,46.33026],[-0.462505,46.331176],[-0.463133,46.332264],[-0.462904,46.332764],[-0.463034,46.333062],[-0.463782,46.333721],[-0.464464,46.333582],[-0.465354,46.334779],[-0.466548,46.334699],[-0.46689,46.334826],[-0.467062,46.335741],[-0.467987,46.336454],[-0.468794,46.337421],[-0.468732,46.338298],[-0.469839,46.33951],[-0.470424,46.339884],[-0.47151,46.341894],[-0.470759,46.343058],[-0.469686,46.343884],[-0.469936,46.34515],[-0.469466,46.345958],[-0.467842,46.34763],[-0.465574,46.347531],[-0.464977,46.348538],[-0.464117,46.349107],[-0.46106,46.349212],[-0.460871,46.349441],[-0.459661,46.349873],[-0.458553,46.350776],[-0.457694,46.351035],[-0.457149,46.351454],[-0.456593,46.352055],[-0.456455,46.355176],[-0.457303,46.355438],[-0.458149,46.356128],[-0.459141,46.35644],[-0.462749,46.357419],[-0.463794,46.357841],[-0.464758,46.357831],[-0.465619,46.357999],[-0.46725,46.358518],[-0.467991,46.359316],[-0.468736,46.361071],[-0.469804,46.361928],[-0.470948,46.365383],[-0.46884,46.366171],[-0.465846,46.366247],[-0.465311,46.366006],[-0.463489,46.365829],[-0.462302,46.365548],[-0.459219,46.364582],[-0.458147,46.364563],[-0.456756,46.364753],[-0.456213,46.365099],[-0.454124,46.368509],[-0.45218,46.370898],[-0.44984,46.374716],[-0.449691,46.37565],[-0.450165,46.376064],[-0.450486,46.376062],[-0.451905,46.37685],[-0.454077,46.376909],[-0.459033,46.376496],[-0.461171,46.376772],[-0.463049,46.376573],[-0.464483,46.376631],[-0.466204,46.37649],[-0.468354,46.376626],[-0.469166,46.376431],[-0.470537,46.375757],[-0.474809,46.375392],[-0.477462,46.375639],[-0.478597,46.375214],[-0.480028,46.375083],[-0.481268,46.375369],[-0.483371,46.376903],[-0.484011,46.377713],[-0.484274,46.378794],[-0.483806,46.379183],[-0.482589,46.379287],[-0.482998,46.37989],[-0.483317,46.381012],[-0.483315,46.381549],[-0.482994,46.382258],[-0.483358,46.382784],[-0.483133,46.383036],[-0.480345,46.382958],[-0.479221,46.383598],[-0.478319,46.383706],[-0.476977,46.383428],[-0.475396,46.383538],[-0.46895,46.382625],[-0.466834,46.382675],[-0.465487,46.382871],[-0.463027,46.383581],[-0.461672,46.384254],[-0.460689,46.385072],[-0.460134,46.387006],[-0.460265,46.387885],[-0.461729,46.389116],[-0.464825,46.38995],[-0.465427,46.390261],[-0.466111,46.391005],[-0.465884,46.39174],[-0.46676,46.391833],[-0.467524,46.392458],[-0.465161,46.393888],[-0.46857,46.397212],[-0.468657,46.398812],[-0.467745,46.399733],[-0.467217,46.400915],[-0.466884,46.401086],[-0.466303,46.400982],[-0.464654,46.400031],[-0.46378,46.400073],[-0.461819,46.399722],[-0.461617,46.399143],[-0.459851,46.397095],[-0.458322,46.395992],[-0.457029,46.39477],[-0.456738,46.394273],[-0.455788,46.394067],[-0.455438,46.393827],[-0.455305,46.393098],[-0.45506,46.392798],[-0.453901,46.392231],[-0.451505,46.391597],[-0.450168,46.394292],[-0.450452,46.394709],[-0.452426,46.396174],[-0.451632,46.396752],[-0.450593,46.397022],[-0.449769,46.398331],[-0.450317,46.399288],[-0.449929,46.400046],[-0.450928,46.400198],[-0.451348,46.400718],[-0.451476,46.402906],[-0.450945,46.404152],[-0.450916,46.404695],[-0.45032,46.405374],[-0.450546,46.406084],[-0.450196,46.406511],[-0.449127,46.406673],[-0.448997,46.40778],[-0.448351,46.408156],[-0.448128,46.408894],[-0.447158,46.409286],[-0.446552,46.410094],[-0.444658,46.410423],[-0.446585,46.411791],[-0.450369,46.412875],[-0.449326,46.415398],[-0.447473,46.418559],[-0.443627,46.423598],[-0.442186,46.425073],[-0.43788,46.427698],[-0.436936,46.427461],[-0.433286,46.425403],[-0.430843,46.424632],[-0.429859,46.424592],[-0.428747,46.424659],[-0.425121,46.425597],[-0.422542,46.425871],[-0.42162,46.426209],[-0.419557,46.427454],[-0.418446,46.427657],[-0.415991,46.427027],[-0.409872,46.424214],[-0.405122,46.422864],[-0.403153,46.422691],[-0.398634,46.422652],[-0.395253,46.421928],[-0.390068,46.419391],[-0.391119,46.418152],[-0.388008,46.4172],[-0.388995,46.416135],[-0.3901,46.415713],[-0.389103,46.414945],[-0.389644,46.414691],[-0.390137,46.414201],[-0.389031,46.413591],[-0.389691,46.412178],[-0.386372,46.411082],[-0.382604,46.4102],[-0.381311,46.409699],[-0.381225,46.4098],[-0.380138,46.409115]],[[-0.460461,46.329655],[-0.460143,46.330108],[-0.460496,46.330822],[-0.461007,46.33048],[-0.461146,46.330163],[-0.460751,46.329619],[-0.460461,46.329655]],[[-0.448633,46.311056],[-0.448513,46.311238],[-0.447748,46.311373],[-0.447896,46.311585],[-0.447433,46.311552],[-0.446987,46.311202],[-0.447682,46.310402],[-0.448173,46.310464],[-0.448516,46.310684],[-0.448633,46.311056]],[[-0.42714,46.336669],[-0.427036,46.337383],[-0.426769,46.337476],[-0.426339,46.33659],[-0.426615,46.336306],[-0.426559,46.336053],[-0.426884,46.33619],[-0.427077,46.335982],[-0.427288,46.336104],[-0.427875,46.335697],[-0.427775,46.335551],[-0.428218,46.335643],[-0.428099,46.336075],[-0.427348,46.336163],[-0.42714,46.336669]]]}},{"type":"Feature","properties":{"uai_primary":"0790089T","uai_all":"0790089T","is_merged":false},"geometry":{"type":"Polygon","coordinates":[[[-0.348948,46.352249],[-0.34815,46.351765],[-0.348716,46.349863],[-0.352329,46.349328],[-0.353617,46.347757],[-0.355397,46.347433],[-0.356978,46.344761],[-0.357432,46.344751],[-0.358303,46.34527],[-0.359805,46.344109],[-0.360468,46.344364],[-0.362712,46.342419],[-0.363052,46.341421],[-0.363877,46.341507],[-0.364077,46.341132],[-0.364825,46.341283],[-0.364799,46.341472],[-0.365179,46.341525],[-0.365229,46.34173],[-0.365666,46.340548],[-0.367225,46.340756],[-0.367681,46.339692],[-0.367406,46.339645],[-0.367732,46.338997],[-0.368018,46.339017],[-0.3688,46.337285],[-0.368444,46.337205],[-0.368766,46.336504],[-0.368332,46.336372],[-0.368505,46.336016],[-0.369402,46.336251],[-0.369456,46.336061],[-0.371538,46.336569],[-0.375023,46.336842],[-0.375611,46.337347],[-0.376527,46.337448],[-0.378254,46.333468],[-0.378515,46.331746],[-0.380044,46.331239],[-0.383661,46.330464],[-0.385115,46.329842],[-0.384654,46.329312],[-0.382687,46.328097],[-0.380415,46.327016],[-0.381985,46.32644],[-0.383481,46.325588],[-0.384582,46.324776],[-0.387566,46.32198],[-0.388166,46.32089],[-0.389492,46.320391],[-0.39008,46.319928],[-0.390331,46.318878],[-0.389392,46.318925],[-0.388085,46.318669],[-0.388026,46.315689],[-0.39764,46.316525],[-0.397812,46.319198],[-0.399648,46.319526],[-0.401222,46.319339],[-0.402235,46.317485],[-0.402211,46.316742],[-0.404043,46.317054],[-0.405782,46.318435],[-0.406365,46.317685],[-0.407493,46.317427],[-0.408118,46.318421],[-0.408933,46.317559],[-0.410424,46.318073],[-0.411621,46.317341],[-0.413133,46.317989],[-0.414035,46.317966],[-0.415146,46.318623],[-0.415386,46.316139],[-0.416566,46.318235],[-0.416942,46.316967],[-0.417856,46.318419],[-0.418063,46.317352],[-0.419743,46.317732],[-0.419911,46.317264],[-0.420859,46.316283],[-0.421906,46.317424],[-0.422298,46.31704],[-0.422841,46.317286],[-0.424136,46.316977],[-0.424199,46.317142],[-0.424717,46.317328],[-0.426566,46.315339],[-0.427378,46.317557],[-0.427803,46.317448],[-0.427964,46.316587],[-0.428528,46.317409],[-0.429188,46.317509],[-0.429268,46.317196],[-0.430175,46.317025],[-0.430272,46.317129],[-0.432457,46.31696],[-0.432747,46.317298],[-0.433052,46.316936],[-0.433284,46.31708],[-0.433364,46.316927],[-0.43367,46.316927],[-0.433822,46.317194],[-0.434013,46.316849],[-0.434514,46.316904],[-0.434687,46.317128],[-0.434985,46.317694],[-0.433129,46.318503],[-0.432276,46.318599],[-0.431467,46.319134],[-0.430548,46.319313],[-0.430268,46.320344],[-0.430868,46.320974],[-0.431821,46.320854],[-0.434641,46.321101],[-0.435535,46.321291],[-0.436226,46.321723],[-0.437024,46.321579],[-0.43885,46.321784],[-0.439592,46.322151],[-0.440964,46.322093],[-0.442419,46.322936],[-0.442806,46.323951],[-0.443476,46.32454],[-0.443256,46.325727],[-0.443455,46.325973],[-0.444205,46.326181],[-0.444512,46.326724],[-0.444248,46.327335],[-0.443802,46.327447],[-0.444247,46.327698],[-0.444389,46.328367],[-0.44401,46.328632],[-0.444208,46.329218],[-0.44296,46.329598],[-0.442247,46.32945],[-0.442047,46.329697],[-0.442119,46.330095],[-0.441732,46.330074],[-0.440804,46.33039],[-0.43886,46.331156],[-0.438612,46.331485],[-0.438227,46.331444],[-0.437295,46.331861],[-0.436955,46.331842],[-0.436224,46.33231],[-0.435681,46.332255],[-0.435331,46.332795],[-0.434403,46.333255],[-0.433249,46.332568],[-0.432571,46.333236],[-0.432443,46.334069],[-0.431424,46.334558],[-0.430522,46.334364],[-0.429895,46.334417],[-0.430085,46.335035],[-0.429067,46.335289],[-0.428876,46.335702],[-0.428977,46.335957],[-0.429582,46.336115],[-0.429764,46.335711],[-0.431224,46.335225],[-0.430486,46.336111],[-0.429992,46.336268],[-0.429784,46.337199],[-0.42953,46.337155],[-0.429459,46.337356],[-0.42916,46.337403],[-0.428947,46.337591],[-0.429026,46.337754],[-0.428651,46.337713],[-0.428368,46.337909],[-0.427366,46.3375],[-0.427884,46.338083],[-0.427827,46.338345],[-0.426114,46.337816],[-0.42536,46.338739],[-0.425335,46.339542],[-0.427285,46.340714],[-0.426853,46.341584],[-0.426339,46.342136],[-0.417837,46.347112],[-0.415973,46.349009],[-0.413103,46.34861],[-0.412511,46.349422],[-0.412121,46.349267],[-0.410756,46.351014],[-0.410444,46.350983],[-0.41009,46.352897],[-0.410055,46.354421],[-0.410481,46.355966],[-0.407677,46.355394],[-0.40757,46.355588],[-0.404958,46.355126],[-0.405019,46.354863],[-0.402349,46.354459],[-0.402392,46.354252],[-0.400249,46.354133],[-0.398679,46.358031],[-0.395448,46.36291],[-0.391963,46.363288],[-0.390829,46.363135],[-0.388308,46.362422],[-0.386685,46.362368],[-0.384589,46.365722],[-0.383865,46.367658],[-0.381282,46.370737],[-0.38147,46.370888],[-0.37974,46.372625],[-0.378412,46.374363],[-0.377112,46.375118],[-0.376905,46.375143],[-0.376162,46.373018],[-0.376383,46.371605],[-0.375556,46.371012],[-0.375522,46.370382],[-0.375046,46.370075],[-0.374019,46.36992],[-0.373734,46.369195],[-0.372941,46.368945],[-0.372486,46.3685],[-0.371034,46.368202],[-0.369614,46.368357],[-0.368796,46.36781],[-0.367534,46.368069],[-0.366944,46.368892],[-0.366475,46.36882],[-0.366324,46.368918],[-0.365819,46.369767],[-0.365297,46.370022],[-0.363581,46.369728],[-0.360753,46.370054],[-0.361486,46.371101],[-0.362214,46.374025],[-0.362079,46.374851],[-0.360738,46.376466],[-0.358615,46.376929],[-0.356718,46.376675],[-0.355633,46.377031],[-0.355248,46.377615],[-0.354224,46.376981],[-0.354897,46.376274],[-0.355489,46.376395],[-0.357328,46.37409],[-0.355894,46.37272],[-0.353452,46.371658],[-0.354895,46.3711],[-0.357399,46.368603],[-0.358684,46.366908],[-0.356665,46.366014],[-0.35684,46.365605],[-0.35544,46.364918],[-0.354874,46.365291],[-0.353616,46.364826],[-0.354954,46.36288],[-0.352865,46.362229],[-0.349058,46.361688],[-0.349454,46.360874],[-0.35001,46.360276],[-0.351996,46.358383],[-0.352939,46.357731],[-0.351337,46.356868],[-0.35133,46.356733],[-0.353789,46.354356],[-0.350184,46.35301],[-0.349478,46.35293],[-0.348948,46.352249]],[[-0.427142,46.336744],[-0.427348,46.336163],[-0.428099,46.336075],[-0.428218,46.335643],[-0.427775,46.335551],[-0.427875,46.335697],[-0.427288,46.336104],[-0.427077,46.335982],[-0.426884,46.33619],[-0.426559,46.336053],[-0.426615,46.336306],[-0.426339,46.33659],[-0.426769,46.337476],[-0.427036,46.337383],[-0.427142,46.336744]]]}},{"type":"Feature","properties":{"uai_primary":"0790091V","uai_all":"0790091V","is_merged":false},"geometry":{"type":"Polygon","coordinates":[[[-0.521833,46.778908],[-0.522123,46.778805],[-0.523656,46.780451],[-0.522542,46.781667],[-0.526138,46.782747],[-0.526092,46.783108],[-0.526896,46.783448],[-0.527327,46.784158],[-0.528321,46.784358],[-0.528015,46.78477],[-0.528464,46.785428],[-0.529073,46.785101],[-0.529659,46.785574],[-0.529041,46.785981],[-0.529241,46.786085],[-0.531576,46.786106],[-0.533311,46.786463],[-0.534592,46.786451],[-0.536863,46.787249],[-0.536794,46.785946],[-0.537159,46.785441],[-0.53894,46.785666],[-0.540116,46.785592],[-0.541609,46.786545],[-0.541042,46.786964],[-0.541051,46.787145],[-0.541729,46.787577],[-0.543186,46.787856],[-0.544691,46.787884],[-0.546613,46.788148],[-0.550091,46.78912],[-0.550805,46.789035],[-0.555894,46.789395],[-0.556006,46.789201],[-0.557214,46.789839],[-0.557388,46.790061],[-0.557132,46.791273],[-0.557224,46.792169],[-0.558745,46.793667],[-0.560337,46.793226],[-0.560403,46.794057],[-0.561143,46.79433],[-0.56158,46.794773],[-0.564984,46.795721],[-0.566233,46.796228],[-0.567557,46.797075],[-0.567123,46.797919],[-0.569203,46.798811],[-0.569844,46.799424],[-0.569425,46.7997],[-0.568993,46.800977],[-0.570265,46.801485],[-0.571079,46.802004],[-0.574131,46.804327],[-0.574115,46.804808],[-0.573556,46.805363],[-0.575792,46.806701],[-0.576378,46.806642],[-0.57665,46.806814],[-0.576477,46.807268],[-0.577426,46.80783],[-0.57831,46.807722],[-0.578628,46.80821],[-0.577491,46.809043],[-0.576458,46.810555],[-0.57828,46.811499],[-0.577071,46.812612],[-0.578655,46.81314],[-0.579845,46.813969],[-0.581019,46.814259],[-0.581556,46.815107],[-0.583054,46.814934],[-0.583225,46.81565],[-0.585446,46.816718],[-0.585774,46.816709],[-0.587353,46.815589],[-0.587803,46.815443],[-0.590157,46.815337],[-0.591159,46.815672],[-0.592796,46.81563],[-0.593069,46.815803],[-0.593098,46.816343],[-0.592759,46.817341],[-0.592509,46.817573],[-0.591213,46.817876],[-0.59186,46.818458],[-0.591107,46.818921],[-0.590529,46.819598],[-0.590547,46.82004],[-0.591397,46.821343],[-0.590905,46.822448],[-0.591164,46.823818],[-0.592482,46.824493],[-0.594157,46.826399],[-0.59615,46.826128],[-0.59705,46.826816],[-0.597076,46.827762],[-0.597402,46.828407],[-0.599459,46.831169],[-0.599384,46.831637],[-0.598746,46.832518],[-0.598604,46.833427],[-0.598888,46.833713],[-0.599613,46.834201],[-0.601029,46.834501],[-0.6025,46.835253],[-0.603207,46.835375],[-0.605106,46.835148],[-0.606351,46.835849],[-0.606761,46.836323],[-0.606965,46.836951],[-0.605264,46.837336],[-0.604933,46.837528],[-0.604377,46.838314],[-0.604344,46.839257],[-0.603093,46.839928],[-0.601955,46.840961],[-0.601061,46.841504],[-0.599076,46.842015],[-0.601615,46.845113],[-0.600424,46.846134],[-0.600376,46.846451],[-0.600964,46.847606],[-0.600186,46.847761],[-0.597121,46.847794],[-0.597093,46.846471],[-0.597974,46.845216],[-0.597814,46.844218],[-0.597483,46.843914],[-0.597325,46.843422],[-0.596653,46.843125],[-0.595721,46.843098],[-0.595199,46.842906],[-0.594711,46.843177],[-0.594216,46.844259],[-0.593533,46.844946],[-0.593343,46.845669],[-0.591552,46.846983],[-0.589616,46.847381],[-0.588558,46.847919],[-0.588317,46.848437],[-0.587674,46.848989],[-0.5858,46.84977],[-0.584441,46.850928],[-0.581937,46.851374],[-0.580704,46.851797],[-0.581106,46.853659],[-0.581689,46.853905],[-0.583669,46.856825],[-0.584049,46.856959],[-0.584167,46.857263],[-0.58249,46.859017],[-0.582199,46.859699],[-0.581457,46.860528],[-0.57825,46.86313],[-0.576655,46.863981],[-0.574827,46.864163],[-0.570928,46.866076],[-0.570877,46.869077],[-0.572172,46.870197],[-0.571407,46.871317],[-0.570461,46.872016],[-0.569854,46.872932],[-0.569016,46.873223],[-0.568256,46.873737],[-0.567496,46.875467],[-0.5669,46.876],[-0.563369,46.877144],[-0.561999,46.877955],[-0.560757,46.879573],[-0.560153,46.880743],[-0.558159,46.882262],[-0.557861,46.882933],[-0.557443,46.883107],[-0.557132,46.883477],[-0.556874,46.883871],[-0.557084,46.884351],[-0.556781,46.88483],[-0.557965,46.887183],[-0.558002,46.888104],[-0.557514,46.88912],[-0.556633,46.890081],[-0.556457,46.89174],[-0.556091,46.892357],[-0.556191,46.893644],[-0.555643,46.89477],[-0.555705,46.895093],[-0.554849,46.894613],[-0.552129,46.894364],[-0.551582,46.894062],[-0.550944,46.893181],[-0.551072,46.891373],[-0.55056,46.890645],[-0.55002,46.890863],[-0.549665,46.890747],[-0.549005,46.891215],[-0.547119,46.891415],[-0.544146,46.89055],[-0.542134,46.889746],[-0.541385,46.88986],[-0.540949,46.889425],[-0.539154,46.889281],[-0.536529,46.889301],[-0.535429,46.888906],[-0.533804,46.889874],[-0.53141,46.891996],[-0.529648,46.892661],[-0.526839,46.893073],[-0.526502,46.89347],[-0.524691,46.894329],[-0.522392,46.895897],[-0.520882,46.896384],[-0.519595,46.89652],[-0.518897,46.896843],[-0.518223,46.896946],[-0.514455,46.896916],[-0.513569,46.897076],[-0.513147,46.896896],[-0.512446,46.897136],[-0.510715,46.896946],[-0.509773,46.897405],[-0.508149,46.897646],[-0.50711,46.898138],[-0.505897,46.898254],[-0.505419,46.898438],[-0.505342,46.898701],[-0.505015,46.898736],[-0.503,46.898789],[-0.502144,46.898628],[-0.501066,46.898825],[-0.500572,46.89907],[-0.499484,46.899081],[-0.498814,46.898534],[-0.49815,46.898683],[-0.497436,46.898577],[-0.496498,46.898667],[-0.495461,46.898478],[-0.493973,46.899193],[-0.493597,46.899968],[-0.492632,46.900838],[-0.491822,46.901269],[-0.491079,46.90141],[-0.490379,46.901104],[-0.490037,46.901369],[-0.489868,46.900636],[-0.48931,46.900658],[-0.489234,46.901235],[-0.488752,46.901316],[-0.488308,46.901608],[-0.487666,46.901356],[-0.487385,46.901717],[-0.48649,46.901902],[-0.486235,46.902311],[-0.484404,46.902912],[-0.483202,46.902683],[-0.481864,46.902783],[-0.481718,46.903044],[-0.480938,46.903163],[-0.479757,46.903893],[-0.479213,46.90403],[-0.477466,46.904057],[-0.476883,46.904194],[-0.475158,46.90386],[-0.474151,46.904479],[-0.473907,46.904887],[-0.470524,46.905593],[-0.470077,46.906001],[-0.468174,46.906215],[-0.466613,46.906791],[-0.456346,46.907653],[-0.455346,46.90797],[-0.455221,46.909081],[-0.455628,46.909381],[-0.455248,46.91063],[-0.454354,46.911243],[-0.454144,46.913485],[-0.453575,46.914572],[-0.453603,46.915359],[-0.454834,46.917327],[-0.454915,46.918056],[-0.454141,46.918838],[-0.452496,46.921254],[-0.451288,46.921875],[-0.449541,46.923629],[-0.447549,46.924755],[-0.446811,46.924864],[-0.446056,46.925704],[-0.445818,46.926681],[-0.44526,46.926827],[-0.443514,46.927767],[-0.441772,46.928315],[-0.439292,46.9297],[-0.438678,46.93122],[-0.439923,46.93314],[-0.439955,46.934543],[-0.439759,46.935381],[-0.438208,46.937548],[-0.438331,46.938083],[-0.439349,46.93988],[-0.439213,46.940368],[-0.439583,46.942758],[-0.43888,46.94427],[-0.438469,46.944705],[-0.43796,46.944644],[-0.43722,46.946039],[-0.437107,46.946766],[-0.436276,46.94734],[-0.435566,46.948181],[-0.434979,46.948678],[-0.434066,46.949042],[-0.433634,46.949461],[-0.431948,46.950251],[-0.431539,46.95066],[-0.431072,46.950694],[-0.4307,46.951037],[-0.43019,46.951201],[-0.429238,46.951307],[-0.428581,46.950682],[-0.428134,46.950626],[-0.428025,46.950383],[-0.427717,46.950293],[-0.426924,46.950557],[-0.42622,46.951644],[-0.425681,46.951684],[-0.425479,46.951919],[-0.425174,46.951951],[-0.424526,46.951043],[-0.423891,46.950978],[-0.423613,46.950723],[-0.422398,46.950565],[-0.422338,46.950273],[-0.421163,46.949858],[-0.420534,46.949376],[-0.420588,46.949088],[-0.419996,46.948717],[-0.42025,46.948135],[-0.419704,46.947083],[-0.41978,46.946824],[-0.420102,46.946668],[-0.419845,46.946501],[-0.420288,46.944977],[-0.420097,46.944344],[-0.419228,46.943774],[-0.417397,46.943114],[-0.415638,46.942725],[-0.414569,46.942049],[-0.413741,46.941822],[-0.413838,46.940354],[-0.415164,46.938725],[-0.415813,46.938545],[-0.41609,46.93749],[-0.416874,46.93751],[-0.416734,46.937123],[-0.417035,46.937076],[-0.417554,46.935946],[-0.417619,46.935199],[-0.416451,46.934922],[-0.416387,46.933971],[-0.415444,46.932046],[-0.415573,46.930356],[-0.415851,46.929822],[-0.417302,46.929129],[-0.417306,46.928654],[-0.417615,46.928123],[-0.420155,46.925942],[-0.42037,46.925534],[-0.420189,46.925344],[-0.420748,46.925183],[-0.419991,46.923117],[-0.418874,46.922664],[-0.419192,46.922055],[-0.419904,46.921661],[-0.422051,46.919732],[-0.422669,46.919749],[-0.423284,46.919269],[-0.423416,46.918728],[-0.424115,46.918014],[-0.424436,46.917],[-0.424991,46.916328],[-0.424512,46.915091],[-0.42391,46.914488],[-0.424065,46.914161],[-0.421603,46.914405],[-0.420394,46.913894],[-0.419023,46.914061],[-0.418334,46.913403],[-0.417138,46.913596],[-0.415981,46.912644],[-0.414249,46.911953],[-0.411337,46.909095],[-0.405779,46.908078],[-0.404395,46.907946],[-0.40195,46.907941],[-0.401072,46.90839],[-0.400968,46.909048],[-0.400179,46.909022],[-0.395137,46.908017],[-0.394729,46.907757],[-0.392782,46.908208],[-0.392191,46.908222],[-0.391842,46.907825],[-0.391065,46.908024],[-0.387853,46.90945],[-0.386869,46.909474],[-0.378947,46.908672],[-0.378451,46.909269],[-0.377297,46.908486],[-0.376647,46.908636],[-0.376088,46.908044],[-0.374319,46.908821],[-0.371929,46.909509],[-0.371953,46.909283],[-0.371224,46.908579],[-0.369682,46.906443],[-0.368755,46.905807],[-0.368088,46.905598],[-0.367756,46.90421],[-0.366735,46.903514],[-0.366708,46.902974],[-0.368083,46.901592],[-0.368969,46.900941],[-0.369888,46.90092],[-0.370659,46.900586],[-0.372223,46.899428],[-0.37083,46.897884],[-0.369057,46.896939],[-0.368207,46.896756],[-0.37098,46.89508],[-0.369828,46.894485],[-0.368658,46.894737],[-0.367838,46.893073],[-0.367873,46.892268],[-0.367405,46.891435],[-0.36506,46.890939],[-0.364114,46.890987],[-0.361065,46.891616],[-0.358367,46.892459],[-0.352782,46.893671],[-0.348839,46.893628],[-0.345417,46.893854],[-0.34501,46.893177],[-0.344123,46.892523],[-0.34269,46.892737],[-0.342543,46.892425],[-0.3411,46.892459],[-0.340207,46.892264],[-0.339721,46.891689],[-0.340058,46.891463],[-0.340905,46.891275],[-0.34339,46.889533],[-0.346215,46.889071],[-0.349742,46.887737],[-0.351016,46.886934],[-0.351981,46.886879],[-0.352257,46.887307],[-0.353797,46.886276],[-0.35721,46.885507],[-0.36125,46.883115],[-0.362032,46.881647],[-0.363964,46.879085],[-0.366518,46.875181],[-0.372955,46.868201],[-0.373497,46.867724],[-0.374227,46.867421],[-0.375083,46.866609],[-0.377664,46.865732],[-0.377206,46.86501],[-0.377369,46.86433],[-0.378992,46.864379],[-0.380795,46.861878],[-0.383749,46.859182],[-0.383411,46.85793],[-0.382905,46.856997],[-0.383156,46.856766],[-0.386226,46.856329],[-0.386267,46.856017],[-0.390342,46.85484],[-0.393048,46.853876],[-0.394262,46.853216],[-0.395077,46.85346],[-0.40342,46.845877],[-0.405205,46.843678],[-0.399946,46.843908],[-0.398564,46.843848],[-0.395272,46.844256],[-0.394725,46.844369],[-0.393133,46.84604],[-0.391146,46.846451],[-0.388038,46.846023],[-0.385132,46.846118],[-0.384048,46.84559],[-0.381993,46.845676],[-0.380372,46.846099],[-0.378431,46.846906],[-0.376077,46.84734],[-0.375673,46.847712],[-0.374778,46.84779],[-0.370649,46.848963],[-0.367442,46.848997],[-0.363321,46.849734],[-0.362203,46.850165],[-0.361522,46.850177],[-0.36081,46.850497],[-0.359565,46.850519],[-0.358621,46.850369],[-0.356386,46.85079],[-0.355635,46.850617],[-0.353342,46.85074],[-0.352109,46.850556],[-0.351565,46.8502],[-0.350409,46.848778],[-0.34884,46.848074],[-0.34781,46.847928],[-0.346326,46.848443],[-0.345817,46.848807],[-0.344948,46.848825],[-0.34455,46.849026],[-0.342402,46.849311],[-0.342148,46.849546],[-0.341167,46.849696],[-0.340376,46.848843],[-0.339775,46.847059],[-0.33925,46.846722],[-0.338809,46.846868],[-0.337541,46.846906],[-0.336328,46.847332],[-0.335643,46.847267],[-0.334003,46.84656],[-0.332902,46.846781],[-0.332266,46.84714],[-0.330502,46.847373],[-0.328923,46.846565],[-0.328164,46.846506],[-0.32765,46.846655],[-0.32743,46.846254],[-0.327073,46.846131],[-0.326336,46.846256],[-0.326009,46.846509],[-0.324616,46.846346],[-0.324158,46.845866],[-0.322716,46.845377],[-0.321546,46.845266],[-0.321341,46.84544],[-0.320657,46.845338],[-0.319786,46.845594],[-0.317948,46.843949],[-0.317079,46.844083],[-0.316163,46.84372],[-0.315122,46.843613],[-0.314642,46.843422],[-0.313954,46.843607],[-0.31333,46.844187],[-0.311981,46.844666],[-0.311765,46.845052],[-0.310299,46.845134],[-0.308798,46.844585],[-0.308045,46.843876],[-0.307914,46.843376],[-0.308216,46.842862],[-0.308125,46.84258],[-0.307707,46.842339],[-0.306252,46.842202],[-0.305935,46.842029],[-0.304923,46.842624],[-0.302468,46.843037],[-0.300453,46.84288],[-0.299911,46.842478],[-0.299157,46.842484],[-0.298704,46.842078],[-0.298647,46.841699],[-0.297754,46.841911],[-0.297852,46.842099],[-0.297464,46.842206],[-0.297358,46.84258],[-0.296389,46.842856],[-0.29559,46.842202],[-0.295379,46.841728],[-0.295479,46.841289],[-0.293996,46.841039],[-0.292981,46.841255],[-0.291952,46.84107],[-0.289991,46.841209],[-0.289393,46.840789],[-0.289021,46.839787],[-0.288046,46.839108],[-0.286101,46.838615],[-0.283805,46.838708],[-0.283659,46.838307],[-0.283302,46.838142],[-0.282664,46.838169],[-0.282272,46.838403],[-0.281304,46.838462],[-0.280108,46.839224],[-0.279606,46.839195],[-0.278929,46.839598],[-0.278871,46.840142],[-0.278297,46.84038],[-0.277505,46.840307],[-0.277183,46.840128],[-0.275992,46.840158],[-0.2759,46.840389],[-0.274461,46.840848],[-0.273813,46.841489],[-0.27403,46.841776],[-0.273513,46.841873],[-0.273555,46.842097],[-0.273148,46.842349],[-0.272544,46.84223],[-0.271989,46.842543],[-0.271831,46.843037],[-0.270855,46.843182],[-0.270124,46.843991],[-0.269663,46.843827],[-0.269286,46.84393],[-0.269356,46.844113],[-0.268927,46.84418],[-0.268889,46.844574],[-0.268481,46.844931],[-0.268294,46.844681],[-0.268385,46.843929],[-0.26917,46.842636],[-0.268954,46.841652],[-0.26902,46.84067],[-0.26869,46.840232],[-0.268243,46.840013],[-0.266532,46.839991],[-0.265641,46.838981],[-0.265651,46.838682],[-0.265956,46.838272],[-0.267474,46.837229],[-0.2679,46.836323],[-0.268941,46.835425],[-0.269498,46.834442],[-0.269788,46.834241],[-0.270795,46.834108],[-0.271436,46.833307],[-0.27212,46.833153],[-0.273068,46.833216],[-0.273806,46.833009],[-0.274075,46.832772],[-0.274414,46.83188],[-0.274837,46.831561],[-0.276094,46.831425],[-0.277488,46.832172],[-0.279547,46.832761],[-0.280148,46.832643],[-0.28123,46.831868],[-0.280848,46.830927],[-0.280887,46.830305],[-0.282183,46.826989],[-0.283186,46.825964],[-0.283534,46.825245],[-0.284167,46.824956],[-0.283896,46.823866],[-0.283538,46.823447],[-0.283317,46.822751],[-0.284199,46.822316],[-0.286259,46.820864],[-0.287131,46.819221],[-0.288686,46.818779],[-0.288403,46.816214],[-0.291054,46.810111],[-0.294858,46.804685],[-0.300947,46.797839],[-0.302049,46.796237],[-0.307879,46.790837],[-0.311187,46.787475],[-0.313263,46.785717],[-0.313114,46.78556],[-0.316201,46.783803],[-0.319925,46.780726],[-0.322241,46.776904],[-0.323629,46.777545],[-0.323783,46.777486],[-0.325525,46.775696],[-0.327213,46.774463],[-0.328389,46.773987],[-0.330376,46.7714],[-0.330249,46.771199],[-0.33151,46.769938],[-0.332157,46.76967],[-0.333844,46.769441],[-0.335627,46.768568],[-0.336652,46.767839],[-0.33867,46.765908],[-0.340492,46.762834],[-0.341964,46.761963],[-0.342458,46.761361],[-0.342862,46.761578],[-0.343148,46.762066],[-0.346367,46.76226],[-0.349672,46.761552],[-0.350956,46.761027],[-0.35455,46.760853],[-0.355782,46.760599],[-0.357325,46.760022],[-0.35773,46.760282],[-0.358838,46.760161],[-0.360392,46.760236],[-0.360826,46.76056],[-0.361658,46.760574],[-0.363602,46.759826],[-0.363904,46.759891],[-0.366351,46.758896],[-0.368442,46.75838],[-0.369962,46.757695],[-0.371207,46.757822],[-0.373344,46.757482],[-0.374546,46.757508],[-0.376905,46.756821],[-0.377857,46.756836],[-0.378482,46.755945],[-0.379707,46.754891],[-0.380042,46.754991],[-0.380709,46.755598],[-0.38246,46.756042],[-0.383158,46.756039],[-0.383647,46.756703],[-0.384033,46.756922],[-0.385443,46.757038],[-0.385429,46.758019],[-0.38576,46.758511],[-0.386329,46.758839],[-0.386227,46.759034],[-0.386392,46.759188],[-0.38787,46.760103],[-0.388841,46.760093],[-0.389561,46.760856],[-0.390146,46.760931],[-0.390528,46.760815],[-0.39169,46.761104],[-0.392971,46.761071],[-0.395743,46.76012],[-0.399464,46.759762],[-0.401598,46.759915],[-0.403081,46.760539],[-0.403222,46.760279],[-0.402735,46.759851],[-0.402756,46.759399],[-0.402477,46.759229],[-0.402417,46.758841],[-0.401538,46.757783],[-0.401049,46.757632],[-0.400619,46.757224],[-0.400365,46.756168],[-0.399854,46.755605],[-0.400011,46.755148],[-0.399696,46.755058],[-0.400006,46.754738],[-0.399941,46.754289],[-0.400281,46.753997],[-0.400336,46.753652],[-0.400128,46.752811],[-0.399861,46.752637],[-0.39998,46.752457],[-0.400665,46.75221],[-0.401946,46.752896],[-0.403984,46.753194],[-0.406179,46.7541],[-0.408623,46.754323],[-0.410534,46.755296],[-0.412002,46.755488],[-0.412605,46.755407],[-0.41426,46.754733],[-0.416006,46.753575],[-0.415992,46.753298],[-0.416603,46.752839],[-0.41711,46.752071],[-0.421309,46.748369],[-0.422393,46.747802],[-0.42409,46.747263],[-0.42495,46.745915],[-0.42569,46.746958],[-0.425501,46.747098],[-0.426543,46.748288],[-0.426228,46.74852],[-0.426377,46.748877],[-0.429286,46.748131],[-0.430749,46.748591],[-0.432021,46.748783],[-0.431483,46.749783],[-0.43177,46.75062],[-0.432305,46.751021],[-0.432065,46.751727],[-0.432208,46.751954],[-0.430197,46.753168],[-0.42886,46.754514],[-0.428864,46.755652],[-0.429646,46.75595],[-0.430465,46.756662],[-0.430457,46.758315],[-0.432975,46.756826],[-0.434803,46.756233],[-0.435634,46.755245],[-0.436608,46.755286],[-0.437065,46.754758],[-0.437991,46.754243],[-0.438187,46.756077],[-0.43901,46.757116],[-0.440941,46.758135],[-0.441935,46.758954],[-0.442088,46.757984],[-0.442634,46.758115],[-0.443934,46.759209],[-0.444933,46.759499],[-0.445589,46.760291],[-0.447178,46.761011],[-0.448786,46.761966],[-0.449786,46.762172],[-0.450305,46.762069],[-0.450986,46.762654],[-0.451695,46.762586],[-0.452196,46.762305],[-0.453576,46.760922],[-0.45538,46.760613],[-0.455494,46.759809],[-0.456935,46.759009],[-0.457351,46.758581],[-0.457355,46.758195],[-0.459935,46.757378],[-0.460912,46.758171],[-0.461394,46.757833],[-0.462335,46.758588],[-0.464619,46.758973],[-0.465101,46.759412],[-0.465818,46.759349],[-0.466023,46.759524],[-0.466614,46.759555],[-0.467529,46.761613],[-0.467893,46.762014],[-0.468343,46.764068],[-0.47037,46.764078],[-0.471519,46.763892],[-0.472472,46.764198],[-0.473679,46.76426],[-0.474187,46.764169],[-0.474618,46.763788],[-0.475178,46.763604],[-0.476871,46.763424],[-0.47788,46.763673],[-0.479647,46.763125],[-0.480548,46.763371],[-0.480882,46.764162],[-0.480498,46.764525],[-0.4804,46.766418],[-0.481416,46.766352],[-0.481606,46.767256],[-0.482548,46.767953],[-0.482476,46.768527],[-0.48144,46.768778],[-0.481596,46.769598],[-0.479098,46.770299],[-0.477681,46.770327],[-0.476772,46.770963],[-0.477756,46.772245],[-0.480874,46.772978],[-0.479694,46.774712],[-0.479297,46.775007],[-0.478219,46.774844],[-0.477128,46.775276],[-0.477228,46.776342],[-0.476928,46.776498],[-0.476004,46.775142],[-0.473243,46.775315],[-0.473178,46.775814],[-0.472098,46.775951],[-0.471789,46.776225],[-0.47021,46.775806],[-0.470062,46.776333],[-0.470897,46.776949],[-0.47084,46.778614],[-0.471393,46.77889],[-0.470524,46.779309],[-0.470606,46.779623],[-0.469691,46.77969],[-0.469149,46.780603],[-0.471108,46.781083],[-0.470673,46.781825],[-0.467454,46.782699],[-0.464288,46.782469],[-0.465183,46.783192],[-0.46647,46.784754],[-0.466489,46.786115],[-0.466654,46.786208],[-0.467661,46.785597],[-0.468973,46.785169],[-0.470384,46.784956],[-0.471211,46.784514],[-0.474536,46.78431],[-0.476496,46.783671],[-0.476613,46.784661],[-0.478153,46.784863],[-0.480364,46.785704],[-0.486642,46.786735],[-0.488631,46.78602],[-0.489367,46.786825],[-0.489847,46.787105],[-0.491942,46.787918],[-0.49227,46.787911],[-0.492779,46.787019],[-0.495705,46.784446],[-0.498558,46.786001],[-0.499428,46.785236],[-0.499573,46.785975],[-0.499391,46.786249],[-0.499424,46.786879],[-0.501282,46.787328],[-0.503161,46.785416],[-0.505639,46.783844],[-0.506866,46.784925],[-0.507898,46.785462],[-0.507602,46.785719],[-0.508166,46.786084],[-0.508941,46.785827],[-0.510041,46.78586],[-0.512755,46.787357],[-0.513202,46.786011],[-0.513424,46.784436],[-0.515336,46.782503],[-0.515527,46.781847],[-0.516394,46.780995],[-0.516855,46.779727],[-0.518452,46.779796],[-0.520439,46.77952],[-0.521833,46.778908]]]}},{"type":"Feature","properties":{"uai_primary":"0790699F","uai_all":"0790699F","is_merged":false},"geometry":{"type":"Polygon","coordinates":[[[-0.458999,46.294459],[-0.458266,46.29418],[-0.45642,46.292998],[-0.454629,46.291569],[-0.453613,46.290364],[-0.453221,46.287495],[-0.453254,46.285796],[-0.454068,46.282393],[-0.453762,46.279796],[-0.452171,46.277304],[-0.451247,46.275376],[-0.448806,46.272527],[-0.447732,46.270873],[-0.446832,46.267141],[-0.445303,46.264415],[-0.444967,46.263196],[-0.446009,46.260737],[-0.44735,46.256114],[-0.448164,46.25441],[-0.448894,46.251475],[-0.449993,46.249316],[-0.45039,46.248067],[-0.452159,46.245378],[-0.449028,46.244769],[-0.445725,46.24359],[-0.441661,46.242789],[-0.440096,46.240082],[-0.44219,46.239175],[-0.444433,46.237365],[-0.444714,46.236764],[-0.447859,46.234181],[-0.448937,46.232293],[-0.446114,46.232708],[-0.44372,46.232308],[-0.443586,46.232079],[-0.442416,46.232148],[-0.441169,46.231863],[-0.440591,46.232333],[-0.438431,46.231558],[-0.436093,46.231119],[-0.436813,46.227652],[-0.439323,46.223724],[-0.440113,46.223876],[-0.44193,46.223877],[-0.442763,46.223676],[-0.444799,46.222906],[-0.445891,46.222699],[-0.447524,46.221669],[-0.452433,46.220017],[-0.452636,46.219518],[-0.451018,46.21515],[-0.453156,46.20991],[-0.454313,46.209925],[-0.455253,46.210567],[-0.455684,46.21118],[-0.456144,46.211332],[-0.456789,46.211178],[-0.457515,46.211206],[-0.459386,46.211389],[-0.462483,46.211964],[-0.466951,46.212155],[-0.466944,46.210881],[-0.466698,46.209898],[-0.46699,46.209259],[-0.467789,46.208429],[-0.469262,46.20912],[-0.469483,46.207756],[-0.469457,46.205179],[-0.468368,46.204544],[-0.467911,46.204934],[-0.466481,46.204371],[-0.464369,46.202791],[-0.463721,46.203746],[-0.46159,46.202708],[-0.460785,46.203336],[-0.46046,46.203299],[-0.460059,46.203085],[-0.459776,46.202597],[-0.459777,46.202151],[-0.458283,46.202026],[-0.457918,46.200527],[-0.457568,46.199995],[-0.457364,46.19982],[-0.456446,46.199759],[-0.457366,46.198336],[-0.457459,46.197512],[-0.458557,46.194578],[-0.458388,46.19441],[-0.456906,46.194268],[-0.457461,46.193197],[-0.45568,46.192978],[-0.455353,46.192746],[-0.452415,46.192699],[-0.451224,46.192819],[-0.449253,46.193313],[-0.447826,46.193303],[-0.447168,46.193094],[-0.442021,46.192591],[-0.441612,46.192196],[-0.440188,46.192231],[-0.439882,46.192598],[-0.439427,46.192564],[-0.437583,46.191979],[-0.437419,46.191308],[-0.437146,46.191045],[-0.434449,46.190256],[-0.434125,46.189635],[-0.434793,46.188925],[-0.436216,46.188084],[-0.436861,46.187264],[-0.437771,46.183621],[-0.431568,46.183368],[-0.432873,46.180754],[-0.437248,46.177457],[-0.443005,46.176271],[-0.444978,46.175593],[-0.445963,46.175839],[-0.447325,46.17585],[-0.448841,46.176353],[-0.451865,46.175963],[-0.452259,46.17577],[-0.450999,46.175523],[-0.45028,46.175228],[-0.447905,46.173303],[-0.442759,46.170526],[-0.441253,46.169342],[-0.43649,46.166164],[-0.426857,46.16072],[-0.425814,46.160258],[-0.424606,46.159957],[-0.426007,46.159224],[-0.428133,46.157731],[-0.430063,46.157459],[-0.430632,46.157175],[-0.432939,46.156668],[-0.432927,46.155183],[-0.43314,46.154277],[-0.43404,46.15286],[-0.433827,46.1512],[-0.434479,46.148753],[-0.434114,46.146646],[-0.433534,46.145445],[-0.433267,46.145272],[-0.430844,46.144745],[-0.429345,46.144557],[-0.427021,46.144704],[-0.426757,46.143315],[-0.425785,46.143461],[-0.425272,46.142056],[-0.429851,46.139189],[-0.43243,46.13899],[-0.433323,46.138743],[-0.435786,46.137512],[-0.435973,46.137373],[-0.435749,46.136508],[-0.436849,46.136339],[-0.437249,46.136037],[-0.449211,46.133155],[-0.448024,46.132219],[-0.449377,46.131011],[-0.448229,46.130094],[-0.447997,46.129727],[-0.448249,46.129387],[-0.446634,46.128557],[-0.446727,46.128448],[-0.444438,46.126857],[-0.43895,46.123301],[-0.438356,46.12309],[-0.435324,46.123299],[-0.435175,46.122898],[-0.433286,46.122674],[-0.429489,46.1219],[-0.417936,46.121912],[-0.421179,46.113284],[-0.422454,46.113307],[-0.424522,46.111951],[-0.425349,46.111661],[-0.427536,46.111382],[-0.427838,46.110969],[-0.428714,46.110363],[-0.430984,46.109182],[-0.431794,46.108577],[-0.432155,46.108028],[-0.433984,46.107083],[-0.436171,46.105544],[-0.437057,46.105162],[-0.438543,46.105126],[-0.440199,46.104589],[-0.438226,46.100137],[-0.436554,46.097792],[-0.440285,46.096181],[-0.440371,46.094636],[-0.440891,46.094875],[-0.440835,46.094991],[-0.442331,46.09649],[-0.444283,46.098073],[-0.445233,46.099349],[-0.44625,46.100115],[-0.451913,46.102938],[-0.453291,46.103204],[-0.453838,46.101875],[-0.455771,46.102275],[-0.45586,46.102072],[-0.457005,46.102335],[-0.457401,46.102204],[-0.458318,46.102261],[-0.458904,46.102463],[-0.45962,46.102374],[-0.461977,46.101588],[-0.46428,46.102334],[-0.464757,46.10197],[-0.465704,46.102216],[-0.468077,46.102187],[-0.470971,46.102638],[-0.472557,46.103535],[-0.472814,46.10396],[-0.47288,46.105],[-0.473704,46.104624],[-0.475345,46.10431],[-0.478234,46.105297],[-0.478827,46.105359],[-0.478864,46.10526],[-0.484054,46.106372],[-0.486833,46.106721],[-0.489218,46.108098],[-0.491025,46.108275],[-0.491457,46.108023],[-0.49311,46.107953],[-0.497092,46.107102],[-0.499321,46.106897],[-0.501729,46.106483],[-0.506071,46.106695],[-0.505473,46.108008],[-0.508432,46.10832],[-0.511435,46.109003],[-0.511777,46.111431],[-0.514043,46.111353],[-0.514002,46.11121],[-0.515376,46.111676],[-0.516389,46.112476],[-0.514807,46.113133],[-0.514001,46.1139],[-0.512473,46.114131],[-0.511746,46.114458],[-0.510329,46.115897],[-0.509537,46.11753],[-0.51078,46.117892],[-0.511183,46.118172],[-0.511354,46.118507],[-0.511294,46.119366],[-0.511695,46.120106],[-0.513091,46.121462],[-0.513812,46.121559],[-0.518118,46.12338],[-0.518775,46.123532],[-0.518254,46.12461],[-0.517691,46.124985],[-0.516363,46.125604],[-0.515167,46.125588],[-0.514073,46.125794],[-0.512896,46.127562],[-0.510994,46.12817],[-0.511464,46.130201],[-0.513167,46.130161],[-0.513237,46.129981],[-0.514256,46.129888],[-0.513931,46.128321],[-0.514077,46.127987],[-0.516352,46.126797],[-0.517403,46.126928],[-0.518327,46.127264],[-0.519166,46.127876],[-0.523569,46.128865],[-0.525138,46.1294],[-0.526764,46.130292],[-0.52714,46.130316],[-0.528232,46.130018],[-0.528958,46.130076],[-0.52968,46.131119],[-0.529333,46.131289],[-0.527317,46.131609],[-0.526977,46.132269],[-0.526169,46.132314],[-0.527019,46.136504],[-0.528233,46.136124],[-0.52838,46.135903],[-0.529247,46.135496],[-0.531138,46.135199],[-0.533169,46.139534],[-0.533396,46.14047],[-0.533516,46.14194],[-0.532306,46.141946],[-0.530457,46.148219],[-0.532115,46.148424],[-0.532252,46.150316],[-0.53156,46.152047],[-0.539141,46.152802],[-0.539022,46.153883],[-0.540227,46.15405],[-0.54248,46.154678],[-0.542767,46.154876],[-0.54475,46.155242],[-0.544023,46.157808],[-0.542645,46.157482],[-0.542319,46.158662],[-0.540411,46.158124],[-0.539536,46.160177],[-0.538956,46.160161],[-0.537713,46.162245],[-0.536824,46.162583],[-0.536455,46.162952],[-0.536544,46.1634],[-0.536162,46.163544],[-0.53617,46.16368],[-0.537439,46.163994],[-0.535153,46.168573],[-0.53582,46.168878],[-0.536806,46.169005],[-0.539469,46.169899],[-0.540571,46.171067],[-0.541565,46.17016],[-0.541877,46.170169],[-0.543345,46.170689],[-0.546893,46.171208],[-0.549298,46.172209],[-0.550573,46.172248],[-0.551083,46.17276],[-0.550923,46.173855],[-0.551496,46.174183],[-0.552855,46.174148],[-0.553205,46.173419],[-0.55359,46.173364],[-0.554899,46.1736],[-0.555326,46.173095],[-0.555582,46.173043],[-0.557738,46.173348],[-0.558643,46.173325],[-0.558995,46.17359],[-0.559758,46.17381],[-0.560322,46.173082],[-0.560972,46.173265],[-0.560057,46.175539],[-0.560075,46.175899],[-0.560688,46.176117],[-0.562042,46.176176],[-0.563833,46.17671],[-0.562645,46.179181],[-0.564301,46.179187],[-0.56545,46.179628],[-0.567123,46.179909],[-0.571034,46.179991],[-0.570788,46.18074],[-0.571705,46.181941],[-0.58081,46.184052],[-0.581024,46.18525],[-0.579482,46.188303],[-0.578326,46.190075],[-0.575099,46.193373],[-0.574065,46.194004],[-0.57223,46.194646],[-0.570917,46.195366],[-0.570135,46.196173],[-0.569481,46.197197],[-0.56668,46.196422],[-0.549744,46.193648],[-0.547075,46.192603],[-0.546328,46.193611],[-0.546593,46.194495],[-0.545819,46.196217],[-0.545426,46.198761],[-0.545583,46.198986],[-0.545487,46.199681],[-0.543557,46.202215],[-0.541134,46.20439],[-0.540187,46.205901],[-0.542875,46.207018],[-0.546133,46.207633],[-0.546321,46.207124],[-0.548514,46.207069],[-0.549275,46.206886],[-0.551004,46.206797],[-0.553477,46.207397],[-0.553524,46.206668],[-0.554355,46.206787],[-0.555505,46.207066],[-0.555883,46.207369],[-0.555831,46.207888],[-0.555065,46.208827],[-0.555684,46.209138],[-0.559316,46.210012],[-0.559476,46.209656],[-0.561859,46.209786],[-0.563531,46.209615],[-0.564456,46.209729],[-0.564285,46.210726],[-0.563711,46.211125],[-0.567269,46.211077],[-0.568151,46.211196],[-0.575767,46.213376],[-0.578788,46.213294],[-0.581071,46.212522],[-0.58637,46.211068],[-0.586454,46.213823],[-0.586621,46.21382],[-0.592323,46.212553],[-0.594151,46.212434],[-0.595881,46.211346],[-0.596511,46.211198],[-0.59792,46.212133],[-0.600741,46.213368],[-0.605031,46.216781],[-0.60824,46.218231],[-0.610655,46.219634],[-0.614657,46.220579],[-0.616126,46.221075],[-0.61618,46.221588],[-0.615477,46.22432],[-0.615871,46.224492],[-0.616019,46.225168],[-0.616788,46.22521],[-0.616814,46.2293],[-0.612876,46.228736],[-0.612112,46.229427],[-0.610419,46.228917],[-0.608917,46.229248],[-0.603269,46.233641],[-0.592548,46.234677],[-0.587103,46.235974],[-0.583787,46.235105],[-0.582762,46.246277],[-0.582983,46.24643],[-0.582839,46.247072],[-0.583259,46.250317],[-0.582996,46.252704],[-0.581674,46.25616],[-0.58115,46.258899],[-0.580532,46.260368],[-0.579541,46.262183],[-0.577164,46.265654],[-0.578657,46.26604],[-0.578526,46.266259],[-0.581756,46.267196],[-0.581184,46.268532],[-0.581883,46.268599],[-0.582006,46.268498],[-0.583755,46.268711],[-0.583657,46.269442],[-0.587061,46.269415],[-0.586924,46.270155],[-0.588476,46.270086],[-0.590718,46.270237],[-0.593597,46.270513],[-0.59525,46.270826],[-0.595623,46.270496],[-0.596757,46.270117],[-0.596748,46.270269],[-0.598192,46.270465],[-0.601084,46.270463],[-0.602219,46.270317],[-0.601804,46.271631],[-0.603434,46.272004],[-0.607678,46.272241],[-0.612304,46.272157],[-0.61197,46.27308],[-0.614828,46.274383],[-0.616527,46.273989],[-0.61945,46.27427],[-0.620102,46.27678],[-0.622449,46.277444],[-0.622935,46.277434],[-0.623622,46.277755],[-0.621152,46.280014],[-0.62061,46.281066],[-0.620424,46.281053],[-0.619397,46.282193],[-0.618857,46.282311],[-0.618427,46.282192],[-0.617494,46.281605],[-0.616463,46.286251],[-0.615193,46.290664],[-0.611819,46.30064],[-0.611173,46.303337],[-0.610935,46.303506],[-0.611142,46.306893],[-0.612002,46.308648],[-0.613132,46.310269],[-0.613552,46.309932],[-0.614117,46.309899],[-0.614633,46.309581],[-0.617297,46.310546],[-0.616068,46.311095],[-0.615627,46.312141],[-0.613853,46.313027],[-0.613081,46.3131],[-0.611363,46.312753],[-0.610434,46.312829],[-0.608554,46.314561],[-0.603878,46.314749],[-0.600317,46.315518],[-0.599252,46.31597],[-0.598014,46.316877],[-0.595397,46.317191],[-0.592572,46.318715],[-0.591014,46.319078],[-0.589085,46.318442],[-0.588171,46.318303],[-0.588514,46.31649],[-0.587771,46.31157],[-0.587341,46.310047],[-0.587232,46.308462],[-0.586792,46.307429],[-0.586658,46.305646],[-0.584861,46.304833],[-0.584116,46.303795],[-0.582339,46.303364],[-0.581305,46.302612],[-0.57998,46.302128],[-0.580222,46.299595],[-0.577952,46.297337],[-0.57811,46.296117],[-0.577539,46.295439],[-0.576647,46.294895],[-0.575326,46.294915],[-0.57495,46.293873],[-0.574108,46.292994],[-0.572433,46.292008],[-0.571551,46.291188],[-0.570476,46.29124],[-0.570308,46.290416],[-0.569601,46.290165],[-0.568412,46.290029],[-0.564862,46.290223],[-0.562945,46.290678],[-0.561718,46.290784],[-0.560221,46.291317],[-0.560286,46.291615],[-0.558594,46.292411],[-0.557686,46.292671],[-0.557026,46.293174],[-0.556823,46.293171],[-0.556664,46.292598],[-0.556461,46.292585],[-0.553543,46.292923],[-0.552422,46.293295],[-0.551773,46.293051],[-0.551258,46.29265],[-0.550829,46.292584],[-0.549355,46.293062],[-0.547217,46.293349],[-0.547044,46.293123],[-0.549446,46.289934],[-0.546292,46.288927],[-0.5464,46.28827],[-0.546591,46.288295],[-0.546625,46.287287],[-0.545952,46.286922],[-0.54563,46.286909],[-0.54506,46.285877],[-0.545196,46.285819],[-0.543121,46.284864],[-0.543434,46.281929],[-0.542138,46.281931],[-0.537397,46.280981],[-0.535343,46.281129],[-0.533489,46.280983],[-0.53192,46.280428],[-0.530743,46.279758],[-0.52818,46.281207],[-0.525274,46.282482],[-0.525327,46.282634],[-0.524933,46.282895],[-0.522851,46.282891],[-0.52285,46.283375],[-0.521608,46.283526],[-0.521672,46.282302],[-0.522216,46.281302],[-0.520347,46.281334],[-0.520062,46.28151],[-0.51969,46.281504],[-0.518398,46.281129],[-0.515124,46.280671],[-0.509985,46.280384],[-0.507375,46.280034],[-0.506777,46.280113],[-0.506471,46.279514],[-0.506439,46.27839],[-0.506602,46.277567],[-0.507038,46.276963],[-0.507134,46.276143],[-0.507076,46.275428],[-0.506758,46.275258],[-0.505272,46.275801],[-0.502339,46.276465],[-0.501632,46.276994],[-0.500828,46.277187],[-0.499828,46.277117],[-0.498069,46.277217],[-0.496956,46.277455],[-0.496122,46.277397],[-0.492282,46.27834],[-0.491105,46.278438],[-0.489043,46.284172],[-0.488779,46.285975],[-0.488866,46.286767],[-0.48915,46.287256],[-0.488729,46.28738],[-0.487583,46.287516],[-0.486439,46.287435],[-0.485127,46.287213],[-0.484963,46.286926],[-0.482988,46.286798],[-0.482931,46.286934],[-0.481817,46.286588],[-0.480194,46.28636],[-0.479966,46.286154],[-0.476957,46.286308],[-0.476171,46.286162],[-0.47541,46.284839],[-0.47334,46.282031],[-0.472692,46.281732],[-0.472457,46.281787],[-0.46916,46.286192],[-0.466232,46.291251],[-0.464764,46.290993],[-0.463985,46.291007],[-0.463688,46.29163],[-0.462799,46.291606],[-0.462734,46.292106],[-0.460432,46.292041],[-0.459517,46.294419],[-0.458999,46.294459]]]}},{"type":"Feature","properties":{"uai_primary":"0790703K","uai_all":"0790703K","is_merged":false},"geometry":{"type":"Polygon","coordinates":[[[-0.465645,46.314625],[-0.465676,46.315153],[-0.465488,46.315282],[-0.465654,46.31573],[-0.46546,46.315945],[-0.465057,46.31553],[-0.464996,46.315118],[-0.465392,46.31471],[-0.465018,46.314387],[-0.465612,46.314012],[-0.465645,46.314625]],[[-0.444845,46.262976],[-0.444982,46.26297],[-0.445303,46.264415],[-0.446832,46.267141],[-0.447732,46.270873],[-0.448806,46.272527],[-0.451247,46.275376],[-0.452171,46.277304],[-0.453762,46.279796],[-0.454068,46.282393],[-0.453254,46.285796],[-0.453221,46.287495],[-0.453516,46.29002],[-0.453765,46.290611],[-0.454629,46.291569],[-0.45642,46.292998],[-0.458266,46.29418],[-0.459106,46.294488],[-0.459517,46.294419],[-0.460432,46.292041],[-0.462734,46.292106],[-0.462799,46.291606],[-0.463688,46.29163],[-0.463985,46.291007],[-0.464764,46.290993],[-0.465909,46.291259],[-0.466841,46.291967],[-0.468441,46.292441],[-0.468799,46.292959],[-0.467859,46.293802],[-0.468122,46.295727],[-0.466714,46.296184],[-0.465269,46.298054],[-0.466519,46.298612],[-0.464033,46.301023],[-0.462926,46.301222],[-0.462959,46.302091],[-0.465516,46.302378],[-0.465796,46.302815],[-0.465341,46.303138],[-0.463283,46.303459],[-0.46555,46.303824],[-0.46587,46.30417],[-0.465609,46.304753],[-0.465331,46.304899],[-0.46532,46.305313],[-0.464966,46.305549],[-0.46508,46.305826],[-0.464615,46.305916],[-0.46447,46.306184],[-0.464965,46.306677],[-0.465481,46.306377],[-0.465884,46.30674],[-0.465715,46.306896],[-0.465647,46.30809],[-0.465762,46.309914],[-0.465459,46.310097],[-0.465505,46.310318],[-0.465903,46.310452],[-0.465668,46.310686],[-0.46583,46.310827],[-0.465635,46.311121],[-0.465754,46.311838],[-0.465428,46.312088],[-0.465876,46.312919],[-0.465554,46.313106],[-0.465509,46.313577],[-0.465683,46.313809],[-0.465239,46.31384],[-0.464859,46.313561],[-0.462136,46.313815],[-0.46028,46.313769],[-0.459525,46.313077],[-0.459094,46.313341],[-0.458461,46.314723],[-0.457109,46.315105],[-0.456911,46.316042],[-0.456194,46.316402],[-0.454739,46.315909],[-0.453247,46.31633],[-0.452618,46.316024],[-0.452886,46.31539],[-0.452237,46.315802],[-0.452025,46.315751],[-0.452024,46.315406],[-0.451682,46.315469],[-0.451173,46.315272],[-0.450718,46.314588],[-0.450008,46.314111],[-0.449344,46.314101],[-0.449644,46.31435],[-0.449208,46.314408],[-0.449436,46.314639],[-0.449158,46.314654],[-0.449254,46.314856],[-0.448854,46.315144],[-0.449017,46.315315],[-0.448705,46.315297],[-0.44859,46.315612],[-0.448283,46.315644],[-0.448365,46.315798],[-0.44805,46.315872],[-0.447478,46.316745],[-0.446855,46.316772],[-0.447065,46.317024],[-0.446834,46.317205],[-0.446193,46.317186],[-0.446675,46.31751],[-0.446681,46.317813],[-0.446135,46.317948],[-0.446062,46.317794],[-0.445047,46.317387],[-0.444393,46.317658],[-0.443291,46.317335],[-0.442772,46.316609],[-0.440016,46.316708],[-0.439408,46.316411],[-0.439268,46.316821],[-0.43846,46.316509],[-0.438215,46.316781],[-0.43767,46.316303],[-0.437359,46.316791],[-0.436985,46.316604],[-0.436617,46.316878],[-0.436117,46.316885],[-0.43584,46.317292],[-0.434985,46.317694],[-0.434514,46.316904],[-0.434013,46.316849],[-0.433822,46.317194],[-0.43367,46.316927],[-0.433364,46.316927],[-0.433284,46.31708],[-0.432961,46.316951],[-0.432747,46.317298],[-0.432457,46.31696],[-0.43188,46.317063],[-0.431565,46.316942],[-0.429268,46.317196],[-0.429188,46.317509],[-0.428528,46.317409],[-0.427964,46.316587],[-0.427803,46.317448],[-0.427378,46.317557],[-0.426566,46.315339],[-0.424717,46.317328],[-0.424199,46.317142],[-0.424136,46.316977],[-0.422841,46.317286],[-0.422298,46.31704],[-0.421906,46.317424],[-0.420859,46.316283],[-0.419911,46.317264],[-0.419743,46.317732],[-0.418063,46.317352],[-0.417856,46.318419],[-0.416942,46.316967],[-0.416566,46.318235],[-0.415386,46.316139],[-0.415146,46.318623],[-0.414035,46.317966],[-0.413133,46.317989],[-0.411621,46.317341],[-0.410424,46.318073],[-0.408933,46.317559],[-0.408118,46.318421],[-0.407493,46.317427],[-0.406365,46.317685],[-0.405782,46.318435],[-0.404043,46.317054],[-0.402211,46.316742],[-0.402235,46.317485],[-0.401222,46.319339],[-0.399648,46.319526],[-0.397812,46.319198],[-0.39764,46.316525],[-0.388026,46.315689],[-0.387784,46.313907],[-0.387851,46.31142],[-0.388099,46.310883],[-0.388047,46.309489],[-0.38823,46.308656],[-0.387901,46.308591],[-0.388911,46.305129],[-0.392213,46.3032],[-0.394954,46.301109],[-0.393444,46.300636],[-0.38722,46.299224],[-0.387194,46.299413],[-0.386199,46.299283],[-0.386167,46.299408],[-0.380332,46.298321],[-0.3769,46.297377],[-0.376964,46.29726],[-0.374855,46.296525],[-0.374948,46.296329],[-0.371086,46.295379],[-0.373342,46.288791],[-0.374021,46.288696],[-0.374293,46.287162],[-0.377291,46.279944],[-0.377032,46.279455],[-0.376593,46.279144],[-0.377496,46.277384],[-0.378241,46.276418],[-0.378542,46.276476],[-0.380227,46.274839],[-0.380516,46.274353],[-0.380748,46.273655],[-0.380819,46.272238],[-0.381204,46.271261],[-0.382219,46.27167],[-0.383229,46.271863],[-0.386039,46.273081],[-0.388715,46.269923],[-0.388576,46.269612],[-0.389163,46.269279],[-0.388923,46.269048],[-0.390392,46.268244],[-0.39364,46.265867],[-0.392314,46.264225],[-0.391261,46.263662],[-0.393218,46.259934],[-0.393081,46.259164],[-0.394366,46.259517],[-0.402005,46.25924],[-0.403829,46.259375],[-0.403973,46.259642],[-0.406372,46.259577],[-0.406477,46.257912],[-0.406917,46.257697],[-0.408446,46.257383],[-0.408179,46.25612],[-0.413005,46.255906],[-0.418286,46.255154],[-0.419006,46.257041],[-0.419517,46.257779],[-0.420763,46.258019],[-0.420718,46.258425],[-0.424433,46.25874],[-0.424529,46.258063],[-0.42484,46.257794],[-0.429603,46.260453],[-0.431818,46.26134],[-0.433935,46.261591],[-0.434817,46.262049],[-0.435429,46.262173],[-0.435642,46.261508],[-0.438785,46.261543],[-0.439455,46.261377],[-0.441853,46.262087],[-0.443424,46.262352],[-0.444845,46.262976]],[[-0.447867,46.311322],[-0.448513,46.311238],[-0.448693,46.310927],[-0.448173,46.310464],[-0.447682,46.310402],[-0.446987,46.311202],[-0.447433,46.311552],[-0.447896,46.311585],[-0.447867,46.311322]]]}},{"type":"Feature","properties":{"uai_primary":"0790704L","uai_all":"0790704L","is_merged":false},"geometry":{"type":"Polygon","coordinates":[[[-0.078851,46.8921],[-0.08169,46.893999],[-0.079143,46.896497],[-0.071903,46.902708],[-0.071018,46.911816],[-0.070739,46.913095],[-0.076668,46.920189],[-0.076504,46.921325],[-0.077136,46.92787],[-0.078148,46.930011],[-0.072651,46.937714],[-0.072969,46.943505],[-0.070141,46.944817],[-0.068649,46.945756],[-0.06059,46.952058],[-0.055075,46.948895],[-0.049237,46.944882],[-0.047529,46.940107],[-0.046312,46.938165],[-0.04251,46.934105],[-0.040132,46.933226],[-0.042029,46.925635],[-0.043636,46.924093],[-0.047095,46.923134],[-0.047817,46.92281],[-0.050791,46.920804],[-0.057546,46.917814],[-0.064966,46.913814],[-0.055848,46.913081],[-0.046306,46.911776],[-0.042258,46.910998],[-0.040836,46.910584],[-0.030476,46.906663],[-0.022444,46.898021],[-0.019506,46.897728],[-0.02099,46.897187],[-0.022197,46.897193],[-0.022673,46.896622],[-0.023459,46.896262],[-0.023431,46.894151],[-0.02296,46.893733],[-0.023431,46.89124],[-0.023198,46.890594],[-0.02363,46.889386],[-0.023001,46.888071],[-0.026625,46.885753],[-0.026168,46.885077],[-0.027417,46.884404],[-0.027073,46.883951],[-0.027091,46.883532],[-0.026333,46.881982],[-0.026266,46.880378],[-0.026821,46.880205],[-0.028799,46.879038],[-0.031423,46.876893],[-0.033605,46.87631],[-0.035756,46.874897],[-0.033675,46.873171],[-0.030498,46.871194],[-0.029081,46.872164],[-0.028425,46.872874],[-0.026691,46.8755],[-0.023544,46.873903],[-0.020726,46.873835],[-0.017184,46.873164],[-0.013214,46.871804],[-0.011019,46.87146],[-0.010615,46.871119],[-0.009241,46.870826],[-0.007888,46.870157],[-0.007118,46.869949],[-0.005818,46.87062],[-0.004336,46.870412],[-0.00436,46.869158],[-0.004639,46.868166],[-0.004165,46.867278],[-0.004239,46.866507],[-0.003701,46.865642],[-0.003346,46.865476],[-0.002823,46.864804],[-0.00197,46.864864],[-0.001695,46.864198],[-0.000817,46.863641],[-0.000769,46.86341],[0.000781,46.863022],[0.001844,46.862243],[0.004107,46.861336],[0.008425,46.860116],[0.009311,46.859538],[0.009883,46.858271],[0.020024,46.855773],[0.025401,46.852851],[0.033858,46.854069],[0.029184,46.849083],[0.026857,46.846366],[0.025876,46.844851],[0.02468,46.843801],[0.023219,46.84207],[0.021854,46.839786],[0.021573,46.839901],[0.018223,46.836369],[0.01779,46.836594],[0.016664,46.834899],[0.015552,46.835255],[0.014979,46.834383],[0.014264,46.835276],[0.013675,46.837589],[0.012074,46.840386],[0.008279,46.840811],[0.008173,46.841271],[0.006141,46.841848],[0.006824,46.843115],[0.005397,46.84352],[0.005923,46.844478],[0.001121,46.846285],[0.001019,46.846055],[-0.000454,46.845733],[-0.001529,46.84596],[-0.002164,46.844758],[-0.004523,46.845296],[-0.004402,46.845533],[-0.007203,46.846384],[-0.007395,46.847073],[-0.00821,46.847861],[-0.011798,46.848038],[-0.011632,46.847398],[-0.011855,46.847016],[-0.012859,46.846589],[-0.014876,46.84531],[-0.015551,46.844089],[-0.015515,46.843257],[-0.01614,46.842271],[-0.016954,46.841571],[-0.019237,46.842582],[-0.022667,46.842864],[-0.023942,46.842273],[-0.025196,46.841142],[-0.026578,46.840309],[-0.029823,46.83894],[-0.030925,46.836313],[-0.032028,46.83509],[-0.032591,46.834144],[-0.034705,46.832073],[-0.038416,46.832234],[-0.039294,46.832545],[-0.045757,46.832187],[-0.045735,46.830622],[-0.04657,46.827007],[-0.045456,46.826308],[-0.044832,46.825582],[-0.044246,46.824397],[-0.049109,46.82318],[-0.049011,46.823051],[-0.051769,46.822702],[-0.057137,46.823194],[-0.059117,46.823853],[-0.059857,46.822586],[-0.060333,46.822214],[-0.061052,46.820669],[-0.060142,46.81961],[-0.061785,46.818827],[-0.069313,46.816525],[-0.07271,46.815237],[-0.077143,46.814438],[-0.079106,46.81375],[-0.083921,46.815225],[-0.087873,46.815528],[-0.089792,46.816031],[-0.093203,46.816416],[-0.109177,46.820095],[-0.110501,46.818808],[-0.111862,46.817825],[-0.113254,46.816206],[-0.114262,46.815392],[-0.114952,46.814458],[-0.116315,46.813682],[-0.118907,46.811257],[-0.119529,46.810896],[-0.121244,46.810452],[-0.121951,46.810114],[-0.121702,46.809794],[-0.121646,46.809251],[-0.12215,46.809636],[-0.122808,46.80985],[-0.123474,46.809761],[-0.123652,46.808457],[-0.123496,46.808169],[-0.124225,46.807131],[-0.12473,46.806716],[-0.125374,46.806431],[-0.127206,46.806392],[-0.129275,46.805763],[-0.130517,46.805691],[-0.133834,46.806564],[-0.13312,46.803834],[-0.134822,46.803798],[-0.135672,46.802339],[-0.135931,46.802244],[-0.136815,46.802945],[-0.137076,46.802939],[-0.138728,46.801778],[-0.141149,46.801078],[-0.140631,46.799846],[-0.142656,46.798858],[-0.144224,46.798298],[-0.145536,46.799164],[-0.145302,46.797252],[-0.145565,46.796629],[-0.145172,46.795511],[-0.145254,46.794076],[-0.14541,46.793173],[-0.146324,46.791667],[-0.146151,46.790771],[-0.145465,46.790111],[-0.144828,46.78909],[-0.144405,46.789237],[-0.142468,46.788521],[-0.139935,46.787971],[-0.138252,46.786941],[-0.137697,46.786759],[-0.138158,46.78651],[-0.137418,46.785804],[-0.137503,46.784723],[-0.13709,46.783692],[-0.135186,46.783288],[-0.134766,46.782935],[-0.13432,46.782813],[-0.133554,46.782884],[-0.133394,46.782631],[-0.132053,46.78194],[-0.131293,46.780942],[-0.130751,46.779136],[-0.130994,46.778493],[-0.131433,46.778147],[-0.131893,46.777264],[-0.131861,46.776866],[-0.131276,46.775945],[-0.131075,46.774988],[-0.131612,46.772821],[-0.131708,46.771175],[-0.132092,46.770342],[-0.13186,46.769163],[-0.133196,46.769719],[-0.134562,46.76951],[-0.139354,46.769721],[-0.139993,46.769392],[-0.142489,46.76962],[-0.142804,46.768756],[-0.14285,46.766602],[-0.143917,46.765521],[-0.145114,46.763451],[-0.146648,46.762716],[-0.147916,46.761472],[-0.14792,46.761096],[-0.147498,46.760622],[-0.147603,46.760087],[-0.147273,46.759312],[-0.148076,46.754338],[-0.145232,46.754804],[-0.144103,46.755235],[-0.141696,46.756344],[-0.141392,46.756644],[-0.129361,46.762188],[-0.123011,46.765771],[-0.121938,46.765947],[-0.120156,46.765451],[-0.119891,46.765834],[-0.115879,46.764826],[-0.115242,46.765202],[-0.113762,46.765648],[-0.113039,46.76603],[-0.112505,46.766107],[-0.111977,46.76545],[-0.110702,46.764757],[-0.108182,46.764091],[-0.107247,46.763661],[-0.105561,46.762532],[-0.104341,46.762312],[-0.103911,46.762072],[-0.106564,46.761606],[-0.107064,46.7611],[-0.10784,46.760858],[-0.107952,46.760451],[-0.106688,46.760027],[-0.106681,46.759848],[-0.107054,46.759435],[-0.107588,46.759648],[-0.107977,46.75955],[-0.107425,46.758931],[-0.107478,46.75866],[-0.108112,46.758197],[-0.106836,46.756064],[-0.106708,46.754671],[-0.105879,46.753699],[-0.105935,46.753518],[-0.107019,46.752864],[-0.111244,46.752502],[-0.112709,46.751781],[-0.114858,46.751192],[-0.121142,46.749618],[-0.123827,46.749095],[-0.123174,46.747424],[-0.125428,46.747274],[-0.126431,46.746619],[-0.127168,46.745795],[-0.129334,46.744839],[-0.131095,46.744538],[-0.132891,46.744709],[-0.137114,46.741697],[-0.139113,46.74471],[-0.140799,46.746672],[-0.143406,46.748675],[-0.144453,46.749068],[-0.147717,46.753795],[-0.148864,46.755057],[-0.150058,46.756973],[-0.15187,46.75861],[-0.152272,46.759514],[-0.154083,46.759634],[-0.157569,46.761359],[-0.158568,46.761697],[-0.161246,46.761671],[-0.162071,46.761829],[-0.162626,46.762065],[-0.16292,46.762399],[-0.162888,46.762644],[-0.163262,46.762968],[-0.165098,46.763608],[-0.168631,46.764042],[-0.169481,46.764024],[-0.170512,46.763642],[-0.172011,46.763782],[-0.17301,46.764096],[-0.17349,46.764942],[-0.174005,46.76512],[-0.174739,46.764913],[-0.175056,46.764483],[-0.175353,46.763286],[-0.17547,46.760959],[-0.175155,46.759502],[-0.174042,46.757374],[-0.174109,46.756978],[-0.17545,46.756187],[-0.177123,46.755817],[-0.177398,46.754963],[-0.176996,46.754436],[-0.176181,46.753983],[-0.176208,46.753737],[-0.17682,46.753249],[-0.178091,46.752871],[-0.178816,46.751934],[-0.181083,46.749986],[-0.181872,46.749659],[-0.182951,46.749633],[-0.184201,46.750329],[-0.184987,46.75106],[-0.18565,46.75133],[-0.187554,46.750486],[-0.188317,46.749916],[-0.189822,46.75084],[-0.190032,46.751105],[-0.189666,46.751698],[-0.191931,46.75383],[-0.193454,46.752509],[-0.197262,46.75227],[-0.20018,46.75147],[-0.201664,46.752017],[-0.205224,46.753918],[-0.205137,46.754866],[-0.206098,46.757185],[-0.20613,46.757859],[-0.205762,46.758407],[-0.204995,46.758784],[-0.200791,46.759913],[-0.199957,46.760291],[-0.198834,46.761487],[-0.198924,46.76198],[-0.201796,46.764571],[-0.201819,46.765066],[-0.201512,46.765478],[-0.201,46.765759],[-0.199575,46.766106],[-0.198297,46.766764],[-0.197187,46.766834],[-0.196065,46.766678],[-0.194202,46.766045],[-0.193229,46.766246],[-0.19272,46.766572],[-0.192479,46.767028],[-0.192965,46.768998],[-0.193377,46.769394],[-0.195526,46.770516],[-0.197465,46.769978],[-0.199284,46.769668],[-0.202571,46.768515],[-0.204725,46.768376],[-0.206638,46.767254],[-0.207484,46.767145],[-0.212019,46.767449],[-0.212622,46.767751],[-0.213247,46.768502],[-0.214034,46.768529],[-0.215522,46.768136],[-0.217406,46.766429],[-0.218046,46.7661],[-0.219082,46.765851],[-0.220131,46.765873],[-0.222447,46.756685],[-0.223044,46.755456],[-0.224279,46.755167],[-0.224984,46.755474],[-0.225009,46.755986],[-0.225378,46.756109],[-0.225853,46.75605],[-0.226147,46.755831],[-0.226373,46.755241],[-0.228696,46.75425],[-0.229078,46.753671],[-0.22992,46.753003],[-0.231415,46.752326],[-0.232377,46.752121],[-0.23285,46.752161],[-0.233059,46.751883],[-0.232774,46.749342],[-0.233241,46.749218],[-0.234843,46.749404],[-0.235621,46.74893],[-0.238161,46.748563],[-0.238461,46.748684],[-0.239007,46.749485],[-0.239443,46.749547],[-0.239839,46.749355],[-0.240194,46.74882],[-0.241467,46.748197],[-0.242617,46.747365],[-0.24441,46.747165],[-0.24511,46.746824],[-0.246962,46.746576],[-0.248185,46.746556],[-0.249591,46.746782],[-0.250158,46.746471],[-0.250699,46.745885],[-0.251659,46.745826],[-0.25204,46.745031],[-0.253185,46.74444],[-0.25352,46.743827],[-0.254961,46.744144],[-0.255926,46.744612],[-0.257951,46.744382],[-0.258404,46.744485],[-0.258707,46.74478],[-0.259095,46.7448],[-0.259302,46.745477],[-0.259215,46.746171],[-0.260004,46.746906],[-0.262767,46.748649],[-0.264974,46.7492],[-0.266165,46.750804],[-0.267845,46.752285],[-0.26905,46.754154],[-0.269326,46.755131],[-0.267418,46.75765],[-0.270928,46.75982],[-0.267214,46.76329],[-0.26476,46.764837],[-0.263033,46.766254],[-0.261873,46.766892],[-0.261284,46.767552],[-0.260214,46.768058],[-0.259725,46.768601],[-0.26317,46.76814],[-0.264169,46.76837],[-0.264681,46.768952],[-0.272791,46.769568],[-0.274036,46.769403],[-0.274628,46.769701],[-0.27553,46.769719],[-0.27582,46.770038],[-0.276527,46.770234],[-0.277936,46.770084],[-0.279429,46.769662],[-0.280199,46.769652],[-0.281764,46.770138],[-0.282333,46.770604],[-0.28309,46.770724],[-0.283813,46.771209],[-0.284636,46.771215],[-0.285204,46.770787],[-0.285978,46.771153],[-0.289837,46.771522],[-0.291872,46.772209],[-0.291572,46.775321],[-0.29954,46.774393],[-0.299794,46.779591],[-0.305721,46.780219],[-0.308884,46.781947],[-0.313652,46.782962],[-0.313575,46.785368],[-0.313114,46.78556],[-0.313263,46.785717],[-0.311187,46.787475],[-0.307879,46.790837],[-0.302049,46.796237],[-0.300947,46.797839],[-0.294858,46.804685],[-0.291877,46.808818],[-0.291054,46.810111],[-0.288403,46.816214],[-0.288686,46.818779],[-0.287131,46.819221],[-0.286259,46.820864],[-0.284199,46.822316],[-0.283317,46.822751],[-0.283538,46.823447],[-0.283896,46.823866],[-0.284167,46.824956],[-0.283534,46.825245],[-0.283186,46.825964],[-0.282183,46.826989],[-0.280887,46.830305],[-0.280848,46.830927],[-0.28123,46.831868],[-0.280148,46.832643],[-0.279547,46.832761],[-0.277488,46.832172],[-0.276094,46.831425],[-0.274837,46.831561],[-0.274414,46.83188],[-0.274075,46.832772],[-0.273806,46.833009],[-0.273068,46.833216],[-0.27212,46.833153],[-0.271436,46.833307],[-0.270795,46.834108],[-0.269788,46.834241],[-0.269498,46.834442],[-0.268941,46.835425],[-0.2679,46.836323],[-0.267474,46.837229],[-0.265956,46.838272],[-0.265651,46.838682],[-0.265641,46.838981],[-0.266532,46.839991],[-0.268243,46.840013],[-0.26869,46.840232],[-0.26902,46.84067],[-0.268954,46.841652],[-0.26917,46.842636],[-0.268309,46.844131],[-0.26843,46.845109],[-0.267883,46.845379],[-0.266414,46.845603],[-0.265464,46.846407],[-0.264393,46.846758],[-0.263896,46.847177],[-0.262778,46.847601],[-0.262081,46.847686],[-0.260856,46.847228],[-0.258894,46.846013],[-0.255955,46.844909],[-0.24804,46.842612],[-0.245168,46.842211],[-0.243654,46.841284],[-0.242686,46.840393],[-0.24102,46.839846],[-0.239725,46.840189],[-0.239306,46.839746],[-0.236548,46.840982],[-0.236025,46.840993],[-0.235553,46.840734],[-0.235339,46.840379],[-0.23495,46.840477],[-0.230816,46.840435],[-0.228806,46.84093],[-0.228455,46.840443],[-0.227616,46.840732],[-0.225218,46.838969],[-0.224641,46.839174],[-0.224741,46.839589],[-0.22346,46.839839],[-0.222118,46.840567],[-0.21424,46.841282],[-0.213577,46.84174],[-0.213491,46.842371],[-0.213099,46.842425],[-0.212948,46.842606],[-0.21317,46.844001],[-0.212844,46.844402],[-0.212792,46.844892],[-0.212399,46.845088],[-0.211331,46.846326],[-0.210772,46.847952],[-0.211087,46.848697],[-0.211007,46.848944],[-0.209922,46.849362],[-0.207842,46.849769],[-0.202069,46.850533],[-0.204063,46.852282],[-0.203024,46.852888],[-0.201998,46.854096],[-0.20128,46.854437],[-0.198196,46.85495],[-0.196589,46.85506],[-0.195064,46.855503],[-0.193125,46.856432],[-0.191911,46.857609],[-0.190684,46.858262],[-0.189993,46.858455],[-0.190719,46.858961],[-0.190884,46.859465],[-0.190441,46.865393],[-0.191194,46.868465],[-0.186259,46.866368],[-0.184389,46.874162],[-0.184224,46.876874],[-0.183286,46.882035],[-0.182439,46.885223],[-0.179571,46.886941],[-0.175566,46.889798],[-0.17345,46.891641],[-0.169769,46.894393],[-0.166852,46.897425],[-0.165547,46.899498],[-0.163342,46.900799],[-0.161765,46.902268],[-0.159754,46.905281],[-0.15852,46.906359],[-0.158248,46.906441],[-0.151987,46.905947],[-0.150641,46.906652],[-0.148551,46.907029],[-0.14772,46.907371],[-0.14699,46.907767],[-0.146162,46.908719],[-0.144894,46.909442],[-0.144529,46.909221],[-0.139907,46.908448],[-0.116824,46.905149],[-0.115293,46.904803],[-0.11298,46.903608],[-0.11097,46.901992],[-0.107968,46.899027],[-0.107329,46.89415],[-0.106672,46.893134],[-0.105795,46.892445],[-0.105564,46.891943],[-0.103936,46.892481],[-0.100089,46.893222],[-0.097396,46.893172],[-0.092451,46.89343],[-0.088892,46.894274],[-0.086454,46.89448],[-0.085828,46.894455],[-0.083777,46.89393],[-0.078851,46.8921]],[[-0.074877,46.873271],[-0.072279,46.872347],[-0.065747,46.879939],[-0.064922,46.881215],[-0.064633,46.882315],[-0.066496,46.88383],[-0.067097,46.883483],[-0.067995,46.881615],[-0.069126,46.880519],[-0.0702,46.878974],[-0.070941,46.877627],[-0.071829,46.875218],[-0.072455,46.875032],[-0.073334,46.874242],[-0.074877,46.873271]],[[-0.117182,46.924722],[-0.117124,46.925203],[-0.117407,46.92529],[-0.117567,46.925647],[-0.118683,46.9265],[-0.117181,46.926909],[-0.11688,46.926627],[-0.116566,46.925784],[-0.11712,46.925204],[-0.116266,46.925312],[-0.113931,46.924298],[-0.105969,46.918384],[-0.114934,46.914722],[-0.117206,46.924063],[-0.117182,46.924722]],[[-0.096813,46.933722],[-0.096877,46.933949],[-0.0976,46.934376],[-0.097516,46.93452],[-0.098253,46.934438],[-0.098058,46.935155],[-0.098997,46.934685],[-0.114176,46.942157],[-0.116403,46.946635],[-0.106774,46.945963],[-0.093687,46.942144],[-0.092453,46.941601],[-0.096445,46.936875],[-0.097795,46.934794],[-0.097667,46.934647],[-0.097279,46.934735],[-0.097468,46.934546],[-0.097355,46.934395],[-0.096421,46.934665],[-0.095332,46.93534],[-0.089163,46.939741],[-0.086466,46.93833],[-0.083102,46.935374],[-0.079081,46.930922],[-0.096228,46.932985],[-0.09692,46.933348],[-0.096813,46.933722]]]}},{"type":"Feature","properties":{"uai_primary":"0790708R","uai_all":"0790708R","is_merged":false},"geometry":{"type":"Polygon","coordinates":[[[-0.197564,46.972028],[-0.196447,46.972424],[-0.19587,46.973096],[-0.195661,46.973084],[-0.195634,46.972611],[-0.194733,46.97182],[-0.195199,46.971267],[-0.195462,46.970166],[-0.196215,46.970405],[-0.197101,46.970445],[-0.197521,46.970683],[-0.19747,46.971276],[-0.197745,46.971955],[-0.197564,46.972028]],[[-0.234674,46.991588],[-0.23441,46.99232],[-0.23358,46.992392],[-0.233575,46.992118],[-0.234371,46.991118],[-0.234816,46.991222],[-0.234901,46.991458],[-0.234674,46.991588]],[[-0.24696,46.992218],[-0.246755,46.993501],[-0.24478,46.993606],[-0.244305,46.992906],[-0.244295,46.992518],[-0.24449,46.992075],[-0.244973,46.991749],[-0.24696,46.992218]],[[-0.247285,47.000974],[-0.24751,47.000035],[-0.246887,46.99886],[-0.247449,46.998549],[-0.249213,46.998489],[-0.249596,46.998931],[-0.251168,46.999672],[-0.247285,47.000974]],[[-0.208478,46.955637],[-0.208589,46.953939],[-0.208299,46.951978],[-0.208549,46.950147],[-0.210216,46.950377],[-0.212466,46.949778],[-0.212953,46.949224],[-0.212769,46.947963],[-0.213192,46.947932],[-0.218502,46.944584],[-0.219767,46.944924],[-0.219801,46.943547],[-0.219454,46.94111],[-0.222235,46.94081],[-0.224401,46.940272],[-0.225622,46.940159],[-0.229716,46.940505],[-0.234482,46.939528],[-0.238682,46.938986],[-0.243377,46.939121],[-0.244717,46.938217],[-0.246608,46.935943],[-0.247383,46.934306],[-0.247834,46.932398],[-0.248489,46.931513],[-0.256189,46.925199],[-0.257196,46.924642],[-0.259568,46.925389],[-0.260616,46.925321],[-0.265481,46.928091],[-0.270224,46.931089],[-0.271624,46.931507],[-0.274216,46.932761],[-0.274301,46.933876],[-0.2752,46.934801],[-0.276726,46.933731],[-0.277856,46.93267],[-0.278885,46.932197],[-0.279475,46.932183],[-0.280804,46.932468],[-0.281393,46.932454],[-0.282492,46.932069],[-0.283212,46.932008],[-0.284601,46.932201],[-0.287755,46.932219],[-0.287719,46.932805],[-0.288309,46.934141],[-0.28884,46.936277],[-0.290228,46.936321],[-0.292411,46.937158],[-0.292963,46.93795],[-0.294528,46.93904],[-0.295265,46.939338],[-0.299493,46.940375],[-0.299941,46.940608],[-0.302293,46.942936],[-0.303329,46.942791],[-0.306659,46.942853],[-0.310099,46.94327],[-0.307734,46.945242],[-0.309478,46.949546],[-0.319734,46.947696],[-0.322166,46.953239],[-0.324478,46.952658],[-0.327402,46.952402],[-0.328016,46.953019],[-0.328207,46.954126],[-0.326383,46.957568],[-0.324998,46.957701],[-0.323944,46.958317],[-0.322805,46.958698],[-0.320624,46.959799],[-0.32089,46.960318],[-0.320789,46.960538],[-0.31951,46.960926],[-0.319685,46.962264],[-0.318605,46.964931],[-0.318909,46.966486],[-0.319981,46.967504],[-0.320886,46.967845],[-0.321405,46.969655],[-0.321951,46.970093],[-0.322758,46.970434],[-0.323947,46.970542],[-0.325719,46.970501],[-0.326825,46.97025],[-0.328748,46.96926],[-0.328927,46.968896],[-0.328568,46.968275],[-0.32891,46.968011],[-0.329301,46.968162],[-0.330421,46.968213],[-0.330719,46.967972],[-0.33076,46.967413],[-0.331148,46.967269],[-0.333038,46.97222],[-0.33465,46.972904],[-0.330859,46.976007],[-0.330877,46.976164],[-0.33353,46.977003],[-0.335499,46.978059],[-0.339592,46.979618],[-0.342486,46.979742],[-0.346175,46.980267],[-0.34243,46.982578],[-0.341481,46.983321],[-0.340138,46.986185],[-0.337111,46.98693],[-0.336635,46.988435],[-0.334987,46.990566],[-0.332637,46.993294],[-0.330048,46.995469],[-0.328429,46.997307],[-0.32069,46.999106],[-0.319209,46.999771],[-0.316919,47.000417],[-0.314208,46.999751],[-0.313798,47.000069],[-0.314063,47.001186],[-0.313542,47.001754],[-0.313094,47.002835],[-0.311752,47.004283],[-0.311639,47.004721],[-0.311881,47.005834],[-0.310657,47.008335],[-0.309557,47.009584],[-0.309389,47.010409],[-0.309608,47.010845],[-0.30947,47.011721],[-0.308696,47.012075],[-0.308625,47.012262],[-0.305397,47.012265],[-0.304449,47.012635],[-0.304042,47.013072],[-0.304031,47.014466],[-0.304588,47.015302],[-0.304931,47.015452],[-0.306657,47.015515],[-0.307406,47.015736],[-0.307755,47.01608],[-0.307742,47.016746],[-0.306883,47.0175],[-0.306344,47.017605],[-0.305808,47.017515],[-0.30561,47.017703],[-0.305009,47.017686],[-0.303353,47.017293],[-0.297475,47.016536],[-0.296562,47.016621],[-0.294336,47.017486],[-0.293879,47.017835],[-0.292569,47.019867],[-0.291387,47.020994],[-0.290436,47.022839],[-0.289958,47.023177],[-0.288948,47.024468],[-0.28784,47.025212],[-0.285636,47.02735],[-0.285058,47.026999],[-0.281966,47.023967],[-0.280072,47.023313],[-0.276946,47.022809],[-0.274394,47.021716],[-0.271877,47.019343],[-0.26569,47.015219],[-0.263954,47.013529],[-0.262866,47.013058],[-0.260813,47.011649],[-0.259766,47.0107],[-0.259211,47.009883],[-0.258502,47.010057],[-0.258029,47.010411],[-0.25745,47.011515],[-0.256367,47.011266],[-0.256061,47.010973],[-0.256108,47.01075],[-0.254697,47.010107],[-0.25982,47.008424],[-0.25727,47.007486],[-0.259948,47.006102],[-0.256195,47.004841],[-0.255325,47.004395],[-0.250906,47.007581],[-0.249755,47.006778],[-0.248297,47.006106],[-0.246513,47.004413],[-0.246917,47.001942],[-0.247791,47.001771],[-0.250039,47.001749],[-0.250408,47.001904],[-0.250998,47.001888],[-0.251906,47.003026],[-0.255387,47.003983],[-0.256347,47.00242],[-0.258286,47.001984],[-0.267694,47.00338],[-0.268531,47.002973],[-0.272105,47.002659],[-0.280618,47.001601],[-0.282168,46.997083],[-0.272871,46.993671],[-0.272066,46.993336],[-0.269815,46.991896],[-0.267579,46.991155],[-0.263953,46.986578],[-0.265552,46.985824],[-0.266723,46.980853],[-0.265408,46.980012],[-0.26355,46.979984],[-0.256579,46.981589],[-0.258489,46.985365],[-0.251888,46.989162],[-0.25144,46.989122],[-0.25029,46.988595],[-0.249374,46.986357],[-0.250123,46.984831],[-0.249626,46.984435],[-0.249643,46.984253],[-0.2547,46.979808],[-0.249906,46.974165],[-0.247779,46.973962],[-0.247671,46.97466],[-0.246747,46.976333],[-0.246151,46.977036],[-0.245186,46.980815],[-0.243102,46.98483],[-0.24152,46.985381],[-0.238787,46.985854],[-0.236314,46.98695],[-0.235013,46.986824],[-0.233878,46.987094],[-0.233252,46.987397],[-0.230715,46.98768],[-0.231133,46.988119],[-0.231132,46.988657],[-0.230613,46.989113],[-0.228776,46.990112],[-0.228935,46.990908],[-0.228737,46.991568],[-0.23101,46.992492],[-0.231235,46.992784],[-0.2323,46.993089],[-0.233536,46.992436],[-0.233775,46.992631],[-0.233715,46.993059],[-0.233209,46.993658],[-0.234511,46.994383],[-0.23486,46.994419],[-0.235249,46.994845],[-0.23625,46.994811],[-0.236852,46.995284],[-0.237422,46.995356],[-0.238455,46.995925],[-0.239223,46.995419],[-0.239165,46.994932],[-0.240131,46.994829],[-0.240391,46.994986],[-0.240812,46.994794],[-0.241141,46.995158],[-0.241059,46.995619],[-0.240267,46.996049],[-0.239753,46.995959],[-0.239233,46.996248],[-0.239075,46.997007],[-0.237905,46.997151],[-0.235582,46.997161],[-0.231599,46.998203],[-0.230164,46.996701],[-0.225461,46.992781],[-0.221362,46.995588],[-0.219877,46.996177],[-0.21872,46.996289],[-0.216137,46.996128],[-0.210677,46.994406],[-0.208204,46.993779],[-0.205047,47.002184],[-0.204716,47.002037],[-0.204144,47.000361],[-0.20468,46.999526],[-0.203902,46.998812],[-0.20443,46.99772],[-0.205132,46.997563],[-0.205979,46.996989],[-0.206304,46.996559],[-0.206291,46.996296],[-0.205431,46.995945],[-0.20566,46.995596],[-0.206735,46.995358],[-0.206223,46.994861],[-0.206573,46.993784],[-0.207875,46.993782],[-0.207776,46.992305],[-0.209003,46.992125],[-0.208655,46.991879],[-0.208556,46.991452],[-0.208774,46.990709],[-0.209171,46.990383],[-0.20914,46.990126],[-0.208877,46.990024],[-0.209259,46.989512],[-0.208931,46.988695],[-0.210081,46.9879],[-0.209952,46.987468],[-0.209669,46.987348],[-0.209584,46.986889],[-0.210085,46.985995],[-0.210643,46.985675],[-0.211171,46.985691],[-0.211289,46.985475],[-0.209355,46.985165],[-0.208339,46.985306],[-0.207254,46.985039],[-0.204486,46.985757],[-0.201593,46.98485],[-0.20215,46.983941],[-0.202671,46.983526],[-0.203036,46.984174],[-0.203411,46.982906],[-0.204116,46.982883],[-0.204215,46.982194],[-0.20467,46.9819],[-0.205231,46.982082],[-0.20562,46.981984],[-0.206055,46.981295],[-0.206458,46.981259],[-0.207198,46.979825],[-0.206255,46.978951],[-0.206564,46.978114],[-0.206869,46.977954],[-0.207017,46.97756],[-0.206969,46.977435],[-0.206011,46.977416],[-0.205889,46.977208],[-0.20605,46.976741],[-0.205045,46.976509],[-0.204593,46.976982],[-0.204424,46.976956],[-0.203606,46.976286],[-0.203378,46.97674],[-0.202942,46.976581],[-0.2028,46.976435],[-0.202948,46.976269],[-0.202817,46.975742],[-0.203034,46.975682],[-0.202908,46.975217],[-0.202504,46.975461],[-0.202083,46.975407],[-0.201214,46.976025],[-0.199894,46.976004],[-0.199066,46.976376],[-0.198881,46.976103],[-0.197923,46.975915],[-0.199123,46.975597],[-0.199493,46.975064],[-0.200317,46.975106],[-0.20129,46.974943],[-0.202581,46.974376],[-0.203349,46.973605],[-0.203372,46.973435],[-0.201148,46.973501],[-0.200013,46.973296],[-0.199704,46.972409],[-0.201798,46.970794],[-0.203605,46.970102],[-0.203849,46.967896],[-0.203749,46.967016],[-0.203108,46.965731],[-0.201259,46.964981],[-0.200358,46.964414],[-0.19922,46.964411],[-0.199075,46.96316],[-0.198711,46.963016],[-0.199769,46.96288],[-0.201965,46.962046],[-0.202706,46.960304],[-0.204409,46.957851],[-0.207116,46.956186],[-0.208478,46.955637]]]}},{"type":"Feature","properties":{"uai_primary":"0790709S","uai_all":"0790709S","is_merged":false},"geometry":{"type":"Polygon","coordinates":[[[-0.456996,46.313959],[-0.456634,46.313907],[-0.456915,46.313382],[-0.456996,46.313959]],[[-0.472826,46.320489],[-0.473267,46.320598],[-0.473367,46.320934],[-0.473001,46.320958],[-0.47261,46.320566],[-0.472826,46.320489]],[[-0.476425,46.325522],[-0.476788,46.325835],[-0.478499,46.326291],[-0.478646,46.326826],[-0.479156,46.327444],[-0.479143,46.32861],[-0.47852,46.329049],[-0.479003,46.329709],[-0.478524,46.331106],[-0.479343,46.331731],[-0.479273,46.332682],[-0.47897,46.333174],[-0.479634,46.334088],[-0.479503,46.334601],[-0.478744,46.335148],[-0.478237,46.334883],[-0.478168,46.334659],[-0.476728,46.334663],[-0.475787,46.334004],[-0.474384,46.334434],[-0.471909,46.334384],[-0.47152,46.33401],[-0.470533,46.334137],[-0.469498,46.333019],[-0.468796,46.333069],[-0.468372,46.333269],[-0.46649,46.333337],[-0.466267,46.333123],[-0.464966,46.333138],[-0.464464,46.333582],[-0.463782,46.333721],[-0.462904,46.332764],[-0.463133,46.332264],[-0.462505,46.331176],[-0.462561,46.33026],[-0.462161,46.329922],[-0.462033,46.329406],[-0.461584,46.32917],[-0.460645,46.329235],[-0.459951,46.329085],[-0.4597,46.329395],[-0.459911,46.329585],[-0.459576,46.329656],[-0.458712,46.329315],[-0.458208,46.329282],[-0.457853,46.328954],[-0.457648,46.329048],[-0.457435,46.328926],[-0.456875,46.328962],[-0.455128,46.328636],[-0.454501,46.328704],[-0.454408,46.328596],[-0.451535,46.328423],[-0.451291,46.328631],[-0.45111,46.328385],[-0.450661,46.328737],[-0.45057,46.328293],[-0.449499,46.328014],[-0.449418,46.32766],[-0.448955,46.327944],[-0.448862,46.327785],[-0.448644,46.327901],[-0.44767,46.327794],[-0.445343,46.328768],[-0.44444,46.328893],[-0.44401,46.328632],[-0.444389,46.328367],[-0.444195,46.327568],[-0.443802,46.327447],[-0.444248,46.327335],[-0.444475,46.326542],[-0.444205,46.326181],[-0.443455,46.325973],[-0.443256,46.325727],[-0.443476,46.32454],[-0.442903,46.324081],[-0.442419,46.322936],[-0.441991,46.322586],[-0.440964,46.322093],[-0.439592,46.322151],[-0.43885,46.321784],[-0.437024,46.321579],[-0.436226,46.321723],[-0.435535,46.321291],[-0.434641,46.321101],[-0.431821,46.320854],[-0.430868,46.320974],[-0.430268,46.320344],[-0.430554,46.319308],[-0.431467,46.319134],[-0.432276,46.318599],[-0.433129,46.318503],[-0.43468,46.317832],[-0.43584,46.317292],[-0.436117,46.316885],[-0.436617,46.316878],[-0.436985,46.316604],[-0.437359,46.316791],[-0.43767,46.316303],[-0.438215,46.316781],[-0.43846,46.316509],[-0.439268,46.316821],[-0.439408,46.316411],[-0.440016,46.316708],[-0.442772,46.316609],[-0.443291,46.317335],[-0.444393,46.317658],[-0.445047,46.317387],[-0.446062,46.317794],[-0.446135,46.317948],[-0.446681,46.317813],[-0.446675,46.31751],[-0.446193,46.317186],[-0.446834,46.317205],[-0.447065,46.317024],[-0.446855,46.316772],[-0.447478,46.316745],[-0.44805,46.315872],[-0.448365,46.315798],[-0.448283,46.315644],[-0.44859,46.315612],[-0.448705,46.315297],[-0.449017,46.315315],[-0.448854,46.315144],[-0.449254,46.314856],[-0.449158,46.314654],[-0.449436,46.314639],[-0.449208,46.314408],[-0.449644,46.31435],[-0.449344,46.314101],[-0.450008,46.314111],[-0.450718,46.314588],[-0.451173,46.315272],[-0.451682,46.315469],[-0.452024,46.315406],[-0.452025,46.315751],[-0.452237,46.315802],[-0.452886,46.31539],[-0.452618,46.316024],[-0.453247,46.31633],[-0.454739,46.315909],[-0.456194,46.316402],[-0.456911,46.316042],[-0.457109,46.315105],[-0.458461,46.314723],[-0.459094,46.313341],[-0.459525,46.313077],[-0.46028,46.313769],[-0.462136,46.313815],[-0.464859,46.313561],[-0.465609,46.313937],[-0.465018,46.314387],[-0.465392,46.31471],[-0.464996,46.315118],[-0.465057,46.31553],[-0.46546,46.315945],[-0.465898,46.315798],[-0.466056,46.316022],[-0.466241,46.315911],[-0.466635,46.316035],[-0.466966,46.31589],[-0.467266,46.316127],[-0.467686,46.315972],[-0.467979,46.316105],[-0.468108,46.316003],[-0.468249,46.316205],[-0.468389,46.316012],[-0.468797,46.31618],[-0.468892,46.316065],[-0.469276,46.316166],[-0.47073,46.316038],[-0.471062,46.316407],[-0.471315,46.316258],[-0.471731,46.316378],[-0.47163,46.316616],[-0.471922,46.316921],[-0.471633,46.317262],[-0.470994,46.317553],[-0.471059,46.317783],[-0.470788,46.317771],[-0.470471,46.318142],[-0.470228,46.318165],[-0.468668,46.319268],[-0.468768,46.319393],[-0.469104,46.31931],[-0.469137,46.319591],[-0.469686,46.319615],[-0.470035,46.319479],[-0.470031,46.319629],[-0.470506,46.319365],[-0.470766,46.319641],[-0.470646,46.319917],[-0.470996,46.319942],[-0.471385,46.319765],[-0.471317,46.319988],[-0.471731,46.32015],[-0.471738,46.320322],[-0.471983,46.3202],[-0.472365,46.320413],[-0.472331,46.320658],[-0.471702,46.320814],[-0.471679,46.320928],[-0.471816,46.321296],[-0.472446,46.321574],[-0.471847,46.321808],[-0.471609,46.321539],[-0.470815,46.32135],[-0.470879,46.321693],[-0.471394,46.322149],[-0.470838,46.32245],[-0.470583,46.322815],[-0.470753,46.322956],[-0.470483,46.323639],[-0.471873,46.323621],[-0.473157,46.323822],[-0.47451,46.324301],[-0.475727,46.324463],[-0.476425,46.325522]],[[-0.461007,46.33048],[-0.460496,46.330822],[-0.460172,46.330368],[-0.460143,46.330108],[-0.460656,46.329558],[-0.461146,46.330163],[-0.461007,46.33048]]]}},{"type":"Feature","properties":{"uai_primary":"0790710T","uai_all":"0790710T","is_merged":false},"geometry":{"type":"Polygon","coordinates":[[[-0.483548,46.377089],[-0.481268,46.375369],[-0.480028,46.375083],[-0.478597,46.375214],[-0.477462,46.375639],[-0.474809,46.375392],[-0.470537,46.375757],[-0.469166,46.376431],[-0.468354,46.376626],[-0.466204,46.37649],[-0.464483,46.376631],[-0.463049,46.376573],[-0.461171,46.376772],[-0.459033,46.376496],[-0.454077,46.376909],[-0.451905,46.37685],[-0.450486,46.376062],[-0.450165,46.376064],[-0.449691,46.37565],[-0.44984,46.374716],[-0.45218,46.370898],[-0.454124,46.368509],[-0.456213,46.365099],[-0.456756,46.364753],[-0.458147,46.364563],[-0.459219,46.364582],[-0.462302,46.365548],[-0.463489,46.365829],[-0.465311,46.366006],[-0.465846,46.366247],[-0.46884,46.366171],[-0.470948,46.365383],[-0.469804,46.361928],[-0.468736,46.361071],[-0.467991,46.359316],[-0.46725,46.358518],[-0.465619,46.357999],[-0.464758,46.357831],[-0.463794,46.357841],[-0.462749,46.357419],[-0.459141,46.35644],[-0.458149,46.356128],[-0.457303,46.355438],[-0.456455,46.355176],[-0.456593,46.352055],[-0.457149,46.351454],[-0.457694,46.351035],[-0.458553,46.350776],[-0.459661,46.349873],[-0.460871,46.349441],[-0.46106,46.349212],[-0.464117,46.349107],[-0.464977,46.348538],[-0.465574,46.347531],[-0.467842,46.34763],[-0.469466,46.345958],[-0.469936,46.34515],[-0.469686,46.343884],[-0.470759,46.343058],[-0.47151,46.341894],[-0.470424,46.339884],[-0.469839,46.33951],[-0.468732,46.338298],[-0.468794,46.337421],[-0.467987,46.336454],[-0.467062,46.335741],[-0.46689,46.334826],[-0.466548,46.334699],[-0.465354,46.334779],[-0.464464,46.333582],[-0.464966,46.333138],[-0.466267,46.333123],[-0.46649,46.333337],[-0.468372,46.333269],[-0.468796,46.333069],[-0.469498,46.333019],[-0.470533,46.334137],[-0.47152,46.33401],[-0.471909,46.334384],[-0.474384,46.334434],[-0.475787,46.334004],[-0.476728,46.334663],[-0.478168,46.334659],[-0.478237,46.334883],[-0.478744,46.335148],[-0.479503,46.334601],[-0.480257,46.335327],[-0.482128,46.336728],[-0.482357,46.33674],[-0.482667,46.336581],[-0.483445,46.335443],[-0.486566,46.334885],[-0.488132,46.334348],[-0.488969,46.334458],[-0.490818,46.334334],[-0.492181,46.333103],[-0.491727,46.331762],[-0.491884,46.330354],[-0.49275,46.329358],[-0.496386,46.326618],[-0.500127,46.326925],[-0.501231,46.326413],[-0.503813,46.327831],[-0.505754,46.329118],[-0.507138,46.331097],[-0.508561,46.331901],[-0.509085,46.333618],[-0.51138,46.33444],[-0.513114,46.33296],[-0.517587,46.333646],[-0.518444,46.33191],[-0.519708,46.331221],[-0.521581,46.331484],[-0.52271,46.331372],[-0.524581,46.331571],[-0.527482,46.331281],[-0.5285,46.330861],[-0.529415,46.329211],[-0.530186,46.328725],[-0.532012,46.328464],[-0.539088,46.327969],[-0.538614,46.326887],[-0.539063,46.326435],[-0.539345,46.326459],[-0.538945,46.325766],[-0.540693,46.326058],[-0.54105,46.326327],[-0.541217,46.327352],[-0.542184,46.327501],[-0.541801,46.328059],[-0.54167,46.328706],[-0.542098,46.329195],[-0.542555,46.329327],[-0.544172,46.329263],[-0.546136,46.330346],[-0.546785,46.330498],[-0.547423,46.330348],[-0.548567,46.329479],[-0.551877,46.328536],[-0.554365,46.327365],[-0.555169,46.327623],[-0.555447,46.328303],[-0.555929,46.328653],[-0.55706,46.328982],[-0.560788,46.327474],[-0.561633,46.3278],[-0.562516,46.327873],[-0.56435,46.327695],[-0.567907,46.326943],[-0.571109,46.326904],[-0.572529,46.326493],[-0.573737,46.325842],[-0.576725,46.324696],[-0.578515,46.323759],[-0.581314,46.322586],[-0.580391,46.321592],[-0.581038,46.321045],[-0.58189,46.320816],[-0.582438,46.321204],[-0.58366,46.320572],[-0.585023,46.320883],[-0.587026,46.320569],[-0.587689,46.320307],[-0.588005,46.320111],[-0.587833,46.319411],[-0.588171,46.318303],[-0.589085,46.318442],[-0.591014,46.319078],[-0.592342,46.318793],[-0.595191,46.31726],[-0.598014,46.316877],[-0.599252,46.31597],[-0.600317,46.315518],[-0.603878,46.314749],[-0.608554,46.314561],[-0.610181,46.31292],[-0.610664,46.312772],[-0.611752,46.312778],[-0.613081,46.3131],[-0.613853,46.313027],[-0.615627,46.312141],[-0.615851,46.311401],[-0.616287,46.310915],[-0.618191,46.310289],[-0.621183,46.309869],[-0.622933,46.31009],[-0.625571,46.310952],[-0.628693,46.312558],[-0.629756,46.312366],[-0.631335,46.311475],[-0.632427,46.311332],[-0.633966,46.311709],[-0.64007,46.314128],[-0.640536,46.314201],[-0.64142,46.314007],[-0.641943,46.314953],[-0.641866,46.315277],[-0.642241,46.31606],[-0.641985,46.317402],[-0.642533,46.318138],[-0.642449,46.318581],[-0.642671,46.31906],[-0.643403,46.319446],[-0.642673,46.320152],[-0.641481,46.320807],[-0.636814,46.324307],[-0.635565,46.328298],[-0.636043,46.328029],[-0.638198,46.328615],[-0.638272,46.328416],[-0.639495,46.329034],[-0.638961,46.330175],[-0.638925,46.331222],[-0.63808,46.332052],[-0.638382,46.332691],[-0.637925,46.332883],[-0.637678,46.333536],[-0.638066,46.333583],[-0.637756,46.334039],[-0.637605,46.33493],[-0.637788,46.335809],[-0.637282,46.336615],[-0.637232,46.337022],[-0.635795,46.337553],[-0.634862,46.338466],[-0.634405,46.338532],[-0.633557,46.338354],[-0.633303,46.338782],[-0.632038,46.337801],[-0.629458,46.336254],[-0.629073,46.336173],[-0.62875,46.336158],[-0.627392,46.337891],[-0.624898,46.337546],[-0.622807,46.3377],[-0.621573,46.337952],[-0.618753,46.338973],[-0.618103,46.339356],[-0.618959,46.340007],[-0.617573,46.341181],[-0.616689,46.340896],[-0.615523,46.341783],[-0.614613,46.342933],[-0.612814,46.344285],[-0.610684,46.345104],[-0.608894,46.346155],[-0.607869,46.347132],[-0.606845,46.347552],[-0.605068,46.347331],[-0.604176,46.350444],[-0.603398,46.354329],[-0.606916,46.35514],[-0.60694,46.355543],[-0.604979,46.359507],[-0.603107,46.361484],[-0.601397,46.361144],[-0.586215,46.356945],[-0.576962,46.355443],[-0.574623,46.357341],[-0.572899,46.357932],[-0.572194,46.358399],[-0.570048,46.358156],[-0.567226,46.358656],[-0.567206,46.359017],[-0.565947,46.359337],[-0.563994,46.359511],[-0.563916,46.359773],[-0.562033,46.359559],[-0.561603,46.360717],[-0.559303,46.361152],[-0.558425,46.361681],[-0.55815,46.362094],[-0.557592,46.364253],[-0.556693,46.365466],[-0.552011,46.369597],[-0.549709,46.37134],[-0.547468,46.373712],[-0.546184,46.375206],[-0.543926,46.380013],[-0.540504,46.384224],[-0.538473,46.385874],[-0.538148,46.386354],[-0.533303,46.386625],[-0.533203,46.386527],[-0.531187,46.386737],[-0.529797,46.387058],[-0.529967,46.387314],[-0.528273,46.387301],[-0.528221,46.387023],[-0.52756,46.387074],[-0.525608,46.387893],[-0.524615,46.388591],[-0.520065,46.390541],[-0.51851,46.390406],[-0.517906,46.390565],[-0.517255,46.391074],[-0.515878,46.39162],[-0.515196,46.392076],[-0.513028,46.392981],[-0.512121,46.393092],[-0.511182,46.393555],[-0.511309,46.393768],[-0.51083,46.394076],[-0.510197,46.39418],[-0.508646,46.393865],[-0.508458,46.395076],[-0.507768,46.395702],[-0.505787,46.396473],[-0.504728,46.396598],[-0.504196,46.397132],[-0.503548,46.39744],[-0.501098,46.398081],[-0.50029,46.399229],[-0.499881,46.401445],[-0.498926,46.403861],[-0.499139,46.40408],[-0.499011,46.404219],[-0.500087,46.405179],[-0.49952,46.405362],[-0.499259,46.405274],[-0.498838,46.406177],[-0.498836,46.407639],[-0.497403,46.409125],[-0.496644,46.41039],[-0.497103,46.410614],[-0.496691,46.411342],[-0.49721,46.411564],[-0.497846,46.412351],[-0.49838,46.413688],[-0.498934,46.41367],[-0.498501,46.416827],[-0.496582,46.416737],[-0.494978,46.417189],[-0.494283,46.417092],[-0.492948,46.417197],[-0.488279,46.418281],[-0.483665,46.419841],[-0.481369,46.419119],[-0.474158,46.417496],[-0.472668,46.417382],[-0.468009,46.41596],[-0.466373,46.415275],[-0.461836,46.414242],[-0.4607,46.414134],[-0.460314,46.41538],[-0.459333,46.417028],[-0.456548,46.416206],[-0.456435,46.415744],[-0.456898,46.414652],[-0.456813,46.414487],[-0.455597,46.413909],[-0.45516,46.414369],[-0.454865,46.414071],[-0.453106,46.4135],[-0.452944,46.413231],[-0.450186,46.412757],[-0.446585,46.411791],[-0.444658,46.410423],[-0.446552,46.410094],[-0.447158,46.409286],[-0.448128,46.408894],[-0.448351,46.408156],[-0.448997,46.40778],[-0.449127,46.406673],[-0.450196,46.406511],[-0.450546,46.406084],[-0.45032,46.405374],[-0.450916,46.404695],[-0.450945,46.404152],[-0.451476,46.402906],[-0.451348,46.400718],[-0.450928,46.400198],[-0.449929,46.400046],[-0.450317,46.399288],[-0.449769,46.398331],[-0.450593,46.397022],[-0.451632,46.396752],[-0.452426,46.396174],[-0.450215,46.394483],[-0.450186,46.394127],[-0.451303,46.391853],[-0.451505,46.391597],[-0.452191,46.391735],[-0.453901,46.392231],[-0.45506,46.392798],[-0.455305,46.393098],[-0.455438,46.393827],[-0.455788,46.394067],[-0.456738,46.394273],[-0.457029,46.39477],[-0.458322,46.395992],[-0.459851,46.397095],[-0.461617,46.399143],[-0.461819,46.399722],[-0.46378,46.400073],[-0.464654,46.400031],[-0.466303,46.400982],[-0.46705,46.401034],[-0.4675,46.400505],[-0.467745,46.399733],[-0.468578,46.39902],[-0.468638,46.397457],[-0.468301,46.396902],[-0.465161,46.393888],[-0.467524,46.392458],[-0.46676,46.391833],[-0.465884,46.39174],[-0.466111,46.391005],[-0.465427,46.390261],[-0.464825,46.38995],[-0.461729,46.389116],[-0.460265,46.387885],[-0.460134,46.387006],[-0.460689,46.385072],[-0.461672,46.384254],[-0.463027,46.383581],[-0.465487,46.382871],[-0.466834,46.382675],[-0.46895,46.382625],[-0.475396,46.383538],[-0.476977,46.383428],[-0.478319,46.383706],[-0.479221,46.383598],[-0.480345,46.382958],[-0.483133,46.383036],[-0.483358,46.382784],[-0.482994,46.382258],[-0.483315,46.381549],[-0.483317,46.381012],[-0.482998,46.37989],[-0.482589,46.379287],[-0.483806,46.379183],[-0.484274,46.378794],[-0.484011,46.377713],[-0.483548,46.377089]],[[-0.490276,46.338906],[-0.490241,46.339229],[-0.490796,46.339499],[-0.491565,46.339307],[-0.491575,46.339135],[-0.491206,46.339126],[-0.491055,46.338927],[-0.490882,46.339043],[-0.490276,46.338906]],[[-0.502625,46.344091],[-0.503134,46.344559],[-0.503049,46.345509],[-0.501204,46.348446],[-0.502775,46.348545],[-0.504453,46.34825],[-0.50598,46.345615],[-0.507074,46.345066],[-0.507605,46.344514],[-0.509,46.343572],[-0.508271,46.34271],[-0.505235,46.340447],[-0.503462,46.338714],[-0.499847,46.337211],[-0.497716,46.337858],[-0.492681,46.338917],[-0.492127,46.339504],[-0.49212,46.339758],[-0.492505,46.340031],[-0.492957,46.340858],[-0.495041,46.34155],[-0.495821,46.341951],[-0.496804,46.342063],[-0.498582,46.343222],[-0.498736,46.343494],[-0.500683,46.343532],[-0.502625,46.344091]],[[-0.462468,46.350487],[-0.461786,46.35036],[-0.46156,46.351437],[-0.462096,46.351394],[-0.462078,46.351177],[-0.462258,46.351247],[-0.462336,46.351049],[-0.462672,46.35096],[-0.462756,46.351052],[-0.46322,46.350939],[-0.463454,46.351066],[-0.463513,46.350825],[-0.462828,46.350461],[-0.462468,46.350487]],[[-0.463167,46.351316],[-0.463195,46.351122],[-0.462904,46.351285],[-0.463167,46.351316]],[[-0.463529,46.351171],[-0.463842,46.351603],[-0.463875,46.351138],[-0.463529,46.351171]],[[-0.462639,46.351418],[-0.462523,46.351323],[-0.462111,46.351487],[-0.462236,46.351563],[-0.462639,46.351418]],[[-0.436579,46.303965],[-0.436036,46.30442],[-0.43238,46.305936],[-0.430521,46.305402],[-0.432822,46.30319],[-0.435001,46.302901],[-0.435505,46.30322],[-0.436574,46.303448],[-0.436721,46.303667],[-0.436579,46.303965]],[[-0.434658,46.306618],[-0.433484,46.306427],[-0.437102,46.305176],[-0.437682,46.305393],[-0.43765,46.305893],[-0.437373,46.306245],[-0.436599,46.306453],[-0.434658,46.306618]]]}},{"type":"Feature","properties":{"uai_primary":"0790929F","uai_all":"0790929F","is_merged":false},"geometry":{"type":"Polygon","coordinates":[[[-0.616814,46.2293],[-0.616788,46.22521],[-0.616019,46.225168],[-0.615871,46.224492],[-0.615477,46.22432],[-0.61618,46.221588],[-0.616126,46.221075],[-0.614657,46.220579],[-0.610655,46.219634],[-0.60824,46.218231],[-0.605031,46.216781],[-0.600741,46.213368],[-0.59792,46.212133],[-0.596511,46.211198],[-0.595881,46.211346],[-0.594151,46.212434],[-0.592323,46.212553],[-0.586621,46.21382],[-0.586454,46.213823],[-0.58637,46.211068],[-0.581071,46.212522],[-0.578788,46.213294],[-0.575767,46.213376],[-0.568151,46.211196],[-0.567269,46.211077],[-0.563711,46.211125],[-0.564285,46.210726],[-0.564456,46.209729],[-0.563531,46.209615],[-0.561859,46.209786],[-0.559476,46.209656],[-0.559316,46.210012],[-0.555684,46.209138],[-0.555065,46.208827],[-0.555831,46.207888],[-0.555883,46.207369],[-0.555505,46.207066],[-0.554355,46.206787],[-0.553524,46.206668],[-0.553477,46.207397],[-0.551004,46.206797],[-0.549275,46.206886],[-0.548514,46.207069],[-0.546321,46.207124],[-0.546133,46.207633],[-0.542875,46.207018],[-0.540187,46.205901],[-0.541134,46.20439],[-0.543557,46.202215],[-0.545487,46.199681],[-0.545583,46.198986],[-0.545426,46.198761],[-0.545819,46.196217],[-0.546593,46.194495],[-0.546328,46.193611],[-0.547075,46.192603],[-0.549744,46.193648],[-0.56668,46.196422],[-0.569481,46.197197],[-0.570135,46.196173],[-0.570917,46.195366],[-0.57223,46.194646],[-0.574065,46.194004],[-0.575099,46.193373],[-0.578326,46.190075],[-0.579482,46.188303],[-0.581024,46.18525],[-0.58081,46.184052],[-0.571705,46.181941],[-0.570788,46.18074],[-0.571034,46.179991],[-0.567123,46.179909],[-0.56545,46.179628],[-0.564301,46.179187],[-0.562645,46.179181],[-0.563833,46.17671],[-0.562042,46.176176],[-0.560688,46.176117],[-0.560075,46.175899],[-0.560057,46.175539],[-0.560972,46.173265],[-0.560322,46.173082],[-0.559758,46.17381],[-0.558995,46.17359],[-0.558643,46.173325],[-0.557738,46.173348],[-0.555582,46.173043],[-0.555326,46.173095],[-0.554899,46.1736],[-0.55359,46.173364],[-0.553205,46.173419],[-0.552855,46.174148],[-0.551496,46.174183],[-0.550923,46.173855],[-0.551083,46.17276],[-0.550573,46.172248],[-0.549298,46.172209],[-0.546893,46.171208],[-0.543345,46.170689],[-0.541877,46.170169],[-0.541565,46.17016],[-0.540571,46.171067],[-0.539469,46.169899],[-0.536806,46.169005],[-0.53582,46.168878],[-0.535153,46.168573],[-0.537439,46.163994],[-0.53617,46.16368],[-0.536162,46.163544],[-0.536544,46.1634],[-0.536455,46.162952],[-0.536824,46.162583],[-0.537713,46.162245],[-0.538956,46.160161],[-0.539536,46.160177],[-0.540411,46.158124],[-0.542319,46.158662],[-0.542645,46.157482],[-0.544023,46.157808],[-0.54475,46.155242],[-0.542767,46.154876],[-0.54248,46.154678],[-0.540227,46.15405],[-0.539022,46.153883],[-0.539141,46.152802],[-0.53156,46.152047],[-0.532252,46.150316],[-0.532115,46.148424],[-0.530457,46.148219],[-0.532306,46.141946],[-0.533516,46.14194],[-0.533229,46.139726],[-0.535772,46.139926],[-0.536197,46.140202],[-0.536812,46.140211],[-0.536827,46.140489],[-0.537893,46.140669],[-0.538521,46.140495],[-0.538412,46.14107],[-0.541803,46.141523],[-0.542691,46.142402],[-0.54385,46.143093],[-0.547463,46.14424],[-0.549014,46.14428],[-0.54962,46.144534],[-0.550124,46.144205],[-0.551486,46.144278],[-0.552711,46.145059],[-0.555709,46.143508],[-0.556234,46.143767],[-0.558988,46.14323],[-0.559507,46.143414],[-0.563589,46.142186],[-0.564074,46.141826],[-0.565131,46.141616],[-0.565804,46.14226],[-0.565476,46.142594],[-0.565659,46.14283],[-0.566376,46.143592],[-0.567528,46.144384],[-0.568472,46.144369],[-0.57234,46.145829],[-0.572665,46.145866],[-0.572972,46.145542],[-0.579334,46.14826],[-0.580002,46.146218],[-0.580892,46.144663],[-0.58121,46.14438],[-0.581815,46.144332],[-0.583114,46.139568],[-0.585868,46.139627],[-0.586371,46.139447],[-0.588469,46.140188],[-0.589358,46.141067],[-0.590019,46.141374],[-0.591231,46.141631],[-0.592762,46.141481],[-0.595246,46.142302],[-0.597647,46.142788],[-0.599904,46.143529],[-0.602441,46.142955],[-0.603509,46.143065],[-0.60383,46.14207],[-0.605787,46.141306],[-0.606727,46.141236],[-0.607666,46.141572],[-0.611367,46.141481],[-0.612687,46.141576],[-0.613268,46.140804],[-0.614791,46.139462],[-0.616098,46.136746],[-0.617038,46.136681],[-0.617627,46.136792],[-0.619189,46.137372],[-0.619967,46.137862],[-0.620552,46.138807],[-0.621204,46.139418],[-0.623008,46.139959],[-0.623677,46.139979],[-0.623687,46.140151],[-0.626848,46.141925],[-0.628266,46.142955],[-0.627943,46.143438],[-0.628141,46.143559],[-0.62813,46.144216],[-0.627375,46.146739],[-0.631921,46.148151],[-0.632292,46.147826],[-0.633068,46.147806],[-0.633404,46.148021],[-0.633623,46.148466],[-0.633601,46.149277],[-0.633192,46.150098],[-0.632808,46.150338],[-0.632684,46.150722],[-0.629076,46.151429],[-0.626371,46.152874],[-0.623722,46.15364],[-0.615051,46.153761],[-0.612012,46.153463],[-0.609944,46.152881],[-0.606847,46.152813],[-0.601418,46.156394],[-0.604692,46.159113],[-0.609468,46.160995],[-0.610307,46.161168],[-0.612884,46.16124],[-0.613099,46.161517],[-0.622228,46.160888],[-0.627766,46.161124],[-0.628819,46.160971],[-0.62792,46.163309],[-0.627801,46.16457],[-0.629906,46.165242],[-0.631054,46.165133],[-0.631742,46.165265],[-0.633447,46.165964],[-0.635138,46.165787],[-0.639199,46.164724],[-0.639779,46.164452],[-0.640398,46.164384],[-0.640799,46.164608],[-0.641895,46.164837],[-0.64238,46.165361],[-0.642937,46.164932],[-0.64445,46.164921],[-0.645847,46.165567],[-0.647391,46.166048],[-0.647881,46.166413],[-0.648195,46.167468],[-0.651617,46.168359],[-0.652631,46.168488],[-0.653891,46.169269],[-0.654543,46.169274],[-0.655075,46.169493],[-0.65564,46.170081],[-0.656589,46.170588],[-0.656157,46.170765],[-0.655241,46.171902],[-0.658394,46.17361],[-0.657552,46.175126],[-0.661978,46.178676],[-0.66144,46.179694],[-0.662179,46.180169],[-0.661901,46.180543],[-0.663624,46.181558],[-0.66432,46.182418],[-0.664738,46.182644],[-0.665016,46.182511],[-0.666243,46.1836],[-0.667026,46.18469],[-0.667548,46.184709],[-0.667984,46.184382],[-0.668308,46.184373],[-0.669701,46.184967],[-0.670156,46.185],[-0.672875,46.183757],[-0.67409,46.183455],[-0.676013,46.18394],[-0.676484,46.183391],[-0.677644,46.18327],[-0.677896,46.183129],[-0.677935,46.182677],[-0.678713,46.182656],[-0.678959,46.182424],[-0.67941,46.182367],[-0.680603,46.182603],[-0.68043,46.183663],[-0.681075,46.183665],[-0.683434,46.182485],[-0.684026,46.181479],[-0.687995,46.178233],[-0.690944,46.17967],[-0.690889,46.18017],[-0.691287,46.18034],[-0.691297,46.18052],[-0.689314,46.181967],[-0.693426,46.18391],[-0.696099,46.186246],[-0.693396,46.188081],[-0.691765,46.188629],[-0.689434,46.189947],[-0.688544,46.190094],[-0.687205,46.189944],[-0.685599,46.190148],[-0.691429,46.192314],[-0.692679,46.19201],[-0.694221,46.191885],[-0.697316,46.192129],[-0.698065,46.192047],[-0.695029,46.195858],[-0.694008,46.196653],[-0.690938,46.19624],[-0.68701,46.194711],[-0.686504,46.194321],[-0.685084,46.195569],[-0.683428,46.195672],[-0.682129,46.195583],[-0.681531,46.196513],[-0.680865,46.196637],[-0.680424,46.19701],[-0.679833,46.197196],[-0.680287,46.197538],[-0.68192,46.19789],[-0.683615,46.199174],[-0.684603,46.199717],[-0.685279,46.200534],[-0.685447,46.201592],[-0.686411,46.203031],[-0.686953,46.204237],[-0.687251,46.205805],[-0.687253,46.207509],[-0.68532,46.207846],[-0.68468,46.208381],[-0.684607,46.208811],[-0.68491,46.209357],[-0.684786,46.209692],[-0.685077,46.209964],[-0.684957,46.210073],[-0.685317,46.210616],[-0.686015,46.210942],[-0.685804,46.211275],[-0.686244,46.211373],[-0.686216,46.211836],[-0.685812,46.212179],[-0.68599,46.212579],[-0.688673,46.217128],[-0.69217,46.220245],[-0.697745,46.221898],[-0.700135,46.223302],[-0.706641,46.226457],[-0.711932,46.228239],[-0.722401,46.233166],[-0.745477,46.242928],[-0.751918,46.245347],[-0.752103,46.245587],[-0.753022,46.247959],[-0.752725,46.248236],[-0.754113,46.250665],[-0.754686,46.253016],[-0.75185,46.253447],[-0.750126,46.254179],[-0.749872,46.254479],[-0.749869,46.255126],[-0.748593,46.256171],[-0.747753,46.257184],[-0.745881,46.258814],[-0.744719,46.259577],[-0.744228,46.260217],[-0.742396,46.261773],[-0.74058,46.263001],[-0.739189,46.264448],[-0.736059,46.266823],[-0.735443,46.267972],[-0.735004,46.268351],[-0.735231,46.268538],[-0.735654,46.268591],[-0.735392,46.269683],[-0.736069,46.270288],[-0.736378,46.271376],[-0.73741,46.27222],[-0.738095,46.273097],[-0.743731,46.277539],[-0.745172,46.279277],[-0.746124,46.281126],[-0.74854,46.28319],[-0.750115,46.287757],[-0.75549,46.300722],[-0.75565,46.302145],[-0.755495,46.302413],[-0.75208,46.303586],[-0.750377,46.304404],[-0.74962,46.304105],[-0.749281,46.303777],[-0.748815,46.301687],[-0.748435,46.301876],[-0.747259,46.303068],[-0.745672,46.303685],[-0.745081,46.303746],[-0.743859,46.304358],[-0.742265,46.30456],[-0.741535,46.304798],[-0.741454,46.304974],[-0.739495,46.30488],[-0.734629,46.305054],[-0.73377,46.30536],[-0.733236,46.30435],[-0.73184,46.303896],[-0.730249,46.303722],[-0.728075,46.304084],[-0.72687,46.303547],[-0.723592,46.302906],[-0.721916,46.302432],[-0.721377,46.302982],[-0.719697,46.303069],[-0.717204,46.30541],[-0.716581,46.306195],[-0.717091,46.30635],[-0.716008,46.306854],[-0.715803,46.307112],[-0.717241,46.3076],[-0.718963,46.307765],[-0.721974,46.309178],[-0.724018,46.309809],[-0.722095,46.310857],[-0.72161,46.311348],[-0.721316,46.311997],[-0.721131,46.314065],[-0.720472,46.314842],[-0.719974,46.315118],[-0.718116,46.315437],[-0.717721,46.315714],[-0.717245,46.316494],[-0.716464,46.316862],[-0.709904,46.31702],[-0.708686,46.317259],[-0.707742,46.317627],[-0.706445,46.31836],[-0.703235,46.320866],[-0.697262,46.325092],[-0.678316,46.318317],[-0.677915,46.318486],[-0.676758,46.318503],[-0.675649,46.317582],[-0.674501,46.317404],[-0.672133,46.316336],[-0.663281,46.317105],[-0.661972,46.317039],[-0.660414,46.31655],[-0.657618,46.315105],[-0.656578,46.315021],[-0.656153,46.315242],[-0.6548,46.316701],[-0.653182,46.317488],[-0.652263,46.317552],[-0.649823,46.316984],[-0.648249,46.316962],[-0.648023,46.31734],[-0.646487,46.318008],[-0.644595,46.319335],[-0.643535,46.319471],[-0.642671,46.31906],[-0.642495,46.318744],[-0.642533,46.318138],[-0.641985,46.317402],[-0.642241,46.31606],[-0.641866,46.315277],[-0.641943,46.314953],[-0.64142,46.314007],[-0.640536,46.314201],[-0.64007,46.314128],[-0.633393,46.311518],[-0.632427,46.311332],[-0.631682,46.311384],[-0.630968,46.311631],[-0.629756,46.312366],[-0.628693,46.312558],[-0.625571,46.310952],[-0.622338,46.309944],[-0.621183,46.309869],[-0.618191,46.310289],[-0.617297,46.310546],[-0.614633,46.309581],[-0.614117,46.309899],[-0.613552,46.309932],[-0.613132,46.310269],[-0.612002,46.308648],[-0.611142,46.306893],[-0.610935,46.303506],[-0.611173,46.303337],[-0.611819,46.30064],[-0.615193,46.290664],[-0.616463,46.286251],[-0.617494,46.281605],[-0.618427,46.282192],[-0.618857,46.282311],[-0.619397,46.282193],[-0.620424,46.281053],[-0.62061,46.281066],[-0.621152,46.280014],[-0.623622,46.277755],[-0.622935,46.277434],[-0.622449,46.277444],[-0.620102,46.27678],[-0.61945,46.27427],[-0.616527,46.273989],[-0.614828,46.274383],[-0.61197,46.27308],[-0.612304,46.272157],[-0.607678,46.272241],[-0.603434,46.272004],[-0.601804,46.271631],[-0.602219,46.270317],[-0.601084,46.270463],[-0.598192,46.270465],[-0.596748,46.270269],[-0.596757,46.270117],[-0.595623,46.270496],[-0.59525,46.270826],[-0.593597,46.270513],[-0.590718,46.270237],[-0.588476,46.270086],[-0.586924,46.270155],[-0.587061,46.269415],[-0.583657,46.269442],[-0.583755,46.268711],[-0.582006,46.268498],[-0.581883,46.268599],[-0.581184,46.268532],[-0.581756,46.267196],[-0.578526,46.266259],[-0.578657,46.26604],[-0.577164,46.265654],[-0.579541,46.262183],[-0.580532,46.260368],[-0.58115,46.258899],[-0.581674,46.25616],[-0.582996,46.252704],[-0.583259,46.250317],[-0.582839,46.247072],[-0.582983,46.24643],[-0.582762,46.246277],[-0.583787,46.235105],[-0.587103,46.235974],[-0.592548,46.234677],[-0.603269,46.233641],[-0.608917,46.229248],[-0.610419,46.228917],[-0.612112,46.229427],[-0.612876,46.228736],[-0.616814,46.2293]]]}},{"type":"Feature","properties":{"uai_primary":"0790943W","uai_all":"0790943W","is_merged":false},"geometry":{"type":"Polygon","coordinates":[[[-0.051579,46.196457],[-0.049365,46.195411],[-0.047305,46.194842],[-0.041506,46.194204],[-0.035975,46.193986],[-0.033839,46.193254],[-0.030276,46.192419],[-0.030658,46.191343],[-0.030205,46.189027],[-0.029422,46.187199],[-0.029053,46.184549],[-0.02962,46.183079],[-0.030158,46.182369],[-0.032244,46.183078],[-0.032697,46.182641],[-0.033461,46.182311],[-0.035132,46.182006],[-0.037145,46.180613],[-0.038451,46.17937],[-0.038866,46.179947],[-0.038858,46.181252],[-0.03931,46.181242],[-0.040483,46.182568],[-0.040731,46.182503],[-0.041414,46.180389],[-0.043128,46.178446],[-0.043517,46.178785],[-0.044986,46.179036],[-0.047081,46.179647],[-0.048456,46.178456],[-0.049833,46.177597],[-0.050568,46.176588],[-0.050965,46.176356],[-0.052141,46.176016],[-0.054089,46.17592],[-0.054803,46.175186],[-0.055307,46.175044],[-0.05591,46.174495],[-0.057665,46.174377],[-0.062172,46.173393],[-0.063211,46.172978],[-0.064385,46.172258],[-0.07184,46.169917],[-0.073923,46.169016],[-0.074755,46.168221],[-0.07538,46.164682],[-0.07569,46.164361],[-0.076517,46.162542],[-0.076142,46.161496],[-0.078759,46.160295],[-0.076889,46.158924],[-0.079962,46.15723],[-0.081591,46.156671],[-0.081671,46.156086],[-0.082093,46.155357],[-0.082098,46.154007],[-0.082521,46.153323],[-0.082562,46.152663],[-0.084821,46.152249],[-0.084243,46.151261],[-0.08486,46.150573],[-0.08568,46.148619],[-0.085725,46.148168],[-0.085205,46.148135],[-0.085191,46.14782],[-0.085411,46.14696],[-0.086141,46.145864],[-0.086053,46.143886],[-0.085531,46.143807],[-0.086261,46.142757],[-0.087756,46.142859],[-0.08919,46.143489],[-0.091355,46.143355],[-0.092496,46.143459],[-0.092493,46.144558],[-0.091651,46.144575],[-0.091592,46.144712],[-0.09137,46.146968],[-0.09338,46.148499],[-0.093728,46.149032],[-0.093363,46.14958],[-0.094231,46.150235],[-0.096163,46.150416],[-0.100028,46.149681],[-0.102786,46.149487],[-0.102774,46.150052],[-0.10466,46.150237],[-0.104706,46.151344],[-0.106611,46.151342],[-0.107815,46.151075],[-0.110141,46.152593],[-0.109904,46.153093],[-0.110478,46.153621],[-0.112032,46.152934],[-0.116101,46.151652],[-0.116379,46.152511],[-0.115956,46.152779],[-0.115546,46.153675],[-0.115352,46.155067],[-0.114517,46.156745],[-0.114335,46.158038],[-0.113912,46.158722],[-0.112728,46.159739],[-0.111168,46.162517],[-0.111306,46.162695],[-0.113872,46.163543],[-0.115228,46.161828],[-0.117666,46.159665],[-0.120733,46.157719],[-0.122125,46.157208],[-0.122137,46.158704],[-0.122473,46.160659],[-0.122307,46.162636],[-0.122828,46.165564],[-0.123636,46.167822],[-0.123439,46.169192],[-0.121355,46.169662],[-0.115612,46.170213],[-0.114586,46.170087],[-0.114491,46.170295],[-0.114696,46.170842],[-0.114568,46.171404],[-0.118431,46.173845],[-0.123197,46.171499],[-0.12831,46.16964],[-0.133294,46.168681],[-0.134931,46.168641],[-0.143176,46.167844],[-0.142711,46.167214],[-0.141532,46.166381],[-0.140902,46.165359],[-0.142644,46.164503],[-0.144479,46.163086],[-0.145528,46.162616],[-0.146262,46.161713],[-0.146655,46.161506],[-0.151497,46.160774],[-0.152343,46.16044],[-0.154007,46.160168],[-0.157792,46.159962],[-0.161052,46.159501],[-0.168531,46.15909],[-0.169738,46.158898],[-0.170399,46.158502],[-0.171228,46.158683],[-0.171867,46.158318],[-0.173999,46.158285],[-0.175619,46.158542],[-0.177873,46.154657],[-0.180777,46.150453],[-0.184043,46.14524],[-0.18547,46.142478],[-0.188784,46.143361],[-0.190941,46.144211],[-0.192633,46.14518],[-0.19944,46.148459],[-0.202751,46.149867],[-0.205525,46.150621],[-0.207216,46.151766],[-0.20873,46.152309],[-0.202738,46.156588],[-0.199655,46.158292],[-0.198766,46.158535],[-0.197206,46.159454],[-0.192855,46.161381],[-0.186158,46.162672],[-0.185784,46.163012],[-0.185153,46.164355],[-0.187601,46.163943],[-0.18777,46.164794],[-0.18906,46.164675],[-0.189139,46.164988],[-0.191136,46.164763],[-0.194118,46.164787],[-0.198547,46.163922],[-0.201695,46.164752],[-0.204534,46.165904],[-0.205158,46.165394],[-0.206014,46.164295],[-0.206644,46.163921],[-0.207976,46.164701],[-0.208642,46.164397],[-0.210081,46.165443],[-0.212141,46.166641],[-0.211809,46.166961],[-0.211153,46.169746],[-0.214596,46.169819],[-0.214225,46.173228],[-0.215001,46.17503],[-0.214158,46.175604],[-0.213355,46.175891],[-0.214205,46.176628],[-0.213639,46.176626],[-0.213154,46.17714],[-0.213458,46.177921],[-0.213043,46.17776],[-0.2126,46.178063],[-0.211721,46.178012],[-0.211461,46.178309],[-0.210743,46.17832],[-0.209623,46.177771],[-0.208866,46.177604],[-0.207461,46.177728],[-0.207246,46.178011],[-0.206698,46.178069],[-0.20733,46.178912],[-0.208571,46.179447],[-0.209599,46.180217],[-0.209641,46.180725],[-0.209375,46.181046],[-0.209519,46.181368],[-0.208764,46.181855],[-0.208741,46.182553],[-0.208016,46.182477],[-0.207769,46.182637],[-0.207789,46.183263],[-0.20589,46.183761],[-0.205448,46.183659],[-0.205012,46.183888],[-0.20491,46.184145],[-0.205934,46.18486],[-0.207207,46.186854],[-0.207636,46.187337],[-0.207951,46.187384],[-0.208137,46.18847],[-0.208377,46.18871],[-0.211112,46.189897],[-0.213521,46.191651],[-0.213793,46.192239],[-0.21392,46.193684],[-0.214313,46.193815],[-0.215092,46.193675],[-0.215625,46.194267],[-0.219018,46.200948],[-0.221005,46.202482],[-0.223076,46.203041],[-0.22471,46.203797],[-0.220038,46.205531],[-0.216351,46.207355],[-0.213843,46.208392],[-0.207875,46.211413],[-0.204102,46.212783],[-0.202335,46.213816],[-0.202694,46.214039],[-0.201786,46.216526],[-0.197043,46.224445],[-0.197675,46.224393],[-0.197356,46.225423],[-0.196986,46.226209],[-0.195932,46.227395],[-0.194377,46.228565],[-0.193087,46.228927],[-0.18951,46.231433],[-0.187711,46.232896],[-0.185405,46.234336],[-0.181795,46.237135],[-0.180489,46.238444],[-0.178856,46.240945],[-0.175541,46.244412],[-0.174613,46.244886],[-0.173362,46.245904],[-0.172898,46.245689],[-0.171254,46.246626],[-0.169346,46.247433],[-0.167422,46.247927],[-0.164914,46.249029],[-0.164991,46.249794],[-0.165739,46.250574],[-0.166471,46.252113],[-0.167203,46.253091],[-0.167599,46.254164],[-0.16794,46.254436],[-0.169574,46.254819],[-0.171041,46.255525],[-0.17329,46.258021],[-0.172739,46.259935],[-0.168296,46.261101],[-0.164763,46.259295],[-0.163458,46.259086],[-0.163339,46.259313],[-0.162485,46.259107],[-0.162404,46.258749],[-0.161113,46.258542],[-0.16099,46.257928],[-0.158904,46.258062],[-0.156483,46.257617],[-0.156344,46.257472],[-0.155308,46.25823],[-0.154951,46.258958],[-0.1543,46.258882],[-0.153787,46.259029],[-0.153585,46.258853],[-0.152545,46.258831],[-0.151342,46.258496],[-0.150716,46.257674],[-0.148765,46.25697],[-0.147943,46.259519],[-0.148249,46.26266],[-0.147443,46.264679],[-0.1463,46.264501],[-0.14408,46.263811],[-0.13931,46.263165],[-0.138796,46.263992],[-0.13815,46.266061],[-0.137808,46.266508],[-0.138013,46.267063],[-0.138735,46.267539],[-0.139302,46.268524],[-0.137449,46.270774],[-0.136538,46.272272],[-0.135434,46.272123],[-0.134632,46.273041],[-0.134307,46.273048],[-0.133639,46.272612],[-0.130533,46.273888],[-0.129509,46.273128],[-0.127776,46.271304],[-0.12623,46.270567],[-0.122464,46.269528],[-0.121431,46.268991],[-0.120007,46.270493],[-0.119372,46.270934],[-0.112448,46.272583],[-0.11062,46.272726],[-0.106356,46.273507],[-0.105956,46.273321],[-0.104809,46.273777],[-0.10377,46.273755],[-0.101488,46.273476],[-0.100679,46.273123],[-0.101225,46.272009],[-0.101339,46.270207],[-0.102402,46.267843],[-0.102617,46.266848],[-0.103116,46.266388],[-0.105038,46.262944],[-0.106525,46.261807],[-0.10795,46.260972],[-0.107238,46.259925],[-0.103933,46.25864],[-0.099575,46.258072],[-0.098659,46.257722],[-0.098038,46.258148],[-0.097893,46.258444],[-0.0972,46.258507],[-0.097046,46.25872],[-0.096346,46.25897],[-0.094855,46.258596],[-0.090786,46.265703],[-0.088482,46.264887],[-0.088003,46.264494],[-0.086571,46.264698],[-0.085389,46.2644],[-0.085125,46.266063],[-0.084473,46.266968],[-0.084672,46.267441],[-0.082567,46.267294],[-0.079456,46.269893],[-0.077089,46.268786],[-0.075088,46.26727],[-0.07292,46.266076],[-0.074323,46.264854],[-0.075478,46.264425],[-0.075313,46.264097],[-0.080022,46.261089],[-0.081513,46.259936],[-0.082684,46.2587],[-0.08338,46.256904],[-0.086634,46.254769],[-0.090628,46.252658],[-0.092227,46.25147],[-0.092206,46.249867],[-0.09247,46.248661],[-0.092244,46.245022],[-0.092386,46.244177],[-0.091996,46.244033],[-0.091483,46.24418],[-0.090276,46.244745],[-0.089147,46.245624],[-0.087626,46.246422],[-0.087048,46.246569],[-0.085974,46.245738],[-0.085627,46.24525],[-0.087264,46.244272],[-0.087208,46.243708],[-0.086396,46.243568],[-0.08719,46.24276],[-0.086847,46.242028],[-0.087141,46.241347],[-0.089494,46.239454],[-0.089162,46.239164],[-0.084728,46.238819],[-0.078919,46.239236],[-0.078145,46.23776],[-0.077367,46.236806],[-0.079488,46.235525],[-0.080159,46.234565],[-0.082464,46.232445],[-0.083399,46.23013],[-0.082442,46.229026],[-0.082173,46.227548],[-0.083173,46.226625],[-0.083546,46.226471],[-0.083415,46.226004],[-0.082309,46.225739],[-0.080968,46.225754],[-0.080134,46.225514],[-0.079792,46.224916],[-0.078789,46.224118],[-0.078641,46.223733],[-0.077831,46.223499],[-0.075759,46.223181],[-0.07473,46.223165],[-0.07447,46.222887],[-0.072535,46.222408],[-0.070853,46.222291],[-0.069586,46.22196],[-0.067137,46.221712],[-0.065606,46.221242],[-0.064722,46.220563],[-0.063368,46.219962],[-0.062161,46.218926],[-0.061067,46.217186],[-0.05952,46.215754],[-0.0587,46.214214],[-0.056917,46.211946],[-0.056488,46.212022],[-0.056375,46.211582],[-0.055413,46.211525],[-0.055466,46.211156],[-0.055102,46.210256],[-0.053796,46.2099],[-0.051817,46.208815],[-0.052385,46.207737],[-0.053063,46.207506],[-0.053016,46.207213],[-0.052193,46.205541],[-0.051876,46.203097],[-0.051146,46.201311],[-0.050964,46.199225],[-0.050635,46.198622],[-0.049721,46.197721],[-0.051579,46.196457]]]}},{"type":"Feature","properties":{"uai_primary":"0790945Y","uai_all":"0790945Y","is_merged":false},"geometry":{"type":"Polygon","coordinates":[[[-0.688618,46.72602],[-0.689135,46.726128],[-0.688132,46.727837],[-0.688499,46.728213],[-0.688536,46.728799],[-0.687689,46.729296],[-0.686911,46.730252],[-0.688317,46.730812],[-0.688863,46.73039],[-0.689334,46.730603],[-0.689587,46.730461],[-0.69037,46.730947],[-0.689076,46.732137],[-0.690035,46.73261],[-0.690365,46.732646],[-0.69048,46.732373],[-0.691114,46.732301],[-0.692568,46.73311],[-0.693748,46.734016],[-0.694603,46.733848],[-0.694152,46.73341],[-0.694129,46.732994],[-0.692661,46.732056],[-0.692717,46.731417],[-0.692374,46.731108],[-0.693133,46.730414],[-0.693067,46.729852],[-0.693609,46.729957],[-0.694593,46.729812],[-0.694619,46.729462],[-0.695088,46.729398],[-0.696384,46.729526],[-0.696197,46.730305],[-0.696627,46.731254],[-0.696133,46.731479],[-0.696735,46.732568],[-0.69607,46.732832],[-0.696024,46.73365],[-0.696339,46.734976],[-0.696091,46.735254],[-0.695653,46.735248],[-0.694758,46.734686],[-0.693841,46.735572],[-0.695245,46.736736],[-0.695981,46.737123],[-0.696984,46.736207],[-0.697477,46.736381],[-0.6981,46.736127],[-0.700034,46.734132],[-0.700398,46.734146],[-0.702723,46.735051],[-0.702295,46.73612],[-0.701007,46.737558],[-0.700801,46.738302],[-0.70014,46.738068],[-0.699902,46.738229],[-0.698711,46.737914],[-0.698488,46.738035],[-0.696894,46.739251],[-0.696061,46.740294],[-0.696259,46.740419],[-0.696322,46.741072],[-0.695825,46.742433],[-0.694572,46.74194],[-0.693858,46.742544],[-0.69442,46.742908],[-0.694032,46.743845],[-0.694177,46.744859],[-0.694758,46.744907],[-0.694761,46.745474],[-0.694966,46.745603],[-0.69481,46.746518],[-0.695098,46.746781],[-0.695119,46.747835],[-0.695525,46.747947],[-0.695891,46.748331],[-0.697233,46.748757],[-0.698296,46.751757],[-0.699077,46.751491],[-0.699229,46.751802],[-0.69961,46.751738],[-0.699618,46.751904],[-0.699892,46.751903],[-0.700239,46.751682],[-0.700127,46.751437],[-0.700292,46.751131],[-0.701692,46.750232],[-0.701806,46.749972],[-0.702154,46.74991],[-0.702275,46.75007],[-0.702303,46.749862],[-0.703089,46.749787],[-0.704088,46.749444],[-0.705591,46.749727],[-0.706134,46.749635],[-0.707221,46.749933],[-0.70908,46.749856],[-0.710646,46.750021],[-0.711927,46.750846],[-0.713093,46.751433],[-0.713831,46.751581],[-0.714304,46.751925],[-0.715484,46.751932],[-0.717787,46.754146],[-0.718228,46.753957],[-0.718836,46.75445],[-0.719526,46.75573],[-0.719433,46.758073],[-0.720351,46.760318],[-0.720067,46.761148],[-0.721197,46.761319],[-0.720748,46.762591],[-0.719995,46.762517],[-0.720081,46.763728],[-0.72111,46.763888],[-0.721362,46.764407],[-0.721779,46.764466],[-0.722208,46.765155],[-0.723323,46.765069],[-0.724043,46.764821],[-0.725583,46.764828],[-0.726277,46.765128],[-0.727059,46.766601],[-0.727109,46.767372],[-0.727482,46.76774],[-0.727181,46.768213],[-0.727339,46.76878],[-0.72667,46.770054],[-0.726737,46.770729],[-0.726952,46.770959],[-0.726423,46.771773],[-0.727077,46.772499],[-0.726866,46.773187],[-0.726988,46.773735],[-0.726562,46.774043],[-0.726496,46.77447],[-0.725661,46.775272],[-0.725102,46.776424],[-0.724542,46.776876],[-0.724981,46.777622],[-0.724645,46.778006],[-0.725256,46.779192],[-0.725847,46.779488],[-0.72654,46.780855],[-0.726492,46.781195],[-0.72744,46.782099],[-0.727467,46.782309],[-0.726628,46.78296],[-0.726513,46.783323],[-0.725643,46.783779],[-0.724541,46.783993],[-0.723743,46.784349],[-0.722825,46.785463],[-0.722334,46.785796],[-0.721965,46.785856],[-0.722116,46.786415],[-0.721755,46.786537],[-0.721778,46.786657],[-0.720967,46.786878],[-0.720786,46.787175],[-0.721245,46.787612],[-0.720999,46.787735],[-0.721212,46.787838],[-0.721022,46.787951],[-0.721254,46.788033],[-0.720895,46.788145],[-0.720753,46.788983],[-0.720463,46.789259],[-0.720424,46.789925],[-0.718366,46.791242],[-0.71722,46.792573],[-0.717174,46.792863],[-0.717553,46.792847],[-0.717416,46.793085],[-0.717741,46.794239],[-0.718401,46.794774],[-0.71857,46.795304],[-0.718934,46.795596],[-0.718749,46.795757],[-0.719002,46.796456],[-0.718796,46.796779],[-0.718984,46.797004],[-0.718823,46.797355],[-0.719121,46.798322],[-0.718175,46.800249],[-0.715358,46.801446],[-0.715037,46.802113],[-0.71516,46.802315],[-0.71469,46.802349],[-0.713878,46.802796],[-0.713715,46.803167],[-0.713525,46.803182],[-0.713627,46.803482],[-0.713384,46.803541],[-0.713506,46.80404],[-0.713178,46.80423],[-0.71305,46.805165],[-0.711725,46.805266],[-0.710603,46.805076],[-0.709865,46.805668],[-0.709159,46.805538],[-0.708845,46.805693],[-0.707892,46.805755],[-0.707427,46.80601],[-0.706884,46.806058],[-0.706824,46.806244],[-0.706297,46.806287],[-0.704885,46.806994],[-0.704312,46.807094],[-0.702667,46.807885],[-0.701061,46.808358],[-0.700593,46.809145],[-0.700268,46.808946],[-0.699931,46.809231],[-0.699006,46.808888],[-0.698514,46.810739],[-0.699245,46.810939],[-0.70013,46.810926],[-0.701082,46.811811],[-0.70187,46.812908],[-0.702565,46.813379],[-0.704016,46.813996],[-0.705307,46.815094],[-0.705525,46.815807],[-0.705812,46.815726],[-0.706145,46.815296],[-0.705819,46.81461],[-0.705622,46.814477],[-0.705425,46.814556],[-0.705369,46.814398],[-0.705755,46.814241],[-0.706533,46.814648],[-0.706746,46.815253],[-0.70773,46.815937],[-0.707873,46.816737],[-0.707806,46.817283],[-0.706644,46.818723],[-0.707859,46.819682],[-0.708728,46.819887],[-0.709028,46.820365],[-0.708832,46.821129],[-0.709388,46.821541],[-0.710087,46.821583],[-0.710546,46.821229],[-0.711245,46.82108],[-0.71188,46.821129],[-0.71197,46.820738],[-0.712369,46.820644],[-0.713056,46.821123],[-0.713022,46.821893],[-0.713609,46.821684],[-0.714087,46.821182],[-0.714993,46.821115],[-0.715559,46.821381],[-0.715694,46.821776],[-0.716042,46.821759],[-0.716499,46.821477],[-0.71707,46.821503],[-0.717624,46.822072],[-0.717956,46.822015],[-0.717941,46.821902],[-0.718522,46.821908],[-0.72193,46.82258],[-0.722807,46.822632],[-0.723133,46.822905],[-0.723167,46.823176],[-0.723537,46.823261],[-0.724061,46.823109],[-0.724129,46.822718],[-0.72463,46.822897],[-0.724902,46.822773],[-0.725094,46.821704],[-0.725744,46.821461],[-0.726601,46.82193],[-0.727291,46.821879],[-0.728443,46.822209],[-0.730697,46.822044],[-0.731573,46.82147],[-0.733138,46.821708],[-0.733452,46.821874],[-0.733571,46.822244],[-0.735126,46.823245],[-0.735088,46.823913],[-0.736621,46.824751],[-0.737305,46.825319],[-0.737341,46.825825],[-0.736938,46.826442],[-0.736794,46.827456],[-0.737753,46.828763],[-0.738304,46.829163],[-0.73881,46.829261],[-0.740907,46.829191],[-0.742784,46.829449],[-0.74365,46.830372],[-0.744672,46.830429],[-0.746478,46.831105],[-0.747492,46.831017],[-0.750983,46.829971],[-0.751433,46.830152],[-0.750793,46.830889],[-0.75107,46.831101],[-0.752773,46.830952],[-0.753606,46.831117],[-0.754143,46.831417],[-0.75602,46.831421],[-0.756758,46.831615],[-0.757173,46.832119],[-0.757467,46.832089],[-0.757957,46.831507],[-0.758256,46.831441],[-0.758568,46.832453],[-0.75906,46.832613],[-0.759805,46.832439],[-0.759929,46.832605],[-0.759647,46.833197],[-0.761284,46.83415],[-0.763282,46.834691],[-0.764976,46.834762],[-0.765294,46.834742],[-0.766119,46.834307],[-0.76665,46.834353],[-0.767597,46.835355],[-0.769283,46.836185],[-0.770378,46.837139],[-0.771293,46.838086],[-0.771496,46.838668],[-0.771648,46.838779],[-0.772312,46.838755],[-0.772699,46.83895],[-0.773057,46.840442],[-0.774773,46.840794],[-0.775108,46.840572],[-0.77492,46.839897],[-0.775613,46.839876],[-0.776445,46.840265],[-0.776644,46.84089],[-0.777229,46.841433],[-0.778183,46.841528],[-0.779644,46.841919],[-0.78084,46.842629],[-0.782291,46.843228],[-0.783668,46.844612],[-0.783463,46.84493],[-0.782714,46.844988],[-0.782553,46.845166],[-0.782702,46.845408],[-0.783903,46.845792],[-0.784398,46.846184],[-0.78449,46.847501],[-0.784329,46.848033],[-0.783994,46.848149],[-0.783568,46.847831],[-0.783292,46.847845],[-0.782868,46.848474],[-0.782957,46.849308],[-0.78325,46.849558],[-0.784751,46.849868],[-0.785661,46.851329],[-0.786665,46.85162],[-0.787073,46.852376],[-0.787948,46.852822],[-0.788036,46.853268],[-0.787324,46.853344],[-0.78709,46.854055],[-0.78738,46.85421],[-0.788236,46.854161],[-0.788383,46.854811],[-0.789257,46.85504],[-0.789102,46.855819],[-0.789365,46.855844],[-0.789808,46.855538],[-0.790244,46.855492],[-0.790561,46.855775],[-0.790769,46.856583],[-0.791226,46.856879],[-0.791805,46.857895],[-0.792179,46.858197],[-0.792577,46.858287],[-0.793445,46.857944],[-0.793542,46.858115],[-0.793954,46.858213],[-0.79466,46.859039],[-0.794677,46.860822],[-0.795,46.861119],[-0.796861,46.861967],[-0.797606,46.861762],[-0.797772,46.861844],[-0.797759,46.862195],[-0.798094,46.862362],[-0.798778,46.862315],[-0.79916,46.862031],[-0.799768,46.862572],[-0.80025,46.862218],[-0.800486,46.862286],[-0.800346,46.862838],[-0.801052,46.863424],[-0.80027,46.863806],[-0.800054,46.864096],[-0.800491,46.864396],[-0.800538,46.864613],[-0.800265,46.864882],[-0.800853,46.865482],[-0.802154,46.866003],[-0.803801,46.866971],[-0.804659,46.867225],[-0.80616,46.867402],[-0.807217,46.868118],[-0.808481,46.868706],[-0.80851,46.869226],[-0.807874,46.869739],[-0.807967,46.870285],[-0.808207,46.870438],[-0.808901,46.870261],[-0.809334,46.870422],[-0.809563,46.870889],[-0.809361,46.871614],[-0.80996,46.872221],[-0.811096,46.872413],[-0.811789,46.872335],[-0.812094,46.872492],[-0.81231,46.873334],[-0.811546,46.873838],[-0.811416,46.87444],[-0.812254,46.875178],[-0.812751,46.875944],[-0.813943,46.876423],[-0.814455,46.877001],[-0.815101,46.878138],[-0.815512,46.879727],[-0.816688,46.88078],[-0.817963,46.881356],[-0.819794,46.88131],[-0.82055,46.881769],[-0.821709,46.882088],[-0.821833,46.882355],[-0.821546,46.883014],[-0.82194,46.88327],[-0.822477,46.883177],[-0.822535,46.882723],[-0.822827,46.882633],[-0.824302,46.88355],[-0.825551,46.88388],[-0.825785,46.883457],[-0.826665,46.883231],[-0.826796,46.882654],[-0.827189,46.882499],[-0.828348,46.882836],[-0.829623,46.883682],[-0.829654,46.883981],[-0.828396,46.883935],[-0.828109,46.884392],[-0.828539,46.884691],[-0.8294,46.884822],[-0.830718,46.884643],[-0.832337,46.884646],[-0.831366,46.885166],[-0.830558,46.88532],[-0.831267,46.88645],[-0.831077,46.886425],[-0.830467,46.887632],[-0.830087,46.887653],[-0.82854,46.887235],[-0.828302,46.887259],[-0.827724,46.887775],[-0.827301,46.888375],[-0.826915,46.889756],[-0.826524,46.889811],[-0.826147,46.890092],[-0.825809,46.89157],[-0.825986,46.892688],[-0.825878,46.893185],[-0.825552,46.893539],[-0.825277,46.894845],[-0.823395,46.896641],[-0.821866,46.897574],[-0.820664,46.898733],[-0.820623,46.89926],[-0.818315,46.902232],[-0.818419,46.902572],[-0.817942,46.902899],[-0.817044,46.903984],[-0.816997,46.904201],[-0.817422,46.904828],[-0.817528,46.906211],[-0.817926,46.906706],[-0.818701,46.908579],[-0.82072,46.909405],[-0.821709,46.909316],[-0.82158,46.910076],[-0.820892,46.910946],[-0.816976,46.912307],[-0.816303,46.91218],[-0.815652,46.913194],[-0.813819,46.913976],[-0.813145,46.914805],[-0.80954,46.9172],[-0.808567,46.918532],[-0.807628,46.919324],[-0.807411,46.920057],[-0.808823,46.920205],[-0.809997,46.919821],[-0.81123,46.92026],[-0.812351,46.920319],[-0.81917,46.918961],[-0.821363,46.91827],[-0.823865,46.920588],[-0.827357,46.925218],[-0.828036,46.926822],[-0.827838,46.927531],[-0.827469,46.927953],[-0.827546,46.928455],[-0.828358,46.928837],[-0.828647,46.929279],[-0.828443,46.930275],[-0.82722,46.930714],[-0.827251,46.931253],[-0.828514,46.931489],[-0.828921,46.931703],[-0.829149,46.933362],[-0.829991,46.933632],[-0.829881,46.933884],[-0.831501,46.934312],[-0.837557,46.932177],[-0.83847,46.931618],[-0.841091,46.928989],[-0.843241,46.930317],[-0.845537,46.931248],[-0.84614,46.931721],[-0.84597,46.932176],[-0.84571,46.932229],[-0.844965,46.931844],[-0.843485,46.93238],[-0.840949,46.932855],[-0.840621,46.933066],[-0.840529,46.93563],[-0.840326,46.935915],[-0.841831,46.936658],[-0.845248,46.938859],[-0.846802,46.939581],[-0.847496,46.940193],[-0.848003,46.940989],[-0.849186,46.939875],[-0.85165,46.938186],[-0.852707,46.937166],[-0.854827,46.936342],[-0.857849,46.934651],[-0.858192,46.934589],[-0.860062,46.936858],[-0.857801,46.937476],[-0.856184,46.937615],[-0.85576,46.93789],[-0.854278,46.937687],[-0.85382,46.937819],[-0.853298,46.938553],[-0.853279,46.938869],[-0.85339,46.939835],[-0.85381,46.940124],[-0.852978,46.941392],[-0.852526,46.941467],[-0.851946,46.942003],[-0.85157,46.941976],[-0.851168,46.941655],[-0.84919,46.943689],[-0.848382,46.944081],[-0.847623,46.944229],[-0.849664,46.946318],[-0.850566,46.946286],[-0.851503,46.94671],[-0.853648,46.947164],[-0.854366,46.947073],[-0.855898,46.945819],[-0.856668,46.945703],[-0.857079,46.946197],[-0.858211,46.947014],[-0.857807,46.947413],[-0.859659,46.947536],[-0.859762,46.946514],[-0.861754,46.945518],[-0.866743,46.946132],[-0.869295,46.945592],[-0.870984,46.945748],[-0.871314,46.945651],[-0.871561,46.945777],[-0.872346,46.944999],[-0.872832,46.944932],[-0.873642,46.943805],[-0.87442,46.943865],[-0.875338,46.944748],[-0.877188,46.945772],[-0.877682,46.945663],[-0.878682,46.945089],[-0.879046,46.945134],[-0.879689,46.945672],[-0.88012,46.945684],[-0.880211,46.946405],[-0.881202,46.946531],[-0.881297,46.947685],[-0.881632,46.948348],[-0.882445,46.948932],[-0.883172,46.950063],[-0.883913,46.95057],[-0.883985,46.951295],[-0.881932,46.951903],[-0.880794,46.951648],[-0.880433,46.951726],[-0.88007,46.951925],[-0.880011,46.952301],[-0.878962,46.952499],[-0.878684,46.952915],[-0.878218,46.95289],[-0.877385,46.952263],[-0.875931,46.953598],[-0.874887,46.953849],[-0.875578,46.954873],[-0.875007,46.954689],[-0.872822,46.953158],[-0.870144,46.952658],[-0.870197,46.952185],[-0.869857,46.951748],[-0.86896,46.951637],[-0.867413,46.951068],[-0.867301,46.950927],[-0.867833,46.949816],[-0.866864,46.948866],[-0.867054,46.948384],[-0.866904,46.948193],[-0.865702,46.948192],[-0.864407,46.94895],[-0.863165,46.948849],[-0.862263,46.949275],[-0.860453,46.949359],[-0.860299,46.949491],[-0.860307,46.94983],[-0.862195,46.950215],[-0.862898,46.950671],[-0.86445,46.951284],[-0.866389,46.952687],[-0.865195,46.95261],[-0.864078,46.952293],[-0.863967,46.952781],[-0.864631,46.954768],[-0.864661,46.955566],[-0.863731,46.955457],[-0.863032,46.955917],[-0.863113,46.956528],[-0.865997,46.95739],[-0.866353,46.956785],[-0.866752,46.956885],[-0.867085,46.95606],[-0.869015,46.956439],[-0.869003,46.957452],[-0.868751,46.95807],[-0.868082,46.958684],[-0.866817,46.9582],[-0.865467,46.960423],[-0.863686,46.962181],[-0.865299,46.963241],[-0.866439,46.96258],[-0.867095,46.963115],[-0.86727,46.962752],[-0.870472,46.960062],[-0.871776,46.959369],[-0.871962,46.957839],[-0.872736,46.957817],[-0.873459,46.95715],[-0.874176,46.957038],[-0.874793,46.956553],[-0.875409,46.956408],[-0.876041,46.955745],[-0.877859,46.956398],[-0.878238,46.956086],[-0.878513,46.956292],[-0.880151,46.957863],[-0.88061,46.957951],[-0.88101,46.958291],[-0.881208,46.958745],[-0.882487,46.959636],[-0.882561,46.959948],[-0.883141,46.960041],[-0.883164,46.960295],[-0.882724,46.960643],[-0.882997,46.960994],[-0.882826,46.961139],[-0.884037,46.961902],[-0.882734,46.963384],[-0.883282,46.963772],[-0.883136,46.964002],[-0.881799,46.964842],[-0.881295,46.964595],[-0.880656,46.965293],[-0.880303,46.965354],[-0.87936,46.966537],[-0.878644,46.9662],[-0.877863,46.966104],[-0.8776,46.966292],[-0.876836,46.965889],[-0.876305,46.966322],[-0.87731,46.966837],[-0.877756,46.966674],[-0.878818,46.967169],[-0.878616,46.967606],[-0.877125,46.968538],[-0.877096,46.968751],[-0.878307,46.969317],[-0.878651,46.968932],[-0.878998,46.969071],[-0.880304,46.970157],[-0.88124,46.969317],[-0.882828,46.969942],[-0.883289,46.969247],[-0.883525,46.969259],[-0.883674,46.969412],[-0.884719,46.9695],[-0.885178,46.969831],[-0.884979,46.970025],[-0.886275,46.970624],[-0.887304,46.969962],[-0.888416,46.970545],[-0.88794,46.971458],[-0.888421,46.972602],[-0.888977,46.970604],[-0.889529,46.970519],[-0.88982,46.970937],[-0.892037,46.970675],[-0.893365,46.969235],[-0.891749,46.968709],[-0.890047,46.967605],[-0.889274,46.967302],[-0.891621,46.966213],[-0.892593,46.965932],[-0.893669,46.968268],[-0.893718,46.968892],[-0.893405,46.969211],[-0.894457,46.969128],[-0.894396,46.968922],[-0.895035,46.968322],[-0.89603,46.968693],[-0.899274,46.966372],[-0.899848,46.966959],[-0.899844,46.967329],[-0.900204,46.967714],[-0.900932,46.96744],[-0.901208,46.966919],[-0.901823,46.967133],[-0.902629,46.96776],[-0.902814,46.968131],[-0.902123,46.968813],[-0.901636,46.969053],[-0.900918,46.968816],[-0.900922,46.969172],[-0.901062,46.969549],[-0.901525,46.969793],[-0.901692,46.970133],[-0.902023,46.970167],[-0.902497,46.97062],[-0.902071,46.971024],[-0.903518,46.971566],[-0.902759,46.971945],[-0.902206,46.971869],[-0.901948,46.971367],[-0.901495,46.971097],[-0.89871,46.971212],[-0.897985,46.970874],[-0.897296,46.971527],[-0.897038,46.972106],[-0.897233,46.972825],[-0.897685,46.973242],[-0.897326,46.973853],[-0.896939,46.973789],[-0.896461,46.973933],[-0.896766,46.974289],[-0.896331,46.974721],[-0.895947,46.974667],[-0.895551,46.975029],[-0.89619,46.975426],[-0.895848,46.975681],[-0.894562,46.975738],[-0.894044,46.976149],[-0.893594,46.976213],[-0.893305,46.975845],[-0.89294,46.975748],[-0.892187,46.976082],[-0.890727,46.975929],[-0.88977,46.976132],[-0.888821,46.975613],[-0.888462,46.975566],[-0.886918,46.976492],[-0.886434,46.976387],[-0.885952,46.976505],[-0.885156,46.976298],[-0.884937,46.977334],[-0.884374,46.977246],[-0.884047,46.976967],[-0.883451,46.977073],[-0.883404,46.976903],[-0.882631,46.976525],[-0.882057,46.97664],[-0.882577,46.977134],[-0.882318,46.977465],[-0.881954,46.977409],[-0.881875,46.977025],[-0.881321,46.976931],[-0.880738,46.977058],[-0.880691,46.976365],[-0.879569,46.976065],[-0.880167,46.975259],[-0.879249,46.974666],[-0.877939,46.974806],[-0.877684,46.974209],[-0.877306,46.973998],[-0.876432,46.974575],[-0.876047,46.974264],[-0.874996,46.974305],[-0.874551,46.973995],[-0.873697,46.974036],[-0.873395,46.973735],[-0.873024,46.974041],[-0.872356,46.973921],[-0.871813,46.973719],[-0.871464,46.973387],[-0.871639,46.972761],[-0.871334,46.972746],[-0.871095,46.972949],[-0.87059,46.972897],[-0.870414,46.972274],[-0.869843,46.972045],[-0.869614,46.972074],[-0.869484,46.972438],[-0.868854,46.972693],[-0.868179,46.973273],[-0.867978,46.97321],[-0.868013,46.972796],[-0.867239,46.972541],[-0.866871,46.972663],[-0.867244,46.972901],[-0.866704,46.973134],[-0.865465,46.972994],[-0.865056,46.972695],[-0.86481,46.972842],[-0.864042,46.972856],[-0.863054,46.972618],[-0.862631,46.972212],[-0.862697,46.971927],[-0.863072,46.97178],[-0.863063,46.971487],[-0.862043,46.971125],[-0.862643,46.970842],[-0.862803,46.970306],[-0.862031,46.970096],[-0.861169,46.970234],[-0.861013,46.969954],[-0.861422,46.969701],[-0.861437,46.969427],[-0.860947,46.969361],[-0.860658,46.968886],[-0.858258,46.969282],[-0.855925,46.970654],[-0.854617,46.971188],[-0.853971,46.971197],[-0.85353,46.97085],[-0.85283,46.970914],[-0.851523,46.971566],[-0.849184,46.973912],[-0.85046,46.973974],[-0.855274,46.977116],[-0.856539,46.977397],[-0.857087,46.977742],[-0.857129,46.978461],[-0.856161,46.979208],[-0.85563,46.979215],[-0.854929,46.979693],[-0.853824,46.979929],[-0.852226,46.980938],[-0.849641,46.981978],[-0.848638,46.982194],[-0.847915,46.982014],[-0.847572,46.985272],[-0.84766,46.986228],[-0.847436,46.986872],[-0.846592,46.986729],[-0.844013,46.989362],[-0.843997,46.989672],[-0.842993,46.990173],[-0.841886,46.98833],[-0.839998,46.986392],[-0.839504,46.985428],[-0.838289,46.985689],[-0.836343,46.985762],[-0.836415,46.985926],[-0.835635,46.986344],[-0.834276,46.987467],[-0.83286,46.98825],[-0.831489,46.988715],[-0.831333,46.989756],[-0.82958,46.990804],[-0.828933,46.99147],[-0.826568,46.992643],[-0.81869,46.994079],[-0.81824,46.993546],[-0.817527,46.993124],[-0.816589,46.993317],[-0.815426,46.993264],[-0.815185,46.993473],[-0.811747,46.994549],[-0.811501,46.994372],[-0.811637,46.99406],[-0.811428,46.993567],[-0.811338,46.991774],[-0.811693,46.991457],[-0.813842,46.990761],[-0.815701,46.989765],[-0.812597,46.990568],[-0.812298,46.989251],[-0.810992,46.989415],[-0.8109,46.988995],[-0.81035,46.988427],[-0.809848,46.988681],[-0.809551,46.988562],[-0.809506,46.988206],[-0.808797,46.987562],[-0.808466,46.986718],[-0.808091,46.986954],[-0.808467,46.987583],[-0.807346,46.988608],[-0.805101,46.989541],[-0.806324,46.990554],[-0.808373,46.991571],[-0.809145,46.99059],[-0.81103,46.991511],[-0.810871,46.991732],[-0.810151,46.991958],[-0.809165,46.993135],[-0.807032,46.994405],[-0.806226,46.994169],[-0.805517,46.994451],[-0.804449,46.994183],[-0.804104,46.99387],[-0.80338,46.994287],[-0.800662,46.994378],[-0.796264,46.996051],[-0.795473,46.997166],[-0.794844,46.997696],[-0.79344,46.99808],[-0.792908,46.998491],[-0.792857,46.99875],[-0.792213,46.999023],[-0.791189,47.0001],[-0.789635,47.002406],[-0.78967,47.003751],[-0.787572,47.00512],[-0.786724,47.005452],[-0.786294,47.00533],[-0.786168,47.004982],[-0.784968,47.004748],[-0.784938,47.004478],[-0.784486,47.004214],[-0.784603,47.003138],[-0.784226,47.003023],[-0.784541,47.002807],[-0.783438,47.001813],[-0.782938,47.002026],[-0.781774,47.002141],[-0.781021,47.003138],[-0.780609,47.003275],[-0.780249,47.003196],[-0.779971,47.003385],[-0.779699,47.004275],[-0.778667,47.004386],[-0.778001,47.00428],[-0.778047,47.003757],[-0.77756,47.003762],[-0.77756,47.003555],[-0.776715,47.003302],[-0.77683,47.003046],[-0.776458,47.003002],[-0.77521,47.003653],[-0.775295,47.003965],[-0.774648,47.004138],[-0.774218,47.003997],[-0.773548,47.004215],[-0.773889,47.004394],[-0.773718,47.004606],[-0.772268,47.004577],[-0.772144,47.004293],[-0.772347,47.004161],[-0.771879,47.004067],[-0.771352,47.003471],[-0.771009,47.003438],[-0.770712,47.003131],[-0.770167,47.003039],[-0.769831,47.003139],[-0.769335,47.002974],[-0.768811,47.002008],[-0.768847,47.001562],[-0.768472,47.001449],[-0.767998,46.99898],[-0.768693,46.998337],[-0.768885,46.995031],[-0.768492,46.994998],[-0.768062,46.99516],[-0.76733,46.995789],[-0.767098,46.995785],[-0.76528,46.994815],[-0.765475,46.994016],[-0.76411,46.992997],[-0.76263,46.99245],[-0.761515,46.992264],[-0.759575,46.992147],[-0.757656,46.992214],[-0.756819,46.991958],[-0.756685,46.992133],[-0.75608,46.99208],[-0.754341,46.992883],[-0.753551,46.992973],[-0.750554,46.992744],[-0.747754,46.991537],[-0.744389,46.991741],[-0.74298,46.992012],[-0.743626,46.994335],[-0.743405,47.000992],[-0.739475,46.998787],[-0.736484,46.997961],[-0.734914,46.99798],[-0.732543,46.997508],[-0.731239,46.99673],[-0.72926,46.995934],[-0.728071,46.994973],[-0.726677,46.993382],[-0.723719,46.992209],[-0.718107,46.987193],[-0.716334,46.984839],[-0.715947,46.98402],[-0.715208,46.984565],[-0.714499,46.98476],[-0.713859,46.985145],[-0.713707,46.985458],[-0.712202,46.986674],[-0.711609,46.986824],[-0.711423,46.987073],[-0.710233,46.987686],[-0.709297,46.987931],[-0.707584,46.98878],[-0.706509,46.989022],[-0.704682,46.990212],[-0.703637,46.991425],[-0.703859,46.991849],[-0.70435,46.992196],[-0.703282,46.992539],[-0.702231,46.992246],[-0.702018,46.992385],[-0.700809,46.992531],[-0.699642,46.993216],[-0.698813,46.994142],[-0.698749,46.99461],[-0.696956,46.994711],[-0.696663,46.994873],[-0.696033,46.994745],[-0.695291,46.994058],[-0.694391,46.993636],[-0.694464,46.993251],[-0.693412,46.992411],[-0.693053,46.992389],[-0.692706,46.992626],[-0.69148,46.992906],[-0.691223,46.993131],[-0.690789,46.993071],[-0.690601,46.992844],[-0.690169,46.993052],[-0.689629,46.993058],[-0.689141,46.992204],[-0.689408,46.991804],[-0.689371,46.991165],[-0.689713,46.990808],[-0.689599,46.990414],[-0.688439,46.989098],[-0.687487,46.988614],[-0.686887,46.988065],[-0.68568,46.988021],[-0.685272,46.98787],[-0.684673,46.988261],[-0.684254,46.988056],[-0.682981,46.98842],[-0.682372,46.988344],[-0.680647,46.987647],[-0.680188,46.987659],[-0.677876,46.98945],[-0.677686,46.989976],[-0.678529,46.992114],[-0.679356,46.992767],[-0.68038,46.993238],[-0.67725,46.995118],[-0.676564,46.995917],[-0.675567,46.996648],[-0.676007,46.997074],[-0.675177,46.998708],[-0.674732,46.999172],[-0.67555,46.99998],[-0.676831,47.000296],[-0.676179,47.001885],[-0.675501,47.001555],[-0.674719,47.001621],[-0.67409,47.002134],[-0.672988,47.002432],[-0.672793,47.002831],[-0.671843,47.003185],[-0.671196,47.003207],[-0.670368,47.002636],[-0.670186,47.001741],[-0.670346,47.001061],[-0.669937,47.000802],[-0.661627,46.997686],[-0.660979,46.998839],[-0.659373,46.998488],[-0.659127,46.998856],[-0.657708,46.9986],[-0.657311,46.999199],[-0.65689,46.99911],[-0.655643,46.998395],[-0.653462,46.997772],[-0.652639,46.997851],[-0.651846,46.998122],[-0.650398,46.997689],[-0.648025,46.996594],[-0.648239,46.99622],[-0.649992,46.994917],[-0.646963,46.994091],[-0.646391,46.99368],[-0.646391,46.993443],[-0.646978,46.992578],[-0.646962,46.992308],[-0.645764,46.992069],[-0.645504,46.99212],[-0.642167,46.994818],[-0.641046,46.994672],[-0.640352,46.996116],[-0.638994,46.995527],[-0.635438,46.995724],[-0.633867,46.997307],[-0.633274,46.997506],[-0.632012,46.997465],[-0.630802,46.996965],[-0.629751,46.996798],[-0.626743,46.996879],[-0.627917,46.995691],[-0.626537,46.994548],[-0.62635,46.994855],[-0.625647,46.994812],[-0.624561,46.994115],[-0.62494,46.992792],[-0.621938,46.993911],[-0.620603,46.993759],[-0.620094,46.993307],[-0.622257,46.990146],[-0.620611,46.987275],[-0.620905,46.986006],[-0.623325,46.98641],[-0.625238,46.985835],[-0.626954,46.985519],[-0.627525,46.985175],[-0.628232,46.985168],[-0.628936,46.984723],[-0.630269,46.984685],[-0.631204,46.984824],[-0.632298,46.983878],[-0.633801,46.983635],[-0.634214,46.982837],[-0.63618,46.980357],[-0.639638,46.977669],[-0.639882,46.977322],[-0.646692,46.975042],[-0.650446,46.97308],[-0.65126,46.971885],[-0.653912,46.97265],[-0.65448,46.97295],[-0.654491,46.973363],[-0.654859,46.973926],[-0.654501,46.974597],[-0.654669,46.975125],[-0.65766,46.975329],[-0.65827,46.974458],[-0.66166,46.972749],[-0.663562,46.971416],[-0.664175,46.971431],[-0.665779,46.970738],[-0.666368,46.970689],[-0.668403,46.968657],[-0.668946,46.967787],[-0.668847,46.967204],[-0.668188,46.967176],[-0.667976,46.966912],[-0.668205,46.966483],[-0.667951,46.965962],[-0.668189,46.965114],[-0.668967,46.964847],[-0.662983,46.963789],[-0.661285,46.963614],[-0.661077,46.963533],[-0.661064,46.963255],[-0.656533,46.96334],[-0.654475,46.962988],[-0.65214,46.962375],[-0.647229,46.960386],[-0.644862,46.959187],[-0.641778,46.958097],[-0.640179,46.957734],[-0.638198,46.95756],[-0.636167,46.957703],[-0.634213,46.958023],[-0.632659,46.958468],[-0.631686,46.95894],[-0.631396,46.958845],[-0.631355,46.958479],[-0.631003,46.958315],[-0.630997,46.957893],[-0.630452,46.957671],[-0.631912,46.956725],[-0.631797,46.955826],[-0.631148,46.955343],[-0.630814,46.954385],[-0.630112,46.953971],[-0.628649,46.953553],[-0.628545,46.952768],[-0.629137,46.95233],[-0.628878,46.951584],[-0.627987,46.951083],[-0.627932,46.950676],[-0.626564,46.949835],[-0.626412,46.949208],[-0.626558,46.948874],[-0.625236,46.948624],[-0.624335,46.94912],[-0.623692,46.949029],[-0.622487,46.949147],[-0.621625,46.948697],[-0.619379,46.948492],[-0.617093,46.947937],[-0.616741,46.947264],[-0.616105,46.946866],[-0.614908,46.946895],[-0.612846,46.947329],[-0.612464,46.947266],[-0.611826,46.946643],[-0.610989,46.946245],[-0.610518,46.945499],[-0.609824,46.945457],[-0.609558,46.9452],[-0.610173,46.944403],[-0.610045,46.943916],[-0.610254,46.943328],[-0.610852,46.943231],[-0.611794,46.942441],[-0.612982,46.94133],[-0.613086,46.940704],[-0.615816,46.940727],[-0.62311,46.940225],[-0.626026,46.940292],[-0.631606,46.939049],[-0.633925,46.938732],[-0.635213,46.93889],[-0.639718,46.938133],[-0.64426,46.937117],[-0.648964,46.935312],[-0.650828,46.934437],[-0.659605,46.932907],[-0.662758,46.932031],[-0.664771,46.931092],[-0.670358,46.929884],[-0.674418,46.92823],[-0.677345,46.92735],[-0.677959,46.927224],[-0.680829,46.927162],[-0.685724,46.927368],[-0.690462,46.92656],[-0.690479,46.926073],[-0.689092,46.924295],[-0.689044,46.923664],[-0.688135,46.922671],[-0.688421,46.922153],[-0.688561,46.92019],[-0.69015,46.919897],[-0.693096,46.91877],[-0.696335,46.918065],[-0.69776,46.917935],[-0.699561,46.916755],[-0.700273,46.916627],[-0.700216,46.91642],[-0.697779,46.914278],[-0.696832,46.91378],[-0.695596,46.913644],[-0.694854,46.913393],[-0.693804,46.91258],[-0.693602,46.912033],[-0.690344,46.910203],[-0.689168,46.909994],[-0.688084,46.910022],[-0.687552,46.909856],[-0.687303,46.910164],[-0.687045,46.909999],[-0.686461,46.910253],[-0.685927,46.910232],[-0.685955,46.90997],[-0.685504,46.910188],[-0.684531,46.909473],[-0.683926,46.909367],[-0.68353,46.909451],[-0.682893,46.909171],[-0.682157,46.909686],[-0.68162,46.909703],[-0.68164,46.90986],[-0.680819,46.910629],[-0.680062,46.910615],[-0.679993,46.910827],[-0.679293,46.91092],[-0.67825,46.911348],[-0.677254,46.910954],[-0.676757,46.911275],[-0.676115,46.911317],[-0.675586,46.911201],[-0.675709,46.911029],[-0.675381,46.910867],[-0.675086,46.910126],[-0.674269,46.909852],[-0.674211,46.909644],[-0.673351,46.908988],[-0.672468,46.908887],[-0.669969,46.908179],[-0.669329,46.908261],[-0.669393,46.908456],[-0.668742,46.908552],[-0.667969,46.909177],[-0.667406,46.909339],[-0.666991,46.910134],[-0.666647,46.910326],[-0.666164,46.910216],[-0.665402,46.910586],[-0.664878,46.910454],[-0.664048,46.910855],[-0.663407,46.911384],[-0.662866,46.911411],[-0.662621,46.91162],[-0.662199,46.911563],[-0.662087,46.911718],[-0.661444,46.911857],[-0.661625,46.912026],[-0.661538,46.912248],[-0.660733,46.91225],[-0.660254,46.912528],[-0.659671,46.91244],[-0.658394,46.912537],[-0.657517,46.912404],[-0.657124,46.91253],[-0.655396,46.914105],[-0.654906,46.914161],[-0.655063,46.914416],[-0.654153,46.914845],[-0.65402,46.915387],[-0.653379,46.915322],[-0.65326,46.915098],[-0.65365,46.914984],[-0.653825,46.91445],[-0.653362,46.914313],[-0.653302,46.914085],[-0.65349,46.913833],[-0.654227,46.91351],[-0.654199,46.913034],[-0.654465,46.912579],[-0.654215,46.911781],[-0.654457,46.911431],[-0.654756,46.911349],[-0.655015,46.910823],[-0.654417,46.910055],[-0.654298,46.909378],[-0.653821,46.909076],[-0.65391,46.907988],[-0.655486,46.907234],[-0.656461,46.906302],[-0.657267,46.905809],[-0.657452,46.905458],[-0.657901,46.905372],[-0.658223,46.905127],[-0.65851,46.904089],[-0.658274,46.903963],[-0.657974,46.904062],[-0.657795,46.903785],[-0.657385,46.903704],[-0.657287,46.903387],[-0.656854,46.903195],[-0.656762,46.902749],[-0.655807,46.902848],[-0.655558,46.902482],[-0.654891,46.902577],[-0.654794,46.901919],[-0.654394,46.902209],[-0.65369,46.901925],[-0.652092,46.902111],[-0.650943,46.901867],[-0.649042,46.901814],[-0.647108,46.902197],[-0.645262,46.901802],[-0.64417,46.901787],[-0.643006,46.901308],[-0.644236,46.899753],[-0.644283,46.899325],[-0.643974,46.898906],[-0.643188,46.898696],[-0.64318,46.898445],[-0.642701,46.89815],[-0.64136,46.896394],[-0.640295,46.896144],[-0.6396,46.895733],[-0.639616,46.895278],[-0.639311,46.895183],[-0.63914,46.894909],[-0.63901,46.894319],[-0.638471,46.893435],[-0.637948,46.893138],[-0.63748,46.892016],[-0.636378,46.891756],[-0.635801,46.891333],[-0.635493,46.891391],[-0.635097,46.891199],[-0.63493,46.890683],[-0.632749,46.888629],[-0.632315,46.888423],[-0.631838,46.887692],[-0.631115,46.887225],[-0.629523,46.886799],[-0.629205,46.886529],[-0.628755,46.885842],[-0.62931,46.8853],[-0.629469,46.884868],[-0.630369,46.884444],[-0.630427,46.884208],[-0.629875,46.88267],[-0.629432,46.882037],[-0.627954,46.881387],[-0.627181,46.881726],[-0.626053,46.8827],[-0.625131,46.88385],[-0.622819,46.88598],[-0.61571,46.888054],[-0.613621,46.888243],[-0.612518,46.888497],[-0.610161,46.886217],[-0.607872,46.885195],[-0.606571,46.885408],[-0.606097,46.885151],[-0.603309,46.883377],[-0.602271,46.882413],[-0.601771,46.88166],[-0.601216,46.881276],[-0.600737,46.881467],[-0.598892,46.883258],[-0.597596,46.883986],[-0.596623,46.885097],[-0.596735,46.885409],[-0.598417,46.886563],[-0.598265,46.886738],[-0.598044,46.886876],[-0.594837,46.885254],[-0.594388,46.885441],[-0.593799,46.885776],[-0.59305,46.886914],[-0.593748,46.887448],[-0.595609,46.88785],[-0.595885,46.888113],[-0.592753,46.888186],[-0.589439,46.890303],[-0.588208,46.891821],[-0.588009,46.89178],[-0.588108,46.891326],[-0.587902,46.891018],[-0.5871,46.890768],[-0.586473,46.890109],[-0.585191,46.889467],[-0.584363,46.888723],[-0.583218,46.888211],[-0.579121,46.88718],[-0.577355,46.886396],[-0.576775,46.885902],[-0.578683,46.884342],[-0.579081,46.883577],[-0.578669,46.881907],[-0.57769,46.8807],[-0.57775,46.880564],[-0.579029,46.879945],[-0.580656,46.878502],[-0.579066,46.878014],[-0.578484,46.878826],[-0.576862,46.879607],[-0.576031,46.880309],[-0.574503,46.882157],[-0.572915,46.882216],[-0.571737,46.883507],[-0.570463,46.882999],[-0.569772,46.882389],[-0.567408,46.883985],[-0.566001,46.885231],[-0.562342,46.8846],[-0.561778,46.886325],[-0.562065,46.886768],[-0.560804,46.890176],[-0.556794,46.88982],[-0.557514,46.88912],[-0.558002,46.888104],[-0.557965,46.887183],[-0.556781,46.88483],[-0.557084,46.884351],[-0.556874,46.883871],[-0.557132,46.883477],[-0.557443,46.883107],[-0.557861,46.882933],[-0.558159,46.882262],[-0.560153,46.880743],[-0.560757,46.879573],[-0.561999,46.877955],[-0.563369,46.877144],[-0.5669,46.876],[-0.567496,46.875467],[-0.568256,46.873737],[-0.569016,46.873223],[-0.569854,46.872932],[-0.570461,46.872016],[-0.571407,46.871317],[-0.572172,46.870197],[-0.570877,46.869077],[-0.570928,46.866076],[-0.574827,46.864163],[-0.576655,46.863981],[-0.57825,46.86313],[-0.581457,46.860528],[-0.582199,46.859699],[-0.58249,46.859017],[-0.584167,46.857263],[-0.584049,46.856959],[-0.583669,46.856825],[-0.581689,46.853905],[-0.581106,46.853659],[-0.580704,46.851797],[-0.581937,46.851374],[-0.584441,46.850928],[-0.5858,46.84977],[-0.587674,46.848989],[-0.588317,46.848437],[-0.588558,46.847919],[-0.589616,46.847381],[-0.591552,46.846983],[-0.593343,46.845669],[-0.593533,46.844946],[-0.594216,46.844259],[-0.594711,46.843177],[-0.595199,46.842906],[-0.595721,46.843098],[-0.596653,46.843125],[-0.597325,46.843422],[-0.597483,46.843914],[-0.597814,46.844218],[-0.597974,46.845216],[-0.597093,46.846471],[-0.597121,46.847794],[-0.600186,46.847761],[-0.600964,46.847606],[-0.600376,46.846451],[-0.600424,46.846134],[-0.601615,46.845113],[-0.599076,46.842015],[-0.601061,46.841504],[-0.601955,46.840961],[-0.603093,46.839928],[-0.604085,46.839497],[-0.604444,46.839068],[-0.604265,46.838651],[-0.604377,46.838314],[-0.604933,46.837528],[-0.605264,46.837336],[-0.606965,46.836951],[-0.606903,46.836578],[-0.606351,46.835849],[-0.605106,46.835148],[-0.603207,46.835375],[-0.6025,46.835253],[-0.601029,46.834501],[-0.599613,46.834201],[-0.598888,46.833713],[-0.598604,46.833427],[-0.598746,46.832518],[-0.599384,46.831637],[-0.599459,46.831169],[-0.597402,46.828407],[-0.597076,46.827762],[-0.59705,46.826816],[-0.59615,46.826128],[-0.594157,46.826399],[-0.592482,46.824493],[-0.591164,46.823818],[-0.590905,46.822448],[-0.591397,46.821343],[-0.590547,46.82004],[-0.590529,46.819598],[-0.591107,46.818921],[-0.59186,46.818458],[-0.591213,46.817876],[-0.592509,46.817573],[-0.592759,46.817341],[-0.593098,46.816343],[-0.593069,46.815803],[-0.592796,46.81563],[-0.591159,46.815672],[-0.590157,46.815337],[-0.587803,46.815443],[-0.587353,46.815589],[-0.585774,46.816709],[-0.585446,46.816718],[-0.583225,46.81565],[-0.583054,46.814934],[-0.581556,46.815107],[-0.581019,46.814259],[-0.579845,46.813969],[-0.578655,46.81314],[-0.577071,46.812612],[-0.57828,46.811499],[-0.576458,46.810555],[-0.577491,46.809043],[-0.578628,46.80821],[-0.57831,46.807722],[-0.577426,46.80783],[-0.576477,46.807268],[-0.57665,46.806814],[-0.576378,46.806642],[-0.575792,46.806701],[-0.573556,46.805363],[-0.574115,46.804808],[-0.574131,46.804327],[-0.571079,46.802004],[-0.570265,46.801485],[-0.568993,46.800977],[-0.569425,46.7997],[-0.569844,46.799424],[-0.569203,46.798811],[-0.567123,46.797919],[-0.567557,46.797075],[-0.566233,46.796228],[-0.564984,46.795721],[-0.56158,46.794773],[-0.561143,46.79433],[-0.560403,46.794057],[-0.560337,46.793226],[-0.558745,46.793667],[-0.557224,46.792169],[-0.557132,46.791273],[-0.557388,46.790061],[-0.557214,46.789839],[-0.556006,46.789201],[-0.555894,46.789395],[-0.550805,46.789035],[-0.550091,46.78912],[-0.546613,46.788148],[-0.544691,46.787884],[-0.543186,46.787856],[-0.541729,46.787577],[-0.541051,46.787145],[-0.541042,46.786964],[-0.541609,46.786545],[-0.540116,46.785592],[-0.53894,46.785666],[-0.537159,46.785441],[-0.536794,46.785946],[-0.536863,46.787249],[-0.534592,46.786451],[-0.533311,46.786463],[-0.531576,46.786106],[-0.529241,46.786085],[-0.529041,46.785981],[-0.529659,46.785574],[-0.529073,46.785101],[-0.528464,46.785428],[-0.528015,46.78477],[-0.528321,46.784358],[-0.527327,46.784158],[-0.526896,46.783448],[-0.526092,46.783108],[-0.526138,46.782747],[-0.522542,46.781667],[-0.523656,46.780451],[-0.522123,46.778805],[-0.523373,46.778358],[-0.525755,46.778233],[-0.526134,46.778106],[-0.52581,46.775866],[-0.526103,46.775367],[-0.525188,46.774892],[-0.525115,46.77458],[-0.525483,46.774283],[-0.526674,46.772183],[-0.525501,46.770543],[-0.525318,46.769473],[-0.525924,46.769073],[-0.527164,46.768754],[-0.528282,46.768073],[-0.52638,46.767197],[-0.527025,46.766115],[-0.526617,46.765779],[-0.535269,46.761268],[-0.53674,46.761632],[-0.538131,46.761793],[-0.544385,46.760434],[-0.549753,46.759871],[-0.551711,46.759395],[-0.553351,46.758472],[-0.554617,46.758024],[-0.554839,46.758009],[-0.55471,46.758165],[-0.555836,46.758814],[-0.557174,46.759054],[-0.559808,46.758837],[-0.560393,46.759242],[-0.561319,46.759399],[-0.563048,46.760428],[-0.565305,46.760589],[-0.568719,46.760327],[-0.572043,46.761099],[-0.573303,46.760772],[-0.574597,46.761659],[-0.575431,46.761533],[-0.576087,46.761157],[-0.57613,46.760778],[-0.576707,46.760539],[-0.578061,46.760144],[-0.57895,46.76018],[-0.579302,46.759765],[-0.580282,46.75946],[-0.580757,46.759112],[-0.581049,46.758838],[-0.581098,46.758455],[-0.582015,46.758069],[-0.582283,46.75828],[-0.582674,46.758226],[-0.582582,46.7585],[-0.583639,46.760316],[-0.584091,46.760215],[-0.585393,46.761262],[-0.58531,46.762164],[-0.585713,46.762334],[-0.586222,46.762051],[-0.587876,46.762699],[-0.587902,46.763149],[-0.587404,46.763326],[-0.587614,46.763591],[-0.589383,46.763591],[-0.591314,46.763189],[-0.592804,46.762701],[-0.593672,46.762626],[-0.595206,46.762839],[-0.596661,46.763719],[-0.596611,46.763991],[-0.597527,46.765183],[-0.59806,46.765349],[-0.597363,46.765793],[-0.597672,46.766954],[-0.597521,46.767245],[-0.597557,46.76914],[-0.597093,46.770447],[-0.595364,46.771313],[-0.596179,46.772094],[-0.59802,46.77281],[-0.600688,46.772214],[-0.602272,46.772452],[-0.603415,46.773012],[-0.60395,46.773712],[-0.605899,46.774547],[-0.606449,46.774527],[-0.608565,46.773647],[-0.609139,46.773954],[-0.609405,46.773838],[-0.609362,46.773636],[-0.610481,46.773982],[-0.610897,46.773903],[-0.610862,46.773638],[-0.611227,46.77355],[-0.61144,46.773652],[-0.61178,46.773378],[-0.612151,46.773662],[-0.612621,46.773535],[-0.61285,46.773743],[-0.613219,46.773772],[-0.617625,46.773308],[-0.618709,46.772785],[-0.619556,46.772673],[-0.619873,46.772484],[-0.621291,46.770872],[-0.622477,46.769806],[-0.623304,46.769335],[-0.624338,46.769084],[-0.625572,46.769048],[-0.62569,46.769755],[-0.626159,46.770577],[-0.626887,46.770189],[-0.628707,46.769859],[-0.630143,46.769793],[-0.630103,46.769476],[-0.630349,46.769193],[-0.631194,46.769231],[-0.631351,46.768792],[-0.631632,46.768764],[-0.63167,46.768504],[-0.632619,46.767479],[-0.632992,46.767362],[-0.633775,46.767837],[-0.634391,46.767691],[-0.63493,46.767778],[-0.635869,46.768597],[-0.637505,46.768842],[-0.637622,46.769335],[-0.638484,46.7692],[-0.639122,46.769361],[-0.639128,46.768789],[-0.638191,46.768453],[-0.638363,46.767999],[-0.638221,46.767777],[-0.637825,46.767743],[-0.637747,46.767519],[-0.636888,46.767362],[-0.63674,46.767051],[-0.635678,46.767106],[-0.635379,46.766578],[-0.635387,46.766052],[-0.635124,46.765759],[-0.634536,46.765997],[-0.633352,46.765842],[-0.633885,46.765384],[-0.633538,46.764218],[-0.633623,46.763874],[-0.632521,46.763462],[-0.632102,46.763505],[-0.631728,46.762889],[-0.631805,46.76249],[-0.63153,46.762219],[-0.632044,46.762109],[-0.632317,46.761698],[-0.631659,46.760903],[-0.632292,46.759572],[-0.632101,46.759054],[-0.632114,46.757992],[-0.631768,46.757566],[-0.631617,46.756705],[-0.630568,46.756482],[-0.630148,46.757012],[-0.629447,46.757011],[-0.627863,46.755894],[-0.62727,46.756121],[-0.626782,46.755502],[-0.627024,46.755103],[-0.626678,46.754826],[-0.626632,46.754296],[-0.627033,46.753778],[-0.626423,46.75319],[-0.626686,46.753048],[-0.626585,46.752792],[-0.625516,46.752333],[-0.625216,46.752639],[-0.624631,46.752333],[-0.624309,46.751838],[-0.623465,46.75128],[-0.622638,46.750091],[-0.62238,46.749108],[-0.622118,46.749032],[-0.622101,46.748205],[-0.621498,46.748054],[-0.621825,46.747666],[-0.621682,46.747427],[-0.620349,46.746499],[-0.618549,46.745915],[-0.618134,46.745644],[-0.618438,46.74518],[-0.618105,46.744769],[-0.618505,46.744271],[-0.618419,46.743734],[-0.618862,46.743137],[-0.619877,46.742848],[-0.619252,46.742434],[-0.619656,46.742182],[-0.619761,46.741816],[-0.619187,46.741502],[-0.618968,46.741163],[-0.619567,46.739103],[-0.619208,46.738658],[-0.618147,46.738232],[-0.617879,46.737835],[-0.617712,46.736239],[-0.618089,46.736008],[-0.61796,46.735646],[-0.61754,46.735477],[-0.617226,46.735595],[-0.616577,46.735272],[-0.616799,46.73436],[-0.615339,46.734106],[-0.61508,46.733532],[-0.61524,46.733091],[-0.615659,46.732788],[-0.616028,46.731129],[-0.616258,46.730948],[-0.615976,46.730761],[-0.616,46.730589],[-0.616714,46.730074],[-0.617272,46.729924],[-0.617392,46.728972],[-0.617995,46.728598],[-0.618402,46.728632],[-0.618528,46.728438],[-0.618631,46.727365],[-0.618257,46.727053],[-0.618295,46.726013],[-0.617841,46.725611],[-0.617673,46.725015],[-0.617126,46.724972],[-0.6155,46.72411],[-0.614397,46.724244],[-0.613886,46.72413],[-0.612236,46.722763],[-0.611547,46.722554],[-0.610052,46.721528],[-0.607541,46.718588],[-0.607677,46.71817],[-0.607217,46.717599],[-0.606924,46.716772],[-0.607954,46.715674],[-0.60824,46.715531],[-0.608982,46.715555],[-0.60927,46.715159],[-0.609904,46.715225],[-0.610559,46.714839],[-0.6116,46.714703],[-0.611746,46.714499],[-0.612275,46.714888],[-0.612646,46.714794],[-0.613021,46.714202],[-0.613577,46.714109],[-0.613851,46.714305],[-0.614119,46.714017],[-0.614421,46.714085],[-0.614694,46.71384],[-0.615873,46.713858],[-0.616062,46.71359],[-0.617343,46.713692],[-0.618556,46.71313],[-0.619474,46.713346],[-0.619646,46.713217],[-0.619591,46.712903],[-0.620174,46.712858],[-0.620169,46.713126],[-0.620332,46.713157],[-0.620632,46.712762],[-0.621104,46.71275],[-0.621345,46.712232],[-0.621234,46.712048],[-0.622339,46.711836],[-0.623144,46.710964],[-0.623559,46.710918],[-0.623943,46.710312],[-0.624455,46.710146],[-0.624696,46.709768],[-0.624576,46.709392],[-0.625028,46.709319],[-0.625308,46.708547],[-0.626291,46.707494],[-0.626699,46.705525],[-0.627099,46.704995],[-0.627003,46.704667],[-0.628414,46.704151],[-0.628432,46.703584],[-0.628664,46.703516],[-0.629733,46.703601],[-0.630946,46.70349],[-0.63254,46.702804],[-0.636229,46.702635],[-0.63743,46.702745],[-0.638465,46.702183],[-0.639676,46.701964],[-0.640745,46.701562],[-0.641102,46.701388],[-0.641203,46.700968],[-0.641536,46.700772],[-0.642244,46.700817],[-0.644421,46.700456],[-0.64558,46.699998],[-0.646068,46.700033],[-0.64845,46.699277],[-0.648635,46.69904],[-0.649914,46.699091],[-0.653274,46.700447],[-0.654685,46.700572],[-0.656198,46.700333],[-0.656162,46.700799],[-0.657509,46.701388],[-0.6578,46.70275],[-0.659031,46.704084],[-0.661137,46.705012],[-0.663554,46.705363],[-0.663164,46.706247],[-0.661874,46.70711],[-0.662006,46.708554],[-0.663035,46.708713],[-0.662751,46.709657],[-0.664565,46.710894],[-0.665273,46.71129],[-0.665768,46.711055],[-0.665709,46.71156],[-0.666373,46.713663],[-0.667606,46.71496],[-0.667613,46.715555],[-0.66932,46.717548],[-0.671352,46.719056],[-0.672879,46.719648],[-0.672845,46.720189],[-0.674343,46.721265],[-0.673198,46.721846],[-0.674376,46.722925],[-0.674709,46.723055],[-0.675494,46.722338],[-0.676471,46.723259],[-0.676281,46.723664],[-0.676699,46.723891],[-0.677214,46.723713],[-0.67797,46.724118],[-0.678147,46.724271],[-0.677397,46.724594],[-0.678104,46.72571],[-0.679864,46.725182],[-0.679768,46.725769],[-0.681943,46.72607],[-0.682176,46.726696],[-0.682939,46.726511],[-0.683331,46.72702],[-0.683691,46.727078],[-0.6842,46.726815],[-0.684755,46.727194],[-0.685218,46.727165],[-0.685908,46.727651],[-0.685396,46.727882],[-0.685373,46.728035],[-0.685005,46.728134],[-0.683665,46.727885],[-0.683265,46.728152],[-0.684279,46.729206],[-0.685296,46.729809],[-0.685492,46.729805],[-0.686231,46.728974],[-0.686525,46.728381],[-0.686556,46.72775],[-0.687371,46.727536],[-0.687734,46.726594],[-0.688618,46.72602]]]}},{"type":"Feature","properties":{"uai_primary":"0790950D","uai_all":"0790950D","is_merged":false},"geometry":{"type":"Polygon","coordinates":[[[-0.35406,46.347673],[-0.353507,46.347761],[-0.353485,46.347371],[-0.35134,46.346258],[-0.350086,46.345229],[-0.349785,46.344551],[-0.349087,46.34418],[-0.350084,46.34348],[-0.351543,46.341691],[-0.347407,46.340487],[-0.346824,46.3405],[-0.342856,46.339109],[-0.340655,46.339005],[-0.34117,46.338531],[-0.342577,46.336141],[-0.343887,46.335086],[-0.34424,46.334153],[-0.34618,46.333123],[-0.346949,46.332494],[-0.345765,46.331889],[-0.345401,46.332128],[-0.345174,46.332078],[-0.344427,46.33142],[-0.343628,46.331034],[-0.340079,46.330217],[-0.338562,46.329758],[-0.337556,46.32927],[-0.335689,46.330149],[-0.334716,46.33084],[-0.333603,46.328969],[-0.332689,46.329375],[-0.330588,46.329284],[-0.328557,46.330344],[-0.326722,46.330396],[-0.326364,46.3296],[-0.326403,46.328757],[-0.327374,46.328284],[-0.327049,46.328018],[-0.326894,46.327333],[-0.326024,46.327462],[-0.325217,46.327814],[-0.322851,46.327864],[-0.321378,46.328377],[-0.320977,46.327909],[-0.320274,46.327741],[-0.320278,46.327],[-0.319907,46.326261],[-0.319541,46.325964],[-0.318693,46.325727],[-0.317922,46.326039],[-0.316672,46.325957],[-0.316335,46.325643],[-0.315963,46.325548],[-0.316464,46.32494],[-0.318095,46.324591],[-0.319364,46.324689],[-0.32169,46.323081],[-0.321969,46.322387],[-0.322879,46.322127],[-0.325536,46.320873],[-0.325951,46.319909],[-0.326433,46.317439],[-0.328658,46.314613],[-0.328738,46.312662],[-0.329432,46.310299],[-0.330005,46.309648],[-0.331454,46.309162],[-0.331497,46.308823],[-0.32956,46.308762],[-0.327782,46.308517],[-0.325255,46.308595],[-0.321223,46.307776],[-0.320232,46.300347],[-0.325487,46.292775],[-0.324235,46.291858],[-0.323222,46.290736],[-0.321301,46.289137],[-0.318351,46.285398],[-0.31764,46.284236],[-0.319419,46.282362],[-0.319349,46.282228],[-0.321434,46.279749],[-0.320952,46.279175],[-0.321196,46.278854],[-0.321445,46.278624],[-0.322211,46.278463],[-0.321443,46.27812],[-0.322216,46.27712],[-0.32135,46.27669],[-0.322572,46.275131],[-0.322177,46.275005],[-0.322289,46.274642],[-0.321454,46.274148],[-0.323679,46.272196],[-0.326108,46.270811],[-0.327562,46.270183],[-0.329539,46.269913],[-0.330881,46.269266],[-0.329714,46.268805],[-0.327739,46.267579],[-0.324784,46.266486],[-0.323817,46.265961],[-0.322179,46.264716],[-0.319742,46.263712],[-0.317696,46.262655],[-0.310018,46.260143],[-0.309239,46.259742],[-0.308843,46.259197],[-0.308236,46.259293],[-0.307256,46.258908],[-0.301503,46.256088],[-0.303021,46.255426],[-0.304457,46.255279],[-0.306549,46.25531],[-0.308361,46.254651],[-0.308753,46.251545],[-0.309524,46.250045],[-0.306074,46.249337],[-0.303556,46.248526],[-0.305126,46.247513],[-0.306433,46.246377],[-0.310944,46.243907],[-0.313603,46.241502],[-0.312256,46.240202],[-0.309702,46.236067],[-0.308662,46.236202],[-0.307239,46.236086],[-0.304041,46.235286],[-0.299405,46.23547],[-0.294629,46.235156],[-0.293154,46.23489],[-0.287461,46.23331],[-0.284733,46.23216],[-0.28073,46.231412],[-0.274252,46.229026],[-0.272704,46.228799],[-0.270433,46.228758],[-0.269752,46.227189],[-0.268657,46.226133],[-0.268162,46.225293],[-0.268975,46.224718],[-0.269717,46.223889],[-0.271436,46.221255],[-0.274701,46.218835],[-0.276808,46.217625],[-0.27979,46.216894],[-0.285821,46.214613],[-0.287441,46.213559],[-0.288269,46.213223],[-0.289393,46.211949],[-0.289725,46.21197],[-0.289848,46.209212],[-0.290151,46.207559],[-0.290482,46.207038],[-0.292254,46.206432],[-0.293331,46.205913],[-0.293577,46.205637],[-0.292176,46.204814],[-0.291669,46.205052],[-0.289716,46.204871],[-0.290546,46.203277],[-0.288795,46.201922],[-0.287798,46.201405],[-0.285591,46.200617],[-0.286488,46.199277],[-0.287228,46.198973],[-0.288331,46.197672],[-0.288477,46.197018],[-0.291025,46.192816],[-0.292793,46.193412],[-0.2958,46.193927],[-0.296635,46.192422],[-0.297342,46.192316],[-0.297559,46.191549],[-0.297035,46.191468],[-0.296716,46.190877],[-0.298971,46.191153],[-0.300759,46.187915],[-0.300787,46.18715],[-0.302077,46.18703],[-0.302456,46.186841],[-0.302866,46.186231],[-0.305151,46.187049],[-0.305486,46.1865],[-0.307442,46.186738],[-0.308602,46.185259],[-0.310688,46.184515],[-0.313386,46.183126],[-0.314054,46.183072],[-0.314696,46.182604],[-0.315597,46.181777],[-0.317504,46.176529],[-0.319154,46.174387],[-0.323365,46.170373],[-0.323031,46.1702],[-0.323081,46.169883],[-0.324681,46.168136],[-0.326447,46.168499],[-0.330673,46.168805],[-0.331396,46.169012],[-0.333526,46.170177],[-0.336022,46.170884],[-0.337697,46.172014],[-0.337833,46.172146],[-0.337604,46.172737],[-0.338721,46.17307],[-0.338957,46.173921],[-0.33964,46.174624],[-0.341015,46.174391],[-0.34118,46.175054],[-0.340965,46.176371],[-0.341142,46.1772],[-0.342968,46.178379],[-0.343267,46.178683],[-0.34307,46.17882],[-0.345162,46.179719],[-0.347635,46.18111],[-0.351258,46.182313],[-0.350866,46.182897],[-0.350769,46.183443],[-0.351136,46.183858],[-0.352517,46.184727],[-0.351515,46.185646],[-0.353896,46.186484],[-0.353903,46.186618],[-0.356784,46.187773],[-0.355841,46.189105],[-0.356234,46.190714],[-0.356075,46.191561],[-0.357118,46.191784],[-0.357738,46.191769],[-0.363941,46.190346],[-0.366908,46.189483],[-0.368624,46.188792],[-0.371568,46.187184],[-0.374246,46.184962],[-0.378157,46.1832],[-0.379704,46.181915],[-0.382241,46.180356],[-0.383536,46.179227],[-0.386847,46.177273],[-0.38913,46.174387],[-0.390307,46.173323],[-0.392505,46.17192],[-0.392883,46.171491],[-0.393734,46.16928],[-0.393965,46.167429],[-0.394649,46.165567],[-0.395257,46.164804],[-0.396354,46.164842],[-0.397515,46.166004],[-0.397793,46.166827],[-0.398554,46.166798],[-0.399957,46.168043],[-0.404788,46.170093],[-0.404858,46.170181],[-0.403974,46.170652],[-0.403925,46.170968],[-0.405025,46.170942],[-0.406856,46.169997],[-0.406999,46.168959],[-0.406184,46.168213],[-0.405794,46.168178],[-0.405743,46.168449],[-0.405485,46.168501],[-0.404275,46.168144],[-0.404326,46.167649],[-0.405235,46.167073],[-0.405624,46.166422],[-0.406181,46.166026],[-0.407497,46.165638],[-0.408586,46.165627],[-0.409426,46.164399],[-0.409684,46.163456],[-0.415093,46.161649],[-0.415744,46.161768],[-0.417422,46.161098],[-0.424606,46.159957],[-0.425814,46.160258],[-0.426857,46.16072],[-0.43649,46.166164],[-0.441253,46.169342],[-0.442759,46.170526],[-0.447905,46.173303],[-0.45028,46.175228],[-0.450999,46.175523],[-0.452259,46.17577],[-0.451865,46.175963],[-0.448841,46.176353],[-0.447325,46.17585],[-0.445963,46.175839],[-0.444978,46.175593],[-0.443005,46.176271],[-0.437248,46.177457],[-0.432873,46.180754],[-0.431568,46.183368],[-0.437771,46.183621],[-0.436861,46.187264],[-0.436216,46.188084],[-0.434793,46.188925],[-0.434125,46.189635],[-0.434449,46.190256],[-0.437146,46.191045],[-0.437419,46.191308],[-0.437583,46.191979],[-0.439427,46.192564],[-0.439882,46.192598],[-0.440188,46.192231],[-0.441612,46.192196],[-0.442021,46.192591],[-0.447168,46.193094],[-0.447826,46.193303],[-0.449253,46.193313],[-0.451224,46.192819],[-0.452415,46.192699],[-0.455353,46.192746],[-0.45568,46.192978],[-0.457461,46.193197],[-0.456906,46.194268],[-0.458388,46.19441],[-0.458557,46.194578],[-0.457459,46.197512],[-0.457366,46.198336],[-0.456446,46.199759],[-0.457364,46.19982],[-0.457568,46.199995],[-0.457918,46.200527],[-0.458283,46.202026],[-0.459777,46.202151],[-0.459776,46.202597],[-0.460059,46.203085],[-0.46046,46.203299],[-0.460785,46.203336],[-0.46159,46.202708],[-0.463721,46.203746],[-0.464369,46.202791],[-0.466481,46.204371],[-0.467911,46.204934],[-0.468368,46.204544],[-0.469457,46.205179],[-0.469483,46.207756],[-0.469262,46.20912],[-0.467789,46.208429],[-0.46699,46.209259],[-0.466698,46.209898],[-0.466944,46.210881],[-0.466951,46.212155],[-0.462483,46.211964],[-0.459386,46.211389],[-0.457515,46.211206],[-0.456789,46.211178],[-0.456144,46.211332],[-0.455684,46.21118],[-0.455253,46.210567],[-0.454313,46.209925],[-0.453156,46.20991],[-0.451018,46.21515],[-0.452636,46.219518],[-0.452433,46.220017],[-0.447524,46.221669],[-0.445891,46.222699],[-0.444799,46.222906],[-0.442763,46.223676],[-0.44193,46.223877],[-0.440113,46.223876],[-0.439323,46.223724],[-0.436906,46.227441],[-0.436504,46.22861],[-0.436093,46.231119],[-0.438431,46.231558],[-0.440591,46.232333],[-0.441169,46.231863],[-0.442416,46.232148],[-0.443586,46.232079],[-0.44372,46.232308],[-0.446114,46.232708],[-0.448937,46.232293],[-0.447859,46.234181],[-0.444714,46.236764],[-0.444433,46.237365],[-0.443378,46.238291],[-0.441496,46.239552],[-0.440093,46.240037],[-0.441661,46.242789],[-0.445725,46.24359],[-0.449028,46.244769],[-0.452159,46.245378],[-0.45039,46.248067],[-0.449993,46.249316],[-0.448894,46.251475],[-0.448164,46.25441],[-0.447199,46.256551],[-0.44596,46.260871],[-0.444982,46.26297],[-0.443424,46.262352],[-0.441853,46.262087],[-0.439455,46.261377],[-0.438785,46.261543],[-0.435642,46.261508],[-0.435429,46.262173],[-0.434817,46.262049],[-0.433935,46.261591],[-0.431818,46.26134],[-0.429603,46.260453],[-0.42484,46.257794],[-0.424529,46.258063],[-0.424433,46.25874],[-0.420718,46.258425],[-0.420763,46.258019],[-0.419517,46.257779],[-0.419006,46.257041],[-0.418286,46.255154],[-0.413005,46.255906],[-0.408179,46.25612],[-0.408446,46.257383],[-0.406917,46.257697],[-0.406477,46.257912],[-0.406372,46.259577],[-0.403973,46.259642],[-0.403829,46.259375],[-0.402005,46.25924],[-0.394366,46.259517],[-0.393081,46.259164],[-0.393218,46.259934],[-0.391261,46.263662],[-0.392314,46.264225],[-0.39364,46.265867],[-0.390392,46.268244],[-0.388923,46.269048],[-0.389163,46.269279],[-0.388576,46.269612],[-0.388715,46.269923],[-0.386039,46.273081],[-0.383229,46.271863],[-0.382219,46.27167],[-0.381204,46.271261],[-0.380819,46.272238],[-0.380748,46.273655],[-0.380516,46.274353],[-0.380227,46.274839],[-0.378542,46.276476],[-0.378241,46.276418],[-0.377496,46.277384],[-0.376593,46.279144],[-0.377032,46.279455],[-0.377291,46.279944],[-0.374293,46.287162],[-0.374021,46.288696],[-0.373342,46.288791],[-0.371086,46.295379],[-0.374948,46.296329],[-0.374855,46.296525],[-0.376964,46.29726],[-0.3769,46.297377],[-0.380332,46.298321],[-0.386167,46.299408],[-0.386199,46.299283],[-0.387194,46.299413],[-0.38722,46.299224],[-0.393444,46.300636],[-0.394954,46.301109],[-0.392213,46.3032],[-0.388911,46.305129],[-0.388283,46.307039],[-0.387901,46.308591],[-0.38823,46.308656],[-0.388047,46.309489],[-0.388099,46.310883],[-0.387851,46.31142],[-0.387784,46.313907],[-0.388009,46.314839],[-0.388085,46.318669],[-0.389392,46.318925],[-0.390331,46.318878],[-0.390123,46.319823],[-0.389642,46.320311],[-0.388166,46.32089],[-0.387566,46.32198],[-0.384582,46.324776],[-0.38274,46.326062],[-0.380415,46.327016],[-0.382687,46.328097],[-0.384654,46.329312],[-0.385115,46.329842],[-0.383661,46.330464],[-0.380044,46.331239],[-0.378515,46.331746],[-0.378254,46.333468],[-0.376527,46.337448],[-0.375611,46.337347],[-0.375023,46.336842],[-0.371538,46.336569],[-0.369456,46.336061],[-0.369402,46.336251],[-0.368505,46.336016],[-0.368332,46.336372],[-0.368766,46.336504],[-0.368444,46.337205],[-0.3688,46.337285],[-0.368018,46.339017],[-0.367732,46.338997],[-0.367406,46.339645],[-0.367681,46.339692],[-0.367225,46.340756],[-0.365666,46.340548],[-0.365229,46.34173],[-0.365179,46.341525],[-0.364799,46.341472],[-0.364825,46.341283],[-0.364077,46.341132],[-0.363877,46.341507],[-0.363052,46.341421],[-0.362712,46.342419],[-0.360784,46.344176],[-0.360468,46.344364],[-0.359805,46.344109],[-0.358303,46.34527],[-0.357432,46.344751],[-0.356978,46.344761],[-0.355397,46.347433],[-0.35406,46.347673]]]}},{"type":"Feature","properties":{"uai_primary":"0790965V","uai_all":"0790965V","is_merged":false},"geometry":{"type":"Polygon","coordinates":[[[-0.358106,46.399123],[-0.358652,46.399545],[-0.357417,46.40088],[-0.357551,46.400967],[-0.363299,46.404026],[-0.369942,46.407303],[-0.371882,46.408056],[-0.373078,46.408766],[-0.373147,46.408605],[-0.378083,46.410752],[-0.380138,46.409115],[-0.381225,46.4098],[-0.381311,46.409699],[-0.382604,46.4102],[-0.386372,46.411082],[-0.389691,46.412178],[-0.389031,46.413591],[-0.390137,46.414201],[-0.389644,46.414691],[-0.389103,46.414945],[-0.3901,46.415713],[-0.388995,46.416135],[-0.388008,46.4172],[-0.391119,46.418152],[-0.390068,46.419391],[-0.394839,46.421792],[-0.397138,46.422398],[-0.396138,46.424332],[-0.395992,46.425691],[-0.395773,46.426106],[-0.393777,46.427924],[-0.39318,46.427888],[-0.392765,46.428192],[-0.391382,46.430847],[-0.390679,46.432909],[-0.390405,46.434561],[-0.390527,46.438781],[-0.391226,46.440167],[-0.391048,46.44222],[-0.390471,46.443429],[-0.390105,46.443488],[-0.388997,46.44564],[-0.386464,46.44867],[-0.384823,46.447939],[-0.384628,46.447943],[-0.383634,46.448913],[-0.382362,46.448223],[-0.383059,46.4457],[-0.383605,46.445664],[-0.384411,46.444247],[-0.382179,46.443276],[-0.380467,46.442867],[-0.380812,46.441958],[-0.378165,46.441122],[-0.378339,46.440712],[-0.377412,46.440392],[-0.377428,46.44029],[-0.377493,46.440049],[-0.378489,46.439828],[-0.377626,46.438986],[-0.377629,46.438706],[-0.377254,46.438506],[-0.374617,46.439448],[-0.374098,46.439003],[-0.372652,46.439685],[-0.366684,46.438527],[-0.366552,46.438808],[-0.365911,46.438742],[-0.365369,46.439132],[-0.364778,46.438252],[-0.364235,46.437823],[-0.364064,46.437314],[-0.364186,46.437137],[-0.364024,46.437031],[-0.363011,46.437124],[-0.362721,46.437376],[-0.36286,46.437531],[-0.362542,46.437602],[-0.362343,46.437473],[-0.36127,46.437647],[-0.360471,46.437585],[-0.360292,46.43732],[-0.359416,46.437389],[-0.358837,46.436965],[-0.358803,46.43614],[-0.357456,46.435236],[-0.356721,46.435008],[-0.35522,46.434957],[-0.354702,46.434232],[-0.353775,46.434434],[-0.353552,46.434263],[-0.35342,46.432778],[-0.35185,46.432945],[-0.350375,46.433542],[-0.35012,46.433396],[-0.349708,46.433426],[-0.349239,46.432805],[-0.348794,46.432848],[-0.349064,46.433096],[-0.348627,46.433332],[-0.348221,46.434124],[-0.347842,46.435446],[-0.348021,46.436366],[-0.34792,46.436687],[-0.347563,46.436888],[-0.346446,46.436968],[-0.339671,46.434001],[-0.339344,46.433984],[-0.338872,46.43424],[-0.337835,46.434201],[-0.33406,46.436631],[-0.333596,46.436461],[-0.333287,46.438134],[-0.332268,46.438608],[-0.331875,46.438527],[-0.331066,46.439311],[-0.328451,46.440594],[-0.32791,46.44009],[-0.324994,46.441614],[-0.325014,46.443369],[-0.324333,46.445411],[-0.323213,46.446472],[-0.321656,46.447571],[-0.323089,46.448618],[-0.321999,46.449606],[-0.322155,46.450142],[-0.321463,46.450609],[-0.321874,46.451049],[-0.321122,46.451652],[-0.320457,46.451353],[-0.319332,46.452324],[-0.318686,46.451832],[-0.318336,46.451942],[-0.315806,46.453487],[-0.310757,46.452749],[-0.310136,46.453394],[-0.309064,46.454094],[-0.307529,46.45467],[-0.306304,46.454923],[-0.305641,46.456849],[-0.30499,46.457663],[-0.304147,46.458193],[-0.303895,46.458582],[-0.303758,46.459345],[-0.304023,46.460112],[-0.302927,46.461775],[-0.301969,46.462797],[-0.297589,46.463228],[-0.297413,46.4643],[-0.295954,46.464036],[-0.296175,46.464996],[-0.29603,46.466198],[-0.297378,46.470169],[-0.29747,46.470925],[-0.297241,46.472649],[-0.299244,46.476155],[-0.300795,46.478346],[-0.302861,46.480569],[-0.303916,46.482165],[-0.30405,46.483557],[-0.305598,46.486438],[-0.305168,46.487307],[-0.305077,46.487994],[-0.304819,46.488279],[-0.302804,46.48897],[-0.300843,46.489928],[-0.299355,46.490103],[-0.298157,46.488268],[-0.298084,46.487243],[-0.297843,46.486722],[-0.296382,46.485735],[-0.295574,46.48478],[-0.295424,46.48372],[-0.29464,46.482071],[-0.294628,46.479954],[-0.294233,46.479782],[-0.294327,46.479522],[-0.29346,46.478271],[-0.292415,46.477539],[-0.291852,46.476471],[-0.290727,46.476526],[-0.290061,46.476713],[-0.289218,46.478235],[-0.286168,46.47893],[-0.28588,46.479747],[-0.281989,46.482453],[-0.280427,46.485562],[-0.280164,46.485504],[-0.279276,46.48467],[-0.279162,46.482287],[-0.277405,46.480977],[-0.277802,46.480595],[-0.276741,46.479372],[-0.276266,46.478978],[-0.27304,46.478287],[-0.272062,46.476914],[-0.272216,46.476055],[-0.271225,46.475762],[-0.270775,46.474513],[-0.270662,46.473525],[-0.268447,46.473589],[-0.268386,46.473198],[-0.26769,46.472151],[-0.267685,46.471112],[-0.266529,46.470147],[-0.265956,46.469952],[-0.26527,46.469156],[-0.263928,46.468659],[-0.263594,46.468004],[-0.26306,46.467838],[-0.262397,46.466983],[-0.262308,46.46648],[-0.261808,46.465984],[-0.261631,46.465144],[-0.261194,46.464987],[-0.261148,46.464344],[-0.260866,46.464367],[-0.260938,46.464008],[-0.260137,46.463243],[-0.259972,46.462458],[-0.25966,46.462469],[-0.259507,46.462312],[-0.259841,46.461818],[-0.259922,46.46082],[-0.260533,46.460386],[-0.261351,46.459258],[-0.261396,46.457904],[-0.261576,46.457832],[-0.262065,46.456619],[-0.262506,46.454789],[-0.263861,46.453836],[-0.264466,46.452115],[-0.264999,46.452064],[-0.265557,46.451791],[-0.265771,46.45099],[-0.265483,46.450931],[-0.265591,46.450659],[-0.265119,46.450277],[-0.264377,46.450225],[-0.26375,46.450694],[-0.262742,46.450855],[-0.262712,46.451109],[-0.261305,46.451978],[-0.260661,46.452155],[-0.260382,46.452122],[-0.260368,46.451739],[-0.259703,46.451866],[-0.259381,46.45168],[-0.258082,46.451717],[-0.25692,46.452035],[-0.255822,46.452043],[-0.256176,46.449867],[-0.25524,46.449348],[-0.254803,46.448613],[-0.25372,46.44782],[-0.252633,46.44728],[-0.252102,46.447709],[-0.250911,46.447331],[-0.24927,46.448631],[-0.246854,46.447746],[-0.247324,46.447187],[-0.246538,46.446428],[-0.247644,46.445983],[-0.251066,46.443871],[-0.253234,46.442973],[-0.255909,46.442207],[-0.257604,46.442002],[-0.260424,46.441088],[-0.259505,46.439287],[-0.259878,46.438836],[-0.259569,46.438147],[-0.258081,46.436776],[-0.257991,46.4366],[-0.25828,46.436351],[-0.25773,46.435954],[-0.25868,46.435169],[-0.259493,46.434183],[-0.260876,46.434497],[-0.262689,46.434539],[-0.268813,46.434112],[-0.271002,46.433723],[-0.270662,46.433009],[-0.272012,46.433593],[-0.273033,46.433293],[-0.273531,46.432507],[-0.274508,46.431724],[-0.274979,46.431091],[-0.276831,46.430622],[-0.277644,46.431072],[-0.279326,46.430572],[-0.281068,46.429634],[-0.282003,46.428458],[-0.281421,46.428308],[-0.28132,46.428132],[-0.280177,46.427609],[-0.279251,46.426747],[-0.278372,46.426898],[-0.275893,46.42465],[-0.276463,46.424097],[-0.271029,46.420676],[-0.273346,46.419363],[-0.272789,46.418774],[-0.27197,46.417384],[-0.270579,46.417619],[-0.269259,46.418215],[-0.268569,46.418011],[-0.268613,46.418394],[-0.268009,46.418561],[-0.267773,46.41921],[-0.267455,46.419396],[-0.267082,46.419437],[-0.266486,46.419144],[-0.26584,46.419108],[-0.264972,46.419262],[-0.264461,46.419607],[-0.263614,46.419479],[-0.262998,46.419716],[-0.262841,46.420047],[-0.262125,46.419883],[-0.261728,46.420316],[-0.261341,46.420305],[-0.261269,46.420073],[-0.260535,46.419881],[-0.260183,46.420328],[-0.259827,46.420417],[-0.259288,46.420218],[-0.259352,46.419899],[-0.258448,46.419724],[-0.257982,46.419429],[-0.258331,46.418803],[-0.257005,46.418299],[-0.256707,46.415863],[-0.256828,46.414857],[-0.254482,46.414809],[-0.253099,46.414421],[-0.249898,46.414565],[-0.24835,46.414704],[-0.247134,46.415022],[-0.247191,46.415404],[-0.246658,46.415425],[-0.245895,46.415176],[-0.245089,46.415517],[-0.244558,46.415045],[-0.243974,46.415298],[-0.243158,46.414597],[-0.241444,46.415208],[-0.239365,46.415188],[-0.238398,46.41584],[-0.23716,46.416309],[-0.232659,46.415404],[-0.231242,46.414882],[-0.226961,46.412535],[-0.22208,46.411734],[-0.222462,46.410524],[-0.222278,46.410291],[-0.223335,46.408082],[-0.223201,46.407593],[-0.222436,46.40751],[-0.221822,46.407616],[-0.220512,46.406026],[-0.219933,46.406174],[-0.219662,46.405955],[-0.218966,46.404492],[-0.21835,46.403938],[-0.216854,46.404958],[-0.216552,46.404013],[-0.21543,46.402956],[-0.215224,46.402486],[-0.215245,46.401919],[-0.215609,46.401363],[-0.216949,46.400486],[-0.217395,46.4005],[-0.218611,46.401048],[-0.220415,46.401473],[-0.221283,46.401077],[-0.222129,46.40041],[-0.222496,46.399761],[-0.221964,46.398676],[-0.222104,46.396271],[-0.22396,46.393013],[-0.224974,46.391815],[-0.226016,46.391416],[-0.226672,46.391378],[-0.230314,46.39051],[-0.232176,46.389467],[-0.238015,46.387472],[-0.241416,46.387485],[-0.242025,46.387251],[-0.242719,46.386722],[-0.243411,46.386594],[-0.242466,46.38604],[-0.242101,46.385633],[-0.242287,46.385287],[-0.241987,46.385024],[-0.241181,46.384989],[-0.240138,46.384679],[-0.236348,46.382716],[-0.23764,46.382281],[-0.237595,46.382056],[-0.236937,46.381891],[-0.237374,46.38152],[-0.234579,46.380188],[-0.234105,46.379793],[-0.233059,46.378288],[-0.233772,46.377046],[-0.23307,46.376802],[-0.233863,46.376169],[-0.233081,46.375498],[-0.233286,46.37535],[-0.234908,46.375562],[-0.235183,46.375169],[-0.234915,46.375068],[-0.235488,46.374676],[-0.235394,46.374596],[-0.236935,46.373768],[-0.238804,46.371901],[-0.239035,46.371266],[-0.239531,46.370759],[-0.240178,46.370699],[-0.242075,46.369576],[-0.248379,46.366777],[-0.248337,46.365878],[-0.249949,46.365616],[-0.250002,46.365345],[-0.251866,46.364897],[-0.25198,46.364535],[-0.254888,46.363648],[-0.253984,46.362498],[-0.253752,46.361905],[-0.253466,46.361728],[-0.252762,46.361692],[-0.252596,46.361494],[-0.252868,46.36105],[-0.253668,46.360563],[-0.254435,46.359105],[-0.255495,46.359188],[-0.256524,46.35793],[-0.257581,46.357955],[-0.257932,46.358502],[-0.260134,46.358317],[-0.260173,46.357776],[-0.260775,46.356772],[-0.260635,46.35655],[-0.2612,46.356132],[-0.261804,46.355173],[-0.256444,46.35183],[-0.256161,46.351341],[-0.254826,46.350607],[-0.252942,46.349255],[-0.253563,46.348655],[-0.255987,46.344954],[-0.256426,46.344629],[-0.259108,46.343622],[-0.259903,46.342569],[-0.261448,46.339696],[-0.264147,46.340361],[-0.265149,46.338485],[-0.268511,46.335355],[-0.273457,46.33424],[-0.274539,46.335197],[-0.274627,46.335941],[-0.273999,46.338815],[-0.273482,46.34014],[-0.27614,46.340696],[-0.282897,46.341481],[-0.285804,46.341291],[-0.290721,46.340417],[-0.294952,46.340986],[-0.299568,46.340863],[-0.303587,46.340498],[-0.309322,46.340449],[-0.310419,46.337566],[-0.310065,46.335552],[-0.310948,46.334274],[-0.309455,46.333608],[-0.308365,46.329802],[-0.30836,46.328995],[-0.308888,46.32813],[-0.308817,46.327956],[-0.309803,46.326729],[-0.30991,46.326132],[-0.310427,46.325918],[-0.311565,46.32489],[-0.313122,46.324265],[-0.314911,46.324797],[-0.315108,46.325086],[-0.316335,46.325643],[-0.316672,46.325957],[-0.317922,46.326039],[-0.318693,46.325727],[-0.319414,46.325899],[-0.32007,46.326535],[-0.320309,46.327118],[-0.320274,46.327741],[-0.320977,46.327909],[-0.321378,46.328377],[-0.322851,46.327864],[-0.325217,46.327814],[-0.326024,46.327462],[-0.326894,46.327333],[-0.327049,46.328018],[-0.327374,46.328284],[-0.326403,46.328757],[-0.326364,46.3296],[-0.326722,46.330396],[-0.328557,46.330344],[-0.330588,46.329284],[-0.332689,46.329375],[-0.333603,46.328969],[-0.334716,46.33084],[-0.335689,46.330149],[-0.337556,46.32927],[-0.338562,46.329758],[-0.340079,46.330217],[-0.343628,46.331034],[-0.344427,46.33142],[-0.345174,46.332078],[-0.345401,46.332128],[-0.345765,46.331889],[-0.346949,46.332494],[-0.34618,46.333123],[-0.34424,46.334153],[-0.343887,46.335086],[-0.342577,46.336141],[-0.34117,46.338531],[-0.340655,46.339005],[-0.342856,46.339109],[-0.346824,46.3405],[-0.347407,46.340487],[-0.351543,46.341691],[-0.350084,46.34348],[-0.349087,46.34418],[-0.349785,46.344551],[-0.350086,46.345229],[-0.35134,46.346258],[-0.353485,46.347371],[-0.353413,46.347685],[-0.353617,46.347757],[-0.352329,46.349328],[-0.348716,46.349863],[-0.34815,46.351765],[-0.349039,46.352317],[-0.349478,46.35293],[-0.350184,46.35301],[-0.353789,46.354356],[-0.35133,46.356733],[-0.351337,46.356868],[-0.352939,46.357731],[-0.351996,46.358383],[-0.35001,46.360276],[-0.349454,46.360874],[-0.349058,46.361688],[-0.352865,46.362229],[-0.354954,46.36288],[-0.353616,46.364826],[-0.354874,46.365291],[-0.35544,46.364918],[-0.35684,46.365605],[-0.356665,46.366014],[-0.358684,46.366908],[-0.357399,46.368603],[-0.354895,46.3711],[-0.353452,46.371658],[-0.355894,46.37272],[-0.357328,46.37409],[-0.355489,46.376395],[-0.354897,46.376274],[-0.354155,46.377056],[-0.353317,46.379757],[-0.352701,46.379668],[-0.35213,46.382122],[-0.353284,46.382222],[-0.357417,46.381876],[-0.359501,46.382713],[-0.360791,46.38372],[-0.361188,46.384508],[-0.36165,46.384378],[-0.362389,46.384894],[-0.364361,46.385669],[-0.365298,46.386649],[-0.366037,46.388432],[-0.367708,46.389338],[-0.367654,46.389564],[-0.368259,46.389954],[-0.368141,46.390182],[-0.364701,46.392597],[-0.365276,46.393348],[-0.364139,46.394534],[-0.361681,46.395379],[-0.358892,46.398703],[-0.358106,46.399123]]]}},{"type":"Feature","properties":{"uai_primary":"0790966W","uai_all":"0790966W","is_merged":false},"geometry":{"type":"Polygon","coordinates":[[[-0.584926,46.648915],[-0.585253,46.64879],[-0.585381,46.64894],[-0.585999,46.649027],[-0.588337,46.650313],[-0.59147,46.647433],[-0.593962,46.648821],[-0.595774,46.646775],[-0.597802,46.644929],[-0.598417,46.64506],[-0.599652,46.645668],[-0.599868,46.64652],[-0.600319,46.647005],[-0.603402,46.64839],[-0.603761,46.648356],[-0.606585,46.652022],[-0.610214,46.654328],[-0.612508,46.655458],[-0.613791,46.655923],[-0.621922,46.658164],[-0.624238,46.65895],[-0.626462,46.659165],[-0.630052,46.660933],[-0.63317,46.661635],[-0.636614,46.663287],[-0.641212,46.663782],[-0.643186,46.665329],[-0.644934,46.668206],[-0.646802,46.670149],[-0.650315,46.672295],[-0.651696,46.673518],[-0.653338,46.674119],[-0.655223,46.675076],[-0.659084,46.677392],[-0.665758,46.680238],[-0.670124,46.681466],[-0.672902,46.68375],[-0.673817,46.684312],[-0.675017,46.684536],[-0.675756,46.684918],[-0.676884,46.685221],[-0.681084,46.686983],[-0.679886,46.687917],[-0.678254,46.688158],[-0.676694,46.689252],[-0.675795,46.689995],[-0.67526,46.690691],[-0.674329,46.691334],[-0.672565,46.691846],[-0.672265,46.69226],[-0.671799,46.69224],[-0.67037,46.69332],[-0.669542,46.693515],[-0.668317,46.694185],[-0.667346,46.69444],[-0.667069,46.694703],[-0.665618,46.69514],[-0.664334,46.695874],[-0.663465,46.696758],[-0.661607,46.697943],[-0.661047,46.6985],[-0.660572,46.698601],[-0.660275,46.698912],[-0.659368,46.699071],[-0.657942,46.699591],[-0.65718,46.700054],[-0.655417,46.700512],[-0.653274,46.700447],[-0.649914,46.699091],[-0.648635,46.69904],[-0.64845,46.699277],[-0.646068,46.700033],[-0.64558,46.699998],[-0.644421,46.700456],[-0.642244,46.700817],[-0.641536,46.700772],[-0.641203,46.700968],[-0.641102,46.701388],[-0.640745,46.701562],[-0.639676,46.701964],[-0.638465,46.702183],[-0.63743,46.702745],[-0.636229,46.702635],[-0.63254,46.702804],[-0.630946,46.70349],[-0.628432,46.703584],[-0.628414,46.704151],[-0.627003,46.704667],[-0.627099,46.704995],[-0.626699,46.705525],[-0.626291,46.707494],[-0.625308,46.708547],[-0.625028,46.709319],[-0.624576,46.709392],[-0.624696,46.709768],[-0.624455,46.710146],[-0.623943,46.710312],[-0.623559,46.710918],[-0.623144,46.710964],[-0.622339,46.711836],[-0.621234,46.712048],[-0.621345,46.712232],[-0.621104,46.71275],[-0.620632,46.712762],[-0.620332,46.713157],[-0.620169,46.713126],[-0.620174,46.712858],[-0.619591,46.712903],[-0.619646,46.713217],[-0.619474,46.713346],[-0.618556,46.71313],[-0.617343,46.713692],[-0.616062,46.71359],[-0.615873,46.713858],[-0.614694,46.71384],[-0.614421,46.714085],[-0.614119,46.714017],[-0.613851,46.714305],[-0.613577,46.714109],[-0.613021,46.714202],[-0.612646,46.714794],[-0.612275,46.714888],[-0.611746,46.714499],[-0.6116,46.714703],[-0.610559,46.714839],[-0.609904,46.715225],[-0.60927,46.715159],[-0.608982,46.715555],[-0.60824,46.715531],[-0.607954,46.715674],[-0.606924,46.716772],[-0.607217,46.717599],[-0.607677,46.71817],[-0.607541,46.718588],[-0.610052,46.721528],[-0.611547,46.722554],[-0.612236,46.722763],[-0.613886,46.72413],[-0.614397,46.724244],[-0.6155,46.72411],[-0.617126,46.724972],[-0.617673,46.725015],[-0.617841,46.725611],[-0.618295,46.726013],[-0.618257,46.727053],[-0.618631,46.727365],[-0.618528,46.728438],[-0.618402,46.728632],[-0.617995,46.728598],[-0.617392,46.728972],[-0.617272,46.729924],[-0.616714,46.730074],[-0.616,46.730589],[-0.615976,46.730761],[-0.616258,46.730948],[-0.616028,46.731129],[-0.615659,46.732788],[-0.61524,46.733091],[-0.61508,46.733532],[-0.615339,46.734106],[-0.616799,46.73436],[-0.616577,46.735272],[-0.617226,46.735595],[-0.61754,46.735477],[-0.61796,46.735646],[-0.618089,46.736008],[-0.617712,46.736239],[-0.617879,46.737835],[-0.618147,46.738232],[-0.619208,46.738658],[-0.619567,46.739103],[-0.618968,46.741163],[-0.619187,46.741502],[-0.619761,46.741816],[-0.619656,46.742182],[-0.619252,46.742434],[-0.619877,46.742848],[-0.618862,46.743137],[-0.618419,46.743734],[-0.618505,46.744271],[-0.618105,46.744769],[-0.618438,46.74518],[-0.618134,46.745644],[-0.618549,46.745915],[-0.620349,46.746499],[-0.621682,46.747427],[-0.621825,46.747666],[-0.621498,46.748054],[-0.622101,46.748205],[-0.622118,46.749032],[-0.62238,46.749108],[-0.622638,46.750091],[-0.623465,46.75128],[-0.624309,46.751838],[-0.624631,46.752333],[-0.625216,46.752639],[-0.625516,46.752333],[-0.626585,46.752792],[-0.626686,46.753048],[-0.626423,46.75319],[-0.627033,46.753778],[-0.626632,46.754296],[-0.626678,46.754826],[-0.627024,46.755103],[-0.626782,46.755502],[-0.62727,46.756121],[-0.627863,46.755894],[-0.629447,46.757011],[-0.630148,46.757012],[-0.630568,46.756482],[-0.631617,46.756705],[-0.631768,46.757566],[-0.632114,46.757992],[-0.632101,46.759054],[-0.632292,46.759572],[-0.631659,46.760903],[-0.632317,46.761698],[-0.632044,46.762109],[-0.63153,46.762219],[-0.631805,46.76249],[-0.631728,46.762889],[-0.632102,46.763505],[-0.632521,46.763462],[-0.633623,46.763874],[-0.633538,46.764218],[-0.633885,46.765384],[-0.633352,46.765842],[-0.634536,46.765997],[-0.635124,46.765759],[-0.635387,46.766052],[-0.635379,46.766578],[-0.635678,46.767106],[-0.63674,46.767051],[-0.636888,46.767362],[-0.637747,46.767519],[-0.637825,46.767743],[-0.638221,46.767777],[-0.638363,46.767999],[-0.638191,46.768453],[-0.639128,46.768789],[-0.639122,46.769361],[-0.638484,46.7692],[-0.637622,46.769335],[-0.637505,46.768842],[-0.635869,46.768597],[-0.63493,46.767778],[-0.634391,46.767691],[-0.633775,46.767837],[-0.632992,46.767362],[-0.632619,46.767479],[-0.63167,46.768504],[-0.631632,46.768764],[-0.631351,46.768792],[-0.631194,46.769231],[-0.630349,46.769193],[-0.630103,46.769476],[-0.630143,46.769793],[-0.628707,46.769859],[-0.626887,46.770189],[-0.626159,46.770577],[-0.62569,46.769755],[-0.625572,46.769048],[-0.624338,46.769084],[-0.623304,46.769335],[-0.622477,46.769806],[-0.621291,46.770872],[-0.619873,46.772484],[-0.619556,46.772673],[-0.618709,46.772785],[-0.617625,46.773308],[-0.613219,46.773772],[-0.61285,46.773743],[-0.612621,46.773535],[-0.612151,46.773662],[-0.61178,46.773378],[-0.61144,46.773652],[-0.611227,46.77355],[-0.610862,46.773638],[-0.610897,46.773903],[-0.610481,46.773982],[-0.609362,46.773636],[-0.609405,46.773838],[-0.609139,46.773954],[-0.608565,46.773647],[-0.606449,46.774527],[-0.605972,46.774559],[-0.60395,46.773712],[-0.603415,46.773012],[-0.60214,46.772414],[-0.60046,46.772237],[-0.59816,46.772823],[-0.596093,46.772036],[-0.595364,46.771313],[-0.596784,46.7707],[-0.597273,46.77018],[-0.597611,46.76882],[-0.59748,46.768433],[-0.597672,46.766954],[-0.597363,46.765793],[-0.59806,46.765349],[-0.597527,46.765183],[-0.596611,46.763991],[-0.596661,46.763719],[-0.595206,46.762839],[-0.593672,46.762626],[-0.592804,46.762701],[-0.591314,46.763189],[-0.589383,46.763591],[-0.587614,46.763591],[-0.587404,46.763326],[-0.587902,46.763149],[-0.587876,46.762699],[-0.586222,46.762051],[-0.585713,46.762334],[-0.58531,46.762164],[-0.585393,46.761262],[-0.584091,46.760215],[-0.583639,46.760316],[-0.582582,46.7585],[-0.582674,46.758226],[-0.582283,46.75828],[-0.582015,46.758069],[-0.581199,46.758395],[-0.580757,46.759112],[-0.580282,46.75946],[-0.579302,46.759765],[-0.57895,46.76018],[-0.578061,46.760144],[-0.576707,46.760539],[-0.57613,46.760778],[-0.576087,46.761157],[-0.575431,46.761533],[-0.574597,46.761659],[-0.573303,46.760772],[-0.572043,46.761099],[-0.568719,46.760327],[-0.565305,46.760589],[-0.563048,46.760428],[-0.561319,46.759399],[-0.560393,46.759242],[-0.559808,46.758837],[-0.557174,46.759054],[-0.555836,46.758814],[-0.55471,46.758165],[-0.554716,46.758011],[-0.553351,46.758472],[-0.551711,46.759395],[-0.549753,46.759871],[-0.544385,46.760434],[-0.538131,46.761793],[-0.53674,46.761632],[-0.535269,46.761268],[-0.526617,46.765779],[-0.527025,46.766115],[-0.52638,46.767197],[-0.528282,46.768073],[-0.527164,46.768754],[-0.525924,46.769073],[-0.525318,46.769473],[-0.525501,46.770543],[-0.526674,46.772183],[-0.525483,46.774283],[-0.525115,46.77458],[-0.525188,46.774892],[-0.526103,46.775367],[-0.52581,46.775866],[-0.526134,46.778106],[-0.525755,46.778233],[-0.523373,46.778358],[-0.520439,46.77952],[-0.518452,46.779796],[-0.516855,46.779727],[-0.516394,46.780995],[-0.515527,46.781847],[-0.515336,46.782503],[-0.513424,46.784436],[-0.513202,46.786011],[-0.512755,46.787357],[-0.510041,46.78586],[-0.508941,46.785827],[-0.508166,46.786084],[-0.507602,46.785719],[-0.507898,46.785462],[-0.506866,46.784925],[-0.505639,46.783844],[-0.503161,46.785416],[-0.501282,46.787328],[-0.499424,46.786879],[-0.499391,46.786249],[-0.499573,46.785975],[-0.499428,46.785236],[-0.498558,46.786001],[-0.495705,46.784446],[-0.492779,46.787019],[-0.49227,46.787911],[-0.491942,46.787918],[-0.489847,46.787105],[-0.489367,46.786825],[-0.488631,46.78602],[-0.486642,46.786735],[-0.480364,46.785704],[-0.478153,46.784863],[-0.476613,46.784661],[-0.476496,46.783671],[-0.474536,46.78431],[-0.471211,46.784514],[-0.470384,46.784956],[-0.468973,46.785169],[-0.467661,46.785597],[-0.466654,46.786208],[-0.466489,46.786115],[-0.46647,46.784754],[-0.465183,46.783192],[-0.464288,46.782469],[-0.467454,46.782699],[-0.470673,46.781825],[-0.471108,46.781083],[-0.469149,46.780603],[-0.469691,46.77969],[-0.470606,46.779623],[-0.470524,46.779309],[-0.471393,46.77889],[-0.47084,46.778614],[-0.470897,46.776949],[-0.470062,46.776333],[-0.47021,46.775806],[-0.471789,46.776225],[-0.472098,46.775951],[-0.473178,46.775814],[-0.473243,46.775315],[-0.476004,46.775142],[-0.476928,46.776498],[-0.477228,46.776342],[-0.477128,46.775276],[-0.478219,46.774844],[-0.479297,46.775007],[-0.479694,46.774712],[-0.480874,46.772978],[-0.477756,46.772245],[-0.476772,46.770963],[-0.477681,46.770327],[-0.479098,46.770299],[-0.481596,46.769598],[-0.48144,46.768778],[-0.482476,46.768527],[-0.482548,46.767953],[-0.481606,46.767256],[-0.481416,46.766352],[-0.4804,46.766418],[-0.480498,46.764525],[-0.480882,46.764162],[-0.480663,46.763525],[-0.480316,46.763219],[-0.479504,46.763136],[-0.47788,46.763673],[-0.476871,46.763424],[-0.475178,46.763604],[-0.474618,46.763788],[-0.474187,46.764169],[-0.473679,46.76426],[-0.472472,46.764198],[-0.471519,46.763892],[-0.47037,46.764078],[-0.468343,46.764068],[-0.467893,46.762014],[-0.467529,46.761613],[-0.466614,46.759555],[-0.466023,46.759524],[-0.465818,46.759349],[-0.465101,46.759412],[-0.464619,46.758973],[-0.462335,46.758588],[-0.461394,46.757833],[-0.460912,46.758171],[-0.460095,46.757599],[-0.46014,46.757406],[-0.459814,46.757375],[-0.457355,46.758195],[-0.457351,46.758581],[-0.456935,46.759009],[-0.455494,46.759809],[-0.45538,46.760613],[-0.453576,46.760922],[-0.452196,46.762305],[-0.451695,46.762586],[-0.450986,46.762654],[-0.450305,46.762069],[-0.449786,46.762172],[-0.448786,46.761966],[-0.447178,46.761011],[-0.445589,46.760291],[-0.444933,46.759499],[-0.443934,46.759209],[-0.442634,46.758115],[-0.442088,46.757984],[-0.441935,46.758954],[-0.440941,46.758135],[-0.43901,46.757116],[-0.438187,46.756077],[-0.437991,46.754243],[-0.437065,46.754758],[-0.436608,46.755286],[-0.435634,46.755245],[-0.434803,46.756233],[-0.432975,46.756826],[-0.430457,46.758315],[-0.430465,46.756662],[-0.429646,46.75595],[-0.428864,46.755652],[-0.42886,46.754514],[-0.430197,46.753168],[-0.432208,46.751954],[-0.432065,46.751727],[-0.432305,46.751021],[-0.43177,46.75062],[-0.431483,46.749783],[-0.432021,46.748783],[-0.430749,46.748591],[-0.429286,46.748131],[-0.426377,46.748877],[-0.426228,46.74852],[-0.426543,46.748288],[-0.425501,46.747098],[-0.42569,46.746958],[-0.42495,46.745915],[-0.42409,46.747263],[-0.422393,46.747802],[-0.421309,46.748369],[-0.41711,46.752071],[-0.416603,46.752839],[-0.415992,46.753298],[-0.416006,46.753575],[-0.41426,46.754733],[-0.412605,46.755407],[-0.412002,46.755488],[-0.410534,46.755296],[-0.408623,46.754323],[-0.406179,46.7541],[-0.403984,46.753194],[-0.401946,46.752896],[-0.400665,46.75221],[-0.39998,46.752457],[-0.399861,46.752637],[-0.400128,46.752811],[-0.400336,46.753652],[-0.400281,46.753997],[-0.399941,46.754289],[-0.400006,46.754738],[-0.399696,46.755058],[-0.400011,46.755148],[-0.399854,46.755605],[-0.400365,46.756168],[-0.400619,46.757224],[-0.401049,46.757632],[-0.401538,46.757783],[-0.402417,46.758841],[-0.402477,46.759229],[-0.402756,46.759399],[-0.402735,46.759851],[-0.403222,46.760279],[-0.403081,46.760539],[-0.401598,46.759915],[-0.399464,46.759762],[-0.395743,46.76012],[-0.392971,46.761071],[-0.391662,46.761101],[-0.390528,46.760815],[-0.389934,46.760922],[-0.389429,46.760792],[-0.388841,46.760093],[-0.38787,46.760103],[-0.386392,46.759188],[-0.386227,46.759034],[-0.386329,46.758839],[-0.38576,46.758511],[-0.385429,46.758019],[-0.385387,46.757004],[-0.384033,46.756922],[-0.383647,46.756703],[-0.383158,46.756039],[-0.38246,46.756042],[-0.380709,46.755598],[-0.380042,46.754991],[-0.379707,46.754891],[-0.377597,46.752852],[-0.377268,46.751647],[-0.376565,46.750644],[-0.375918,46.750152],[-0.374029,46.749855],[-0.373806,46.74949],[-0.372702,46.748869],[-0.372118,46.748851],[-0.371907,46.74851],[-0.370593,46.747613],[-0.369842,46.74679],[-0.369692,46.746235],[-0.368353,46.744368],[-0.367451,46.743987],[-0.366948,46.743321],[-0.367078,46.741879],[-0.366077,46.740419],[-0.366078,46.739475],[-0.366864,46.738366],[-0.369277,46.736143],[-0.37122,46.733857],[-0.374875,46.731877],[-0.373728,46.730603],[-0.37481,46.728686],[-0.374443,46.727885],[-0.374111,46.727803],[-0.374082,46.727219],[-0.376604,46.724008],[-0.378048,46.722758],[-0.375323,46.722624],[-0.376095,46.720374],[-0.374372,46.719966],[-0.373833,46.719663],[-0.373409,46.719043],[-0.372797,46.717241],[-0.372642,46.714831],[-0.371829,46.712563],[-0.372026,46.711385],[-0.371005,46.710084],[-0.370148,46.709405],[-0.369689,46.707473],[-0.374221,46.705205],[-0.375049,46.705454],[-0.380381,46.702633],[-0.380707,46.701745],[-0.379508,46.700275],[-0.377319,46.698685],[-0.377872,46.698412],[-0.377991,46.697936],[-0.379437,46.69723],[-0.381651,46.69581],[-0.382595,46.694976],[-0.385282,46.693747],[-0.392367,46.691182],[-0.395442,46.690458],[-0.397435,46.690195],[-0.39873,46.689362],[-0.403178,46.688812],[-0.403762,46.688363],[-0.404096,46.688358],[-0.404214,46.688145],[-0.405094,46.687669],[-0.405089,46.687502],[-0.405457,46.687468],[-0.406068,46.687933],[-0.407158,46.688204],[-0.409027,46.687413],[-0.409297,46.687531],[-0.410578,46.687376],[-0.411879,46.68649],[-0.412085,46.68673],[-0.411985,46.687323],[-0.412207,46.688467],[-0.411269,46.690166],[-0.411032,46.691708],[-0.409456,46.697129],[-0.412449,46.697809],[-0.41428,46.698492],[-0.41545,46.699128],[-0.416496,46.699934],[-0.416613,46.699775],[-0.417167,46.700059],[-0.418176,46.700069],[-0.421245,46.699371],[-0.421565,46.699525],[-0.424757,46.701662],[-0.425941,46.70422],[-0.427059,46.704811],[-0.427705,46.705382],[-0.428691,46.705264],[-0.429921,46.706771],[-0.431194,46.707033],[-0.432383,46.707751],[-0.432629,46.70862],[-0.432341,46.709392],[-0.431421,46.709981],[-0.431391,46.710717],[-0.4318,46.711093],[-0.432699,46.711403],[-0.432948,46.711285],[-0.436508,46.71258],[-0.439416,46.712037],[-0.440947,46.711344],[-0.443366,46.709032],[-0.444048,46.708189],[-0.444066,46.707782],[-0.444929,46.70723],[-0.446517,46.707474],[-0.447682,46.70745],[-0.448623,46.707143],[-0.449206,46.707114],[-0.453052,46.707214],[-0.455069,46.707014],[-0.456245,46.707245],[-0.457375,46.707255],[-0.460085,46.70604],[-0.461382,46.70562],[-0.463243,46.704653],[-0.464935,46.704481],[-0.468692,46.704584],[-0.469468,46.705105],[-0.470636,46.705553],[-0.472029,46.70571],[-0.474389,46.705025],[-0.474235,46.703373],[-0.474452,46.702512],[-0.475938,46.699916],[-0.476265,46.698792],[-0.477579,46.698474],[-0.478439,46.698678],[-0.480934,46.696321],[-0.481027,46.695598],[-0.482573,46.693895],[-0.483678,46.693732],[-0.484685,46.692987],[-0.485719,46.691476],[-0.486663,46.690778],[-0.488506,46.689944],[-0.488434,46.689368],[-0.489229,46.687293],[-0.489734,46.686966],[-0.489886,46.686107],[-0.490711,46.685636],[-0.490261,46.684522],[-0.490729,46.683475],[-0.490351,46.682494],[-0.490449,46.681862],[-0.491486,46.680229],[-0.491679,46.680102],[-0.492056,46.680381],[-0.492686,46.679601],[-0.493525,46.679399],[-0.493931,46.678399],[-0.494244,46.677179],[-0.492959,46.676677],[-0.493162,46.676213],[-0.493854,46.6757],[-0.495032,46.675716],[-0.495386,46.674987],[-0.49635,46.674292],[-0.498049,46.673533],[-0.498982,46.672644],[-0.500152,46.671928],[-0.500547,46.671934],[-0.500789,46.671778],[-0.500724,46.671606],[-0.499891,46.671442],[-0.498394,46.67033],[-0.496957,46.669834],[-0.494674,46.668288],[-0.493629,46.668558],[-0.492884,46.668387],[-0.490218,46.667183],[-0.488679,46.668299],[-0.488376,46.669714],[-0.487071,46.668532],[-0.485919,46.667749],[-0.48391,46.666854],[-0.484615,46.666373],[-0.485381,46.665404],[-0.489597,46.663509],[-0.489886,46.662358],[-0.488956,46.660759],[-0.48913,46.659697],[-0.489341,46.659232],[-0.490122,46.658835],[-0.490655,46.658212],[-0.492581,46.657082],[-0.492946,46.65652],[-0.492567,46.654771],[-0.492768,46.6539],[-0.493086,46.653833],[-0.493481,46.653422],[-0.494497,46.653169],[-0.496295,46.652203],[-0.496903,46.652063],[-0.49777,46.651423],[-0.498912,46.650987],[-0.498586,46.650761],[-0.498318,46.648878],[-0.497899,46.648305],[-0.493317,46.650272],[-0.492333,46.650963],[-0.485736,46.648571],[-0.485259,46.648173],[-0.484031,46.64645],[-0.482922,46.646623],[-0.482534,46.646214],[-0.482963,46.645965],[-0.485075,46.64514],[-0.486242,46.64522],[-0.488358,46.644887],[-0.488787,46.64458],[-0.488744,46.644389],[-0.48925,46.64439],[-0.489464,46.644175],[-0.49032,46.64399],[-0.490926,46.643389],[-0.491997,46.643049],[-0.495568,46.642514],[-0.497785,46.642394],[-0.499954,46.641517],[-0.501035,46.641527],[-0.501881,46.641882],[-0.502868,46.641938],[-0.503567,46.641657],[-0.504674,46.64148],[-0.507194,46.641304],[-0.508798,46.641592],[-0.511042,46.642433],[-0.511674,46.643181],[-0.512148,46.643301],[-0.512248,46.643217],[-0.512603,46.643508],[-0.513972,46.64522],[-0.514167,46.646311],[-0.513869,46.646484],[-0.514109,46.646501],[-0.514214,46.646943],[-0.515072,46.647138],[-0.515264,46.647593],[-0.516125,46.647515],[-0.517477,46.647962],[-0.51818,46.648318],[-0.518602,46.648776],[-0.519812,46.649255],[-0.520603,46.649989],[-0.520425,46.650654],[-0.52139,46.651262],[-0.522397,46.651339],[-0.522809,46.651811],[-0.525079,46.65176],[-0.525904,46.652048],[-0.526262,46.652403],[-0.52697,46.652697],[-0.527306,46.653091],[-0.527356,46.653486],[-0.526969,46.65368],[-0.526874,46.654414],[-0.527335,46.654782],[-0.527264,46.655071],[-0.52773,46.655093],[-0.527715,46.655541],[-0.528848,46.65618],[-0.528836,46.656749],[-0.528432,46.657093],[-0.52823,46.657761],[-0.528871,46.658351],[-0.529801,46.658383],[-0.530549,46.658986],[-0.531176,46.659052],[-0.531227,46.660222],[-0.530952,46.660413],[-0.531632,46.66096],[-0.531979,46.66105],[-0.532789,46.660886],[-0.532784,46.661279],[-0.533164,46.661202],[-0.534032,46.661384],[-0.534175,46.661605],[-0.534589,46.661725],[-0.535178,46.662661],[-0.535101,46.662967],[-0.53618,46.663351],[-0.536104,46.663762],[-0.536363,46.664262],[-0.536059,46.66462],[-0.536511,46.664932],[-0.536617,46.665417],[-0.536287,46.665511],[-0.536254,46.66585],[-0.536513,46.665916],[-0.536546,46.666172],[-0.537366,46.666286],[-0.537845,46.666678],[-0.537802,46.667084],[-0.538053,46.667583],[-0.538391,46.667799],[-0.539062,46.667557],[-0.540126,46.667746],[-0.540261,46.667833],[-0.540024,46.668226],[-0.540145,46.668341],[-0.541744,46.669331],[-0.542574,46.66953],[-0.542647,46.669663],[-0.541887,46.670133],[-0.542494,46.670477],[-0.542377,46.67075],[-0.542908,46.670872],[-0.542933,46.671367],[-0.542486,46.671558],[-0.542696,46.672321],[-0.543334,46.672549],[-0.543736,46.672354],[-0.543989,46.672472],[-0.545053,46.674329],[-0.545656,46.674584],[-0.545866,46.674849],[-0.545122,46.675095],[-0.545124,46.675322],[-0.545757,46.676169],[-0.545978,46.675949],[-0.546118,46.67602],[-0.545996,46.676638],[-0.546278,46.677291],[-0.547944,46.678677],[-0.548048,46.677877],[-0.548892,46.677119],[-0.551742,46.67344],[-0.554109,46.671219],[-0.556467,46.670079],[-0.558717,46.669347],[-0.560114,46.668591],[-0.561856,46.668142],[-0.561051,46.666542],[-0.560203,46.665348],[-0.559795,46.665088],[-0.557401,46.664339],[-0.557253,46.663147],[-0.556891,46.662757],[-0.556227,46.662495],[-0.556152,46.662075],[-0.556419,46.661654],[-0.556322,46.659564],[-0.555428,46.658505],[-0.555003,46.658419],[-0.555639,46.657487],[-0.557162,46.656958],[-0.558411,46.65625],[-0.560024,46.654285],[-0.561559,46.654002],[-0.563533,46.652584],[-0.565825,46.651548],[-0.567056,46.650709],[-0.568467,46.651228],[-0.570179,46.651454],[-0.572933,46.652337],[-0.574512,46.653898],[-0.575285,46.65422],[-0.57623,46.654306],[-0.577586,46.654101],[-0.580591,46.652565],[-0.580348,46.65214],[-0.580525,46.651776],[-0.5814,46.651033],[-0.582231,46.650697],[-0.583265,46.650961],[-0.583428,46.650866],[-0.583788,46.650494],[-0.583874,46.649644],[-0.584212,46.649281],[-0.584926,46.648915]]]}},{"type":"Feature","properties":{"uai_primary":"0790978J","uai_all":"0790978J","is_merged":false},"geometry":{"type":"Polygon","coordinates":[[[-0.213793,46.337125],[-0.217201,46.336792],[-0.21774,46.336612],[-0.218918,46.336903],[-0.21998,46.336981],[-0.220039,46.337894],[-0.220249,46.338203],[-0.220845,46.33846],[-0.222207,46.338622],[-0.222104,46.339332],[-0.221595,46.339791],[-0.223051,46.340888],[-0.223551,46.341064],[-0.224282,46.341039],[-0.225862,46.342259],[-0.227426,46.34151],[-0.229325,46.340945],[-0.230711,46.340138],[-0.231169,46.34156],[-0.233538,46.344297],[-0.233217,46.345941],[-0.23383,46.346952],[-0.234069,46.347069],[-0.23527,46.34672],[-0.236973,46.346825],[-0.240007,46.346612],[-0.242113,46.347323],[-0.24559,46.347842],[-0.246022,46.347793],[-0.247335,46.346877],[-0.249063,46.348818],[-0.250498,46.347972],[-0.251555,46.34879],[-0.252942,46.349255],[-0.254826,46.350607],[-0.256161,46.351341],[-0.256444,46.35183],[-0.261804,46.355173],[-0.2612,46.356132],[-0.260635,46.35655],[-0.260775,46.356772],[-0.260173,46.357776],[-0.260134,46.358317],[-0.257932,46.358502],[-0.257581,46.357955],[-0.256524,46.35793],[-0.255495,46.359188],[-0.254435,46.359105],[-0.253668,46.360563],[-0.252868,46.36105],[-0.252596,46.361494],[-0.252762,46.361692],[-0.253466,46.361728],[-0.253752,46.361905],[-0.253984,46.362498],[-0.254888,46.363648],[-0.25198,46.364535],[-0.251866,46.364897],[-0.250002,46.365345],[-0.249949,46.365616],[-0.248337,46.365878],[-0.248379,46.366777],[-0.242075,46.369576],[-0.240178,46.370699],[-0.239531,46.370759],[-0.239035,46.371266],[-0.238804,46.371901],[-0.236935,46.373768],[-0.235394,46.374596],[-0.235488,46.374676],[-0.234915,46.375068],[-0.235183,46.375169],[-0.234908,46.375562],[-0.23313,46.375422],[-0.233105,46.37561],[-0.233863,46.376169],[-0.23307,46.376802],[-0.233772,46.377046],[-0.233059,46.378288],[-0.234105,46.379793],[-0.234579,46.380188],[-0.237374,46.38152],[-0.236937,46.381891],[-0.237595,46.382056],[-0.23764,46.382281],[-0.236348,46.382716],[-0.240138,46.384679],[-0.241181,46.384989],[-0.241987,46.385024],[-0.242287,46.385287],[-0.242101,46.385633],[-0.242466,46.38604],[-0.243411,46.386594],[-0.242719,46.386722],[-0.242025,46.387251],[-0.241416,46.387485],[-0.238015,46.387472],[-0.232176,46.389467],[-0.230314,46.39051],[-0.226672,46.391378],[-0.226016,46.391416],[-0.224882,46.391875],[-0.222873,46.394725],[-0.222086,46.396326],[-0.221964,46.398676],[-0.222496,46.399761],[-0.222129,46.40041],[-0.221283,46.401077],[-0.220415,46.401473],[-0.219033,46.40118],[-0.21746,46.400521],[-0.217016,46.400473],[-0.215999,46.401018],[-0.215355,46.401683],[-0.215271,46.40268],[-0.216501,46.403939],[-0.216854,46.404958],[-0.21835,46.403938],[-0.218966,46.404492],[-0.219662,46.405955],[-0.219933,46.406174],[-0.220512,46.406026],[-0.221822,46.407616],[-0.222436,46.40751],[-0.223201,46.407593],[-0.223335,46.408082],[-0.222278,46.410291],[-0.222462,46.410524],[-0.22208,46.411734],[-0.226961,46.412535],[-0.231242,46.414882],[-0.232953,46.415478],[-0.23716,46.416309],[-0.238398,46.41584],[-0.239365,46.415188],[-0.241444,46.415208],[-0.243158,46.414597],[-0.243974,46.415298],[-0.244558,46.415045],[-0.245089,46.415517],[-0.245895,46.415176],[-0.246658,46.415425],[-0.247191,46.415404],[-0.247134,46.415022],[-0.24835,46.414704],[-0.249898,46.414565],[-0.253099,46.414421],[-0.254482,46.414809],[-0.256828,46.414857],[-0.256707,46.415863],[-0.257005,46.418299],[-0.258331,46.418803],[-0.257982,46.419429],[-0.258448,46.419724],[-0.259352,46.419899],[-0.259288,46.420218],[-0.259827,46.420417],[-0.260183,46.420328],[-0.260535,46.419881],[-0.261269,46.420073],[-0.261341,46.420305],[-0.261728,46.420316],[-0.262125,46.419883],[-0.262841,46.420047],[-0.262998,46.419716],[-0.263614,46.419479],[-0.264461,46.419607],[-0.264972,46.419262],[-0.26584,46.419108],[-0.266486,46.419144],[-0.267082,46.419437],[-0.267455,46.419396],[-0.267773,46.41921],[-0.268009,46.418561],[-0.268613,46.418394],[-0.268569,46.418011],[-0.269259,46.418215],[-0.270579,46.417619],[-0.27197,46.417384],[-0.272789,46.418774],[-0.273346,46.419363],[-0.271029,46.420676],[-0.276463,46.424097],[-0.275893,46.42465],[-0.278372,46.426898],[-0.279251,46.426747],[-0.280177,46.427609],[-0.28132,46.428132],[-0.281421,46.428308],[-0.282003,46.428458],[-0.281068,46.429634],[-0.279326,46.430572],[-0.277644,46.431072],[-0.276831,46.430622],[-0.274979,46.431091],[-0.274508,46.431724],[-0.273531,46.432507],[-0.273033,46.433293],[-0.272012,46.433593],[-0.270662,46.433009],[-0.271002,46.433723],[-0.268813,46.434112],[-0.262689,46.434539],[-0.260876,46.434497],[-0.259493,46.434183],[-0.25868,46.435169],[-0.25773,46.435954],[-0.25828,46.436351],[-0.257991,46.4366],[-0.258081,46.436776],[-0.259569,46.438147],[-0.259878,46.438836],[-0.259505,46.439287],[-0.260424,46.441088],[-0.257604,46.442002],[-0.255909,46.442207],[-0.253234,46.442973],[-0.251066,46.443871],[-0.247644,46.445983],[-0.246538,46.446428],[-0.247324,46.447187],[-0.246854,46.447746],[-0.24927,46.448631],[-0.250911,46.447331],[-0.252102,46.447709],[-0.252633,46.44728],[-0.25372,46.44782],[-0.254803,46.448613],[-0.25524,46.449348],[-0.256176,46.449867],[-0.255822,46.452043],[-0.255191,46.451934],[-0.253601,46.452311],[-0.252272,46.452829],[-0.251369,46.45285],[-0.24812,46.454323],[-0.247947,46.454603],[-0.247409,46.454862],[-0.2465,46.454862],[-0.24548,46.454422],[-0.244777,46.454515],[-0.244047,46.454832],[-0.243423,46.455829],[-0.243033,46.456045],[-0.242775,46.456028],[-0.241945,46.455433],[-0.240972,46.45513],[-0.240139,46.455171],[-0.239088,46.455542],[-0.238738,46.455752],[-0.23861,46.456095],[-0.237493,46.456661],[-0.237037,46.457161],[-0.236243,46.457452],[-0.236376,46.457758],[-0.236199,46.458573],[-0.235845,46.458621],[-0.235726,46.458989],[-0.235321,46.459074],[-0.23557,46.459276],[-0.235413,46.459556],[-0.23458,46.45991],[-0.234664,46.46035],[-0.233102,46.461472],[-0.232664,46.462088],[-0.229863,46.463081],[-0.22983,46.463453],[-0.229453,46.463445],[-0.229173,46.463717],[-0.228082,46.463597],[-0.227977,46.464152],[-0.22758,46.464528],[-0.227636,46.464899],[-0.227352,46.464982],[-0.226751,46.464795],[-0.22647,46.464858],[-0.223928,46.463741],[-0.223248,46.463226],[-0.22061,46.463008],[-0.220288,46.462702],[-0.2199,46.46261],[-0.220771,46.46097],[-0.220462,46.460653],[-0.219253,46.460017],[-0.218824,46.458845],[-0.21725,46.457589],[-0.217187,46.457051],[-0.216505,46.455705],[-0.213768,46.455057],[-0.21372,46.455418],[-0.213394,46.455425],[-0.212597,46.455083],[-0.210815,46.454778],[-0.209557,46.454204],[-0.208806,46.45344],[-0.208046,46.454023],[-0.206006,46.45473],[-0.205606,46.455349],[-0.205893,46.455924],[-0.206567,46.456234],[-0.208015,46.45652],[-0.208384,46.456941],[-0.207834,46.457375],[-0.205994,46.458305],[-0.205298,46.458304],[-0.204595,46.458022],[-0.204011,46.457972],[-0.203342,46.457995],[-0.202595,46.45841],[-0.202104,46.459585],[-0.203039,46.460917],[-0.203103,46.461501],[-0.202575,46.46231],[-0.200986,46.463431],[-0.20066,46.463856],[-0.200292,46.465217],[-0.200035,46.467854],[-0.199096,46.469027],[-0.198908,46.469182],[-0.195699,46.469256],[-0.192801,46.468351],[-0.191412,46.468432],[-0.189446,46.473088],[-0.188726,46.476163],[-0.188656,46.477953],[-0.188904,46.478343],[-0.18903,46.479343],[-0.188445,46.480467],[-0.188285,46.481235],[-0.188153,46.482588],[-0.18845,46.484787],[-0.188053,46.486056],[-0.187436,46.48699],[-0.18669,46.487424],[-0.186992,46.487682],[-0.183894,46.488583],[-0.181362,46.488991],[-0.180515,46.488069],[-0.180528,46.487528],[-0.17991,46.4874],[-0.179893,46.487091],[-0.179625,46.486974],[-0.179598,46.486355],[-0.178878,46.486275],[-0.17874,46.485789],[-0.178259,46.485423],[-0.178216,46.48514],[-0.177867,46.484933],[-0.177324,46.484938],[-0.176692,46.484602],[-0.176365,46.484011],[-0.175447,46.483607],[-0.175276,46.483135],[-0.172391,46.483196],[-0.169974,46.482124],[-0.169624,46.482384],[-0.169253,46.482026],[-0.168306,46.481865],[-0.167909,46.481902],[-0.16774,46.482116],[-0.166053,46.482331],[-0.165363,46.482677],[-0.164935,46.482584],[-0.16396,46.482847],[-0.160394,46.482863],[-0.157512,46.482231],[-0.156021,46.482365],[-0.155654,46.482522],[-0.155189,46.48129],[-0.155222,46.480569],[-0.156325,46.478263],[-0.155436,46.477644],[-0.154055,46.475014],[-0.154434,46.474781],[-0.154546,46.474373],[-0.154434,46.473341],[-0.15427,46.472623],[-0.1538,46.472319],[-0.153489,46.4712],[-0.153519,46.470434],[-0.154006,46.469704],[-0.153931,46.46948],[-0.152934,46.469053],[-0.151321,46.467963],[-0.152552,46.464965],[-0.153387,46.464722],[-0.153361,46.464137],[-0.152776,46.462755],[-0.153011,46.46077],[-0.152856,46.460233],[-0.152336,46.459748],[-0.152389,46.459421],[-0.153109,46.458458],[-0.153263,46.457258],[-0.153618,46.45701],[-0.15215,46.454382],[-0.151384,46.453667],[-0.151094,46.451411],[-0.151334,46.45104],[-0.151984,46.450665],[-0.151569,46.449651],[-0.151647,46.4485],[-0.151049,46.448665],[-0.150892,46.449003],[-0.149759,46.449334],[-0.148598,46.450395],[-0.148317,46.45106],[-0.147594,46.451038],[-0.146653,46.451694],[-0.146153,46.451818],[-0.145557,46.452272],[-0.145573,46.452673],[-0.145031,46.452896],[-0.144661,46.453488],[-0.143737,46.453768],[-0.142665,46.453711],[-0.140725,46.454624],[-0.140284,46.455134],[-0.138805,46.455135],[-0.138303,46.455567],[-0.137018,46.455557],[-0.136572,46.45626],[-0.135921,46.456582],[-0.135106,46.456592],[-0.134914,46.457013],[-0.134024,46.4573],[-0.132669,46.455319],[-0.130456,46.45422],[-0.128185,46.452731],[-0.127325,46.452356],[-0.127399,46.450931],[-0.127027,46.450428],[-0.122056,46.449848],[-0.122582,46.441647],[-0.123707,46.439045],[-0.123512,46.438745],[-0.123854,46.438617],[-0.124052,46.437079],[-0.12444,46.436517],[-0.124329,46.434102],[-0.125324,46.431374],[-0.127938,46.429226],[-0.127795,46.428959],[-0.127187,46.428675],[-0.12669,46.42769],[-0.127754,46.423639],[-0.128112,46.423126],[-0.128539,46.423096],[-0.129115,46.422238],[-0.128626,46.420097],[-0.127825,46.419454],[-0.128665,46.418665],[-0.129801,46.418654],[-0.131875,46.417034],[-0.132573,46.416803],[-0.132745,46.41657],[-0.132444,46.415695],[-0.132501,46.415257],[-0.132128,46.415132],[-0.13238,46.414599],[-0.132059,46.414152],[-0.131644,46.41406],[-0.130806,46.41437],[-0.128017,46.414919],[-0.127257,46.416003],[-0.126744,46.416097],[-0.127859,46.414127],[-0.127654,46.41306],[-0.129265,46.412504],[-0.130002,46.410637],[-0.130264,46.410452],[-0.132683,46.409892],[-0.134961,46.409616],[-0.136463,46.409276],[-0.137624,46.408648],[-0.139846,46.406597],[-0.140576,46.406628],[-0.14153,46.406363],[-0.142173,46.405988],[-0.142632,46.40531],[-0.143695,46.405634],[-0.145088,46.40508],[-0.145593,46.405036],[-0.147091,46.403965],[-0.147499,46.40336],[-0.149106,46.403254],[-0.150809,46.402387],[-0.151836,46.401742],[-0.153589,46.399833],[-0.155027,46.398752],[-0.156283,46.399033],[-0.156247,46.398793],[-0.157532,46.397744],[-0.158572,46.397547],[-0.163873,46.395405],[-0.164026,46.394907],[-0.165427,46.394674],[-0.168563,46.393207],[-0.168758,46.392525],[-0.168507,46.392193],[-0.166153,46.39144],[-0.165738,46.39062],[-0.164366,46.389777],[-0.163636,46.389971],[-0.162466,46.389514],[-0.162497,46.389131],[-0.161539,46.388551],[-0.160854,46.386964],[-0.160098,46.386626],[-0.160027,46.386455],[-0.160661,46.386115],[-0.162064,46.385469],[-0.162995,46.385248],[-0.16495,46.386278],[-0.166673,46.386188],[-0.167489,46.386693],[-0.169886,46.386443],[-0.170312,46.386579],[-0.171218,46.386559],[-0.17165,46.3861],[-0.172938,46.385783],[-0.173632,46.385919],[-0.177568,46.385813],[-0.179973,46.386394],[-0.181589,46.386476],[-0.182126,46.38675],[-0.183151,46.386266],[-0.183571,46.386674],[-0.184047,46.386616],[-0.18476,46.387175],[-0.185009,46.387703],[-0.185647,46.387966],[-0.186181,46.387651],[-0.186192,46.386841],[-0.185458,46.386001],[-0.184454,46.38523],[-0.184148,46.384637],[-0.182575,46.383291],[-0.182367,46.382494],[-0.181646,46.38202],[-0.180639,46.380602],[-0.181203,46.380318],[-0.182191,46.380254],[-0.182993,46.379554],[-0.183627,46.379505],[-0.185074,46.379886],[-0.185279,46.380039],[-0.185409,46.380692],[-0.186154,46.381507],[-0.188097,46.382754],[-0.19106,46.382743],[-0.192202,46.383618],[-0.193011,46.383903],[-0.193976,46.38479],[-0.199031,46.382017],[-0.198034,46.380725],[-0.198017,46.380352],[-0.198577,46.380457],[-0.198786,46.380365],[-0.201544,46.378533],[-0.200964,46.377842],[-0.20173,46.37703],[-0.202411,46.375845],[-0.204156,46.374137],[-0.205019,46.374851],[-0.206822,46.375147],[-0.207296,46.374692],[-0.208834,46.373812],[-0.210001,46.372414],[-0.212296,46.371126],[-0.213162,46.370781],[-0.214234,46.370627],[-0.215308,46.370104],[-0.215723,46.369612],[-0.215463,46.36968],[-0.2151,46.36942],[-0.215069,46.368647],[-0.215461,46.368254],[-0.215665,46.36743],[-0.214984,46.36648],[-0.214052,46.366272],[-0.213568,46.365931],[-0.212837,46.365735],[-0.212246,46.365811],[-0.211779,46.36564],[-0.211337,46.365275],[-0.211432,46.364421],[-0.210665,46.363911],[-0.210144,46.363954],[-0.208887,46.363607],[-0.207992,46.363723],[-0.207696,46.363469],[-0.207342,46.363715],[-0.206436,46.363373],[-0.206043,46.362679],[-0.206049,46.362122],[-0.205719,46.361881],[-0.205706,46.361246],[-0.206028,46.360889],[-0.205552,46.360237],[-0.205582,46.359165],[-0.205271,46.358905],[-0.204952,46.358869],[-0.204962,46.358562],[-0.203211,46.357365],[-0.202871,46.356511],[-0.203078,46.356145],[-0.202984,46.355431],[-0.20353,46.354439],[-0.203025,46.35312],[-0.202969,46.352184],[-0.204119,46.350792],[-0.204032,46.349738],[-0.204569,46.349226],[-0.204709,46.348735],[-0.205064,46.348522],[-0.203844,46.348055],[-0.203966,46.346984],[-0.20492,46.34606],[-0.203417,46.345297],[-0.202016,46.345102],[-0.20178,46.344692],[-0.201259,46.344347],[-0.199312,46.343541],[-0.198643,46.342906],[-0.199802,46.342893],[-0.203654,46.343257],[-0.209404,46.343939],[-0.210091,46.343338],[-0.210318,46.342613],[-0.210917,46.342044],[-0.210776,46.341389],[-0.210182,46.340646],[-0.210718,46.338969],[-0.209972,46.337099],[-0.212119,46.337226],[-0.213793,46.337125]]]}},{"type":"Feature","properties":{"uai_primary":"0791002K","uai_all":"0791002K","is_merged":false},"geometry":{"type":"Polygon","coordinates":[[[-0.064633,46.882315],[-0.064922,46.881215],[-0.065747,46.879939],[-0.072279,46.872347],[-0.074877,46.873271],[-0.073334,46.874242],[-0.072455,46.875032],[-0.071829,46.875218],[-0.07043,46.8786],[-0.069126,46.880519],[-0.067995,46.881615],[-0.067019,46.883568],[-0.066496,46.88383],[-0.064633,46.882315]],[[-0.277444,46.976042],[-0.277614,46.975693],[-0.278093,46.975976],[-0.277805,46.976296],[-0.277487,46.976297],[-0.277444,46.976042]],[[-0.211649,46.980805],[-0.211304,46.980917],[-0.211067,46.980627],[-0.211128,46.980404],[-0.210729,46.980123],[-0.21114,46.979808],[-0.211806,46.979757],[-0.2122,46.979971],[-0.212194,46.980238],[-0.211649,46.980805]],[[-0.266495,46.980679],[-0.266723,46.980853],[-0.265552,46.985824],[-0.263953,46.986578],[-0.267579,46.991155],[-0.269815,46.991896],[-0.272066,46.993336],[-0.272871,46.993671],[-0.282168,46.997083],[-0.280618,47.001601],[-0.272105,47.002659],[-0.268531,47.002973],[-0.267694,47.00338],[-0.265147,47.006099],[-0.263946,47.006779],[-0.263183,47.007795],[-0.25982,47.008424],[-0.254697,47.010107],[-0.256108,47.01075],[-0.256061,47.010973],[-0.256367,47.011266],[-0.25745,47.011515],[-0.258041,47.011886],[-0.258675,47.012662],[-0.258827,47.013234],[-0.257862,47.014708],[-0.256055,47.018898],[-0.254561,47.021342],[-0.254101,47.021637],[-0.252377,47.022146],[-0.246922,47.024428],[-0.245833,47.024719],[-0.242432,47.026195],[-0.240414,47.027285],[-0.238712,47.02852],[-0.235685,47.030076],[-0.235683,47.030641],[-0.234935,47.032369],[-0.235233,47.033201],[-0.235959,47.033887],[-0.234027,47.03428],[-0.227867,47.031764],[-0.22738,47.031672],[-0.226047,47.031784],[-0.221431,47.031029],[-0.21971,47.030461],[-0.21856,47.029757],[-0.217375,47.028759],[-0.216639,47.029808],[-0.216605,47.032028],[-0.213686,47.036334],[-0.213908,47.036525],[-0.214119,47.037932],[-0.214023,47.038654],[-0.214587,47.039452],[-0.214758,47.040258],[-0.214658,47.040936],[-0.214114,47.041982],[-0.213326,47.042398],[-0.213115,47.042683],[-0.2133,47.043],[-0.211399,47.046876],[-0.209868,47.048644],[-0.207559,47.050289],[-0.205342,47.0528],[-0.200539,47.056613],[-0.199535,47.058954],[-0.199658,47.060249],[-0.19919,47.061022],[-0.199305,47.061312],[-0.197908,47.06115],[-0.197147,47.061397],[-0.195658,47.060769],[-0.194388,47.060501],[-0.191845,47.062354],[-0.190522,47.062801],[-0.188498,47.064729],[-0.187496,47.064196],[-0.18083,47.06178],[-0.180949,47.062153],[-0.180796,47.062513],[-0.179665,47.064107],[-0.178196,47.065009],[-0.177092,47.06539],[-0.174575,47.067643],[-0.17295,47.066831],[-0.168648,47.065788],[-0.166812,47.065154],[-0.16601,47.064699],[-0.164965,47.065661],[-0.164341,47.065493],[-0.163279,47.066316],[-0.162756,47.066343],[-0.160962,47.067824],[-0.160494,47.06791],[-0.157338,47.070237],[-0.156098,47.06944],[-0.155926,47.069481],[-0.154546,47.070991],[-0.154017,47.070367],[-0.152555,47.069643],[-0.150906,47.069884],[-0.14959,47.070326],[-0.147417,47.069991],[-0.147259,47.068315],[-0.145429,47.068028],[-0.14482,47.068582],[-0.141023,47.066835],[-0.139404,47.066266],[-0.139202,47.066575],[-0.139032,47.066503],[-0.138536,47.065743],[-0.138114,47.064382],[-0.13674,47.063996],[-0.137174,47.062665],[-0.138418,47.060585],[-0.135381,47.059046],[-0.137203,47.056703],[-0.13559,47.056128],[-0.134549,47.056064],[-0.130867,47.055172],[-0.128788,47.054424],[-0.126687,47.055556],[-0.125521,47.055947],[-0.122764,47.055889],[-0.120283,47.058639],[-0.117718,47.060285],[-0.114545,47.061256],[-0.11112,47.061722],[-0.107795,47.063382],[-0.1021,47.065172],[-0.101276,47.062465],[-0.098804,47.057498],[-0.098395,47.055382],[-0.097651,47.05495],[-0.09703,47.054305],[-0.095096,47.048657],[-0.094336,47.048661],[-0.094239,47.047387],[-0.093481,47.046816],[-0.092969,47.045407],[-0.092934,47.042881],[-0.091758,47.037216],[-0.09098,47.035462],[-0.090287,47.034857],[-0.089847,47.03241],[-0.090067,47.030828],[-0.089349,47.029673],[-0.087695,47.023124],[-0.086939,47.023043],[-0.085532,47.023248],[-0.085684,47.020743],[-0.086153,47.02026],[-0.085623,47.019753],[-0.085327,47.019051],[-0.084723,47.018491],[-0.084637,47.01771],[-0.083711,47.017021],[-0.083549,47.016159],[-0.082589,47.015065],[-0.081941,47.014707],[-0.081385,47.013673],[-0.081249,47.01299],[-0.080755,47.012562],[-0.080623,47.011946],[-0.079993,47.011577],[-0.078578,47.009959],[-0.077295,47.009288],[-0.076671,47.00839],[-0.077199,47.008276],[-0.078922,47.007092],[-0.079335,47.006959],[-0.082638,47.009523],[-0.084827,47.011905],[-0.087443,47.011009],[-0.089555,47.012071],[-0.092188,47.012737],[-0.094048,47.013408],[-0.092627,47.006805],[-0.091725,47.004521],[-0.089061,46.996174],[-0.087778,46.993314],[-0.084859,46.988906],[-0.086483,46.985463],[-0.08331,46.9865],[-0.078561,46.988604],[-0.077511,46.989141],[-0.074796,46.991155],[-0.072867,46.991823],[-0.070704,46.992949],[-0.069971,46.993069],[-0.06849,46.993837],[-0.067384,46.993897],[-0.06597,46.99434],[-0.062203,46.994216],[-0.059984,46.994674],[-0.056752,46.994316],[-0.055229,46.994907],[-0.054614,46.994912],[-0.054291,46.994805],[-0.053859,46.994335],[-0.053423,46.992039],[-0.050578,46.991028],[-0.046829,46.992696],[-0.045279,46.992207],[-0.044573,46.991708],[-0.044347,46.991349],[-0.042626,46.990834],[-0.040289,46.99025],[-0.03838,46.990557],[-0.037662,46.988337],[-0.036936,46.987545],[-0.035787,46.987062],[-0.03483,46.985157],[-0.034463,46.983869],[-0.033833,46.982923],[-0.033841,46.981602],[-0.033544,46.980698],[-0.033874,46.97995],[-0.033654,46.979351],[-0.034166,46.978858],[-0.034253,46.978499],[-0.034157,46.976873],[-0.034441,46.976445],[-0.035413,46.975932],[-0.036097,46.974878],[-0.0372,46.974272],[-0.036916,46.973948],[-0.037839,46.973806],[-0.039169,46.973257],[-0.039819,46.973244],[-0.040423,46.972889],[-0.040362,46.97206],[-0.043257,46.970386],[-0.044756,46.967126],[-0.045587,46.966831],[-0.046202,46.966068],[-0.046351,46.965642],[-0.045697,46.963219],[-0.046304,46.961633],[-0.045473,46.959203],[-0.044404,46.958346],[-0.040746,46.957166],[-0.039735,46.956693],[-0.035489,46.953003],[-0.034998,46.95287],[-0.032494,46.951003],[-0.030803,46.94715],[-0.031407,46.945795],[-0.031119,46.942373],[-0.030557,46.941623],[-0.030131,46.941298],[-0.029316,46.941048],[-0.024129,46.939927],[-0.022215,46.938791],[-0.021492,46.93517],[-0.020615,46.93207],[-0.019624,46.929931],[-0.018345,46.929325],[-0.016899,46.927475],[-0.015492,46.926984],[-0.008972,46.907684],[-0.013821,46.901861],[-0.013321,46.901506],[-0.015164,46.900933],[-0.015705,46.90053],[-0.016102,46.900508],[-0.016414,46.899929],[-0.016596,46.898712],[-0.019506,46.897728],[-0.022444,46.898021],[-0.030476,46.906663],[-0.04166,46.910848],[-0.046306,46.911776],[-0.055848,46.913081],[-0.064966,46.913814],[-0.070739,46.913095],[-0.071018,46.911816],[-0.071903,46.902708],[-0.079143,46.896497],[-0.08169,46.893999],[-0.078851,46.8921],[-0.083777,46.89393],[-0.085828,46.894455],[-0.086454,46.89448],[-0.088892,46.894274],[-0.092451,46.89343],[-0.097396,46.893172],[-0.100089,46.893222],[-0.103936,46.892481],[-0.105564,46.891943],[-0.105795,46.892445],[-0.106672,46.893134],[-0.107329,46.89415],[-0.107968,46.899027],[-0.11097,46.901992],[-0.11298,46.903608],[-0.115293,46.904803],[-0.116824,46.905149],[-0.139907,46.908448],[-0.144529,46.909221],[-0.144894,46.909442],[-0.146162,46.908719],[-0.14699,46.907767],[-0.14772,46.907371],[-0.148551,46.907029],[-0.150641,46.906652],[-0.151987,46.905947],[-0.159459,46.906584],[-0.161525,46.909261],[-0.162199,46.909857],[-0.161759,46.911519],[-0.161971,46.914199],[-0.162529,46.916664],[-0.162094,46.921382],[-0.165447,46.924346],[-0.166486,46.925026],[-0.167199,46.926279],[-0.167994,46.926779],[-0.169122,46.927934],[-0.172267,46.928278],[-0.172735,46.928447],[-0.173103,46.929378],[-0.172567,46.930645],[-0.174197,46.934446],[-0.174246,46.935603],[-0.178218,46.936898],[-0.18796,46.941607],[-0.189303,46.941947],[-0.193732,46.942649],[-0.196435,46.943455],[-0.198912,46.94452],[-0.200785,46.946295],[-0.202119,46.948201],[-0.208471,46.955538],[-0.205565,46.957068],[-0.204409,46.957851],[-0.202706,46.960304],[-0.201965,46.962046],[-0.199769,46.96288],[-0.198711,46.963016],[-0.199075,46.96316],[-0.19922,46.964411],[-0.200358,46.964414],[-0.201259,46.964981],[-0.203108,46.965731],[-0.203749,46.967016],[-0.203849,46.967896],[-0.203605,46.970102],[-0.201798,46.970794],[-0.199704,46.972409],[-0.200013,46.973296],[-0.201148,46.973501],[-0.203372,46.973435],[-0.203349,46.973605],[-0.202581,46.974376],[-0.20129,46.974943],[-0.200317,46.975106],[-0.199493,46.975064],[-0.199123,46.975597],[-0.197923,46.975915],[-0.198881,46.976103],[-0.199066,46.976376],[-0.199894,46.976004],[-0.201214,46.976025],[-0.202083,46.975407],[-0.202504,46.975461],[-0.202908,46.975217],[-0.203034,46.975682],[-0.202817,46.975742],[-0.202948,46.976269],[-0.2028,46.976435],[-0.202942,46.976581],[-0.203378,46.97674],[-0.203606,46.976286],[-0.204424,46.976956],[-0.204593,46.976982],[-0.205045,46.976509],[-0.20605,46.976741],[-0.205889,46.977208],[-0.206011,46.977416],[-0.206969,46.977435],[-0.207017,46.97756],[-0.206869,46.977954],[-0.206564,46.978114],[-0.206255,46.978951],[-0.207198,46.979825],[-0.206458,46.981259],[-0.206055,46.981295],[-0.20562,46.981984],[-0.205231,46.982082],[-0.20467,46.9819],[-0.204215,46.982194],[-0.204116,46.982883],[-0.203411,46.982906],[-0.203036,46.984174],[-0.202671,46.983526],[-0.20215,46.983941],[-0.201593,46.98485],[-0.204486,46.985757],[-0.207254,46.985039],[-0.208339,46.985306],[-0.209355,46.985165],[-0.211289,46.985475],[-0.211171,46.985691],[-0.210643,46.985675],[-0.210085,46.985995],[-0.209584,46.986889],[-0.209669,46.987348],[-0.209952,46.987468],[-0.210081,46.9879],[-0.208931,46.988695],[-0.209259,46.989512],[-0.208877,46.990024],[-0.20914,46.990126],[-0.209171,46.990383],[-0.208774,46.990709],[-0.208556,46.991452],[-0.208655,46.991879],[-0.209003,46.992125],[-0.207776,46.992305],[-0.207875,46.993782],[-0.206573,46.993784],[-0.206223,46.994861],[-0.206735,46.995358],[-0.20566,46.995596],[-0.205431,46.995945],[-0.206291,46.996296],[-0.206304,46.996559],[-0.205979,46.996989],[-0.205132,46.997563],[-0.20443,46.99772],[-0.203902,46.998812],[-0.20468,46.999526],[-0.204144,47.000361],[-0.204716,47.002037],[-0.205047,47.002184],[-0.208204,46.993779],[-0.216604,46.996208],[-0.217632,46.996135],[-0.21872,46.996289],[-0.220183,46.996071],[-0.221492,46.995512],[-0.225461,46.992781],[-0.227829,46.994795],[-0.227732,46.99348],[-0.226782,46.99277],[-0.225695,46.990628],[-0.226261,46.99004],[-0.22801,46.989705],[-0.228452,46.988356],[-0.228795,46.988102],[-0.230202,46.987627],[-0.230842,46.987634],[-0.230999,46.98704],[-0.231907,46.986801],[-0.233571,46.985686],[-0.23446,46.986194],[-0.235127,46.986811],[-0.236314,46.98695],[-0.238787,46.985854],[-0.24152,46.985381],[-0.243102,46.98483],[-0.245186,46.980815],[-0.246151,46.977035],[-0.246747,46.976333],[-0.247671,46.97466],[-0.247779,46.973962],[-0.249906,46.974165],[-0.2547,46.979808],[-0.256579,46.981589],[-0.26355,46.979984],[-0.265408,46.980012],[-0.266495,46.980679]],[[-0.116566,46.925784],[-0.11688,46.926627],[-0.117181,46.926909],[-0.118683,46.9265],[-0.117567,46.925647],[-0.117407,46.92529],[-0.117124,46.925203],[-0.117206,46.924063],[-0.114934,46.914722],[-0.105969,46.918384],[-0.113931,46.924298],[-0.116266,46.925312],[-0.11712,46.925204],[-0.116566,46.925784]],[[-0.089965,46.939189],[-0.096071,46.934858],[-0.097355,46.934395],[-0.097468,46.934546],[-0.097279,46.934735],[-0.097667,46.934647],[-0.097795,46.934794],[-0.096445,46.936875],[-0.092453,46.941601],[-0.093687,46.942144],[-0.106774,46.945963],[-0.116403,46.946635],[-0.114176,46.942157],[-0.098997,46.934685],[-0.098058,46.935155],[-0.098253,46.934438],[-0.097516,46.93452],[-0.0976,46.934376],[-0.096877,46.933949],[-0.09692,46.933348],[-0.096387,46.933044],[-0.079081,46.930922],[-0.083102,46.935374],[-0.086466,46.93833],[-0.089163,46.939741],[-0.089965,46.939189]],[[-0.244295,46.992518],[-0.244305,46.992906],[-0.24478,46.993606],[-0.246755,46.993501],[-0.24696,46.992218],[-0.244973,46.991749],[-0.24449,46.992075],[-0.244295,46.992518]],[[-0.270151,47.012379],[-0.269902,47.012182],[-0.270584,47.011837],[-0.270855,47.010897],[-0.27245,47.011074],[-0.27319,47.011429],[-0.27105,47.012165],[-0.270406,47.012179],[-0.270151,47.012379]]]}},{"type":"Feature","properties":{"uai_primary":"0791042D","uai_all":"0791042D","is_merged":false},"geometry":{"type":"Polygon","coordinates":[[[-0.245331,46.644226],[-0.244129,46.644079],[-0.242863,46.644356],[-0.242192,46.644071],[-0.242275,46.643785],[-0.242829,46.644133],[-0.243873,46.643317],[-0.245663,46.64367],[-0.246084,46.644363],[-0.245876,46.644552],[-0.245331,46.644226]],[[-0.25533,46.64613],[-0.25523,46.646522],[-0.254836,46.646558],[-0.254738,46.646152],[-0.255033,46.646006],[-0.25533,46.64613]],[[-0.271847,46.649307],[-0.271915,46.650671],[-0.272595,46.651201],[-0.27283,46.651952],[-0.274352,46.654199],[-0.278228,46.657174],[-0.278404,46.658118],[-0.279067,46.658984],[-0.280442,46.660241],[-0.283575,46.661584],[-0.283682,46.662526],[-0.2833,46.663661],[-0.284309,46.665193],[-0.284248,46.665341],[-0.286331,46.666265],[-0.28685,46.667228],[-0.285227,46.668531],[-0.284202,46.66896],[-0.28381,46.668968],[-0.283144,46.668713],[-0.28232,46.669272],[-0.281832,46.670003],[-0.281244,46.670018],[-0.281086,46.669436],[-0.280116,46.669683],[-0.280126,46.669863],[-0.281421,46.670959],[-0.2815,46.672461],[-0.28065,46.673497],[-0.280709,46.673797],[-0.281601,46.674559],[-0.284139,46.676128],[-0.283415,46.678384],[-0.281558,46.681087],[-0.282701,46.68189],[-0.286626,46.68359],[-0.290021,46.686123],[-0.295486,46.692317],[-0.295627,46.692182],[-0.296407,46.692157],[-0.296811,46.692401],[-0.297802,46.692487],[-0.297934,46.692741],[-0.298315,46.692714],[-0.298461,46.692913],[-0.299052,46.692937],[-0.299745,46.693335],[-0.300095,46.693182],[-0.300117,46.692931],[-0.300752,46.693237],[-0.301144,46.692647],[-0.302245,46.692531],[-0.304482,46.691095],[-0.305235,46.690982],[-0.305632,46.69073],[-0.305997,46.690782],[-0.306087,46.690323],[-0.306674,46.690163],[-0.306748,46.689886],[-0.310977,46.688815],[-0.31119,46.688458],[-0.313804,46.686144],[-0.317237,46.6841],[-0.31764,46.683406],[-0.31822,46.683004],[-0.319111,46.681995],[-0.319499,46.681277],[-0.32083,46.680066],[-0.32314,46.678875],[-0.324214,46.678656],[-0.324397,46.678818],[-0.3247,46.678805],[-0.327775,46.678074],[-0.328212,46.677804],[-0.32936,46.677546],[-0.331094,46.677454],[-0.332348,46.677182],[-0.333373,46.676801],[-0.334764,46.676024],[-0.336147,46.676216],[-0.336663,46.676069],[-0.339536,46.674652],[-0.341013,46.674122],[-0.34334,46.673572],[-0.343707,46.673069],[-0.343806,46.672391],[-0.344057,46.672205],[-0.344966,46.672049],[-0.346431,46.672599],[-0.346757,46.672592],[-0.348197,46.67125],[-0.34968,46.67204],[-0.350167,46.671983],[-0.351268,46.671096],[-0.352891,46.670194],[-0.353853,46.669079],[-0.354412,46.667112],[-0.355221,46.666586],[-0.355881,46.666705],[-0.355973,46.667243],[-0.356655,46.667813],[-0.356345,46.668505],[-0.35644,46.668721],[-0.357752,46.668662],[-0.359775,46.669134],[-0.359944,46.669598],[-0.360589,46.670235],[-0.360761,46.670771],[-0.360649,46.671259],[-0.361389,46.670892],[-0.363037,46.671243],[-0.363515,46.671826],[-0.363274,46.672545],[-0.363351,46.673664],[-0.363786,46.674078],[-0.365112,46.674814],[-0.365976,46.675109],[-0.367605,46.67498],[-0.368398,46.675141],[-0.369586,46.675104],[-0.370584,46.674751],[-0.371216,46.674175],[-0.371282,46.673764],[-0.372527,46.67319],[-0.372741,46.67335],[-0.375787,46.67123],[-0.37679,46.670953],[-0.376901,46.671412],[-0.37713,46.671574],[-0.378312,46.671677],[-0.379042,46.671921],[-0.379499,46.672262],[-0.381283,46.672585],[-0.381779,46.673338],[-0.38203,46.674457],[-0.38238,46.674899],[-0.382849,46.675113],[-0.38548,46.675411],[-0.386181,46.676388],[-0.386561,46.67658],[-0.388501,46.675945],[-0.389712,46.675182],[-0.390191,46.673248],[-0.39247,46.674205],[-0.394268,46.674087],[-0.394517,46.674385],[-0.394071,46.67462],[-0.39402,46.674891],[-0.394378,46.675514],[-0.394262,46.675785],[-0.393693,46.676204],[-0.39114,46.677436],[-0.393154,46.678468],[-0.394459,46.679697],[-0.395406,46.680305],[-0.395669,46.680343],[-0.396427,46.67983],[-0.397295,46.680169],[-0.397201,46.680892],[-0.396906,46.681529],[-0.396589,46.681716],[-0.396791,46.681847],[-0.396685,46.682145],[-0.395758,46.682143],[-0.395326,46.683908],[-0.39646,46.684375],[-0.397883,46.685332],[-0.398813,46.685624],[-0.399532,46.685607],[-0.401712,46.685072],[-0.402614,46.685486],[-0.403716,46.685445],[-0.404778,46.686425],[-0.405379,46.687242],[-0.405407,46.687456],[-0.405052,46.687518],[-0.405094,46.687669],[-0.403178,46.688812],[-0.39873,46.689362],[-0.397435,46.690195],[-0.395442,46.690458],[-0.392367,46.691182],[-0.385282,46.693747],[-0.382769,46.694873],[-0.381944,46.695609],[-0.379437,46.69723],[-0.377991,46.697936],[-0.377872,46.698412],[-0.377319,46.698685],[-0.379508,46.700275],[-0.380707,46.701745],[-0.380381,46.702633],[-0.375049,46.705454],[-0.374221,46.705205],[-0.369689,46.707473],[-0.370148,46.709405],[-0.371005,46.710084],[-0.372026,46.711385],[-0.371829,46.712563],[-0.372642,46.714831],[-0.372797,46.717241],[-0.373409,46.719043],[-0.373833,46.719663],[-0.374372,46.719966],[-0.376095,46.720374],[-0.375323,46.722624],[-0.378048,46.722758],[-0.376604,46.724008],[-0.374082,46.727219],[-0.374111,46.727803],[-0.374443,46.727885],[-0.37481,46.728686],[-0.373728,46.730603],[-0.374875,46.731877],[-0.37122,46.733857],[-0.369277,46.736143],[-0.366588,46.738678],[-0.366078,46.739475],[-0.366077,46.740419],[-0.367078,46.741879],[-0.366948,46.743321],[-0.367451,46.743987],[-0.368353,46.744368],[-0.369692,46.746235],[-0.369842,46.74679],[-0.370593,46.747613],[-0.371907,46.74851],[-0.372118,46.748851],[-0.372702,46.748869],[-0.373806,46.74949],[-0.374029,46.749855],[-0.375789,46.750101],[-0.376488,46.750562],[-0.377268,46.751647],[-0.377484,46.752696],[-0.379239,46.75429],[-0.379707,46.754891],[-0.379542,46.755068],[-0.378482,46.755945],[-0.377857,46.756836],[-0.376905,46.756821],[-0.374546,46.757508],[-0.373344,46.757482],[-0.371207,46.757822],[-0.369962,46.757695],[-0.368442,46.75838],[-0.366351,46.758896],[-0.363904,46.759891],[-0.363602,46.759826],[-0.361658,46.760574],[-0.360826,46.76056],[-0.360392,46.760236],[-0.358838,46.760161],[-0.35773,46.760282],[-0.357325,46.760022],[-0.355782,46.760599],[-0.35455,46.760853],[-0.350956,46.761027],[-0.349672,46.761552],[-0.346367,46.76226],[-0.343148,46.762066],[-0.342862,46.761578],[-0.342458,46.761361],[-0.341964,46.761963],[-0.340492,46.762834],[-0.33867,46.765908],[-0.336652,46.767839],[-0.335627,46.768568],[-0.333844,46.769441],[-0.332157,46.76967],[-0.33151,46.769938],[-0.330249,46.771199],[-0.330376,46.7714],[-0.328389,46.773987],[-0.327213,46.774463],[-0.325525,46.775696],[-0.323783,46.777486],[-0.323629,46.777545],[-0.322241,46.776904],[-0.319925,46.780726],[-0.316201,46.783803],[-0.313575,46.785368],[-0.313652,46.782962],[-0.308884,46.781947],[-0.305721,46.780219],[-0.299794,46.779591],[-0.29954,46.774393],[-0.291572,46.775321],[-0.291872,46.772209],[-0.289693,46.771489],[-0.285978,46.771153],[-0.285204,46.770787],[-0.284636,46.771215],[-0.283813,46.771209],[-0.28309,46.770724],[-0.282333,46.770604],[-0.281764,46.770138],[-0.280199,46.769652],[-0.279429,46.769662],[-0.277936,46.770084],[-0.276527,46.770234],[-0.27582,46.770038],[-0.27553,46.769719],[-0.274628,46.769701],[-0.274036,46.769403],[-0.272791,46.769568],[-0.264681,46.768952],[-0.264169,46.76837],[-0.26317,46.76814],[-0.259725,46.768601],[-0.260214,46.768058],[-0.261284,46.767552],[-0.261873,46.766892],[-0.263033,46.766254],[-0.26476,46.764837],[-0.267214,46.76329],[-0.270928,46.75982],[-0.267418,46.75765],[-0.269326,46.755131],[-0.269152,46.754412],[-0.267845,46.752285],[-0.266165,46.750804],[-0.265013,46.749227],[-0.262767,46.748649],[-0.260004,46.746906],[-0.259215,46.746171],[-0.259302,46.745477],[-0.259095,46.7448],[-0.258707,46.74478],[-0.258404,46.744485],[-0.257682,46.744351],[-0.255831,46.744599],[-0.254961,46.744144],[-0.253667,46.74381],[-0.253473,46.743854],[-0.253185,46.74444],[-0.25204,46.745031],[-0.251659,46.745826],[-0.250699,46.745885],[-0.250158,46.746471],[-0.249591,46.746782],[-0.248185,46.746556],[-0.246962,46.746576],[-0.24511,46.746824],[-0.24441,46.747165],[-0.242617,46.747365],[-0.241467,46.748197],[-0.240194,46.74882],[-0.239839,46.749355],[-0.239443,46.749547],[-0.239007,46.749485],[-0.238268,46.74857],[-0.235642,46.748929],[-0.235662,46.747401],[-0.235283,46.745887],[-0.233597,46.746038],[-0.233198,46.745912],[-0.233187,46.745687],[-0.23232,46.745346],[-0.232195,46.745484],[-0.2318,46.745448],[-0.231395,46.745187],[-0.229603,46.744687],[-0.229163,46.745058],[-0.228635,46.744979],[-0.227766,46.744593],[-0.226816,46.743894],[-0.225578,46.742617],[-0.223339,46.741738],[-0.223573,46.741],[-0.223418,46.740459],[-0.222078,46.73942],[-0.221296,46.73786],[-0.220764,46.737296],[-0.219009,46.735949],[-0.218468,46.734584],[-0.218559,46.734171],[-0.219047,46.73384],[-0.219088,46.733565],[-0.218478,46.732445],[-0.218309,46.731436],[-0.217847,46.730776],[-0.218076,46.730431],[-0.21965,46.729811],[-0.219709,46.729314],[-0.218806,46.727892],[-0.219216,46.726948],[-0.220397,46.726564],[-0.220631,46.726038],[-0.219818,46.725054],[-0.218655,46.724763],[-0.218395,46.724218],[-0.218624,46.723773],[-0.219309,46.723334],[-0.220622,46.722865],[-0.223305,46.720391],[-0.224284,46.72008],[-0.226388,46.718595],[-0.22701,46.718351],[-0.227593,46.718372],[-0.228316,46.718051],[-0.22957,46.718032],[-0.229891,46.717436],[-0.230017,46.71649],[-0.2305,46.71624],[-0.230777,46.714614],[-0.229941,46.713263],[-0.229974,46.711933],[-0.229577,46.711669],[-0.229469,46.710959],[-0.23045,46.710292],[-0.230826,46.710177],[-0.23099,46.710357],[-0.231579,46.710269],[-0.233432,46.709527],[-0.234466,46.708627],[-0.234539,46.708339],[-0.23373,46.707186],[-0.232635,46.706412],[-0.232631,46.70626],[-0.232119,46.706084],[-0.230579,46.70491],[-0.228056,46.704026],[-0.227717,46.70243],[-0.226707,46.701591],[-0.225063,46.699444],[-0.224458,46.699887],[-0.223165,46.70009],[-0.222827,46.698392],[-0.22166,46.695755],[-0.22109,46.695376],[-0.219317,46.694857],[-0.219545,46.692601],[-0.21927,46.692599],[-0.217305,46.690815],[-0.218224,46.689583],[-0.218856,46.687724],[-0.218053,46.687323],[-0.217178,46.687168],[-0.214299,46.686133],[-0.213152,46.685936],[-0.213648,46.685236],[-0.219251,46.681711],[-0.216728,46.680294],[-0.218916,46.676561],[-0.219553,46.676187],[-0.220008,46.676132],[-0.221651,46.67632],[-0.222658,46.675895],[-0.22294,46.675264],[-0.22391,46.674705],[-0.223926,46.674434],[-0.223186,46.673173],[-0.224242,46.672413],[-0.222429,46.670631],[-0.22242,46.670452],[-0.223965,46.669921],[-0.224213,46.669646],[-0.223823,46.6689],[-0.224885,46.668104],[-0.22314,46.666295],[-0.223005,46.665643],[-0.221206,46.66391],[-0.221447,46.663764],[-0.221316,46.663552],[-0.219208,46.661645],[-0.218934,46.661003],[-0.218968,46.66003],[-0.217751,46.658821],[-0.218043,46.658712],[-0.218141,46.658223],[-0.217632,46.656879],[-0.217321,46.656688],[-0.216123,46.656453],[-0.214627,46.654927],[-0.214536,46.654618],[-0.216201,46.654206],[-0.217188,46.654878],[-0.218663,46.655386],[-0.221977,46.655217],[-0.224258,46.65554],[-0.226079,46.655374],[-0.227335,46.655832],[-0.229582,46.656185],[-0.230756,46.656757],[-0.232493,46.65724],[-0.233198,46.657824],[-0.234297,46.658062],[-0.236743,46.658039],[-0.238768,46.657336],[-0.242872,46.657097],[-0.241955,46.655139],[-0.241694,46.654105],[-0.243059,46.652441],[-0.243108,46.652022],[-0.242192,46.6514],[-0.242346,46.650843],[-0.242182,46.650343],[-0.241645,46.650298],[-0.240481,46.649575],[-0.240512,46.649279],[-0.239951,46.648646],[-0.238851,46.648006],[-0.23847,46.646949],[-0.23862,46.646481],[-0.238397,46.645854],[-0.238508,46.645541],[-0.23992,46.645536],[-0.24001,46.64576],[-0.239449,46.645851],[-0.239292,46.646022],[-0.239822,46.646045],[-0.240876,46.646441],[-0.242014,46.645953],[-0.242506,46.646697],[-0.243746,46.647207],[-0.244046,46.64763],[-0.246334,46.648126],[-0.245192,46.647371],[-0.244982,46.647409],[-0.244015,46.646997],[-0.243866,46.646778],[-0.24268,46.646243],[-0.242638,46.646054],[-0.242362,46.64613],[-0.242125,46.645833],[-0.24043,46.645675],[-0.24113,46.644869],[-0.24191,46.644596],[-0.242646,46.644781],[-0.242096,46.645554],[-0.242331,46.645758],[-0.242451,46.645505],[-0.243095,46.645167],[-0.242992,46.644553],[-0.244084,46.644539],[-0.24446,46.644189],[-0.245488,46.645007],[-0.24731,46.64552],[-0.247752,46.645364],[-0.24783,46.644408],[-0.247061,46.644953],[-0.246475,46.644611],[-0.246255,46.644679],[-0.246142,46.644378],[-0.247021,46.644362],[-0.248398,46.643958],[-0.249569,46.644327],[-0.249694,46.644432],[-0.249356,46.644647],[-0.248995,46.644622],[-0.248714,46.644902],[-0.248784,46.645134],[-0.248232,46.645018],[-0.248504,46.645474],[-0.249129,46.645134],[-0.249507,46.645356],[-0.248943,46.645561],[-0.248818,46.645835],[-0.248328,46.645868],[-0.248535,46.646113],[-0.248417,46.646617],[-0.248778,46.646574],[-0.248981,46.646765],[-0.249194,46.646609],[-0.249058,46.646209],[-0.249268,46.645821],[-0.249926,46.645559],[-0.249471,46.64624],[-0.249693,46.646428],[-0.249958,46.646414],[-0.249869,46.646775],[-0.249392,46.646704],[-0.249284,46.647025],[-0.249453,46.647073],[-0.249227,46.647203],[-0.249434,46.647864],[-0.24969,46.647698],[-0.249578,46.647207],[-0.249918,46.647565],[-0.250593,46.64763],[-0.250656,46.647409],[-0.251264,46.647136],[-0.251257,46.646874],[-0.25199,46.646446],[-0.252025,46.646211],[-0.252521,46.646201],[-0.253044,46.646549],[-0.252533,46.646868],[-0.2526,46.646982],[-0.253042,46.64729],[-0.253523,46.647195],[-0.253428,46.647422],[-0.253925,46.647601],[-0.25352,46.648038],[-0.253853,46.647963],[-0.254123,46.648175],[-0.25435,46.647903],[-0.254292,46.647607],[-0.255002,46.647111],[-0.256436,46.647092],[-0.256992,46.646732],[-0.257571,46.646613],[-0.259069,46.646727],[-0.258875,46.646953],[-0.259016,46.64727],[-0.261172,46.648028],[-0.261579,46.648527],[-0.262597,46.6489],[-0.264245,46.648564],[-0.266684,46.649212],[-0.267352,46.649124],[-0.268363,46.648558],[-0.269662,46.648553],[-0.270455,46.648638],[-0.270949,46.649036],[-0.271345,46.649043],[-0.271847,46.649307]],[[-0.263166,46.650848],[-0.263933,46.650155],[-0.262713,46.650098],[-0.261587,46.650499],[-0.26034,46.650335],[-0.259944,46.650646],[-0.260848,46.65099],[-0.261018,46.65078],[-0.261545,46.650636],[-0.261551,46.650972],[-0.262432,46.651005],[-0.263166,46.650848]],[[-0.254249,46.648209],[-0.254633,46.648446],[-0.255195,46.64847],[-0.255352,46.648691],[-0.255568,46.648673],[-0.255859,46.649183],[-0.256055,46.649207],[-0.255939,46.64877],[-0.255625,46.648659],[-0.255189,46.648098],[-0.254249,46.648209]],[[-0.248202,46.647903],[-0.248376,46.647387],[-0.248825,46.647016],[-0.248395,46.6467],[-0.247771,46.64783],[-0.247195,46.648217],[-0.247532,46.648536],[-0.247284,46.648694],[-0.247284,46.64917],[-0.247011,46.649321],[-0.247506,46.649712],[-0.247013,46.650067],[-0.247596,46.650687],[-0.247486,46.651311],[-0.248093,46.651409],[-0.24845,46.650873],[-0.248239,46.650454],[-0.247843,46.650204],[-0.247827,46.648918],[-0.248001,46.64853],[-0.247633,46.648245],[-0.248202,46.647903]],[[-0.259382,46.650219],[-0.258947,46.650062],[-0.258564,46.649478],[-0.257745,46.649607],[-0.256909,46.64928],[-0.256046,46.649452],[-0.255575,46.649871],[-0.256483,46.65007],[-0.256554,46.650652],[-0.257063,46.650469],[-0.257904,46.650547],[-0.258238,46.650347],[-0.258609,46.650539],[-0.258945,46.650087],[-0.259348,46.650586],[-0.259555,46.650441],[-0.259382,46.650219]]]}}]}